ticker,date,open,high,low,close,volume,log_return,high_low_pct,open_close_pct,gap_pct,sma_10,sma_20,ema_20,dist_sma_20,sma_20_50_cross,rolling_std_20,atr_14,parkinson_vol_20,bb_width_20,rsi_14,macd,macd_hist,momentum_10,vol_ma_ratio_20,obv,skewness_20,kurtosis_20,hurst_proxy_20,autocorr_lag1_20,market_return,rolling_beta_20
AMGN,2015-03-16,113.81753806135585,117.7646761390648,113.1031637873846,117.64200592041016,5201600.0,0.05529439138135981,0.03962455685118047,0.033601744724021755,0.022494110820619653,112.93433074951172,113.2539909362793,112.83679460386321,0.03874490380299017,1.0239411926269497,0.015828043983810863,2.3544678214447123,0.011665185016214984,0.06643075602993485,61.61724360780011,0.26076885920137727,0.07134607761414416,2.4534378051757812,1.6453522026703444,9484000.0,1.7090369948664088,7.446988973037692,0.9999999986584553,-0.09324037660915137,0.01370746771091987,1.664950066668978
AMGN,2015-03-17,117.07922121369265,118.16882972461595,116.71121036818502,117.67093658447266,2620800.0,0.0002458909731042474,0.012387250401330333,0.005053974263289736,-0.004783875473002867,113.2597770690918,113.57257843017578,113.29718907820697,0.036085807075486434,1.2844819641113219,0.015834664262756898,2.3018940889676265,0.011672599305161574,0.07266366928665041,60.531826393698985,0.6130914173883468,0.33893490864089093,3.2544631958007812,0.8460607234516488,12104800.0,1.7559821850196955,7.555799687684851,0.999999998663642,-0.09099296396694274,-0.0035534716726166662,1.663671565535573
AMGN,2015-03-18,117.59875295026217,120.93975311160477,116.77613218826585,120.17485046386719,3690100.0,0.021055713599350084,0.034646358262711514,0.021905823395036925,-0.000613436387146207,113.79015350341797,113.96079864501954,113.95220444826984,0.054527977100301106,1.5373008728027457,0.016295167232057383,2.4240508125531384,0.012383208512176357,0.0882469679294586,64.40796659843505,1.0818832306502202,0.6461813775222114,5.303764343261719,1.1837639465427972,15794900.0,1.574758239681851,6.188447121896316,0.9999999989986921,-0.09595154655724801,0.011200248906518733,1.6509586601047042
AMGN,2015-03-19,120.99024814787012,122.10872644398826,120.48513211402108,122.02935028076172,3756600.0,0.015313822411847916,0.013304949393171853,0.00858831309794195,0.006785094226084318,114.47638778686523,114.43200187683105,114.72145643231669,0.06639181591971166,1.7629413604736328,0.01650490807261052,2.4570373580149782,0.012456276717496162,0.10726788809745202,70.64151767665639,1.5847784175375637,0.9192612515276439,6.862342834472656,1.208144992836227,19551500.0,1.399407231169788,5.42211910303134,0.999999999155508,-0.04813803388525246,-0.004141554123404431,1.5907331519931611
AMGN,2015-03-20,122.96019906058507,124.37453488411566,121.59638034286415,122.74372863769531,9040600.0,0.005837082970232975,0.022633779925749484,-0.001760491805833014,0.00762807289952523,115.574658203125,114.88083724975586,115.48548235663846,0.06844389000095111,2.028587036132805,0.01644726927995838,2.537959769109246,0.012610593672609461,0.12465748504067227,69.62875689098664,2.017711912460669,1.0817557971605996,10.982704162597656,2.706061594734306,28592100.0,1.456384737302799,5.643097826750347,0.9999999992035563,-0.04436078869119893,0.01034180560580032,1.4953701134082347
AMGN,2015-03-23,121.87782111282331,122.10152560107109,119.56871116780775,120.17485046386719,3879900.0,-0.02115090538208089,0.02107607726148058,-0.013972769068292342,-0.00705459687824796,116.40666122436524,115.17380790710449,115.93208884304119,0.04342170019069248,2.181562118530266,0.017356624827235982,2.655477149687282,0.012867170222959388,0.13080702661340496,63.68311018902787,2.1289861990328234,0.954424066986203,8.320030212402344,1.1478484682632428,24712200.0,1.3151586058391256,4.6054695451347,0.7954033374880288,-0.049612926273164486,-0.00211870203239217,1.5333654570504918
AMGN,2015-03-24,119.82847862241069,121.40877890297934,119.35222163169334,119.79239654541016,2555600.0,-0.003187553693684435,0.017167677837603066,-0.00030111437126917535,-0.002882232348278606,117.30360717773438,115.48553848266602,116.29973719564775,0.03729348383642499,2.3330961608886724,0.01727668055110055,2.651353668937309,0.012841121288173319,0.1344526033612878,61.73430480384552,2.1613958124072212,0.7894669442884807,8.969459533691406,0.7505642595021006,22156600.0,1.307057272172554,4.686999931042553,0.7649430393806549,-0.017972493136310025,-0.005284830916773228,1.5342782204006613
AMGN,2015-03-25,119.7852062701066,120.35526355162116,115.86693643448235,115.90300750732422,4010100.0,-0.033006516599485454,0.038724854632052406,-0.03240966796874996,-6.0022802038455495e-05,117.87511672973633,115.57718200683594,116.26195341580741,0.0028191161510496693,2.349365081787113,0.018980393408190792,2.8369068475374624,0.013572146017914764,0.13387662231978412,51.49817474548469,1.8518920157175387,0.3839705180790385,5.715095520019531,1.1649580073614214,18146500.0,0.9358295609353495,3.3426345846185432,0.4551751331356035,0.01627632880481357,-0.014455694380276864,1.6586977171595008
AMGN,2015-03-26,114.6185490355888,117.39670393068468,113.55058777406533,115.85248565673828,3146500.0,-0.0004359926981362284,0.0331983913406492,0.010765592755552571,-0.01108218414137572,118.3297248840332,115.63418922424316,116.22295648637225,0.0018878191126656524,2.316504440307611,0.01895039535589815,2.8064968669736365,0.013993919245607216,0.1336370362632127,59.646140076208454,1.5842688705068895,0.09307789829471136,4.54608154296875,0.9171851612179193,15000000.0,0.9927385467262261,3.4624476586484394,0.451151352608024,0.026790590689793642,-0.0031420755333365262,1.6538607814039121
AMGN,2015-03-27,116.3648131530939,117.94511349775412,116.1772017600679,117.32453918457031,2438900.0,0.012626227521445672,0.015068558973029597,0.008247562175120375,0.004422240001596598,118.93081512451172,115.80990104675293,116.32786912429589,0.013078658423219964,2.3731937408447266,0.01902132225007749,2.8034036153770066,0.014033712697766742,0.13317833956942102,62.1086375297891,1.4739670424850573,-0.013779143781696757,6.010902404785156,0.7112672975692267,17438900.0,0.8213651695727242,3.123755668820602,0.56839211580552,0.03887217199307129,0.003404726232393271,1.6580949384406272
AMGN,2015-03-30,118.70999875293732,119.65530071093711,117.65647258675402,118.56568145751953,2388100.0,0.01052314693567922,0.016858403710176835,-0.0012157130564726044,0.011808779118130277,119.02318267822265,115.97875671386718,116.54099410841243,0.022305160159929848,2.3516917419433554,0.018980211519065447,2.7977334503793676,0.014083440827909322,0.1345378611548982,66.98321821607237,1.4697593865495406,-0.014389439773770718,0.923675537109375,0.7077571439579394,19827000.0,0.8364931785080764,3.1951261409564076,0.6672420995636139,0.06764201333761943,0.0119416871068143,1.566152873927802
AMGN,2015-03-31,117.85128718755517,118.4069092320813,115.25353226375009,115.34734344482422,3111000.0,-0.027519126958009132,0.027338097906343346,-0.021246638899633203,-0.006025303959648025,118.79082336425782,116.02530021667481,116.4273130928326,-0.005843180501015888,2.3657003021240257,0.01997594097762856,2.9389612865214128,0.01445396478552299,0.13399801071038736,60.16492791205448,1.1929798786181038,-0.2329351581641661,-2.3235931396484375,0.9115188024559147,16716000.0,0.7179564986914307,2.417611082660804,0.41091962371478397,0.03150368970787012,-0.008320976762830654,1.643000356471955
AMGN,2015-04-01,115.00100227501107,115.0154373095425,111.58784882022472,113.36298370361328,5135000.0,-0.0173530383277043,0.030235517603163925,-0.014243515612852392,-0.003002593379871069,118.10963668823243,115.9498950958252,116.13547219862124,-0.022310597090872738,2.2855327606201143,0.02034517145640773,3.100801911502124,0.014806861411003389,0.1353965358632294,53.91812120884418,0.8042381209271525,-0.4973415326840942,-6.811866760253906,1.4609629837217142,11581000.0,0.8138070316834748,2.226012761045986,0.2528765593021819,0.09122378580837542,-0.0038589314473645928,1.6939667824505416
AMGN,2015-04-02,113.37737869963625,114.14227017339003,111.86924279303096,112.48260498046875,3015200.0,-0.0077963283461821705,0.020207812405782666,-0.007891995117808926,0.0001269814497879441,117.15496215820312,115.81567497253418,115.78758008260672,-0.028779092233032134,2.1609998321533226,0.020395160378634286,3.1513134815331747,0.014890072785819587,0.13808838870797616,52.15536753603111,0.42027361922696116,-0.7050448275074284,-9.546745300292969,0.8512656619669002,8565800.0,0.8894954045686194,2.2769894177961802,0.18275935809122207,0.12295130252068005,0.0014181295200167954,1.6819286067752477
AMGN,2015-04-06,111.70327319206513,113.48561954672692,111.5589559226423,112.04963684082031,3185700.0,-0.003856628097462999,0.01719473332003456,0.003100747532792895,-0.006928464970552076,116.08555297851562,115.83010559082031,115.43158548815087,-0.03263804976017914,2.2252159118652344,0.019277667605928157,2.8281437861621015,0.014189498935768485,0.1375562391662576,36.82425133114062,0.08011851850156404,-0.8361599425862605,-10.694091796875,0.9110498793874857,5380100.0,1.0211636186035418,3.024605632422125,0.1482758870945241,0.13617361799996375,0.0076378636706138535,1.5578993549835816
AMGN,2015-04-07,112.29499679284929,115.07315150697309,112.04965629117238,113.49285125732422,2942600.0,0.012797891224978626,0.026640402301158925,0.010667033248904336,0.002189743393613491,115.41735305786133,115.91200714111328,115.24694413283405,-0.020870623703754327,2.3314846801757767,0.019482214328776296,2.9399934511422336,0.01440438531424754,0.13504995205271098,40.77134893377508,-0.07216958153085784,-0.790758434094946,-6.681999206542969,0.8319209299103931,8322700.0,0.9020248719910193,2.6202047551874874,0.26321977768642496,0.1290057105945092,-0.0018398957662466814,1.554469725844404
AMGN,2015-04-08,113.78149315591098,116.1699902273271,113.76706913302955,115.69373321533203,3031200.0,0.019206618226532444,0.020769673754283458,0.01680624859440694,0.002543260614118489,115.00748672485352,116.15554695129394,115.28949547402432,-0.003975821629556424,2.5542252349853527,0.019748092670952754,2.8338161687610883,0.01438321351461278,0.1283533051051568,39.96770392830778,-0.015092243521095838,-0.5869448768681471,-4.098663330078125,0.8628043703808073,11353900.0,0.6799834741093226,2.0588870350029236,0.4385076157886532,0.14437481917755213,0.0027008640073919636,1.8110014902151688
AMGN,2015-04-09,116.34319267793313,116.75450864708743,114.78455003296114,116.53081512451172,2860600.0,0.007209276888935915,0.01690504448991816,0.0016126637258268499,0.005613609696493334,115.07026748657226,116.47269210815429,115.40771639311836,0.0004990269848271013,2.8217701721191304,0.01968205467810226,2.8363934997614613,0.014473214110588425,0.1185672039532527,37.1023530961339,0.09657422480881905,-0.38022272683058583,0.6278076171875,0.8099392106730995,14214500.0,0.581946229683939,2.028990511343485,0.4567861124553528,0.16108660366521332,0.004593309717286935,1.7979361513763654
AMGN,2015-04-10,116.60295689558372,118.11831630345615,115.679312821871,117.89462280273438,2407200.0,0.01163545284759154,0.020687995971336123,0.011077471288376736,0.000619078919124654,115.27448120117188,116.80210304260254,115.6445646226056,0.00935359665342112,3.0132929229736334,0.019714842279578985,2.812168424071008,0.014656105534914608,0.11100609812374462,38.961979925378365,0.2917554125060349,-0.14803323130669604,2.0421371459960938,0.676605504587156,16621700.0,0.5681712764878111,1.9823605802156847,0.5757596788373378,0.16906074665519524,0.005040852146038439,1.9084132805154599
AMGN,2015-04-13,117.49048592993312,118.86151649202701,117.14411127388058,117.25235748291016,1767700.0,-0.005462684795633014,0.014647084758161398,-0.0020267891918071524,-0.0034279500047892488,115.26726303100585,117.09903907775879,115.79768775215841,0.001309305408130268,3.2100212860107433,0.019797319540855847,2.708053263232355,0.014663731030822321,0.10155853404910613,42.70793475657835,0.39011545812323334,-0.039738548551598085,-0.07218170166015625,0.5037258673505735,14854000.0,0.6030708361608017,1.9332416614354526,0.4865042058779715,0.2354560492419853,-0.005663403784227824,1.9283624433240114
AMGN,2015-04-14,117.25958726277403,117.95953767990656,115.859686428509,117.31010437011719,2099400.0,0.0004923796238963829,0.0179000032663211,0.00043081430288465243,6.165999574832382e-05,115.14170532226562,117.08244400024414,115.94172743005925,0.0019444449747954954,3.033059692382807,0.015166030259824924,2.7111456903831814,0.013835706009842855,0.1014955549939896,43.70428793180114,0.4673390010122205,0.02998799546991121,-1.2555770874023438,0.6259130507372977,16953400.0,-0.6812391407434255,-0.22761879187671474,0.4919040928669636,0.3012350305363935,0.001978849723558386,1.4853789240905404
AMGN,2015-04-15,117.70695936803423,119.72022219456667,117.51934801585105,119.40271759033203,3659300.0,0.01768106787532315,0.018432362538571116,0.014406609697525802,0.003382956651926212,115.5472427368164,117.16903305053711,116.27134554056141,0.019063778898230674,2.9208763122558565,0.015684273165494884,2.5627021694768013,0.013959123223150129,0.10288789171393949,59.76624741426957,0.6894480849336873,0.20167766351310235,4.0553741455078125,1.0743482581806278,20612700.0,-0.7165786635107133,-0.3497070029424781,0.6875834696672962,0.3068020551829795,0.004922387776291592,1.5656931773503122
AMGN,2015-04-16,120.07380457436486,120.96858932627984,119.11408970884571,120.41295623779297,3085600.0,0.008425175946103538,0.015401163424406264,0.00282452667032855,0.0056203660819120526,116.25223999023437,117.18093833923339,116.66578465458346,0.027581430430289215,2.7099277496337777,0.015054734627835194,2.420443845249286,0.013305162997535284,0.10331918669048835,62.079378949163754,0.93619705321737,0.358741305437428,7.0499725341796875,0.9140243613441396,23698300.0,-0.8068879552929875,-0.2067671308588425,0.7820504581413878,0.2748601842771348,0.0007094427981435637,1.5121831376836117
AMGN,2015-04-17,119.06356155878444,119.4243602301747,116.6967231553205,118.03889465332031,4249700.0,-0.019912951173185586,0.023107951687155816,-0.008606049508759473,-0.011206391082565277,116.80786895751953,116.98141555786133,116.79655703541553,0.009039718748624111,2.3238357543945227,0.015234399962054947,2.536415648210474,0.013543380347941244,0.09623438613378034,51.805834245585125,0.9294661520775094,0.28160832343805386,5.5562896728515625,1.2497298187469765,19448600.0,-0.5815254008893653,-0.6632556427847309,0.5600529638851273,0.20537219948632945,-0.01384943048114744,1.5811573211503873
AMGN,2015-04-20,118.80379344042703,119.82124839939503,117.66366824686534,119.76351928710938,2760900.0,0.014504939984069444,0.0180153369354262,0.008078242444030973,0.006480057182450078,117.57925720214844,116.83240509033203,117.07912486891018,0.025088195304300002,1.981182708740235,0.015580288793793761,2.5240455500792516,0.013422909566724138,0.0876716875289308,52.95578790574944,1.0511773410356966,0.3226556099169928,7.7138824462890625,0.8945054446607981,22209500.0,-0.5783607832685936,-0.7565287957324435,0.922346985798229,0.1678031751034725,0.009057529997224121,1.7006096888832742
AMGN,2015-04-21,120.57169924267907,121.86336467238979,120.55727522330373,121.56029510498047,3794800.0,0.014891269849866618,0.01074437543902069,0.008199236375624199,0.006748131320625667,118.38600158691406,116.9016773223877,117.50590298663116,0.03985073515878976,1.7927391815185558,0.015242940422364945,2.4374524209014643,0.013203959996802198,0.09143458174048612,66.48783371734703,1.277888425080576,0.4394933551694977,8.06744384765625,1.2311765249792765,26004300.0,-0.81481226550806,-0.2581563389087578,0.999999998948548,0.203276791728197,0.00039097678856176555,1.6736573104789103
AMGN,2015-04-22,124.86518634132467,125.26929006017079,120.51395569853428,122.02210235595703,5352200.0,0.003791799482248515,0.038971090235476194,-0.022769228707158952,0.027187259075753912,119.01883850097656,117.01316261291504,117.93601721228124,0.04280663500748028,1.6173180389404251,0.015229659253681872,2.5085838306898225,0.014003220330305884,0.09709618902079617,74.99966959857548,1.4777875630844477,0.5115139945386955,6.328369140625,1.6610983260838867,31356500.0,-0.8919046668738599,-0.15018431242608915,0.9999999989972389,0.20679047695820607,0.005594366575301958,1.6668358841876076
AMGN,2015-04-23,121.18507768359208,122.34685002013921,120.20370470979634,122.07263946533203,3668100.0,0.00041407782666699083,0.01755631171513675,0.007324018754663216,-0.006859615235305642,119.5730209350586,117.32164421081544,118.32998123638131,0.04049547111681733,1.6862300872802791,0.013040214505676422,2.49930653997438,0.013254210048117079,0.10369389582856371,79.08075941249224,1.6215942632588707,0.5242565557704948,5.5418243408203125,1.1444983361856609,35024600.0,-0.8518278121371803,0.01848656908839911,0.9999999990022949,0.2055620955579357,0.00027255265605924167,1.4745149752987587
AMGN,2015-04-24,121.3365597578774,122.13032104933139,119.82842431481383,121.16338348388672,2548300.0,-0.007476361484039934,0.01899828700990081,-0.0014272390311398631,-0.006029850019452378,119.89989700317383,117.58718910217286,118.59982906947707,0.03041312926195102,1.7381832122802763,0.013221357469088525,2.526108905005304,0.012735518366931703,0.10670260938194595,76.86057676091967,1.6432503829582146,0.43673014037587077,3.2687606811523438,0.8025952142862767,32476300.0,-0.7543803931792762,-0.2525284290839596,0.9092830736854727,0.22395495201933302,0.0004458722249542924,1.5071138195685547
AMGN,2015-04-27,121.5819415128578,121.74790582042615,116.5740541401888,117.17298126220703,4386200.0,-0.03348859625909482,0.04415567159343177,-0.03626328216007719,0.0034544927430715097,119.89195938110352,117.5796112060547,118.46393880211802,-0.003458337203846127,1.5978314208984443,0.015135771499111925,2.679704406011344,0.013859583347303705,0.10673843281596736,59.43037900441448,1.3231682438654815,0.09331840102651001,-0.079376220703125,1.340345430321106,28090100.0,-0.7544875749047246,-0.2638200202884917,0.5111586425953591,0.25611955732759856,-0.003733741644456782,1.6663416545676393
AMGN,2015-04-28,117.00700601553083,119.28004427673083,115.91018597013642,117.25235748291016,4262800.0,0.0006771983281458754,0.02874021792769135,0.0020968955256128485,-0.0014164975994319167,119.88618469238281,117.51394500732422,118.3485501050506,-0.0022260126183132082,1.402134094238292,0.014933674854245,2.7291843586250244,0.014204980385491698,0.10652609117105091,54.4812276807258,1.0636448049872058,-0.13296403028141257,-0.05774688720703125,1.2663631569957,32352900.0,-0.695508989715603,-0.22374750183102204,0.5190780479469862,0.3124748889310776,0.00207555788265326,1.8156362711117746
AMGN,2015-04-29,116.37923931711556,117.95232753047644,115.11644374205076,116.16275787353516,3281800.0,-0.009336220769425288,0.024413020492446164,-0.0018601379838076395,-0.007446487085957766,119.56218872070312,117.55471572875976,118.14037941633485,-0.011840935913080186,1.3456333923339798,0.013740025989016356,2.7910361567892656,0.014118165025252143,0.10565564368529169,48.95693784869999,0.7612735401040709,-0.34826823613163804,-3.239959716796875,0.9724673046464665,29071100.0,-0.6966018554232499,0.2594677660374424,0.410368148418153,0.20573234318556732,-0.002264905563061404,1.6474518544777859
AMGN,2015-04-30,115.34007237683103,116.68946637740778,112.90829378804591,113.94739532470703,4444300.0,-0.019255395442787912,0.03318349294941722,-0.012074529029025949,-0.007082179450317214,118.91563262939454,117.58393630981445,117.74104759808458,-0.030927192091322112,1.3441149902343739,0.013871993523592802,2.8869053787733168,0.014226166060868435,0.10430206109385133,39.328741451067245,0.33897341654150637,-0.6164546877553622,-6.4655609130859375,1.3305570358483674,24626800.0,-0.6968802897433385,0.18713097340870224,0.18934031578044874,0.21697346277522023,-0.009419369280775627,1.6191066651794492
AMGN,2015-05-01,115.09477315111596,116.67507305201904,114.4814110215787,115.71534729003906,3259800.0,0.015396375304442158,0.018957399185278025,0.005391853356436166,0.010069364228461162,118.6832778930664,117.74557342529297,117.5481237592231,-0.017242483740096154,1.4435508728027457,0.014129620581432183,2.959067700856573,0.014198026328541048,0.09720460207087096,46.083123126953254,0.14528175666521292,-0.6481170781053246,-2.32354736328125,0.9723750973180488,27886600.0,-0.851324892330013,0.30133156754437246,0.36572977009871144,0.11154722449009917,0.010935422475726786,1.6004546406158024
AMGN,2015-05-04,116.53802778528433,118.31316296034711,116.50194569837969,116.97820281982422,3496200.0,0.01085434407582675,0.015483373981708005,0.0037770935625484592,0.0071095193032885,118.4047462463379,117.99200172424317,117.49384557451845,-0.008592098528748399,1.6257555389404388,0.014220060402041174,2.9946365879216077,0.014162926399974272,0.08607580760536673,49.20313521771225,0.09261401119896107,-0.5606278588572612,-2.7853164672851562,1.0380841673013286,31382800.0,-0.988344773010642,0.4481875439985398,0.4062281578448194,0.1596273542592981,0.0014779990365568038,1.7832352076687132
AMGN,2015-05-05,116.40088983092824,117.0358991481761,114.90718874602521,115.05150604248047,3086000.0,-0.016607710030546067,0.018502238478867915,-0.011592555610251269,-0.004935218484978691,117.7538673400879,118.06993446350097,117.26124180956245,-0.025564750541583393,1.68896690368652,0.014575489550644345,2.974536057757422,0.013924080370248067,0.081801337329563,39.469246881702645,-0.10340193129003694,-0.6053150410770074,-6.5087890625,0.9143419241771737,28296800.0,-0.7275874922399634,-0.1961509927671101,0.13588646658556203,0.06273540951203965,-0.010643684933522482,1.8034065875485858
AMGN,2015-05-06,115.4556090186501,115.73703162520486,113.03825280054015,114.69792938232422,3762700.0,-0.0030779352179206966,0.02352944677552841,-0.00656251907348636,0.0035123658096263264,117.02145004272461,118.02014427185058,117.01711681649215,-0.0281495579421924,1.6163738250732393,0.01391670151449354,3.0348417154167495,0.014001459825653565,0.08390575310851496,35.71449276799534,-0.2840028513575277,-0.6287327689155986,-7.3241729736328125,1.1028877268677015,24534100.0,-0.7072741664803885,-0.08304258435550621,0.09237064680197404,0.036546446966936326,-0.0019167203330731992,1.7533190074004938
AMGN,2015-05-07,114.90714948400091,115.32567720820936,113.43508493530909,113.94020080566406,4374000.0,-0.006628215076439096,0.016592846594371467,-0.008415043647666862,0.0018240965883463845,116.20820617675781,117.8906135559082,116.72407719641328,-0.03350913725095429,1.4894418334960875,0.013864249909096007,2.904438800447306,0.013990929543958218,0.08893547686324392,38.8540981144101,-0.48270838343620426,-0.6619506407954201,-8.132438659667969,1.2542474945158932,20160100.0,-0.5637299939602213,-0.19344189449075622,0.0,0.013446408283669891,0.004463166680575593,1.673618941987191
AMGN,2015-05-08,115.2968692259964,117.51939126282193,114.82783516758354,117.14415740966797,4664200.0,0.02773153454855293,0.022976443339172863,0.016022015134258747,0.011906845966036769,115.80628356933593,117.85309028625488,116.76408483577086,-0.0060153948858275835,1.4032822418212874,0.015089681354835642,3.005982393635033,0.014056175760253873,0.08914387680762988,43.40738618536089,-0.37730212382305695,-0.4452355049458182,-4.01922607421875,1.295539136714627,24824300.0,-0.23226608402859572,-0.14731365701703847,0.3939724274778597,-0.012489988488718705,0.012092248136245688,1.7694611766517343
AMGN,2015-05-11,117.12251167866967,117.61320380149807,116.17722052801189,116.21330261230469,2723800.0,-0.007977972802138961,0.012356444926763011,-0.0077628890751543275,-0.00018477857946089019,115.7103157043457,117.8011375427246,116.71162938591694,-0.013478943951997354,1.3032695007324122,0.015145556686056109,2.958563671364016,0.01401704508834571,0.08995352901261326,35.928938873569834,-0.36467535583804533,-0.3460869895686453,-0.9596786499023438,0.7466546783790045,22100500.0,-0.2075840713713922,-0.20222883764015992,0.27951047637392523,-0.06255495477052317,-0.004123014115379502,1.806537522297147
AMGN,2015-05-12,115.29958766363976,115.48812388648878,112.91383376862557,114.74847412109375,4359700.0,-0.012684766745292014,0.02243419912622605,-0.004779839665634829,-0.007862395510031634,115.45992736816406,117.67305603027344,116.52466221783854,-0.02485345420473565,1.183989868164062,0.01538904856735758,2.8545732772242025,0.014135899423806638,0.09295895390427521,31.818641247281008,-0.467479159640547,-0.35911263469691757,-2.5038833618164062,1.1591802223864802,17740800.0,-0.08559354503593632,-0.41219633933669775,0.09938879938244743,-0.04576760630138946,-0.002190754883195348,1.8314700329224043
AMGN,2015-05-13,115.83624039568805,116.92397267701045,114.32065834099026,114.8572769165039,2727000.0,0.0009477358738829162,0.022665645624810375,-0.008451271172476576,0.009479570712603852,115.32937927246094,117.44578399658204,116.36586361771143,-0.022040017035890046,0.9479017639160219,0.014751630139913745,2.887442493344011,0.014239319455680561,0.09440961710245738,32.01666648919098,-0.5340166272634406,-0.3405200818558489,-1.30548095703125,0.7341687295811846,20467800.0,-0.027602428550729592,-0.06220345550503212,0.11276766393090869,-0.10606845774979563,7.205715450043804e-05,1.7719373501757634
AMGN,2015-05-14,115.95223291591412,117.5910896309784,114.71222456662174,117.46055603027344,2717500.0,0.02241229656074622,0.0245092068491033,0.01300814202908119,0.009533187872860692,115.68069534301758,117.29816398620605,116.47012003795543,0.0013844380725898265,0.74849235534667,0.015591460754218679,2.928654516903947,0.014475272822852272,0.09148830973741502,41.4898157360301,-0.372392473137225,-0.14311674218370668,3.5131607055664062,0.735254329004329,23185300.0,0.034746425674511076,-0.3511481697654714,0.4328781768425072,-0.038908791049114974,0.01027199335901021,1.8343649634602264
AMGN,2015-05-15,118.39601558970756,118.65707173449923,117.24301116230426,117.73612213134766,2384600.0,0.0023432833262957403,0.012010422516017886,-0.0055736120432187015,0.007964031425094083,115.88277282714844,117.28302536010742,116.59069166589755,0.0038632766323092836,0.6819714355468705,0.014975172030144744,2.660098009186634,0.014230200776156157,0.09137911764067926,51.560774018056364,-0.2195375924895444,0.007790510771179149,2.0207748413085938,0.661884202184723,25569900.0,-0.09417044544078376,0.025113304864293584,0.46676298215951667,0.04456476744112439,0.000651381698471533,1.9891647837294448
AMGN,2015-05-18,117.25748374283121,118.85282147481247,116.94567261023053,118.51925659179688,2153900.0,0.006629583063878493,0.01609146833539911,0.010760702077941392,-0.004065348678483482,116.0368782043457,117.2208122253418,116.77436451598321,0.01107690982347897,0.48459365844726676,0.01466847464102121,2.5556187633286007,0.014186730678380595,0.08983788464857338,53.37944407427592,-0.03480537755891078,0.15401818056145022,1.5410537719726562,0.602928847453879,27723800.0,-0.06228857580267562,0.24984512374436185,0.5630605986875233,-0.008958146445199787,0.0027019977783765197,2.0120083959771713
AMGN,2015-05-19,118.82382604572068,119.01236224697811,117.80861409282616,118.60627746582031,1746600.0,0.0007339646341825189,0.010149109978591529,-0.0018308498147219985,0.0025697887641398225,116.3923553466797,117.07311134338379,116.9488324159677,0.013095800605654365,0.20186363220214787,0.014219001402114153,2.4390376465947634,0.014178615570590341,0.08381745231110815,56.88640676623539,0.1172663178508202,0.24487190077694498,3.5547714233398438,0.503345115324706,29470400.0,0.024421404859400492,0.6374828872025063,0.5737610635244736,-0.026503533840260687,-0.0014270018761493586,2.00241381784772
AMGN,2015-05-20,118.90354193071825,120.07828826181569,117.76504445973568,118.9107894897461,2027300.0,0.0025641289248807516,0.019453607296749845,6.09532643869326e-05,0.002506313082657876,116.81364135742187,116.91754570007325,117.13568547061325,0.01704828627506502,-0.11545906066893963,0.014199170337118056,2.334185590360345,0.013447970735598662,0.07558746930337183,65.67641941811206,0.25936599772600744,0.30957726452170575,4.212860107421875,0.613637877072651,31497700.0,0.03756426532070614,0.6607968228947195,0.6112051853057466,-0.026787915489060617,-0.0011288243263301691,2.0219800368616414
AMGN,2015-05-21,118.57728245529896,119.45471331873162,118.0696764518692,118.809326171875,2156600.0,-0.0008536368388516321,0.01165764432380303,0.0019568985877503075,-0.0028046827027071127,117.30055389404296,116.75438003540039,117.29507982311436,0.017600591394100543,-0.45105300903320256,0.014194439388398079,2.2382826717568025,0.013329241050620147,0.06539068127560316,60.921768450989475,0.35964797799489645,0.32788739583247584,4.8691253662109375,0.6680575497225204,29341100.0,0.05239943701715383,0.667378902256585,0.6740969426330596,-0.023712488948933335,0.0024785350017917885,2.011546781354785
AMGN,2015-05-22,118.62075042724608,119.33865722032404,118.22191331998056,118.6207504272461,1636000.0,-0.0015884742740430852,0.009414405964565315,1.1980074872244194e-16,-0.0015872133165381157,117.44821319580078,116.62724838256835,117.421334166365,0.017092935590304968,-0.7244715881347759,0.014120216491971703,2.1324918310450474,0.0131428135240973,0.057248659064144856,56.274056787423675,0.4190748492551819,0.30985141367420904,1.476593017578125,0.5140531963362712,27705100.0,-0.011036470666166415,0.7514420917488301,0.9416489493799156,-0.09324311554315609,-0.001191169456319362,2.0035244421579117
AMGN,2015-05-26,116.49602282132743,117.80856127443558,114.57436853455451,115.30677032470703,4078300.0,-0.02833528794423116,0.028048593597526764,-0.010208524444172496,-0.01791193866390036,117.35755996704101,116.53393783569337,117.21994713382615,-0.010530559026646595,-0.8976448059082003,0.013557834438389215,2.2694683660836685,0.012357170805977997,0.057978597260185956,50.88160306413585,0.19649549691462198,0.06981764906691929,-0.9065322875976562,1.2876856358466826,23626800.0,0.2323273610856776,0.38334481835071604,0.27493112046667684,-0.07610884678404668,-0.010065781483500048,1.961829988425901
AMGN,2015-05-27,115.99573230310261,116.74988820302748,115.50262143143642,116.34380340576172,3336300.0,0.008953485347776341,0.010720526019259302,0.0030007233520417645,0.005975034913001608,117.51709289550782,116.48851013183594,117.1365048740105,-0.0012422403369263357,-0.917108459472658,0.013729238547958718,2.17977829848765,0.011830847026209018,0.057721678843547126,55.4280808475262,0.10259698520013671,-0.01926469011805279,1.5953292846679688,1.0690425303525024,26963100.0,0.14336600377090442,0.1801445696137347,0.48356497550468797,-0.13949269347208482,0.010057323484312498,1.8560286013058989
AMGN,2015-05-28,115.73467859970503,115.73467859970503,113.00084265918642,114.10308074951172,4205300.0,-0.019447373169640465,0.023959352565774746,-0.014097743821768165,-0.00523555864795218,117.4416732788086,116.38552627563476,116.84760733834395,-0.019611077074287973,-0.9487351989746173,0.014244085588030827,2.2835189037501524,0.011814977784570678,0.06059423727739839,50.489313219593434,-0.15088652772659827,-0.21819856243583025,-0.7541961669921875,1.3278476036507678,22757800.0,0.12184408078674751,-0.1028583732977658,0.032768743074956225,-0.24026163379833151,-0.0014882375276136105,1.8806927752843983
AMGN,2015-05-29,113.69698363653816,114.5526718090798,112.8195527764111,113.31265258789062,4414300.0,-0.006951421812014684,0.015295017750329407,-0.0033803099814516853,-0.0035590372346304302,117.02688293457031,116.35378913879394,116.51094498115792,-0.026136979065423158,-0.8432283782959047,0.013671453494397204,2.151656659143783,0.011145277137922457,0.06236985850057111,36.537419156639494,-0.41081931538852245,-0.3825050800782035,-4.1479034423828125,1.3945010353798208,18343500.0,0.12403156904945202,0.23894656750404358,0.0,-0.12010130230473309,-0.006464956097396314,1.8224738943670782
AMGN,2015-06-01,114.27709457475443,114.5744105742447,112.76152433098133,113.87100982666016,2849800.0,0.004915479899253146,0.015920524864256717,-0.0035535095602962853,0.008511335361386384,116.64037170410157,116.261572265625,116.25952258549147,-0.020561931103968614,-0.7722784423828131,0.013229103026402211,2.1785782998421532,0.011059287494730622,0.0651476535966605,41.54877042343548,-0.5652473400606652,-0.42954648380027705,-3.8651123046875,0.9061352843636179,21193300.0,0.1758856491633981,0.6498764820485256,0.09973983265523013,-0.19780362652390981,0.0030974285917755974,1.8705034152655067
AMGN,2015-06-02,113.76222308007968,114.55263870149815,112.25390063651413,113.44315338134766,2497200.0,-0.003764454836788687,0.020263347733790876,-0.0028047069588946257,-0.0009553506792121897,116.13276138305665,116.08481979370117,115.99129694700157,-0.022756346756174696,-0.7630194091796909,0.012953972297694948,2.10709752993536,0.011199389983215034,0.06842811279688855,44.909336191316676,-0.7139273910388795,-0.462581227822793,-5.076103210449219,0.8068354197259823,18696100.0,0.33319083702543106,1.0373021257467845,0.023311468710360203,-0.15337353068104806,-0.0008013840268190506,1.8544497145099978
AMGN,2015-06-03,114.17557854690779,114.4728945598327,113.41416407733574,113.94353485107422,2160500.0,0.004401157176990231,0.009291711757764321,-0.0020323408804820294,0.006456318814569867,115.66648712158204,116.02942123413087,115.79627198548468,-0.01797721957819323,-0.6937916564941418,0.012513946724378127,1.9967701118265577,0.010995772510488742,0.07002179758813865,46.54208079160901,-0.7823622152625376,-0.4248128416371608,-4.662742614746094,0.7086441133830581,20856600.0,0.1978791572973769,1.4304507857339999,0.11269503999581383,-0.17700547990625073,0.0014206248238915395,1.9632516523944719
AMGN,2015-06-04,113.55921332595229,114.91524886972368,113.34166473575311,114.63968658447266,3917700.0,0.006091032240540912,0.013726347139051789,0.00951462436974671,-0.003372912079866988,115.23937683105468,116.02650909423828,115.6861209949121,-0.011952634967576474,-0.5936495971679676,0.01257935661481597,1.9035357596561227,0.010690938004409524,0.07009423571329784,37.5239996409755,-0.7715299624571372,-0.3311844710654084,-4.2711029052734375,1.28174760267362,24774300.0,0.08178068194304251,1.3072316569666296,0.2370492214600364,-0.17265883323494935,-0.007715538973675393,1.6663877374316354
AMGN,2015-06-05,114.93701431444227,115.58964908644943,113.14588140806595,114.03057098388672,3431100.0,-0.005327470635836418,0.021430811556041415,-0.007886435331230358,0.002593584637467779,114.76150131225586,116.03102760314941,115.52844956529063,-0.01724070415117477,-0.5516823577880956,0.012546628577376262,1.9770862672410163,0.01084450817237585,0.06992652318433608,34.080951182291585,-0.8028412087394656,-0.28999657387818933,-4.778755187988281,1.1401332830462039,21343200.0,0.06941018752004349,1.3527019451807585,0.12824237908074743,-0.1383097275109892,-0.0004688808303161642,1.7614399580189322
AMGN,2015-06-08,114.06678423806996,114.91521352037653,112.85577777195834,113.46490478515625,2081700.0,-0.004972998804440621,0.01815042062845499,-0.005276553178333826,0.0003175749614404302,114.24591674804688,115.84706497192383,115.33192149099212,-0.02056297401530982,-0.6878933715820352,0.010705843944928942,1.9879639018007478,0.010668644086229258,0.07209877765469426,27.873064138601805,-0.8633479935176069,-0.2804026869250644,-5.155845642089844,0.7227472519841959,19261500.0,-0.4219952985950517,1.7902265127541255,0.027196940636302146,-0.06593280916664732,-0.006422842600827588,1.4985023611491382
AMGN,2015-06-09,113.52293419862062,113.92901893037632,111.60852684535872,112.25391387939453,2766000.0,-0.010730186628209749,0.020671814503596952,-0.011178536990647183,0.000511430504209611,113.94063110351563,115.64909553527832,115.0387779089352,-0.029357615294519114,-0.7844503021240286,0.010808587594604393,2.0677313254340075,0.010896562408135337,0.07727315337719565,24.682165187137116,-0.9975181336920969,-0.3316582616796435,-3.0528564453125,0.9596269736362785,16495500.0,-0.39113410995223596,1.5926815386034552,0.0,-0.08658396565062262,0.0001486268268014604,1.477336014293985
AMGN,2015-06-10,111.2387317284094,113.03712343485122,109.38959600938074,112.79782104492188,5972800.0,0.004833628362788901,0.03233686069182004,0.014015705611594022,-0.009043623655526491,113.58603286743164,115.55156288146972,114.82535344569584,-0.023831281619034216,-0.7666257476806635,0.010581889783982102,2.1630372985333275,0.011356618738296723,0.08019229385882606,26.092509012613775,-1.0478808555680246,-0.3056167868444569,-3.5459823608398438,2.0157777946524247,22468300.0,-0.6142035179389246,2.1691966386017136,0.08170607302087747,-0.10260115509573901,0.012267582068265401,1.213334878030526
AMGN,2015-06-11,114.50915784508545,115.27781989902435,113.44317976953461,114.54541778564453,3633400.0,0.015374384328384927,0.016016704683228883,0.00031665537710207976,0.015171718605114163,113.63026657104493,115.53596992492676,114.79869290664334,-0.008573538958697216,-0.7661801910400357,0.011190893181931059,2.241248869050474,0.011156665250431063,0.0804094973987075,35.22632408990049,-0.9359877397656788,-0.1549789368336889,0.4423370361328125,1.2077737094648386,26101700.0,-0.5558579684667281,1.4929118926770424,0.34423114339771627,-0.08394864253427882,0.0025645045053219444,1.2599387732888623
AMGN,2015-06-12,114.01605025234709,114.38588616563842,112.40620621737949,113.21112823486328,2398100.0,-0.011716939329067347,0.01748661972656936,-0.00705972550094748,-0.00462146407539481,113.62011413574218,115.32349853515625,114.64749627123571,-0.018316911359127837,-0.9756144714355486,0.010097823879850478,2.314282273902014,0.010903593287448221,0.08087064074530032,32.63528339961992,-0.944094718731975,-0.13046873263998804,-0.10152435302734375,0.8014035674004762,23703600.0,-0.9405469549210806,1.289410837370707,0.14379333640279096,-0.22717326738580215,-0.006586501155740479,1.0973264898915742
AMGN,2015-06-15,112.21769198361318,113.3924390794161,111.36201473234507,113.1966552734375,2585200.0,-0.00012784862093721353,0.017937140829526688,0.00872378742174876,-0.008775075973001164,113.55267868041992,115.09652519226074,114.50932093811208,-0.01650675305487843,-1.2168688201904274,0.01005954768765427,2.170285306357689,0.011053676767993917,0.08011189966753134,41.406205819532715,-0.9408419644890245,-0.10177278271763002,-0.6743545532226562,0.8610430638105119,21118400.0,-0.9141403178479034,1.3045222426222631,0.14161919912710955,-0.2562190505029847,-0.005533745366273279,1.0320744339098795
AMGN,2015-06-16,112.98634518574151,113.71149984177218,112.46423294820087,113.29090881347656,1723300.0,0.0008323065847795263,0.01100941731895559,0.0026955790740409266,-0.0018579178615124512,113.5374542236328,114.83510780334473,114.3932816881468,-0.013447098360482291,-1.5031116485595675,0.009881291096261858,2.156295950304179,0.01093885175617269,0.07628878327154025,36.532365819755725,-0.92005286364612,-0.06478694549978037,-0.15224456787109375,0.5781188409443536,22841700.0,-0.9031888620772177,1.4846814883482446,0.15577802459035062,-0.27252434994301755,0.005512689441845579,0.9696150560531401
AMGN,2015-06-17,113.74775753678458,113.83477255299223,112.31195444444977,112.87031555175781,3008600.0,-0.0037194151895381406,0.013491750254247876,-0.00771392776462437,0.0040325276590390344,113.43013229370118,114.54830970764161,114.248237294205,-0.014648790193120192,-1.7774590301513626,0.009861646656492125,2.026285761873262,0.011002985595748038,0.07126435358497431,43.52135118165044,-0.9268317728818403,-0.05725268378840043,-1.0732192993164062,0.9883786824793239,19833100.0,-0.8351905940478411,1.4270715186194396,0.09259624297002081,-0.2849818377340698,0.002790537752467596,0.9519862522365974
AMGN,2015-06-18,113.36342420248816,116.58311251778142,113.34891801174876,116.11175537109375,3454500.0,0.028313626024504237,0.02785415219756302,0.024243544052591052,0.0043688072308456435,113.57733917236328,114.40835800170899,114.42571520628964,0.01488874938104885,-1.9257711791992165,0.012049848111408162,2.1676913285414696,0.011336465214836566,0.06323538272574075,61.696973638736814,-0.6630043028159918,0.16525982902195846,1.4720687866210938,1.1088695116255556,23287600.0,0.1848021078621355,1.715270770550929,0.5884971552802971,-0.2517391576825333,0.009685082885488588,1.243400138115262
AMGN,2015-06-19,116.11902114042881,117.6418393122759,115.85796501597186,116.54685974121094,5182000.0,0.0037402859735648827,0.015306069166214277,0.0036844833566476278,6.257565663219952e-05,113.8289680480957,114.29523468017578,114.62772897152024,0.019700078199548023,-2.0392153930663994,0.01209904604125929,2.1656190466158045,0.011413719351066264,0.05510339257684784,61.29830536211183,-0.41403708389105986,0.33138163835751233,2.5162887573242188,1.5863564771375787,28469600.0,0.12298500578748235,1.617689775129539,0.6742666978819111,-0.15106657586148267,-0.004978731899139118,1.1809758779886592
AMGN,2015-06-22,117.1994093128238,118.38866166740297,117.07613443603516,117.63450622558594,1926600.0,0.009288991039376738,0.011157671957671976,0.0037124497069843704,0.005599031780537323,114.24592819213868,114.24592247009278,114.91408871000269,0.029660434982965975,-2.0833252716064408,0.012310515265394452,2.132980750987805,0.01144204116769793,0.0504791938151924,66.76325253522648,-0.1274951035422731,0.49433889496503935,4.1696014404296875,0.5871748647952614,30396200.0,0.002325162914650143,1.2900239825610413,0.9999999981414686,-0.16280971114981113,0.0044602173296384925,1.2086551999211095
AMGN,2015-06-23,118.52648906253297,118.56274899693446,116.77886423517906,117.2502212524414,2451800.0,-0.0032721183717741133,0.01521434026051578,-0.010767785498296724,0.007582663162086934,114.74555892944336,114.3430950164795,115.13657752356828,0.025424589351398325,-1.9861100006103527,0.010503622917441962,2.1847774852205513,0.011004132954000235,0.055140854472531295,63.34900831221503,0.06780132313019749,0.551708257310008,4.996307373046875,0.7662329950840832,27944400.0,0.6692300729646379,1.6312232957859896,0.9285794281177355,-0.09661127102228816,0.00021970505757339364,0.9626216044815474
AMGN,2015-06-24,117.13418374681818,117.3589798296746,115.50258642482204,115.94493103027344,2522600.0,-0.011194948451460565,0.01601099235953529,-0.01015290906978338,-0.000989657029076261,115.06026992797851,114.32315139770508,115.21356357182592,0.014185924834476858,-1.9787501525878923,0.01064929322589655,2.204978147426407,0.011117337161439596,0.05429988087221225,55.02223709587931,0.11591296364785819,0.479855918262135,3.1471099853515625,0.7985122462707237,25421800.0,0.848220103054379,1.7695037564498268,0.685987137946193,0.0069742611792073484,-0.007550033985346645,1.0284279904604294
AMGN,2015-06-25,116.6193617470388,116.63385687146487,114.58892676435998,115.12553405761719,2411400.0,-0.007092212385905164,0.017762611256000406,-0.012809431187437782,0.005816819336321501,115.11828155517578,114.37427406311035,115.20517980856795,0.006568435084381848,-1.84208381652833,0.009811928622733153,2.1764897494779367,0.010905604200049634,0.054596743057874625,54.14603792356931,0.08692132277433018,0.3606914219108856,0.5801162719726562,0.7856181766647228,23010400.0,1.2904615153477474,2.3710950933934187,0.5336996353047087,-0.02747656533914017,-0.004276828085546205,1.0158813037666257
AMGN,2015-06-26,115.59690032862542,115.87245155932017,114.01605750735375,114.58893585205078,3537900.0,-0.004671879675497293,0.016200465063776006,-0.008719649693972275,0.004094367725341714,115.25606231689453,114.43808822631836,115.14648990794726,0.001318159260351336,-1.6617892456054761,0.009734521587963464,2.1619867711599534,0.010929088528874182,0.05387704324452282,54.265492444355395,0.02041096298182765,0.23534484969470648,1.3778076171875,1.1693179226668342,19472500.0,1.2999014706185639,2.466755170852289,0.43397117233186383,0.01521194298272975,-0.001104213563057518,1.009312870737725
AMGN,2015-06-29,113.58096001167748,114.54541688506839,109.81014752278722,109.93343353271484,4784800.0,-0.041476220913331634,0.04307396949329354,-0.03211389020296732,-0.00879644996158035,114.92974014282227,114.2412094116211,114.65000834840131,-0.03770772299324109,-1.6965588378906205,0.013334048634542904,2.337579360034666,0.012124387470205084,0.06443053055445055,43.01917037034316,-0.4033099992297906,-0.15070089001352938,-3.2632217407226562,1.532430597368657,14687700.0,-0.6501515626662325,3.9810255486636525,0.0,0.10298763334353334,-0.020964083682008857,1.4051673178104118
AMGN,2015-06-30,111.12264890436279,111.83329702009884,109.86812399870422,111.32569122314453,3893300.0,0.012585027331518917,0.017652466378632835,0.0018271911332539234,0.010817595097619244,114.73321838378907,114.13533630371094,114.33340671742448,-0.02461678540193744,-1.6336753845214815,0.013699548792560528,2.217411188314961,0.012052318896669634,0.06821160147302273,45.7863849713997,-0.6196256951820658,-0.2936132687726436,-1.9652175903320312,1.2196424683561158,18581000.0,-0.732287048705677,3.483917664523096,0.18078750118936412,-0.08403383600147188,0.0032623676787063697,1.4405027871330534
AMGN,2015-07-01,112.35545606023913,112.94282951880028,111.26046552713667,112.39171600341797,2299100.0,0.009530173461970909,0.014968754384108203,0.00032272525474324337,0.009250019701476743,114.68535842895508,114.05774536132813,114.14848379228101,-0.014606893662787042,-1.5278947448730378,0.013851808963506235,2.1604372695693277,0.012155788625885698,0.06961162008293034,43.58526872836116,-0.6970035292518304,-0.29679288227392653,-0.47859954833984375,0.7186719994248373,20880100.0,-0.7488145728017085,3.2679892863418174,0.3192129935075973,-0.05121834430196909,0.006874049344814129,1.4287938735312533
AMGN,2015-07-02,112.50773354556418,112.81230821957047,110.95590311959023,111.13719177246094,2119800.0,-0.011224833652089252,0.016703725102043123,-0.012181756132774548,0.0010322606173455145,114.18790206909179,113.88262062072754,113.86169407610767,-0.024107531362576574,-1.48532127380372,0.013949954472262282,2.1402368075489844,0.012218827143968108,0.07316223867355409,43.79335586434086,-0.8497601352887898,-0.3596395906487087,-4.9745635986328125,0.6817830953299884,18760300.0,-0.5584070002789194,2.895986403880365,0.1563104629952801,-0.07126581122661453,0.00037215833097994753,1.535124975878782
AMGN,2015-07-06,110.32496671100573,113.17482865589119,110.14367814923104,112.03633117675781,2773500.0,0.008057804146017415,0.02705506753767186,0.015512032468905902,-0.0073083101030493435,113.73684921264649,113.7829086303711,113.68784999045529,-0.015350086182865298,-1.3843070983886747,0.014076345199695956,2.211717247519636,0.012424031083691264,0.07462884493722592,46.702136240982625,-0.8880311404132755,-0.31832847661855546,-4.510528564453125,0.9015642065844905,21533800.0,-0.6828781514534639,2.824811375581182,0.2730655488110081,-0.098822717491921,-0.0041322930648276,1.4850362636596006
AMGN,2015-07-07,112.58026437062429,112.9065817644992,110.35403418588805,112.6817855834961,2253200.0,0.0057445851812603175,0.022652707936720858,0.0009017674051429212,0.004854971491420271,113.2415771484375,113.74375267028809,113.59203433264965,-0.0093364871640058,-1.25383110046387,0.014113146368453943,2.304951582165338,0.012565385879507748,0.07512416914690716,48.32135094254886,-0.8564062927178782,-0.22936290313852647,-4.952720642089844,0.7303976310376853,23787000.0,-0.7968776344252357,2.899168084115991,0.35687912019797147,-0.09617677963331842,0.006355262906282959,1.4880487346294622
AMGN,2015-07-08,111.75358380862548,112.29020223424114,110.17274091423445,110.44830322265625,2393500.0,-0.020020222035782423,0.019171515163415642,-0.011679988609622405,-0.008237371905886484,112.56138534545899,113.65347213745117,113.29263136979314,-0.02820124061778448,-1.2096180725097696,0.01460827154217675,2.375396336502422,0.012521500622889075,0.07877356573170699,43.93166320805355,-1.0000389075794374,-0.2983964144000685,-6.801918029785156,0.7805900980670326,21393500.0,-0.7335247177984927,2.16207639547928,0.06685687952919259,-0.10844500856769514,-0.015150839270280398,1.4626122947225026
AMGN,2015-07-09,110.54255742549712,111.60127683430679,109.52733445275726,109.72312927246094,4146300.0,-0.0065873811538616584,0.01890159709535427,-0.007412784470709017,0.0008533784593400438,111.93920516967773,113.49973754882812,112.95267878909485,-0.033274158671446,-1.2127680969238241,0.014602785821739383,2.258335294754274,0.011988812642451855,0.08457624965816612,31.683859170210155,-1.1590237624571387,-0.36590501542221576,-6.2218017578125,1.393740052337102,17247200.0,-0.6110344991037236,2.0404659050458935,0.0,-0.1050655813592307,0.0013030650054896768,1.6109773722361478
AMGN,2015-07-10,111.66658568306667,112.05816438560075,110.57885354104765,111.74635314941406,3976600.0,0.0182714127595861,0.013238112948304785,0.0007143360375841363,0.01771236769760554,111.60128707885742,113.3597843170166,112.83779063293477,-0.014232835545015653,-1.2643932342529212,0.01479448449742805,2.297703924528257,0.011927907696076425,0.08529335101851329,37.38567736337618,-1.1089795216789469,-0.25268861971521916,-3.379180908203125,1.3290308996509146,21223800.0,-0.567529486059732,1.8925824468302037,0.2557359972079942,-0.08510303055489211,0.011394071078245428,1.5733434383917138
AMGN,2015-07-13,112.60199453657694,113.53019144980637,112.34093846316992,112.95006561279297,1803400.0,0.01071422486360526,0.0105290154563819,0.0030911626179318226,0.007656996072335474,111.43740005493164,113.34673118591309,112.84848348815936,-0.0034995766438954477,-1.2574997711181624,0.014805064849315791,2.2935636655425617,0.011780410273027819,0.0853578513477093,37.76529330864071,-0.9611104810084896,-0.08385566323580951,-1.6388702392578125,0.6087693299621587,23027200.0,-0.7678602684344965,2.1288873946667533,0.4078855495538654,-0.026992874721207698,0.010417888183913109,1.5182188784136006
AMGN,2015-07-14,113.37066288310346,116.24952741284991,112.95007190446502,115.53163146972656,3624800.0,0.02259853419122014,0.028558893061676107,0.01906109157049981,0.003723745249979359,111.99721984863281,113.46347999572754,113.10402139116576,0.018227463797839617,-1.137076644897462,0.015662650417589522,2.4018191682783865,0.012159002399206932,0.0869708722236602,45.973567639394794,-0.6283689650468034,0.19910868218070144,5.598197937011719,1.2025146383134009,26652000.0,-0.7115726030400729,1.5275482495968227,0.73419611078313,0.03080016976774983,0.005950370033476294,1.613285936522861
AMGN,2015-07-15,116.35829469828688,117.87386493153679,115.72015520429558,116.35103607177734,2618600.0,0.00706743648773428,0.01851044734928339,-6.23816851936593e-05,0.007155297800645499,112.4997543334961,113.61648635864258,113.41326088455735,0.024068247494495387,-0.9715269470214878,0.01571865989645516,2.4365220294896486,0.012319897628894306,0.08974975444132945,50.973617987047696,-0.29514753596684784,0.42586408900852557,5.0253448486328125,0.855999202383696,29270600.0,-0.7671975005629325,1.5294220826583438,0.8377690546423385,0.05639059138341159,-0.003480596348984832,1.614344035899998
AMGN,2015-07-16,117.27925150562378,118.74406691012972,116.80065787433352,118.22920227050781,2487500.0,0.01601333809026879,0.016437639757981987,0.008099904737527117,0.007977715241605697,113.08350296020508,113.88443069458008,113.87192196893358,0.03815070725145673,-0.7671365356445392,0.015999810438884418,2.4613863674358973,0.012386269090217188,0.09627709816113358,57.081399081307175,0.11911211276624556,0.6720989901932952,5.837486267089844,0.8201288467752039,31758100.0,-0.8873291550091323,1.473310118256881,0.9999999988243693,0.11086962676561059,0.007775522688860576,1.644359306037554
AMGN,2015-07-17,118.23645357547873,118.56277091546096,116.45982711114834,118.39598846435547,3248500.0,0.001409708078421752,0.017761951495051987,0.0013492868235843378,6.133260507273469e-05,113.80938262939453,113.99864234924317,114.30278544468804,0.038573670918296624,-0.7268860626220714,0.01475653213197485,2.4789970640320544,0.012038342809013636,0.10114974171772244,58.83535715171024,0.4556219941858046,0.8068870972902834,7.258796691894531,1.0746800936892111,35006600.0,-1.1517904665905663,2.0651220375569808,0.9999999988469777,0.10115546454604081,-0.00019280347100171145,1.5588237713022786
AMGN,2015-07-20,118.60627062267055,119.94055227377169,118.12041842574719,119.17189025878906,2692400.0,0.006532066182034571,0.015273180983132557,0.004768884757518033,0.0017760919186750092,114.52293853759765,114.12989387512206,114.76650971269765,0.04417770149846821,-0.7002683258056663,0.014796524796278021,2.2676646010864068,0.012038614740351186,0.10721879628090497,76.14931222447625,0.7759723635811753,0.9017899733485233,7.13555908203125,0.9289647653090799,37699000.0,-1.1714668372973378,2.0602020877861467,0.9999999989416601,0.09664040691080575,3.229445962347154e-05,1.6004348411699174
AMGN,2015-07-21,119.44747793805801,119.88257516536045,117.74336004026927,118.70781707763672,2690000.0,-0.00390175164657597,0.018020844606148428,-0.006192352263853259,0.0023125225140802623,115.12554168701172,114.18355941772461,115.14187231888233,0.03962267145098135,-0.677875976562504,0.014710156844943636,2.280096179921876,0.012187422229414567,0.10973450543402545,72.05379577189994,0.9810960475046357,0.885530925817587,6.026031494140625,0.9160721279095506,35009000.0,-1.0545271700476424,1.9363372433716026,0.9508852863002157,0.09891170606878887,-0.0038949480225805157,1.5924923688648382
AMGN,2015-07-22,117.0906697617648,119.41840894900182,117.0906697617648,119.10659790039062,2106900.0,0.0033537176168402607,0.019543326971556297,0.017216812771909795,-0.013622921857069271,115.99137115478516,114.27637825012206,115.51946523140694,0.042267874815707165,-0.6429230499267646,0.014694090227845647,2.3261944081771193,0.012303511809486153,0.11387458181786911,70.89339474430112,1.1624364803423646,0.8534970869242526,8.658294677734375,0.7217375963661339,37115900.0,-1.1317232051833186,2.0819846878969464,0.9930898486665276,0.0857419274528318,-0.003272073301363075,1.5785512456376867
AMGN,2015-07-23,119.65046774091265,119.73748272211331,118.04787175894437,118.99783325195312,1716300.0,-0.000913587836027101,0.01419866998411262,-0.005454508463541613,0.004566244440772807,116.91884155273438,114.42902336120605,115.85073837622086,0.039927019881356454,-0.5752651214599638,0.014429343511057218,2.314280541262027,0.012265150992338984,0.11898523252263371,76.33622518621522,1.2825887964470724,0.7789195224231683,9.274703979492188,0.5961672728030595,35399600.0,-1.279552099443461,2.684796526952147,0.9815788528354586,0.05918700138295625,-0.0044915428157269125,1.5575875609394265
AMGN,2015-07-24,117.55478983686014,118.72953652010429,114.00153741236822,115.00224304199219,4410700.0,-0.03415365209297074,0.04111223383712329,-0.02171367749804425,-0.012126636054268678,117.24443054199219,114.4228588104248,115.76992929677051,0.005063535709480125,-0.584328994750976,0.016339305762058613,2.4546480650423663,0.013212514515817802,0.1189491204215984,58.229463387537635,1.0433722889374053,0.431762411930801,3.255889892578125,1.4806695861329269,30988900.0,-1.1757390212259946,1.2325076629531877,0.5587096309857728,0.06133090675597498,-0.00850153731569885,1.6924647646347053
AMGN,2015-07-27,115.56785929537101,120.33212926636874,115.41558305971039,120.04206085205078,5757200.0,0.04289055558319434,0.040956862717626025,0.03871492977337675,0.004918306273141907,117.95363006591796,114.69551506042481,116.17679896870196,0.046615125175637956,-0.363302841186524,0.01898266103322408,2.653029396882753,0.014186247351775242,0.12651491204621154,66.41859882514962,1.2460984141816311,0.5075908297400215,7.0919952392578125,1.8632800616217127,36746100.0,-0.46114165762127163,1.2741264332028512,0.9999999990309073,-0.28327723910368274,-0.006721999483692934,1.4437478890413913
AMGN,2015-07-28,120.46264627672252,126.75699226898955,120.46264627672252,125.26317596435547,8553600.0,0.04257474328312183,0.05024897336195697,0.03985077396195779,0.003503650484558946,118.92678451538086,115.46200218200684,117.04216820638325,0.08488657391285048,0.2526432037353601,0.018228570958120444,2.9534498788596903,0.014693100319897182,0.14378358415372663,79.16075111555756,1.8072280834978045,0.8549763992449557,9.731544494628906,2.6091890210050455,45299700.0,0.13534376712665552,1.109134594985587,0.9999999993565012,0.08367688925441195,0.01499304930740302,1.3927792988819336
AMGN,2015-07-29,125.39374963082636,125.94486322046382,122.63815955267386,124.34227752685547,5112300.0,-0.007378866150664145,0.026593558792388842,-0.008385362963198322,0.0010423946659954574,119.72590866088868,116.11283149719239,117.73741671309489,0.07087456161003247,0.7870121002197266,0.018432494521685685,3.0415042564482926,0.014932676707331081,0.15417660273261052,78.55547657261737,2.152802415343828,0.9604405848727833,7.991241455078125,1.53099086310834,40187400.0,0.28416278692717234,0.9824096190845742,0.9407403037348832,-0.010443391291312821,0.009321123989020165,1.2035728507508852
AMGN,2015-07-30,123.34150335015947,125.07462184079425,121.9782206674489,124.50175476074219,4044100.0,0.001281744667565495,0.024870341621254892,0.00940682072999248,-0.008048543074819028,120.35316390991211,116.7183334350586,118.3816393842994,0.06668550772286551,1.2746044921875068,0.01843409945584044,3.0958875464629747,0.015174172952286662,0.1629888512684398,76.87151825695062,2.411740005500846,0.9755025400238408,6.272552490234375,1.1802560076580495,44231500.0,0.35773340060174413,1.0165275337868798,0.9510026431567639,0.008838946505843952,5.186046252440534e-05,1.2217215147941924
AMGN,2015-07-31,128.71491640630495,131.840330352591,127.62718471836435,128.05502319335938,7289400.0,0.028140229981428965,0.03290105713279924,-0.005126781194982402,0.03384017882847749,121.3190673828125,117.56422500610351,119.3029140327813,0.08923461356302241,1.9376113891601534,0.01870492693375294,3.492654495852725,0.015630518391778255,0.17676303879022381,78.95488253148518,2.8705787330918753,1.147473014091896,9.659034729003906,1.9781597529403463,51520900.0,0.13936379597387852,0.721555454030801,0.9999999994545026,-0.0030988422085191413,-0.0020725643663072318,1.1461398059610102
AMGN,2015-08-03,128.20732928222228,128.38861792344008,126.19140047707883,127.32988739013672,2922600.0,-0.005678783059510549,0.017256101386699665,-0.006843929258943125,0.0011893800419911888,122.13486709594727,118.32890281677246,120.06738768586277,0.07606750640882665,2.531877975463857,0.018924872087438035,3.4139227563030325,0.015375158720903972,0.1844917129949498,74.34921374710478,3.139509025584573,1.133122645267675,8.157997131347656,0.7915187838787562,48598300.0,0.2370491615013086,0.5743684802651937,0.9604440318083862,-0.043619148886616596,-0.0015066403840921822,1.1992577276160739
AMGN,2015-08-04,127.47493799213208,127.78676026239211,125.90135364379498,126.75704193115234,2474200.0,-0.004509058620895927,0.014874176533885846,-0.0056316643278073175,0.0011391716820649681,122.93978958129883,119.03266563415528,120.70449761398558,0.0648929120073459,3.0729149627685644,0.019086806783967916,3.381292267502097,0.015197042499090287,0.18807877954573332,71.69669774763712,3.2687344429110254,1.009878450075302,8.049224853515625,0.6680806654344806,46124100.0,0.3092267153678874,0.4798725582057082,0.9291954624492299,-0.0276043767131282,-0.003327654052185845,1.2611958598116593
AMGN,2015-08-05,127.2863804909499,128.72944206528769,127.17761173169504,127.94627380371094,2146700.0,0.009338241327083713,0.01212876535953983,0.0051843198794387976,0.004176009093720095,123.82375717163086,119.90756416320801,121.39419058443562,0.06704088850942981,3.6950234222412064,0.018092682495914364,3.3512472172008807,0.015068746858992232,0.1852028464197882,70.85952711006759,3.427596392839149,0.9349923200027401,8.839675903320312,0.5815873566316861,48270800.0,0.26523560633864807,0.9761900033121234,0.9940677488066227,-0.09561513274558485,0.005834261473906863,1.1179293989776748
AMGN,2015-08-06,128.3088563386531,128.3233625288076,122.00726111172767,123.02973175048828,3775400.0,-0.039184392186179064,0.05133800852211363,-0.04114388311771181,0.0028338655293582054,124.22694702148438,120.57289428710938,121.54995640977397,0.02037636632930663,4.226634979248047,0.020624960036191863,3.652187046684259,0.016329800418863255,0.16723118363398098,58.26231251265152,3.1207971710973936,0.5025544786087877,4.031898498535156,1.0280022654497136,44495400.0,-0.1913942233973774,0.7779868868547715,0.6918638100931228,-0.0703374471872816,-0.005490109825535027,1.4089098044028898
AMGN,2015-08-07,123.03697782510615,125.06741288791746,120.66571922016313,124.95138549804688,4156000.0,0.01549869792807194,0.03522724978366193,0.01555961229527278,5.889693909569131e-05,125.22186126708985,121.23314590454102,121.87390203722853,0.030670156793865585,4.669920501708987,0.020544504762360836,3.8365841766649615,0.016930077237862072,0.15426461090568638,59.900737761996474,2.9981570863916147,0.3039315151224069,9.949142456054688,1.1288784825874025,48651400.0,-0.177827027192611,0.8332577302829556,0.7945285389446685,-0.12685613616898672,-0.0022879793190759674,1.3850030023854045
AMGN,2015-08-10,125.37920354718152,126.67723624601042,123.60257730711618,123.71135711669922,2729600.0,-0.009973658679164304,0.024853489692089163,-0.013302416854599585,0.0034238759932864495,125.58879089355469,121.77121047973633,122.04889775908288,0.01593272029833151,5.000010986328121,0.020800525313419447,3.903401591936609,0.017190558615259584,0.14039693963120767,58.349489347724784,2.7689848746611574,0.05980744271355931,3.6692962646484375,0.7322202669642474,45921800.0,-0.031430614592321424,0.6171667139258007,0.6672229185690056,-0.1582602027268881,0.011849377624596756,1.0504892664501913
AMGN,2015-08-11,123.03694698133395,123.08045447538343,121.02101861386889,122.23202514648438,2924900.0,-0.012030002982167028,0.01684857842326093,-0.006542114824839528,-0.0054514811823548285,125.28567581176758,122.10623016357422,122.06633846264492,0.0010302093737693389,5.167810363769533,0.02066318809508192,3.9293015430504172,0.016902644139634868,0.13148999086757243,55.03391530022413,2.439869225400372,-0.21544656523778105,-3.0311508178710938,0.7920451575952958,42996900.0,0.1791970561459455,0.7334030437877808,0.5538882916216156,-0.13795184405959116,-0.00665808434141345,1.0323421591768804
AMGN,2015-08-12,121.60114816766955,124.13918867330766,119.37491875582016,123.72584533691406,4486400.0,0.012147109222358208,0.03850666693376843,0.017472673582940825,-0.005161306769308409,125.22403259277344,122.47497062683105,122.22438673638484,0.010213308920843104,5.33089698791504,0.02074797789616893,4.148920039787456,0.01752671135736937,0.12377714640200811,57.28984482303502,2.2733754501402927,-0.3055522723982884,-0.6164321899414062,1.1849238095363863,47483300.0,0.14046031015685292,0.6568328172986715,0.6683328905470617,-0.16119312486883852,0.0017533365650568254,1.0806098690048453
AMGN,2015-08-13,124.21394178832679,124.57092427397983,122.41447792999533,122.81517028808594,1897000.0,-0.007387648569292962,0.01755846886769892,-0.011260986328124938,0.003944983767002031,125.05537414550781,122.70426902770996,122.28065183654685,0.0009038093071638586,5.382762680053702,0.02064653423414627,3.9460736472445705,0.01754349183706557,0.11917635955974559,63.3127205448765,2.0443777539457813,-0.4276399748742401,-1.68658447265625,0.5049631193251541,45586300.0,0.3103367606427256,0.794714683640923,0.5985642253608139,-0.17104990815026958,-0.0023873274612879005,1.052025053287494
AMGN,2015-08-14,122.45824192901901,123.58018102757016,121.41645245395985,122.18869018554688,2704500.0,-0.005114053849740154,0.017708092052747537,-0.0022011727363224496,-0.0029062237037141667,124.46874084472657,122.89390411376954,122.27189358407067,-0.005738396328997793,5.421417694091801,0.020709323031916888,3.7199195293326963,0.017539244559630327,0.1144508119419375,54.30522653457747,1.7916902316085412,-0.5442619977691843,-5.8663330078125,0.7251622867347185,42881800.0,0.35747017563083366,0.7691862912154641,0.5505683122454395,-0.1609014434439219,0.003466915921460661,0.9988825182197159
AMGN,2015-08-17,121.70055747643787,123.76957352695086,120.93560114949129,123.69671630859375,1988800.0,0.012266242659331631,0.02291065164890465,0.016402216009095572,-0.003994909089931049,124.10542373657226,123.12014541625976,122.4075909864062,0.004682993919351282,5.454336090087878,0.020819690566430276,3.442708169369897,0.017694181150830997,0.11072591527020943,46.308552039925075,1.69359593495939,-0.5138850355346687,-3.6331710815429688,0.5383384808612116,44870600.0,0.31240433863578954,0.6600871584044543,0.6661012565227236,-0.1653674500121426,0.0030222186699880495,1.0274411058929853
AMGN,2015-08-18,123.85701404751764,124.02458345452436,121.73700648211732,122.18869018554688,2273400.0,-0.012266242659331574,0.01872167521342024,-0.01346975683856476,0.0012958932436329415,123.64858856201172,123.29418907165527,122.38674329108628,-0.008966350275161034,5.453904037475581,0.021026424008284875,3.369913405413974,0.01770558737572932,0.10564870836004528,45.06160852214776,1.4771428102765611,-0.5842705281739984,-4.568351745605469,0.6188648427929767,42597200.0,0.35214507645548837,0.5432999472473509,0.5505683122454395,-0.17941791929859005,-0.0019183649881689255,1.0493326268264846
AMGN,2015-08-19,121.53302307848715,122.18869370664719,119.80640448914725,121.35089111328125,3139800.0,-0.006880215304043129,0.019631410990431544,-0.0014986212026362165,-0.005366021241933923,122.98905029296876,123.40640373229981,122.28809070272389,-0.01665645020721528,5.384179153442389,0.02110677479678704,3.318905408567872,0.017705679564689557,0.10181646706293257,42.992744175692614,1.2238905181047244,-0.6700182562766681,-6.5953826904296875,0.8428665192898531,39457400.0,0.4249582390119396,0.5293875767094653,0.486382823643916,-0.1623479528322694,-0.009445827780747994,1.0519469920473665
AMGN,2015-08-20,119.71896085495698,120.5713369483519,117.3148171698568,117.40223693847656,3491800.0,-0.03308031427427719,0.027738140800516856,-0.01935135336905565,-0.013448028632940694,122.42630081176758,123.32662391662598,121.8227712966051,-0.04803818340275455,5.212311019897456,0.022413277099050277,3.0830124336804183,0.017982453318277702,0.10626787638403423,26.718529174995282,0.6965336539616658,-0.9579000963357815,-5.627494812011719,0.9155409657255527,35965600.0,0.3920337259475037,0.12461182006717963,0.18386840709902771,-0.13885509274776375,-0.020511665699959707,1.2553923548097163
AMGN,2015-08-21,115.81405270735272,119.42026270334469,113.06021881103516,113.06021881103516,6208400.0,-0.03768537460440893,0.05625359617373009,-0.023778063472799323,-0.01352771695445734,121.2371841430664,123.22952270507812,120.98824248845558,-0.08252327584178742,5.144913787841801,0.02268966334127661,3.380357179819581,0.0186441385567708,0.11533570246793307,23.07115069526631,-0.07094720023646062,-1.3803047604271264,-11.891166687011719,1.5903458292614514,29757200.0,0.34073374940497897,0.11901528459590194,0.0,0.20020458433613783,-0.031370024849548026,1.1605764633436082
AMGN,2015-08-24,105.8769400052999,112.49925463262683,101.99388573581231,107.5598373413086,8697500.0,-0.04987326745902641,0.09766999612949309,0.01589484297453678,-0.06353498057297353,119.62203216552734,122.60541152954102,119.70934676015587,-0.12271541688522683,4.633828430175782,0.022580829180121432,4.036137641007132,0.02212545105431886,0.16182626823146537,19.4532553527482,-1.1102182180595008,-1.9356606226001332,-16.151519775390625,2.147096143496872,21059700.0,0.029565906369184942,0.2694939446644539,0.0,0.13345049384465554,-0.039302628810912135,1.2558913131519656
AMGN,2015-08-25,111.10049232425855,112.10586427108052,105.54911390440297,105.77495574951172,6701100.0,-0.016733540878856833,0.06198773916015385,-0.0479344102202868,0.032918002392610196,117.97632522583008,121.63100051879883,118.38226190199929,-0.13036187075380062,3.8078514099121037,0.01955077745193789,4.363591229045861,0.02254452759365523,0.20310070973188105,15.377135157224544,-2.05419355025154,-2.303708763833738,-16.457069396972656,1.692968638482945,14358600.0,-0.35470255957876323,-0.004886501299078017,0.0,0.1840516617236725,-0.01585706765365525,1.0789462524562614
AMGN,2015-08-26,110.17524444039347,112.2734078399684,107.18828744586341,112.17869567871094,5251300.0,0.05877931871250493,0.045330535921626294,0.01818422322086488,0.04160047772841601,116.82161026000976,121.0228214263916,117.79144607120992,-0.07307816528686559,3.221916580200201,0.024880151049666968,4.376616277144201,0.023113466397757076,0.21437006240802334,33.80709007009918,-2.2595260976425067,-2.0072330489797636,-11.547149658203125,1.3243651871495241,19609900.0,0.6054144684821574,1.4646135988175943,0.28742013202896854,0.0811646222862879,0.03669183576934207,1.3277714288177096
AMGN,2015-08-27,112.83434388313027,114.4516758385839,110.26992394493708,113.44630432128906,4910500.0,0.011236538325840314,0.036861067609604635,0.005423529903206027,0.005844676660327435,115.88472366333008,120.47004890441895,117.37762304740794,-0.05830282835447779,2.6576242828369203,0.025109684609007303,4.360906150422236,0.023406930897826396,0.22057004805485325,32.48924500941497,-2.293529813168888,-1.6329894116049162,-9.368865966796875,1.2250325249191398,24520400.0,0.5371482492328137,1.2400016126719813,0.3443144230899777,0.14310948348528413,0.02553572406345781,1.2079780985077018
AMGN,2015-08-28,113.92719598900752,115.10740762383489,111.9820278397184,113.5702133178711,4649300.0,0.0010916298970256118,0.02751936174821544,-0.0031334280461959726,0.004238936390175645,115.0228759765625,119.74580841064453,117.01501259697585,-0.05157253664859362,1.9842146301269565,0.023940909784872098,4.36452906793811,0.02329220791882797,0.21918602838470883,34.022323214450566,-2.2841493305841993,-1.2988871432161817,-8.618476867675781,1.1993674641296441,29169700.0,0.6602158650153713,2.1469798413160075,0.35159197778803425,0.15862563608951372,0.002293194749146393,1.2050594500516296
AMGN,2015-08-31,113.1621719284029,113.90527305173562,110.22620714788313,110.57589721679688,4354500.0,-0.026719127372796414,0.03327186119628994,-0.022854587072103437,-0.0035928557105561684,113.7107940673828,118.90810890197754,116.40176351314928,-0.07007269531171642,1.2659343719482479,0.024382137594876632,4.435152453725408,0.023592227112335263,0.2224147702020285,32.47216503739628,-2.4896325807179807,-1.2034963146799704,-13.120819091796875,1.1029481605499416,24815200.0,0.7310817068691483,1.9221240462341214,0.21653838772163028,0.1427594100663774,-0.006604363969934343,1.2163697133482847
AMGN,2015-09-01,108.71818937857152,110.0004052901548,107.05714705352128,107.42870330810547,5523000.0,-0.028874735327365314,0.027397316973958648,-0.011860812600326598,-0.016800296312161955,112.23479537963867,117.94169197082519,115.54718635076415,-0.08913717013081583,0.5036334991455078,0.02485010259122392,4.346186756995986,0.02378809858997681,0.23108348119672123,26.654140342770404,-2.8733100533882947,-1.2697390298802276,-14.759986877441406,1.3469105559206875,19292200.0,0.8123398625169388,1.7387070499080617,0.07458950134607073,0.17313051508107385,-0.02857390839912958,1.177047875748343
AMGN,2015-09-02,108.601585457766,110.99115445373737,107.27566024649924,110.94743347167969,4339100.0,0.03222911431851553,0.03348878014547796,0.021600495094300037,0.010917772564904858,111.19444961547852,117.09174995422363,115.1091146479942,-0.0524743757348065,-0.22025276184082543,0.026219658250863614,4.457547318656959,0.024168734433009424,0.22393570481746575,34.18131356089053,-2.8604713644729145,-1.0055202727718777,-10.403457641601562,1.030636930345133,23631300.0,0.7447558108559724,0.9446409632096565,0.26973100766401903,0.14426799738736204,0.018790972474716408,1.2159651795201525
AMGN,2015-09-03,111.23158034609855,112.28066179058087,108.49960204961259,108.7181625366211,2868400.0,-0.02029764799155674,0.03477854714197037,-0.02259626089692268,0.0025610946150583735,110.32604217529297,116.37617149353028,114.50045254214915,-0.06580392582630129,-0.791295852661122,0.02536134366822624,4.573070973468242,0.023650536059292425,0.22868403293754447,32.7806713826477,-2.9956481772137096,-0.912557668410138,-8.684074401855469,0.6887303365255902,20762900.0,0.8076113377538788,1.2584369328905272,0.15348043531405503,0.1526916258036313,0.0019979462783507314,1.1897958285641839
AMGN,2015-09-04,107.45054792553127,108.52148446857093,106.18290580287518,107.10813903808594,3362800.0,-0.014919899503159197,0.021833809145579388,-0.0031866648803190586,-0.011659639765000968,109.73083419799805,115.48400917053223,113.79642268461932,-0.07252839759033534,-1.5231102752685501,0.024913698852094244,4.55173414177441,0.023340019144534756,0.22996290218426627,28.85003128287815,-3.1958524186776742,-0.8902095278992821,-5.952079772949219,0.8152034917899059,17400100.0,1.0155687039673096,1.8496550667235236,0.07426836878140805,0.16846649171331216,-0.016208017914521453,1.17287149840448
AMGN,2015-09-08,110.44483618328367,112.67412982097237,110.00771498840388,112.60127258300781,4508400.0,0.050014048125018175,0.023680148291422325,0.019525008812051003,0.031152601241734357,110.23497772216797,114.92850494384766,113.68259886541821,-0.020249392106657042,-2.0388612365722594,0.028136197055873235,4.785906556808652,0.02332836340263798,0.22184731484779252,38.90387826779841,-2.8780889356864066,-0.45795683592641145,5.041435241699219,1.0698509389434616,21908500.0,0.8711784535115487,0.5732157338306076,0.3802773559748216,0.11485220592695042,0.02665508826735223,1.306835421588519
AMGN,2015-09-09,113.7887485394977,114.20400356727721,109.73084372567035,110.06597137451172,2987600.0,-0.022773091655952583,0.04064071561578677,-0.03271656655661131,0.010545848454905367,110.66407928466796,114.32020225524903,113.33815815199854,-0.03721329036173899,-2.6498146820068342,0.02838495729490546,4.935254458530575,0.02382998171566827,0.217602844309785,37.43303976891849,-2.7985764578304213,-0.30275548645634087,4.291015625,0.7084354948093275,18920900.0,0.8962111942444428,0.5222614403850198,0.23904194840688836,0.04197473086819141,-0.01388303492073555,1.3110797611854677
AMGN,2015-09-10,109.89109579448574,112.42637973739832,109.68710896456612,111.56671142578125,3477900.0,0.013542794947570902,0.02455276074579356,0.015247965444162907,-0.001588825118627712,110.602880859375,113.71224555969238,113.16944893997784,-0.018868100997837083,-3.262591781616223,0.028431427164685216,4.842625660631128,0.023478120043571155,0.20520623650322503,43.12679159694977,-2.5846705926530262,-0.07107969702315664,-0.6119842529296875,0.8346783048199378,22398800.0,0.8869489274886924,0.48834435504862655,0.3231689015119004,0.02195652212567364,0.0048478714086145685,1.3125718864046383
AMGN,2015-09-11,110.7726419936823,111.79257635458997,109.95668338850535,111.61773681640625,2422700.0,0.00045724862924712337,0.01644803969735,0.007629093316851187,-0.007117440515643399,110.42002410888672,113.15237388610839,113.02166683297102,-0.013562570691153204,-3.8069838714599626,0.028447799390450966,4.519472023043634,0.023466306446568896,0.19223291553951455,48.109968109104415,-2.383555190282962,0.10402856427752605,-1.8285675048828125,0.5777908152557572,24821500.0,0.8400218457352081,0.42057078297675016,0.3260160208241083,0.02767412442015884,0.005336458844977725,1.3064792729441175
AMGN,2015-09-14,112.11311963514042,112.11311963514042,109.3155761265569,110.00767517089844,2896200.0,-0.014529831726302645,0.02543043932377894,-0.018779643908705037,0.004438208772759823,110.06377029418945,112.54332313537597,112.73462000801172,-0.022530416677206663,-4.393444290161142,0.028536362611169184,3.9288441968551107,0.023591443200333226,0.17913654546263583,53.571407103876844,-2.32726108675395,0.1282581342452307,-3.5625381469726562,0.6891407156241635,21925300.0,0.8841419469931534,0.44191965857473314,0.23617765704831767,0.02549617829131057,-0.005743774529120163,1.3163285301568348
AMGN,2015-09-15,110.75077604038081,111.31173432488322,109.45399771767575,110.83819580078125,2560200.0,0.007521304713005002,0.01676079797028216,0.0007893376780363366,0.00675499112519157,110.09000015258789,111.90039710998535,112.55400817875167,-0.00949238194534802,-5.012407608032234,0.028404192079657622,3.5932003568929622,0.023494437332093113,0.15405608710840793,57.598908476096234,-2.1903821680809727,0.2121096423345663,0.262298583984375,0.6050772890400938,24485500.0,0.9165554769147348,0.5470796706113122,0.3084758113954128,0.025651470253560835,0.013864722557187723,1.2884645939445483
AMGN,2015-09-16,110.71435996513686,111.37732286707204,108.16451291134089,110.1388168334961,4004200.0,-0.006329900962566165,0.02917055083847647,-0.005198450605883511,-0.00111726679372304,110.36101150512695,111.29790344238282,112.323989955394,-0.010414271725134207,-5.564041900634763,0.028357246928146843,3.3585116329839955,0.023689425499917885,0.12850112585709758,46.30606812769183,-2.1139701446524555,0.23081733261046677,2.710113525390625,0.9273843809312058,20481300.0,0.8874588236046567,0.5275629936607773,0.2801668714761929,0.02323404214395914,0.008784106224412102,1.2667165903595776
AMGN,2015-09-17,110.51767225938684,113.89804102764649,110.00770498934928,112.12772369384766,3519500.0,0.017897070278211885,0.03469557670607261,0.014568271313948744,0.0034397993076636024,110.47904052734376,110.83674507141113,112.30529793048483,0.01164756887803553,-6.058788681030279,0.028805826594504903,3.3376962147447378,0.023999554749185296,0.09735591036205594,47.6730255474541,-1.8713531101473393,0.37874749369246663,1.1802902221679688,0.8115580438672545,24000800.0,0.7316326297066083,0.1369903443976149,0.5463674470091523,0.017097816111191197,-0.0017635808560261745,1.2737114502227311
AMGN,2015-09-18,110.09512613788556,111.7343138153213,108.57250558546062,109.7090072631836,6487300.0,-0.021807139615297972,0.028819951148366003,-0.0035071386740443003,-0.018127520019151386,110.578125,110.45208358764648,112.0580321526466,-0.006727589922495586,-6.443167724609381,0.02832535823155807,3.368398952192634,0.02402746178886708,0.08032664631432197,43.69646750285972,-1.852888617637646,0.317769588961728,0.9908447265625,1.4459617139883139,17513500.0,0.7525673341994392,0.2503711440561192,0.5046724209079764,-0.08314258104082944,-0.015323034177033075,1.2624730052520805
AMGN,2015-09-21,110.71439196361436,111.31907148796635,106.59821354798781,107.15917205810547,4702600.0,-0.023516153627478317,0.044054632462247174,-0.03211163284604674,0.009164103527242073,110.58322830200196,110.15703125,111.59147404840459,-0.027214415256806714,-6.64647644042968,0.02761550467237882,3.442812669058781,0.02360442122291581,0.08152655767130239,44.3399538690006,-2.02071225248514,0.11995676329138716,0.05103302001953125,1.0660579138806743,12810900.0,0.8150731946268113,0.40524571947194893,0.1775715933282962,-0.18700902757132284,0.0045584009930274855,1.2624670015180743
AMGN,2015-09-22,105.63653087915641,106.9333094723568,104.0483456128702,106.31405639648438,4518000.0,-0.007917808550316723,0.02713624103220658,0.006413742591594798,-0.014209154006186506,109.9545066833496,110.0947422027588,111.08886284345981,-0.03434029391986425,-6.576045303344728,0.025434115741393308,3.413675260627329,0.01993347045169413,0.0848888575881045,48.00104641352982,-2.1965865804011173,-0.04473405169967215,-6.2872161865234375,1.0751434357472105,8292900.0,1.1284602666155852,0.6476288330306524,0.06915751552190759,-0.25393519288805294,-0.01175162276663923,1.266366534037832
AMGN,2015-09-23,106.42329634022818,107.122676500601,104.92981277272446,106.16102600097656,2785400.0,-0.001440455231187304,0.02065601483407263,-0.002464407214123058,0.0010275211712024773,109.56401214599609,110.11404571533203,110.6195450489376,-0.0358993231851171,-6.3693296813964935,0.02514661720334978,3.3049159406729305,0.018427069433285044,0.08355699924259778,40.23782240842416,-2.3215550844738004,-0.13576204461788421,-3.9049453735351562,0.6952298109670793,5507500.0,1.0830966055217581,0.6608670112641075,0.0,-0.2044245791272269,-0.00265443018175506,1.283381127836577
AMGN,2015-09-24,105.43251818557027,106.09548098853462,102.98466493469743,104.55099487304688,3519200.0,-0.015282113050960519,0.02975405501989296,-0.00836101923480422,-0.006862290643268531,108.86244049072266,109.73266067504883,110.04158788932895,-0.04722081621028418,-6.514713897705079,0.020982730339441556,3.261723178195134,0.017798471988624585,0.0932370041309846,41.28055125151936,-2.52144394448554,-0.26852072370369884,-7.015716552734375,0.8977917466019021,1988300.0,1.0766285827286348,0.9871758781486624,0.0,-0.35830264021213465,-0.0038455332553067527,1.1392827582948377
AMGN,2015-09-25,106.40876394470574,106.9114498829238,99.63345348351976,100.9229507446289,5243700.0,-0.03531757979466167,0.07211438375221485,-0.05155414833055933,0.01776902337385405,107.79296188354492,109.10649299621582,109.17314625650037,-0.07500508931096105,-6.794756546020508,0.021802457731496205,3.6004902971707153,0.019530500347796426,0.11292962172288977,38.06585979598884,-2.9387342473943505,-0.5486488212900071,-10.694786071777344,1.332071637241204,-3255400.0,1.120549822239743,1.1321418296095869,0.0,-0.31224617306536656,0.002985087650570348,1.2157473033447121
AMGN,2015-09-28,100.52953384108035,100.67523714694349,94.77415876966441,96.34049987792969,7514700.0,-0.0464685719241598,0.06125231221299626,-0.041669684550341146,-0.0038981906558007854,106.42624435424804,108.24500732421875,107.95098945854127,-0.1099774275097263,-7.215132446289061,0.023466064993956336,3.64211895374772,0.020822388902612607,0.1488989218875311,17.482562933027864,-3.597732881519491,-0.9661179643321178,-13.66717529296875,1.8419420702637648,-10770100.0,0.9434766780211776,0.9198525557679159,0.0,-0.14617345677276902,-0.025190942871675167,1.2753025400293212
AMGN,2015-09-29,96.16565899219478,100.53682531002181,95.75039285610482,97.49158477783203,6251500.0,0.011877274434140385,0.0490958523735614,0.013787934274384484,-0.0018148222809352766,105.09158325195312,107.59079170227051,106.9548556794261,-0.09386683344040632,-7.435741958618166,0.023445956896121833,3.6644955689127294,0.02137853782912842,0.17272979207329592,23.38071608401367,-3.981218111323102,-1.0796825553085831,-13.346611022949219,1.497501569005083,-4518600.0,0.736984790341137,0.5923368969859722,0.07078906519829635,-0.2534585536394405,0.0044313511300750445,1.2768585402960648
AMGN,2015-09-30,99.56059228795648,101.44747625191121,98.97776793898228,100.76995086669922,6209500.0,0.03307414040561191,0.02450838064013662,0.01214696046850486,0.02122242155401815,104.15469665527344,107.25785408020019,106.36581712583306,-0.06048884036641041,-7.409922256469727,0.024408440895536846,3.751397047573228,0.021324422949727057,0.1823798637551387,28.74366246602733,-3.974777414065045,-0.8585934864404208,-9.368865966796875,1.4753103212325178,1690900.0,0.5228643457526265,-0.03291680317890785,0.27240101478463163,-0.100854538033892,0.017932073098927175,1.4610557210904789
AMGN,2015-10-01,100.93752430544534,102.46014466998852,99.51689738358803,102.16144561767578,4675900.0,0.013714157436035103,0.028809765451197344,0.012125533300447881,0.0016629306385966942,103.15806884765625,106.8185546875,105.96540079172284,-0.0435983156994465,-7.510318603515628,0.023293565460147426,3.8304937847386475,0.021193021610096723,0.18483490376041467,32.31612020852184,-3.8134322447500324,-0.5577986537003263,-9.966278076171875,1.1065163040713146,6366800.0,0.5489248966496028,0.40688903865011006,0.3579747310746497,0.028561725004898827,0.002120395112994067,1.4127991629950511
AMGN,2015-10-02,100.72622126587031,103.84431848263098,98.81748252455436,103.79332733154297,4803500.0,0.015847322619411672,0.04843120542826025,0.030449926812770325,-0.014048590866427145,102.56650085449219,106.57231292724609,105.75853665265808,-0.02607605596024039,-7.45247024536134,0.02336665546215243,3.9897289597024406,0.021734343260380255,0.18612657800410023,38.38824156332853,-3.5133856962346215,-0.20620168414793216,-5.915679931640625,1.111267911922157,11170300.0,0.3413692938939164,0.19913628857253016,0.45833169088591336,0.03985421385352712,0.014462660288272292,1.4185509663308316
AMGN,2015-10-05,104.90797899889824,105.5709418119086,103.6112007033667,104.76227569580078,4367100.0,0.009292057580372838,0.018706553437540914,-0.001388867696126269,0.010739145723643555,102.32681121826172,106.45501976013183,105.66365465676691,-0.015901026256396382,-7.36496406555176,0.02329671528375149,3.997014995512042,0.021683052806747233,0.1868720268154842,38.705328436034684,-3.160972881915825,0.1169689041366917,-2.3968963623046875,0.9987067649571038,15537400.0,0.18798835570051806,0.17161597368998105,0.517919779424863,0.1486822937493993,0.02189228316143258,1.3669479992899405
AMGN,2015-10-06,103.53837631850806,104.4490361471368,100.5805549737544,102.88270568847656,4759700.0,-0.018104182745566383,0.037600888774211964,-0.006332633882672637,-0.011682634509072452,101.98367614746094,105.96909141540527,105.39880237407259,-0.029125339150355565,-7.50770530700683,0.020061042223143758,4.066222907391702,0.022033999147448753,0.1816923629921902,37.078412932442546,-2.9987807016871955,0.2233288674922571,-3.4313507080078125,1.085371192980216,10777700.0,-0.18704828449900052,-0.4532943819725722,0.4143987494372824,0.29147747659948314,-0.0018219275981122488,1.1936168720260858
AMGN,2015-10-07,103.92448659216598,108.04795662274543,102.16874303643975,107.8585433959961,8002400.0,0.04723102563405261,0.05450855723797887,0.037854955389567194,0.010125908885443508,102.15342788696289,105.8587200164795,105.63306342377959,0.018891437372426923,-7.269984054565427,0.02275551679878687,4.208285589392307,0.022652997904247234,0.17908002460034578,43.128501938023525,-2.440599994621195,0.6252076596466063,1.6975173950195312,1.7261208871326084,18780100.0,0.10357946162476417,0.08903123842590698,0.729580048086553,0.20532268424048838,0.008828939923018211,1.3096521966371382
AMGN,2015-10-08,107.5889438801247,110.00037942260693,105.65835030786292,109.2062759399414,6638500.0,0.012417948398993404,0.039759886301149315,0.015032511719965674,-0.0024995657032153033,102.61895599365235,105.7406982421875,105.97336937769975,0.03277430313365601,-7.085285797119141,0.022718956719695642,4.264486375560662,0.02305287163847634,0.17467237761980972,49.16193074144977,-1.867954394472747,0.9582826078360434,4.655281066894531,1.3847257769461983,25418600.0,0.10917653324914729,0.1104673654628825,0.8149486067898718,0.24605550856603242,0.010239139145182695,1.307121263113364
AMGN,2015-10-09,108.73278719502056,109.8255790261263,107.82940861271662,108.98048400878906,3080900.0,-0.0020697132292327473,0.018316769571776713,0.002278032414677608,-0.004335728334708902,103.42470932006836,105.60883560180665,106.2597612473273,0.03192581745428067,-6.9067230224609375,0.022718479962946646,4.0698658379486,0.023077217960572452,0.16954370290429344,53.29120482336329,-1.4160250966196202,1.1281695245513363,8.057533264160156,0.6382639320488916,22337700.0,0.1276868150215374,0.11402537867136524,0.8006464132159985,0.24637418479525539,-0.00013551239084789803,1.3086891227686612
AMGN,2015-10-12,111.30448607615001,113.009238608484,110.46668347985724,111.48661804199219,5473000.0,0.022735745729274993,0.022805922121245874,0.0016363398481312513,0.021324938024440455,104.9393211364746,105.68278274536132,106.75755713253348,0.05491751017396076,-6.501407775878917,0.02308824116887468,4.135432134695719,0.023029998079483686,0.17274994464355928,58.81774864907187,-0.8458928737541527,1.358641397933443,15.1461181640625,1.1043536514496028,27810700.0,-0.0722351621771809,-0.06445723648189575,0.9593908549771136,0.24987839716810914,-0.00031120658986599206,1.2682795184959132
AMGN,2015-10-13,110.40106875242532,111.45015028588675,107.41411223146055,107.51610565185547,4143900.0,-0.03626390977380181,0.03753891596013688,-0.026131659169345414,-0.009737036683254584,105.94177322387695,105.51667823791504,106.82979984865938,0.018948923026482982,-6.271236648559565,0.024415295789390664,4.269692283456798,0.02344799756239462,0.16774623061163096,52.043991392848255,-0.706304310052758,1.1985839693078704,10.024520874023438,0.8230147814559015,23666800.0,0.03724434822310741,-0.4468531971126607,0.7078892335445786,0.15898389084373737,-0.007768229656850042,1.4000136281260511
AMGN,2015-10-14,108.0989131634148,109.95664938075488,107.18825379552366,107.68364715576172,3197400.0,0.0015570792770039329,0.0257085979009125,-0.0038415373059794205,0.0054206531014665705,106.63314285278321,105.39391975402832,106.91111863981197,0.021725422178786404,-6.012527236938482,0.024392631250406242,4.240551891953375,0.0233684418180197,0.1640666909152775,54.94025178496273,-0.575525864561385,1.0634899318393947,6.9136962890625,0.6401604906015094,26864200.0,-0.01580337961559945,-0.43634957385296963,0.718501707640955,0.15396161943645256,-0.003991059125166903,1.4338663310510409
AMGN,2015-10-15,107.42144915529677,111.30450464897207,107.07175883513558,111.12965393066406,3269600.0,0.03149983745799523,0.038088355934927855,0.03452015220914051,-0.002434891530797483,107.52996368408203,105.34401626586914,107.3128839056074,0.05492136971684297,-5.72609832763672,0.025148808582776818,4.0230339929842645,0.02348213182674746,0.1612302838215422,66.18911382828281,-0.19161029286441078,1.1579244028290951,8.968208312988281,0.6562575895339198,30133800.0,-0.0014064848527181432,-0.6120633850056698,0.9764319730490799,0.19759459894031384,0.014254727589192641,1.5301951759931802
AMGN,2015-10-16,111.60316570717893,112.28069116607026,109.70170787069696,111.18061828613281,4793100.0,0.0004584975390777917,0.02319633885050052,-0.003786159813376495,0.004260894907585169,108.26869277954101,105.4175968170166,107.68123956089553,0.05466849599236869,-5.415535507202151,0.02463829839384142,3.7680476587277494,0.023372802778965567,0.1645853981852596,77.48998128256542,0.1154273861705093,1.1719696654912122,7.387290954589844,0.978686998211325,34926900.0,-0.11216793226519226,-0.39480529953626176,0.9797968190698924,0.14756965257738572,0.004084137633562608,1.5613929749973048
AMGN,2015-10-19,111.18062815312523,113.7523304012895,111.07135342955814,112.53569030761719,3271700.0,0.012114347873891955,0.02382334852528014,0.012187933968367948,8.874741448943774e-08,109.04603424072266,105.6864227294922,108.14356820344045,0.064807450202529,-4.898395690917965,0.02407421615063428,3.6176579814287755,0.022862249395675934,0.1744506041084855,77.65882149965705,0.46276547389553,1.2154462025729864,7.773414611816406,0.6779411658051756,38198600.0,-0.30066765895420183,-0.09519125836545075,0.9999999993825327,0.1266038187211887,-0.0008355646960830048,1.5693814146525682
AMGN,2015-10-20,112.33169233788884,112.92179801987669,108.89304056693523,109.60699462890625,3385300.0,-0.02636922642670917,0.03675639010613811,-0.024255823555001887,-0.0018127401997599024,109.71846313476563,105.85106964111328,108.28294214872291,0.03548310848938402,-4.451661529541013,0.02482500279094925,3.622862694204653,0.023086672605405482,0.17726619473455466,66.45865914436894,0.49599462838240527,0.9989402856478894,6.7242889404296875,0.7098106640387478,34813300.0,-0.23865165606140945,-0.41981710452931154,0.8191626273480579,0.09451564712406968,-0.0020066468127147466,1.698406773304456
AMGN,2015-10-21,111.00575344094825,111.28259750263769,107.31212407035069,109.34471130371094,3832600.0,-0.00239581098064534,0.036311526958617925,-0.014963567975068441,0.012761583480851274,109.86707992553711,106.01025390625,108.38406302062654,0.03145410254756827,-4.034730987548826,0.024832505916368396,3.696235990339403,0.023432533436535372,0.17943918815535082,63.966001883839766,0.4954536194504584,0.7987194213727541,1.4861679077148438,0.7948714757987912,30980700.0,-0.2321889783503178,-0.4257801428542324,0.802967490515794,0.09786822964875273,-0.0029212113819455654,1.699014559966131
AMGN,2015-10-22,110.80909727644314,111.4210580402963,108.23739469640103,110.96208190917969,4079800.0,0.014683157426753702,0.028691452873974035,0.0013806143764070764,0.013392380438636761,110.04266052246093,106.33080825805663,108.62958862906017,0.04355533195876129,-3.458901367187508,0.024659950847539528,3.5645808036121642,0.02341512144029009,0.18308259848167865,63.94565779119605,0.6184045739206567,0.737336300674362,1.7558059692382812,0.8412496468846462,35060500.0,-0.4122733159211429,-0.25485085201570024,0.9028348314706286,0.03768836207224444,0.021673631423953,1.5322652520947084
AMGN,2015-10-23,111.90917426719888,113.79605891257839,110.63425040684183,113.46822357177734,3657300.0,0.02233429066190796,0.027865145026585113,0.013931380646737828,0.008535279274900118,110.49143447875977,106.95807189941407,109.09041100455704,0.06086638957446411,-2.644698791503899,0.023307270121556617,3.6504427605546406,0.021747354524145487,0.18478410666560763,65.98028319865023,0.9076064563604263,0.8212305464913052,4.487739562988281,0.7666700905799759,38717800.0,-0.6139690427294691,0.3498951811316391,0.9999999994161513,-0.16766565632652503,0.007588046019752436,1.5346233910124887
AMGN,2015-10-26,113.65032721528834,116.49887334100441,112.66681032165253,115.5299301147461,4346600.0,0.01800680239237449,0.033169439430507874,0.016538473275991637,0.0016048867055348261,110.89576568603516,107.91754341125488,109.70369853886076,0.07053891761121486,-1.5520520782470726,0.020010221343957028,3.6254672103621766,0.02067183901003474,0.17137942343896864,73.0605367660213,1.2883126530801405,0.9615493945688156,4.043312072753906,0.9424616188544362,43064400.0,-0.49244560751081223,0.6269873763332707,0.9999999994456253,-0.1534868803475844,-0.0029774308066478072,1.2791728062096586
AMGN,2015-10-27,115.52995240655952,118.10893620744363,114.98355649721131,118.00694274902344,3877200.0,0.021213828006245262,0.02648471045368377,0.02144024377113206,1.9295271277828276e-07,111.94484939575196,108.94331130981445,110.4944837017334,0.08319585048625623,-0.41248870849609887,0.02018779618268067,3.4287647906426506,0.019934525015686017,0.16382126417467285,70.35953375620618,1.769501562611083,1.1541906432798064,10.490837097167969,0.8628943415122684,46941600.0,-0.5453993559663345,0.5505163055781053,0.9999999994198523,-0.1517466729992926,-0.003722552948506001,1.153532911787027
AMGN,2015-10-28,118.54603401778247,118.65530873153435,115.63920435102123,118.50960540771484,4878900.0,0.0042505559921164875,0.02545029468401865,-0.00030729505520333574,0.004568301289743382,113.02744522094727,109.83029403686524,111.2578286261126,0.07902474856287225,0.5480757141113344,0.019415823724578955,3.33405588105473,0.01995962288612685,0.1644149055680627,69.31923250710248,2.1664346062405,1.2408989495273788,10.825958251953125,1.1021478656883652,51820500.0,-0.4700762184442133,0.8542511908936212,0.9999999993883103,-0.182938952468146,0.013242342381291452,0.9872419736667323
AMGN,2015-10-29,120.1998098889951,120.20709116532467,115.79221432297605,116.98699951171875,4870200.0,-0.0129312022435518,0.037738183394526455,-0.026728913966198413,0.014262172888563436,113.61317977905273,110.57157173156739,111.80346394855128,0.05802058955737719,1.3766312408447305,0.019927368868995817,3.506820625978939,0.02020684720463208,0.1593458246669738,65.77656547944414,2.3312718811272077,1.124588979531269,5.8573455810546875,1.0977733247528703,46950300.0,-0.282809449283948,0.3814135856659943,0.9025650684155051,-0.17453718348079,-0.002344794777833248,1.0616124460101546
AMGN,2015-10-30,117.33666576747137,118.02148356183254,115.20208501178614,115.2385025024414,4589700.0,-0.015058897806381494,0.024465768721583916,-0.0178815654195249,0.0029889325926133956,114.01896820068359,111.14383049011231,112.1306104774932,0.036841199320491055,1.9921646881103499,0.020387518947727917,3.420438051004044,0.019350993338964048,0.1517778482466944,57.62049259764664,2.294369450385261,0.8701492390314578,4.057884216308594,1.037045740321686,42360600.0,-0.08863010324199604,0.05267664380301368,0.7906748637317272,-0.11531322951260702,-0.003078803640574492,1.1371304999592864
AMGN,2015-11-02,115.84318606838612,118.56788367991119,115.37692878305862,118.24732971191406,3222500.0,0.025774529866483955,0.02698542880102829,0.020753431644297996,0.0052472355403256005,114.59013214111329,111.81808319091797,112.71315516648568,0.05749737732508619,2.5626751708984443,0.020894899966094546,3.3673577200710545,0.019533334103649932,0.15100613126558474,72.68240984932072,2.4793310333187577,0.8440886575719633,5.711639404296875,0.737664858653341,45583100.0,-0.15997776413811318,-0.1961643627917483,0.9832163954242275,-0.15560479692628082,0.014138082951699207,1.4704481464957229
AMGN,2015-11-03,117.27111802028823,118.8593032499969,116.92870907324979,118.35662841796875,2411500.0,0.0009238959034600525,0.01631166925378559,0.009256417232184367,-0.008255676419959583,115.46509552001953,112.59177932739257,113.25062880948407,0.05120133214888843,3.1204354858398347,0.020156738106520765,3.307514762322189,0.018992139915865597,0.1386778084987568,72.61498419780628,2.6047084548087014,0.7755728632495256,8.7496337890625,0.5672642759941239,47994600.0,-0.23395308655360622,0.20691947427498386,0.9860847770951732,-0.043393224076553105,0.00275333440464392,1.4008806794334818
AMGN,2015-11-04,118.64077022606146,119.47129156825385,117.12543089502647,117.93409729003906,3059500.0,-0.003576370397325327,0.019891284430304565,-0.005956408869192991,0.0024007257716845767,116.32403411865235,113.09555702209472,113.69667342667978,0.042782761722452683,3.3810303497314464,0.017783147397700958,3.1727372522786816,0.017644879765580383,0.13831282836971315,66.53677624533121,2.6395491542630225,0.6483308501630773,8.589385986328125,0.7641185226625641,44935100.0,-0.5875322890012655,-0.015660009119293355,0.9476501441821976,-0.09754330023283933,-0.0029243107306709784,1.2435677224313995
AMGN,2015-11-05,118.1671858153035,118.37117267352637,115.70476985062734,117.45323181152344,2202400.0,-0.0040857436913607,0.022701825924873593,-0.006041897324152048,0.001976430316765753,116.97314910888672,113.50790481567383,114.05444089190298,0.034758169505960425,3.6878874206542918,0.017783267963397038,3.1789815042448057,0.017072011634818345,0.13791993391525628,64.93225522887926,2.598406027010725,0.48575017832862377,6.49114990234375,0.5823135223173033,42732700.0,-0.44400298089598844,-0.1344974297360818,0.9039092528594028,-0.07770386082438119,-0.0016175539301551756,1.264017513357837
AMGN,2015-11-06,117.19826987459415,117.19826987459415,114.26230357344357,116.89958190917969,3344000.0,-0.004724935225427178,0.025115284872717077,-0.0025485697505096645,-0.002170752843467324,117.31628494262695,113.90385971069335,114.32540670307219,0.026300445007704107,4.014776763916004,0.017838955919896326,3.2154065946982704,0.01723349518803184,0.13454587497427983,60.80056315560497,2.4923941142812396,0.3037906124793106,3.4313583374023438,0.8810874474021885,39388700.0,-0.41940691998023344,-0.18973759438579132,0.8535476833742126,-0.047183752212567195,0.000441965967903773,1.2675675412844827
AMGN,2015-11-09,116.38227295681543,117.00880707748499,115.3404839244585,116.29485321044922,2722200.0,-0.005186487867967237,0.014345631874245241,-0.0007511431435837855,-0.004425242108788397,117.39277725219726,114.1442714691162,114.5129730371081,0.018840908209001906,4.2006957244873036,0.017337318534906377,3.046804144704344,0.017069689225621673,0.1339535227520656,68.70396773137702,2.3326925301724515,0.1152712226964181,0.764923095703125,0.7442239397228366,36666500.0,-0.274266600289979,-0.056221505356167496,0.7985398413211777,0.11531568754815415,-0.011031983860924268,1.2254463349856914
AMGN,2015-11-10,116.74657361313336,117.41681781877905,115.14381476341964,115.37693786621094,2871300.0,-0.007924315198880014,0.019700670666048917,-0.011731699736739426,0.003884268221799156,117.12977676391601,114.53731307983398,114.59525540178456,0.007330578689162453,4.497716522216791,0.015116170018645651,2.9255562606380883,0.016544774596530292,0.12206454668342132,66.27357092518557,2.107762799718671,-0.08772680620589002,-2.6300048828125,0.7988837385299404,33795200.0,0.18151858394139533,-0.49482507831965983,0.7106336939693005,0.13332544057249335,0.0015449389670465984,1.02073368739058
AMGN,2015-11-11,116.02530975607579,116.25116266581986,114.20399062763805,114.27684783935547,1920400.0,-0.009580494724760968,0.017914145138651555,-0.015069659545802302,0.005619596965007758,116.70650100708008,114.86697311401367,114.56493087202941,-0.005137466920735035,4.690413665771487,0.015397563874431532,2.8443783102299838,0.016361421182453092,0.10808344490433049,59.1992336953829,1.8197592446599344,-0.3005842890117014,-4.232757568359375,0.5439779734809321,31874800.0,0.255367397208542,-0.6378571939367317,0.5381553211955012,0.19819776232707348,-0.0031237437087236896,1.074935030149594
AMGN,2015-11-12,114.18164286043948,115.47033762169156,110.43270452027522,110.54985046386719,4767200.0,-0.033157439550949616,0.04556888209507678,-0.03180714785310381,-0.0008331081992200336,116.06278610229492,114.83798294067383,114.18254226172823,-0.03734071573707385,4.6693751525878895,0.01578552036028615,2.9783657813499675,0.01662746182259064,0.1094762955281323,42.41484079012232,1.276067104678532,-0.6754211431944832,-6.4371490478515625,1.3223232191547138,27107600.0,-0.10664515908618495,-0.29106762074996584,0.1314951536990268,0.28943249568314056,-0.013223712008621914,1.1170581150727377
AMGN,2015-11-13,110.33021200863367,112.40971225285561,108.36788008354023,110.96724700927734,3855000.0,0.0037685311351050217,0.03642365002510578,0.0057738944668558065,-0.0019867820201648284,115.63566055297852,114.82731437683105,113.87632366625672,-0.033616281879466865,4.613724899291995,0.015809580752431773,2.9933492920616467,0.01705628469468421,0.10995330481225304,37.03273257125015,0.8688519945870468,-0.8661090026287748,-4.2712554931640625,1.0833931705480058,30962600.0,-0.140241693246819,-0.3041600488293539,0.17703812890616824,0.22795380304994514,-0.010364366585933737,1.0031077404985833
AMGN,2015-11-16,111.31136006728782,113.33227003768575,110.63772341048852,113.12725067138672,2443200.0,0.019278211478314305,0.02381872282059055,0.016313614378632955,0.0031010326676096504,115.12365264892578,114.85689239501953,113.80498338103101,-0.01505910257160859,4.522920684814451,0.016183618897286076,2.9625755004162824,0.01706165651578237,0.10923210871063808,35.87730838377696,0.7122153543749619,-0.8181965142726879,-5.120079040527344,0.6947145733101306,33405800.0,-0.12914021380180118,-0.45543123464478547,0.4127204657930616,0.334506875296307,0.015532209866238702,1.0526002938323817
AMGN,2015-11-17,113.42750197466918,116.51745217464772,112.54151633344551,115.39716339111328,3644300.0,0.019866475845775763,0.03445436373272575,0.01736493691700947,0.0026541023626096816,114.82770614624023,115.14640083312989,113.95661957246742,0.0021777715687943885,4.756511306762704,0.01549150831863447,3.031134890465503,0.017001076890361802,0.10016626503382327,41.827995157140535,0.7624535842225981,-0.6143666275400412,-2.9594650268554688,1.0324410234036585,37050100.0,-0.23728253733422516,-0.297062737433155,0.660395200655317,0.38407265720316447,0.0005449702731598797,1.002971764892929
AMGN,2015-11-18,115.77054861834307,117.97451240336238,114.48185385624637,117.82807159423828,2975800.0,0.020846768485853068,0.029641990230847477,0.017772421401216456,0.0032356534273228405,114.81710357666016,115.57056884765625,114.32532928882655,0.01953354360968706,5.025437316894525,0.015967077310584943,2.9652621550917453,0.016778551797100007,0.0898004735020465,52.107778711245736,0.9870436940764762,-0.3118212141489305,-0.10602569580078125,0.8534105737105493,40025900.0,-0.37102707931572393,-0.4502744229742294,0.9143775370688872,0.44484322618271477,0.014512697596375848,1.0345598004725929
AMGN,2015-11-19,117.0739333604301,118.26744817534055,116.29778673455766,116.78105163574219,2041000.0,-0.008925713503967524,0.01686627593427193,-0.0025016817687865227,-0.0064003273889195545,114.74988555908203,115.86151733398438,114.55920760758043,0.007936494557611752,5.212098999023439,0.015991990313675573,2.9045666472872083,0.01647577151269171,0.08171339924811408,54.0065909545787,1.0682332855169818,-0.18450529816673988,-0.67218017578125,0.6029524285009498,37984900.0,-0.17035167685829192,-0.5635251230142173,0.7828383170091069,0.3535934847200849,0.0012114570111844873,1.1792396898488213
AMGN,2015-11-20,117.6963174450091,118.13564001880383,116.82497925714246,117.08857727050781,2728000.0,0.002629890964888942,0.011193754268901648,-0.0051636294804656094,0.007837451336898093,114.76878509521484,116.0425350189209,114.80009995643066,0.009014300242720073,5.283699874877939,0.015291909981284565,2.763510019115198,0.01610517797270466,0.07969468008829071,46.49899266512685,1.1442017250540317,-0.08682948690375203,0.188995361328125,0.8171224290821301,40712900.0,-0.10603257801295478,-0.2566801847582845,0.8214733800919183,0.29362955453491685,0.005397780129598287,1.0981601027224281
AMGN,2015-11-23,116.88353905648607,119.44629276308417,116.88353905648607,118.96302795410156,4168400.0,0.015882036323826718,0.021542438442192863,0.017791118530476224,-0.0017511376327346126,115.03560256958008,116.21418991088868,115.19656928954217,0.02365320487386827,5.2762477111816395,0.015176477690215372,2.808664271247412,0.015738039535546665,0.08252987498813684,51.65556320226357,1.3402106513021863,0.08734355147552209,2.6681747436523438,1.2519089930277643,44881300.0,-0.11052509086143826,-0.20323241095834457,0.9999999988113883,0.2295497354323164,-0.0004212036362693109,1.1433213525369337
AMGN,2015-11-24,117.8939933596983,119.60005652204929,117.88667522813661,119.19001770019531,3687000.0,0.001906251622407802,0.014375207982789552,0.010993132928687907,-0.008986275927809427,115.41691055297852,116.27334365844726,115.57689770960437,0.025084632040132754,5.168365020751949,0.014441474910329575,2.763487172724933,0.01544249134330286,0.0845653425257719,53.46585975706811,1.4966132866402262,0.19499694945084967,3.813079833984375,1.1105003576672565,48568300.0,-0.05471840555457055,0.2148872903905552,0.9999999988426149,0.22120145461155727,0.0029310119546646606,1.236745597978214
AMGN,2015-11-25,119.38772537979615,120.51533220034428,119.13877482071314,120.04671478271484,2134200.0,0.007161949885730427,0.011466847569487536,0.005519741672121783,0.0016587603845998509,115.99389724731445,116.35019912719727,116.00259457371013,0.031770600164391975,5.047062530517579,0.014495290473289095,2.671355355348655,0.015129282932190147,0.08780164779227502,57.01157922397873,1.670436049836681,0.29505577011784356,5.769866943359375,0.6705227010672691,50702500.0,-0.08322745831368475,0.16555149384268755,0.9999999989470207,0.24172478678471834,0.000763353246388578,1.363032661275929
AMGN,2015-11-27,120.63978180982342,120.81551749381114,119.45359666788127,119.73184204101562,1052400.0,-0.002626364316009214,0.011374758816984782,-0.007526039546714945,0.004940302016444422,116.9120964050293,116.48744125366211,116.3577609991678,0.02785193624683138,5.0322222900390585,0.014167262252541581,2.5407119687665127,0.01435140801844155,0.09138989090896849,57.75727541033758,1.7624676136888127,0.3096698671759801,9.181991577148438,0.3517379679144385,49650100.0,-0.15862815488962625,0.4773545523176379,0.9668445561823219,0.1849658307820771,0.0012526155852729537,1.3346896238647676
AMGN,2015-11-30,119.70990966490047,120.0833355275932,117.41807169815792,117.95991516113281,2982600.0,-0.014909727838793567,0.0225946570561241,-0.01461862688449392,-0.00018317914216710006,117.61136322021484,116.62351188659667,116.51034710983113,0.011459123918645507,5.003274765014638,0.014158452675024562,2.611922017081427,0.014300532274943744,0.09136394935525607,54.28637981469676,1.6731367218593647,0.17627118027722566,6.992668151855469,1.0243693856909066,46667500.0,-0.15829147703407812,0.48333104826964,0.78026435259866,0.3491900698520761,-0.0045153580996086014,1.3392214035546577
AMGN,2015-12-01,119.13878866387017,119.66597354382829,117.5352349346955,118.60426330566406,2429000.0,0.005447568116013559,0.017965109767104265,-0.004486577077044009,0.009993848343541308,118.15906448364258,116.64135856628418,116.70976769991046,0.01682854832545879,4.7922196197509805,0.01295283190514004,2.601760270922383,0.014032259800591812,0.0917826640762363,58.426815877503465,1.635482037831835,0.11089319699975686,5.477012634277344,0.8457609236865288,49096500.0,-0.3512492784239596,1.0353428156431357,0.848112867879012,0.33426656638449137,0.010633308960737558,1.1638517492424012
AMGN,2015-12-02,118.34066287219088,118.9044719228679,117.22770338159101,117.53523254394531,2871600.0,-0.009054292769988911,0.014266092855603596,-0.006806031914114225,-0.0022225207267114995,118.37287139892578,116.60028877258301,116.78838339934235,0.008018365830858375,4.526726303100588,0.013114424578558413,2.5753028782863163,0.013989480619756644,0.09107776067594063,58.52173618080927,1.5020637256180862,-0.018020092171193713,2.1380691528320312,0.9919256642976192,46224900.0,-0.23255483822494466,0.7764793876018997,0.7355461590473965,0.31502754658156695,-0.011781713144060766,1.1194497221058077
AMGN,2015-12-03,117.35218815892232,117.53524204460048,112.54885598636278,113.23712921142578,4468600.0,-0.03725403151825502,0.04403490350702537,-0.03506589022374072,-0.0015573575774783693,117.91377716064453,116.36544036865234,116.45016871477887,-0.026883507227883935,4.1503558349609335,0.01542430869312604,2.5716423752021282,0.014916578096274991,0.09408960802321928,56.82425046528056,1.0375475316813407,-0.3860290288863515,-4.5909423828125,1.5068978192032858,41756300.0,-0.5467846944318692,0.5492324348457148,0.2829648455012378,0.3459216991735364,-0.013857761093396776,1.3207147118269218
AMGN,2015-12-04,113.46407765078914,118.58225498925468,113.45674834790495,118.20149993896484,3920900.0,0.04290668617310727,0.04336245008732008,0.04175261797620367,0.002004187504079319,118.05582199096679,116.40285377502441,116.61696216470133,0.01545190779786838,3.9147591400146524,0.018488223359659703,2.664734775810236,0.015759157118418046,0.09477023358407437,64.92450298770856,1.057804616900043,-0.29261755493411945,1.4204483032226562,1.2849701198320091,45677200.0,0.1345838087286698,0.9267668675744993,0.8057027256728329,-0.04941731268380658,0.018774818020457648,1.5337258599248178
AMGN,2015-12-07,119.28524328787618,119.32917443521308,115.35323801037725,115.90972900390625,3566700.0,-0.019579104819697532,0.03430200776935498,-0.028297836269853275,0.009168609107929665,117.93793716430665,116.35336112976074,116.549606625578,-0.003812800262467196,3.5655309295654263,0.01898959008240683,2.7562626184987074,0.016045306665095353,0.09479330327416881,55.7093044262079,0.8788014652929377,-0.37729656523297983,-1.1788482666015625,1.1646405376017555,42110500.0,0.18728441177468683,0.5830953682822076,0.5643840276582561,-0.17569862816025514,-0.008442298735348784,1.5655872265418733
AMGN,2015-12-08,114.6722536246341,117.64504634502238,114.25488548597136,116.67852783203125,2249200.0,0.006610837868550637,0.02905556765278569,0.017495724937651034,-0.010676199400228526,117.70948715209961,116.37254486083984,116.5618848357164,0.002629339863258222,3.1779541015624915,0.01901211298278052,2.714421548345052,0.01640583440646952,0.09480881925277414,52.801799279927685,0.789870680775465,-0.3729818798003621,-2.2845001220703125,0.7401508470337366,44359700.0,0.08688325487850816,0.5432467314319608,0.6453369402727597,-0.19625048515411883,-0.0061794454409366826,1.5844218065126765
AMGN,2015-12-09,115.94632109364984,117.01534939500533,114.3134725941421,115.6094970703125,2995600.0,-0.009204420328041377,0.023370716674080666,-0.002904999659845093,-0.006275419753628377,117.35143508911133,116.38417282104493,116.47118123901126,-0.0066561950130761115,2.827223815917975,0.01904311947194659,2.657937137898425,0.01649549923882444,0.0946642551130403,44.84170866305153,0.6259153822184231,-0.42954974268592316,-3.5805206298828125,0.9837589140426035,41364100.0,0.0950300242710902,0.5201483010260753,0.5327702314411442,-0.2184990648064645,-0.007722963321766366,1.584362523663779
AMGN,2015-12-10,116.4002932066161,117.77686185421543,114.9578278487095,116.912841796875,2814000.0,0.011210607832354167,0.024112269979748944,0.004403327312493137,0.00684023507015729,117.03804779052734,116.5159725189209,116.51324414928399,0.0034061362521747712,2.636165695190442,0.019047516972391335,2.7186066068072137,0.016643117870026446,0.09306656388922739,50.30280910930578,0.5942979568955877,-0.36893373440700694,-3.1338729858398438,0.9107577187040312,44178100.0,-0.0680520049444383,0.5131443866460291,0.6700097119087615,-0.3112968815036781,0.0026831368767118516,1.5846658798291957
AMGN,2015-12-11,115.55821980225372,116.26114020794286,113.33959724511665,113.60319519042969,3005700.0,-0.028717082715785335,0.025717084435247724,-0.01691809215449597,-0.011586597107739545,116.42518310546875,116.66863975524902,116.2360966293931,-0.026274794762758118,2.559997940063468,0.018664404549953932,2.877082047428407,0.01589938259622149,0.08326260620523494,42.9626290827553,0.2987364504231209,-0.531596192703579,-6.1286468505859375,1.0013459219232026,41172400.0,0.0066844488784696685,0.5244188807930619,0.29031967996634817,-0.3533394841232552,-0.019206704105371307,1.492614934683141
AMGN,2015-12-14,114.21094658480399,115.93897524893978,112.34379521723936,115.77056884765625,2780600.0,0.01889874523933574,0.031054352306339267,0.013655628549529676,0.005349773774897339,116.2062484741211,116.90880584716797,116.19176065018007,-0.009736110049740036,2.5606192016601597,0.019070621833298673,2.950826784935716,0.015700406214616765,0.0698572893443736,43.629429568415866,0.2366626678610828,-0.4749359802124937,-2.1893463134765625,0.9432349369390151,43953000.0,-0.08206656494669681,0.24389866047121567,0.3820119780839577,-0.4137889922242399,0.005728318229249206,1.6138931778147
AMGN,2015-12-15,118.36261091014295,120.41281619486847,118.2967142078399,119.07286071777344,5365600.0,0.028125202879819407,0.017771488601791112,0.00600062639856507,0.02238947332026669,116.25310821533203,117.20608634948731,116.46615113280801,0.015927281819817337,2.5716880035400465,0.019600178154603902,3.1600315030285406,0.015547662718892992,0.06447817938342575,49.791769837055426,0.44876304246871257,-0.21026848448389124,0.468597412109375,1.7341615870409752,49318600.0,-0.051792939290757845,0.042012220584240464,0.8569877618371815,-0.38170311560042547,0.011241777209417207,1.7312018366683761
AMGN,2015-12-16,120.3103324301846,120.98396937976524,118.6921423591057,120.5080337524414,3923600.0,0.011980840166119996,0.019018043439059173,0.0016432613746747782,0.010392558849696407,116.55038833618164,117.46162986755371,116.85109233467786,0.025935310861280668,2.4747249603271513,0.019307263501676174,3.2254079059591407,0.01505284253393154,0.06727097461903261,50.803409327658564,0.7243111787021235,0.05222372139961573,2.9728012084960938,1.2624094079037331,53242200.0,-0.020668791964580987,0.21580201528299706,0.9999999986246553,-0.38981833146548295,0.014200494043230063,1.6320100393893717
AMGN,2015-12-17,120.50798463120292,120.80819555879138,117.01531483437932,118.20149993896484,3699400.0,-0.019325626122655707,0.03208826221638955,-0.019139683559531197,-4.076179567497648e-07,117.04682540893555,117.48030128479004,116.97970258270519,0.006138890063164753,2.286537246704114,0.01934865466600992,3.399047898707868,0.015121230043293908,0.06744425293957938,47.507727740020904,0.7479452128104782,0.06068620440637629,4.9643707275390625,1.176577226993787,49542800.0,0.19406267427269547,0.24089000177310196,0.6827720942706671,-0.39122241526493634,-0.014028129099530877,1.6401200655403276
AMGN,2015-12-18,117.52053565843451,118.48706505292202,116.14396755333422,116.27577209472656,6227000.0,-0.016426079395269102,0.020151209984475046,-0.010591881297459107,-0.005761046017875907,116.85425262451172,117.45503730773926,116.91266158385008,-0.01004014165797719,2.1198833465576143,0.01960361546056841,3.376036018004476,0.015190763284999756,0.06788684020466436,47.270923161448536,0.6043189988215545,-0.066352007666038,-1.9257278442382812,1.8568631923912444,43315800.0,0.21996317538011226,0.09948351270572238,0.41791813686734935,-0.32515082423863584,-0.017569656386988274,1.5736048316177103
AMGN,2015-12-21,117.06662260580156,117.43273037109594,115.23608377932968,116.62728881835938,3818900.0,0.003018569091930288,0.018834756548164508,-0.0037528526719485963,0.006801507285891934,116.92600860595704,117.43197288513184,116.88548322523192,-0.006852342228462623,1.9438828277587987,0.019606600944317293,3.380743731049724,0.01532790636769424,0.068142667574453,46.76570851710321,0.512945732210369,-0.12618021942177882,0.717559814453125,1.1205528087909509,47134700.0,0.2166238654752206,0.0962136498213842,0.46626380296245873,-0.3384576849963907,0.009002706246586906,1.5368007986062713
AMGN,2015-12-22,117.52057959799345,119.6220343619516,117.18375557536017,118.83856964111328,3125500.0,0.018782730089430016,0.020517570970055625,0.011214972285095319,0.007659363333270337,117.14201278686524,117.42574996948242,117.07149145531586,0.012031600155826399,1.7906208801269514,0.019744178412739188,3.4748849455008206,0.015300645974350983,0.06798190409202963,52.0554149030966,0.6119099253448326,-0.02177282102985223,2.1600418090820312,0.9313434081119698,50260200.0,0.2078630531580311,0.018092729732259356,0.770391137771857,-0.33175700500212374,0.011148864994544696,1.5338846379467972
AMGN,2015-12-23,119.37308027080527,119.71722241560357,118.36261940542128,119.1460952758789,2202100.0,0.002584416992094114,0.011369260629530063,-0.0019014755622577476,0.00449778747174583,117.49567260742188,117.42355384826661,117.26907277155996,0.014669471082762047,1.555824966430663,0.019747980163588,3.21547187063972,0.015254186154313391,0.06791434852174358,60.66046721613839,0.707004601082815,0.05865748376650415,3.5365982055664062,0.6710323433871882,52462300.0,0.2020765442579694,0.013624033706109439,0.8126865127981553,-0.319644098796889,0.012598235864304256,1.4492993266617962
AMGN,2015-12-24,119.86363488692201,120.34689963618236,118.7799594389864,119.7538070678711,943000.0,0.005087596075556217,0.013084679606953038,-0.0009162730560818621,0.006022351042068718,117.77976913452149,117.40890846252441,117.5057141331134,0.01997206716298832,1.2997763824462822,0.0197144107350379,2.9456014720230814,0.015277685449380065,0.06726524772250934,53.32289851133938,0.8219303777192835,0.13886660832237796,2.8409652709960938,0.292666273548307,53405300.0,0.21903025487285877,0.04250408761342291,0.8962678317012208,-0.3157829638386732,-0.0015560937658003165,1.4437737178964292
AMGN,2015-12-28,119.285200613605,119.44628887802638,117.59378500989962,118.42118072509766,1513000.0,-0.011190429874139289,0.015643349076438898,-0.007243311693846436,-0.003913081894761886,118.26156768798828,117.34337539672852,117.5929014275881,0.009185054756820866,1.0884127807617148,0.01986652090358697,2.815893302961342,0.015345874760541615,0.06524627786124992,55.606273802918224,0.7962988377377798,0.09058805467269937,4.817985534667969,0.46623709990046625,51892300.0,0.2750951194240043,-0.033367516520969275,0.7129857746444697,-0.3308343613756079,-0.0028015666175301565,1.4539140738266403
AMGN,2015-12-29,119.29252422266293,120.78624980266923,118.65550043947417,120.4054946899414,2171100.0,0.016617571082989682,0.017696446235132376,0.009329758713136802,0.007358003798222633,118.7250602722168,117.46565437316895,117.86076745257414,0.025027233130060934,1.0261942291259771,0.019912693204567664,2.742672461427096,0.0152355954322062,0.06913047650631696,57.89140225003853,0.9254353681359646,0.17577966805670742,4.634925842285156,0.6775043648806153,54063400.0,0.06793171994634926,-0.12461417662569498,0.9858973430636389,-0.34286879178685714,0.010771591490684022,1.4411364813597265
AMGN,2015-12-30,120.54464623420846,120.63250852250454,119.28523462926042,119.56346893310547,1493000.0,-0.007017817637061601,0.011268273706560887,-0.008139534452626296,0.0011556909809256042,118.77412109375,117.51361465454102,118.02292949833902,0.017443547154859317,0.933598937988279,0.01996755088981449,2.645915110882874,0.01511876969727607,0.0704388000024297,58.453320667203194,0.9488942946190093,0.15939087563180165,0.49060821533203125,0.4728042549216136,52570400.0,0.16675008917768752,-0.1423837318472663,0.8700897773160841,-0.34910660354213924,-0.006636146984721374,1.484159730630479
AMGN,2015-12-31,118.72874531976672,120.16389269389693,118.65553046941385,118.86054992675781,1775900.0,-0.005896394551751693,0.012690183794476267,0.0011101322315511123,-0.006981426858782191,118.60937271118163,117.57988052368164,118.10270287247415,0.01089190937575614,0.8147937011718653,0.019900382113243794,2.5522956979526703,0.015093619460324965,0.07114185584693927,54.27378901219877,0.9003868741820469,0.08870676415587131,-1.6474838256835938,0.572322645723291,50794500.0,0.14675830750731678,-0.10562498309960106,0.773414184696804,-0.43699581410760485,-0.009858728651718354,1.4882702725147523
AMGN,2016-01-04,116.42227557755298,116.58336389669824,114.29152558835936,115.93901062011719,5083200.0,-0.02488667427986967,0.019767620027811527,-0.004150966428360809,-0.02051373942580026,118.38312377929688,117.71497459411621,117.89663694367825,-0.015086984303590845,0.8180017852783266,0.018871076795426753,2.6234228255698206,0.014178695816231471,0.06359928904354831,55.21420902615416,0.6190643992452323,-0.15409256862475462,-2.2624893188476562,1.6221080511854995,45711300.0,0.37700166967490384,-0.23065410432198352,0.33828675432841615,-0.20102063548510668,-0.013826351271244276,1.4267632145012794
AMGN,2016-01-05,116.42225431270379,117.30823990617502,115.14087729982812,115.81451416015625,2678900.0,-0.0010743868690202035,0.01871408451750461,-0.005220137302230711,0.004168085357998972,118.33699798583984,117.59562530517579,117.69833953572378,-0.015146066364265883,0.6016038513183588,0.016002663610815912,2.5214358666159975,0.01311866274811177,0.06512495929708488,50.10794359946927,0.38166884630074094,-0.3131904972553968,-0.4612579345703125,0.872151321786691,43032400.0,-0.0058265047208276785,-0.8991020629297414,0.32025643274123594,-0.05543177985570899,0.004749672102952737,1.2653987889207654
AMGN,2016-01-06,113.50070672027287,115.63877437746886,113.42016257823683,114.75279998779297,3826900.0,-0.009209646047288253,0.01933383585819296,0.011031590055257808,-0.01997856189841357,118.1495491027832,117.53777885437012,117.41781195973036,-0.023694329548525423,0.5180658721923805,0.015537506192708415,2.360871883380798,0.012576114112291243,0.06753315031337563,38.07608123878919,0.10663052928903483,-0.4705830514136823,-1.8744888305664062,1.2406430634666943,39205500.0,-0.026297325738974288,-0.712209217182837,0.1664926392375231,-0.026831649480408917,-0.01452644226878402,1.1910527428675157
AMGN,2016-01-07,112.07289895233305,114.55510896869673,111.94842366215806,112.01432037353516,4162500.0,-0.024153525808408263,0.023271000509989512,-0.0005226828193567722,-0.02335368754178547,117.4671241760254,117.30456848144532,116.90319371342605,-0.04509839792596778,0.35516769409180426,0.016290592764716984,2.397482548021895,0.012340768359748205,0.07958762336153292,28.12974175018958,-0.32852470858730953,-0.7245906314320213,-6.824249267578125,1.3088490775168815,35043000.0,0.11042957816537471,-0.9118700309178277,0.0,0.028427625328302286,-0.02502194732061578,1.172104294884932
AMGN,2016-01-08,112.11680323445661,113.39086187947318,110.16911902644213,110.3521728515625,4179600.0,-0.01494990054645276,0.029195101190845545,-0.015739214212199294,0.0009149085632953419,116.58773193359374,117.04170227050781,116.27928696467714,-0.057155093348560615,0.24539688110351676,0.01647200745297662,2.3566869857803945,0.01254735730735793,0.09524937233927153,29.095247016253992,-0.798307392908896,-0.9554986526028861,-8.793922424316406,1.2902090616535087,30863400.0,0.14098386385046544,-0.9914676168954565,0.0,0.10655092580693236,-0.012905973697050184,1.1727892309373196
AMGN,2016-01-11,110.80617903634274,110.99655105460975,105.56351308719219,108.14091491699219,4747400.0,-0.02024167864877675,0.050240355110624905,-0.024053388922258452,0.004114157184661292,115.42644271850585,116.60310592651368,115.50420391251667,-0.07257260381086747,0.014174346923837788,0.016611891717219437,2.577397019196806,0.013866242368880472,0.11750896169334529,28.659372805897434,-1.3336698737771684,-1.1926889067769268,-11.612892150878906,1.423019682897476,26116000.0,0.3489443858033322,-0.9220390663453507,0.0,0.2288864035608707,0.0030922656283775157,1.1103870647274854
AMGN,2016-01-12,108.68272261301632,110.74025719928912,107.57708142032222,110.41075134277344,4410600.0,0.020772370048154833,0.02864916451068003,0.01589975562086404,0.005010200777753936,114.62539978027344,116.44348373413087,115.01911319158874,-0.051808243775423625,-0.013922882080066756,0.01643428321879335,2.6464348182825654,0.01399061043903307,0.12504859392757908,35.18310947144542,-1.5568453234119346,-1.1326914851293544,-8.010429382324219,1.2948018283285236,30526600.0,0.25112767681476605,-1.1671243738790253,0.18353801351367227,0.2664593785918474,0.008430095523985185,1.1135435556160282
AMGN,2016-01-13,110.66705059030795,111.90449657704956,106.37626729916134,106.50807189941406,3982100.0,-0.03598673969242229,0.05190432217296225,-0.03758100237342122,0.0023213250921445636,113.2356575012207,115.98035888671875,114.20853783042925,-0.08167147505170709,-0.3024391174316463,0.017362792314863432,2.82739794216085,0.014971016770886924,0.14712277870187365,22.803500277823858,-2.0252809125001647,-1.2809016593740676,-13.897422790527344,1.1487495186018033,26544500.0,0.2043035791112791,-0.7485989153282402,0.0,-0.04156150849464149,-0.02597780377683292,1.1273685015697974
AMGN,2016-01-14,106.91808588288161,113.71304326849118,105.85637588626498,112.14610290527344,5649000.0,0.0515817366524649,0.07005742668438948,0.04889740570289118,0.0038496047872762767,112.4939208984375,115.63402099609375,114.01211545660487,-0.03016342474969491,-0.5267524719238281,0.020368573800468744,3.2918311115925576,0.017632355951403184,0.14814675796374985,37.499914849834624,-1.9194512691531571,-0.9400576128216479,-7.417366027832031,1.622979714908343,32193500.0,0.966461626820257,1.5633867887952417,0.4027175974492412,-0.42755755864388556,0.015228822071990042,1.2525677130342683
AMGN,2016-01-15,108.1408819464394,111.51639500443956,108.1408819464394,110.7841796875,6213000.0,-0.012218529897614202,0.030469269777704713,0.024443093985212546,-0.035714312446658306,111.68628387451172,115.14782829284668,113.70469300240441,-0.03789605648704853,-0.8614962005615183,0.020157647511510245,3.465994023138134,0.017925993106501528,0.14770917877030793,34.40281274651133,-1.9233056654512097,-0.7551296072957605,-8.076370239257812,1.7281831824105276,25980500.0,1.1682264867544319,2.079171112430266,0.30769070276279414,-0.36762716671790785,-0.02340796093585967,1.1980423040668529
AMGN,2016-01-19,112.35843814983244,113.21512872992544,108.53627330159038,110.7841796875,4382200.0,0.0,0.042233967354663546,-0.014011039030581126,0.014210137826295285,111.17080078125,114.77696228027344,113.42654887717542,-0.03478731718847443,-1.0893638610839815,0.019853407785302247,3.645910692449818,0.018306120656860728,0.14968130411958108,36.074724282887885,-1.9044074783291478,-0.5889851361389589,-5.1548309326171875,1.2074687710529326,25980500.0,1.0883326074834554,2.1289268312925342,0.30769070276279414,-0.4083120614474851,0.0002852226172658189,1.1840130499980488
AMGN,2016-01-20,109.1001012757556,114.8406676815638,108.40449883773627,113.50804138183594,7338600.0,0.024289702075957605,0.05670231611323949,0.040402713237992854,-0.015201434144250946,110.94015350341797,114.63857574462891,113.43431006809547,-0.009861727219216083,-1.1488465881347594,0.020511707573852685,3.936703532896672,0.019695416904431138,0.14964392261445214,37.75349779889882,-1.6506104446730774,-0.26815048198631075,-2.3064727783203125,1.9915735482689136,33319100.0,0.8123317873550119,1.1791965123048578,0.5036883156606747,-0.3772520428975663,-0.015365289625944271,1.0532526398853377
AMGN,2016-01-21,113.3103471853936,113.50804849624393,110.00805934452899,111.86788177490234,4674000.0,-0.014555135613233839,0.031286809906327984,-0.012730217904382123,-0.0017416756913046134,110.6516616821289,114.40060539245606,113.2851264211247,-0.022139075303536197,-1.2861829376220726,0.02070230023056253,4.090468908501731,0.01997922764442633,0.1505096719549373,36.71298199024164,-1.563795182450903,-0.14506817581130904,-2.884918212890625,1.2538966299851377,28645100.0,0.9144108549004432,1.1965693595758828,0.38566933973433554,-0.422304908129745,0.007632389802171475,1.0010934199989447
AMGN,2016-01-22,114.55511874962393,114.92855582475515,112.93692866646347,114.2842025756836,4577300.0,0.021369803084651636,0.01742696814962455,-0.00236494167085157,0.024021523712487686,110.87864990234375,114.17288703918457,113.3802765310827,0.0009749734756275076,-1.4736882781982388,0.020850030586432068,4.201348324599569,0.019925669636541982,0.14630494722522644,42.53997028579217,-1.2852015634686609,0.10682035453674654,2.2698822021484375,1.2044987461087266,33222400.0,0.8991281772950296,1.0793878919680302,0.5595376054885847,-0.4662747442394833,0.01965054896144991,0.9771473782358383
AMGN,2016-01-25,114.35738798866595,115.69002528843816,112.02894853880404,112.34379577636719,4765100.0,-0.01712457624005632,0.032588152503961146,-0.017607889159713314,0.0006403808342092448,111.07781219482422,113.83277206420898,113.28156407825264,-0.013080383274879013,-1.753140411376961,0.021093543103447007,4.136494925402117,0.020330896117186803,0.1413965253208758,43.94567926613048,-1.2070743238870847,0.14795807529465832,1.9916229248046875,1.2130121782339525,28457300.0,1.0005388969966125,1.1008630258933072,0.4199141064292644,-0.492726117139109,-0.016116544160054046,1.043618134483023
AMGN,2016-01-26,111.8678670034482,113.66179248423535,110.63042119993143,112.60008239746094,3645500.0,0.0022786726544283655,0.026921572522510616,0.006545359392524853,-0.004236360091182782,111.52372894287109,113.47508583068847,113.21666106103439,-0.007710973971265289,-2.0772913360595737,0.021047860145507653,4.198209830970475,0.02057731310240051,0.13326094582813566,44.61083650083116,-1.111663174111854,0.19469538005591147,4.45916748046875,0.8971451563882371,32102800.0,1.0271735325837197,1.1737512856141301,0.4383554120419874,-0.49070077506723964,0.015715276803749095,0.956690482542078
AMGN,2016-01-27,113.41286693933873,113.41286693933873,109.00492616706643,110.17647552490234,3752300.0,-0.021759044281953768,0.04000800308116595,-0.028536368948043928,0.007218329903248075,111.50030136108398,113.0628505706787,112.92711958140276,-0.0255289428066561,-2.4820590972900476,0.02138824034807865,4.3420376302813946,0.021150869867801243,0.1294971930723104,42.66261853269007,-1.2175784833625727,0.07102405664415423,-0.23427581787109375,0.8986662387645764,28350500.0,1.0244884044133395,1.0392047299014282,0.2639628712561787,-0.4851328281566416,-0.008611681323919661,0.9760952832798167
AMGN,2016-01-28,110.63775314825416,111.0844049961841,106.4787638010625,108.62416076660156,4246500.0,-0.014189545608214999,0.04239978622267702,-0.018199866902163082,0.004186716094830606,111.71191024780273,112.47378387451172,112.51731397999312,-0.03422684802891694,-3.0242640686035145,0.02096730033384319,4.470699406673302,0.02177113974679727,0.11918982440762944,44.349514128535375,-1.4105164017184677,-0.09753108936939259,2.1160888671875,0.9923630228221295,24104000.0,1.2734663283601333,1.7797166847394283,0.16208537052574978,-0.45871864763088116,0.005496502033386008,0.899587847105653
AMGN,2016-01-29,109.39298939572504,112.02896962059235,106.3542995907911,111.83126831054688,7174400.0,0.029097344805179094,0.050743142911007,0.02228916979315241,0.007077878656990887,111.68042678833008,112.0871738433838,112.45197629718871,-0.00228309381048798,-3.3849544525146484,0.02232420170120981,4.645908490728316,0.0228130705687786,0.10374308303543826,52.34451112441916,-1.2897666886430557,0.018574898964815567,-0.3148345947265625,1.5722127869391334,31278400.0,0.9968257657390069,0.5515521269199695,0.4309415807127799,-0.46481665211755224,0.025850166340090117,0.9433413702442139
AMGN,2016-02-01,110.79150197626612,112.55614363776638,109.34903685394491,111.84589385986328,4602200.0,0.00013077373832300388,0.028674336385024563,0.009516902152143722,-0.009297635178324229,111.7865982055664,111.73644104003907,112.39425416030058,0.000979562431069308,-3.6646618652343648,0.022325312832614786,4.486913406185738,0.023078735660348546,0.08702762306310834,56.31232954062441,-1.1792973062180607,0.10323542511184858,1.0617141723632812,0.9782413464369182,35880600.0,0.9520986622692802,0.4859394855118304,0.5659905246835653,-0.4443775306619336,-0.0013068643494318524,0.9497200658321104
AMGN,2016-02-02,110.18377318557793,110.92331790973077,108.719342346743,109.91285705566406,3881400.0,-0.017434132885571173,0.020052026869537085,-0.002458766132991095,-0.014860810861486723,111.69946594238282,111.43513336181641,112.15793062652567,-0.013660649565606049,-3.8076652526855383,0.022008076760282956,4.484297387196693,0.023082092930125524,0.08074336418081676,49.141868155392615,-1.2335103008785637,0.03921794436107651,-0.8713226318359375,0.8357026359276345,31999200.0,0.9786059210819851,0.5849522578956463,0.3658524984304736,-0.4522196567250374,-0.02054913884255883,0.9147135315128896
AMGN,2016-02-03,110.1984245799251,110.69632572010438,107.68693096403291,110.3375473022461,4530600.0,0.0038564358068373253,0.027274439478230196,0.001262474693729288,0.0025981266606182204,111.38241653442383,111.16128501892089,111.98456078611808,-0.007410293219753529,-3.9526435089111374,0.022051831239721445,4.3043806356383545,0.023242447990739427,0.07228077070193084,57.49925520957372,-1.228049347670094,0.0357431180556369,-3.1704940795898438,0.9564160048637763,36529800.0,0.9368225227106078,0.4999410434144959,0.4644756451804626,-0.45603909132723136,0.0060915284925356855,0.9200264229239571
AMGN,2016-02-04,110.19844586015657,111.26748553333637,108.95368159661307,109.76644134521484,3685200.0,-0.005189431070344099,0.02107933816899833,-0.003920241447778166,-0.001260689996203082,111.17227249145508,110.91196708679199,111.77331131555587,-0.010328242944972177,-4.055518722534188,0.022003376128790095,3.908461818102434,0.023268161630392033,0.06643116112936498,44.18614794625951,-1.2553342686782543,0.006766557637981396,-2.1014404296875,0.7791161686901094,32844600.0,0.9145095016247399,0.4932704223372098,0.4190219502810246,-0.48935267525745213,0.0030319328037475292,0.9213560589586421
AMGN,2016-02-05,109.04880967855478,109.38563360293759,105.21200899442523,106.20049285888672,6451900.0,-0.03302609832811229,0.039299484363580446,-0.026119650714795453,-0.0065378057069657635,110.3639015197754,110.62127571105957,111.24256670063501,-0.03996322428716009,-4.090959396362308,0.02253261570848663,3.9476912032421185,0.023646236921383946,0.07592083912113962,39.89017723695055,-1.5468686670250236,-0.22781427256703024,-8.083709716796875,1.3318140674525152,26392700.0,0.8238802202676975,0.3806551526743569,0.0,-0.5020315451735035,-0.021790152378327758,0.9720190543261118
AMGN,2016-02-08,105.07291772482279,105.85639362407431,102.62732078815107,104.7068099975586,4627300.0,-0.014164590934962503,0.03083918644831734,-0.0034843205574913117,-0.010617419031775968,109.60020294189454,110.33900756835938,110.6201136812944,-0.05104448277107636,-4.083563385009768,0.0225108229744631,3.868713820556447,0.023695330373638676,0.08998804871759228,37.42430409019192,-1.876804863590408,-0.4462003753059318,-7.636985778808594,0.9507831586474152,21765400.0,0.822268180134326,0.3873298848799007,0.0,-0.47064290257856367,-0.014190614500677021,0.9670067922187136
AMGN,2016-02-09,103.25704138746207,106.63255556557542,103.11060051002379,104.82398223876953,4211100.0,0.0011184251457680946,0.03359875269315061,0.015175147672764226,-0.01384598203431401,108.8225929260254,110.17316093444825,110.0681011629587,-0.048552466411138154,-3.944955368041988,0.022131428450272616,3.6605556928224536,0.023160115505491352,0.09929256459220764,29.857413812813462,-2.1045667207049803,-0.5391697859364033,-7.776100158691406,0.8700592870063419,25976500.0,0.735745457629805,0.4417780256276347,0.012234252708427056,-0.4465388034093703,-0.0008031045208506325,0.9929546497849384
AMGN,2016-02-10,106.32500499028366,107.7308572418899,105.40973572444206,106.03211212158203,4273500.0,0.011459408913178586,0.021890741125540483,-0.002754694144885238,0.014319459339896833,108.40815658569336,109.95422897338867,109.68372125425616,-0.035670450226665436,-3.8898927307129014,0.021726652344488187,3.6181903964942697,0.023017410178463316,0.10498593695798489,36.1871582933103,-2.1626539204341384,-0.47780558853244903,-4.1443634033203125,0.8842041231823486,30250000.0,0.7989906111729561,0.7573737801584856,0.1383781767144722,-0.38862341964111685,-0.001585892559838201,0.9661342599591122
AMGN,2016-02-11,103.78331464894401,105.79617057567117,103.25245278369843,104.2994384765625,4374400.0,-0.016476014518447518,0.024388604858542426,0.004973090610608452,-0.0212086454531758,107.97568435668946,109.84379730224609,109.17093241828533,-0.05047493770110419,-3.7271148681640653,0.020566759831610795,3.598117917067898,0.022230481477953982,0.11149032949392669,25.576372183643343,-2.3217371862584457,-0.5095110834854051,-4.3247222900390625,0.9014223820391426,25875600.0,1.020943289106172,1.0676950597006616,0.0,-0.24562728357242222,-0.012416235189709673,0.9132602229244867
AMGN,2016-02-12,105.53076369173549,106.88740598966999,104.06351858393091,106.70307922363281,3218000.0,0.022784038336102437,0.02646491016272032,0.011108756261081942,0.011805674442338272,107.46286544799804,109.57164611816407,108.93589878069938,-0.026179828415078665,-3.7612423706054585,0.01727548547836393,3.538318678218251,0.02036380747884841,0.11273022268781156,36.50805932410002,-2.2281731077361684,-0.332757603970502,-5.1281890869140625,0.6801621144629562,29093600.0,0.4018664202840993,-0.6969794194621959,0.2407308496026044,-0.26367729612720203,0.020740665956617867,0.7774827671826762
AMGN,2016-02-16,108.30304753703642,109.16569555824991,107.41090092939388,108.49474334716797,3371300.0,0.016651706799137307,0.016174005990695198,0.0017699946076401444,0.014994584271090496,107.12775039672852,109.45717430114746,108.89388397750591,-0.008792762650089742,-3.6949044036865217,0.017619657399418467,3.497693324669193,0.020059489794207665,0.11266965624722873,40.8523866465704,-1.9865508584952636,-0.07290828378367764,-3.3511505126953125,0.7346256597096624,32464900.0,0.18938162999622024,-0.951508402786709,0.4201706544847717,-0.15849351029587513,0.018008663912795174,0.8371935139813907
AMGN,2016-02-17,109.34262812018781,111.71675751180362,108.6790450834735,111.38497161865234,3811100.0,0.02629069031911439,0.027272192865751325,0.018678383111659057,0.007814984826561873,107.27496185302735,109.48721389770508,109.13113041951985,0.01733314469688087,-3.6278216552734364,0.018666767636991318,3.412984281266575,0.019595026700008275,0.11324128040552461,52.63794416218294,-1.5440474010115395,0.2956761389600371,1.4721145629882812,0.8356603374347809,36276000.0,0.10869090017552462,-1.2233351148172973,0.7096345055981043,-0.07447570792635048,0.018101127125909347,0.8871126120603032
AMGN,2016-02-18,111.17853647109281,112.33611405798425,109.91774758709235,110.0799560546875,2892100.0,-0.011785438740318574,0.02196918092600307,-0.009881227539732461,-0.0018533482978861965,107.24920272827148,109.31580963134766,109.22149476572629,0.006990264499863427,-3.6367950439453125,0.01794582755065891,3.2567503723930247,0.018235042486873174,0.10820306351611983,53.21243910618588,-1.2838644818632332,0.4446872464866747,-0.25759124755859375,0.6666497628081305,33383900.0,0.2999926921315712,-0.9844090307051259,0.5789338150557297,-0.06631944623301347,-0.003475415894271633,1.064923419595741
AMGN,2016-02-19,109.84397228193303,111.89368444204987,109.3131104454586,110.68450164794922,2796800.0,0.005476851760557882,0.023314682346397705,0.0076520299526206545,-0.0021437487914441893,107.34100875854492,109.256640625,109.36082875450943,0.013068871738881693,-3.591459503173823,0.017734149321961903,3.035743512878026,0.01801789548163878,0.10671613300312022,47.14111109969907,-1.017160671878699,0.5691128451769671,0.918060302734375,0.6589388370558854,36180700.0,0.15005655478587723,-0.9476497622277835,0.6394806228375446,-0.027656881542769823,0.001279603071140992,1.0926666488000139
AMGN,2016-02-22,109.65228882689587,110.42646336263708,108.33988337600206,109.53431701660156,4603300.0,-0.010445929163276177,0.01904955491089394,-0.0010758718450514506,-0.009325721358320578,107.67439117431641,109.0191463470459,109.37735144613725,0.00472550636120091,-3.6860695648193342,0.017077684638799672,2.9741371906012892,0.018047057333135684,0.09783978084183066,44.54603744688388,-0.8883657409512864,0.558326220883504,3.3338241577148438,1.0842263937631016,31577400.0,0.3447187002608791,-0.6282027920167874,0.6306593300012152,0.02551879051304238,0.0156287466432443,0.9894774980408199
AMGN,2016-02-23,109.23201600408035,110.38959327192292,108.2808950247945,108.57581329345703,3315200.0,-0.008789228562513308,0.019421436350921535,-0.006007421034862219,-0.002759874902724725,108.06129150390625,108.83074722290038,109.30101447921533,-0.002342480741414132,-3.733795013427738,0.016794147775440364,2.901433385887585,0.0177131708478297,0.09371989452434648,46.69329904785337,-0.8537960408920497,0.4743167367541925,3.8690032958984375,0.7944014252834453,28262200.0,0.31861472180376826,-0.5141179707180944,0.5151859123815794,0.049172527737199025,-0.013458982339781284,0.9689502398506489
AMGN,2016-02-24,107.27817567906071,108.58321230650918,106.10586017070817,108.46524047851562,3316100.0,-0.001018911607605715,0.02284005571620631,0.011065296291076056,-0.011951442729598418,108.42541732788087,108.62400512695312,109.22141695533917,-0.0014615981822060668,-3.771585083007821,0.016770507888252968,2.863430341582552,0.017612052760044267,0.08804200581414294,45.29643677874525,-0.8258022720558671,0.4018484044723003,3.6412582397460938,0.7977655539744535,24946100.0,0.3520509924334488,-0.48090986694879745,0.5520210197825107,0.06557239768676255,0.00536927987753819,1.0052135302313814
AMGN,2016-02-25,108.64956394987009,109.40898928765502,107.10121469298898,108.1998062133789,3446800.0,-0.00245018199272655,0.021328823732964197,-0.00413952638317714,0.00169937825741483,108.64218673706054,108.52517166137696,109.1241206942001,-0.002998064347811089,-3.7623507690429676,0.016115493288329372,2.8629996742927477,0.017030593114974006,0.08713260456149713,46.00295094348437,-0.8156332233539985,0.3296139625393353,2.167694091796875,0.8322668817276999,21499300.0,0.3074775096951782,-0.2355680940294003,0.516847650127089,0.012015697614893095,0.013252827800703646,0.9358661670056141
AMGN,2016-02-26,109.49750206060199,110.22744033100405,108.34730448330163,108.8265609741211,3411500.0,0.005775855821284869,0.017276442725682704,-0.006127455639212285,0.011993513598942305,109.0948989868164,108.53529167175293,109.0957816732402,0.0026836367957535877,-3.613350601196288,0.015862625262739967,2.6825140862095713,0.016218596454585597,0.08715687955377159,57.88220702896002,-0.7483735236753546,0.3174989297743833,4.527122497558594,0.8321320288508212,24910800.0,0.15192530088524261,-0.13288483426043535,0.5999005177420724,0.10698250076918239,-0.001425057123499558,0.9436325258647363
AMGN,2016-02-29,108.35463215333743,108.87811377712906,104.85979323014264,104.9040298461914,5193800.0,-0.03670950048952273,0.03830473007450727,-0.031845452645374014,-0.004336522412905102,108.91499404907226,108.18892974853516,108.69656721352126,-0.030362624992953398,-3.676335906982416,0.016256459623943426,2.714310405941769,0.015486004808861446,0.08740433420498377,50.51663257091556,-1.0000571706146957,0.052652226268033786,-1.7990493774414062,1.2982293010188268,19717000.0,-0.16860532129150296,0.06720513575081005,0.08011594028179382,0.03780898656197158,-0.007345629715573616,0.9555320154680499
AMGN,2016-03-01,106.39343559794617,109.45325610397283,104.90407184240583,109.40901947021484,4477700.0,0.04204740073397453,0.041579609099828024,0.02834370236585246,0.014197793487423716,109.00642166137695,108.06708602905273,108.76441980939684,0.012417596240184983,-3.5761993408203097,0.019243893786980607,2.7876869203867543,0.016038876586961324,0.08233082781084325,59.76584209161305,-0.8264761585155327,0.18098659069375733,0.914276123046875,1.1209789570792512,24194700.0,0.3249303720481068,0.37710411192615056,0.7211286552438608,-0.22366795379302143,0.02383911158774813,1.1041445873443592
AMGN,2016-03-02,109.12145256962488,109.58595965029014,107.80167778940401,108.74542999267578,3689900.0,-0.00608368544267681,0.016407879034606786,-0.003445908829972514,-0.0026283655770103264,108.74246749877929,108.00871467590332,108.76261125542341,0.006820887730986227,-3.445449295043943,0.018902483325135847,2.7075016959414517,0.015963764032988246,0.0810435979732702,55.916439196625944,-0.7339970200818158,0.21877258330197946,-2.6395416259765625,0.9259751862038506,20504800.0,0.2806385550539982,0.5792870895281768,0.6274745203615282,-0.2205819297555743,0.005270395694331003,1.155403615624919
AMGN,2016-03-03,108.54636477466084,108.59797042744218,107.14548562205003,107.52887725830078,2988900.0,-0.011250208877028045,0.0135078580045345,-0.009373759484919999,-0.0018305616891518498,108.48735961914062,107.86828117370605,108.64511277950697,-0.0031464663357220865,-3.4109449005127033,0.019024498376763753,2.623236341137319,0.01563366523666296,0.07861794175574988,57.203999489426884,-0.7502241580103117,0.16203635629878688,-2.5510787963867188,0.764855884200681,17515900.0,0.3957939965501913,0.5465030031680598,0.45577922118475644,-0.20737167532759776,0.005555808249804873,1.1419919897449238
AMGN,2016-03-04,108.406223994121,108.6052999914194,106.57032590883486,107.63204956054688,3471400.0,0.0009590245931641277,0.018906766998242418,-0.0071414205296562675,0.008159173221093944,108.18211441040039,107.76156158447266,108.54863056817744,-0.0012018387820434615,-3.3377597045898426,0.019005059519432033,2.5668853894834243,0.015585248323293504,0.0769368494828872,52.30929300684128,-0.7461578954331287,0.13288209510077598,-3.0524520874023438,0.8907637849121335,20987300.0,0.34384516547992594,0.5335340110331729,0.4703402005820038,-0.24833490096477173,0.0035110719749253767,1.142756426323497
AMGN,2016-03-07,106.89476710416392,109.02558391194069,106.7325586620152,108.6126937866211,3278800.0,0.009069824619479873,0.02111194529831233,0.016071195335344495,-0.006850027100600821,108.08995208740234,107.88217163085938,108.55473182707685,0.006771481744558756,-3.0126321411132864,0.017578648625035494,2.5547717405768813,0.014958489931008944,0.07590185883519564,50.30552804178264,-0.6562408238646356,0.1782393333354153,-0.9216232299804688,0.8770479744279046,24266100.0,0.3908862391689145,0.9267810071549731,0.6087411091692402,-0.36118657829447537,0.0013496215004632041,1.0930913837081695
AMGN,2016-03-08,108.30303632690278,108.38414055556633,106.40816298509175,106.63672637939453,3064100.0,-0.018360308833940284,0.018529990909927282,-0.015385625408309416,-0.0028510245803005105,107.89604339599609,107.97866744995117,108.37206464158331,-0.012427835073799572,-2.665948944091795,0.017791126727439908,2.4820943574978593,0.014579246098249695,0.0715621195279348,37.08906104525245,-0.7359414774986845,0.07883094376109312,-1.9390869140625,0.8371194632119313,21202000.0,0.3766089212482173,0.8012912282606418,0.3298676123112429,-0.38207623310914796,-0.01255144262523791,1.1362909673143704
AMGN,2016-03-09,106.17220708376047,106.23119299330088,103.15662417988308,103.88655090332031,6075400.0,-0.02612853050630938,0.02959544605806652,-0.021527820163302964,-0.0043560911086241065,107.43817443847657,107.93179588317871,107.94487285698683,-0.037479641163729135,-2.395475387573242,0.018776883779001174,2.5579326238278273,0.014414102765808583,0.07492323336240311,34.38659779538027,-1.0093854295484022,-0.1556904066308995,-4.5786895751953125,1.6185938209753283,15126600.0,0.38858175558259334,0.35655693011246486,0.0,-0.27171636138155214,0.005207121327923019,1.1363771929436026
AMGN,2016-03-10,104.74185499106319,105.7888298246218,102.50044613971787,103.98242950439453,4572900.0,0.0009224907697671603,0.031624416745955716,-0.0072504490848807005,0.008233058854161493,107.01643676757813,107.82931175231934,107.5674972995971,-0.03567566355946871,-2.209184494018544,0.018574558331236418,2.6084904587073034,0.014737480391964382,0.08048131732137974,32.659536668561685,-1.204470740845835,-0.28062057434266585,-4.217376708984375,1.2134616787957995,19699500.0,0.48157359048586484,0.5784997595784657,0.012786505930550227,-0.24265973577724584,0.0003441555738991903,1.172721197798177
AMGN,2016-03-11,105.39805356054228,106.90216642848091,104.82295489056989,106.59249877929688,4861700.0,0.02479120353668261,0.01950617127586149,0.01133270661462915,0.013614069827902236,106.7930305480957,107.94396476745605,107.47464029766374,-0.012520069936940369,-1.818271560668947,0.019056371374438646,2.6495703624315334,0.014610575493600517,0.07519664589454436,42.92316219519805,-1.135378541262213,-0.16922269980723503,-2.2340621948242188,1.281809936617416,24561200.0,0.26069691646648685,0.15510199822026416,0.3608690383076288,-0.18259091671665362,0.018698196649070662,1.2574280522101937
AMGN,2016-03-14,106.06894628627226,107.13803879124819,105.57495212881187,106.6292953491211,3013800.0,0.00034514830287324025,0.014659073356140332,0.005282875737602672,-0.004911719858530026,106.96555709838867,107.94027557373047,107.39413125494539,-0.012145422249861619,-1.5632772827148358,0.018353560915541616,2.610598106382098,0.014298121646068827,0.07528964633341005,45.10017284424813,-1.065372350362992,-0.07937320712641105,1.7252655029296875,0.7967472367109657,27575000.0,0.4004103429322179,0.7017323773473157,0.3657762809353875,-0.24570713133536157,-0.0010282894506067567,1.2113784804258678
AMGN,2016-03-15,106.7915396585683,107.13070581756595,105.28743837834566,105.58973693847656,3034200.0,-0.009797111168149486,0.01745688068428758,-0.011253725940595231,0.001521573493625648,106.58362884521485,107.7950252532959,107.22228417718645,-0.020458164090943646,-1.4431113433837766,0.018041940029453973,2.5653063423406186,0.014322446936641779,0.07766187192197159,43.085110286563065,-1.0813109361159974,-0.07624943430353315,-3.8192825317382812,0.8057305601104686,24540800.0,0.6114735957847226,1.1339242295693317,0.22713930006652602,-0.35391501349577537,-0.0028704310017873265,1.2083787729597195
AMGN,2016-03-16,105.43490533414344,108.38413345537822,104.64598141151517,106.15746307373047,6104700.0,0.0053623140764691235,0.0352132759735108,0.0068531169757976036,-0.0014663508861977792,106.32483215332032,107.53364982604981,107.12087264352397,-0.01279773126407882,-1.5088558197021484,0.016905688724551157,2.667476160140405,0.01461654018990345,0.07223547777735889,45.15904091524931,-1.0361871057755678,-0.02490048317048288,-2.5879669189453125,1.5731918035385026,30645500.0,0.6953882252538649,2.1764529170738545,0.3340583438124837,-0.33973699654939693,0.006532994635866611,1.1236944405999612
AMGN,2016-03-17,105.96574499914918,107.49934464954742,104.57960447370249,106.2680435180664,4899700.0,0.0010411221900667527,0.027475241654830666,0.002852794730218272,-0.0018059782989362971,106.19874877929688,107.34305419921876,107.03965082205181,-0.010014720460228655,-1.5085220336914062,0.01677046780707226,2.731198021441819,0.014791073260137259,0.06947392406553794,43.78343708174683,-0.9802040453535312,0.024866061801243067,-1.260833740234375,1.2308221767543743,35545200.0,0.5964055797827181,2.231849937642856,0.35032507599800894,-0.32487390535097094,0.009300694964149162,1.1038661651408022
AMGN,2016-03-18,106.88738168700299,107.94172514881446,105.07360177140924,107.2855224609375,6802600.0,0.009529099993592874,0.026733554645730427,0.0037248622583008458,0.005828075387793198,106.16409606933594,107.17310523986816,107.06306716861235,0.0010489312670163911,-1.5291254425048777,0.016886139201822765,2.649041080757447,0.01490089988841479,0.06309716500398528,56.7375895709788,-0.844005845359618,0.12885140943612505,-0.346527099609375,1.626978385004036,42347800.0,0.5566245212969319,2.05259374724703,0.6018258340418754,-0.3065006967844581,0.006590739909516792,1.1321081896855105
AMGN,2016-03-21,107.13069103792837,109.08454975378496,106.92424601324957,108.3914794921875,3176800.0,0.010255768719001024,0.019930567888328258,0.011768695245443347,-0.0014431716363734145,106.14197463989258,107.11596336364747,107.18958262800047,0.01190780616153159,-1.5138105010986322,0.016941813840244017,2.4784037580970155,0.014922786425375718,0.06066682362982962,46.43572405543521,-0.639455061158003,0.2667217549101921,-0.22121429443359375,0.7729816536084481,45524600.0,0.3753426269799056,1.846331878878566,0.8157454453820469,-0.29555932784596745,0.0005413415903815057,1.2759779380336038
AMGN,2016-03-22,108.4210339795923,111.32602636119074,108.25882548363593,111.05321502685547,4213900.0,0.024260017640584653,0.027619199289395487,0.02427740218524959,0.00027266430482596204,106.58362350463867,107.23983345031738,107.55754761836761,0.03555937615573391,-1.4039612579345828,0.0176967620939085,2.570040830716207,0.015167636140949646,0.06803351680028899,57.0911488052092,-0.25957505867717146,0.517281405912819,4.4164886474609375,1.0142403787485845,49738500.0,0.18462055594037974,1.107185939888973,0.9999999986046507,-0.2371612161475118,-0.0014386054113087725,1.3221248501929965
AMGN,2016-03-23,110.82458285129083,112.00427822659356,109.22462845193238,109.68175506591797,3107600.0,-0.012426464265071676,0.025342863751502066,-0.010312042292154206,-0.0020587623285769096,107.16314392089843,107.3006591796875,107.75985308956288,0.022190878457168144,-1.3739523315429665,0.017953635940552153,2.6543055024330235,0.01522630290298806,0.07031507636959233,56.55278369418516,-0.06839436918802733,0.5667696763215706,5.795204162597656,0.7498473811080735,46630900.0,0.2565885014977786,0.9026828959804611,0.8086334247868556,-0.276821256876842,-0.008118352188735382,1.310050897549671
AMGN,2016-03-24,109.68176727598768,111.29647114115303,108.82649984661185,110.03568267822266,3025800.0,0.003221664352724264,0.02244700295779614,0.003226747808908223,1.1132270545177622e-07,107.76846923828126,107.39245300292968,107.97659876467333,0.02461280659285121,-1.2746571350097753,0.01794594163705249,2.685376731858498,0.015255402172599965,0.07355686309660484,57.20601844545298,0.11040403602792992,0.5964544652300223,6.053253173828125,0.7338368184397782,49656700.0,0.2046981640677947,0.8922163930942731,0.8580186904711431,-0.27580774502976924,-0.00047192927884811485,1.4218936950442593
AMGN,2016-03-28,110.094684339304,110.86147865309731,108.62007037012228,109.39423370361328,2111000.0,-0.005846520951584614,0.0204892726708775,-0.006362256632954005,0.0005362047987095047,108.04864273071288,107.4208366394043,108.11161161600094,0.018370710245288635,-1.3039967346191332,0.01797053622853094,2.6816898056477507,0.015326879238150997,0.07449105436134798,52.39167445695976,0.19806037221373174,0.5472886411326593,2.8017349243164062,0.5201768749222261,47545700.0,0.3073713489676096,0.9096400700534901,0.7685141507498205,-0.28180274093032165,0.00025501400155540784,1.4602072977432672
AMGN,2016-03-29,109.4606063989753,110.36749089389563,108.23667403159223,110.22003173828125,2735700.0,0.0075204761867023115,0.019332392022559514,0.006937887193296767,0.0006067293779107807,108.4077163696289,107.68663673400879,108.3124135324086,0.023525621015819002,-0.9996752166748024,0.015832441115489586,2.6764245242744695,0.014705963281673218,0.0743502665824992,61.79604269441566,0.3303555173218058,0.5436670289925867,3.5907363891601562,0.6951640650212307,50281400.0,0.7068825872340725,1.179497313222706,0.883741824222586,0.00047089165117034613,0.008449025354004039,1.2677587267057213
AMGN,2016-03-30,110.3085152659357,111.24489842952795,109.34264476863633,110.21266174316406,2324500.0,-6.686843955432685e-05,0.01725984683433711,-0.0008689585073332449,0.0008027898945316185,108.87000885009766,107.72681884765625,108.49338955248055,0.023075432117077674,-0.9480627441406284,0.012667850041988974,2.563721057230196,0.013752503337053225,0.07595552914282867,75.4146708073468,0.429652904706856,0.5143715331021095,4.6229248046875,0.607288507107457,47956900.0,0.061055586330414094,0.3501470352498134,0.8827134524473969,0.09104036695916765,0.004170963885949415,0.8847368123920147
AMGN,2016-03-31,110.10203334547101,111.30384711202909,109.95457422543923,110.5444107055664,2799600.0,0.00300555908317773,0.012205708800453323,0.004017885470900698,-0.001003772125119827,109.30870361328125,107.81676788330078,108.68872490039348,0.025298873967525913,-0.8533183288574122,0.012584753231536615,2.4252131430649047,0.013673116387815142,0.07904329378238521,75.87194157176289,0.5290179783801676,0.49098928542033693,4.3869476318359375,0.7400172607255056,50756500.0,-0.04938886378345371,0.446945467340202,0.9290040217026215,0.0654264192313202,-0.002559652921153331,0.8802649922129462
AMGN,2016-04-01,110.61080314773993,113.86969885134663,109.93248203413248,113.66325378417969,3972200.0,0.027822815752921212,0.03463931117694393,0.02759631563621033,0.0006005951974393218,110.04822463989258,108.12348670959473,109.16248955599217,0.05123555707617933,-0.5497037506103482,0.013633881523460076,2.497890278288317,0.014353194641261297,0.09237480146482575,76.8025954134893,0.8496360112799124,0.6492858546560654,7.395210266113281,1.036500083500334,54728700.0,-0.012909969971484922,0.31087263582668717,0.9999999989771602,0.07051001598473376,0.00671655221617939,1.06686836273293
AMGN,2016-04-04,113.54529598952149,114.9904228886611,113.32410160439422,114.03192138671875,2314200.0,0.003238258557091706,0.014612761619756073,0.00428573806564533,-0.001037783018970849,110.72286453247071,108.44348030090332,109.62624496844232,0.051533214078973835,-0.27299095153809105,0.013626635775290167,2.505264179847643,0.014261996740806951,0.10401285358767369,77.37191765943822,1.1205593955346131,0.7361673911286128,6.74639892578125,0.6131208172824721,57042900.0,-0.040705631092295524,0.3201476488494945,0.9999999990143287,0.0693029932288764,-0.0031998527024930373,1.0387988930424605
AMGN,2016-04-05,113.30936452602887,114.40058727684053,112.52782069802525,112.77113342285156,2604600.0,-0.011118024420921316,0.016606790425640807,-0.004750102565915195,-0.0063364437948866615,111.16082992553712,108.65140228271484,109.92575815457654,0.037916962446715906,-0.03480758666992756,0.01389267227445229,2.507371261247284,0.014148125406873813,0.10977052774765332,76.12646220256336,1.2194757206047768,0.6680669729590212,4.3796539306640625,0.6962774844616721,54438300.0,0.1386379471651584,0.11174875152817171,0.8757277543794404,0.1099659874989989,-0.007430116509766249,1.0798557190161664
AMGN,2016-04-06,113.72221990227646,117.85851204660332,113.19135803612892,117.71842193603516,4067000.0,0.042935121101279596,0.0396467599014401,0.035140028370820586,0.008433776007718803,111.82735061645508,109.20548706054687,110.66791660995355,0.0779533620940535,0.411784667968746,0.01593307531234412,2.6037445883821917,0.014950100750766452,0.13043191710526114,81.89565678635026,1.6777326006076692,0.9010590823695308,6.6652069091796875,1.0728337239622834,58505300.0,0.6160026828909442,0.9328686343240711,0.999999999277032,-0.23239261546557918,0.008789331737640713,1.2545433600388205
AMGN,2016-04-07,117.2687085548577,117.95439882811631,115.44018990908671,116.03740692138672,3363900.0,-0.014382905459760124,0.021667227713326367,-0.010499831102812739,-0.00382024643026409,112.46291580200196,109.81302986145019,111.17929663961385,0.056681589314034525,0.9505809783935462,0.014936233738436194,2.574778070038239,0.014707883720626634,0.1326388053005204,74.80348820541826,1.883548245018531,0.885499781424314,6.35565185546875,0.9202751058730836,55141400.0,1.0080391933795119,0.933918274592032,0.8776196891640355,-0.44480307495635635,-0.01002779841831891,1.4326539482361587
AMGN,2016-04-08,116.67146008438654,117.23180933672838,114.59224900916018,115.35905456542969,2522100.0,-0.005863134594800883,0.022881258324383,-0.01124872799232657,0.005464213479273795,112.99525299072266,110.38186111450196,111.57736882302488,0.04509068247875217,1.4157606506347662,0.015124496968408332,2.558452137907023,0.014411521308748999,0.12938766297320897,70.85709668009555,1.9692213027567504,0.7769382713300266,5.323371887207031,0.7098947866178035,52619300.0,1.0215696144377078,0.8475807437776758,0.8054721200909157,-0.35667621818057854,0.005871052688648634,1.3547901184984352
AMGN,2016-04-11,115.31482599106926,116.3101950766769,114.4890456388347,115.30745697021484,2732800.0,-0.0004473783015308706,0.01579385657870012,-6.390349888732314e-05,-0.0003833992444463551,113.58657531738281,110.81760902404785,111.93261531323346,0.040515654377569855,1.7178426361084007,0.01442801354625448,2.5342268305717965,0.014325722719924189,0.13049284772517106,68.89607078728088,2.0097867529019453,0.654002977180177,5.9132232666015625,0.7929583165884918,49886500.0,1.3180953702068159,2.0161445565617497,0.801217941242781,-0.3359952718226618,-0.002940643805926371,1.4284281412165072
AMGN,2016-04-12,115.12306449027143,117.3792211295382,115.1009461899184,116.93684387207031,2763400.0,0.014031893403381245,0.019482952200353888,0.015755134645083702,-0.0015991375127719846,114.25825653076171,111.3329864501953,112.40920850931316,0.05033420552660631,2.1311085510253918,0.014571067444655245,2.4778749778621525,0.014431186148256699,0.1336502020843845,67.03652304080173,2.148644829911291,0.6342888433516181,6.7168121337890625,0.8047608854874243,52649900.0,1.1422504844080954,1.5321017515099336,0.9355595372888516,-0.3672105261865864,0.009628394214453278,1.397681552878788
AMGN,2016-04-13,117.24651924515302,118.62527922883413,116.66404062876892,118.01331329345703,3860600.0,0.00916344953202622,0.016618791095105636,0.006540015458375377,0.002648227563089514,115.03832168579102,111.95416526794433,112.94293277446972,0.054121684628804116,2.6289389801025322,0.014191646834031495,2.4194170368195835,0.014416630972880472,0.1338969343648751,74.54399486480096,2.318822994175548,0.6435736060927002,7.800651550292969,1.1109208706999871,56510500.0,1.0772541957925854,1.626924157646066,0.9999999991565345,-0.36466969605542054,0.01141721546960485,1.234275710506923
AMGN,2016-04-14,117.82904615657876,118.53686592459675,117.50462923167106,118.05760955810547,2406800.0,0.00037527929855353705,0.008743499862392588,0.001939788269379554,-0.0015614097404423291,115.78964157104492,112.54917259216309,113.43004484910169,0.04894249188221876,3.0610512542724706,0.014241094297196938,2.316721708132763,0.013674896469866152,0.13233019336651894,74.07097417564154,2.4292617366431415,0.603209878848235,7.5131988525390625,0.7314967905076833,58917300.0,1.1216028404410228,1.6517047825542746,0.9999999991517923,-0.3689893801446291,-0.00039657164313049533,1.275289613256994
AMGN,2016-04-15,118.07970996333347,118.25666769110421,116.83367060042114,118.06497192382812,2824300.0,6.236053899487317e-05,0.0120526610686965,-0.0001248143267791099,0.00018720017549673425,116.22981338500976,113.13901901245117,113.8714664752661,0.04353893956632983,3.4963491821289097,0.014258618945965156,2.258263765826194,0.013265438630953669,0.1275830406855291,77.04706106901112,2.488691233715059,0.5301115007361219,4.4017181396484375,0.8863413118592047,61741600.0,1.1275092527032393,1.6460653880831,0.9999999990723087,-0.35574390379929005,-0.0011447137022884827,1.434716529399245
AMGN,2016-04-18,117.59306950931564,119.5174407715988,117.52670334478847,119.2225112915039,2081100.0,0.009756507457560078,0.01669766393313837,0.013856614075876154,-0.003996972233364369,116.74887237548828,113.73586845397949,114.38108979109828,0.04824021579212237,3.904077224731452,0.014262272357784518,2.248258091862403,0.012960741527858411,0.12578540443943237,77.51247066240819,2.5992309746120554,0.5125209933064943,5.190589904785156,0.7053631801843482,63822700.0,1.1242186299949273,1.636406635746467,0.9999999990767269,-0.3675606464686223,0.007165044273908034,1.4272694304732985
AMGN,2016-04-19,118.55896994644593,119.81238961852654,118.2198037702675,119.51747131347656,2693000.0,0.002470974227547997,0.013325130047990375,0.008084595939586842,-0.005565570946879263,117.42350616455079,114.29216804504395,114.87026898370573,0.04571882183889674,4.194037246704113,0.014227446453348532,2.2261389623886467,0.012806037641415899,0.12483151154446916,77.94519844848699,2.6797448933113515,0.4744279296046323,6.746337890625,0.9203046266409907,66515700.0,1.2213704244042685,1.8462766753875606,0.9999999990121736,-0.41950152837709515,0.0027468381624061768,1.4246493962657014
AMGN,2016-04-20,120.19580402703674,120.80038998591935,119.29628848420008,120.00409698486328,2374300.0,0.004063319594828284,0.012533751259417386,-0.0015949561943970998,0.005675594589689862,117.65207366943359,114.73971214294434,115.35920498381597,0.045881105535287514,4.33563560485841,0.013461613622409383,2.2371981491836053,0.012359188471222686,0.12892330397037488,78.14847976869164,2.7511063373794116,0.4366314989381537,2.285675048828125,0.8377245984351983,68890000.0,1.5165072254221956,3.3805363003295694,0.9999999990574807,-0.3604432427599166,0.0013228233288312334,1.5198043258502691
AMGN,2016-04-21,119.76813274470304,121.3164704600056,119.46583422037838,121.1763916015625,2348400.0,0.009721382155668343,0.015272250767395834,0.011758210006173319,-0.001966301535438463,118.16597213745118,115.31444396972657,115.91322275693469,0.0508344612351846,4.583319244384768,0.01294930950120167,2.0881566793559676,0.012067391366989139,0.1305419648052721,75.28544798155386,2.869181041187886,0.44376496219730255,5.138984680175781,0.8398345650358603,71238400.0,1.5405741843092835,3.6528021419424124,0.9999999991512589,-0.3847530442663199,-0.004131472462205935,1.3699624864567186
AMGN,2016-04-22,121.30171002877144,121.43441984397884,119.57640367821773,120.32109069824219,2757200.0,-0.007083340756247888,0.015442148628962343,-0.0080841344305588,0.0010341818695261643,118.66217575073242,115.82871437072754,116.33301970372588,0.038784651560027764,4.811810073852541,0.013227760324629807,2.1018491708912697,0.011867020344577579,0.1279942834904934,70.49486990533417,2.8607633605315215,0.3482778252327501,4.9620361328125,0.9907881710557759,68481200.0,1.5300164927068913,3.398633215129537,0.927407108273158,-0.4061421586541916,0.007560371711685599,1.2168000097282918
AMGN,2016-04-25,120.29166609959508,120.73405492314363,119.62072509278043,120.5202407836914,1596300.0,0.0016537869942308862,0.009237700017222773,0.0019001705729728793,-0.0002445506309521925,119.18345413208007,116.38501472473145,116.7318026637226,0.0355305712573084,5.043694381713877,0.013022651407212102,2.0476036888589784,0.011612509683361933,0.12097903846602277,77.12961483992665,2.837453636229398,0.25997448074450125,5.2127838134765625,0.578977911573755,70077500.0,1.5366815464929593,3.5920726718139226,0.9401525907928134,-0.38269817293288877,-0.0023470593538913293,1.1817943035206115
AMGN,2016-04-26,120.46861362425518,120.85201648866591,119.4585064386496,120.07047271728516,2156600.0,-0.0037388690844208186,0.011605768000076424,-0.003304934746006456,-0.00042836920255479954,119.49681701660157,116.87753677368164,117.04977124025237,0.02731864506852353,5.26886856079102,0.013147135203311842,1.7837559335921611,0.011420244427800085,0.11273017302534222,62.01973762187857,2.750976443672755,0.1387978305502866,3.1336288452148438,0.7905005049218425,67920900.0,1.619334285043911,3.6674296206478174,0.8991293193509796,-0.3672048143313899,0.005078485611995166,1.1716887735434898
AMGN,2016-04-27,119.97458977328601,120.10729962626691,118.33776741738644,118.7064208984375,2729500.0,-0.011425449396478209,0.014906794388101672,-0.010570312240658214,-0.000798555563489009,119.56612777709961,117.3022247314453,117.20754739817477,0.011970754776450281,5.48932296752929,0.013583034358482423,1.7305647400100799,0.01135914499848736,0.09940638227226185,64.09617698421845,2.543060248073033,-0.05529469203954829,0.6931076049804688,0.9931250784548801,65191400.0,1.5182501628470566,3.212681895082539,0.7676848054032888,-0.3145502507837937,0.0040957217124907505,1.134837613111527
AMGN,2016-04-28,118.13132973093373,120.68240567858034,117.49724525398818,118.38201141357422,3354100.0,-0.002736613373834374,0.026905780587429096,0.0021220592641381813,-0.004844650888731673,119.59856796264648,117.6941047668457,117.3194011139271,0.005844869189423529,5.741262207031241,0.013661207473208323,1.7695361755117918,0.0118003965719278,0.08320922252374675,66.58557188148552,2.32530338095512,-0.21844124732596892,0.32440185546875,1.208197052000634,61837300.0,1.5560113648660614,3.2212156933364566,0.6675437999344981,-0.2956884015734993,-0.008737293959436789,1.084593481676468
AMGN,2016-04-29,117.51938320335775,119.38476934544168,115.30009278837937,116.7157211303711,5386600.0,-0.014175536002987918,0.03499679835332327,-0.0068385491063715186,-0.007286818325825117,119.46364288330078,117.84672813415527,117.26190778215987,-0.009597271147796758,5.761170272827144,0.012888588646711607,1.9312166840275131,0.011780319722873725,0.07713913011264137,56.56355609162181,1.9952735236590087,-0.4387768836976642,-1.3492507934570312,1.8921330317123548,56450700.0,1.844847037889958,5.543873384435484,0.46930000470627875,-0.2939117322658202,-0.006847001812118559,1.0264830344926745
AMGN,2016-05-02,116.95161507046824,117.54146283143467,115.91202090784634,117.22442626953125,2433700.0,0.004349026420810979,0.013900191073162475,0.00233268432333007,0.0020210982531963235,119.26383438110352,118.0063533782959,117.25833811429048,-0.006626144155628683,5.7899970245361345,0.012899372752518084,1.8848714685966945,0.01176638170727484,0.07104170034984786,51.49669879720911,1.7545454297713121,-0.5436039820682885,-1.9980850219726562,0.8530872138571902,58884400.0,1.8263508131388588,5.47455013840525,0.5298222549142968,-0.2968169037666373,0.008416800886330266,1.0187920874273517
AMGN,2016-05-03,116.76729841525817,116.83366459126614,115.01988453874347,115.27794647216797,2862900.0,-0.016744132555918653,0.015733972611670196,-0.01275487198302417,-0.003899595577648804,118.83988189697266,118.13169403076172,117.06972938646929,-0.024157340517360494,5.800465087890629,0.013237923159149493,1.9022502636483065,0.011745185699815882,0.06174620186761773,36.94614031306253,1.3906712364255043,-0.7259825403312772,-4.239524841308594,0.9990124680273438,56021500.0,1.6604757535196875,4.9483144949855005,0.0,-0.19653408078429715,-0.01064132466381271,1.061168213643635
AMGN,2016-05-04,114.48900528146943,114.91664459896623,113.19871831072221,113.67796325683594,3048400.0,-0.013976570972166216,0.015112219105849518,-0.007084016693476896,-0.006843817181363607,118.20726852416992,117.92967109680175,116.74670404078992,-0.03605291018301775,5.496399154663081,0.009082723414197733,1.9770353685425965,0.010611290377604662,0.07047672944672724,31.80139984110872,0.9621025237614163,-0.9236410023962924,-6.326133728027344,1.082989910473213,52973100.0,-0.0996828530430935,-0.9453769557284653,0.0,0.27647583255946506,-0.007109190116694039,0.7933485733338232
AMGN,2016-05-05,113.64114101054797,115.1747410488066,113.07341142297034,113.7296142578125,2325400.0,0.00045425928572167276,0.018476538758610175,0.0007785318457539877,-0.00032391718881147634,117.46259078979492,117.81428146362305,116.45936215669683,-0.03467039101767768,5.2757220458984335,0.008593492502238786,2.02548769248211,0.010504394612778436,0.07624663722351623,32.05149262405685,0.6194854922790114,-1.013006427102958,-7.44677734375,0.8416595032348549,55298500.0,-0.22005300811559808,-0.6005936495546087,0.006888243580270363,0.22021507874532004,0.00011340393247125045,0.7315204883706108
AMGN,2016-05-06,113.16923049509566,113.87703875859786,111.59876333168532,112.94803619384766,3004800.0,-0.00689597019992972,0.020171005213427892,-0.001954544537241425,-0.004927333714915366,116.72528533935547,117.69373054504395,116.124950160235,-0.04032240569840729,5.0602065277099655,0.008627146080910766,2.04602612106084,0.010409372252946476,0.08295143766935009,23.18886409781274,0.2816455737098238,-1.0806770765377165,-7.373054504394531,1.0781446783470459,52293700.0,-0.20583320300598695,-0.6440593562862369,0.0,0.21504218213937462,0.003833138949888259,0.7556084324290246
AMGN,2016-05-09,113.32405452977474,115.07884833898866,112.82269129880453,114.58485412597656,2990100.0,0.014387776342540981,0.01968983647440592,0.011125613193362744,0.003329126814402882,116.13174667358399,117.65760040283203,115.97827434744849,-0.026116003269955414,4.908910522460943,0.00929984905769686,2.093424063341204,0.0105325001124797,0.0844104773598038,31.09109456909451,0.14431891330595192,-0.9744029895532706,-5.935386657714844,1.0679405330595115,55283800.0,-0.16129416752389103,-0.8251813667529811,0.19892406793768258,0.14127941127254295,-0.00028167450138594344,0.7460687261298355
AMGN,2016-05-10,114.98300328147147,116.12583117165545,114.24569641688953,115.93413543701172,2585000.0,0.011706599294511726,0.01621726636144552,0.008271936968039842,0.003474710148491125,115.71811294555664,117.6074649810791,115.9740706416926,-0.014228089554830502,4.638172988891611,0.009121036296759994,2.1202835814159644,0.010431221320432475,0.08530743754274897,35.3659165525475,0.14271711685206867,-0.7808038288057232,-4.1363372802734375,0.9262062627308574,57868800.0,-0.22344168060374475,-0.8509721466478056,0.36290353194215247,0.167885862139769,0.012843700352568018,0.7097317865672282
AMGN,2016-05-11,116.29540479043364,116.67880749757035,113.61160834129579,113.67796325683594,2741800.0,-0.019652664722844562,0.02698147528685698,-0.022506835401745875,0.0031161603272420067,115.21526718139648,117.39069747924805,115.75539374789673,-0.03162715872838591,4.336026611328123,0.009763393996117954,2.2071809326050595,0.010797955854777145,0.09044521506309958,24.987962673599625,-0.040143804906179525,-0.7709318004511772,-5.0284576416015625,1.002480790781769,55127000.0,-0.18041591440314456,-0.8166917768914942,0.08870874262636003,-0.0024302373725839095,-0.00799014930512023,0.807572355849611
AMGN,2016-05-12,114.04664325264763,114.28258689676136,112.04854754971572,112.73423767089844,2981600.0,-0.008336397486143603,0.019816866581094907,-0.011507621305800436,0.0032431967045250436,114.6504898071289,117.1245288848877,115.46766459770642,-0.03748396049732779,3.9900818634033186,0.009852888522118443,2.23403973126824,0.0110564401549023,0.09713027691019041,24.84142179979679,-0.2582363823139815,-0.7912195022871833,-5.647773742675781,1.078822109774564,52145400.0,-0.045933941464283104,-0.9269200085411304,0.0,0.05643649022037101,-0.00016465971549877825,0.8123526550177056
AMGN,2016-05-13,112.22959171803431,114.3521727140801,112.22959171803431,113.0682373046875,2451200.0,0.00295833672695954,0.018772566431066024,0.007472588769281098,-0.004476421389722977,114.28574142456054,116.87469215393067,115.239147712657,-0.03256868342574839,3.6294579315185587,0.009910017605362472,2.3061291002455673,0.011221967056884668,0.10177192031246601,25.507638715799047,-0.3995199250826289,-0.7460024360446647,-3.6474838256835938,0.8929365050453535,54596600.0,-0.08612617137997401,-0.9768271126232306,0.03956331951970896,0.023330378559692753,-0.008093375766600604,0.7047015134943223
AMGN,2016-05-16,113.06822039441116,114.18887930385202,112.58580900299378,113.75100708007812,2415100.0,0.006020404833868201,0.014092800951904627,0.006038714355680423,-1.495581495454181e-07,113.93839950561524,116.60111694335937,115.09742003336378,-0.024443246668603768,3.2335035705566355,0.009705337562641718,2.3210976895914186,0.011155690985079058,0.10284166588844491,29.543246397800573,-0.45119326083793965,-0.6381406174399803,-3.473419189453125,0.8744659280179593,57011700.0,-0.10063521963059283,-0.894758719051146,0.12043957221416268,0.01499418044996272,0.011369572490123585,0.6532505228243948
AMGN,2016-05-17,113.14243082529958,113.4838298337926,110.90853051640133,111.40577697753906,4486500.0,-0.02083272712736172,0.02311638935843054,-0.01534927113632591,-0.005350073554514703,113.55118255615234,116.1955322265625,114.74583498042809,-0.04122150961608571,2.772057189941407,0.010452107739627332,2.397736572076871,0.011433390426114595,0.10769494138280694,27.77864989234287,-0.6736201473349723,-0.6884540031496104,-3.8721694946289062,1.5733962247608693,52525200.0,-0.0310472030661545,-1.012909477205714,0.0,-0.0860716555621246,-0.009364040600404546,0.7502808599477082
AMGN,2016-05-18,111.25734545841686,112.38542189531869,110.73783508293882,111.94013214111328,3234500.0,0.004785009810533922,0.01471846406526392,0.006137003178379918,-0.001332350288729856,113.37739944458008,115.792333984375,114.47862518620762,-0.03326819410844193,2.262790832519542,0.010480801958270565,2.2879098854902793,0.011481499110650061,0.1081721485558274,30.63994680485176,-0.7975830208884105,-0.6499335013624388,-1.7378311157226562,1.11746994715813,55759700.0,-0.035438966771377256,-1.0314108648295264,0.05469002550908886,-0.21197908018665823,0.0004791082195840337,0.746575624812955
AMGN,2016-05-19,110.91592827492457,111.4948127876421,109.1866922678927,110.33704376220703,3023600.0,-0.014424478518058201,0.020918817842571134,-0.00521912877366603,-0.00914956813609607,113.03814239501953,115.25036659240723,114.08418886011232,-0.04263173276989727,1.5918135833740337,0.010267433255747105,2.192821550930156,0.011638510670351421,0.10718224041545789,30.75678776044184,-1.0134973592161032,-0.6926782717521052,-3.3925704956054688,1.0325638735829823,52736100.0,0.1613024552013145,-0.9413254105765392,0.0,-0.23868042487455743,-0.004226191102052117,0.8321417082997924
AMGN,2016-05-20,110.52260680899597,112.59324219172218,110.32222018255985,111.45772552490234,3075800.0,0.010105660324552826,0.020375635681305338,0.008460881831374393,0.0016817837460722529,112.889111328125,114.80719833374023,113.83404949485423,-0.029174763058855382,0.9991394042968693,0.010762311814948449,2.238648699899728,0.01177518978626128,0.10296695449807322,33.22249741296531,-1.081712072172735,-0.6087143877669895,-1.4903106689453125,1.044706921293741,55811900.0,0.025036494477575517,-1.1929937189521342,0.1100520552858196,-0.2851755420794255,0.007096552512494715,0.9733171210944451
AMGN,2016-05-23,111.3538412938752,111.88078063319374,110.69331839850582,110.80464935302734,1543400.0,-0.005876640630032251,0.010716718491699919,-0.004931953262379907,-0.0009320505199428952,112.51109085083007,114.32141876220703,113.54553519563262,-0.030762121807591487,0.4291168212890568,0.0106941422036661,2.166000164464023,0.011796636336771183,0.09652772446133116,35.926309978157036,-1.1749266892293946,-0.5615432038589193,-3.7802047729492188,0.5246929319095844,54268500.0,0.13463509174108249,-1.1240448836018697,0.04804119827637323,-0.2860601871144031,-0.000525241748073104,0.9863089023492372
AMGN,2016-05-24,111.85108733616872,113.50610316636379,111.61359038457373,113.34282684326172,2581000.0,0.022648356595234686,0.016697243526554686,0.013336835095841085,0.009443989843850208,112.25195999145508,113.98503646850585,113.52622963826397,-0.005634157299423928,-0.04153610229492699,0.012287698120234536,2.2104448538847867,0.011909372798853445,0.08453313230185713,49.00438391112324,-1.0320929091926416,-0.334967539057733,-2.59130859375,0.8711501139144376,56849500.0,0.34952923506382794,-0.7422471130196527,0.35914059416099786,-0.26960860673574455,0.013790752185390203,1.1639099263920933
AMGN,2016-05-25,113.95138024097155,115.65835258542013,113.66193794133072,115.45797729492188,3053100.0,0.0184895391162109,0.01729126640587025,0.013221402415348967,0.005369139050602436,112.42996139526367,113.82261428833007,113.71020560556472,0.014367645804103376,-0.4013230895996145,0.013000901254511574,2.2257445764792263,0.011971956845798711,0.07631547516117178,54.57381582305264,-0.7396944083568542,-0.03405523057755644,1.7800140380859375,1.0248982017032962,59902600.0,0.18841661848176933,-1.0012190473127007,0.6365387343079233,-0.04556581690805894,0.006498875168427972,1.2854215806784244
AMGN,2016-05-26,114.9755730998809,115.9849124456046,114.70097717201111,115.4431381225586,1808600.0,-0.00012853270420008097,0.011121798094490706,0.004066646593459545,-0.004178179856803953,112.70085144042969,113.6756706237793,113.87524679765937,0.015548335796750237,-0.7339802551269514,0.012998900921547181,2.1547202798135805,0.011517836594037292,0.06802501586145446,56.88214175985589,-0.5033614495617087,0.16182218257407133,2.7089004516601562,0.6232994618588358,58094000.0,0.15523134814784634,-1.0081722417053116,0.7413693587524604,-0.042853645957979324,0.0006714170789789023,1.3676651158096458
AMGN,2016-05-27,115.9255359568901,116.43021128217914,115.11658325439493,116.32630920410156,1364000.0,0.007621154267056984,0.011292613311399564,0.0034571610465574986,0.004178661825871163,113.02665863037109,113.65620002746581,114.10868131255862,0.02349285983510356,-0.9546161651611413,0.01276994041267935,2.087396778927872,0.010636070672058228,0.06696291433943193,55.01175123221068,-0.24201159272377026,0.3385376315296078,3.2580718994140625,0.5050869738291629,59458000.0,-0.04095384443201899,-0.9228973584296576,0.8695996522378998,-0.021207807611154626,0.004723234273230503,1.356790977151714
AMGN,2016-05-31,116.83099787295461,117.58057649989125,116.41538947289155,117.2243423461914,3204400.0,0.007690302398963431,0.009939804341649693,0.0033667817650973814,0.004338559972426722,113.37399215698242,113.65619583129883,114.40541093480937,0.03139421030938617,-1.1533967590331997,0.01285341365405935,2.0426919604295697,0.010554637765536027,0.066962625285873,53.81211165422787,0.03714562944102795,0.4941558829555248,3.4733352661132812,1.1698904003563266,62662400.0,-0.07305770445015537,-0.9780814286080491,0.9999999985480519,0.025528687737656475,-0.0014828125399950498,1.3766295559240973
AMGN,2016-06-01,116.9719779760736,117.8848326971903,116.27434492964365,117.29853057861328,1716400.0,0.000632673768415841,0.01372982048114671,0.0027917165135608276,-0.002152832466933455,113.96326751708985,113.7572250366211,114.68094613898117,0.031130379110884246,-1.2305085754394582,0.012239099445746427,1.938641146949006,0.010507044183715066,0.0717977078135553,62.28103091769687,0.26135339036800076,0.5746909151059981,5.892753601074219,0.6400334112058051,64378800.0,-0.17164356972295755,-0.6544029462895545,0.9999999985635253,-0.06861151472886426,0.0030655650172126407,1.353988218533764
AMGN,2016-06-02,117.43210292865402,118.64924621582031,117.22429880580675,118.64924621582031,2386300.0,0.011449401311021328,0.012009746841725495,0.010364655463129795,0.0011387384767895016,114.63417892456054,114.00578918457032,115.05887947963252,0.040730010857013964,-1.1338650512695239,0.011934193193288426,1.8808488657324287,0.010437400934381365,0.08125608681967102,69.52473292670028,0.5417857508672768,0.6840986204842192,6.709114074707031,0.9009563434681326,66765100.0,-0.3885269600047241,-0.3644892944908716,0.9999999987969493,-0.0818406781985557,0.002479315221970665,1.3239357514395576
AMGN,2016-06-03,118.64184637726544,118.73833092171711,116.38568213940584,118.14459991455078,2149300.0,-0.004262332603053006,0.019913299329912995,-0.004191155801246368,-6.23673456923162e-05,115.41493453979493,114.22653846740722,115.3527576162914,0.03430079821828371,-1.0823726654052734,0.012016783573584275,1.8972822790371058,0.01049036202740546,0.08726279558440875,66.56979335852537,0.7150668326287644,0.6859037617965655,7.80755615234375,0.814182758326783,64615800.0,-0.32418682564779966,-0.4793960569471259,0.9392884962224363,-0.10996669923200215,-0.002013036525601569,1.3313318243968457
AMGN,2016-06-06,118.43401549201026,119.30234222265658,117.92192275546833,118.88673400878906,1897600.0,0.006261927543362311,0.011611215319332393,0.003822537933026032,0.002449672500214161,116.1578353881836,114.52347335815429,115.68932679652927,0.0380992692824584,-0.9624588012695341,0.01186611244701219,1.8813786480606782,0.010253052845530256,0.09354989472368937,66.69884964858366,0.9018810343169861,0.6981743707878297,7.429008483886719,0.7342331971994204,66513400.0,-0.4946138001286684,-0.23192207497626482,0.9999999988303668,-0.08036159219006911,0.00576567472024554,1.355326663000707
AMGN,2016-06-07,118.10005871450483,118.47855666808532,117.4692174673949,117.92193603515625,1896700.0,-0.008148378280918285,0.00855938457785754,-0.0015082353157771888,-0.006617014933104979,116.86956405639648,114.69032745361328,115.90195624782709,0.028176818859027165,-0.9661587524414159,0.011753166766552503,1.7795957893262044,0.00996871040263976,0.09710636878692577,73.27689300575268,0.9610036498875729,0.6058375890867332,7.117286682128906,0.7497445445184293,64616700.0,-0.2921866069887287,-0.34246716394925797,0.8871540424648651,-0.14823220777568683,0.003206114289732592,1.3738762107062072
AMGN,2016-06-08,117.61768587202178,117.95908495474052,116.92005263847265,117.2614517211914,2476000.0,-0.005616774693884036,0.008860817438439498,-0.003028746469455182,-0.002580098100185216,117.26142654418945,114.75669326782227,116.03143200719512,0.021826687246237236,-1.040621337890613,0.011594955644860403,1.7361276110324897,0.00979703599640904,0.09867576483535634,68.83895127039673,0.9436849715153386,0.47081512857159913,3.9186248779296875,0.9808484973329715,62140700.0,-0.10816879702625491,-0.2850652777430752,0.8099016164537162,-0.04028057368509309,0.0027420707836657014,1.4354170582499166
AMGN,2016-06-09,117.08332510718392,117.98876250911383,115.77712571439807,116.35601043701172,2383200.0,-0.007751525160119624,0.01900749936689354,-0.006211940679907966,-0.001519055165980783,117.35122985839844,114.89059562683106,116.06234423860623,0.01275487172980096,-1.0295859527587794,0.010793659186293622,1.6974273911392876,0.009467914269286386,0.09889534218998668,72.41611127275372,0.8471330273687272,0.2994105475399902,0.8980331420898438,0.9508401441900084,59757500.0,0.03464230762969662,-0.08115204651324393,0.7039982144582312,-0.11108373870342671,-0.001792957137638302,1.353777055570069
AMGN,2016-06-10,115.2278694120734,116.01456928852569,114.02557266844406,114.87163543701172,2626100.0,-0.012839255319136796,0.017314949965801393,-0.0030915608947669967,-0.009695597337011006,117.29407958984375,114.99746551513672,115.94894340035913,-0.0010941987074353661,-1.0092605590820227,0.011043611347901721,1.7016713739539537,0.009381141062971672,0.09721883069764507,62.37889942469273,0.6434212987368397,0.0765590551264822,-0.571502685546875,1.0552349877844927,57131400.0,0.018514110062077635,-0.23981361273159818,0.5303808136573959,-0.03919215445346973,-0.009759764084902171,1.317917381039285
AMGN,2016-06-13,115.07946067760888,115.86614937413395,113.54319359230493,113.6099853515625,2340300.0,-0.011043889696051256,0.02044675716347212,-0.012769223260118177,0.0018091954537473073,117.02244720458984,115.02455291748046,115.72618549094992,-0.012297961870217268,-0.98110778808595,0.01134903787409685,1.7827780558926045,0.009437784901826852,0.09660099323982994,59.74223550975572,0.37584120483002437,-0.15281683102426658,-2.7163238525390625,0.942493138603235,54791100.0,0.15303396319924625,-0.4759098584629097,0.38281405420924747,0.027405488673608952,-0.007689712457174469,1.500592417288771
AMGN,2016-06-14,113.35767264483472,113.90686452470807,112.54129103356638,113.543212890625,2115200.0,-0.0005879068697025075,0.012026905495946564,0.0016367683056761554,-0.0022208673467125684,116.6543342590332,115.01416320800782,115.51828333853803,-0.012789297216574463,-0.9817233276367148,0.011269137687216253,1.6873580328786935,0.00938564506702846,0.09679742953575271,50.84009449743701,0.15658901238002443,-0.29765521877941326,-3.6811294555664062,0.8570155180098051,52675900.0,0.2465923095912989,-0.36425498204903367,0.3750041267225651,0.08984122868262324,-0.002089467368739282,1.6426538444606373
AMGN,2016-06-15,113.64713450828684,114.35218529857426,112.67490526516127,112.73426818847656,2443700.0,-0.007150054389973561,0.014878173783048797,-0.008032462268054047,0.0009152604987666345,116.19790802001953,115.0805877685547,115.25313903853218,-0.020388491452589304,-0.9145614624023324,0.01033721963593383,1.6417690536825913,0.009084362451117805,0.09410586433564137,37.17674441993951,-0.08150546235907541,-0.4285997548148105,-4.564262390136719,1.0328576983550017,50232200.0,0.5445760892786233,-0.3858894460869132,0.28038728355381215,0.14590060194692572,1.654483968977958e-05,1.5720252261639038
AMGN,2016-06-16,112.57094999386074,113.47638711833227,111.84363554656376,113.03109741210938,2321700.0,0.0026295388035096293,0.014445153671431904,0.00408762134701478,-0.0014487005348079243,115.63609313964844,115.1351360321045,115.0415160264919,-0.018274513693269347,-0.7662667083740189,0.010302735254058235,1.6666845035522349,0.009076351983509477,0.0921089414925677,38.93780909479619,-0.24343919581235696,-0.4724267906144737,-5.6181488037109375,1.0005947455523376,52553900.0,0.5816532126696499,-0.31599745808768676,0.3151054095589381,0.1783951262940548,0.0037370070951858792,1.5684152039214636
AMGN,2016-06-17,113.26114837859129,113.37246795724049,110.99013837835605,111.04208374023438,4681500.0,-0.01775371693491422,0.02145429461191962,-0.019592461052393505,0.002035289152711222,114.9258415222168,115.17038803100586,114.660617713515,-0.035845188692601004,-0.6311082458496173,0.010573845500771131,1.743020328630822,0.009089674334036927,0.08988498748813822,27.997110392168324,-0.5262038759516798,-0.6041531766030372,-7.102516174316406,1.9480154709420505,47872400.0,0.4569917135592429,-0.25788487548450184,0.029377864378590194,0.23754292946296643,-0.0012085764952964487,1.5712776615518096
AMGN,2016-06-20,112.65256602859016,113.32051744354051,111.59869920888457,111.80650329589844,3250500.0,0.006860465789878174,0.015399982862348453,-0.007510372488781105,0.014503350748741846,114.21781845092774,115.18782691955566,114.3887972927896,-0.02935486946913806,-0.542618331909182,0.010438898835808844,1.8161750720248537,0.008908544910476464,0.08899343408528929,27.186917527144317,-0.6807671921223601,-0.606973194218974,-7.080230712890625,1.3476647525860819,51122900.0,0.49323336197712847,-0.09354568978224959,0.12395984257814888,0.19116495718051055,0.006479915634707271,1.5471956117519499
AMGN,2016-06-21,112.17018665355852,112.41510108478059,110.2108825282574,110.89366912841797,2622200.0,-0.008197921625826825,0.019876865594289615,-0.011380185441637148,0.0032527925204635286,113.5149917602539,115.1922779083252,114.05592794380182,-0.037316813747951386,-0.44989158630370696,0.01052180428280287,1.858584414094606,0.009185898179360141,0.08871398969877181,24.809911145838214,-0.8669244567032734,-0.6345043670399099,-7.028266906738281,1.063388877849377,48500700.0,0.4999298004801011,-0.15382657920061418,0.0,0.2673490717391542,0.003849730452489555,1.4794393108589667
AMGN,2016-06-22,110.64136163503578,112.94205390699713,110.58198739695911,111.18313598632812,4470100.0,0.002606909097910508,0.021226838846569635,0.004896671039529107,-0.0022752199955617947,112.90716018676758,115.08429336547852,113.7823287097567,-0.0338982607014956,-0.4428019714355429,0.009086464138683473,1.925378635524925,0.009344772636666247,0.09313757199461209,17.96158525326311,-0.9798033111518549,-0.597906577190793,-6.078315734863281,1.745897525528786,52970800.0,0.22577062934356318,-0.3012191236736389,0.036214751397660325,-0.019107549645698694,-0.0033071252465929324,1.210551946221933
AMGN,2016-06-23,112.2221234276245,113.10528514018006,111.79166886653162,113.0088119506836,3000400.0,0.016287082019846934,0.011624016313185293,0.007010101921360076,0.009344829430104689,112.57244033813477,114.9618350982666,113.70866044698784,-0.016988447913288907,-0.46517021179198537,0.008842797091401736,1.8946286620635442,0.009182506211883275,0.0945492524397244,30.20561334669509,-0.9114373417125421,-0.42363248620118416,-3.347198486328125,1.1730806072619648,55971200.0,0.09312272258453679,-0.5938327499390172,0.2646222508231664,0.015594476357598077,0.015672331212797836,1.0702221931673472
AMGN,2016-06-24,109.24607375690455,110.8046160560276,108.37774693007054,108.689453125,4919200.0,-0.03897103548557072,0.02232846937932419,-0.005095108801284231,-0.03329597160459558,111.9542221069336,114.62415084838867,113.23064070203661,-0.05177528190580348,-0.6154913330078244,0.012129162320471388,2.126817630165316,0.00953562226256137,0.1065500251224669,19.192624178863667,-1.1920517467167429,-0.5633975129643078,-6.182182312011719,1.8130353378248882,51052000.0,-1.1213235973046842,2.6018404717802475,0.0,-0.3199163142688011,-0.03655094861267621,1.009870365646645
AMGN,2016-06-27,108.47425144837574,109.1496206573886,106.73759747475225,107.3016357421875,4176700.0,-0.01285086796196033,0.02247890412809446,-0.010810083411788294,-0.001979968345012878,111.3233871459961,114.17291717529297,112.66597356300336,-0.060183111749310826,-0.851458282470702,0.012050027051220075,2.1978538188254717,0.009879850066757914,0.12023495110407273,18.71428725542725,-1.5090307812125872,-0.7043012379681217,-6.308349609375,1.4635188997415793,46875300.0,-0.9318603079141183,2.3043541462653803,0.0,-0.166619913328468,-0.019789711837401566,0.9184920645956314
AMGN,2016-06-28,108.27385359827471,110.15151977539062,108.05863191934822,110.15151977539062,4348000.0,0.02621297638971148,0.019000081526882297,0.017341824593059763,0.009060606106911081,110.98421783447266,113.81927604675293,112.4265017737069,-0.03222438587516339,-1.02367958068848,0.013642294053105852,2.327200370035133,0.010122197774060955,0.12177757811186656,31.448302221832932,-1.5128380701921174,-0.5664868215581215,-3.391693115234375,1.493616575433992,51223300.0,-0.2546751246370691,1.8359271714469962,0.24599567178113968,-0.2504189761869464,0.020195315884989413,1.0011251923520537
AMGN,2016-06-29,110.66360264325051,111.88074596058901,110.30736861303515,111.39834594726562,3771100.0,0.011255609034255865,0.014123884283691901,0.006639430548666711,0.004648895166440497,110.85062561035156,113.52426681518554,112.32858217118869,-0.01872657650703755,-1.1563063049316469,0.013997454674178287,2.292742469355321,0.01013231706070538,0.11993834637192745,37.29056086834238,-1.3991187521753403,-0.3622140028330756,-1.3359222412109375,1.251281608871222,54994400.0,-0.3012801733638475,1.4348018910158293,0.3536189428234938,-0.109137189812185,0.018021863732524363,0.9739982924613273
AMGN,2016-06-30,111.940115286386,113.12756577661717,111.19795448331334,112.91976165771484,3480700.0,0.013565013152179013,0.017088340118472097,0.008751521908142823,0.004863351735732631,110.83949203491211,113.23779258728027,112.38488497942927,-0.002808522864133857,-1.3010938262939504,0.014117893191641888,2.264112006836476,0.010264931530881267,0.1124694407019222,45.00567297578619,-1.172711551731183,-0.10864544191113445,-0.11133575439453125,1.1343290391753653,58475100.0,-0.2885422254576519,1.3311701948903052,0.4849441740925305,-0.03384975550242461,0.0136980045915951,0.9779311897163304
AMGN,2016-07-01,113.12757767411286,114.99782626540086,112.99399415125902,114.50057983398438,2758100.0,0.01390239436875243,0.017500628529979686,0.01213675911833569,0.0018403866014874346,111.1853416442871,113.05559158325195,112.58637972748214,0.012781218783578347,-1.3497785949707009,0.014572821011456263,2.2466197801119754,0.01018423922043334,0.10566558404380041,52.24217279397641,-0.8558576051083548,0.16656680376935507,3.45849609375,0.8900111328030462,61233200.0,-0.3882860039846692,0.9539001230652577,0.6213968945206612,0.03942461081952228,0.0005916243394456771,0.9783847344281423
AMGN,2016-07-05,114.50798386596148,114.99039517650412,113.83262615036179,114.49314880371094,2349100.0,-6.490160512479975e-05,0.010112124945809922,-0.00012955482883975818,6.466370727413012e-05,111.45400619506836,112.83591232299804,112.76797678236107,0.014687136804185,-1.4528990173339906,0.014463978370202722,2.231776604040593,0.010154939452876419,0.09504017234576105,52.39873896187063,-0.5984496367492369,0.3391798177027785,2.6866455078125,0.7525488343037458,58884100.0,-0.33290286686124476,1.0446926598518889,0.6771478071588196,0.058803584160424305,-0.007818429504531753,0.9503895228763473
AMGN,2016-07-06,113.87716861125597,116.38567603971414,113.51350569886262,115.814208984375,3834000.0,0.011472274984075048,0.024799809678266872,0.017009909859381323,-0.005380061592253149,111.94606018066406,112.73052597045898,113.05809413493382,0.0273544631089905,-1.4641647338867188,0.014677053249989552,2.3171259117147747,0.01063309260869511,0.08892964625335563,57.58126174202218,-0.2845730700701523,0.5224451075054904,4.920539855957031,1.1912788692482887,62718100.0,-0.4937353963273123,0.9571322437907447,0.8546918187630946,0.05566665409795706,0.0034712026603907656,0.9709882600057909
AMGN,2016-07-07,115.67320675348809,116.34114708235525,115.22048811852959,116.21498107910156,2437100.0,0.0034545006442550765,0.009642981941053596,0.004683663060954581,-0.0012174864563115472,112.44924468994141,112.67820243835449,113.35875003437837,0.031388312594727644,-1.4393784332275459,0.014660851590745195,2.2805478682902853,0.010646152346380722,0.08576631043473106,57.7972175615735,-0.003444959616118126,0.6428585743676197,5.0318450927734375,0.7576998829453014,65155200.0,-0.5949318485655318,1.0597037101406899,0.9844241736720907,0.058011857617339464,-7.617831334507482e-05,0.9781236796920435
AMGN,2016-07-08,116.97940552481019,119.56955132176394,115.92553833285879,119.5621337890625,3741500.0,0.028394423214112466,0.03047798557471462,0.022078486829927843,0.006577675602668841,113.1045768737793,112.83850860595703,113.94954848720543,0.059586264176753855,-1.2961865234374983,0.015914745252078175,2.370668111863193,0.011142628266340673,0.09767582127891031,69.56389510610059,0.4838606987662928,0.9041313862000246,6.553321838378906,1.1391869344408043,68896700.0,-0.4842953519436022,0.7480983847892537,0.9999999991843724,0.05431007249352342,0.016741197550101797,1.0317965320282334
AMGN,2016-07-11,119.75505854840614,120.46753784805392,118.74571947984846,118.87930297851562,2464700.0,-0.005727466554700044,0.014483752218135363,-0.007312889998183469,0.0016135941474916095,114.12356185913086,113.03889198303223,114.41904891494926,0.05166727037947323,-1.1057489776611362,0.015658905321108207,2.3309098736417164,0.011068087299251789,0.10763983749267178,66.30177358716179,0.8056679653326455,0.9807509222131019,10.189849853515625,0.7522838332382054,66432000.0,-0.5451372125451506,1.0455022716572941,0.944306437032223,-0.038600900902895655,0.003658101682958523,1.0135173379938571
AMGN,2016-07-12,119.20584398933549,120.43783342765393,119.12420586211022,120.20034790039062,2407200.0,0.01105119872657523,0.010928650278386114,0.008342744598529118,0.002746828107487141,115.41343307495117,113.36841011047363,114.96964881832463,0.06026315252423054,-0.8459233856201109,0.015485593203496401,2.2847892945427963,0.010829355341749503,0.12130858649524803,71.05435302280546,1.1539972652099095,1.0632641776722926,12.898712158203125,0.733984117134986,68839200.0,-0.7561451558042002,1.4542418240658685,0.9999999992247287,-0.06375213537075985,0.008976829189352515,1.0059521447367246
AMGN,2016-07-13,120.70505326885069,120.71989965831247,118.9758169420589,119.13167572021484,2691800.0,-0.008930516414676248,0.01463995789289169,-0.013034893784698529,0.004198867784295534,116.31144866943359,113.64783325195313,115.36603233279037,0.0482529434248362,-0.6046452331542866,0.01569496565779162,2.240790452129621,0.010884431472431575,0.1292490259240923,67.36948350248264,1.328503667946336,0.9902164643269753,8.980155944824219,0.8136099369344998,66147400.0,-0.6624640410793831,1.1238483080195114,0.9171489233777782,-0.0924492748868884,0.00016913408698456743,1.0133778671115112
AMGN,2016-07-14,120.23003284755679,120.96477601399121,119.29491444666404,120.77923583984375,2444800.0,0.013734981954882023,0.013825733833433523,0.0045679351429880714,0.009219690067329145,117.24953765869141,114.05008163452149,115.88157552393831,0.05900174825727991,-0.3124226379394486,0.01571645798734987,2.234429819267081,0.010863610194287858,0.14005941138439756,67.11347755354151,1.5815148629045552,0.9945821274281557,9.380889892578125,0.7389406743800854,68592200.0,-0.847006366815684,1.3498655957690322,0.9999999992580281,-0.1196037583452714,0.005597950861876263,1.0148835998120134
AMGN,2016-07-15,121.30618154211679,122.13740934593432,119.90349807098903,121.18001556396484,3179700.0,0.0033127899704441426,0.01843465083371041,-0.001040062233828879,0.004362883227476139,118.0755630493164,114.45752754211426,116.3861888610837,0.058733472286277226,-0.05501777648925099,0.015715053746278386,2.0632045517193833,0.010971560181856669,0.14988263196760654,83.24776153350948,1.7936910778255992,0.9654066738793596,8.26025390625,0.9487620172941619,71771900.0,-0.8544890971741684,1.3607790589739843,0.9999999992794547,-0.1300425217499606,-0.001502698964765376,1.0112369136103116
AMGN,2016-07-18,121.58079924401208,121.71438276495677,120.81636312886043,120.9202651977539,1815600.0,-0.002145808877725881,0.007426543719762011,-0.005432881263862144,0.003307341381184151,118.71753158569337,114.95143661499023,116.81800565505229,0.05192478457450886,0.2950782775878906,0.014980486028211944,1.9550614412522396,0.010640985142518771,0.15453024166162918,88.56658025837793,1.9187642531477422,0.8723838793612022,6.419685363769531,0.56593804792519,69956300.0,-0.9960648521847907,2.338560747506794,0.98128381126908,-0.12285992540538429,0.002522398035352302,0.991427461308764
AMGN,2016-07-19,121.12067032755371,122.24134066109333,120.18555156449759,120.59374237060547,2249500.0,-0.0027039676032208637,0.017047228622178,-0.004350437918839452,0.0016573328670100133,119.32759094238281,115.39079856872559,117.17759962796212,0.045089763364286474,0.5815261077880791,0.015049218373876442,1.8983403743517127,0.010686000379969215,0.15761289708161672,84.50232295503072,1.9688423928652554,0.7379696152629722,6.100593566894531,0.7123010061508989,67706800.0,-0.882650425379247,2.0881615899916444,0.9577563656229536,-0.105532022487634,-0.0007100449060358261,0.996620674668478
AMGN,2016-07-20,120.56405244213936,121.45464337914241,120.0964987117877,121.15778350830078,2161400.0,0.0046662965961617306,0.011209718666251915,0.00492461106055112,-0.00024619791941500575,119.8619483947754,115.90400428771973,117.55666475942294,0.0453287119186934,0.963273239135745,0.01477899989863393,1.8718345516485928,0.010459411159167004,0.15845870169265316,83.77002604580535,2.030635186900369,0.6398099274384688,5.343574523925781,0.6894340892525921,69868200.0,-1.045064902438333,2.6878884491525836,0.9983980791754122,-0.11307524798654031,0.004033225693122286,1.002939913102713
AMGN,2016-07-21,121.26164632339162,121.90732256182456,120.75698244150715,121.85537719726562,1971800.0,0.005741216673919486,0.00944020811207355,0.0048962791770993525,0.0008572525188505063,120.4259880065918,116.4376163482666,117.96606594397939,0.04652930057237192,1.3784604644775413,0.014774124991909473,1.8161723250067052,0.010147811504702701,0.15919014688205985,82.78877105203777,2.111555702293714,0.5765843542654507,5.6403961181640625,0.6550569412515116,71840000.0,-1.081444064318755,2.752078254382156,0.9999999993128914,-0.10925470467226321,-0.005886890763288772,0.9865941479719401
AMGN,2016-07-22,122.29331916139867,123.44367126307361,121.71443434304267,122.95384216308594,2500400.0,0.008974109232652936,0.014064114545825115,0.005401137251132504,0.003593948615202128,120.76515884399414,116.93486785888672,118.44109225056096,0.05147287900015182,1.6901943969726574,0.014556040842455747,1.7912560616027713,0.010203235892894139,0.16344062419011415,82.15714478095715,2.238518488524406,0.5628377123969139,3.3917083740234375,0.837621268156724,74340400.0,-1.0749886592845825,2.967382096101202,0.9999999993611124,0.029251486786235063,0.005375425540484568,0.9955058185867662
AMGN,2016-07-25,122.97608278471546,123.90378409015912,121.76636798306254,123.61434173583984,2704900.0,0.005357553778348807,0.017291004240140503,0.005190106374112881,0.00018088594254762105,121.23866271972656,117.68111228942871,118.93378267773038,0.05041785662102477,2.218836746215814,0.010566504525434579,1.8612308530995034,0.010036052761603522,0.15580993174694158,83.05559656861688,2.3651699993404947,0.5515913785704021,4.735038757324219,0.9410295348080733,77045300.0,0.3102577022991686,0.23009008792762997,0.9999999993869809,-0.4091927924082291,7.022482612536848e-05,0.8786621550083358
AMGN,2016-07-26,123.11703472978299,124.72010451616441,123.02797907203066,124.43807983398438,2883600.0,0.006641669700098712,0.013598132070112729,0.010729994489396336,-0.004023052657753804,121.66243591308594,118.53793449401856,119.45800145451646,0.049774322162358414,2.8482621002197277,0.009544811907163683,1.7769419319053767,0.009751018653376544,0.1390206920132546,82.42197315025052,2.503156188016021,0.5516620537967427,4.23773193359375,1.0262834771776848,79928900.0,0.5620231410313875,0.5523853239611268,0.9999999993000414,-0.2590458378975203,0.004376603488877651,0.9027631710384181
AMGN,2016-07-27,124.27482091087148,126.9762857093693,124.2674033798487,126.6719970703125,4200200.0,0.017792803847124616,0.02138501320080205,0.01928931493822264,-0.0013119691603301754,122.41646804809571,119.36395835876465,120.14504865602085,0.061224835469870606,3.415866165161134,0.008804513853508838,1.8903864580264431,0.009840351492921035,0.1341910047339644,84.55135884032718,2.7609432528333855,0.6475592948912858,7.540321350097656,1.4988081474186044,84129100.0,0.382317128930975,0.73577492093679,0.9999999993452776,-0.3505880044033263,-0.0035083246688213704,0.668968519256737
AMGN,2016-07-28,125.37324961596283,127.5032593411056,123.57722139326788,127.1173324584961,5192500.0,0.0035094922713478738,0.030885150529095486,0.01391112416624478,-0.010252837915145235,123.05027770996094,120.14990768432617,120.80907568482802,0.057989430940518685,3.8875843811035082,0.008778148972091577,1.910531097950199,0.010528780661285275,0.129834996749695,80.8860782392214,2.9669747647495797,0.6828726454459839,6.338096618652344,1.8070737759402526,89321600.0,0.52349024643078,0.8839094392945722,0.9999999992956541,-0.3895858462760442,0.0006952959443303287,0.8032207521679564
AMGN,2016-07-29,127.33252444736696,127.84460584882629,126.56067093091005,127.67391204833984,3121600.0,0.0043689136667614545,0.010056360749955858,0.0026810714894291796,0.0016928611127135693,123.69966735839844,120.88761520385742,121.4628696242101,0.05613723815329163,4.3106163024902315,0.00863274418733212,1.8792537086438261,0.010361221864341864,0.12757216967316842,86.32784998496749,3.138983298178573,0.6839049430999817,6.493896484375,1.0931981544226441,92443200.0,0.697467268200793,1.3200729714964634,0.9999999992413185,-0.4412660764758791,0.0016544888741626225,0.8479986022582493
AMGN,2016-08-01,128.327029206101,129.8632962040237,127.85946426894068,129.25473022460938,3571900.0,0.012305658962288968,0.015502967911510098,0.007229194225469276,0.005115509874201049,124.53311386108399,121.62532272338868,122.20495158615289,0.06272877498193519,4.66997009277344,0.008563055140498764,1.924314687682794,0.010302588792962065,0.13084843365590737,86.61510172095691,3.3640810828959644,0.7272021822538983,8.334465026855469,1.2333206153654919,96015100.0,0.7238978794059764,1.4830787717807767,0.9999999993225658,-0.4221856114554379,-0.0017342144946392597,0.8072310760121653
AMGN,2016-08-02,129.91523537346288,130.99136614488586,128.51996960599166,129.24728393554688,6589000.0,-5.761107191953675e-05,0.019121458212821206,-0.005141440386078395,0.005110104270116268,125.39846801757812,122.36302947998047,122.8756499051428,0.05626090237241734,5.051885681152342,0.008562778468206207,1.976265675014267,0.01052801618394266,0.1292662568183753,94.74726175200622,3.501508633813202,0.6917037865369089,8.653541564941406,2.1199037372593432,89426100.0,0.7239038177886774,1.4834833911061118,0.9994459813779639,-0.42459516568845196,-0.007672747080110347,0.8096081447878175
AMGN,2016-08-03,128.9430616099192,129.42546175030458,127.85950152182839,128.71298217773438,3911800.0,-0.004142517992669688,0.012166295908782666,-0.0017843490709167685,-0.0023538005315406614,126.15398788452148,123.00796813964844,123.43158631205628,0.04637922343054353,5.338657684326179,0.008755158905486386,1.95718424177854,0.01011194947937223,0.12621116012214365,88.92988598348603,3.5266541971984964,0.5734794799377623,7.555198669433594,1.256984945614627,85514300.0,0.8687264500049113,1.4994190594571115,0.9584541044145644,-0.35847332792060854,0.0033602424180620835,0.7637181490846733
AMGN,2016-08-04,128.6165061030993,128.89110205468538,127.68137597697881,128.14894104003906,2122200.0,-0.004391791801785973,0.009440000579705095,-0.003635342595027793,-0.0007495442417909616,126.78334426879883,123.60466613769532,123.8808581909118,0.036764590240318536,5.639233398437511,0.009015067758421124,1.8840281562614882,0.010107701440437563,0.11956869280427311,83.65638782751594,3.4611706111206786,0.4063967150879555,6.2935638427734375,0.6853975948751818,83392100.0,0.8682241194594499,1.2111958567931291,0.8934222979664904,-0.31110476145009713,0.0018005431570652126,0.7639450184221153
AMGN,2016-08-05,128.6535989208547,129.5219258309544,128.03017514673866,128.8836669921875,2228300.0,0.0057170018926981665,0.011574396655754339,0.0017882754408940283,0.0039380573629396315,127.37632675170899,124.07074279785157,124.35731617198566,0.03879177383646063,5.8367962646484415,0.007066271901936076,1.926437516841445,0.009344033156608065,0.12075724373520375,86.77217771909268,3.429032884751109,0.2994071909747089,5.9298248291015625,0.7376901290949449,85620400.0,0.09976219099726355,-0.4907112102057055,0.964236340994638,-0.1615138937963437,0.01010798252386389,0.13831487067867929
AMGN,2016-08-08,128.62389626558618,129.25473752358542,127.52550136849932,127.90399932861328,2706500.0,-0.007630213947893681,0.013519797380559726,-0.005596914398289088,-0.0020155441931758804,127.80529251098633,124.52197761535645,124.69509552023591,0.027160038557239804,6.038813858032228,0.007211102523116914,1.903112306733613,0.009319070615323315,0.11657605769779489,81.83585184003827,3.2866263295639015,0.12560050863000072,4.2896575927734375,0.8924287812815824,82913900.0,0.04090231057665466,-0.49535782290347674,0.8665688400595477,-0.1055232480888726,-0.00018401637467832917,0.2438074496455968
AMGN,2016-08-09,128.14147601122465,128.61645843156748,127.41415033282921,127.71102142333984,2094200.0,-0.001509910813291162,0.009414286138647572,-0.003359213591757787,0.0018566791019664942,128.13258666992186,124.8975112915039,124.98232655862675,0.022526550791467436,6.1866532897949185,0.007078379893585128,1.8919811232610104,0.009287992478871167,0.11356456111008059,79.49223471114334,3.1222055622066165,-0.03105620698182765,3.2729415893554688,0.6941136892066349,80819700.0,0.2506536646774074,-0.2820238618436402,0.8475056309264711,0.06210175723886976,-2.8609417052854003e-05,0.11685235375091789
AMGN,2016-08-10,127.5700443957247,127.80011247678115,126.69429991628694,127.08021545410156,2476600.0,-0.004951561645591045,0.008701689374248887,-0.0038396862205650104,-0.0011038751866828797,128.17340850830078,125.29493827819825,125.18212550105292,0.014248597752124531,6.386962814331056,0.006775975634016157,1.8888005832736394,0.009154754518464486,0.10544207998298272,73.65610340801537,2.907484478415327,-0.19662183261849409,0.4082183837890625,0.8237964957215205,78343100.0,0.4130721657298783,-0.2854609923181395,0.7489299356317823,0.2905872133979549,-0.0022902023666557577,0.1660867238849588
AMGN,2016-08-11,127.82976313960948,128.2305249351383,126.94659009403875,127.97076416015625,2142800.0,0.006983328011558405,0.010033032540875496,0.0011030374858222386,0.005898224856084224,128.2587516784668,125.65451469421387,125.44771013525323,0.018433475880903112,6.533094558715831,0.0063755827482586975,1.8569932919213972,0.009063725391646953,0.10104886691137324,73.1506008232539,2.7771629052337516,-0.2615547246400558,0.8534317016601562,0.7163620255915218,80485900.0,0.41957677461347387,0.16171249844139532,0.8517529299643242,0.24396259414014687,0.005249415784012184,0.06203340068222997
AMGN,2016-08-12,127.08761561073366,128.5051340891001,126.6719960627918,128.40866088867188,1863200.0,0.003416008552592603,0.014275812967924259,0.010394760115608283,-0.006901174305072678,128.3322265625,126.01594696044921,125.72970544510262,0.018987389976711663,6.699338531494135,0.006375969347162272,1.835259143293662,0.008929102200387043,0.09671801886073005,72.58743631568012,2.678342461223977,-0.2883001349198646,0.7347488403320312,0.6369043549600054,82349100.0,0.41680781058397154,0.1591386036261201,0.9023126046101663,0.2511534624059318,0.001021822145498476,0.06635041644580388
AMGN,2016-08-15,128.00557843688716,130.42416245615743,128.00557843688716,130.3196563720703,2784300.0,0.014772486104097784,0.01855885816921639,0.018077946003924355,-0.003139059694222478,128.4387191772461,126.48591651916504,126.16684362862335,0.03030961832279867,6.925806961059578,0.006787570405596466,1.887149041517699,0.009222705165370809,0.09306261524246318,75.13481790616544,2.722840699365193,-0.19504151742291942,1.0649261474609375,0.93626579820333,85133400.0,0.2694692158408246,-0.28209615146292905,0.9999999989718189,0.20568030698843184,0.003852090104165303,0.19558487619744624
AMGN,2016-08-16,130.2897714987706,130.5659750577975,128.44598830316002,128.51316833496094,2622800.0,-0.01395895108942971,0.016496260905433935,-0.013635783863711953,-0.00022931976749845297,128.3653076171875,126.88188781738282,126.39030312446504,0.012856685423265226,7.129249572753906,0.00773978943544741,1.8450850718831902,0.009203448575578482,0.08271402738268788,58.16655679832368,2.5825671599131113,-0.26825204550000104,-0.7341156005859375,0.8764578111946533,82510600.0,-0.23485868011434397,0.17185956041304118,0.8028254624355948,-0.02863651948412873,-0.004999100461714846,0.43718727635731264
AMGN,2016-08-17,128.4012226786592,130.25995042709903,128.15488444281945,130.1181182861328,2580900.0,0.012411263727784345,0.01617811579207199,0.01337133378994663,-0.0008710831563187628,128.50582122802734,127.32990455627441,126.74533313986196,0.021897556112799303,7.333342666625981,0.008009909087126395,1.7150156459147508,0.009338626471224224,0.07366936751072974,62.06856133619798,2.571265469439709,-0.22364298877872324,1.4051361083984375,0.8564530981673981,85091500.0,-0.28412535242177556,-0.1253223583541195,0.9761895736734076,-0.16249889234704068,0.0005223073080462106,0.4350196113467771
AMGN,2016-08-18,130.2076861481149,131.8574016366623,129.5657282999806,130.44656372070312,3422400.0,0.0025210293735589404,0.017567908815048276,0.001834588876085953,0.0006883581100145334,128.73558349609374,127.75946388244628,127.09783129041826,0.021032491500819768,7.499199752807613,0.007996776702644695,1.7869969615408547,0.009546329843058438,0.06446129464121196,61.35950043041553,2.5593094734568638,-0.18847918780925443,2.2976226806640625,1.1090066283107123,88513900.0,-0.21941176811810353,-0.12848307376107068,0.9999999986653715,-0.1769876921781416,0.002993519276639267,0.5344743619155536
AMGN,2016-08-19,129.96138956239997,130.6033589502663,128.58786598094045,129.6030731201172,2696400.0,-0.006487173517423195,0.015551274524624018,-0.0027570991929933312,-0.0037193326099562926,128.80752410888672,128.09192543029786,127.3364257503896,0.011797368840720772,7.566720046997077,0.008176262424332571,1.774576162515284,0.009586729413190406,0.054858193169402915,51.518921817676166,2.453489320734576,-0.235439472425234,0.7194061279296875,0.8709850911152349,85817500.0,-0.011317612607653509,-0.35723023503465456,0.8765422711352024,-0.1793161984387394,0.001860825250889245,0.446542767115456
AMGN,2016-08-22,129.69261411913314,130.76752891196716,129.3044437995965,130.14796447753906,2603700.0,0.0041954955155078305,0.011241705686631485,0.0035109968404804207,0.0006908863876473423,129.03192062377929,128.41860656738282,127.60419134345146,0.01346656809618023,7.587874603271501,0.008160095849159088,1.702553917763603,0.009419542820334387,0.04557675135056863,53.75151421936192,2.386088918245264,-0.2422718999316369,2.2439651489257812,0.8424182519101382,88421200.0,0.01072704239096063,-0.33276085270232036,0.9503037274798842,-0.19594832872862858,-0.0013975498556574872,0.4349148528438552
AMGN,2016-08-23,130.21512234151388,131.37216106078446,129.63287265651692,130.1852569580078,2375700.0,0.000286498054441168,0.013360102709852625,-0.00022935418689494253,0.0005160116352523015,129.2793441772461,128.705965423584,127.85000711626634,0.011493573973477675,7.543728027343761,0.00811784840221424,1.7149345017486997,0.009410950535806943,0.03656787286562912,56.3971798227643,2.3090653373210017,-0.2554363846847192,2.4742355346679688,0.7750175347023994,90796900.0,0.13324378737365455,-0.25634420470338837,0.9307717160124892,-0.283864107120509,0.0028628675074636994,0.37761000289357677
AMGN,2016-08-24,129.88671215245927,130.53614206832236,127.10982291245776,127.52784729003906,3055000.0,-0.02062373868515642,0.026867223345126024,-0.018160940586835407,-0.0022932305279763183,129.32410736083983,128.7487579345703,127.81932522805421,-0.009482892605082118,7.30682785034179,0.008731976215060245,1.8732625787599884,0.009640455492893262,0.03456591058097297,47.716665469950456,2.0104179959916877,-0.4432669808112264,0.4476318359375,1.0155946131930893,87741900.0,-0.5135724795830837,0.5089059109210805,0.1329725266541342,-0.2710473809990247,-0.004632194197888313,0.9988717444179909
AMGN,2016-08-25,126.8410889728513,127.99066738016253,125.97517484090693,127.07249450683594,2623800.0,-0.003577004378766377,0.015860966191603165,0.0018243735989539739,-0.005385163568438971,129.23428039550782,128.74651603698732,127.74819849270008,-0.013002460817428663,7.017821426391606,0.008741511557965487,1.9106727112628366,0.008935419478709981,0.03467525596526269,43.201923440383304,1.7171998513215811,-0.5891881003850665,-0.8982696533203125,0.9111508149413732,85118100.0,-0.38479489418097923,0.40245853847192037,0.0,-0.18115021163636458,0.00032943730395623027,1.0019989909122657
AMGN,2016-08-26,127.49791783006467,129.13269971726078,126.72904957841678,128.3712921142578,2925300.0,0.01016903810344509,0.01872420304615002,0.006850106253164247,0.0033478789007784985,129.2305435180664,128.7813850402832,127.80754074237224,-0.0031844115195461416,6.74588653564453,0.008988990403752959,1.9588451386741152,0.009185364120794763,0.033900141519125696,51.71290705628551,1.571509092968995,-0.5879030869901221,-0.0373687744140625,1.0193251191704067,88043400.0,-0.38342120239695326,0.15472028548892203,0.3849350802391834,-0.2508127247086741,-0.0007580433071465743,0.9385114772619919
AMGN,2016-08-29,128.66996921828041,128.76701467133816,127.73687490906781,128.0279998779297,2512200.0,-0.0026777955492367058,0.008046206792674686,-0.0049892709561596815,0.002326665869786229,129.00137786865236,128.7200485229492,127.82853685052058,-0.005376385830806627,6.3448316955566355,0.008544338622485874,1.946547400354978,0.009009630963106873,0.03411672359542058,51.14925073399687,1.4120698407296004,-0.5978738713836131,-2.291656494140625,0.8918456931577948,85531200.0,-0.3193472124524372,0.496084000376645,0.2831908024692505,-0.27518849206825785,0.00510785365683944,0.9571055420051042
AMGN,2016-08-30,127.76668312217038,128.34893279930196,126.99034262579075,127.46808624267578,1803100.0,-0.004382959755660725,0.010658277013155368,-0.002337048064471378,-0.0020410906677325795,128.89686965942383,128.63108863830567,127.79420822120203,-0.009041378782854773,5.9426401519775425,0.0085885047554064,1.9646029441419068,0.008756320174344965,0.03497329546439933,51.41354752354614,1.2263956084906908,-0.6268384828980182,-1.0450820922851562,0.699537547137603,83728100.0,-0.23629102469200605,0.3823535636607147,0.11724470056557895,-0.26719957748994183,-0.002241401548981996,1.2822758917432395
AMGN,2016-08-31,127.445724240249,127.93840066983775,126.76644037675929,126.94558715820312,2936400.0,-0.004107482212696813,0.009231989227147585,-0.00392431433088386,-0.0001754321656967644,128.57961654663086,128.5427188873291,127.71338716758308,-0.012424910122882202,5.533232040405267,0.008587764980017431,1.9566047621404,0.008690687429947415,0.03689578618987942,46.16087897620392,1.0252674869382759,-0.6623732835603466,-3.1725311279296875,1.16118776173585,80791700.0,-0.23691362516122347,0.3838657677794095,0.0,-0.26735200158887995,-0.0028060475981647372,1.3235279903942654
AMGN,2016-09-01,127.31132853388648,127.3187891842562,125.87062569111656,126.99781036376953,1876100.0,0.0004112980042970699,0.011403058753466382,-0.002462610152037655,0.0028810877468907936,128.2347412109375,128.48516235351562,127.64523699579132,-0.01157606032090904,5.159382019042965,0.008545082899549373,1.9291065811997825,0.008734090665295662,0.03837940365673897,44.559440065666955,0.8601704680812787,-0.6619762419338753,-3.4487533569335938,0.7455240146474149,82667800.0,-0.32903957490276753,0.4993654443627827,0.014916753792817976,-0.255959358407388,-0.0007859996856075547,1.3270220894643492
AMGN,2016-09-02,127.31132219923342,127.68455972465462,126.08710357146408,126.72907257080078,2083800.0,-0.002118324162995723,0.012605285596942021,-0.0045734316349448825,0.002468639692022004,127.94734115600586,128.3774326324463,127.55798324103031,-0.012839951912458718,4.777247085571304,0.008427212695501143,1.8704545907655157,0.008759153141663298,0.04016279995188471,34.14583039971541,0.6995806667675311,-0.6580528345980985,-2.8740005493164062,0.8304440352932737,80584000.0,-0.21088702794432604,0.6433340994447454,0.0,-0.2319207667470434,0.003769748401320629,1.5750674395579711
AMGN,2016-09-06,126.78884397621141,128.22207529519446,126.4454603001639,127.52784729003906,1919700.0,0.006283229951614053,0.013931192541735344,0.005828614652928823,0.00047164714613717463,127.68532943725586,128.35862503051757,127.55511315045972,-0.006472317230579484,4.3816716003417895,0.008410879222486664,1.8459280365078794,0.008772800472210652,0.04047959316653797,45.224339347467875,0.6295099377370974,-0.5824988509028257,-2.6201171875,0.7772316512275701,82503700.0,-0.42214631106240436,0.7981986347141298,0.21486929891159837,-0.24662637856266634,0.003098891268706751,1.5918165759870593
AMGN,2016-09-07,126.73654718378327,127.97569863837636,126.30359023975774,127.37105560302734,2013000.0,-0.0012302266114678725,0.013127852247923713,0.005006514958340763,-0.006204920125846086,127.4039093017578,128.34162673950195,127.53758386022805,-0.0075624032602032935,3.9632849121093727,0.008408672345507113,1.8150024946749537,0.00885949427498158,0.04083082788772477,34.51122094748932,0.5549297170230005,-0.5256632572935382,-2.8142013549804688,0.8163480489565507,80490700.0,-0.42788430179189835,0.8062101605395418,0.17269255113532725,-0.2560186186161205,-0.002288602390473462,1.5407408329647283
AMGN,2016-09-08,126.95303956378392,127.91598753602237,126.69922934548286,127.62486267089844,2611200.0,0.001990676191246465,0.009533864836956714,0.005291902497355973,-0.0032818762258376905,127.41361083984376,128.3688591003418,127.54589612791095,-0.00579577036562904,3.641050415039075,0.008341278795863088,1.738222841379083,0.008875588584562569,0.040132685281499166,33.95534431418278,0.5104206524529786,-0.4561378574908481,0.097015380859375,1.0560586267840604,83101900.0,-0.5645855727475133,1.0421519476642471,0.24096630269355857,-0.2378125953244189,-0.0027820809970074693,1.4115417835632502
AMGN,2016-09-09,126.66939430598201,126.72164165353723,124.31052964616038,124.3254623413086,3131400.0,-0.02619237704225407,0.019393549494774228,-0.01850432756480563,-0.007486537849449122,127.13890762329102,128.1865940093994,127.23918814823453,-0.030121181531726313,3.2002429962158203,0.010009046505321254,1.830997131051383,0.009143567958302576,0.04910100478468008,26.542249905558194,0.2065320923530436,-0.6080211340726265,-2.7470321655273438,1.241623777765442,79970500.0,-0.8292960434148389,1.099756106398871,0.0,-0.2504380757777559,-0.02535345939670789,1.093761055969719
AMGN,2016-09-12,123.97458359361066,128.8266716504148,123.86260549657781,128.42356872558594,4451500.0,0.03243110805823499,0.03865385616595146,0.03588626799956896,-0.0028222597454306835,127.14413528442383,128.1873394012451,127.35198629845848,0.0018428444294439537,2.89091224670409,0.012601414163521271,2.081067205441834,0.010379197550735516,0.04910428462907165,44.175282705728335,0.2930035919623464,-0.417239707570659,0.052276611328125,1.6789021793858798,84422000.0,0.3739636535336262,1.9681024860798018,0.6695047383756386,-0.5720685039341762,0.014142096361760108,1.3481994229034613
AMGN,2016-09-13,127.82644465950783,128.0205241524635,125.26602825349734,126.37828063964844,3162600.0,-0.016054294898478892,0.021795643088548287,-0.01132914260204041,-0.004649645481773188,126.9791633605957,127.99027061462402,127.25925242619086,-0.01259462900761616,2.456289443969723,0.012579883155284518,2.18237092457191,0.010485280274568687,0.04809613702799453,38.67671913775795,0.19425596124571598,-0.4127898706298315,-1.64971923828125,1.1843391315745126,81259400.0,0.5704743765918483,2.2782036485091237,0.3353674719220585,-0.5741331208562063,-0.01590088194972416,1.250806472763342
AMGN,2016-09-14,126.63953305252247,128.2220684709675,126.52756631102585,127.00531005859375,2799000.0,0.004949260503808402,0.013341978844505846,0.0028883319233306173,0.002067225567176032,126.9328857421875,127.91487770080566,127.23506743880066,-0.007110725965273564,2.1306533050537126,0.012304263547009817,2.069332972818658,0.010406730430313609,0.0484352477169389,48.23228438721773,0.16469528158307867,-0.35388044023397514,-0.46277618408203125,1.0447304378984459,84058400.0,0.422383209418483,2.540132156711423,0.4378048241331669,-0.5522593617362919,-0.00040062788774526426,1.2290591188971705
AMGN,2016-09-15,126.93063518656538,129.43133160733373,126.50515025494374,128.87147521972656,2923900.0,0.014586694513194581,0.022706198927271017,0.015290556375996162,-0.0005879665345796682,127.12547454833984,127.85254554748535,127.39091579888883,0.007969568911420508,1.80717582702637,0.01243611455319741,2.1343821737568285,0.010627476815690621,0.046274444465796094,55.55555555555556,0.28852621172028137,-0.18403960807741798,1.9258880615234375,1.0844079501244293,86982300.0,0.4196598139233722,2.3426307971223146,0.742678905187623,-0.5275291799019876,0.011025681156301013,1.220296562553993
AMGN,2016-09-16,128.83420890632095,129.43139160800013,127.68464160259647,129.11041259765625,4028300.0,0.0018523583052435855,0.013529117987152678,0.002143869191886239,-0.0002891742594089999,127.33673477172852,127.78573799133301,127.55467739877145,0.010366372860898511,1.482459640502924,0.012428699164612056,2.0874607356539463,0.010522790704187164,0.04328443443783499,52.44241006914926,0.401317230303988,-0.05699887159496908,2.1126022338867188,1.4774050513367356,91010600.0,0.42898249976855585,2.3621907141088077,0.8165730304857093,-0.4902383430598626,-0.004585100409989463,1.2067328318746595
AMGN,2016-09-19,129.32679759089567,129.51341634643808,127.78158882765808,127.93089294433594,2226800.0,-0.009177730638578109,0.013537211215539082,-0.010793622610028943,0.0016759685674131582,127.45691680908203,127.70212898254394,127.59050745072997,0.0017913872197327927,1.2314754486083928,0.012510870471229148,2.1375812896903494,0.01047068800874763,0.041222802271929614,49.69591734150337,0.39102011035053863,-0.053836793238734804,1.2018203735351562,0.8237872832369942,88783800.0,0.44305402649194353,2.244052751221056,0.6152827586481914,-0.4852449053239445,0.0012725232774792928,1.2074548705831578
AMGN,2016-09-20,129.0954534308446,130.0807950048364,128.73714843942125,129.4239044189453,2607700.0,0.011602878514904007,0.010381749580554848,0.002544249075949534,0.0091030435237826,127.64652252197266,127.66592597961426,127.76511668579809,0.013770145995038405,0.984380416870124,0.012769694716566464,2.1941035673324385,0.010454495469649466,0.03928126111434798,55.786344522166615,0.4975971270470012,0.0421921787661822,1.89605712890625,0.9646268946575051,91391500.0,0.36768296073843787,1.7887586020206452,0.8700718032687497,-0.5054240458060821,0.00035099767236337047,1.2197779856096937
AMGN,2016-09-21,130.06587469931452,130.07333535262504,128.10264079916467,129.77474975585938,2516400.0,0.0027071556548068374,0.01518550070154448,-0.0022382884375180337,0.004960214137035683,127.88689193725585,127.64540061950683,127.95651031151822,0.0166817537178628,0.7723670196533163,0.012786068041796465,2.2511560145025746,0.010502200916941432,0.03801163410747548,58.45604600083187,0.6034146783773053,0.11840778407718905,2.4036941528320312,0.9284375507312682,93907900.0,0.33535854850307006,1.7452647122757028,0.9999999981648977,-0.5153925167353834,0.012593196589233925,1.1088229075194294
AMGN,2016-09-22,130.33458124070685,131.17809051507723,129.70007273165174,131.09597778320312,2338300.0,0.010129456355154248,0.011274318315621572,0.005841861271569173,0.004313870655891609,128.23400344848633,127.82380714416504,128.25550721358346,0.025599070409063854,0.7114875030517567,0.012033483848268477,2.253288463808706,0.009992649165616476,0.044955427572621144,61.38528953317674,0.784840754354363,0.2398670880433973,3.4711151123046875,0.8742860881838831,96246200.0,0.29451155882311225,2.3275156491453535,0.9999999985230076,-0.5798722560889292,0.005653838911896554,1.0733657168318347
AMGN,2016-09-23,131.58123711201904,132.0141942607546,130.34208507153227,130.48391723632812,2238700.0,-0.004679730174469208,0.01281467651062216,-0.008339485931088587,0.003701557721461144,128.84984893798827,127.99437828063965,128.46773673955914,0.019450377345713782,0.6879650115966882,0.012060071380746388,2.2586208235252636,0.009911606370829065,0.048170692259645785,60.23622423914938,0.8692142944221075,0.25939250248891343,6.158454895019531,0.8431157660049637,94007500.0,0.30432723062951084,2.285243211619766,0.9095991197090123,-0.5821067693739405,-0.0063753212678253806,1.073083340969371
AMGN,2016-09-26,130.05094325422849,130.22262940450582,129.01334291856105,129.53587341308594,1798500.0,-0.007292122048812762,0.009335533501892524,-0.00396052368598104,-0.0033182172276101382,128.9610794067383,128.05260734558107,128.5694640417998,0.011583255493595047,0.5790769195556749,0.012020286553769166,2.2367607751493006,0.009666598764427263,0.04929056110105309,55.42996395373402,0.849785916331399,0.19197129951856384,1.1123046875,0.6920155602497952,92209000.0,0.5052452459796031,2.4991749638750216,0.7695737656605395,-0.551757450055545,-0.008036689329796018,1.0752041472257445
AMGN,2016-09-27,127.0799686807051,128.37882851008865,126.52757281686324,128.11756896972656,4798900.0,-0.011009507625302874,0.014449662978407374,0.008164939760321259,-0.018959263311940155,129.1350082397461,128.0570858001709,128.52642641588804,0.0004723141181740993,0.4396092987060598,0.012275720470413918,2.3322030749781635,0.00980226809942822,0.04929051120409053,51.889740086623625,0.7117389874016737,0.04313949647107085,1.739288330078125,1.7686809065830282,87410100.0,0.540087307868094,2.147358199378239,0.5600912744917905,-0.5088441503814926,0.0066607974977297485,1.021330981757303
AMGN,2016-09-28,128.55792084911386,128.55792084911386,126.19159654992369,126.68427276611328,3300700.0,-0.011250400010359898,0.018678911340154414,-0.014574349605417484,0.0034370920626143474,129.10290451049804,128.01789512634278,128.3509832111476,-0.010417468268114594,0.27860801696778026,0.012499116207667704,2.414314939881782,0.010013320595112821,0.05008469079044754,47.75314297544851,0.4811345568989509,-0.1499719472253217,-0.32103729248046875,1.1838336958802358,84109400.0,0.5620797132683267,1.8681274502320415,0.34839451169772356,-0.45198103115709887,0.006716648956718924,0.9398970396527501
AMGN,2016-09-29,127.19191536539586,127.19191536539586,123.41475248302504,123.50432586669922,3804000.0,-0.02542176719997207,0.03058324358976371,-0.028992326187580107,0.004007147755584427,128.56618957519532,127.84583206176758,127.8893967973906,-0.03395891852751838,0.05961410522461108,0.013668450522959086,2.447374215426979,0.010729795920236984,0.058950037548360125,48.02723178248594,0.041307577413348895,-0.47183914136873895,-5.367149353027344,1.3434456697362729,80305400.0,0.3356180159101386,1.1116029646002825,0.0,-0.31761262244972754,-0.008302360824739088,1.0161521086855523
AMGN,2016-09-30,124.19855997828886,125.19883411375011,123.36997196690018,124.51953887939453,3999600.0,0.008186459666161975,0.014687350782926554,0.0025844011489487956,0.00562113194592826,128.10710220336915,127.72191848754883,127.56845794805766,-0.025073062212626344,-0.11758270263671022,0.013830014530475295,2.2234310720707606,0.010801558531322924,0.06324583246878515,38.98963791887376,-0.22277129812147223,-0.588734413522848,-4.590873718261719,1.361473261394969,84305000.0,0.24873730954198806,0.8728923766580876,0.13372755001464307,-0.34940006891423514,0.009795825010619309,1.0120975329984556
AMGN,2016-10-03,123.95226610056164,125.09437276927292,122.75044002161746,124.91521453857422,2514600.0,0.0031725810909636006,0.01876418942491304,0.007768703778528268,-0.004555692897179202,127.80553436279297,127.6312255859375,127.31576809953542,-0.021280145472978466,-0.24750305175781762,0.013856029050164852,2.1653162346112507,0.010966646511762133,0.06598102070446048,45.45046055999807,-0.395568127530467,-0.6092249943454743,-3.0156784057617188,0.8497452048498939,86819600.0,0.1851797920898012,0.8199009555165749,0.18584738677880083,-0.3343662772489951,-0.003724734421931195,1.0085511150304245
AMGN,2016-10-04,124.91517273784335,125.92291893904016,124.7658799573758,125.07193756103516,2797600.0,0.0012538487812445414,0.009250987905258296,0.0012549702310447575,-3.3463282294295397e-07,127.37033767700196,127.5084300994873,127.10206995301158,-0.019108481976847266,-0.39945045471192486,0.013768801582964547,2.116262745350199,0.010876270355814852,0.06844681281765896,43.80685459057363,-0.5139402384946976,-0.582077684247764,-4.351966857910156,0.9315598532866488,89617200.0,0.24252346312890258,0.9460018537745942,0.2064915132453723,-0.3327027840193401,-0.004946282808683189,0.9861850296301616
AMGN,2016-10-05,125.0719511977984,125.6989877783142,124.60166806725643,124.84054565429688,1953400.0,-0.0018517840316215476,0.008789770224943021,-0.0018501793670393845,1.090313583374406e-07,126.87691726684571,127.38190460205078,126.88668668646731,-0.019950706151656894,-0.5340252685546858,0.013770325478245304,1.9856297709693271,0.010796310509378347,0.07103570767836448,35.577241205355236,-0.6192836657022696,-0.5499368891642686,-4.9342041015625,0.6510996931825189,87663800.0,0.24993490595250065,0.9467595570947581,0.1760117297966017,-0.3331450697464677,0.0036639511943008926,0.9756575027527735
AMGN,2016-10-06,124.16125353520361,125.25110123085452,123.75815044424517,124.58673858642578,1904100.0,-0.00203511942362945,0.011983223925343242,0.0034268746417055913,-0.005441278036178474,126.22599334716797,127.22999839782715,126.66764401027288,-0.020775444821875485,-0.644226303100595,0.013755033167952724,1.967501255341162,0.010840019628041795,0.07373937017992521,33.831394952483535,-0.715007043820961,-0.5165282138263682,-6.509239196777344,0.6422355639503508,85759700.0,0.29896895188956646,0.9864555335080346,0.14257933980714435,-0.34456661237884184,0.0008568967277190181,0.9814077290853037
AMGN,2016-10-07,125.36302727502007,125.51978066389574,124.13880859437997,125.03457641601562,1679800.0,0.00358814158213263,0.01104472146105411,-0.002619997826663009,0.006230909464379154,125.68105926513672,127.2654541015625,126.51211376320076,-0.01752932640908624,-0.5671154785156318,0.012485057482300714,1.9424401518222894,0.010632881981677923,0.07242325458821569,39.07659213016035,-0.7461308090028496,-0.4381215832066053,-5.4493408203125,0.5807995242408945,87439500.0,0.4628407779255445,1.6318223043595947,0.20157016735369668,-0.11843566626141898,-0.0029654675011893455,0.9555545336035125
AMGN,2016-10-10,125.55714659753279,125.84827151684004,125.16151558899497,125.6392593383789,1628200.0,0.004824469162498041,0.005466093412692438,0.0006539869937417587,0.004179405381264056,125.29139785766601,127.12623863220215,126.42898477036057,-0.0116968716279361,-0.6656378936767595,0.00994484098862681,1.8469967975597146,0.009260263074515851,0.07283086071847304,34.70115720280255,-0.7137757957915483,-0.3246132559962432,-3.8966140747070312,0.5918456737506157,89067700.0,-0.6649984946397366,0.33293182558192064,0.28122120091231095,0.1461334231974174,0.0031608720190653542,0.691190039252606
AMGN,2016-10-11,125.27349899722134,125.27349899722134,122.05618066333935,122.66083526611328,2761900.0,-0.0239916697637053,0.026229385499470986,-0.02085567779316205,-0.0029111946622709783,124.74572448730468,126.94036636352538,126.0701133890037,-0.03371292536809449,-0.7196322631835983,0.010682259457175802,1.9621670919582286,0.009456652515999418,0.07935100877852194,26.28163157120916,-0.9178873120512776,-0.422979817804778,-5.456733703613281,1.0113071306691273,86305800.0,-0.8151892049285767,0.4022035911124465,0.0,0.11590891551068533,-0.012395232862645503,0.8209999844656285
AMGN,2016-10-12,122.6608178740057,123.60883323527956,122.13081543767944,122.33236694335938,2250600.0,-0.0026814500696642368,0.012081984797077033,-0.0026777167830700707,-1.4179022621329896e-07,124.3105339050293,126.70671920776367,125.71413753703756,-0.03452344352181968,-0.814981079101571,0.010577486223997816,1.9621670929707022,0.009425824746788289,0.0858842043178557,18.710052105239072,-1.0935460891462299,-0.4789108759197842,-4.351905822753906,0.8324456280514869,84055200.0,-0.7322672330370644,0.40964018196021257,0.0,0.06358652176318488,0.001404825344431442,0.8269783299462471
AMGN,2016-10-13,121.56349769514769,123.23559494714601,121.30968745627658,122.63841247558594,2430900.0,0.002498630180926458,0.015703949945151417,0.008842414053714375,-0.006285084376464958,124.22394256591797,126.39506607055664,125.42121134070882,-0.029721520877038426,-1.0051428222656256,0.00990573816995988,1.9802955430883518,0.009159157983141854,0.08908165552695285,21.362299112289918,-1.1942945348504566,-0.4637274572992087,-0.8659133911132812,0.9074077530375707,86486100.0,-0.9522083672737048,0.7187942343478845,0.03492230970434054,0.02540463421378065,-0.0029335394020104507,0.6931089075202915
AMGN,2016-10-14,123.20572793859546,123.355020693143,120.80953765348674,120.85432434082031,2817500.0,-0.014654400668693416,0.021062407601384333,-0.019085180836292473,0.004625919820369973,123.85742111206055,125.98226165771484,124.98626972167182,-0.040703645492782034,-1.2720549011230418,0.01020686791474462,2.057074737509008,0.009402204334201787,0.09510237741641142,20.133460158279206,-1.4019387291601362,-0.5370973212871106,-3.6652145385742188,1.0760346928097586,83668600.0,-0.7041694704513105,0.04665182906153798,0.0,0.007759859224760394,0.0014205746754922686,0.7173592938249487
AMGN,2016-10-17,121.07828930237423,122.01138341134799,120.28702732041391,121.39180755615234,2348400.0,0.004437504063390448,0.014204880260444617,0.002589384567493766,0.0018531811979049758,123.50508041381836,125.65530738830566,124.64393999162235,-0.033930121383397335,-1.4491719818115314,0.010246365827292136,1.9653644157026784,0.009422674974065083,0.09949329139261813,25.369075911814065,-1.5057702633174728,-0.5127430843555577,-3.523406982421875,0.8948024187556439,86017000.0,-0.8814682762719617,0.25928469895395023,0.052480121284223,0.010470457811178663,-0.0031242290905531657,0.6890737675917695
AMGN,2016-10-18,122.22783433636243,122.31740770153115,121.48881990280302,121.5261459350586,2001800.0,0.0011060392257589199,0.00681818543946024,-0.005740823316666508,0.006887011545843972,123.1505012512207,125.26041946411132,124.34700722433055,-0.029812079067184066,-1.7165028381347724,0.009733089709203667,1.8624555475732956,0.009363536165604236,0.09973403503010136,29.12386986808953,-1.5592435289317734,-0.45297307997588665,-3.5457916259765625,0.7716459248437376,88018800.0,-1.0273175645808887,0.4969225090076947,0.06559698561973662,-0.02060781430949288,0.005194801368433896,0.6872560634841287
AMGN,2016-10-19,121.98901356883428,122.13084572317598,120.19747709053449,120.24226379394531,2502700.0,-0.010620859948634853,0.01607894405543321,-0.014318910562411725,0.003808790529924609,122.69067306518555,124.78379516601562,123.95607927857958,-0.036395201524590096,-2.0437519836425793,0.009768717891790993,1.730755958306915,0.009384270505534914,0.10018498946227837,34.4040783244903,-1.6857873291579466,-0.4636135041616478,-4.5982818603515625,0.9649856757830122,85516100.0,-0.8276650115213279,0.13804968902770817,0.0,-0.09016254429193611,0.0021613076566412257,0.7068106455954333
AMGN,2016-10-20,120.18254079907302,121.93676256561861,120.18254079907302,120.55577850341797,2922600.0,0.002603965411296076,0.014551121383997768,0.0031055900621117793,-0.0004966888761728027,122.28757705688477,124.25678520202636,123.63224110951657,-0.029785147689045798,-2.4402732086181658,0.009337053281461767,1.7254245025708903,0.009462338463157702,0.0928506737187632,29.686280581739254,-1.7407103601560294,-0.41482922812778456,-4.0309600830078125,1.1143371874672334,88438700.0,-0.9887341413355397,0.31147647707308757,0.030611727972470523,-0.11791622066440048,-0.0006279959889781785,0.6100509200057834
AMGN,2016-10-21,119.95112125744592,120.34675226669256,118.20437173847291,118.32379913330078,3541000.0,-0.01868761111692603,0.018106083002001075,-0.0135665436645022,-0.005015580783254668,121.61649932861329,123.648779296875,123.12667520701983,-0.04306536784151498,-2.855339813232419,0.009876002779893993,1.7259583609487186,0.009613737082948035,0.09001115633263679,21.570754089902152,-1.9419537061592393,-0.49285805930479554,-6.710777282714844,1.3174147270670873,84897700.0,-0.7817645847737709,-0.4498642777804622,0.0,-0.16637915193502123,5.868414077586988e-06,0.6328352890135291
AMGN,2016-10-24,118.95829619990363,119.21209505102541,118.12224756547495,118.51040649414062,2920200.0,0.0015758483785083693,0.009196217596336981,-0.0037650985267168482,0.005362379092375474,120.90361404418945,123.09750595092774,122.687030567698,-0.03726395121779105,-3.208648071289062,0.009958934170841498,1.7211589683691548,0.009611209307766403,0.0858964497863858,21.772414304666356,-2.0626064104975086,-0.4908086109144518,-7.128852844238281,1.0642419162331331,87817900.0,-0.8940415646086969,-0.35946620880208174,0.019053680428067824,-0.21362873472822014,0.005595810292611694,0.6945363473674988
AMGN,2016-10-25,118.5701349607159,118.89112526549859,117.79380565362695,117.86844635009766,2414300.0,-0.005431634129800669,0.009309697767732824,-0.005917920316534416,0.0005039934326630853,120.42437515258788,122.58504981994629,122.2281177850694,-0.038476172068098134,-3.4720800018310456,0.009843334936037625,1.7211589612844307,0.009493211515784437,0.08523921812826922,21.029542767110172,-2.1848398922189745,-0.49043367410873406,-4.792388916015625,0.919840210005353,85403600.0,-1.0023753564788398,-0.08899480159370227,0.0,-0.24854727552413386,-0.0005003190642055986,0.83406484533407
AMGN,2016-10-26,118.45068150444541,119.47336029315797,117.96547717141009,118.68209838867188,2716800.0,0.006879335224762427,0.012705228018548476,0.0019536982082942016,0.004939703308028495,120.05934829711914,122.18494110107422,121.89040165207916,-0.028668366828484275,-3.6755673217773506,0.009989220527887558,1.729156329602357,0.00931697646902054,0.08392970305401068,26.55579688413502,-2.1908016894396383,-0.3971163770635182,-3.6502685546875,1.0467347331920631,88120400.0,-1.1625847278468784,0.25508226593527383,0.10470616636305397,-0.39788219579055367,-0.00010957997940151138,1.0268339376796767
AMGN,2016-10-27,119.21954978297951,120.6303873438825,119.16729105576135,119.86151885986328,3366900.0,0.009888590568936923,0.012206555548755701,0.005384763472537618,0.004528495886106926,119.78165893554687,122.00280075073242,121.69717471948718,-0.017551087988906543,-3.652575683593753,0.008968064283457344,1.7696789642948463,0.008549988969167688,0.08505663239445665,30.588242030375483,-2.076421388256051,-0.22618886070394484,-2.7768936157226562,1.308222384983166,91487300.0,-1.2316343937723295,0.9423380375233595,0.2564818520541484,-0.20088854946670723,-0.00376340517970038,0.6142928401650629
AMGN,2016-10-28,113.23286103725378,113.28510839496329,106.47725604382482,108.37329864501953,18311600.0,-0.10075533069895332,0.06281853958730019,-0.04291653807665823,-0.05530263495458811,118.5335563659668,121.19548873901367,120.42823414096645,-0.10579758559830442,-4.018422393798829,0.022713480105669936,2.667576658238706,0.011767148979946407,0.12988831207687165,14.338440379174045,-2.879583489786313,-0.8234807697873654,-12.481025695800781,5.567113425725356,73175700.0,-3.499374294637663,13.713502263119773,0.0,-0.3902706309686211,-0.0010578172116535842,0.6210412490393771
AMGN,2016-10-31,109.39594510873333,109.49297914133824,105.20821869419868,105.37244415283203,8693700.0,-0.0280805749497928,0.04066300712285796,-0.03677925129585167,0.009436332348464464,116.93162002563477,120.21835021972656,118.99434938019175,-0.12349118116959878,-4.510948333740231,0.023055932609412962,2.717696784817278,0.01267875655991101,0.17267244649834848,14.325167147258995,-3.7154101842105973,-1.3274459713693196,-16.019363403320312,2.4161247290311825,64482000.0,-3.1711808264713213,11.672840232522889,0.0,0.028226670723835594,0.0007541943379125964,0.6645629540974991
AMGN,2016-11-01,105.37989482331137,106.30552810336268,103.99145059838781,105.07383728027344,5589300.0,-0.0028378460377100163,0.022023346295065842,-0.0029043257592076613,7.07079591751437e-05,115.28638916015625,119.21844520568848,117.66858632305667,-0.11864445892589226,-5.009370803833008,0.022985672721384524,2.7774153353440454,0.012959527019363246,0.20328944738009141,14.342843127488166,-4.351739792932747,-1.5710204640731753,-16.452308654785156,1.4953508561888926,58892700.0,-3.174033019078259,11.717700184425462,0.0,0.009844798356745435,-0.008338141925901814,0.5846694764268767
AMGN,2016-11-02,104.73795862857244,104.96190352038482,103.4913461121996,103.5361328125,4622500.0,-0.014742654132294688,0.01420332562399595,-0.011474596524593574,-0.003196596416337909,113.61577606201172,118.15322456359863,116.32263836967032,-0.1237130159171462,-5.541608963012706,0.022971449328116587,2.752885598001503,0.013044271539246113,0.23159187887550142,12.444862161403265,-4.923362038871531,-1.714114168009567,-16.706130981445312,1.1940618509831475,54270200.0,-3.0896765461805877,11.32423259859342,0.0,0.001726193156284697,-0.006973154878495902,0.5714122187623871
AMGN,2016-11-03,104.28260673110069,104.33486547425946,100.77417477621309,100.93840026855469,5791200.0,-0.025410228633994825,0.03527587804614368,-0.03206868880032167,0.007209791387056354,111.65403823852539,116.97080764770507,114.85747283623073,-0.13706332119580722,-6.192236938476569,0.023178525931992808,2.8254004307436538,0.013758761148599962,0.26209886194602644,12.059062064875832,-5.522334063681072,-1.8504689542552857,-19.61737823486328,1.4244409489877865,48479000.0,-2.8626777444502207,10.092195263442203,0.0,0.0002941521552456116,-0.004484734915643296,0.6532747550843668
AMGN,2016-11-04,99.81122018163276,102.72246937737941,99.75896144181475,101.07275390625,5051500.0,0.0013301607829901132,0.02932054209498897,0.012639197500256433,-0.011167009620946756,109.9289337158203,115.7727165222168,113.54464246194685,-0.12697259818677462,-6.870333251953127,0.0231130553506685,2.9139112767886957,0.014232028384571384,0.28304702311992924,10.68724645887501,-5.91796388907261,-1.7968790237174588,-17.25104522705078,1.1930291107132904,53530500.0,-2.8759221940557707,10.172830792235171,0.0054392293507335215,-0.04012589008498203,-0.0019130810665641262,0.6998383927991528
AMGN,2016-11-07,102.90160243767103,104.67820552257142,102.38653276946013,103.91680908203125,5146000.0,0.027750073138277345,0.022052955372236786,0.009865800146068129,0.018094377176240576,108.46957397460938,114.68659400939941,112.62770594957394,-0.09390622348140795,-7.467366104125972,0.024464765705992722,3.105329238998882,0.014520572003855946,0.2879174105954944,19.163278279218446,-5.933612896207961,-1.4500224246822482,-14.593597412109375,1.1668749022124365,58676500.0,-2.3707772965408616,8.353875867567869,0.1371121060986113,0.02755749121532213,0.023732921403419087,1.180579069444949
AMGN,2016-11-08,104.17060687604318,104.5065184071477,102.52836386484931,103.34947967529297,3668500.0,-0.005474414840997588,0.019140440266495966,-0.007882522962809502,0.002442317044315556,107.0176773071289,113.7210262298584,111.74406535202337,-0.09120166163117416,-7.939363479614258,0.024232436260832258,3.1085282325458032,0.014325682547581249,0.29550743373612937,19.656578463754755,-5.923511040840609,-1.1519364554519163,-14.518966674804688,0.8233828612470261,55008000.0,-2.552297811628656,9.27034173078146,0.11110958752575936,0.043442153294837596,0.004860334975193351,1.1637460144414924
AMGN,2016-11-09,109.54524261756286,114.09874618538728,106.55934162628347,109.29890441894531,11793400.0,0.055970119991105655,0.06897969013673821,-0.002248734794239767,0.05994962879093306,106.07935791015625,113.0693531036377,111.51119288220642,-0.03334633639618018,-8.22765296936035,0.028353582701961463,3.7510314285135697,0.016937951562263062,0.2901349062229669,33.18459100265795,-5.373494097217687,-0.4815356094631955,-9.383193969726562,2.3909385428197236,66801400.0,-1.2182945685206277,5.936911016526865,0.38527647204866017,0.04782441187311699,0.011981147244698152,1.7650742077020793
AMGN,2016-11-10,112.26987866084013,113.63592980352192,111.04565964520368,113.14326477050781,8933400.0,0.03456847400441316,0.02289371942353054,0.007779344914998253,0.027182104502228195,105.4075325012207,112.59459571838379,111.66662830013988,0.0048729608079621425,-8.42636390686036,0.029729871978879274,3.8928613299158235,0.017088248408591106,0.2801932157633994,42.61701525714424,-4.574660120781999,0.25383869357799416,-6.718254089355469,1.6991192858426698,75734800.0,-1.094472864560683,4.818527632078133,0.5928218025289734,0.205572735038748,-0.0004385738887595421,1.7545448811103954
AMGN,2016-11-11,112.00861650168224,112.59832695303646,109.58257187504601,111.25466918945312,5159400.0,-0.01683295511436343,0.027106773135561486,-0.006731154582360118,-0.010028420791348174,105.69566955566407,112.11461296081544,111.6273940991221,-0.007670220220649244,-8.591483840942374,0.029775303308833566,4.069350287766633,0.01724700492858577,0.2728055759807523,40.13798181120571,-4.047317363706753,0.6249451605225929,2.8813705444335938,0.9599312341388266,70575400.0,-1.079534517221354,4.749702239128028,0.5010878355988263,0.16966866478013684,0.0031420076829938135,1.7236636732790356
AMGN,2016-11-14,111.57782197175786,112.08884844913786,109.72908358075334,110.0372085571289,5060000.0,-0.01100332220210392,0.02144515386501629,-0.013807523640485691,0.0029046222029067543,106.16214599609376,111.54688301086426,111.4759478570275,-0.013533990488898919,-8.825376510620117,0.029752589514854724,4.159524948946124,0.01737728408306874,0.2630842455458843,39.51971806884181,-3.685153175828006,0.7896874787210724,4.664764404296875,0.9182736455463728,65515400.0,-0.9978198381030331,4.641862174669952,0.44195262713772393,0.17149517807784853,0.0011067942006238174,1.8065736216439228
AMGN,2016-11-15,110.3754211408391,111.57034321775691,108.97759750418707,110.5182113647461,4515100.0,0.004361747903279578,0.02345989571811776,0.0012936777267177895,0.003073620170349883,106.70658340454102,110.99648628234863,111.38473485776261,-0.004308919440800278,-9.035580520629892,0.029793705576903813,4.2300843611253764,0.017638222786462408,0.25050511200026154,38.976396528594634,-3.3210396630552026,0.923040793195101,5.444374084472656,0.8011171033382689,70030500.0,-1.0108132371759118,4.624383009752305,0.4883328942642901,0.16991011086501862,0.006978692569034159,1.8047672058749615
AMGN,2016-11-16,110.90146740938468,111.60037333406572,110.05224877779416,110.64594268798828,4108200.0,0.00115508173547404,0.013991697469080576,-0.002304069796057316,0.003467808969272184,107.41756439208984,110.51667022705078,111.31437369873647,0.0011697100597757462,-9.18089431762695,0.029779343490953004,4.201501189772586,0.017607786253559955,0.23894783089390503,37.19255989756627,-2.987729544207596,1.005080729634166,7.109809875488281,0.7186841792214517,74138700.0,-1.0769774003533277,4.741615394783843,0.4948440254484805,0.17493026740476936,-9.416955720514253e-05,1.7954941060164773
AMGN,2016-11-17,111.02171788085234,111.562811597163,110.10486527639546,110.74365997314453,3957300.0,0.0008827631499164327,0.013165054515275196,-0.0025045361665743102,0.0033961949596625256,108.39809036254883,110.02606430053712,111.26002001058485,0.006522051635395206,-9.333876190185535,0.029762559206731366,3.349621440110378,0.017588858371374323,0.22419709051158285,54.82036877633308,-2.6847458267024678,1.046451557711436,9.805259704589844,0.6860765792044576,78096000.0,-1.069490402565154,4.744828334172811,0.5181629894721359,0.18339731860395123,0.003836225368372707,1.8217686392301133
AMGN,2016-11-18,110.5106429298867,111.48761790492294,108.89487353768355,109.14287567138672,3764600.0,-0.014560351119257603,0.02375550718533169,-0.0123767921553742,-0.002104111813844136,109.2051025390625,109.5670181274414,111.05838721637551,-0.0038710778417036617,-9.489270629882824,0.029670666394293905,3.228763148688937,0.017706909717184957,0.21357836721720697,58.13053526843708,-2.5444679202309572,0.9493835713463574,8.070121765136719,0.6514056023373498,74331400.0,-1.097838853390784,4.881488618134848,0.4335688834220309,0.18559349249902127,0.0007990079488321185,1.8092405481419631
AMGN,2016-11-21,109.71409253273691,109.84936023835259,109.05275317038809,109.3834228515625,2860500.0,0.002201540766107493,0.0072827037881738966,-0.0030139216716917813,0.005233661453726445,109.75176391601562,109.1106689453125,110.89886680067903,0.002499791348421759,-9.564816894531248,0.029676755069965175,3.1203724031881968,0.017690925189375175,0.20012047553023918,59.316492156786424,-2.3863778432921663,0.8859789186281191,5.46661376953125,0.4952209147520606,77191900.0,-1.1005568067548956,4.880353289880094,0.4462806982789725,0.1815418572102166,0.007386140651134489,1.7906789133545262
AMGN,2016-11-22,110.33785148724851,110.43554100580785,107.33178021676854,108.46656799316406,3586200.0,-0.008417354237586036,0.028614907307060025,-0.01695957886492571,0.008725532725202888,110.26347274780274,108.64057502746581,110.66721929520142,-0.001601676300569661,-9.676676559448254,0.029693869546280532,3.229034518971445,0.01805750841043312,0.18611150455675507,60.95265276957672,-2.3084623262090247,0.7711155485690084,5.117088317871094,0.6146220824860471,73605700.0,-1.0822469155537708,4.834103150110509,0.39782912548509725,0.18143136004204047,0.003458369582745165,1.7854893947930202
AMGN,2016-11-23,107.42191537509113,109.09779622187307,107.34675903672985,108.99258422851562,3216900.0,0.004837848910182564,0.016065654351969168,0.014621493649038938,-0.009631102351636759,110.23284072875977,108.15609931945801,110.50773024123134,0.007734052118382268,-9.800897750854489,0.0296587407295144,3.0997735537640767,0.018107611807387104,0.1654107032328537,69.7056467178224,-2.1791487333527755,0.7203433131402064,-0.3063201904296875,0.5489768439591045,76822600.0,-1.0758334712019901,4.854657734405599,0.42562667019399036,0.17076469287153861,0.0013415671002433424,1.8115746296193405
AMGN,2016-11-25,109.13540059631903,109.72158348109834,108.78969741099408,109.293212890625,2004000.0,0.002754451788888937,0.00852647703784533,0.0014460229535391692,0.0013103310543034214,109.84783554077148,107.6276840209961,110.39206192212598,0.015474911355557812,-9.937747802734364,0.029526606531872522,2.9546577062311905,0.01806964784561085,0.13174707258847604,69.95014094145634,-2.0290192874612103,0.6963782072254174,-3.8500518798828125,0.3460144880617232,78826600.0,-1.0550840884199675,4.938096483035668,0.6845477566660266,0.37385393175045883,0.004199670238507986,1.9853080700486894
AMGN,2016-11-28,109.15794223769758,109.66145770361906,108.594303981737,109.02267456054688,2411700.0,-0.002478413016287052,0.009788364908342161,-0.0012391922601120012,-0.0012376857569626864,109.62463607788087,107.66015281677247,110.26164407816607,0.012655766391984352,-9.503524246215818,0.020168933465370353,2.7733507137712365,0.01609248773962743,0.13208438184732604,64.1601526133513,-1.909855180544298,0.6524338513138637,-2.23199462890625,0.48266145252738324,76414900.0,1.3936735698333993,2.536936509675463,0.6623813221420574,0.20295304077371576,-0.0059579027972917,1.5367412273139809
AMGN,2016-11-29,109.24064003605928,110.31530510549582,109.20306184842276,109.72161102294922,2939100.0,0.006390464913275517,0.01013695703793873,0.0044028576428257775,0.001999267367004018,109.59307632446288,107.87761116027832,110.2102123586216,0.0170934436055614,-8.921880264282223,0.019073014449373028,2.724384713960563,0.015234265860519281,0.13128739259526326,67.54383606416883,-1.7389726418787887,0.6586531119834986,-0.3155975341796875,0.6241532064541064,79354000.0,1.539495838170651,2.9690611101400584,0.719648361994718,0.19134324033698213,0.000488930442666214,1.4808344058594738
AMGN,2016-11-30,109.49612231642203,109.96207106993846,108.27115631103516,108.27115631103516,4296900.0,-0.01330756185006241,0.01561740741038861,-0.011187300330572135,-0.002055098393333146,109.3683708190918,108.0374771118164,110.02554035408956,0.002162945724629453,-8.338959350585938,0.019356374040771784,2.0773595888754905,0.015089018586721629,0.12881205806237986,46.238559366757556,-1.7009787479558867,0.5573176047251209,-2.2470550537109375,0.9251946463637303,75057100.0,1.5338154652729226,2.8223547107429505,0.6008060175759394,0.16988891110965193,0.0002297017674872738,1.653679938594029
AMGN,2016-12-01,108.3989414889473,108.3989414889473,106.82074937807546,107.00862884521484,3894000.0,-0.011729312526102535,0.01474826962930861,-0.012825887639080111,0.001180232873333789,109.00463943481445,108.21110191345215,109.73821544848245,-0.011112289284319968,-7.710012130737297,0.019235546611552943,1.88030006932515,0.01509858783877751,0.12294287123285842,22.31611477630244,-1.7525415206691122,0.40460386560951633,-3.6373138427734375,0.8450713395162,71163100.0,1.5532929720009148,2.903243972605389,0.4973614062421695,0.1397795890709081,-0.006386873842505781,1.6318613024176736
AMGN,2016-12-02,106.93343253265294,108.90241641060527,106.3397386838237,108.22604370117188,3517300.0,0.011312562466391294,0.023678937519489348,0.012087998466936171,-0.0007027126071362847,108.75287780761718,108.575484085083,109.59419909159573,-0.003218409633221603,-6.88823127746582,0.018253435408434653,1.8090132715622766,0.014712243236750343,0.10509857388091735,35.45135229036897,-1.6758520062721516,0.38503470400518136,-2.5176162719726562,0.7826309465533354,74680400.0,1.6794403369128015,3.15850818845672,0.5926252724047782,0.11750118154928178,0.0021213269289003267,1.4753196037800453
AMGN,2016-12-05,109.30822621293977,109.99962098830267,108.00810405205344,109.18798065185547,3855500.0,0.008848952872240126,0.01823934213600995,-0.001100059576943978,0.00999927997697082,108.75738830566407,108.98124542236329,109.55551162114426,0.0018969798765922261,-6.056551208496089,0.01828117791672981,1.7827098478383274,0.014388043191694915,0.08225301202237276,45.81788506942514,-1.5199338891684704,0.43276225688709014,0.04510498046875,0.8694524625653978,78535900.0,1.6043954332263966,2.9510375752809535,0.5961434638231652,0.1391340273223858,0.006111414375500705,1.5124248857566132
AMGN,2016-12-06,109.571260427974,109.71405059637944,108.42895054797813,109.0527114868164,2399000.0,-0.001239633003686954,0.011784209955720932,-0.004732526933907593,0.003510274426089172,108.72431716918945,109.23804054260253,109.50762589406541,-0.0016965615170829553,-5.390092849731445,0.017400666129659653,1.6893065860405747,0.014166260163000897,0.06950586365238176,42.52856931705913,-1.3912453389146577,0.4491606457127224,-0.33071136474609375,0.5582899896440582,76136900.0,1.985311762469081,4.871336545470309,0.5823317287701839,0.17897257951695902,0.002775075520193607,1.9201089587731095
AMGN,2016-12-07,107.85783405279903,108.12838090992211,104.95697498868815,106.10679626464844,7031300.0,-0.027385258115356057,0.029888810452102826,-0.01623468340086842,-0.010956879638539042,108.48833999633788,109.37590637207032,109.18373735793047,-0.029888759013353094,-4.812011566162099,0.018552557570959742,1.8712788676017678,0.014494075826160902,0.05514938618936847,32.023953760299236,-1.509568112547825,0.26467029766364414,-2.359771728515625,1.574692230341822,69105600.0,1.5998182557251877,3.864182497171378,0.0,0.37561934592444757,0.015121328332192555,0.6263045628583033
AMGN,2016-12-08,105.83623690279505,106.03914988847565,104.33320153353104,105.65586853027344,4387600.0,-0.004258809421088247,0.016146271652253814,-0.001704221330991501,-0.002549877777654936,108.15466842651367,109.19375457763672,108.84774985053457,-0.03240007691875684,-4.573595275878901,0.013049712797563258,1.8938251826267571,0.011425558220063303,0.06310078659033304,30.399535373403054,-1.6210395281074454,0.12255910568321915,-3.3367156982421875,1.071479157000171,64718000.0,0.7539455220901149,2.4711986459639,0.0,-0.19998217909068816,0.0021337452264621765,-0.5634312521172103
AMGN,2016-12-09,106.3397416259881,108.65441723674375,105.96398282165597,107.8051986694336,4637300.0,0.020138593023871023,0.024956444107464067,0.01378089716072206,0.0064726465763585124,108.00586700439453,108.92685127258301,108.74845926185829,-0.010297301262684485,-4.526516036987303,0.011129527917857089,1.9228112068575374,0.011501835938472703,0.05412836289442788,45.055638588872284,-1.518444762494866,0.18012309703663898,-1.4880142211914062,1.1951511496496865,69355300.0,-0.2248434288008994,0.1832167865055877,0.383891169941413,0.004377998008553428,0.005037937606614173,-0.151894832183862
AMGN,2016-12-12,107.40692147062788,109.75165331245431,107.30922048813463,109.54122924804688,3310100.0,0.015975118756847973,0.022296927294735737,0.019871231278169133,-0.003694415517260581,108.05772247314454,108.8411792755127,108.82396116530482,0.006431848471267644,-4.312621841430655,0.01132024214557605,2.040370189454336,0.011319659900315472,0.05065272237314518,50.52522363394624,-1.2822732645045107,0.33303567602159556,0.5185546875,0.873923799315139,72665400.0,-0.32775318408092613,0.3244942342161948,0.7636635176115342,0.11488112651679525,0.00013892159475228984,-0.23749395986518565
AMGN,2016-12-13,110.33031213563524,112.70511082910384,110.13492166107773,111.50267791748047,4308700.0,0.01774760660605678,0.023050470320795637,0.01062596270373979,0.007203524125163435,108.23582916259765,108.91445274353028,109.07907704646442,0.023763835824845918,-3.9710976409912035,0.011777116292677168,2.0446645317413115,0.011382757184408787,0.05436851538880725,59.448058222692204,-0.9261569746198859,0.5513215727249765,1.78106689453125,1.1489667512429784,76974100.0,-0.43203329540971824,0.3068861727196267,0.9999999982896655,0.24281335482112845,0.006417049135263797,-0.11187121391659616
AMGN,2016-12-14,111.34483780862426,112.38944669610414,110.78871071914502,111.7431411743164,3196700.0,0.002154247284979008,0.014325138528744438,0.0035772054953884243,-0.0014155723593743496,108.58302764892578,108.97569923400879,109.33279743959318,0.025395037240045215,-3.6432752227783283,0.011751438841082679,2.033928731156734,0.011104419185304084,0.057726033303717415,58.71431989964009,-0.6174117358502116,0.6880534491957206,3.47198486328125,0.8676911467925393,80170800.0,-0.4050980005636784,0.32036724195792,0.9999999983572282,0.23839389961088156,-0.007844820395517234,-0.1566352896845476
AMGN,2016-12-15,112.11141801422221,113.08088238157858,111.8108154861784,113.02075958251953,2950500.0,0.011368659864915382,0.011237465577930988,0.00811105224074469,0.0032957444728647914,109.18424072265626,109.09444007873535,109.68403192939569,0.0359900972125664,-3.288138656616212,0.011998365522995276,2.0629183838108704,0.011049424507687096,0.06531037502682417,61.12115436005738,-0.2665630092554778,0.8311217406323637,6.0121307373046875,0.8136482215836702,83121300.0,-0.48061724002973627,0.14663379885015038,0.9999999986422067,0.23966463705380817,0.0042894841319578445,-0.11118609046090769
AMGN,2016-12-16,113.41906632281811,113.63701290902107,111.83336328763285,112.25421142578125,6356800.0,-0.006805470770456652,0.016067545248230893,-0.010270362248631124,0.0035241909696047033,109.5870574951172,109.16996765136719,109.92881092905145,0.02825176044993943,-2.9659605407714906,0.012128425595939239,2.1155252337755956,0.011116898941067908,0.06902722829345848,59.36415602239806,-0.04979291392244534,0.8383134687723169,4.028167724609375,1.6968503043722565,76764500.0,-0.37618785948843336,-0.06281856213718921,0.8959186007967231,0.21060691389139874,-0.001152081274814127,-0.05918730456412397
AMGN,2016-12-19,112.53979011316436,112.99070537831471,110.63093995416448,111.02924346923828,3013800.0,-0.010972422896270203,0.021253548618513602,-0.013422333935465375,0.0025440353974774746,109.77118377685547,109.26428604125977,110.03361402811687,0.016153104476535382,-2.591535491943361,0.011918781068637564,2.1917491537185447,0.011028760943627692,0.07062414734829942,53.67708013311753,0.02289040541964482,0.7287974304915257,1.8412628173828125,0.8126308580241837,73750700.0,-0.37932900461476426,0.0892974149757003,0.729593268053867,0.2556451798662848,0.0030104858504891906,-0.11916578664851397
AMGN,2016-12-20,110.33782526566537,111.21709952725261,110.0747895051076,110.638427734375,2615600.0,-0.003526144680290896,0.01032471308149383,0.0027243827580057246,-0.006227352199913642,109.92975540161133,109.3270362854004,110.09121533347478,0.01199512484314667,-2.2287686157226574,0.01195511421590019,2.1525631010929525,0.011072507992374586,0.07147401824885954,57.07864686635796,0.0483989826880844,0.6034448062079723,1.5857162475585938,0.707597830350742,71135100.0,-0.2991446822514164,0.006653647708209956,0.6765285680385904,0.2758247950480898,0.004689199267570022,-0.16277871319330967
AMGN,2016-12-21,110.52569213674654,110.94654013209623,109.49610529035765,109.84931945800781,2491800.0,-0.0071578729937216605,0.013203858238676144,-0.006119596861713349,-0.001018955167178601,110.30400772094727,109.39617385864258,110.06817763104935,0.00414224358477807,-1.9034007263183526,0.011908660643963166,2.1434375818691485,0.010538883866086689,0.07115088415457738,58.741772635728914,0.004883971519404895,0.44794383603143423,3.742523193359375,0.6842352398447991,68643300.0,-0.310981677471514,0.05945659112019948,0.5693839721853924,0.30467578515955895,-0.003340065463705227,-0.047790717735256096
AMGN,2016-12-22,109.95454066116564,110.17999823961831,109.0602328625609,109.99211883544922,1820500.0,0.0012991126571348442,0.010180414641640047,0.0003417610046626597,0.000957868502754339,110.73763275146484,109.44615058898925,110.06093393623028,0.0049884645875785645,-1.6066190338134732,0.011869967177257558,2.040372414031709,0.010403295003253618,0.07118869853878936,55.8197265759544,-0.017873240415369196,0.3401492992773281,4.336250305175781,0.5096712963092576,70463800.0,-0.2666776257939615,0.0839891170287795,0.5887731764838001,0.2962366939029733,0.0004999891165233306,-0.04667216385953109
AMGN,2016-12-23,109.9846402379465,111.02172705721838,109.90197281703149,110.88645935058594,2169700.0,0.008098072795980423,0.010098205378229313,0.008199500500146218,-6.799212145293382e-05,111.04575881958007,109.5258129119873,110.13955540426414,0.012423066329505569,-1.291917648315433,0.011983456562587775,1.9781036500272566,0.010429272499718166,0.07208007732417945,55.62202292113971,0.035844121702638176,0.3150933291162684,3.0812606811523438,0.6060284425848312,72633500.0,-0.31932767018171915,-0.008450503848516568,0.7102061355836689,0.2990811420616911,0.00120588977091353,-0.06338260783227578
AMGN,2016-12-27,111.0517474896319,112.81029573980963,111.0517474896319,111.4951400756836,1941000.0,0.0054742141139036155,0.01577242065424579,0.003992666446722031,0.001490607058913926,111.24114990234375,109.64943618774414,110.26865870630408,0.016832771349404807,-0.9811106872558497,0.012001479517113882,2.023727674371713,0.01055920071549726,0.07359569875992726,57.83885169713561,0.12607762141311696,0.3242614630613978,1.9539108276367188,0.5457367305280797,74574500.0,-0.42385345330137836,0.0321105417347509,0.7928523987738844,0.315936071396107,0.0029445374896651124,-0.11797308338378146
AMGN,2016-12-28,111.6981163287158,112.08889740542081,110.74368532351497,110.97665405273438,1804000.0,-0.004661147843141569,0.012121577221697623,-0.006459037087592738,0.0018204941748530296,111.18854751586915,109.71218833923339,110.33608683453554,0.011525298443516742,-0.7100554656982467,0.012003109063626992,1.8272616446415404,0.01059593242213319,0.07434712724147885,68.51436533894264,0.153975892900732,0.28172778763921025,-0.5260238647460938,0.5154425620123975,72770500.0,-0.2815272063669002,-0.04994952626493067,0.7224527121298983,0.34700418067084354,-0.009458918424882742,0.02678712370205125
AMGN,2016-12-29,110.75114779032874,111.74315655122079,110.75114779032874,111.05927276611328,1655500.0,0.000744192332975983,0.008932246143743279,0.0027821379907309977,-0.0020320153308863837,111.12016067504882,109.85159416198731,110.404961685162,0.010993728523822141,-0.3613121795654308,0.011552328059679066,1.7714340753397297,0.01045834644694201,0.07394641733922133,71.13469374113339,0.18066946857622668,0.24673709065176397,-0.683868408203125,0.4915620866224147,74426000.0,-0.41658135002828545,0.4721488074879603,0.7336706259701213,0.29568839929109964,-0.0002545822333016726,-0.0018928213659679363
AMGN,2016-12-30,110.94656356571733,111.7882597341959,109.43600562455458,109.87940979003906,3193100.0,-0.010680557867074456,0.021407596874938456,-0.00961862847645708,-0.0010148562797931881,110.80602569580078,109.99513320922851,110.35490912372171,-0.0010520776311923332,-0.010516052246103413,0.011493098320217695,1.72527017556623,0.010660867793421456,0.06973257518073882,58.778771383383585,0.10540420392203487,0.1371774607980577,-3.1413497924804688,0.9580861680453914,71232900.0,-0.4194240585947328,0.5312390943796006,0.5734696174144847,0.36414194064266237,-0.0045463435330222604,-0.05697499180500267
AMGN,2017-01-03,111.1193857814412,113.4791504378158,110.56325866433143,113.27623748779297,3640900.0,0.0304459253186061,0.025741425016862888,0.019410219838634165,0.011284880340834713,110.90822830200196,110.24764289855958,110.63313087268088,0.027470833022888712,0.38758445739746605,0.013104215975337341,1.8079350200988773,0.01075397255930205,0.07267100868233917,63.859454030001004,0.31620651429673785,0.2783838169382086,1.0220260620117188,1.0904260894826847,74873800.0,0.11114414165353673,0.6201926963355892,0.9999999986877276,0.15728293627302536,0.008450868607679879,0.27177633667357104
AMGN,2017-01-04,114.29827779877857,115.5232548215616,114.05779819546113,114.88446044921875,3945900.0,0.014097516449832556,0.0127559168609076,0.005128534407772531,0.009022548185322105,111.29375,110.53246688842773,111.03801940377973,0.03937298861866486,0.7411952209472616,0.013295704559767576,1.7424447167211383,0.010609768237280636,0.08091100463634351,62.88655417965477,0.6060528169057875,0.45458409563780655,3.8552169799804688,1.1801740097921634,78819700.0,0.0741658165651354,0.4162353013651779,0.999999998916411,0.24748804838597746,0.005162547293474041,0.2953280777142685
AMGN,2017-01-05,114.77179548089025,115.2828220634561,113.86245392782297,114.9671859741211,3441700.0,0.0007198167144898648,0.012354552506424296,0.0017024260395349401,-0.0009806806585326007,111.72662582397462,110.82819061279297,111.41222574381223,0.037346051924539506,1.1077833557128827,0.013272901239228292,1.7295612994835667,0.010622397309661477,0.08712060949263217,62.434968172658614,0.8328329782936379,0.5450914056205256,4.328758239746094,1.01356893060924,82261400.0,0.05122385205218179,0.4406812005787722,0.9999999989260381,0.23439752859849317,-0.0008673354518079796,0.3083950160118636
AMGN,2017-01-06,120.152685229939,120.9943816063754,117.74030773120188,117.8229751586914,9899300.0,0.024536539212795444,0.02761833055726802,-0.019389579740054657,0.045104167870866636,112.52399139404297,111.41399955749512,112.02277330713406,0.05752397029682919,1.6945017242431675,0.012176755012932252,2.064522329840148,0.01050037621188102,0.09408363648333437,66.51177163747323,1.2288310114459193,0.7528715510182455,7.973655700683594,2.7971828399064713,92160700.0,0.5476150884824852,-0.6586856883501891,0.9999999991781119,0.12687610111334655,0.004308020534223289,1.639159298245116
AMGN,2017-01-09,117.99579207002274,119.45373826899254,117.71022313661906,119.3710708618164,4247700.0,0.01305359650908726,0.014605843105753505,0.01165532064887131,0.0014667505306038807,113.46188659667969,112.09975967407226,112.72261116948475,0.06486464564139419,2.3664823913574224,0.012077863724864867,2.0602270091962374,0.010460059357102489,0.10067032917294551,73.2222831312134,1.6485769224390765,0.9380939696091222,9.378952026367188,1.2026228542792672,96408400.0,0.36574309778378183,-0.7517782024670681,0.9999999991353872,0.23135000628893776,-0.002650232152556202,1.561614347445847
AMGN,2017-01-10,119.10803446846165,119.58900529766215,118.16863742180057,119.3109359741211,3324400.0,-0.0005038912632324171,0.01190475847217952,0.0017035081349878723,-0.002203518754215106,114.3043342590332,112.67504653930663,113.35007067468821,0.05889404654028283,2.9527809143066293,0.011685329100773953,1.9931271843184766,0.010032459163297761,0.10871126774674905,79.24634547986189,1.9538533924615535,0.9946963517052794,8.424476623535156,0.9590394604176974,93084000.0,0.5871227357840476,-0.3124509909579158,0.9938824143870333,0.16153887950351303,-0.0019735794947661075,1.4911859417753033
AMGN,2017-01-11,119.61155136826834,119.61155136826834,116.10947638346228,117.70269012451172,4821300.0,-0.01357112297111862,0.029753567918468046,-0.01595883693439845,0.002519596311040991,114.92508926391602,113.08311958312989,113.76460586038569,0.040851106322600916,3.17426612854004,0.012090809450948998,2.1616818245085514,0.010365354450416612,0.11194426636971674,72.97180893688704,2.0424708622543477,0.8666510571984587,6.207550048828125,1.3612012608891442,88262700.0,0.6826037158745428,-0.0767358192260718,0.8247821566854627,0.13671053519264867,0.003492791050148196,1.3451635001714501
AMGN,2017-01-12,116.81589060274504,117.34946164522205,116.15455148471938,116.75576782226562,3234800.0,-0.008077571261013439,0.010234270929738172,-0.0005146798108476258,-0.007534233251836263,115.50300064086915,113.34577407836915,114.04947842818378,0.03008487763768548,3.2092541503906347,0.011872979632043791,2.168660667226677,0.009986629728594185,0.11447039472239778,72.23045716194181,2.0130865211748983,0.6698133728952074,5.77911376953125,0.9273417902959937,85027900.0,0.9296868108143245,0.5069657768728664,0.7253338240107773,0.20420075936439816,-0.0022488094296363517,1.2912089802079048
AMGN,2017-01-13,116.69565513628974,118.14609010610859,116.40256372312929,117.3269271850586,2637500.0,0.004879989067576044,0.014860411201507481,0.005409559147952698,-0.0005148583842760449,116.12976608276367,113.62496337890624,114.361616405029,0.032580550048736875,3.243381652832028,0.011886129126498805,2.2132150247925253,0.01000039333864591,0.11748934775872723,72.97568189443959,2.0126860148405683,0.5355302932487018,6.2676544189453125,0.7622193515572394,87665400.0,0.8888064272856105,0.43761281242368444,0.7853185198898005,0.19362881838247417,0.0007699300716422276,1.559526773148641
AMGN,2017-01-17,116.59045130594261,117.32693541449738,115.38050739397778,116.3349380493164,3404900.0,-0.008490860025478192,0.01673124216299045,-0.002191545308935417,-0.0062771257782482425,116.7753189086914,113.7906723022461,114.54955179972303,0.0223591766846437,3.1531144714355435,0.011931928056541965,2.2722631519591476,0.010136765886521674,0.1190870873506777,66.96313750454279,1.9103025985953366,0.34651750160277595,6.455528259277344,0.9775739949067043,84260500.0,1.0872586100038402,0.7962215361073067,0.6811371468806723,0.2155304895415914,-0.003613012251274351,1.5711012988634276
AMGN,2017-01-18,117.00376577149375,117.19164515349763,116.11696912546678,117.06388854980469,2432600.0,0.006246414185299122,0.009180252265186211,0.000513853361167533,0.005749156129638481,117.15408401489258,114.03115615844726,114.78901244258795,0.02659564713299425,3.0710885620117097,0.011810583763322259,2.211608840445373,0.009983402249849404,0.12078097926557839,67.20870786689042,1.8664677386290833,0.24214611330921798,3.7876510620117188,0.7401119630035292,86693100.0,0.9608605960059431,0.6740610628221149,0.7576934933770895,0.1594843213339821,0.002617274751472742,1.5483653124021997
AMGN,2017-01-19,116.58291658965545,117.00376456624943,115.17005998202082,115.5833969116211,2571900.0,-0.012727521153503103,0.015864774986936267,-0.00857346605551511,-0.004108627913420152,117.2239776611328,114.25886383056641,114.8646681063054,0.011592387992049542,3.008583374023445,0.011917548597522212,2.2507957322938035,0.009804844245338916,0.11847872692996315,63.436976626294424,1.6927520026906961,0.05474430189666446,0.6989364624023438,0.7877894021052438,84121200.0,0.9244711034429569,0.6252644936483186,0.6022082707701896,0.10369059526131703,-0.0012401041351366427,1.753329010508586
AMGN,2017-01-20,116.26728025714455,116.74825100998201,115.59843012480422,116.23721313476562,3067400.0,0.005640723286798203,0.009892020413847024,-0.0002586034722101115,0.005916795697278,117.35098037719726,114.53880310058594,114.99538668044447,0.014828250236630935,3.0421145629882744,0.0118671932162881,2.2631418278272943,0.009796908462668449,0.11522993442025689,64.6160220768408,1.5895155891699773,-0.03879368929924376,1.2700271606445312,0.9331076158361206,87188600.0,0.8150862801639045,0.5253855354037419,0.6708738129304644,0.06132559337814995,0.0029476819124144684,1.9422059917724845
AMGN,2017-01-23,115.89156280937871,116.14707610444472,114.53130598440681,114.77179718017578,2458200.0,-0.012687259336349788,0.014078111171347898,-0.009662184218231217,-0.0029736632190774,117.04586257934571,114.78492698669433,114.97409244232364,-0.0001143861555975114,3.0597920989990115,0.012161484752557666,2.216974187878544,0.009818130010162131,0.10835839212521213,63.59088090263516,1.373618943006477,-0.20375226837019533,-3.051177978515625,0.7481704338457184,84730400.0,0.748839076373993,0.36997563811031775,0.5154405902175979,0.03794569321749061,-0.0025518779648763664,1.9969271044402452
AMGN,2017-01-24,114.84692341792604,114.98219107962284,113.01321866660237,114.11795043945312,3027700.0,-0.005713218053945184,0.017253836100615323,-0.006347344419668866,0.0006545705442977112,116.52055053710937,114.99121856689453,114.89255510871692,-0.00759421578729853,3.1697027587890574,0.012290627205989044,2.1004907425388097,0.00999470089310071,0.10104785694355584,52.758664318874345,1.1366566575158004,-0.3525716430886976,-5.253120422363281,0.9048782492397582,81702700.0,0.8045260122624907,0.327438835908849,0.4465541503111046,0.08071267693550088,0.008841090433948349,1.438095140707055
AMGN,2017-01-25,114.62899535832699,116.34997733542781,114.0578460270895,115.80888366699219,3479500.0,0.01470871131314933,0.019792361654476558,0.010293105204114377,0.004478216765249444,116.17034530639648,115.23733978271484,114.97982449521933,0.004959710848541091,3.3625115966796812,0.012556696314371925,2.1037131692937874,0.010255740887311647,0.09520618915669972,53.01340495908877,1.0729383533308834,-0.3330319578188916,-3.5020523071289062,1.0199430449967977,85182200.0,0.7220474828087291,-0.014638549320372275,0.6247034977193698,0.03635404873323495,0.007860645788192708,1.4737637589435595
AMGN,2017-01-26,116.48525508999523,117.08647160326481,114.90706317606902,114.9671859741211,3366900.0,-0.007294529510064646,0.018956786745101133,-0.013032285628780204,0.005840410524532381,115.89679489135742,115.41094207763672,114.9786208265433,-0.0038450089352629244,3.4618635559082094,0.012706532984591484,2.1579303329768353,0.010348676618295064,0.0901005177561821,50.0,0.9436454118363997,-0.3698599194507004,-2.735504150390625,0.9667332805016711,81815300.0,0.8387468855415103,0.03173689484375477,0.5360259010775097,0.003172977436356726,-0.0014005088821262494,1.502526984943932
AMGN,2017-01-27,115.15506496049764,118.36404905686976,114.80185069037641,118.10853576660156,4885200.0,0.026957248055247025,0.03016038039395166,0.025647771612278367,0.0016341966169271763,116.03207168579101,115.76753616333008,115.2767079636917,0.02022155503049401,3.6570310974121156,0.013838396267479727,1.9818590997081955,0.011013866373201066,0.08444002934693647,50.87151240197843,1.0821857355717839,-0.18505567657225308,1.3527679443359375,1.3432614206917033,86700500.0,0.6430003555196097,-0.6200038572634388,0.8669848096832351,-0.06999898792407626,-0.001275553675548645,1.5856340164710896
AMGN,2017-01-30,118.06338523041725,118.12349652976651,115.56083097374363,116.05682373046875,3758400.0,-0.017524065436340622,0.022081127792833898,-0.016995629051567658,-0.0003822800434469236,115.90506134033203,116.01741371154785,115.35100470338475,0.0003396905486868428,3.7961363983154257,0.014581175315434486,2.0403698442545815,0.011337855249934454,0.07509765480456436,40.18679217066833,1.0147267870624574,-0.2020117000652637,-1.2701034545898438,1.0043920774245616,82942100.0,0.5928488849460186,-0.7340814351809317,0.6508253810589018,-0.20422241354499016,-0.00551064135363292,1.760843231509107
AMGN,2017-01-31,115.50826794528753,117.95822298099824,115.09493091773663,117.74778747558594,3351300.0,0.014465011794069086,0.024317162340356427,0.019388391585606634,-0.004726613804761639,116.04634628295898,116.4108325958252,115.57926972930868,0.011484797848689951,4.047518386840821,0.014493601147003743,2.1434358576402976,0.01145776794380899,0.057044965983258984,45.779265592007,1.0852021912646421,-0.10522903669046335,1.4128494262695312,0.8937097903263442,86293400.0,0.39012742747110163,-0.9041533937196586,0.7336623835385512,-0.1764548533117563,-0.0027912489393357182,1.5078042764217188
AMGN,2017-02-01,119.18319437322133,120.05495769453618,118.02586211145892,119.99483489990234,3924800.0,0.01890375665113994,0.016909857701541086,0.006810024944786855,0.012190521184383263,116.33944091796874,116.74676246643067,115.9997997455557,0.027821520398954334,4.1984247589111305,0.013527814775369946,2.0580855172220254,0.011148999894990233,0.057293392242787976,55.982745312949305,1.307302633633313,0.09349712454256598,2.9309463500976562,1.0427011187358364,90218200.0,0.23063410327691095,-1.1150597319122821,0.9999999982984181,-0.23136633165878942,0.0006101435031716013,1.072675035324345
AMGN,2017-02-02,120.03991575302965,120.1977395113373,117.92064185950365,119.92719268798828,4445400.0,-0.000563868306602248,0.018987333904812793,-0.0009390465191035434,0.0003756899466956913,116.77382049560546,116.99889907836913,116.37383716864451,0.025028386016330745,4.234875030517571,0.013283589187497355,2.1101540180821194,0.0113118531634101,0.0599924262620589,58.675992077157964,1.4610189560927296,0.19777075760158613,4.3437957763671875,1.1732243876755224,85772800.0,0.3925988920153257,-0.885940227055486,0.9884901222315687,-0.23508372163962601,0.002293027610011143,0.9231428507634386
AMGN,2017-02-03,124.8271066347096,126.14226273695924,123.8952204683337,125.90177154541016,7366600.0,0.048617180954739325,0.01784758261177503,0.008609227111587472,0.04085740553828607,117.74027633666992,117.54562835693359,117.28125949024124,0.07108850669548245,4.451237335205079,0.017004815971617494,2.429549994224381,0.01144607003401257,0.088207088547172,68.10533525868907,2.0414067648100485,0.622526853055124,9.664558410644531,1.8484476662927918,93139400.0,0.9838721690562635,1.0042317694529541,0.9999999991513787,-0.2154555731436742,0.00851252620016812,1.853267527200577
AMGN,2017-02-06,124.8872064727975,125.42078908791291,124.0981220578629,125.18782043457031,4389200.0,-0.005686838943146138,0.010565460964641588,0.002407083721888596,-0.008058385995360852,118.78187866210938,117.91387062072754,118.03426529446305,0.06168866966668909,4.485054550170901,0.016461749412453697,2.419351527583499,0.010937818203794072,0.10535822203184293,68.9144777057044,2.415909298241715,0.7976235091894324,10.416023254394531,1.1831413410750218,88750200.0,1.272479934908947,1.9950585833685817,0.9394125968296438,-0.30046242398360856,-0.001446730686362168,1.7311561686224135
AMGN,2017-02-07,125.5034011676513,126.0444945930591,124.45128143338339,125.36813354492188,3584300.0,0.0014393043838369323,0.01270827852840956,-0.0010778004537800132,0.0025208581153142694,119.90689697265626,118.2137237548828,118.73272893736389,0.06052097474633148,4.4573966979980355,0.01629561496744062,2.4563898941295608,0.01089290308192728,0.11897988657485986,68.16822501041567,2.6961751859641794,0.8623115175295171,11.25018310546875,0.9748913062694897,92334500.0,1.4180161108928888,2.4549788941422093,0.954714349001305,-0.2928729245535391,0.0008851659033845356,1.8997660139672419
AMGN,2017-02-08,125.12771389896743,126.51802641807882,124.9924461990331,126.34516906738281,3493400.0,0.007763121131505313,0.012074701631307283,0.009729700403528515,-0.0019177093824109571,120.96052551269531,118.5654354095459,119.45772323546092,0.06561552809184518,4.468069229125973,0.016318627219580294,2.4300864406482643,0.010896556509159827,0.13346482499162637,74.07522583213034,2.962971234422085,0.9032860527899382,10.536285400390625,0.9479887057623135,95827900.0,1.3295686383263519,2.249563188054491,0.9999999991821524,-0.3131119439362418,0.0007517920495786275,1.9171493242784527
AMGN,2017-02-09,124.56405524024187,126.09714625914727,124.37617582057332,125.8566665649414,4281400.0,-0.003873906089030585,0.013674050692308228,0.010377081271210432,-0.01409720561766024,122.04947357177734,118.97313423156739,120.06714640969714,0.05785787167694536,4.539088211059578,0.015945212295221348,2.4875249512517335,0.010306117965390762,0.14356780692820414,71.68009420079778,3.0992645629687416,0.831663505069276,10.889480590820312,1.1703985981678864,91546500.0,1.3844889719243392,2.517670446897048,0.9600479449246095,-0.37444026653954743,0.005257300573316708,1.8816703049059407
AMGN,2017-02-10,126.1046531567405,126.48792299718592,125.52598140500075,126.17228698730469,2931200.0,0.002504637526052328,0.007624032306571087,0.0005363309669479509,0.001970389003359872,122.85584869384766,119.44396018981934,120.6485883694693,0.056330406215540335,4.680900650024412,0.015716959395854137,2.4343845542393305,0.010265380922077388,0.1515149792898712,77.09860815160721,3.195905528565973,0.7426435765332058,8.063751220703125,0.8046358797548101,94477700.0,1.356745627588691,2.6220771629157986,0.9858608817591734,-0.37291427349566014,0.003787873077505754,1.7687393255531723
AMGN,2017-02-13,126.91386944256709,127.32248282747841,126.12689408048323,126.86846923828125,3602800.0,0.005502544474998497,0.009423844665057472,-0.0003577245299134602,0.005877538348314319,123.9370132446289,119.92103729248046,121.24095797602283,0.05793338769123888,4.786031494140616,0.0157194487881077,2.3791428638089536,0.010148749893852036,0.15960368568158037,80.24671025245831,3.2907367150398272,0.669979810405648,10.8116455078125,0.9760630480161359,98080500.0,1.3495079667899084,2.6048750096770212,0.9999999992157181,-0.377421195820458,0.005177305339943946,1.7112087921100192
AMGN,2017-02-14,126.42197272880782,127.178673316505,125.28692184726205,127.16353607177734,3116700.0,0.002323069219830502,0.014876524573641537,0.005865778922468494,-0.003519365466882359,124.87858810424805,120.46246719360352,121.80501303276135,0.05562785682783734,4.924363250732426,0.015451260438560675,2.35054430387357,0.010099531840687001,0.16493122371889182,78.84576397005095,3.351071475034246,0.584251656320053,9.415748596191406,0.8476791292297943,101197200.0,1.3354588749611127,2.7716472328958712,0.9999999992334572,-0.37986509903332394,0.003405128926639119,1.616745928821936
AMGN,2017-02-15,126.61119482628933,130.15254934769317,126.36904500619048,129.99363708496094,4058800.0,0.022011560050350872,0.029105304123692437,0.026715191048566567,-0.00434355053775982,125.8784683227539,121.10895462036133,122.58488199011369,0.07336106972808332,5.13549880981445,0.015949196759394928,2.4651225834669197,0.010777964965698193,0.1760262276629882,84.67098469584089,3.5859164934600614,0.6552773397966947,9.998802185058594,1.080026769166497,105256000.0,1.1266513220569814,1.82910400650493,0.999999999370106,-0.38324875149699444,0.005076606569659756,1.741161147190796
AMGN,2017-02-16,129.81957583760678,130.28116374634686,128.86613707121086,130.2357635498047,2660600.0,0.0018608699410867394,0.01086511597557357,0.0032058933293583215,-0.0013389982098923638,126.90932540893554,121.84157295227051,123.31353737675093,0.06889430589362522,5.447161483764646,0.015407278694069415,2.3117531769413953,0.010668432762998437,0.18165356361363172,82.30336393624926,3.748361664710444,0.6541780088376616,10.308570861816406,0.7071380920613742,107916600.0,1.185523566953058,2.1961647179736383,0.9999999993795684,-0.402795901714124,-0.002687758198185071,1.5544597437282028
AMGN,2017-02-17,129.66068750594656,131.18165196673613,127.79919844596618,131.12867736816406,4154900.0,0.00683273737715886,0.02579491830969347,0.011321780644963662,-0.004415653797262931,127.43201599121093,122.58614616394043,124.05783642355219,0.06968594308201265,5.750215377807621,0.015407811208142648,2.3703094601376145,0.011151457618553878,0.18721713754706437,92.7884819484623,3.9041467426280434,0.6479704694042088,5.226905822753906,1.0885635200616213,112071500.0,1.1724342378704353,2.172697925418318,0.9999999994121356,-0.422275008457322,0.003766628698130663,1.5487488892067331
AMGN,2017-02-21,130.79574433271114,131.2875952583714,130.0466063471775,131.0151824951172,3941200.0,-0.0008658976807422396,0.009472100008257897,0.001677716377742802,-0.002538979589629839,128.01475219726564,123.3983154296875,124.72044081132027,0.06172585937585013,6.064216918945306,0.014869531670389667,2.25443066356135,0.01106537239151961,0.18550740126285098,91.37120518593662,3.9726551557662475,0.5731831060339303,5.827362060546875,1.0128976629491278,108130300.0,1.284093511738085,2.602866863615144,0.9933280403914663,-0.5077409930038003,0.007743209572823365,1.1144436834557763
AMGN,2017-02-22,130.40226042536105,132.1956377664772,130.06931019996557,130.6141357421875,2579800.0,-0.0030657654864429413,0.01627945975701039,0.0016247825469844711,-0.004678252230644956,128.5393524169922,124.22312469482422,125.28174509045049,0.05144783681028723,6.389860839843749,0.01476477749029376,2.241513331244306,0.011036490968325716,0.17707764963512357,87.4220113188778,3.949065081429822,0.43967442535800405,5.246002197265625,0.6668527795441268,105550500.0,1.299721193908494,2.698696425586636,0.9681624905082804,-0.466483988504579,-0.0017214957276574007,1.6247473659307878
AMGN,2017-02-23,130.72009909488133,131.6735382080078,130.06933576633247,131.6735382080078,2190800.0,0.008078215884323997,0.01218318018568882,0.007293745336242731,0.0008112701744854765,129.0721893310547,125.016357421875,125.8904872921226,0.05325047796479757,6.7057267761230435,0.01465062428228349,2.1934493876615693,0.010833951993692576,0.1716330665799319,88.68934627386709,3.9700899767994287,0.36855945658208844,5.328369140625,0.5758920767523136,107741300.0,1.397365882017043,3.0428800464265975,0.9999999994014253,-0.45113945279407164,-0.00024539166957936886,1.63438945888252
AMGN,2017-02-24,131.12866275545468,132.210750789703,130.51573701935519,132.0896759033203,2677300.0,0.0031553910350020607,0.012832295626105177,0.007328780204659354,-0.004138078614492578,129.69549026489258,125.87248191833496,126.48088620747477,0.049392797299564035,7.110882339477527,0.014315062902520157,1.870588224902774,0.010677578218825513,0.1599100124995889,82.15533147631429,3.974515451979485,0.2983879454097158,6.233009338378906,0.7102147250249025,110418600.0,1.4281963224017729,3.351804303540852,0.9999999993762806,-0.41090640133053813,0.002326124945854314,1.515145119165268
AMGN,2017-02-27,131.82484587195685,133.38364760660264,131.44649548796176,133.2777099609375,2850700.0,0.008953941277284324,0.014534704409376806,0.011021170397512409,-0.0020049260440103958,130.40603256225586,126.63094062805176,127.1282027554236,0.052489299218024775,7.433840408325196,0.013513866872181087,1.880124127123747,0.010051432371082728,0.15612767417249915,90.06491347389102,4.027461028845224,0.28106681782036347,7.1054229736328125,0.7771852627331665,113269300.0,1.7270450190752353,5.312899055903447,0.9999999994193097,-0.32119543975017784,0.0023859013317803547,1.8282244764159796
AMGN,2017-02-28,132.7707498299675,134.8819403374688,132.7404753269148,133.58041381835938,3370400.0,0.0022686510941770906,0.016031279955951612,0.006098210557888354,-0.0038037878285766746,131.07722702026368,127.50712013244629,127.74269904713177,0.0476310160530999,7.873274459838868,0.012381148981578409,1.9192849736150523,0.009847564076514017,0.14126856035631338,90.18391120415846,4.0471929306415575,0.2406389756933578,6.711944580078125,0.9237566395693667,116639700.0,2.3796591258643334,7.100523899454068,0.9999999993683928,-0.2946041304564327,-0.00486350292252183,1.28419891392185
AMGN,2017-03-01,134.69276201451964,135.96401400140246,132.997747819003,134.87437438964844,3532300.0,0.00964013792267223,0.021992807720686822,0.0013483454672138637,0.00832718034301663,131.8483108520508,128.36344947814942,128.42190622260955,0.05072257669896395,8.292531509399424,0.012274329531236831,2.0221911138546056,0.009739579418202516,0.12980027092469235,90.47920097444967,4.119752467016255,0.2505588096544442,7.710838317871094,0.9657346423777146,120172000.0,2.4961381563661535,7.708226533481565,0.9999999993309775,-0.3439000512997095,0.014077172810526391,1.0772393552068862
AMGN,2017-03-02,134.48089284860592,135.34353146392078,133.79986661674576,134.74574279785156,3493000.0,-0.0009541691688137872,0.011456130747602633,0.0019694243816763095,-0.0029173928911489233,132.32352142333986,129.1009948730469,129.0241763726326,0.04372350445754125,8.580246276855476,0.012041603994954856,1.991810513880715,0.009591271772712785,0.12093834081714122,93.67914986207677,4.119391150961178,0.20015799487949337,4.752105712890625,0.9606604987843919,116679000.0,2.8447409592915496,9.652508797505782,0.9913942571731411,-0.3297399638402145,-0.006935403663099563,1.0804501343464277
AMGN,2017-03-03,135.04081578613085,136.6071802749243,134.35221535871605,136.3574676513672,2893800.0,0.011890260092271565,0.016537157480612998,0.009750028963995362,0.0021898501737599376,132.9356918334961,129.92250862121583,129.72258506584544,0.04952920859088583,8.895195541381838,0.0120144552770205,2.0841693227395064,0.009507450601583837,0.11043884053280373,94.39330777682304,4.200734083666134,0.22520074206755947,6.1217041015625,0.8132169534011904,119572800.0,2.706761097187438,9.051378321964922,0.9999999991047165,-0.442502954482275,-0.00028436331682080265,1.0302984633717058
AMGN,2017-03-06,135.86557036328466,136.46335864832668,134.81375718216896,135.79747009277344,3280100.0,-0.004115290749899117,0.012147512505429982,-0.0005012327282705494,-0.003607409968482166,133.40257110595704,130.41729354858398,130.3011455446005,0.04125355156358303,8.886799621582028,0.006625322590263732,2.1165988026796874,0.00933985438063489,0.11300624206665054,89.38566888283731,4.171920518191996,0.15710974127473687,4.668792724609375,0.9779272450274065,116292700.0,0.9989682318354021,1.7668594620093636,0.9498643460063563,-0.33404283474663,-0.0021853452443621104,0.49149375012233504
AMGN,2017-03-07,134.23872799876395,135.13920386993567,133.39122673005585,134.22360229492188,3328900.0,-0.01165750219121874,0.013022874591303931,-0.00011267764577010195,-0.011478432499107643,133.7234130859375,130.86908264160155,130.6747128541549,0.025632636720676196,8.851103057861323,0.007180139401155167,2.153348223642162,0.009394814056762549,0.10885487430705623,77.9847232395103,3.9762518261179025,-0.030847160639485338,3.2084197998046875,1.0084153257076387,112963800.0,0.47989313687806046,1.7004185089658523,0.8058239613215483,-0.17258602335531306,-0.002874213418934184,0.5721829594608586
AMGN,2017-03-08,134.1252707495243,135.2678852604392,134.04203316618992,134.5263214111328,2320800.0,0.002252795015258502,0.009112358692265676,0.0029901200524505224,-0.0007325950407850947,134.11463165283203,131.3269920349121,131.04153271672422,0.024361552234213893,8.8183283996582,0.007170050737367146,1.9706587774097741,0.00931874457490044,0.10362283072010027,72.4684817698012,3.8017852666565375,-0.1642509760806803,3.9121856689453125,0.7167509021925944,115284600.0,0.4640767156118723,1.7162347307884034,0.82561842344984,-0.12065669814755603,-0.003637453201147993,0.5508745616766791
AMGN,2017-03-09,134.73057477994536,135.5402386019865,133.98901125627137,135.38890075683594,2505300.0,0.006391505267713232,0.011457566588129613,0.004886240394697494,0.0015183152759251871,134.48616790771484,131.77917861938477,131.45556776816343,0.027392203952621846,8.780466156005858,0.00713364344890767,1.9803873967368537,0.009304533829393854,0.10031146619872784,74.06385562085654,3.6905795024433985,-0.2203653922350557,3.715362548828125,0.7857201101444549,117789900.0,0.4949883972043925,1.8401159363241801,0.9077625701470597,-0.09405133658143791,0.00021566539927519548,0.5482774109293204
AMGN,2017-03-10,135.80513544224308,137.6666135191993,135.53272260825662,137.29583740234375,4589000.0,0.013986611391362655,0.015542284102098023,0.010976771645978364,0.0030743634306827114,135.00678405761718,132.35113716125488,132.01178392379967,0.03736046661287322,8.836410751342768,0.007287440167757058,1.9014773425649554,0.009357873675742576,0.0971487657518601,76.30763262484655,3.713514895337511,-0.15794399947275473,5.2061614990234375,1.4323079227945767,122378900.0,0.29151782088788597,1.345773176392677,0.9999999991010063,-0.07576077683199757,0.004194110565390607,0.6876299522754435
AMGN,2017-03-13,137.66656018689784,137.71953478097845,136.4482830790881,137.00067138671875,2531000.0,-0.002152168329505415,0.009279164029071967,-0.0048369683914167025,0.0027001749766651074,135.37908020019532,132.89255638122557,132.48691606312528,0.030913055759935328,8.857349624633784,0.007423709588802156,1.903638970471844,0.009384545959847309,0.09106015195733418,75.14296812205075,3.665618955243559,-0.16467195165336523,3.72296142578125,0.7949345301845844,119847900.0,0.3414292389416903,1.0847315296702433,0.9716931424403705,-0.13082995040048317,0.001496838654974917,0.7040208164464968
AMGN,2017-03-14,136.5240097073044,137.3866484907997,135.92622092469003,136.2969970703125,2746300.0,-0.005149519755182134,0.010715038463806148,-0.0016628037623462463,-0.003479265280889403,135.65073852539064,133.36398277282714,132.84978092095264,0.02199255178575064,8.824021530151356,0.0076976980543922175,1.8560746847288467,0.009408726706206868,0.08278616595867669,73.27985178184328,3.530186646963841,-0.2400834079464671,2.716583251953125,0.874315722115129,117101600.0,0.43427192021198124,0.7227689596652951,0.901420189899779,-0.06843468628491958,-0.0035296159797561827,0.7749699577606787
AMGN,2017-03-15,136.44070238495294,139.39184206471663,136.44070238495294,138.17355346679688,4197300.0,0.013674222121663509,0.021358209336874615,0.012700396960394395,0.001054354224446398,135.98065643310548,133.91448364257812,133.3568068776997,0.031804400154253246,8.808639526367188,0.008015215175296988,1.962549152780903,0.009629729899953093,0.07611573667837511,74.95650034272458,3.533545472424777,-0.18937966598842548,3.2991790771484375,1.31366163659211,121298900.0,0.2653060528183163,0.13662032417458927,0.9999999987774936,-0.13883178747822986,0.009782680396705138,0.8425161175728033
AMGN,2017-03-16,137.41685590968612,137.59845669354317,134.70786593589708,136.28936767578125,6014400.0,-0.013730199936550483,0.021209216881264873,-0.0082048757879156,-0.00547642828982168,136.13501892089843,134.22927017211913,133.6360983822789,0.015347602657903933,8.663163452148424,0.007772048221621724,2.0890258499631864,0.009228549893898631,0.072242204993652,64.49095207257295,3.34560328713593,-0.301857481021818,1.5436248779296875,1.8264779168482446,115284500.0,-0.3650045594386693,-0.34970205964048334,0.7626309314878044,-0.28841595425141736,-0.001467575358949975,0.7874026310786543
AMGN,2017-03-17,126.6489825807693,129.84226020927997,125.5744690561823,127.58729553222656,23936800.0,-0.06597952771970758,0.03344996957020457,0.007408768174342514,-0.07073468209160277,135.25800170898438,134.09684677124022,133.06002192036917,-0.04854365628834283,8.276683349609357,0.01673328701406348,2.7160077428887632,0.010156712023621181,0.08082038648718952,37.070046910592495,2.4660462098638334,-0.945131646635132,-8.770172119140625,5.494243929758843,91347700.0,-3.00183769761023,11.122822758950752,0.0,0.3166023967324963,-0.0007523990241955186,1.0145978745439488
AMGN,2017-03-20,128.3591539730682,128.4196914195982,126.94411569639638,128.0640411376953,5831500.0,0.0037296590295238493,0.01152217054914943,-0.0022991179533234526,0.006049649674145503,134.48465881347656,133.9436149597168,132.58421422678117,-0.0438958872641279,7.861514434814453,0.016671714341238226,2.668444222363608,0.00965718448291388,0.08842856565377592,37.56387120565307,1.7868624373961381,-1.299452335282262,-7.733428955078125,1.3132426610757488,97179200.0,-3.008648579023987,11.197884990967681,0.04503438400660477,0.08714719165423747,-0.00026769580264768956,0.9733112513762898
AMGN,2017-03-21,128.6769482003319,128.79802307578984,125.98309572623904,126.25550842285156,4922700.0,-0.014222761913094229,0.022295481478108035,-0.01881797642348887,0.00478594191774405,133.68784942626954,133.70563125610352,131.98148034069263,-0.05572033700646294,7.454880065917962,0.01692577628845736,2.6576343057315603,0.010022004970232215,0.10086818376678042,31.010184006013844,1.0901048784393765,-1.596967915391219,-7.9680938720703125,1.0964649490713,92256500.0,-2.7715511384555565,9.80957970728638,0.0,0.07404907143424386,-0.012407282729854578,1.0716211154325617
AMGN,2017-03-22,127.07279271286895,127.11063007193619,126.05881614937603,126.70957946777344,5070400.0,0.0035899936736918927,0.008300981875073379,-0.002858308512320316,0.006473256495709927,132.9061752319336,133.51040344238282,131.47939454327175,-0.05093853212378555,7.112882080078137,0.016963194358553462,2.6225020968304986,0.009846008492532617,0.10967647230327411,32.5443700689796,0.5680115480432164,-1.6952489966299034,-7.816741943359375,1.0988829987820048,97326900.0,-2.8168529810699057,9.962833991108244,0.038099456988674556,0.06389778125909243,0.002096548851233204,1.0821139567410007
AMGN,2017-03-23,126.7322905360363,127.14091557516227,125.28700028391668,125.64263916015625,4432200.0,-0.008456011767714097,0.014755462824068867,-0.008598056353839909,0.00017923718442014908,131.93154907226562,133.20885848999023,130.92351307821312,-0.05679967094983053,6.684703063964847,0.01687918046273003,2.593855695047451,0.009905816520339972,0.12155118619634991,26.16177108603064,0.06737895355777823,-1.7567052728922734,-9.746261596679688,0.9377915919944311,92894700.0,-2.710388268247368,9.553071009360066,0.0,0.04823421540435566,-0.0013154153236536515,1.0936947900145346
AMGN,2017-03-24,126.13445946625315,126.3160602704208,124.91617070416368,125.41559600830078,3175600.0,-0.0018086896340849183,0.011162005450777243,-0.005699183720248122,0.003914437880200654,130.74352493286133,132.87515449523926,130.39894954774527,-0.0561396034892719,6.196740951538089,0.016832606190748504,2.5760191307688376,0.009867234590925013,0.13258891012052093,26.555187887847225,-0.34373411638435414,-1.7342546742675247,-11.880241394042969,0.668389065747586,89719100.0,-2.685650250922678,9.50022920084484,0.0,0.03586557718804876,-0.0010944518039188711,1.080151286761074
AMGN,2017-03-27,124.68159896676879,126.073925722565,123.3422352649659,124.78753662109375,4734000.0,-0.005020406417500753,0.02189073149102731,0.0008496655096089735,-0.005852518067078452,129.52221145629883,132.45064582824708,129.86452926901657,-0.05785633704716186,5.611596908569339,0.016621418246085293,2.5992653518318027,0.010107232641857856,0.14370693946498966,27.74017424808538,-0.7120156565847822,-1.6820289715743622,-12.213134765625,0.9770313025639332,84985100.0,-2.668139906367951,9.58955809173396,0.0,0.02370326520626133,-0.0026597794966928606,1.037126512120852
AMGN,2017-03-28,124.18219003360979,125.80909241391167,123.89463998549806,124.63621520996094,6526400.0,-0.0012133682424977283,0.015360322240117316,0.0036561215116939923,-0.004851018009290828,128.35613327026368,132.00343589782716,129.36659459672555,-0.05581082520888754,5.018201217651381,0.016579812617110626,2.648451089986399,0.010088487264934949,0.15325796954525053,26.501234109570362,-1.0045124099764848,-1.579620579972852,-11.660781860351562,1.304473835169865,78458700.0,-2.655205746419093,9.582274240376572,0.0,0.008893034175205487,0.007094108227102407,1.0441891828075403
AMGN,2017-03-29,124.45456981752426,125.02209536425232,123.29681862590598,123.38761901855469,4070800.0,-0.010068441552436653,0.01398257582137877,-0.008573014237516057,-0.0014574045924828534,126.87753982543946,131.42909812927246,128.79716835118546,-0.0611849219478646,4.302809829711919,0.01634980479014662,2.6608831894600575,0.009822696531870258,0.16306192129265795,21.998746822554352,-1.321832213116636,-1.5175523064904026,-14.785934448242188,0.8093017615255621,74387900.0,-2.6012135579265707,9.504981159206904,0.0,-0.002576662769598882,0.002443872325602248,1.036798344351818
AMGN,2017-03-30,124.15194491125524,124.70433343630593,123.50118155638427,124.38652038574219,2262300.0,0.008063043071025027,0.009672687009737866,0.0018894224706235703,0.006194510428032634,125.68725509643555,130.911137008667,128.37710664019087,-0.04984004242887942,3.6383960723877067,0.016571286722750343,2.5922404505591916,0.009788125145718831,0.16862073955132487,18.54740910432656,-1.4756965399822235,-1.337133306684792,-11.902847290039062,0.4553304028596271,76650200.0,-2.5652922860442935,9.183997642504556,0.06755754058078338,-0.028087990105620887,0.003707963135987193,1.2846875552932413
AMGN,2017-03-31,124.3410764381794,125.21884055877165,123.98542615151543,124.15190124511719,2811800.0,-0.0018879914725245706,0.009934720249036291,-0.001521421548544075,-0.00036534463237543005,125.34371566772461,130.30085868835448,127.97470612637433,-0.04719045987213322,2.8567476654052655,0.0161597518174786,2.5895377866567535,0.009621763399095613,0.17066128174581355,18.60229254865756,-1.5981445162375252,-1.167665026352075,-3.435394287109375,0.5663949979655063,73838400.0,-2.678150892248224,9.882005399581484,0.05168981566372782,-0.0231136116817162,-0.0015359677581725517,1.2771693249234843
AMGN,2017-04-03,124.57570239635672,124.8708153554688,123.73576373636966,124.01573944091797,3047800.0,-0.0010973374085846076,0.009152480356252614,-0.004494961253817707,0.0034135695626827797,124.93888549804687,129.7117721557617,127.59766168014039,-0.04391299741093488,2.112090606689435,0.01617810062254342,2.566296647584573,0.009561099409957002,0.1717789676541932,19.132961920536786,-1.6867289775561431,-1.0049995901365543,-4.048301696777344,0.6153734328198491,70790600.0,-2.6994923092305676,9.944747651223205,0.04248094188008154,-0.020644369084101652,-0.0017699063303978657,1.2700154605863123
AMGN,2017-04-04,123.93247286986117,124.46973559094802,123.43304750316177,124.3713607788086,2239400.0,0.002863446455664914,0.008335424500419915,0.0035413471448140017,-0.0006714193813799369,124.75047073364257,129.21916007995605,127.2903949276326,-0.03751610286081276,1.4274872589111283,0.016162884562357684,2.41928543996901,0.009466757139256165,0.1729172044602853,12.438661904542414,-1.7085421214064525,-0.8214501871894908,-1.8841476440429688,0.45717995463723055,73030000.0,-2.8458442422184547,10.608139504683054,0.06653226842254362,-0.006975195656182713,0.00042899405832426944,1.2486502740735468
AMGN,2017-04-05,123.54657486938554,124.67405196394523,122.34341151033667,122.76717376708984,3542300.0,-0.012982269602911685,0.018984231550611297,-0.0063085609869774455,-0.006631638540080926,124.35623016357422,128.6312026977539,126.85961195996187,-0.04558791963131087,0.666545410156246,0.016225251990739806,2.3382106487339223,0.009723519473722488,0.17466424959488935,12.631158155556747,-1.8341309601566849,-0.7576312207517786,-3.9424057006835938,0.7142648302756502,69487700.0,-2.6709694919852183,9.763846258590071,0.0,-0.032711833032358015,-0.0029591988044973946,1.394228449035479
AMGN,2017-04-06,122.7369047656938,123.68278105326286,122.29045392908313,122.77474212646484,3024200.0,6.164617026676407e-05,0.01134050131211479,0.000308280226255355,-0.0002465561474395059,124.06944046020507,128.00049476623536,126.47057673772404,-0.04082603469083618,-0.10347969055175099,0.01606315877158705,1.672312684775406,0.009719502565100045,0.1726724299845669,24.3968688076515,-1.9110212529008237,-0.6676172107967338,-2.8678970336914062,0.6066222561886824,72511900.0,-2.7034681263947213,10.027153084795017,0.000491248399533567,-0.08899391033729795,0.0015072787441806135,1.4012497004095632
AMGN,2017-04-07,123.27415614370808,124.28056980589737,122.77473073907154,123.62980651855469,2204400.0,0.006940357465457587,0.012180226672115903,0.002885035971627348,0.0040677260533670285,123.89086151123047,127.3171932220459,126.20002719304125,-0.02896220541918698,-0.9600336456298777,0.015698468108628835,1.6744743521771213,0.009630560969820094,0.16172579610151847,27.32240820945023,-1.8812746503780886,-0.510296486619199,-1.7857894897460938,0.45301351395784695,74716300.0,-2.8973978440297294,10.876161702061571,0.05599191813514296,-0.090376590077221,0.00020932335502964563,1.2577523233302568
AMGN,2017-04-10,123.98546236113717,124.28057528664768,123.05471182608487,123.183349609375,1772000.0,-0.0036177763222249876,0.009951535369432026,-0.0064694096911605825,0.0028767807100717347,123.73044281005859,126.6263271331787,125.91272456602542,-0.027190060722384914,-1.7523960113525447,0.015687373893237683,1.5609697886779788,0.009642033747848531,0.1480298571155697,31.74509483915425,-1.8721446764799765,-0.40093321017686945,-1.60418701171875,0.3670158011486849,72944300.0,-2.888364302425308,10.850243282910672,0.02701321466346426,-0.08470989036888144,0.0006128131127682721,1.2546356125700477
AMGN,2017-04-11,123.25900096355365,123.64491424027439,122.25258744774689,123.42547607421875,1990300.0,0.0019636486405073127,0.01128070830117972,0.0013506122016543748,0.0006141361995638457,123.60936889648437,125.98275108337403,125.67584375728192,-0.020298612208133948,-2.543345108032227,0.01576859760631422,1.585292136532789,0.00965514962943277,0.13145099618898842,29.981490782595756,-1.8243416492904458,-0.282504146389871,-1.2107391357421875,0.41548285817469777,74934600.0,-2.913593643549521,10.87911427173404,0.042729201767897004,-0.08540311909478168,-0.0006283036518648377,1.2836392843660522
AMGN,2017-04-12,124.15945145151332,124.17458869839119,122.7065875023185,123.38005065917969,2248600.0,-0.00036810695573341606,0.011898205489701424,-0.0062774181362906835,0.005946708901922424,123.60861206054688,125.24307594299316,125.4571967955579,-0.014875275697168787,-3.3956655120849746,0.015197779715463306,1.5577268440204395,0.009354924710887547,0.09634181972615073,34.24634102808187,-1.7697225967172585,-0.182308075053347,-0.007568359375,0.4791498637834428,72686000.0,-3.2048509704883426,12.254793724285799,0.04532377628771309,-0.04380184168404275,-0.0059072516050064595,0.8356092202470881
AMGN,2017-04-13,123.55409410528533,123.81894397896549,122.0785299930281,122.2904052734375,2568800.0,-0.00887084714457048,0.014231811416814616,-0.010227818357609345,0.0014106287456990378,123.39900054931641,124.54312782287597,125.155597602975,-0.018087891229472523,-4.141525039672857,0.015100598303914024,1.582050016854744,0.00911040010518048,0.051991498984935214,30.5738060211835,-1.7936853914645212,-0.16501669584048773,-2.0961151123046875,0.5682412680575541,70117200.0,-3.3117314985667647,12.917733819295261,0.0,-0.401120460740738,-0.006949654446795681,0.7895887791437051
AMGN,2017-04-17,122.08615253362484,122.97906583448504,122.02561506014767,122.66881561279297,2364900.0,0.003089580698340792,0.007772560365683806,0.004772556650170885,-0.0016702270252188366,123.25069198608398,124.2972038269043,124.91876122295767,-0.013100763041934645,-4.44228149414063,0.006281825159929216,1.4550328966217632,0.007996775365570656,0.048314302489151736,36.40818372163365,-1.7618322219137497,-0.1065308210317728,-1.4830856323242188,0.6870674778182578,72482100.0,-0.44642392201237724,-0.5414016343558913,0.06554108149470242,-0.5246477673604205,0.009085938323542231,0.7657711004294208
AMGN,2017-04-18,122.53259468647227,122.53259468647227,121.284042580638,122.0180435180664,2532100.0,-0.005319236443383567,0.010232520288275227,-0.004199300355325505,-0.001110477227975267,123.05092239379883,123.99490394592286,124.64250239392041,-0.015943078021324223,-4.666906814575185,0.006175883155493391,1.4171986540318602,0.007964388976633926,0.04186781763578594,34.21562702094563,-1.7687116183189602,-0.09072817394958665,-1.9976959228515625,0.7726766451534154,69950000.0,-0.28027819187447217,-0.5213065614059261,0.0,-0.5008999955057714,-0.0020440121641136125,0.7688866306863009
AMGN,2017-04-19,122.66121888265583,123.0698322828503,121.9272180956779,122.02558135986328,2344100.0,6.177454381799401e-05,0.009363726641897628,-0.005182057773293725,0.00527114962709752,122.8163444519043,123.78340759277344,124.3932718192483,-0.014200822768533843,-4.815158386230451,0.005540268850447633,1.3755799003765787,0.00749629834493893,0.040521925659608236,40.343579785479,-1.7533438917316175,-0.06028835788979503,-2.3457794189453125,0.7446031282162052,72294100.0,-0.25794264832711533,-0.2978396472550687,0.001606689549352982,-0.4638340018943694,-0.002619316298585352,0.6159779435956636
AMGN,2017-04-20,121.86667250875915,123.16819887638505,121.83639800923008,122.61579895019531,2070200.0,0.00482517499467552,0.010861576391929112,0.0061470985136015555,-0.001302258504595808,122.80120697021485,123.57871856689454,124.22398868886229,-0.007791953403190415,-4.964800720214839,0.005609051125663863,1.3766575039054163,0.007555188739738713,0.034702895923630184,36.67390889944857,-1.674239638433221,0.015052716326881432,-0.15137481689453125,0.6905016827267846,74364300.0,-0.2422793255384671,-0.3663429125364761,0.16491644572388556,-0.3865522429808502,0.007867170759766274,0.6303561381660134
AMGN,2017-04-21,122.69902962170733,123.1379174695518,121.26130272586404,121.38237762451172,2906900.0,-0.010110172536708475,0.015460355781569344,-0.010730744988407558,0.0006787923923720435,122.66197052001954,123.3657054901123,123.95335906368605,-0.016076816954283528,-5.078557968139648,0.005724326060524468,1.4226003850790971,0.007579116477980504,0.034488481419848636,31.88105014010719,-1.6915763019897554,-0.001827157783722333,-1.392364501953125,0.994885081173026,71457400.0,-0.26942264241613384,-0.4381106045358072,0.0,-0.46295421593369634,-0.0025816942933957767,0.6587277704829737
AMGN,2017-04-24,122.96390824972597,123.7962839394911,122.50988304688308,123.44819641113281,3498400.0,0.016875897322770363,0.010420572596490511,0.003938457782451923,0.013029326465383762,122.64380950927735,123.2673355102539,123.90524833487146,0.0014672248745399965,-5.1287585449218795,0.00709170172100587,1.513947149070543,0.007561149658697742,0.030791658299952323,47.03548459857953,-1.5210872741968728,0.13492949600732818,-0.181610107421875,1.1907480807424136,74955800.0,0.48994519195287173,0.8229701570657127,0.6066732221984206,-0.5598296984813392,0.010102688401926579,0.9259575128964208
AMGN,2017-04-25,123.73574525252195,125.08267204893943,123.64493328504699,124.62864685058594,3529400.0,0.00951688463523005,0.011536182091554827,0.007216197681936919,0.0023293077561982686,122.78833923339843,123.25939102172852,123.97414343160618,0.011108734332591685,-5.105830230712897,0.007375744648991778,1.5566462597862838,0.007136366843545793,0.030377645270570526,51.23729700338061,-1.2760119350386958,0.3040038681324042,1.4452972412109375,1.2264421397929983,78485200.0,0.27684343431704994,0.24315405772644633,0.997674017478443,-0.25732564064240593,0.00665009580023691,0.974520449079074
AMGN,2017-04-26,125.31726319491496,125.31726319491496,124.35624961430933,124.56056213378906,4175500.0,-0.0005464499748491032,0.007715231564011488,-0.006038282690142566,0.005525345590525302,122.90184783935547,123.25560836791992,124.02999283181408,0.010587378401263788,-5.063454742431631,0.00737166280082655,1.458815768857502,0.006910579537220883,0.03019291078264316,60.119559611478614,-1.074891154587604,0.40409971886679674,1.1350860595703125,1.5127472185087367,74309700.0,0.2624557835097417,0.24546423210864776,0.9790267775573627,-0.2769204354148436,-0.0024183363985826435,1.058567062474304
AMGN,2017-04-27,121.17049601442078,123.66759927753618,121.07212122110072,123.1303482055664,5699200.0,-0.011548504720022059,0.021079109206304777,0.016174334971050894,-0.027216207612543158,122.87687759399414,123.24274482727051,123.94431239121907,-0.0009119938205014459,-4.995654525756834,0.007482771540774969,1.6085381823224034,0.007237906326397479,0.030191429275658533,51.72898839526433,-1.0191595612765951,0.36786504974224465,-0.24970245361328125,2.0056094565443074,68610500.0,0.21265052852892236,0.20333463371316152,0.538455209330864,-0.18570668750146507,0.002920739277072495,1.0350229011479
AMGN,2017-04-28,122.88066610811427,123.7054673677905,122.22990283297061,123.58440399169922,2942200.0,0.0036808200136740853,0.011939730962484591,0.005727002512875205,-0.0020277868217776183,123.00627746582032,123.20263900756837,123.91003540078862,0.003098675379083412,-4.907575683593734,0.007291838746714137,1.606375715750551,0.007299933884769151,0.029055615807840062,49.7702914376722,-0.927659879175863,0.3674917854743813,1.2939987182617188,1.0231514888067812,71552700.0,0.2562757994164356,0.5328383599669712,0.6783252426254258,-0.2122859380754328,-0.0031334452689446533,0.9334592815840123
AMGN,2017-05-01,123.85678513852295,124.43188515353,122.92604635941713,123.03955841064453,2522000.0,-0.004418439004445774,0.012238655710118356,-0.006598158727956841,0.0022040090660794703,123.04335174560546,123.14702186584472,123.8271328302987,-0.0008726435570424056,-4.81926872253419,0.007342391831851221,1.6263739538612703,0.007361747322949908,0.028160185965453305,49.27967724403834,-0.8888639366548716,0.32503018239629844,0.3707427978515625,0.8814683683223615,69030700.0,0.29861396972560383,0.4516985179621732,0.510487783242796,-0.22668614057912298,0.0011239009378457758,0.9268929136723287
AMGN,2017-05-02,124.03083328125038,124.05353338197932,122.89578205945065,123.71302032470703,3737800.0,0.005458614371899492,0.009358362761574665,-0.0025623705665403515,0.008056554196151042,123.21284942626953,123.13188591003419,123.8162649726233,0.004719609468967684,-4.686091537475576,0.007456814824996229,1.609618563147068,0.007367301958303066,0.02772748747737953,51.38078312153925,-0.7946152941088656,0.3354230599538437,1.694976806640625,1.2908394877116764,72768500.0,0.16710359791370122,0.1882213820649721,0.7179449795155646,-0.2428869261896998,-0.0022526464908693804,0.8812256844386009
AMGN,2017-05-03,123.96274407621416,124.15948214892306,123.34224381050747,123.95516967773438,2855100.0,0.001955434245990811,0.0065930153662835875,-6.11022169300538e-05,0.0020185729105286453,123.40580825805664,123.11107635498047,123.8294939921577,0.00685635564033275,-4.565700836181634,0.007440536969089568,1.5631355018858468,0.007334993680549236,0.026849447710167108,52.71050243284331,-0.6924015625950517,0.35010943317412613,1.9295883178710938,0.9756289254447413,75623600.0,0.18612573210150046,0.22486543652855193,0.7925381002390263,-0.20765040069265958,0.0012413787872700625,0.8840183005081977
AMGN,2017-05-04,124.22755898111491,124.71942138944543,123.73570811912134,124.318359375,2543400.0,0.002925724363144831,0.007912855955223534,0.0007309198911241034,0.0021974823969722955,123.57606430053711,123.18863563537597,123.87605260004744,0.009170681482079866,-4.362226028442379,0.006828861930894932,1.5090854507706106,0.006964984840114849,0.02806468921517256,60.26019503819858,-0.5754565656146582,0.3736435441236158,1.7025604248046875,0.8842072328109927,78167000.0,0.23919411281870845,0.6410645524153944,0.9044172054067904,-0.22904234865423498,-0.0011274467942332396,0.7841660949639672
AMGN,2017-05-05,124.71187056000744,124.71187056000744,122.90335591322841,123.95516967773438,2970400.0,-0.002925724363144825,0.014590070357540626,-0.006067593075744662,0.003165350532180321,123.83334350585938,123.24765701293946,123.88358755982715,0.005740576997099743,-4.14883728027344,0.006874815123348441,1.5701614416593006,0.007074448193115911,0.028391675885186745,56.518195897292365,-0.5062474804048804,0.35428210346671485,2.5727920532226562,1.033619425252759,75196600.0,0.29859798298698165,0.5638036506961183,0.7925381002390263,-0.23741432877484608,0.00453828383808883,0.7282481418195261
AMGN,2017-05-08,123.89467107943321,123.95520855456249,122.94123182541828,123.36498260498047,2291900.0,-0.004772665612536371,0.008219323731362225,-0.004275312810775683,-0.00048806837551393416,123.82502212524415,123.23441581726074,123.8341966117465,0.0010594993845983863,-3.9875846099853476,0.006794106818943485,1.5436759914442462,0.006970262669396724,0.028261838285483332,56.86735646491365,-0.49333508633878864,0.2937555980262454,-0.08321380615234375,0.7963073630374962,72904700.0,0.5202397535224456,0.8895125285622302,0.610733379239473,-0.19284089362265622,-0.0008408244119777984,0.7499461830234799
AMGN,2017-05-09,123.47086779000303,124.15946828711395,123.21359228987517,123.50870513916016,2305500.0,0.0011643407746682647,0.007658375141841589,0.0003064475842308213,0.0008583082718181583,123.71302795410156,123.25068359375,123.80319742388113,0.0020934694874442327,-3.7759367370605474,0.006747430545014506,1.5296232635918454,0.006918614135179465,0.028324077466630224,57.45812392096681,-0.466131440553724,0.2567673950490481,-1.1199417114257812,0.7936767492818009,75210200.0,0.42179867456235887,0.9239497992950827,0.6550065197980467,-0.1899695800147219,-0.0007332553550233096,0.7428467937813295
AMGN,2017-05-10,123.53139486925933,123.70543280516667,120.84510495334038,121.4580307006836,5201000.0,-0.016742863765342206,0.023549927784315586,-0.0167841071556757,0.00018370956179654456,123.40277481079102,123.15231132507324,123.57984821214804,-0.013757603135173158,-3.6318613433837896,0.007695864284545879,1.6388037624969394,0.007444702678386178,0.031137200795221927,44.923612156488865,-0.6030925685430049,0.09584501364781384,-3.1025314331054688,1.696695668059647,70009200.0,0.0840200888956386,0.651600809743611,0.02330462160414145,-0.18437332077232907,0.004581386943967135,0.5906138772392999
AMGN,2017-05-11,120.96617720110328,121.46560244593798,119.7781515319968,121.13265228271484,3510200.0,-0.002682531819319324,0.013930603203525906,0.0013762118094779912,-0.004049575781385918,123.20300521850587,123.03994140625,123.34678193315439,-0.01550138192310832,-3.4693968200683685,0.007706773165822577,1.6252920603721839,0.007510161492582638,0.034369493302332715,48.81031304337712,-0.7294815589304733,-0.024435181391723626,-1.9976959228515625,1.1220252840863687,66499000.0,0.1327528219775224,0.636174709105016,0.0,-0.13568746319785616,-0.0018133567881076004,0.6674698778966331
AMGN,2017-05-12,121.44289120440513,121.54125443717761,120.66349046034978,121.23857879638672,2706000.0,0.0008740849311567989,0.007239972503323309,-0.0016823743736018608,0.0025611502418539456,122.9684226989746,122.98735008239746,123.14600068203366,-0.014219115094675328,-3.2518448638916055,0.007482739264160871,1.5155676076470732,0.007330498216664388,0.036449548075894594,37.056353903263314,-0.8117411137396431,-0.08535578896071472,-2.3458251953125,0.8630725510396101,69205000.0,-0.0008047124168949041,1.0333113799212132,0.03029939300889293,-0.11498645665320065,-0.0011935454280250825,0.5826112513607201
AMGN,2017-05-15,121.09381166168127,122.06176109337608,120.96424390223743,121.92457580566406,3318700.0,0.005642292561293385,0.009001607624110052,0.0068605004052876475,-0.001194068225994094,122.85692443847657,122.95013809204102,123.02967450333179,-0.008341286169269796,-3.00039901733399,0.007567333294054668,1.4772134328850757,0.00735628659187717,0.03721691955586683,33.18588940756764,-0.8122154637618593,-0.06866411118634463,-1.1149826049804688,1.0426327364121897,72523700.0,-0.032951829237940176,0.8591198459676802,0.2265230981655198,-0.08991722201854661,0.006265295401326546,0.6585665567854614
AMGN,2017-05-16,121.77217877438137,122.32094334232691,121.53590740231378,121.93985748291016,2281200.0,0.00012532928283167036,0.006437894517985258,0.0013769870114540422,-0.0012499287389409915,122.67960815429687,122.9462287902832,122.92588240614879,-0.008185458938229593,-2.727156066894537,0.007474277862616723,1.4646436014141833,0.007278110288630223,0.03733136351349263,33.59655179988519,-0.8021120376597821,-0.0468485480674139,-1.773162841796875,0.7195181764131646,74804900.0,-0.13753334510994467,1.0813056701425805,0.23089429408865525,-0.0883665993387615,0.00022031538264980115,0.6229075666383089
AMGN,2017-05-17,121.00996811721949,121.40628891001707,119.60756376716718,119.70664978027344,3073200.0,-0.018483786990537033,0.015026108793049714,-0.010770338652461716,-0.00762580328438545,122.25475616455078,122.83028221130371,122.61928882273209,-0.02543047508151711,-2.5527635955810553,0.008521630367539845,1.3820616587752284,0.007444450009893542,0.043814659040645236,30.52784501110399,-0.963202993058971,-0.1663516027732822,-4.2485198974609375,0.9583056587182054,71731700.0,-0.3118952800208655,0.4723915659217263,0.0,-0.08085149420032733,-0.01589033949371483,0.8542543457479971
AMGN,2017-05-18,119.94289584093424,121.02517771013869,119.11974942707214,120.39258575439453,2163300.0,0.005713786124796893,0.015826790920112823,0.003749200069812048,0.001973541662843655,121.86217880249023,122.71912155151367,122.40722186384279,-0.01895821749459417,-2.3812495422363327,0.008555689020096497,1.4127662122214184,0.0076045950265839915,0.04731902530155567,32.313166176537734,-1.0237186440195387,-0.18149380298707984,-3.9257736206054688,0.6735968289603356,73895000.0,-0.31592717431191714,0.4284032843346788,0.1393613126803284,-0.1223627174054554,0.002286992985829963,0.8785499414215461
AMGN,2017-05-19,120.11061464580642,120.86516868508505,119.16552934428611,119.28746795654297,2577300.0,-0.009221673746011497,0.01424826404579336,-0.006853238505945757,-0.002342096955732319,121.3954086303711,122.61437606811523,122.11010244409997,-0.027133099871780843,-2.163966369628909,0.008508128712005366,1.42660910841328,0.007562646469263142,0.05282190671848283,30.42405251735903,-1.147622426862597,-0.24431806866411043,-4.667701721191406,0.8066452066220461,71317700.0,-0.31933077916444247,0.49333086028991463,0.0,-0.040776168404313466,0.008478427328998726,0.6379752216029444
AMGN,2017-05-22,117.06190357819757,117.83170414213875,116.19302863964595,116.62747192382812,6911700.0,-0.02255142268834319,0.014050510359712297,-0.0037111275409872895,-0.018657151639400887,120.72165756225586,122.27333984375,121.58794715645503,-0.046174153148483395,-2.0916352844238304,0.008705619413586439,1.5649439651538768,0.007665691619999452,0.06822335494600272,19.379530589246144,-1.4438131376614791,-0.43240702357039407,-6.737510681152344,2.053539330015598,64406000.0,-0.9127858424079737,0.08842828562434753,0.0,-0.09414754140763429,0.004246671385957438,0.24466703548314056
AMGN,2017-05-23,116.34544092608735,117.80882001397154,115.97198444297413,117.427734375,3582000.0,0.006838263350799454,0.015642263565535202,0.0093024139175356,-0.002418220965339765,120.11356048583984,121.91329421997071,121.19173641536408,-0.03679303289826062,-2.060222167968746,0.008522777689825723,1.637772338909721,0.007797813111856563,0.07450560316580113,23.08954801371371,-1.5955790757989092,-0.46733836936625917,-6.080970764160156,1.063419210421627,67988000.0,-1.0132827760037553,0.12794251048204247,0.10087650952944986,-0.2570508420701449,0.0021411551371218955,0.13404910776983556
AMGN,2017-05-24,117.96130147969637,118.12898016164289,117.21436494018349,117.83173370361328,2667500.0,0.0034345034360383723,0.007762045017176499,-0.0010983922223458515,0.004543791188140037,119.75093078613281,121.57685279846191,120.8717361571021,-0.030804540573664305,-2.027358322143556,0.008627601751413352,1.6328367639908146,0.007799144725779747,0.07747722357270634,23.34747545296267,-1.6640729090850073,-0.4286657621218857,-3.6262969970703125,0.8100565445280566,70655500.0,-1.0314542558081812,0.08743537532835184,0.15658294128798247,-0.1884054470726386,0.003709720782608095,0.1902511344604844
AMGN,2017-05-25,118.28139597696206,118.92923476876732,117.84695264320968,118.46430969238281,2965800.0,0.005354109961573262,0.00913593409160962,0.001546428446417554,0.0038161389908751677,119.48409652709961,121.34355087280274,120.64245744617646,-0.023728011581250517,-1.8664753723144543,0.00855110780796269,1.582050079589029,0.007363450596565859,0.07987246983342472,27.927544979230916,-1.6483104727083457,-0.3303226605961793,-2.6683425903320312,0.939641543447887,73621300.0,-1.276575903250409,0.7396804308793363,0.2388330056613265,-0.11630796999684301,0.0038556721018321236,0.2800834928797278
AMGN,2017-05-26,118.59388556327912,118.99783551260492,117.97651690260194,118.14419555664062,2731600.0,-0.002705856500966751,0.0086446786927703,-0.0037918481589722954,0.0010937966990461024,119.174658203125,121.0715404510498,120.40452774241115,-0.024178637551842526,-1.7755823516845766,0.008450337838363032,1.5825744996503701,0.007277606125126607,0.0813809680065568,28.547396748027623,-1.642712990960078,-0.2597801430783291,-3.0943832397460938,0.8683379002981773,70889700.0,-1.213611876078411,0.695215225181666,0.1972104832465451,-0.1087672071326601,0.0009962824829283926,0.3401906135489679
AMGN,2017-05-30,118.14415769716197,118.4185398040433,117.0390117440991,117.26004791259766,2716700.0,-0.0075117745413109316,0.011764689546881884,-0.0074833136212333765,-3.204514489616623e-07,118.70820541381836,120.78256492614746,120.1050534729051,-0.029164118312139223,-1.858012924194341,0.00852005196039067,1.6135496469864716,0.007264048317402329,0.08469473917556264,25.796562326015177,-1.6901374199874226,-0.24576365768453878,-4.664527893066406,0.8609371211989169,68173000.0,-1.1367419309708338,0.4645287411941758,0.08225006437334405,-0.09493039545194838,-0.0013027437126229206,0.36247017239380747
AMGN,2017-05-31,117.122911644661,118.41860107485324,117.122911644661,118.31952667236328,3891300.0,0.008994717854569276,0.010950765834113868,0.010216745903079043,-0.001169505474182235,118.34617233276367,120.51289024353028,119.93500330142493,-0.018200240378723705,-1.9327973175048783,0.008727286184352943,1.501789759726897,0.007305048324000607,0.08351543164882963,36.8322834242401,-1.6235156622356612,-0.14331351994622188,-3.620330810546875,1.2301821894985758,72064300.0,-1.0376685985876362,0.36224872385840357,0.22000773734860174,-0.16140450856619118,-0.0009124795766847012,0.3763444344613345
AMGN,2017-06-01,118.44142462895205,119.48560729986772,118.31948605007416,119.08165740966797,3005300.0,0.006420636514172283,0.00979261857081683,0.005405480242420352,0.0010302437815383897,118.28367309570312,120.26921463012695,119.85373226411474,-0.009874157939013481,-2.03299591064453,0.008895406882561725,1.4645519265734959,0.007369656593148651,0.07977089250963555,41.69918099705673,-1.4920207714230997,-0.00945490330692822,-0.6249923706054688,0.9478348629640142,75069600.0,-1.016474993814799,0.2575320182798635,0.319103029166662,-0.09856337497321946,0.006475703872173532,0.44709266777827095
AMGN,2017-06-02,119.86668637802613,121.65778199654005,119.66089686592227,121.299560546875,3320800.0,0.018453738575629555,0.0164624267525364,0.011953898219309936,0.00659235843231073,118.37437057495117,120.1182746887207,119.99143019580619,0.0098343558564717,-2.075735473632818,0.009976630881275383,1.5858633987195137,0.007623686200564555,0.07387723459724929,50.210773970034396,-1.1950678771184045,0.22999839279821366,0.9069747924804688,1.034655732699396,78390400.0,-0.47606844614933197,0.3009841371615764,0.6375929757993017,0.02453492314572456,0.004106289868101603,0.5832816691377223
AMGN,2017-06-05,122.16847352486252,122.8010773115617,120.62889535608213,122.11512756347656,4611100.0,0.006701075229356118,0.017787984165601865,-0.0004366589828520798,0.007163364599756629,118.65713653564453,120.02627258300781,120.19368708796526,0.017403314587013788,-2.0971873474121168,0.010120146522039148,1.6626251676010082,0.007747027247764611,0.0694899706310776,50.6527659441009,-0.8837339913431919,0.43306582285874096,2.8276596069335938,1.4008667504150711,83001500.0,-0.5869065192645815,0.2340472873530369,0.7974814193837543,0.09867453127729889,-0.0014233893311576392,0.556750103345227
AMGN,2017-06-06,122.04648739990516,122.64859757727372,121.36815544472822,121.58917999267578,3002500.0,-0.004316283061398725,0.010530888789797192,-0.00374699360032327,-0.0005620938612681072,119.1533073425293,119.93748245239257,120.32659117412817,0.013771320745696208,-2.109449157714849,0.01011105334538119,1.6980113242104633,0.007796537654642324,0.06570558208423309,48.83930699829901,-0.6716963202003399,0.5160827952012745,4.961708068847656,0.902428064986843,79999000.0,-0.5948445060017286,0.2534898143142025,0.7210492518378848,0.0867705947708286,-0.001280474406771982,0.5559343798085569
AMGN,2017-06-07,121.81025372687564,123.50989290177775,121.75689613999651,123.212646484375,3571500.0,0.013263710617083637,0.014227409375575229,0.011512928629504522,0.001818202361535617,119.7317985534668,119.92267951965331,120.60145358462788,0.027434068167085233,-2.0927542877197283,0.010584009446428072,1.6686126951646767,0.007963441181196544,0.06480235982829317,62.09244336099497,-0.36840798227252947,0.6554969065032679,5.784912109375,1.0534046516155007,83570500.0,-0.5748950425400641,-0.02124122423877662,0.9999999984814374,0.07863487415505249,0.0009168879196565324,0.5586357558679321
AMGN,2017-06-08,123.45654007852069,124.36352605194993,123.02210835777583,123.96719360351562,3555100.0,0.006105267020465098,0.010820747450848609,0.004136301929975931,0.001979452605756812,120.34534454345703,120.04813766479492,120.92200025309337,0.032645703756469,-1.9539157104492233,0.009913919920823237,1.628326224529501,0.0074611146226732095,0.07064192917093423,62.27101084963205,-0.06639873955124642,0.7660049193796408,6.135459899902344,1.0746522214900216,87125600.0,-0.7977145215406041,0.825824186913263,0.9999999986375505,0.08376589943885038,0.001527580046760685,0.7016351951762535
AMGN,2017-06-09,124.04344989311593,126.62721161002868,123.95199300644148,125.0418930053711,4086800.0,0.008631862309808459,0.021394578563140313,0.00804914014496924,0.0006151328217060354,121.00310287475585,120.24359970092773,121.31437099140554,0.039904770951449994,-1.7915391540527423,0.010012333560543327,1.6980104575858053,0.0077692539916119135,0.07945753522540558,69.79528741122559,0.2567058757151841,0.8712876277168571,6.577583312988281,1.224703848101721,91212400.0,-0.9348981178785011,0.9146009334404612,0.999999998811564,0.10067295164792896,0.0005615469934982859,0.6796573832618105
AMGN,2017-06-12,125.75828118741657,127.457920155602,124.44734544707788,125.66682434082031,4344500.0,0.004985328283551938,0.02395679786066014,-0.000727243134469701,0.005729185354021357,121.75536575317383,120.46501197814942,121.72889035801646,0.04318110526245102,-1.5957329559326183,0.010038219697252366,1.6920201284163119,0.008349730541560654,0.0887844570309961,86.1580717420363,0.5567771665641459,0.9370871348526552,7.5226287841796875,1.2707322102609175,95556900.0,-0.9939345757864274,0.9671346613907424,0.9999999988937259,0.11331944364690677,0.0009554462077460305,0.6816972386448927
AMGN,2017-06-13,125.35433828011247,125.82688085368277,124.82082059546644,125.32384490966797,2568200.0,-0.0027330071325919456,0.00802768426823706,-0.00024325740028529342,-0.002486623357811196,122.56174545288086,120.63497543334961,122.07126698198327,0.03886824247673464,-1.449208374023442,0.010045657750137143,1.6326790346462343,0.008331205448593771,0.09523593541844604,82.78438172542008,0.7581705347833605,0.9107844024574958,8.063796997070312,0.7595146346007683,92988700.0,-0.8612047028542049,0.76339632414256,0.9620570783225376,0.10848169687898948,0.00399632297247657,0.6356994052170108
AMGN,2017-06-14,125.2705073397805,126.42901126812511,124.97326092202654,125.83451843261719,2594800.0,0.0040665516361644265,0.011568767967893521,0.0045023454028719195,-0.0004255979372953334,123.31324462890625,120.82970848083497,122.42967188204365,0.041420359402555736,-1.2908509063720714,0.01005759745359609,1.6713315435490321,0.00843090437182343,0.10226478573403666,82.93554130047758,0.9480547306914247,0.880534878692448,7.514991760253906,0.7638392134351865,95583500.0,-0.9224014402736093,0.8296436872724137,0.9999999989138753,0.09954356960707994,-0.0014457832163835276,0.609634019760016
AMGN,2017-06-15,125.17901915756495,125.68204337955599,123.8909477930159,125.0799331665039,3585000.0,-0.006014699720676703,0.014319607799564654,-0.0007915543014147132,-0.00520921670156228,123.91307220458984,121.09837265014649,122.6820777186589,0.03287872850166333,-1.0363581848144463,0.009104587118535595,1.731765084580979,0.008412939451914089,0.10627197582840148,76.95595704321107,1.025825521291921,0.7666445354343554,5.9982757568359375,1.0474370661243952,91998500.0,-0.8896234757634921,1.6011756497459204,0.9180426345654515,0.1441819559834377,-0.001419544095863798,-0.3734611620411158
AMGN,2017-06-16,124.87419822258312,125.07237029129767,122.80871959888353,123.79191589355469,5887200.0,-0.01035093987408259,0.018285933100515205,-0.00866698120535122,-0.0016448277410487423,124.16230773925781,121.26833915710449,122.7877765924585,0.020809856504927254,-0.8868865203857439,0.009478663109838515,1.8210432958393648,0.008500113678613148,0.10777726267407874,71.32973966041058,0.9723189164127035,0.5705103444441104,2.4923553466796875,1.6313297781694092,86111300.0,-0.6440429710635329,0.7281083627680851,0.7781479060745368,0.22961612290622374,-0.00024043134084435742,-0.22228899637026958
AMGN,2017-06-19,124.3101827469258,125.92598268915823,123.99768962456885,125.82689666748047,3043900.0,0.016305068011817064,0.015324967202244792,0.012201043285749438,0.004186596916528541,124.5334846496582,121.59531059265137,123.07721659960345,0.03480056964536289,-0.6209581756591689,0.00969710157773446,1.8749389198150317,0.008539866408447836,0.11131863755868789,79.76686456916178,1.0816518784140783,0.5438746451563881,3.7117691040039062,0.8380401220759519,89155200.0,-0.7512119436893601,1.0127381417069785,0.99917218022944,-0.06522638876552987,0.008274703062032894,0.887215886827088
AMGN,2017-06-20,126.0860176819988,128.5783215855949,125.59822841806628,126.74148559570312,3857900.0,0.007242339026381255,0.02351316266747027,0.005198577334383594,0.0020593451907432855,125.04871520996093,122.10101127624512,123.42619459923199,0.03800520790904225,-0.1774910736083939,0.007738670141737826,1.995253472481915,0.008905575003710002,0.1100108556955954,79.5610680174793,1.2279437502857462,0.5521332136224448,5.152305603027344,1.1087592237334656,93013100.0,-0.13570993149912838,-0.3702747904252061,0.9999999989453076,0.024178198836864107,-0.005897762566255252,0.9065070229330625
AMGN,2017-06-21,127.43506497923107,130.9105649540571,126.79484374803963,130.59808349609375,5490800.0,0.029975076698267447,0.03151440737750621,0.02482062937212906,0.0054723943014240726,125.78725891113281,122.7595287322998,124.10923163702834,0.06385292322918078,0.33273170471190383,0.009709396973246798,2.20975048023623,0.009657010710019346,0.11959267512523206,83.2086736559393,1.6362150636034158,0.7683236215520914,7.38543701171875,1.5359246303758272,98503900.0,0.6769014718012524,1.0614640274152696,0.9999999992502644,0.0800534524902056,-0.0011656357208154544,0.5925622912900452
AMGN,2017-06-22,131.42885149454875,133.72298345602775,131.16971598324824,132.48065185546875,5745800.0,0.014312068905581524,0.019272757470766566,0.008002811779600945,0.006361257196242476,126.63860473632812,123.49197463989258,124.90650975307028,0.07278754139115119,0.884074096679683,0.009902585452225759,2.248948721169224,0.009943373305622775,0.13197763912791655,82.87753593016411,2.087615818504972,0.9757795011629178,8.513458251953125,1.540912296886691,104249700.0,0.4980903466523435,0.601234770096883,0.9999999993429958,0.18449686415329059,0.00031332935665691087,0.6185339702703195
AMGN,2017-06-23,132.0386052574139,132.71693748070496,130.30085503078485,131.47459411621094,14368500.0,-0.007622978716469631,0.01837680097939322,-0.004271562397250476,-0.0033366879756683257,127.28187484741211,124.14248886108399,125.53204159717892,0.05906201271130956,1.3726974487304773,0.010354621673006159,2.2663701850578337,0.01017107620593726,0.13738366904784866,77.21623118235676,2.33723156672346,0.9803161995051248,6.432701110839844,3.342316115623179,89881200.0,0.5145317174452673,0.2607861612129511,0.933901588112209,0.11324764667976862,0.0011142366162817294,0.6294720142582368
AMGN,2017-06-26,132.1529411362659,133.16663082026847,131.40601618009111,132.36634826660156,3037600.0,0.00675981171128251,0.013301074353364075,0.001614849646937625,0.005159529296248396,127.95182723999024,124.85359649658203,126.18292794664775,0.06017248986676328,1.882286224365231,0.010185903942332812,2.3006682213172516,0.010261839475989099,0.14079574529663272,80.68591548010738,2.5773014262793765,0.9763088472488328,6.69952392578125,0.7040828507289191,92918800.0,0.413482505700051,0.37876869873892943,0.9924902060903026,0.04894920186314157,0.0005486137120725998,0.6419003951906413
AMGN,2017-06-27,131.87093677447226,132.55688657963935,130.1560506317386,130.21702575683594,2941500.0,-0.0163709566194226,0.018437189253454625,-0.012541891777601176,-0.003742729920534555,128.44114532470704,125.50144538879394,126.56712773809426,0.03757391282174869,2.379170913696285,0.01094428549658023,2.334962724088594,0.010433300470889698,0.1327614966988502,69.36376659489886,2.564563464454082,0.7708567083388305,4.893180847167969,0.6800362038652135,89977300.0,0.09596614449310155,0.4285427271522063,0.8401521010678664,0.05982813985378507,-0.00687344392693037,1.0797497834295486
AMGN,2017-06-28,130.65144208387832,133.02941353242227,130.2017636729986,132.67120361328125,2890500.0,0.01867142671479377,0.02131321479275859,0.015459159862209857,0.0033360946813022993,129.12481384277345,126.21902923583984,127.14846829763587,0.05111887182546415,2.8836915588378815,0.011333022024261941,2.4411221644635637,0.010723588872968714,0.1298929600866497,71.9954484144642,2.721132657105642,0.7419407207923121,6.8366851806640625,0.6760668137851672,92867800.0,0.039606642121146556,0.033787187062197695,0.9999999992641402,-0.07584687465345463,0.008520055919287601,1.2332288237820788
AMGN,2017-06-29,132.9912844132191,133.16658056917097,130.3465488711893,131.54315185546875,2491800.0,-0.008538965341430251,0.0214380730445029,-0.010888928279321133,0.00241258684040309,129.77113571166993,126.84210395812988,127.56700958885806,0.03706220372133425,3.3164148712158266,0.011772709718867128,2.451465956920312,0.011023733152963705,0.12295427159803826,66.38480988318992,2.722803734404806,0.5948894384731811,6.463218688964844,0.5863348541927954,90376000.0,0.1422920583257805,-0.30196862722778983,0.9008013388889272,-0.15307596518141328,-0.009609552729371125,1.379997712215241
AMGN,2017-06-30,132.32056849473727,132.80835769338276,131.10108968321762,131.26876831054688,2695500.0,-0.0020880608797438807,0.013005896468276419,-0.007948878969880113,0.005909974242693372,130.51882095336913,127.34056434631347,127.9195580385427,0.030848017553544996,3.6418158721923817,0.0114218150346108,2.358372621323242,0.01093627168391411,0.11901200788700692,64.37225868178709,2.6711957345809907,0.4346251509194925,7.4768524169921875,0.638967411595285,87680500.0,0.34652198947983687,0.06906014013684277,0.8734495287610433,-0.1323669043686062,0.0028843202409997827,1.1986270056106552
AMGN,2017-07-03,131.57370978905598,132.8693994072202,131.57370978905598,131.70327758789062,1395100.0,0.0033046073112309353,0.009837945128583004,0.0009847544698889368,0.0023230314600628933,131.10645904541016,127.81997184753418,128.27991228133774,0.030381056138774,3.9148053741455016,0.011404758124461404,2.4008419669273127,0.010751271401888283,0.11573472814146155,66.29046241366882,2.6349828481871214,0.3187298116204986,5.876380920410156,0.3438133436839608,89075600.0,0.39717291952851347,0.11799207813999771,0.9126580065469737,-0.1224637388986455,0.0025628925151011932,1.1941374495053878
AMGN,2017-07-05,131.60417467313056,132.90749328464648,131.03254594751795,132.81602478027344,2830000.0,0.008413403076924666,0.01411687588324063,0.009208295330697449,-0.0007524711349262504,131.7139129638672,128.38131408691407,128.7119229955221,0.03454327232043339,4.288791046142592,0.01128070803695217,2.4307846091437386,0.010827917753480678,0.11066792794830368,67.2960753627133,2.6653487918784435,0.27927660424945655,6.0745391845703125,0.6989207478205033,91905600.0,0.24780780308778178,0.16823484410180323,0.9999999989586997,-0.09478341752679731,0.0014392964490614957,1.174687995993352
AMGN,2017-07-06,131.93189687148964,132.32060016616583,130.56760331619944,130.88009643554688,2566400.0,-0.014683288610296238,0.013393914718191496,-0.007972298290892379,-0.006656786409971755,131.7421142578125,128.76468658447266,128.91841570409588,0.01642849376786593,4.54713455200195,0.011840097870312045,2.452559668034646,0.0108058468904271,0.10481200072336976,63.57481891349166,2.504332397847847,0.0946081681750881,0.282012939453125,0.6417853155098535,89339200.0,0.3407890044407928,0.06204372394531449,0.7854715211348475,-0.1311416926471361,-0.008631726688896354,1.321892683516869
AMGN,2017-07-07,130.81907292048052,131.11631924286914,130.01879078180022,130.6590118408203,2612900.0,-0.0016906431228860025,0.008399944600882328,-0.0012235301480656743,-0.00046625511997849367,131.55995025634766,129.0992774963379,129.0841867647363,0.012081665945238665,4.759756469726568,0.011863573512235881,2.368725017566685,0.010766596816156661,0.09916630049416286,66.91673532967263,2.332004173910093,-0.06217604461013293,-1.8216400146484375,0.6612032436385537,86726300.0,0.44377539465962085,0.09849041313723175,0.7609721941368155,-0.0997801381249948,0.006516793514448131,1.136196354703851
AMGN,2017-07-10,130.78100083754782,131.512690571972,130.33132245765043,131.2459259033203,2070600.0,0.00448189369790659,0.00900117932187703,0.003554989354684679,0.0009336439561943615,131.5370834350586,129.40947914123535,129.29006668269668,0.01419097560914138,4.907646560668951,0.011789466079478754,2.3006751117608295,0.010448226475883133,0.0953625077827284,64.37508474884994,2.2172329929171326,-0.1415577804824748,-0.228668212890625,0.5376889967994702,88796900.0,0.5038669509748324,0.22763114362016448,0.8260106449375818,-0.10964175661451592,0.001133665377315244,1.1327706406998466
AMGN,2017-07-11,132.7550198924357,132.95319191597014,131.14684926952825,132.0995635986328,2198000.0,0.006483047701210087,0.013674100029052526,-0.004937337166865559,0.011498215877779272,131.51040496826172,129.731116104126,129.55763781754774,0.018256587668650282,5.058980331420912,0.011811123369408394,2.216835788826064,0.010111178260474153,0.0927720943525349,64.25951027919885,2.1701413938402823,-0.1509195036474602,-0.26678466796875,0.587135377711294,90994900.0,0.48158025393268783,0.18538723467354215,0.9206058792241373,-0.10148829895695129,-6.513156042743974e-05,1.1284211481451054
AMGN,2017-07-12,132.39683502913545,132.80078505064338,131.6041700447991,132.0614776611328,1976900.0,-0.0002883539342688339,0.00906104510593748,-0.0025329711841588485,0.0022503589141736544,131.6948501586914,130.06799774169923,129.79609875503203,0.015326444275650454,5.215423583984389,0.01176606130602157,2.0045169065039437,0.010126758155437447,0.08804888861164854,54.88800976123903,2.1054771158588323,-0.17246702530312819,1.844451904296875,0.5322782364732697,89018000.0,0.45705073121894585,0.2157507805512097,0.9163854140307431,-0.10335571631921282,0.006685629653480142,1.0688144726235194
AMGN,2017-07-13,132.0690894185785,134.2946290191859,131.92427495874122,133.41050720214844,2999900.0,0.010163340993255093,0.017767371627281366,0.010156939746275233,5.76379848271798e-05,131.76878051757814,130.4467971801758,130.14032813094786,0.02271968408606543,5.400273284912117,0.01188369985166485,1.9506207708261343,0.010288412717654464,0.08503872638508621,53.220683320349615,2.1384350709588205,-0.11160725616251188,0.7393035888671875,0.8033387872928991,92017900.0,0.3722470743804559,0.027862877924750274,0.9999999989603466,-0.10743943372623284,0.0011203560495818923,1.0903356215197233
AMGN,2017-07-14,133.70771734089953,135.42260291678292,132.9303109199638,135.00341796875,2720600.0,0.011869201391415346,0.018460954798907567,0.009690544821335651,0.0022277865888085855,132.11480712890625,130.94297142028807,130.6034795440719,0.03100927452936055,5.6754825592040845,0.011846230727409595,1.9560643098903492,0.01040953518099746,0.08087128574740189,61.74509937360147,2.266957004957419,0.01353174226886944,3.46026611328125,0.7370762407648731,94738500.0,0.1736795552470013,-0.039485308994136825,0.9999999991080588,-0.14012821624833577,0.005471202366821078,1.0924513071818394
AMGN,2017-07-17,134.78241430777177,136.35248584229538,134.66046406843802,135.209228515625,2692400.0,0.001523323126075311,0.012514099758078495,0.0031666906253705208,-0.0016370227087834427,132.50885314941405,131.5138370513916,131.04212230326743,0.028098879533028632,6.028530807495102,0.011387038595831527,1.9511648194389213,0.01025447911734012,0.06754663146779591,59.914768887238004,2.3582344953912866,0.08384738616218934,3.940460205078125,0.7624322847199214,97430900.0,0.1349591040320078,0.32929106334420666,0.9999999989341668,-0.08408071481551853,-0.001834764095697621,1.0688561401757803
AMGN,2017-07-18,134.64522801692297,135.38453534643074,134.24889555692147,135.27020263671875,1820100.0,0.0004508595856391103,0.008395343300838697,0.004641639581294547,-0.004171316594982658,132.86554565429688,131.98600234985352,131.444796620739,0.024882943860666702,6.274395446777348,0.01105997177870516,1.8607936652681007,0.010106416881325762,0.05859288626123523,70.62816665234004,2.4077377639906103,0.10668052380921011,3.566925048828125,0.5245033341594287,99251000.0,0.3119378769903035,0.7785382268216982,0.9999999988274906,-0.10182798165555437,0.00016456393134471075,1.003604623767869
AMGN,2017-07-19,135.7427524433271,136.58113413792884,134.53852004544495,136.56588745117188,2440700.0,0.00953291100002778,0.01495698618891346,0.006063933381551473,0.0034933769403556994,133.24053192138672,132.47722244262695,131.9325195569707,0.030863154685445152,6.501597442626959,0.011111329702761848,1.8047196819152589,0.009814144330564961,0.05350555678861296,67.5598325761099,2.522443241522069,0.17710880107253502,3.7498626708984375,0.7180049892918501,101691700.0,0.2797545322126926,0.6889461845655843,0.9999999984249145,-0.18498613822244817,0.004661393882739784,1.163137021819992
AMGN,2017-07-20,136.4667721403482,137.74721432842804,136.33720441630282,136.6725616455078,3039300.0,0.0007808139748141414,0.010316700697996782,0.0015079825068915528,-0.0007257691702776145,133.8197784423828,132.78094635009765,132.3839521368314,0.029308537123611936,6.542044219970691,0.009181595385479635,1.704003840068369,0.008934461451180273,0.05859741829402089,75.4728790723826,2.592076035814017,0.19739327629158643,5.7924652099609375,0.9275476431354058,104731000.0,-0.3900698039425213,-0.10900384157695887,0.9999999984509419,-0.46275212640876623,-0.0018293160566770488,1.2856219910241682
AMGN,2017-07-21,136.62686463044517,137.6100724193556,136.55065445513904,137.35093688964844,2674700.0,0.004951229610687736,0.007713219787264472,0.005299633137024503,-0.00033435398087561355,134.4889709472656,133.02446060180665,132.85699830376635,0.032523915287975436,6.467700347900404,0.008759614004937225,1.6577288367863272,0.00861390968861181,0.06598671785838167,79.03913206288055,2.671207719925036,0.22121996832208435,6.691925048828125,0.856410995309223,107405700.0,-0.42167815385191665,0.20256615444540463,0.9999999985982444,-0.41910358412688214,-0.0009276810518466595,1.278352474923751
AMGN,2017-07-24,137.33566339746304,138.30362431045958,136.16954211157,137.99874877929688,2503100.0,0.004705384597203361,0.015464503973892192,0.0048282096975408575,-0.00011120049510599026,135.16425323486328,133.35066833496094,133.34668882524545,0.034856071607084184,6.456586151123048,0.008489941134981041,1.6958324869446326,0.008513116909516885,0.07273368996932988,79.45754366724928,2.7544416662526032,0.24356313171972133,6.7528228759765625,0.9894145176846333,109908800.0,-0.6226772396341363,0.7715115009515929,0.9999999987149376,-0.39690395767127523,-0.0025524653442755892,1.246291567835208
AMGN,2017-07-25,138.75332338804338,139.1725200374566,137.45000501074304,137.86920166015625,3343200.0,-0.0009391966588141146,0.012493834779427414,-0.0063718958674205016,0.005467981524624616,135.74121704101563,133.62581100463868,133.77740433333219,0.03175577101171171,6.399116363525394,0.00845846895101153,1.6849444647721339,0.00848974683551393,0.07819351597240037,76.04067555645022,2.7779295558228227,0.2136408170319526,5.7696380615234375,1.3135519967310503,106565600.0,-0.4889997355996672,0.7055266434753952,0.9833523849923432,-0.396718448410982,0.0048500499020691385,1.1695751096370426
AMGN,2017-07-26,134.14980647120433,136.3219999781675,133.5324493942272,134.058349609375,5446100.0,-0.028030271622198115,0.020808480725509525,-0.0006817517239501964,-0.02697770890209495,135.94090423583984,133.81787719726563,133.80416102628865,0.0017970126050862434,6.348507080078136,0.010001325731078217,1.8341109506189233,0.00858836018872414,0.07432601506277031,63.72611817549187,2.460674837836052,-0.08289112076385452,1.9968719482421875,2.039439931994952,101119500.0,-1.2802727027619294,3.0616722018423568,0.4631416346958122,-0.028292572458454634,0.0005967951274094302,1.0209569212095417
AMGN,2017-07-27,133.38004925003693,133.74588841448818,129.97314077595058,131.20785522460938,5523200.0,-0.021492403161884686,0.028753976902367487,-0.016285749162946547,-0.005059739742541422,135.72063903808595,133.74470977783204,133.5568938070811,-0.018967887084556274,6.089979705810563,0.010355548408637,2.047516691501459,0.008955478721935113,0.07605368870663246,51.93162180188752,1.9566817051547218,-0.46950740275614766,-2.2026519775390625,1.9711458677206664,95596300.0,-1.3953852409314995,1.6764641242247038,0.07477698283219544,0.42298872234290963,-0.001815162213845962,0.9353938006061429
AMGN,2017-07-28,131.0782315428024,133.42572080430256,130.87245364230657,133.02938842773438,2463500.0,0.013787322577994589,0.019193256408774687,0.014885437970643076,-0.0009879262303699602,135.5232360839844,133.81902160644532,133.5066551995243,-0.0059007543862726235,5.897836761474622,0.01065095028859593,2.1455094806210604,0.008869676788506862,0.07462362362012372,55.774929864452375,1.684824415637678,-0.5930917538185536,-1.974029541015625,0.8796297949375315,98059800.0,-1.4652498319584566,2.0086075238364636,0.32295116344817487,0.21124342290745446,-0.001749881369164814,0.8253764159962721
AMGN,2017-07-31,133.0065460205078,134.7442961328853,132.8083856146452,133.0065460205078,2424800.0,-0.00017172422462456436,0.014555001811276275,0.0,-0.00017170948086385582,135.30296783447267,133.90591049194336,133.45902575390366,-0.006716391144584006,5.7324464416503815,0.01063397766354566,2.154764328606646,0.00891229200673893,0.07266309880139145,53.10384513358439,1.4508083481673566,-0.6616862570311,-2.2026824951171875,0.8700160562596988,95635000.0,-1.5013430068003508,2.109912851746391,0.3198390073331926,0.20031017309964136,-3.607782511801304e-05,0.8605555529200085
AMGN,2017-08-01,133.23520526985882,133.46385905820486,132.3587126493162,132.71693420410156,2069600.0,-0.002179799322485608,0.008327094168624214,-0.0038898958027462683,0.0017191578624690786,135.04764099121093,133.95659332275392,133.38835036820822,-0.009254185164783421,5.514539947509775,0.010634207922283201,2.14823085739553,0.008885044107176167,0.07149953181268671,52.205119886325136,1.2278260609696758,-0.7077348353830246,-2.5532684326171875,0.7336925694838343,93565400.0,-1.4172473724058963,1.9233948872103126,0.2803809424952747,0.19426602370228055,0.001191031781452814,0.8467520925941534
AMGN,2017-08-02,132.29005193155606,133.06745813017548,132.01566985268778,132.9683837890625,2209200.0,0.0018928382037476884,0.007910062884995513,0.005127610486216979,-0.003216486841754558,134.687890625,133.96421127319337,133.34835355114672,-0.00743353373760458,5.195339660644549,0.010474117336749918,2.0540475871843182,0.008742965088770253,0.07138857154376607,48.39398054485492,1.0591911753732575,-0.7010957767835544,-3.597503662109375,0.7918960770818995,95774600.0,-1.4049119596703448,2.0151430313252994,0.31463960690328574,0.269084003281716,0.0004177506171768042,0.8225090974842431
AMGN,2017-08-03,132.252026215492,133.15901232776895,132.05385414603006,132.7550506591797,1725900.0,-0.0016056782960107551,0.008324791985324495,0.0038035292016475298,-0.005387427846809822,134.2961395263672,134.057958984375,133.29184851381652,-0.009718992703351371,4.982541046142586,0.00990291039221247,1.9549666003928732,0.008630437390770344,0.06858408096622814,40.92301854341025,0.8979812440991282,-0.6898445664461472,-3.917510986328125,0.6281173402820869,94048700.0,-1.6905287671782327,3.574258500062327,0.28557410613938,0.2620941779584528,-0.0016537529305788877,0.418979478148358
AMGN,2017-08-04,132.8236048351163,133.2428014048861,131.77942217408747,132.5034942626953,1915600.0,-0.0018966889226620781,0.01104408030098745,-0.0024100427993831632,0.0005163959909337835,133.81139526367187,134.15018310546876,133.21676715656687,-0.012274965301231218,4.781329956054691,0.00990569242557595,1.9386349901743927,0.00868387025965072,0.06528265391206549,39.11676145046835,0.7413765854713574,-0.6771593800591345,-4.847442626953125,0.7061156634855338,92133100.0,-1.6858858538506627,3.557715985637146,0.19079065600780912,0.27140031156530847,0.002632929349096794,0.5679497811393235
AMGN,2017-08-07,132.51874391017043,133.11323670010935,132.05381886882708,133.0598907470703,1193800.0,0.0041903163607431085,0.00796196228130152,0.004083549397862596,0.00011508864396347757,133.31750946044923,134.24088134765626,133.20182654613862,-0.00879754802508649,4.580116577148431,0.009900082141263936,1.9331905645867502,0.008665603322610597,0.06252819097214332,41.450239573901975,0.654616796576704,-0.6111353351630302,-4.9388580322265625,0.44727859934133374,93326900.0,-1.6845091639401177,3.5610775712518756,0.2727233912325592,0.255990214115044,0.0017311119778817264,0.5790595509910476
AMGN,2017-08-08,132.58733554505216,133.30376685788087,131.84039923516886,132.3815460205078,2325200.0,-0.0051110799544351986,0.011054166284516095,-0.001552105438263503,-0.0035514473923357053,132.76874389648438,134.25498046875,133.12370459131662,-0.013954301298179884,4.3094686889648415,0.00988406125688546,1.891815816745902,0.008597407858769206,0.06209719770668898,33.002673952577936,0.525069612884181,-0.5925460150844428,-5.4876556396484375,0.8691069339423411,91001700.0,-1.5204875187029987,3.1382536044426677,0.17283304247346834,0.24660173413505415,-0.0023781706977270014,0.6941124727368856
AMGN,2017-08-09,131.93186652397026,132.7550013551419,131.58888010953476,132.27484130859375,1972200.0,-0.0008063641975373856,0.008815896009178446,0.002599635657858136,-0.0033968442736564946,132.59039306640625,134.26564865112306,133.04286046915254,-0.014827376641230386,4.01984100341798,0.009885956904188722,1.8743951977088966,0.00859312090005587,0.06175552536708312,32.135946040093074,0.4090767755605782,-0.5668310819264366,-1.78350830078125,0.7372283101353005,89029500.0,-1.510932923981685,3.113533941424706,0.15712013063092015,0.257461721484612,0.000266853309809619,0.9463452528779845
AMGN,2017-08-10,131.14685613072402,131.60415205473035,128.49449092626762,128.8908233642578,3443800.0,-0.02591617356906471,0.024126319060547335,-0.01720233967497815,-0.008527586702887604,132.3586898803711,134.0396644592285,132.6474283639245,-0.03841281695043962,3.582430877685539,0.011126355084886443,2.0687475132881525,0.00885633175016641,0.0714037703138407,21.826847833819443,0.043587203459054535,-0.7458565232223683,-2.3170318603515625,1.276734572821473,85585700.0,-1.2839099672109204,1.3834342763066558,0.0,0.17656246325893382,-0.014593502479814946,1.4047334660465771
AMGN,2017-08-11,129.43194732927057,130.049304276739,128.62403590994114,129.1346893310547,1571600.0,0.0018902474942208013,0.011037068150944265,-0.0022966354470405127,0.004198312578727891,131.96921997070314,133.74622802734376,132.31288178936546,-0.03447976637775734,3.087933807373048,0.010698459168128983,2.0181179538530296,0.00862567409689095,0.07828601485337698,19.665551629892732,-0.2238080503057347,-0.810601421589726,-3.8946990966796875,0.5953255805144134,87157300.0,-1.4056021019629201,1.687293012955727,0.026775138729885798,0.08711747634940845,8.39165852267301e-05,1.2986707949431644
AMGN,2017-08-14,129.78251665517644,131.15442720085898,129.54624543366086,130.84193420410156,1915800.0,0.013134022526859744,0.012291027161746942,0.008163022079005664,0.005016679309623413,131.7527587890625,133.5278633117676,132.17279154314986,-0.020115120852303194,2.678721618652361,0.011217804733500656,2.0393481569309393,0.008621799558964992,0.08000634059203739,28.295157095822177,-0.2945647629518362,-0.7050865073886621,-2.16461181640625,0.7365430380574148,89073100.0,-1.2444255519482676,1.3375092606819161,0.2142212138101012,0.10718912761592957,0.011300816334221427,1.3184034604539692
AMGN,2017-08-15,131.28705419387236,131.55560630000835,130.2588474794479,130.47369384765625,1956300.0,-0.0028183588018796902,0.009938852670750457,-0.006195282171652818,0.0034019673622101565,131.52843475341797,133.28803787231445,132.0109727150076,-0.02111475320354139,2.2717248535156216,0.011210450677543032,1.82220576797604,0.008650169481927646,0.08165658748107053,35.9377132472483,-0.37601936952259507,-0.6292328911675368,-2.2432403564453125,0.7501495467582864,87116800.0,-1.1987521041995592,1.2622389572994854,0.1737904527684084,0.08732977612181718,-0.0005026502343300103,1.3182536072219113
AMGN,2017-08-16,130.64247087476218,132.4686762583888,130.55039722793933,131.50953674316406,1618800.0,0.007907745018493954,0.014586615373726361,0.006636937150653526,0.0012935713102673373,131.38255004882814,133.03522033691405,131.96321690816535,-0.011468268251716861,1.8205001831054517,0.011129007919751,1.6729038806409062,0.008635275494337449,0.07919355091891131,51.37993754650161,-0.3529206181113693,-0.48490731180504887,-1.4588470458984375,0.6306722222546882,88735600.0,-1.2237712303171988,1.3233668985176472,0.2875202921300839,0.06978113077220836,0.0015607610590864863,1.2891615578710973
AMGN,2017-08-17,130.97241914251163,131.21028386567392,128.7548890823514,128.76255798339844,2630600.0,-0.021109299227391364,0.019069167479874714,-0.016872721551463667,-0.0040842482906879845,130.98330078125,132.63972015380858,131.65839224866374,-0.029230777672888637,1.3140017700195301,0.01189065170063283,1.6872882019849536,0.008893502819295592,0.07999921621056483,32.006259788963774,-0.549933627122499,-0.5455362566529428,-3.99249267578125,1.0330865749013294,86105000.0,-0.9403169812724502,0.17737356148793143,0.0,-0.0185357347502542,-0.015922821354531724,1.2669515978800963
AMGN,2017-08-18,128.42495750895057,129.2383060504659,127.77274957860692,128.3635711669922,1741900.0,-0.003103435173663799,0.011417230438006326,-0.00047799386621641594,-0.002621883874747154,130.56930847167968,132.1903518676758,131.34459976469503,-0.028949016676453478,0.7767059326172046,0.011745502763780571,1.6536914843863022,0.008964533358437107,0.07784857753434211,31.022086284449784,-0.7298495069770183,-0.5803617092059697,-4.139923095703125,0.6968408335366902,84363100.0,-0.8787694155447094,0.19122120174387616,0.0,-0.04504192917721902,-0.0019160180708844752,1.2652439919250362
AMGN,2017-08-21,128.49399692915875,129.39941893548493,128.14869736609853,129.03111267089844,1533300.0,0.005186921428125559,0.009693178207154114,0.004180084319704098,0.0010160652354934253,130.1664306640625,131.74197006225586,131.1242676605239,-0.020577021810713636,0.24853973388673012,0.011763396494520555,1.664089710136141,0.008814934816708938,0.0689489892803135,35.38590729899981,-0.8092406945061157,-0.5278023173880536,-4.028778076171875,0.6255252486516918,85896400.0,-0.878053422688107,0.18159847583958388,0.07022590491856913,-0.05195634160276206,0.0012592759927724172,1.3116836093292117
AMGN,2017-08-22,129.56817605843122,131.16418483773847,129.54515765796083,130.4966278076172,1933500.0,0.01129382709727233,0.012406659137310996,0.007165739130010324,0.004162278201092436,129.97793884277343,131.37334136962892,131.06449243643755,-0.006673451043199317,-0.21668502807617074,0.01220565619406684,1.7413242736613077,0.008814076438491567,0.053776715204003504,41.060278783718005,-0.7453124607863231,-0.3710992669346088,-1.884918212890625,0.8121441487607819,87829900.0,-0.8534748298281756,0.012091034487532775,0.3745635863555825,0.022032877766582148,0.00906364266265156,1.3739381761735836
AMGN,2017-08-23,130.18210295928068,130.39694929387994,129.4915154195713,129.67567443847656,1279400.0,-0.006310864659520734,0.006982295470830319,-0.0038901547086124867,-0.0024102143758089104,129.71802215576173,131.154207611084,130.93222405567934,-0.011273242388012224,-0.5228553771972599,0.010754350363714854,1.7341781455403793,0.00841752587446327,0.05140768551280847,39.3315697991601,-0.7522218061420176,-0.3024068898322427,-2.5991668701171875,0.5889338979930031,86550500.0,-0.850130960892956,0.5909202263018661,0.279389689376431,-0.27023832518092594,-0.002141693202352313,1.4240035144958931
AMGN,2017-08-24,129.89055028766595,130.97246281661035,129.3457654255165,130.40464782714844,1922400.0,0.005605770488894946,0.012474228627571861,0.003957928720325926,0.0016570251137681866,129.8694046020508,131.11404724121093,130.88197870058116,-0.0054105523320274315,-0.6544183349609511,0.009806334103962604,1.7458437284186081,0.007675055027474106,0.051673690095332944,42.96142934922772,-0.6909110593198875,-0.19287691440809002,1.513824462890625,0.9648858640004818,88472900.0,-1.086745714983319,1.8705192085325062,0.4346119596435506,-0.1584492955315627,-0.002632499373436383,1.3683748354797363
AMGN,2017-08-25,131.0721824892207,131.64766623030457,129.98258963617815,130.2434844970703,1510800.0,-0.0012366353764326353,0.012784336971296805,-0.006322455126727848,0.005118948390222062,129.98028411865235,130.97475204467773,130.8211697288182,-0.005583271097607944,-0.8969845581054869,0.00922409435933876,1.7891050686217613,0.007422652323133224,0.05013900282748166,40.29787198254021,-0.6478582776356347,-0.11985930617906981,1.108795166015625,0.7768707657895075,86962100.0,-1.2428809477436193,2.4132599323564796,0.4002950169851733,-0.17542697221246722,0.0018183440996980594,1.3806589041503456
AMGN,2017-08-28,131.1028971670912,132.46871126100478,130.64250539483416,131.80882263183594,2359500.0,0.011946903044416455,0.013854959248604495,0.005384514606454858,0.006598507966363606,130.07697296142578,130.91486587524415,130.915231910058,0.006828535098861049,-1.1172088623046932,0.009674637060247643,1.8435235787090798,0.007402315197761523,0.04841528933924288,48.1406735463826,-0.48187418690304185,0.03689982764281852,0.966888427734375,1.2153224892606596,89321600.0,-1.14448865949888,1.941179828135796,0.733606688974597,-0.1681712817591728,2.886801737374692e-05,1.3899656833153864
AMGN,2017-08-29,130.94937980077307,132.24613807345014,130.71151511562996,132.154052734375,1483000.0,0.002615748891982502,0.011612379083861424,0.009199531417672395,-0.006520374083481739,130.24500885009766,130.8867218017578,131.03321484570722,0.009682654704552152,-1.271896057128913,0.009687893399239493,1.8698451295814391,0.007483604605016681,0.04754073472773179,49.61384461684956,-0.31879850436692436,0.15998040814314884,1.68035888671875,0.7755748824609205,90804600.0,-1.2201937061983128,2.056061763798353,0.8071174660666048,-0.13760869273298806,0.0017647682272793352,1.3992369420609345
AMGN,2017-08-30,132.12341424481068,134.3409447698811,131.62465457428718,133.24368286132812,2310900.0,0.008211345488447614,0.02038588349753794,0.00847895600428332,-0.00023183919774225227,130.41842346191407,130.9004867553711,131.24373560909967,0.017900591235661498,-1.388175048828117,0.009861555134720578,1.7938408305291387,0.007898934703169236,0.048161324904497774,66.30833593448973,-0.10047756342791558,0.30264107926572614,1.7341461181640625,1.205342123861956,93115500.0,-1.228455223999595,1.8972468646834872,0.9999999979508666,-0.11978122982257461,0.0060055769405376385,1.3930118955742057
AMGN,2017-08-31,133.31274860043123,137.07257151865585,133.31274860043123,136.40501403808594,3977500.0,0.023448850791745062,0.027563670915900687,0.02319557184229191,0.0005183415650180499,131.18266906738282,131.0829849243164,131.7352859356698,0.040600457159579634,-1.3218154907226562,0.011164849255532048,1.9655279941384143,0.008665472535231117,0.059973405905282176,72.35238926262655,0.323902613099591,0.5816170046345862,7.6424560546875,1.9595574922590704,97093000.0,-0.675502246348337,1.478371230991774,0.999999998756442,-0.015815386059845917,0.005538123587743897,1.500562261265087
AMGN,2017-09-01,136.68889323065542,137.90891591175853,136.0443542717609,137.1262664794922,2431900.0,0.005273649957887166,0.01359740688540128,0.0031997716749284006,0.00208114924932469,132.0589385986328,131.31412353515626,132.24871265412906,0.04426136951506109,-1.1835891723632699,0.011168245315604541,1.9544439777236522,0.008731131284097337,0.07222879068557943,70.56798296430655,0.7102388138176536,0.774362564282119,8.7626953125,1.1830551515122032,99524900.0,-0.7781513971293822,1.5878770734517,0.9999999988587985,0.02455070303821985,0.0027006360146936397,1.5229538748729112
AMGN,2017-09-05,136.58144756123136,136.96510331280786,134.55574566123724,135.61463928222656,1959900.0,-0.011084825514074045,0.01776620624677931,-0.007078620824921051,-0.003973118588059205,132.71729125976563,131.44186096191407,132.56927709490026,0.031746190215015076,-1.1386526489257562,0.011507946896214382,2.045426977558973,0.008986734858737544,0.07709639494113212,65.65417586246951,0.8842443363782024,0.7586944694741343,6.583526611328125,0.9359978795700876,97565000.0,-0.5714522204816754,0.896362532131116,0.8274928944083887,0.012000696475412199,-0.006576998769074095,1.5424580245472137
AMGN,2017-09-06,136.26689453715704,137.4101932903732,135.32310433758508,136.87307739257812,2242300.0,0.009236725037631335,0.015248352653034548,0.004448496881653005,0.0048096227544658894,133.3549362182617,131.66643753051758,132.97916283753625,0.0395441690358923,-1.0042106628417855,0.011554987438093295,2.0520060162772285,0.009098818018049796,0.08523254713442653,66.11354224255143,1.1108848162884328,0.7882679595074917,6.3764495849609375,1.0729888935145973,99807300.0,-0.7421041921250425,1.0340584337077632,0.9711060253043434,-0.03312555851352078,0.003499942274854623,1.5444636902966424
AMGN,2017-09-07,136.9651248318523,140.2415487433938,136.02900371426904,138.660888671875,2985300.0,0.012977248468142773,0.030380196387557103,0.012380989993653694,0.0006725021532917881,134.25345764160156,131.98573989868163,133.52027958366375,0.050574772534650515,-0.8537855529785361,0.011807908395458236,2.1561415425852357,0.009907498262304347,0.09735478287386373,81.55592288002273,1.4184099118168376,0.8766344440287172,8.985214233398438,1.3947230106170503,102792600.0,-0.8391875225671087,0.9307685651986345,0.9999999990288733,-0.03413635043845227,0.0038968099392420264,1.567978471201718
AMGN,2017-09-08,138.8297082473356,140.1571659946368,137.74780758636638,138.60719299316406,1993900.0,-0.0003873195865874772,0.017382636183890268,-0.0016027927810314084,0.0012174995925497104,135.07371215820314,132.47155838012696,134.00474752742568,0.04631661835992676,-0.48668685913085596,0.009842780471542412,2.223555966614626,0.009657582529504381,0.10404959738102326,83.39186091856143,1.6389007454895932,0.8777002221611782,8.202545166015625,0.9642009158917372,100798700.0,-0.5316303142500065,1.1828530328374387,0.9947854682898404,-0.09388234280695305,-0.0014865503663810675,1.4492286096122535
AMGN,2017-09-11,140.06505702042827,143.26475675754847,140.06505702042827,143.095947265625,3791200.0,0.03187138225967409,0.022360519625204238,0.021639160470656713,0.010517953619738247,136.35895843505858,133.16962127685548,134.87057607392086,0.07453896687242954,-0.01967987060544374,0.011730755806656517,2.466901837685912,0.010013964648266713,0.12280714073045058,86.70418770820874,2.1510503064780835,1.1118798265197347,12.852462768554688,1.7399525450798794,104589900.0,0.10659970047600485,1.1807626774564546,0.9999999993212229,-0.12630144664579604,0.010501828431173784,1.6376536841861535
AMGN,2017-09-12,143.48727209280923,146.587205867678,143.31846260074624,146.5565185546875,3894300.0,0.023895781074195023,0.02230363616144457,0.021390374331550752,0.002734702377404369,137.83372802734374,133.95535049438476,135.98352297685102,0.09406991220429799,0.46029434204100994,0.012363769799147252,2.5639151544868377,0.010329848253299242,0.14993883742885744,87.95808421673703,2.8038506601523636,1.4117441441552119,14.747695922851562,1.7096497331896297,108484200.0,0.13857611419206806,0.6271436982846755,0.9999999994503364,0.12151070781903717,0.0033055938822725037,1.8367141201286088
AMGN,2017-09-13,145.71245043820585,146.5104609617862,144.0320480734677,145.55899047851562,3031400.0,-0.006829708952727707,0.017026862306277903,-0.0010531698508172691,-0.005759335202594126,139.17422180175782,134.70961532592773,136.89547226272384,0.0805389810247621,0.937444915771465,0.012540431672611114,2.672440732570688,0.010496920445753306,0.16549411330028022,87.22999261071939,3.203776325357495,1.4493358474882747,13.404937744140625,1.3001428209933994,105452800.0,0.14571610645453267,0.4637007533940182,0.9451695173758243,0.03709566699529153,0.0014365504881285616,1.8137435952577334
AMGN,2017-09-14,144.53846811916424,146.63323701092366,144.1087755387761,145.3594970703125,2318400.0,-0.0013714730964920789,0.017367021233751653,0.0056803490574659325,-0.007011056864275364,140.38580322265625,135.40211334228516,137.70156986344657,0.07353935239441875,1.3790734863281386,0.012619990981444422,2.736566738360241,0.010572927754141597,0.177221820476289,85.9459344473696,3.4646841236489365,1.3681949166237728,12.115814208984375,0.9796456474982781,103134400.0,0.25590810172357137,0.4056216763337883,0.9342040919369315,0.09778050590740174,0.002359709294424605,1.79394096799061
AMGN,2017-09-15,145.52829915849918,145.52829915849918,142.9578009986248,143.84788513183594,5349000.0,-0.010453576200867658,0.017869558231728786,-0.011546991453758794,0.0011612731991293868,141.13009033203124,136.15637969970703,138.2869332223408,0.056490231666650695,1.8739840698242176,0.011665250870499345,2.8012397073422375,0.010539384573127256,0.17827339204631257,80.70650114962797,3.5090310574330204,1.130033480326285,7.44287109375,2.13747107880551,97785400.0,0.683226985544261,0.14292223061556517,0.8511162939329614,0.05294392861835964,0.0036413691878092545,1.964358169194531
AMGN,2017-09-18,144.09345752804268,144.68429080935178,142.8120484070456,143.0806121826172,2443800.0,-0.005348195005169891,0.013085227786952596,-0.007029086280536888,0.0017071672342048932,141.72552490234375,136.8922317504883,138.74347407570045,0.04520622063791301,2.361404113769538,0.01176346174812295,2.7760265386545018,0.01057318677943575,0.1742973349894559,76.39238226988465,3.442579889292716,0.8508658497487849,5.954345703125,0.963041632102964,95341600.0,0.674525538392179,0.08491316485652675,0.8016647144644928,0.11980746605374386,0.0044753847562859815,1.8430421461800506
AMGN,2017-09-19,143.3415209573721,143.82493115646804,142.5742091280766,142.96554565429688,2066100.0,-0.0008045312364762916,0.008748415729589778,-0.0026229336800956114,0.0018235089351023017,142.4606155395508,137.5889533996582,139.14557613080487,0.03907720875687701,2.823733367919914,0.011848017821656138,2.755747900838163,0.01055778342764509,0.16891603731617577,75.59044140804457,3.3421062323448325,0.6003137542407209,7.3509063720703125,0.8057405258898888,93275500.0,0.735835157231682,0.0752188554922784,0.7872752758367746,0.1438508144654663,0.0013766202488972369,1.8660973834712995
AMGN,2017-09-20,142.78136165018773,144.67662247402313,142.27493312136792,144.38504028320312,2685400.0,0.009879960196284846,0.016633920993092032,0.011231708498090815,-0.0012883104335817703,143.2118118286133,138.2833740234375,139.64457271674755,0.04412436638067185,3.2724444580078114,0.011813230102204676,2.7332764120568265,0.010664811487504948,0.1662554599378183,75.96574979054144,3.3385369133115432,0.4773955481659451,7.511962890625,1.0321236672790586,95960900.0,0.7579945224055031,0.1368673637908875,0.8713643544570905,0.16409027589794303,0.0005660173343568158,1.9953401645252997
AMGN,2017-09-21,144.50014935376268,144.9912283883514,143.10363639737895,143.2110595703125,2082200.0,-0.00816413876457439,0.013180490366009056,-0.00892102734298394,0.000797236821306245,143.66682891845704,138.96014328002929,139.9842381313728,0.030590903189534467,3.7262220764160077,0.011913632455590998,2.5946123644600214,0.010768442905078156,0.15748201626066943,67.48134253775976,3.2040435504957827,0.27432174828014766,4.5501708984375,0.7881269966237188,93878700.0,0.7355804067308497,0.092019994237197,0.7949211053867635,0.13911327543208432,-0.0026442574148686023,2.016859641633106
AMGN,2017-09-22,142.32095081003396,143.34915724161092,141.1853329321494,142.53579711914062,2275600.0,-0.0047263071656825145,0.015180918430286348,0.0015095901754720044,-0.006215363275358765,144.0596893310547,139.56670074462892,140.22724374925545,0.02127367315176697,4.150273742675779,0.01210982086850952,2.6159882694217282,0.010831179537545185,0.147158743647245,63.92729438404587,3.008290850754662,0.06285523883122135,3.9286041259765625,0.8556109519405027,91603100.0,0.8121527745559755,0.04908627048209698,0.7535270613129925,0.181318826700034,0.0004825718125991883,2.2656994993262694
AMGN,2017-09-25,142.3439874422925,144.2776161800179,142.3439874422925,142.94248962402344,2545400.0,0.002849202891389798,0.013527319573146897,0.004204618631844735,-0.00134569477089181,144.04434356689453,140.20165100097657,140.48583859447143,0.019549260679018524,4.6264425659179835,0.012041741124328162,2.570495977955332,0.010847846627405447,0.1337120839751694,70.00431545833834,2.853083541081986,-0.07388165667316393,-0.1534576416015625,0.9387943275490069,94148500.0,0.7756542918638993,0.059715332927950004,0.7549428088889769,0.2041495217932141,-0.0017447718671620813,2.1568235853506033
AMGN,2017-09-26,143.11128483121078,143.90929546593713,142.25956847182277,142.4130401611328,2307900.0,-0.003710809955827689,0.011584100671172957,-0.004879032921138939,0.0011808609716489479,143.62999572753907,140.73186187744142,140.66938160082015,0.011945967752174528,5.012577209472681,0.012054137296020168,2.5392558380500634,0.010798052729426008,0.12131905694127476,65.75044618028895,2.656733315198096,-0.21618550604564346,-4.1434783935546875,0.8520103220280791,91840600.0,0.9580158891426275,0.3262649281412067,0.7123077081124528,0.21313645904760375,-0.0002740561333215271,2.2766952016140283
AMGN,2017-09-27,141.99102201878495,143.39520373184888,141.1086066035171,141.86058044433594,2436700.0,-0.0038868215146965184,0.01611862239086922,-0.0009186607194907832,-0.0029633391848834572,143.2601547241211,141.21718826293946,140.7828291097264,0.004556047244040251,5.36609603881837,0.01217868884669621,2.401688130850565,0.010899579836180081,0.10660757184378152,59.784192064023834,2.4285506444026908,-0.3554945414728392,-3.6984100341796875,0.8839977434784896,89403900.0,1.002446520398314,0.3091285782426627,0.6472623695666443,0.23349340725920995,0.004626778618060416,2.137299606484288
AMGN,2017-09-28,141.4078837119644,144.116505084717,141.2851227246282,142.30564880371094,2576900.0,0.003132453314244969,0.01989648607691092,0.006348762658630967,-0.0031911383060298512,142.95476989746095,141.6702865600586,140.92785955677255,0.0044847953588559135,5.704399108886719,0.012130048033069076,2.431832698837592,0.010880089512032036,0.0922090452524389,61.044976076555024,2.257603285474403,-0.4211535203209018,-3.0538482666015625,0.9303710978046795,91980800.0,1.0815000806704735,0.4785611102187693,0.6115046006959327,0.21459408306784267,0.0020309116129907253,2.2014994955437346
AMGN,2017-09-29,142.48977807500185,143.13431708273922,140.548480441634,143.0652618408203,3017300.0,0.005323701911030296,0.018074524925430886,0.004038772279619566,0.0012938999459177628,142.8765075683594,142.0032989501953,141.1314216790628,0.007478438166408181,5.909557495117184,0.011163899495736639,2.283852190031934,0.010508108621244842,0.08540244305375125,49.88210215780606,2.1585384085281873,-0.4161747178136941,-0.782623291015625,1.1085902610273923,94998100.0,1.3079773170044473,1.7376089974802265,0.6809271393202604,0.20746735315366244,0.002729616981681461,1.9962720118286972
AMGN,2017-10-02,143.51029839387587,144.04741421258248,142.38234932046862,143.6177215576172,2682700.0,0.0038541555143902046,0.011593728643340599,0.0007485397559866023,0.0031107240662706977,142.9302185058594,142.32787170410157,141.36821214368703,0.009062524704909564,6.108794555664076,0.011149333777548313,2.153409782179139,0.010465009153660465,0.07932423953361495,35.459351232350514,2.1003956087446625,-0.37945401407777535,0.537109375,0.9811340076107647,97680800.0,1.3335779152057547,1.806754040666407,0.7314175260751599,0.23588343867869596,0.003289658316985393,1.981438680219838
AMGN,2017-10-03,144.29300447566385,144.42344609307628,142.4361110911601,143.66380310058594,1514200.0,0.00032081104706465355,0.013833233974216626,-0.0043605812864201034,0.004701947021041891,143.0000442504883,142.73032989501954,141.5868398538679,0.006540118041154849,6.397951660156252,0.010711862835230363,2.1150429622288818,0.01035849873934032,0.06583185512656335,39.64831801732573,2.0345820213591423,-0.35621408117063647,0.6982574462890625,0.5583333333333333,99195000.0,1.4410460424157479,2.1582230569450216,0.7012719535661274,0.28738136418252525,0.001597133517823443,2.16530996825195
AMGN,2017-10-04,143.14196505612273,144.80702963392838,142.73529089099364,144.707275390625,1660300.0,0.007237042284527164,0.014316755929114541,0.010935369888827142,-0.003632355772301566,143.03226776123046,143.12203979492188,141.88402419070192,0.011076110974763867,6.652900085449232,0.010658424003213348,2.082705624427965,0.01033532067680255,0.05416883041434415,46.73823462977773,2.0430725042783706,-0.27817887860112656,0.322235107421875,0.6188452793618845,100855300.0,1.4859592580822132,2.334975825699212,0.7673710609253479,0.2575628191984768,0.0011249824586842267,2.0927544701313407
AMGN,2017-10-05,145.06026030214733,145.78920398040015,141.4231991036678,143.37217712402344,4506600.0,-0.009269025011409191,0.030452246484027057,-0.01163711670313955,0.0024393031419427556,143.04837951660156,143.35760421752929,142.02575304149443,0.00010165422736863837,6.70218795776367,0.010698533079886035,2.2109561042035346,0.010330367660491266,0.045455751386997686,47.57822452847777,1.9199381490670362,-0.32105058704996914,0.1611175537109375,1.6334386264414373,96348700.0,1.6829416069201288,3.080746989659575,0.59941992411643,0.24224422625949513,0.005011525700523816,1.692145498740169
AMGN,2017-10-06,143.07291179234568,144.4387253672193,142.07540447036354,142.5818328857422,2032500.0,-0.005527785749606838,0.016575189482587162,-0.003432368157266813,-0.002087331989238617,143.05298309326173,143.55633621215821,142.0787130266609,-0.0067882989502869,6.67344039916992,0.010812585170674903,2.2460331395285045,0.010305456365572459,0.033626044795211175,47.46672205241393,1.7385383229950833,-0.40196033049753765,0.0460357666015625,0.736174320283821,94316200.0,1.6921562646456003,3.0137656603779375,0.15359070390651852,0.4064144578780193,-0.0013161143369236124,1.8139377750865122
AMGN,2017-10-09,142.6816240850976,143.36453110544636,141.49228847664787,142.30564880371094,1519600.0,-0.0019388999959965203,0.013156488477705924,-0.0026350644926948327,0.000699887196957204,142.98929901123046,143.5168212890625,142.1003259578085,-0.008439237118498474,6.448400268554707,0.008007497446117276,2.290427468129008,0.010005901614645384,0.034428819716829324,46.70238253186139,1.554571770976139,-0.46874150601318565,-0.6368408203125,0.5740155591608856,92796600.0,1.5222007452315056,3.429293010909608,0.09477730497472565,-0.14478594989811688,-0.0004630820630086155,0.2133691966176631
AMGN,2017-10-10,142.3056048654239,143.16499005267661,141.5382933173068,142.55880737304688,2036400.0,0.001777397147967119,0.011410706678494375,0.0017792869638720303,-3.0875996423741957e-07,143.00387573242188,143.31693572998046,142.14399085449787,-0.005289872777924525,6.057469482421851,0.005621624328516488,2.235070852608623,0.009659283012373862,0.028542948774614142,39.66983949428097,1.4129175004698595,-0.48831662121557207,0.1457672119140625,0.7972064108486466,94833000.0,0.2759246202885674,-0.674238360034775,0.18879110763009113,0.02015897165202558,0.0033403691570109877,-0.21782864878882033
AMGN,2017-10-11,142.16749617606078,142.3363056693094,140.1724812785294,141.30043029785156,3273200.0,-0.00886626293365023,0.015313643321671525,-0.006098903768660593,-0.002744910708758348,142.94786071777344,143.10400772094727,142.0636517538649,-0.012603262842314509,5.67287155151368,0.0057414108868955255,2.270694717147553,0.009606482379358855,0.027209222738528476,39.2946607959646,1.1854498295394365,-0.5726274337167963,-0.560150146484375,1.2753505733466848,91559800.0,0.2391152967758199,-0.7399952684238918,0.0,-0.020310942036222496,0.003559394020857478,-0.37390351985070597
AMGN,2017-10-12,140.71728154100123,141.48459318290827,139.68140614112815,140.23387145996094,2223800.0,-0.007576795677322854,0.01285842730438316,-0.0034353284525286787,-0.004127013312139939,142.74068298339844,142.84772644042968,141.8893869639693,-0.018298190987021228,5.271280517578106,0.0058998855368695095,2.2449349123131674,0.00947696438812894,0.02861476550401895,37.64400813145304,0.9086434013771623,-0.6795470895032565,-2.07177734375,0.8680682962627548,89336000.0,0.3310307880322031,-0.8843093358220723,0.0,0.055374207308011604,0.0009903365790245346,-0.333755542856594
AMGN,2017-10-13,140.14178815595534,140.6865845358097,139.65837810821455,140.42568969726562,2331500.0,0.0013669106185486906,0.007322067848210528,0.002025816460928476,-0.0006566409601826436,142.47672576904296,142.67661666870117,141.74998722428322,-0.015776425205415813,4.9467579650878974,0.005572416736331775,2.180261890161006,0.009222573470155336,0.03158858819731149,36.17164693395396,0.6967190973725508,-0.7131771148062946,-2.6395721435546875,0.9670642352145771,91667500.0,0.26672583306798675,-0.8409458236594946,0.042879704102065215,-0.034099066392754715,0.0007139221584172776,-0.1650960157197843
AMGN,2017-10-16,140.38733473594652,141.33879362157472,139.03685883390008,139.573974609375,2211500.0,-0.006083705256816641,0.016492578893142887,-0.0057936859340008634,-0.00027313350856091696,142.07235107421874,142.50128479003905,141.5427479276253,-0.02054234237240135,4.630016479492184,0.005603364505314805,2.2268481611295976,0.009319828991521862,0.03697610773648343,34.93450276677025,0.45479863454724523,-0.7640780621052803,-4.0437469482421875,0.921731012091077,89456000.0,0.26921000017373137,-0.8719262262389668,0.0,-0.05287520056612178,-0.00018230325582772,0.06827817521034853
AMGN,2017-10-17,139.67368925378904,143.53326454993717,138.98311369662346,142.86570739746094,3753700.0,0.023310335263263437,0.0318491465600973,0.02285339608859304,0.0007144214721484176,141.99254150390624,142.49629287719728,141.66874406760965,0.0025924500406619027,4.428908233642602,0.007887806730225896,2.3885305700568784,0.010207754220278269,0.036930698316092275,54.1323516865154,0.5226652905337232,-0.5569691248950419,-0.798095703125,1.511352152258553,93209700.0,1.3964350939769068,2.9452990576261278,0.6412507121532565,-0.1938777911513547,-0.0006365848077925496,-0.45229234285013664
AMGN,2017-10-18,144.1394993739314,144.89913042067866,142.58952654930835,142.934814453125,2580200.0,0.0004836034347554035,0.01615844173588472,-0.008357770951327875,0.008916009304644978,141.81529541015624,142.42378158569335,141.78932219956351,0.003588114721726964,4.145331573486317,0.007536636923034898,2.351260678005557,0.010188262865326586,0.0349397388244728,52.6691861225367,0.5753936859546513,-0.4033925835792911,-1.7724609375,1.0410706864481665,95789900.0,1.676110061403021,4.5095200245972675,0.6547132109380266,-0.049225288869172254,0.0012442701410907205,-0.3826090600092983
AMGN,2017-10-19,142.71228540565122,143.47191637884416,140.60984745519988,141.27740478515625,2563600.0,-0.01166331596082641,0.020258504380064782,-0.010054359485705117,-0.0015568568674132384,141.60581817626954,142.32709884643555,141.74056816009616,-0.007375222777581302,3.868597564697268,0.007758361611555088,2.3709915553297765,0.010393568991317407,0.035263841954850224,42.95204559043438,0.4779328976179045,-0.40068269753283037,-2.0947723388671875,1.0244237716185545,93226300.0,1.494961617924355,4.02517934716097,0.33183915088023724,-0.08909472171356456,0.0017106166008890814,-0.9601493304856188
AMGN,2017-10-20,141.2543985615437,141.8145444948829,139.1059236041072,140.38734436035156,3179200.0,-0.006320019740611651,0.019293910737588387,-0.0061382456760407525,-0.00016284432494736764,141.38636932373046,142.21967620849608,141.61168970297763,-0.012883813948910241,3.531244506835918,0.0078099814438131005,2.445531269519908,0.010514796333925748,0.03729141089941201,37.595622908248885,0.32512623016032194,-0.44279149199233037,-2.194488525390625,1.247890220830095,90047100.0,1.4854491102362113,3.915271300052614,0.1584496572581519,-0.013982964500189057,0.0050070052854835866,-1.1206023285333562
AMGN,2017-10-23,140.60987014942,140.8937717340511,138.40000868910917,138.5227813720703,2571200.0,-0.013370549103408748,0.0180025481746842,-0.01484311716618352,0.0015850843969044256,141.0080825805664,141.99869079589843,141.31750795717696,-0.024478461064293938,3.122497253417947,0.008241728682347092,2.4817047011646047,0.010631509179085938,0.04362516872244327,32.67803086389287,0.05296069698840711,-0.5719656201313962,-3.782867431640625,1.0087290845250005,87475900.0,1.3800467771187555,3.4461679800161322,0.0,0.05039078112697864,-0.002886684212841386,-0.2562822120546028
AMGN,2017-10-24,139.0829007736243,139.29774709171912,135.990635865067,138.39999389648438,3449800.0,-0.0008867994589009245,0.02389531338509786,-0.004910070708486548,0.004043518300787673,140.59220123291016,141.79803848266602,141.03964947520623,-0.023963974555240634,2.7706837463378804,0.008226807146314246,2.5699455928587036,0.011001954484876087,0.04909201964584765,27.34276850217607,-0.17067296035244794,-0.6364794219778009,-4.1588134765625,1.3237683923339774,84026100.0,1.3315811252888659,3.381556606144732,0.0,0.03834851130750087,0.0018483768194388227,-0.31404481428056097
AMGN,2017-10-25,137.42550284192754,138.14676586165893,135.47652495464075,136.1977996826172,4052500.0,-0.016039760544967505,0.01960560973261438,-0.008933590446618239,-0.007041120646910592,140.08193817138672,141.51489944458007,140.57852092353107,-0.03757272048972594,2.373062591552724,0.008835411923449334,2.466907311795223,0.01110195355024823,0.06058781577269194,25.739306678114716,-0.5196131367501948,-0.7883356787004383,-5.102630615234375,1.5082801884001065,79973600.0,1.0442578203805795,2.5017680645199327,0.0,0.04040667434400577,-0.005640874479864155,0.6374129519112419
AMGN,2017-10-26,131.11051423356906,136.1517564844737,130.1974116614939,135.44583129882812,5998500.0,-0.005536447159571639,0.04396107850556876,0.033066128148470514,-0.03735218528421947,139.60313415527344,141.17190856933593,140.08969334022603,-0.04056102470057253,1.9513458251952898,0.00878252207974287,2.7266978206714754,0.012337576130460725,0.07154912497951008,25.806284732245487,-0.8470638795093919,-0.8926291371677083,-4.7880401611328125,2.09890777017511,73975100.0,1.2122255153133867,2.9172778287972085,0.0,0.04088976433092534,0.0019723196651000884,0.5788908189244215
AMGN,2017-10-27,134.54811746584315,135.37680383669473,132.96744545622406,134.49440002441406,3478600.0,-0.0070492287095857056,0.01791419107437425,-0.0003992433520500416,-0.006627843946000748,139.01000518798827,140.7433654785156,139.55680826252967,-0.044399715985585494,1.408165893554667,0.008640877667070343,2.769993764514731,0.01233034619235316,0.08208243595034467,24.676429675272118,-1.1698581086385218,-0.9723386930374706,-5.9312896728515625,1.207436358461357,70496500.0,1.4604127082508171,3.7837452944817795,0.0,0.01070924881323182,0.005677467609302297,0.2897057702256899
AMGN,2017-10-30,134.66316102265964,135.66066826077252,133.18992442671723,133.96490478515625,2550800.0,-0.003944701609367939,0.018443217184513423,-0.005185206051905254,0.0012547808549273406,138.4490982055664,140.26072463989257,139.02424602658934,-0.044886548753404074,0.8134983825683548,0.008487217450683673,2.8302828429922653,0.012477673398980647,0.09054106121384448,22.62952149166459,-1.4516667903341727,-1.003317899786497,-5.60906982421875,0.8874246143087999,67945700.0,1.6628020125827567,4.656993252086614,0.0,-0.007663438906947128,-0.005024710912716593,0.17122966566354988
AMGN,2017-10-31,133.62730474338,135.1926268970713,133.62730474338,134.44833374023438,2906600.0,0.0036021284229846738,0.011642555248885775,0.006144170897041571,-0.002520063312982421,137.60736083984375,139.799951171875,138.58844485646028,-0.038280538632385876,0.2443804931640443,0.008595025416581378,2.7716397043618253,0.012436878884596695,0.09500274909340353,27.043780806623616,-1.6173497235614889,-0.9352006664110506,-8.417373657226562,0.9872945188612112,70852300.0,1.564594371583201,4.132575726325447,0.04500207378639489,-0.042235144838511776,0.001576904182919673,0.18383925080014563
AMGN,2017-11-01,134.50971774200522,136.0520097503953,134.06467563574822,134.60179138183594,2734900.0,0.0011407365684954344,0.01476454432177254,0.0006845129212694978,0.00045656201206216527,136.77405853271483,139.29467697143554,138.20876357316274,-0.03369034403634781,-0.3429969787597713,0.008304080652460482,2.7847930667094665,0.012443310748493005,0.09485288244243148,29.901463240387002,-1.7164853183718094,-0.8274690089770969,-8.333023071289062,0.9123221365464259,73587200.0,1.747099074510134,5.3910507969548656,0.0677015157062377,0.032061689177276795,0.0030022646779408932,0.2204513741818913
AMGN,2017-11-02,134.1030463247138,134.5711068505953,131.4097752215902,132.2921905517578,4029300.0,-0.017307685003724156,0.02389658539797381,-0.013503464854714991,-0.0037053374401779314,135.875537109375,138.74067764282228,137.64528042826703,-0.04647870545699382,-0.949326629638648,0.008764602550555937,2.9393509047559383,0.012180136002411223,0.10108584383347902,24.78602722541619,-1.9588362315955408,-0.8558559377606625,-8.985214233398438,1.3549011893593197,69557900.0,1.4350621274659505,4.364666193088794,0.0,-0.024599057237680716,0.004065223541961722,0.11623892677714207
AMGN,2017-11-03,132.05430970458633,133.5352152333282,131.67065396658143,133.08250427246094,2433100.0,0.005956227723210492,0.014010566429749696,0.007786149275814942,-0.0017981473145114622,135.14505310058593,138.2657112121582,137.21073031819026,-0.037487290914404905,-1.477850189208965,0.009030989880558574,2.9081099389753757,0.012124903106198282,0.10416446774948473,29.79944026750161,-2.063344414018502,-0.7682912961468991,-7.304840087890625,0.8126857944487124,71991000.0,1.1780206991944715,3.175485517206957,0.07425929237798262,-0.10741557978840505,0.0031269083128035685,0.2093987800285462
AMGN,2017-11-06,132.6374219831682,132.99805920417302,130.97235799022116,131.0567626953125,2692000.0,-0.015338736400334707,0.015456670623410076,-0.011917144228393422,-0.0033444087314551973,134.39845123291016,137.7032669067383,136.62463816363046,-0.04826685931806718,-2.056560058593732,0.009398575270439689,2.7338238981843808,0.012171492320438772,0.11063990188304743,10.10911977402877,-2.2833077663558186,-0.7906037187873725,-7.4660186767578125,0.8818943037228257,69299000.0,1.164614503868064,2.7311880254650096,0.0,-0.1758980972423008,0.001972502887571109,0.17834112999262555
AMGN,2017-11-07,130.91099453254802,134.08766316582938,130.91099453254802,133.11317443847656,3097100.0,0.015569169638769271,0.023864419481255686,0.016821962997011868,-0.0011122521247024272,133.86976928710936,137.23098526000976,136.29021304694913,-0.03000642175476067,-2.554928741455086,0.010323344274215784,2.795757095463742,0.012496280347851243,0.10960836784272276,20.749539887755333,-2.265578883218353,-0.6182998685199257,-5.2868194580078125,0.9972774592625151,72396100.0,1.053241231035827,1.342445586944488,0.17312702313157013,-0.2601143130693481,0.002025333903828657,0.2047725031457185
AMGN,2017-11-08,133.51224144646778,134.01098938926177,132.88304020589902,133.18997192382812,2003400.0,0.0005767674060902394,0.008468724537368499,-0.002413782580145456,0.0029979527546739183,133.56898651123046,136.8254623413086,135.99495198760428,-0.026570276871506596,-2.981170043945326,0.010275829222460467,2.671891399729347,0.012377942591905281,0.10921080006478931,23.411037355722158,-2.2197438747125773,-0.4579718880113197,-3.0078277587890625,0.6585658097377932,74399500.0,0.9273501277355931,1.2022778720663012,0.1795925182188765,-0.21501252076820282,0.002659163068104474,0.3260538241128598
AMGN,2017-11-09,132.55305246375073,133.68867012695543,131.4481221067976,133.51219177246094,2005100.0,0.0024163283937730074,0.016781598672099555,0.0072358900144717676,-0.004782037648011898,133.37562255859376,136.4893783569336,135.7584986337811,-0.021812588058588826,-3.3226242065429688,0.010280298641247113,2.6384576232566417,0.012465873347886947,0.10887968050942906,26.519947387839593,-2.132832881551167,-0.29684871587992734,-1.9336395263671875,0.6615024759743066,76404600.0,0.7779215140230353,0.990499319595319,0.20671984978228775,-0.19688283891440306,-0.005985204906739442,0.08359552491130236
AMGN,2017-11-10,132.859964020029,133.11317818662425,131.35604023498445,132.24612426757812,1927400.0,-0.009528033605086061,0.013286876733601113,-0.00462020110406122,-0.004885155009240686,133.15079498291016,136.0804000854492,135.42398678938082,-0.02817654721373118,-3.6484246826171898,0.010356861637902831,2.614342515580538,0.012554361568224714,0.10903300004298237,27.650282368614654,-2.1414312732637484,-0.2443576860740071,-2.2482757568359375,0.6401355065303852,74477200.0,0.9140735694142063,1.086527499021827,0.10013103120905673,-0.20506926208030973,0.0012251383951386347,0.0727704069416875
AMGN,2017-11-13,131.65534996733604,132.69889440375542,131.28704360984918,131.59396362304688,2119800.0,-0.004943615490294441,0.010728841620353575,-0.00046626547500265976,-0.0044672333765090515,132.91370086669923,135.6813995361328,135.05922267830138,-0.03012524875966817,-3.9367791748047125,0.010341977834183412,2.478966770384403,0.012442375755244891,0.11034036022917612,26.645750955029825,-2.1757883407132965,-0.2229718028188441,-2.370941162109375,0.7051098678126891,72357400.0,0.9009447290364296,1.0880635740286653,0.04522635009809421,-0.19211820852082975,0.0002608016891019443,0.06322570021466764
AMGN,2017-11-14,131.12586187610466,131.58625345978663,129.14619679946318,130.54270935058594,2604700.0,-0.00802070077621939,0.01869163488686622,-0.004447273155540618,-0.0035571673202510683,132.52313842773438,135.06524963378905,134.6290785518523,-0.03348411449625543,-4.4514904785156375,0.008295625763679102,2.444988047651551,0.011933816043416104,0.10378916746404293,28.930912001600873,-2.261771702008673,-0.24716413129137615,-3.9056243896484375,0.8832815059225675,69752700.0,0.4740119114529861,0.3024931540941085,0.0,-0.3428779868112665,-0.0020882376385837854,0.3027994268150788
AMGN,2017-11-15,130.58877521914,130.8419894756727,129.16157504211262,129.96725463867188,3150600.0,-0.004417916605400565,0.012929521657065759,-0.004759372154499083,0.000352879672738656,132.05968475341797,134.4168716430664,134.1850953220256,-0.03310311384280791,-4.961752014160169,0.008213675808240156,2.136418505682751,0.011864794929491876,0.09385831259871127,29.316502831966886,-2.3492676264582144,-0.2677280445927339,-4.6345367431640625,1.0581680050782392,66602100.0,0.5748280722789714,0.525862815384812,0.0,-0.32381883717304266,-0.007652773927921768,0.21389363477210602
AMGN,2017-11-16,130.49256362509973,132.2230832026347,130.3689517157671,131.9295196533203,3131000.0,0.014985306636475446,0.014053954655029607,0.011011784796786576,0.00404185644982881,132.0234176635742,133.9494773864746,133.97027859167272,-0.01507999711955762,-5.294518890380857,0.009151505552913325,2.1205215572083773,0.011706730324135956,0.08214170911296272,41.00336760886924,-2.234512322491355,-0.1223781925006997,-0.3626708984375,1.0416597355761232,69733100.0,0.5438887360681511,0.09389637973048306,0.18831555823196602,-0.30238668671367697,0.00959378836233907,0.666265368193425
AMGN,2017-11-17,131.85228272111237,132.17675519962793,130.97928966501973,131.3346710205078,2039700.0,-0.004519031954976524,0.00911766501034,-0.003925693889573296,-0.0005854408657812061,131.8486343383789,133.49684371948243,133.71926834679988,-0.016196433104575858,-5.601702117919928,0.009130135171147842,2.02957310724787,0.011481925272227569,0.07045648959060857,40.81623737182691,-2.166592105505316,-0.043566380411728556,-1.747833251953125,0.6917039275231831,67693400.0,0.5168244798133983,0.10144617141626489,0.15982842703297664,-0.31163512996340037,-0.001867291448267916,0.7382522784187242
AMGN,2017-11-20,131.25739508350907,131.50461891690242,129.90542068887729,130.3998565673828,2012300.0,-0.007143256464727353,0.012263803581706863,-0.006533258682915871,-0.0005883894663784469,131.78294372558594,133.09069747924804,133.4031338916173,-0.02021809910707537,-5.753926544189454,0.008875514483426486,2.031992826843143,0.011348266272811146,0.06397426207610582,36.296238142509914,-2.1632598450902663,-0.0321872959973426,-0.6569061279296875,0.6889409283567168,65681100.0,0.525588230868911,0.32381078282330267,0.051300285111644015,-0.302506220829425,0.0020818605074820144,0.638636688412176
AMGN,2017-11-21,130.8325142381309,131.7132286225548,130.4771328813397,131.2110595703125,2629600.0,0.00620161891418851,0.009420667322274692,0.002893358232744837,0.0033179305724505446,131.59273223876954,132.73125076293945,133.1943649086359,-0.011453152018751361,-5.806464080810542,0.00910309507057162,1.9838526797377776,0.010953314398246934,0.05303651920626857,39.011931781657786,-2.0712852152425967,0.047829867080261934,-1.9021148681640625,0.9131031130093581,68310700.0,0.41661364951191604,-0.06599080684677106,0.1996301962142175,-0.3185939415811043,0.005870348061115953,0.7153714382722663
AMGN,2017-11-22,131.2265115696604,131.89863228025104,130.81705736800376,131.30377197265625,1533000.0,0.000706340328685168,0.008237196053076925,0.0005887560529629278,0.00011776445825911833,131.40411224365235,132.4865493774414,133.0143084385426,-0.008927528193186898,-5.766061096191407,0.008569169086404455,1.8331068763093157,0.010692406342255335,0.04782315396989033,46.25946581450757,-1.9682250689898808,0.1207120106663826,-1.886199951171875,0.5566701466115928,69843700.0,0.3966288024726568,0.20035948450762328,0.24395338688328647,-0.35206629029795444,-0.0012476696458063642,0.5046579786852962
AMGN,2017-11-24,130.94837148389487,131.92178876264896,130.94065016003674,131.42735290527344,999800.0,0.0009407407804357721,0.007465254233031515,0.0036577883019910055,-0.0027067043347040113,131.19562835693358,132.28562545776367,132.8631698163265,-0.006488025811725589,-5.688342132568351,0.00854299819758566,1.7700052574425627,0.00890337734552116,0.04344792130744078,43.4034230780458,-1.8551917168282444,0.18699629026241515,-2.0848388671875,0.39929071782870196,70843500.0,0.28092418191066104,0.18024794852733303,0.3150472947710973,-0.36781126107359924,0.0018681443927965255,0.5221056289369321
AMGN,2017-11-27,131.76727712510635,132.3080644913472,130.99472037668215,131.11061096191406,2150100.0,-0.002412924152924285,0.010017069595126563,-0.004983529883286674,0.002586403913026463,131.0820770263672,132.11643600463867,132.6962594492396,-0.007613171177954682,-5.602786102294914,0.008446866087196359,1.7130908169015109,0.0086746392367623,0.04118467024430977,50.24845708782103,-1.7707582003105529,0.21714384542408527,-1.1355133056640625,0.8820868794653571,68693400.0,0.21609995755512915,0.30367635908940116,0.24670347526354222,-0.38610128492333784,-0.0007636618116966016,0.6499919371945654
AMGN,2017-11-28,131.775040268476,131.84456756249207,130.89431405780664,131.53553771972656,2658700.0,0.003235738507448775,0.007224310031789409,-0.0018175107232863235,0.005067700483486804,131.07623443603515,131.99496765136718,132.5857145226193,-0.003480662481421919,-5.493352966308606,0.008478647166936278,1.5540611648589444,0.008372595103386874,0.039194366411433666,41.4305890309683,-1.6505297129534142,0.26989786622497935,-0.0584259033203125,1.0883331764166506,71352100.0,0.08300478548880597,0.21915217658538752,0.3383904723560556,-0.38177415166806367,0.00851219773009294,0.6581290090946524
AMGN,2017-11-29,132.10723811304157,134.42490895713001,131.79048693516143,133.05747985839844,3244500.0,0.011504150319197397,0.019799127600884796,0.007192957470988526,0.0043463569102760715,131.3277114868164,131.9254249572754,132.63064455459826,0.008581021448213351,-5.364734344482429,0.008878028664553776,1.679877025861852,0.00864400831813531,0.036007401442321736,49.377982752865094,-1.4161156595122577,0.40344953573290887,2.5147705078125,1.3190069944568776,74596600.0,0.07647779338158962,-0.171617977750663,0.6667818995322073,-0.3310709571946191,0.0007786674743329147,0.6319804397462722
AMGN,2017-11-30,133.36647516388845,136.01633915084383,133.36647516388845,135.7073211669922,3819400.0,0.01971930225997861,0.019526315634030084,0.017551982237118943,0.00232226933667203,131.90171813964844,131.9807014465332,132.92366137482625,0.028236095729258403,-5.135903472900395,0.009982516813896567,1.7311849738823923,0.008820117387851786,0.04046803363503354,58.45723879912618,-1.0049365028883699,0.6517029538854375,5.7400665283203125,1.5192340584639006,78416000.0,0.23802370324656968,-0.35672930545511206,0.9999999982578599,-0.125713457953626,0.008941997112279958,0.9293988056879192
AMGN,2017-12-01,134.5485266902922,137.4069851634007,134.46354495081914,136.8970947265625,3389900.0,0.008728993697772533,0.021501115260778622,0.01745517467966269,-0.00853892381586445,132.39847564697266,132.21094665527343,133.30208359880115,0.03544447861422339,-4.779378967285169,0.00922962544799021,1.7874198792470395,0.008721197093870032,0.0523514083241684,68.0248937332794,-0.5764246118596361,0.864171875931337,4.9675750732421875,1.365760698774405,81805900.0,0.2789867832491138,-0.4517935554623442,0.9999999985569653,0.01867603588265944,-0.001423996191315971,0.9856826832388476
AMGN,2017-12-04,137.87050247870587,139.6319311771621,137.63873306295486,138.04818725585938,4417100.0,0.008373297017131054,0.0144384229436714,0.0012887802246237927,0.007110507013225171,133.0698272705078,132.45923080444337,133.75409347090192,0.042193786099115164,-4.4413426208496105,0.009303981681874556,1.8819188547251369,0.008730485071014756,0.06534636466853887,74.08211229179287,-0.14230193578939065,1.038635641601266,6.7135162353515625,1.7112185521799432,86223000.0,0.24468639910887482,-0.5506830354214038,0.999999998762519,0.10514717048622114,-0.0012118315304253079,0.915581492087707
AMGN,2017-12-05,138.29539660069133,139.62419531735588,137.4687669063223,138.03273010253906,3589400.0,-0.00011197552865559894,0.015615342893184931,-0.0018993148333829484,0.0017907467656477008,133.83311462402344,132.8080291748047,134.16158267391498,0.039340248930714236,-3.994349060058596,0.008413563814217595,1.8610375395429872,0.008737170017190666,0.07430194538274297,80.28803080226575,0.19821129318356157,1.1033190964593746,7.63287353515625,1.3668021004291486,82633600.0,0.5205812923520502,-0.5989354487821674,0.9980872055202751,0.2963827455485898,-0.0025663631334888267,0.9487232641575948
AMGN,2017-12-06,138.63529311664377,138.65846887385575,134.95019447230666,136.1399383544922,2519700.0,-0.013807516481784817,0.027238696053271196,-0.017999419239169194,0.0043653632993934325,134.3260025024414,132.95936737060546,134.34999750063662,0.023921375731439303,-3.717548828125018,0.00857851111306574,2.0058846801136303,0.00890075278569623,0.07752929340035655,72.55769447384358,0.3117444095639428,0.9734817702718047,4.9288787841796875,0.9701377605630549,80113900.0,0.4575605088964853,-0.11102051964152933,0.7638578367864282,0.32977083465513124,-0.00037071577899032003,0.9581533193421988
AMGN,2017-12-07,135.72279956234695,136.69622886560362,133.9845464217127,134.39401245117188,3102100.0,-0.012907438327873805,0.020177107554372024,-0.009790448734183898,-0.0030640442267504055,134.63502655029296,133.01956939697266,134.3541894006876,0.010332637975224863,-3.5080154418945426,0.009131965229503573,2.038445671537064,0.009229028314223758,0.07808537429090316,59.151033728618614,0.2578660735906624,0.7356827474388195,3.090240478515625,1.169634962738411,77011800.0,0.4143733905243623,-0.3664520671427139,0.5478028362229639,0.42419182414112355,0.0037392692753061346,0.8493783331313149
AMGN,2017-12-08,134.75707652474267,135.94682059428771,133.98451972727023,135.51419067382812,3336300.0,0.008300486174108338,0.014480408710410201,0.005618362824503985,0.0027014899469774054,135.04371032714843,133.11966934204102,134.46466571241527,0.0179877349727677,-3.2720863342285043,0.00929216045721739,2.093076766709156,0.00915618588313309,0.07976735644949602,64.93647707034364,0.3020740039250427,0.6239125422185599,4.0868377685546875,1.2271425707722836,80348100.0,0.3218382806319467,-0.6020427177518298,0.6864227547813145,0.35088454149933246,0.004251689217571528,1.047623478528895
AMGN,2017-12-11,136.0395098387658,137.2756053046527,135.2051471675342,136.6112060546875,1874000.0,0.008062616255126609,0.015155844069553545,0.004202427784393413,0.0038764882284696364,135.5937698364258,133.3379234313965,134.669098125965,0.024548774565063197,-2.924751129150394,0.009099133021636374,2.1267381887872534,0.009209586129232889,0.08269323225151234,71.94329535126673,0.4207786064615391,0.5940937158040449,5.5005950927734375,0.6899636793399323,82222100.0,0.13409101994432884,-0.5727847538823643,0.8221763158453649,0.34374335062877087,0.0027320318754345024,1.0612999067685343
AMGN,2017-12-12,136.61126160483127,136.7348735593402,134.52535997270348,136.1708984375,2193700.0,-0.003228276285981092,0.016226033697286976,-0.0032234763236803072,4.0662948065911747e-07,136.05730590820312,133.56677017211913,134.81212672706357,0.019496827407184347,-2.5469679260253884,0.009041795743636904,2.1907482981775916,0.00935624282756204,0.08366954926752626,67.99352550164076,0.47386133577904843,0.5177411560972435,4.6353607177734375,0.8065725904301083,80028400.0,0.11863163869719492,-0.5173819097625468,0.767689088009047,0.2846502446198468,0.0004754417392790092,1.0540338115392984
AMGN,2017-12-13,136.64209085907956,137.68504705147765,135.94679458966678,137.03610229492188,3166900.0,0.006333708488194781,0.012684631514620124,0.002883529030953311,0.0034603019219692373,136.45516815185547,133.89143981933594,135.02393392400245,0.02348665814505488,-2.0897442626953193,0.008794153226570758,2.237653837432134,0.009172367424574137,0.08368673618558947,69.69226156404176,0.5790693506708067,0.49835933679120137,3.9786224365234375,1.1524842697487891,83195300.0,-0.05571192667794017,-0.2979299840034668,0.8747564151775699,0.23202022862403768,0.0029193726922264423,0.9993023164677036
AMGN,2017-12-14,137.08246635330545,137.49192047205327,134.84977790289037,135.1356201171875,2723600.0,-0.01396554388085189,0.01955178484304638,-0.014202007652096822,0.00033833462574549706,136.397998046875,134.1498580932617,135.0345707043058,0.007348215182162025,-1.6398928833007744,0.009415851055816868,2.35629697790004,0.009375974027651716,0.07915723192709144,61.352987397144574,0.5032927857591005,0.33806621750359617,-0.5717010498046875,0.9989217102995005,80471700.0,-0.16037881902659548,-0.4995984423502707,0.6191891716643455,0.24859725469943378,-0.0037237078929631003,1.293107466043419
AMGN,2017-12-15,136.27129554648832,137.05930679515416,134.53304272013455,136.77345275878906,5796800.0,0.012047059943066324,0.018470427002196692,0.003684981567739157,0.008403968016100995,136.38563385009766,134.39205474853514,135.2001785190185,0.017719782726068296,-1.265721740722654,0.009219194818509678,2.442934117925365,0.00951598437642366,0.07924442274084703,66.03952659366648,0.5688414680128915,0.3228919198059097,-0.1236419677734375,2.0269736312997626,86268500.0,-0.20747178213935807,-0.4402860080789883,0.8333316697035313,0.1816396314878065,0.007973488515511279,1.253724802667134
AMGN,2017-12-18,137.40696957651159,138.00184168534292,135.99318904653413,136.0781707763672,2799200.0,-0.005096421845123604,0.014761020282304103,-0.00967053421118126,0.004631869744779935,136.18863220214843,134.6292297363281,135.2837968292422,0.010762455098917455,-0.8984735107422068,0.009240907732200857,2.518534056077034,0.009640394358908965,0.07683158208749354,62.6725466324993,0.5582506595796701,0.24984088909815066,-1.9700164794921875,0.9659725205802323,83469300.0,-0.20128672901574376,-0.46579954312178545,0.7424252994336938,0.09318072816250624,0.006712949803950196,1.0179744906798656
AMGN,2017-12-19,136.06270274895644,136.9588714852789,135.5141940106822,136.64212036132812,2705000.0,0.004135742056018382,0.010572709723594004,0.0042584602588759705,-0.00011367015975081033,136.04957122802733,134.94134292602538,135.41316097515514,0.01260382769597234,-0.4730897521972679,0.009008055569645559,2.4153416444479814,0.009605488401799317,0.0717346392391146,60.56472814565576,0.5885786180453465,0.22413507805106164,-1.3906097412109375,0.9224400158230006,86174300.0,-0.36790214469608096,-0.12361573601571528,0.7973259186019133,0.10979029975732155,-0.002727599904563005,0.9008990589179738
AMGN,2017-12-20,137.20605636602346,138.41896409361667,136.77341476947566,136.82749938964844,3246100.0,0.001355756130309275,0.012026451784044616,-0.002759039844168029,0.0041271022668859176,136.11832733154296,135.2221649169922,135.54785987177354,0.011871829397508117,-0.07764160156247613,0.008964434694346815,2.3309119615796345,0.009656158338759104,0.06763774839970306,53.86250468265292,0.6204204610619968,0.2047815368541695,0.68756103515625,1.0954470828629908,89420400.0,-0.28752939337354105,-0.10367985721050019,0.8240469260832853,0.11312492201147964,0.0007280929868835,0.8947378381197617
AMGN,2017-12-21,137.1829023489063,137.69278082471664,136.32536391867438,136.4953155517578,2106400.0,-0.0024307081830433107,0.010018050073841099,-0.005012190188247462,0.0025974527112110667,136.32845764160157,135.48174209594725,135.63809374605776,0.007481254965652511,0.2780378723144281,0.009017977396410854,2.218338868255399,0.009685821750875841,0.062173046419189436,48.527535110215375,0.6117984597069892,0.1569276283993295,2.1013031005859375,0.7040259898694323,87314000.0,-0.2318512481317812,-0.2022509429401447,0.7761650977130927,0.11380932818956117,0.001650832040957308,0.913937797814505
AMGN,2017-12-22,136.44898838394326,137.12112086592396,135.79232212811192,136.2944793701172,1477900.0,-0.00147246137257393,0.00974946853279061,-0.0011323573421542041,-0.00033940481859969987,136.40648651123047,135.72509841918946,135.70060666263487,0.004195104351069833,0.6001820373535338,0.009048678283128494,2.1179076030562873,0.009722153511721615,0.055463901062399956,43.091735520300254,0.582050148318416,0.10174345360860498,0.7802886962890625,0.4900458910287018,85836100.0,-0.1882147103481412,-0.2596545694859014,0.7472160566010819,0.12037251261761878,0.00010521892656592592,0.9251823651440206
AMGN,2017-12-26,136.10906281112003,136.68075913497557,135.58372980131946,136.03953552246094,1339200.0,-0.0018722885000723938,0.008064047921385206,-0.0005108204202064948,-0.0013604113670198617,136.3493194580078,135.9715446472168,135.73288560166594,0.000500037529326741,0.9343513488769588,0.009036078923063016,2.0423076689578954,0.009690029422154363,0.04521504412729186,42.29374230117565,0.5317726156702349,0.04117273676833916,-0.5716705322265625,0.4501066280822574,84496900.0,-0.19689906144601346,-0.23999622189345615,0.6915768721823566,0.13264255811251094,0.0004514741032755926,0.9199896988567371
AMGN,2017-12-27,136.30997853596222,136.95892367994216,136.03957883182758,136.13229370117188,1403900.0,0.0006816148648947041,0.0067533193125553165,-0.001303535050762722,0.001987973661205472,136.345458984375,136.20138244628907,135.77092446828556,-0.0005072543602444268,1.2330227661132938,0.009033996002207344,1.8431015086673332,0.009683550416214357,0.03312762025361673,49.965664471294545,0.493720812430837,0.002496746823152929,-0.038604736328125,0.4820166486126442,85900800.0,-0.15015480360355013,-0.24912722321330968,0.6161078163341525,0.1300722656085527,0.0017379868886714537,1.0639924909627756
AMGN,2017-12-28,136.56489964282426,136.74258444618738,135.24382202997378,135.39060974121094,1637700.0,-0.005463154638169607,0.011069914073644894,-0.00859876809256692,0.0031778348097330216,136.1809097290039,136.3180389404297,135.73470401808797,-0.006803422396826233,1.499181213378904,0.008860914409443211,1.7564643638332396,0.009428527034875647,0.02578952132427769,54.919992587581795,0.3991160260506206,-0.07368643164565081,-1.6454925537109375,0.5782399994350711,84263100.0,0.051143132487688286,-0.11329464318840889,0.27272841081202903,0.004546902769762119,0.0008257636128738943,1.1214855630444254
AMGN,2017-12-29,135.39064365944205,136.01641307924567,134.2395292356156,134.34768676757812,1948600.0,-0.007732889131044523,0.013226009962524132,-0.007703315854582602,2.505212966815535e-07,136.10211639404298,136.25005722045898,135.60260713708703,-0.013962346084029416,1.602942047119143,0.007835407078070672,1.7432202907341374,0.009221446531966541,0.028648911442744788,44.19694908666926,0.2372510014908471,-0.18844116496433944,-0.787933349609375,0.7115119537732663,82314500.0,-0.2446773212283375,-0.8028820673027642,0.0,-0.11955347994607661,-0.003909120966880644,0.7396883453232068
AMGN,2018-01-02,135.46783970521585,137.37605594582647,134.7493557507267,136.7425537109375,2301100.0,0.017668871022934,0.019209091272731387,0.009409716789575176,0.008337716596308758,136.09902648925782,136.24233016967773,135.71117347745374,0.0036715721217978822,1.685912017822261,0.008620245449715236,1.8116425079576979,0.009126905211359447,0.028509817078508262,50.578693744083985,0.298773476289,-0.10153495213294927,-0.0308990478515625,0.8572647327823384,84615600.0,0.12838712378298542,-0.355643070949307,0.6471737929698171,-0.29054202923511047,0.0077100873292122365,1.2374574502712996
AMGN,2018-01-03,136.6730569925599,140.17273913897813,135.7846094001849,139.3229217529297,3084000.0,0.018694428823423974,0.03149610762954697,0.019388347774455878,-0.0005082303678817006,136.42350158691406,136.30606689453126,136.05514950368953,0.022132946296020455,1.7709371948242278,0.00943738330155813,1.9672579473974483,0.009890169440631499,0.033025626768119806,61.68394617616616,0.5494113447793723,0.11928233308593839,3.2447509765625,1.1781874861513306,87699600.0,0.34028814320211814,-0.3276977306208365,0.9999999979900447,0.0012883611294528768,0.008123046770780901,1.6211135033970838
AMGN,2018-01-04,139.54698131358768,139.72466613131172,138.09457031231744,138.7357940673828,2021100.0,-0.004223054518491674,0.01174964132329508,-0.005813004613707694,0.0016082031430214394,136.63286895751952,136.34122009277343,136.31044898594604,0.017563096274039486,1.8018301391601312,0.009495823745189296,1.9595324729105488,0.009794588595065074,0.03494839470245827,56.433052158134196,0.692682550649522,0.21004283116487044,2.0936737060546875,0.7959703288285715,85678500.0,0.39890758393892756,-0.36290370388852056,0.8819899570381223,-0.05908614519638231,0.004474530538268165,1.663522144824128
AMGN,2018-01-05,139.70919615404358,139.74010503351448,138.31086995921535,139.56240844726562,2211400.0,0.0059405113171766555,0.010240831253920162,-0.0010506660321494405,0.007016228891788345,136.90635986328124,136.5123435974121,136.62015941083362,0.022342776993474367,1.9497053527831838,0.008972717475037249,1.8728962232774222,0.009197168135727435,0.04072968022398064,68.23712524861892,0.8629790009298972,0.30427142515619654,2.7349090576171875,0.876235760277365,87889900.0,0.34317244048011947,-0.2577406378903079,0.9999999980823522,-0.23011246760333168,0.005601595185300175,1.553353617224006
AMGN,2018-01-08,139.43105835441852,140.0259304354703,137.84731443873335,139.52377319335938,2356200.0,-0.00027686970330049364,0.015614657967411022,0.0006649511237674112,-0.000941156678997349,137.2092056274414,136.7688316345215,136.89669405678845,0.020143051058590142,2.1396739196777332,0.008351773024050872,1.8480642176858026,0.00904335613066965,0.042422943080642685,63.0500920228964,0.9834856126507248,0.3398224295016192,3.0284576416015625,0.9476141735925243,85533700.0,0.45596311442481047,0.029144896348168862,0.992591116802522,-0.184393072987175,0.0032383471147614394,1.6258788383434108
AMGN,2018-01-09,139.46967152218798,142.5598985750933,139.1529204200778,141.6714630126953,3031700.0,0.015275732344624792,0.02404844336724472,0.015786883746672146,-0.00038775951892024987,137.7469039916992,137.07669525146486,137.351433957351,0.03351968584303433,2.323024902343775,0.008775990252842751,1.9479446117005677,0.0094085848517095,0.05208966311040678,73.32490003487007,1.2380174950268952,0.47548344950223165,5.376983642578125,1.2268004734494027,88565400.0,0.4480747038871939,-0.3327626034666733,0.9999999986345842,-0.22883818605207082,0.00013532575439946488,1.4534906665008163
AMGN,2018-01-10,141.11526634620478,141.91872045016055,139.3461041909827,141.269775390625,2542700.0,-0.002839373250824396,0.01821066291118764,0.001094913742650343,-0.003925961196862168,138.26992797851562,137.30962371826172,137.72460933194853,0.02884103506458444,2.420445861816404,0.00873376512258469,2.028511667742078,0.009507446828773195,0.05857714721127115,69.56278865753283,1.3912851424780683,0.5030008775627237,5.2302398681640625,1.0151876901455688,86022700.0,0.6344277731118858,-0.11242236812893383,0.9451529350327095,-0.23998492901271176,-0.0021791645929749356,1.4189900095929162
AMGN,2018-01-11,141.26972873746416,141.26972873746416,139.91003309199633,140.57443237304688,2101300.0,-0.004934246716480372,0.009672424938978732,-0.004921764702397269,-3.302416295894843e-07,138.71414184570312,137.52980041503906,137.99602105014836,0.02213797990558909,2.508432006835932,0.008792381297404122,1.998718708194945,0.009343030719853049,0.06159515952601181,65.18493966441616,1.440042572640408,0.44140664618005065,4.442138671875,0.8405065518951697,83921400.0,0.6392409015223048,-0.1568837534008379,0.8502096990084954,-0.19951295083179918,0.005454259059885129,1.2704312245012237
AMGN,2018-01-12,140.8680322957144,143.39429683839077,140.4122265216136,142.9539337158203,3111400.0,0.016785320237581666,0.020860358573309767,0.014807486028676195,0.0020885727063681375,139.47047424316406,137.825691986084,138.4682032087838,0.03720816965137462,2.634211578369161,0.009389035162860987,2.1140510946760105,0.009609674546620126,0.07066490377666391,72.4491744224776,1.651649867802064,0.522411153073365,7.563323974609375,1.2459230398055472,87032800.0,0.5825557357536217,-0.6218289044962704,0.9999999988380532,-0.21640499885877693,0.006817168122412402,1.4027224846956856
AMGN,2018-01-16,143.40198540021038,144.81576571893942,142.2817804294533,143.34017944335938,3374600.0,0.002698245923511451,0.017678122765901874,-0.00043099791595293185,0.003134238231462401,140.36972351074218,138.23591995239258,138.93220094541005,0.03692426319240807,2.8696717834472736,0.00859819959786695,2.2001358483670157,0.00954860206081629,0.07639900293576622,74.17814710671966,1.8294284634411895,0.5601517989699925,8.99249267578125,1.3339315325428935,90407400.0,0.8149939028658443,-0.7276747935963921,0.9999999988879612,-0.11667156230922793,-0.0012808574017140841,1.1530658126105429
AMGN,2018-01-17,145.00892234203124,146.24501805105487,143.6183176164502,145.2484130859375,4018200.0,0.013224787837140243,0.018084193684446984,0.0016515586767921395,0.011641836260790133,141.22030944824218,138.65966796875,139.53374495879362,0.04751738709393433,3.034295349121095,0.008668729347786898,2.329265082226972,0.009531951057760066,0.08777267860153178,78.38097880525001,2.100089266686723,0.6646500817724208,8.505859375,1.6462061916067328,94425600.0,0.8027790448704641,-0.7893124026834472,0.9999999990826298,-0.06250150732583014,0.010661719171915683,1.129574923496851
AMGN,2018-01-18,144.81579269774403,145.67333135285227,143.30930905722497,144.9239501953125,3084900.0,-0.0022363468538669448,0.016312157462181644,0.0007468625869708419,-0.0029784861603789543,141.78041229248046,139.10195693969726,140.0470978384621,0.041854143418982664,3.239755401611319,0.008550695735234584,2.432453234951692,0.009581686004849387,0.09435385190612665,76.71361807088147,2.26232973075588,0.6615124366732623,5.6010284423828125,1.2564914038539083,91340700.0,0.817423014733966,-0.7524094267701986,0.9702347448370594,-0.09759161198175896,-0.00276481231063395,1.2915500981033536
AMGN,2018-01-19,145.51878718174498,146.56946481363875,144.93164830649974,146.2295379638672,3652300.0,0.00896844154483539,0.011200312398878714,0.004884254438119496,0.004104476766130288,142.5297866821289,139.58132781982422,140.63590165992926,0.04762965253221171,3.415670776367193,0.008647948497307899,2.442935535102596,0.009594686884692286,0.10284571610573809,81.84307354649911,2.4678091216833025,0.6935934620805475,7.493743896484375,1.4594401277105016,94993000.0,0.7141277867065203,-0.9666158782648725,0.9999999991583802,-0.11677778618888134,0.005140263013677789,1.440089705294441
AMGN,2018-01-22,146.57720866950856,148.77127909487314,146.345439255556,148.5858612060547,3579800.0,0.015985416129830038,0.016326182179292704,0.01370371666085608,0.002377568242931093,143.4321319580078,140.16924591064452,141.39304066432217,0.06004609100041542,3.6941351318359352,0.009080336739062526,2.497568198486588,0.00971354080264464,0.11551014201214271,88.83275306275495,2.788642873248989,0.8115417709169872,9.023452758789062,1.4209953874611982,98572800.0,0.5054241279174159,-1.4054132877891625,0.9999999992976627,-0.07361257218795064,0.00866618283923905,1.5128382533159193
AMGN,2018-01-23,149.10345926013116,151.44430537177436,148.0218844782198,148.32318115234375,3486700.0,-0.0017694316088157837,0.02307407963452039,-0.0052331321597717554,0.003483494660092068,144.31207275390625,140.76063919067383,142.05305404413375,0.053726254762353924,3.9828642272949253,0.009056270143094394,2.5257147495798904,0.010098452162778871,0.1232295598861341,85.74157307603917,2.9872744079602853,0.8081386445026268,8.799407958984375,1.3471342439925278,95086100.0,0.5034478730211251,-1.3988109045160797,0.981551001172131,-0.14613625501152233,0.001258650809537824,1.5115383994706508
AMGN,2018-01-24,148.91035421633396,149.05714192503316,146.40726541918778,147.2725372314453,2765700.0,-0.007108684462839621,0.01799301183818804,-0.01099867765077811,0.003958741037162069,144.87218017578124,141.30954208374024,142.55014768102058,0.042198106792897205,4.256560211181636,0.009324303676808803,2.4015538043693305,0.010299080384638929,0.12554188070535538,77.09337011058136,3.0250423413751264,0.6767252623339743,5.60107421875,1.0426275858819094,92320400.0,0.47109099831436946,-1.42677582911268,0.9077603670778246,-0.11971878935177155,-0.002255965156522665,1.5501005076329604
AMGN,2018-01-25,147.86736404188377,148.1763938290785,145.93597207797058,146.84759521484375,2470300.0,-0.0028895833056040198,0.015256782025133654,-0.006896510488623934,0.004038952690165619,145.42996215820312,141.84994506835938,142.95942839852754,0.03523194981905661,4.5049337768554665,0.009360178269643969,2.44514851380602,0.010444418767021103,0.12457010283451826,77.95516572275946,2.986260677155002,0.5103548784910799,5.57781982421875,0.9118257184830835,89850100.0,0.47513061092805153,-1.4368757268040226,0.8779151071999313,-0.07895990821525695,-0.0009324580346874388,1.546001022613271
AMGN,2018-01-26,147.59698816093345,152.03919003671908,147.5506366361808,151.42886352539062,3920300.0,0.03072068527234179,0.029641333204522582,0.025961744966496624,0.005103202030603962,146.5154052734375,142.61477355957032,143.76604126775257,0.061803484630844695,4.87306427001954,0.011132314281428567,2.7138884957757483,0.011156269539241658,0.1315780777158079,82.48725875177541,3.287302022813577,0.6491169793197242,10.85443115234375,1.3828218694885361,93770400.0,0.6888773028819793,-0.48795821677257784,0.9999999994145602,-0.1817002311245802,0.013045002434472151,1.7842616550032648
AMGN,2018-01-29,151.58337606296337,155.46160274077525,151.1507343495302,152.96624755859375,4565700.0,0.010101325873355629,0.028181827429569116,0.009122844018568221,0.0010203638459376975,147.51663665771486,143.49355545043946,144.6422513906898,0.06601475640086163,5.303375396728512,0.010876019790321477,2.8661922382406124,0.01168473417608475,0.1368124464810251,84.01092715589728,3.6083388173848903,0.7761230191128297,10.012313842773438,1.5313946468102233,98336100.0,0.5621053576305863,-0.5004034753058003,0.9999999994629015,-0.18705742928399252,-0.006609475828131865,1.3615040965377494
AMGN,2018-01-30,151.5602133527489,151.7842614646026,147.2107258389995,147.7669677734375,3990800.0,-0.03458080206490513,0.03095100139440786,-0.025027977299575302,-0.009191793799519593,147.95931549072264,144.1645195007324,144.93984342714197,0.024988452673244527,5.618345184326159,0.013829081214841492,3.0339453499962366,0.012259498067754627,0.12461832998180197,63.35937599281926,3.403985339473792,0.45741563296138477,4.426788330078125,1.294239357096296,94345300.0,-0.7825525293759783,2.2492223569699044,0.6795255235476095,-0.14018600303963163,-0.011300732157548975,1.7309208731392915
AMGN,2018-01-31,148.05279720135783,148.5395117987695,142.6526204688813,143.7342071533203,4677700.0,-0.02767068043785101,0.04095678715929242,-0.029169256708902722,0.0019343255954103297,147.80789489746093,144.51410217285155,144.82502092487323,-0.005396670690299939,5.731834106445291,0.015213707473401786,3.2706792836184024,0.013155380532231361,0.11464038264236405,54.65960254506868,2.8833857806511958,-0.05054714068896882,-1.5142059326171875,1.460713103543034,89667600.0,-0.6779295300334577,1.1374022850554482,0.35124763139222237,0.16646003553228808,0.0014843833431408995,1.7356066686378617
AMGN,2018-02-01,142.92299146606408,144.33677166110576,140.86026646328258,143.35562133789062,4078100.0,-0.0026374047236005847,0.024250916464789444,0.003027013830236499,-0.005643859616458025,147.65106201171875,144.71573715209962,144.68507810706538,-0.009398534264310745,5.69305007934571,0.014756841963436984,3.4218766335608666,0.01286626989459786,0.10974285097776035,55.32225906636501,2.4124489583410877,-0.417187170399262,-1.568328857421875,1.2540109377330264,85589500.0,-0.5804411456540984,1.3858425111969692,0.3246437135762883,0.20860900553269468,-0.0026256366823206416,1.6534507751601633
AMGN,2018-02-02,141.7332631126058,148.79443116522958,141.38560315289308,144.475830078125,7029400.0,0.007783822029461326,0.05128074369484634,0.01935019984222224,-0.011317018545515553,147.47569122314454,145.00273895263672,144.6651497233568,-0.0036337856672060986,5.698532409667962,0.014755458404945939,3.7380736118151043,0.014494850652156806,0.10246939056657496,53.05987462180687,2.105350447679882,-0.5794285448483745,-1.7537078857421875,2.0069893731834196,92618900.0,-0.7085799127401302,1.5174241823230346,0.3683887911208522,0.2081244748479294,-0.02001265737607561,0.8964530721754945
AMGN,2018-02-05,144.3290530506452,145.7042030783474,134.9038515732076,135.00428771972656,6922800.0,-0.0678056888457315,0.08000006286883056,-0.0646076803929876,-0.0010159279057294951,146.1175338745117,144.77483291625975,143.74506762777295,-0.06748787064520145,5.394761810302725,0.021086853137295247,4.328528341504655,0.017752791572283818,0.11540654289289846,37.724692983067165,1.0851889711621823,-1.2796720170928597,-13.581573486328125,1.851991557050104,85696100.0,-1.6066373614169578,3.7597984052598923,0.0,0.07926765865706077,-0.04059851825235192,1.3475257402696654
AMGN,2018-02-06,137.50741852030822,139.27656878429343,132.91069514538472,136.47218322753906,7527700.0,0.010814269158089581,0.04664594269950922,-0.0075285777589975365,0.0185411207514997,144.93243408203125,144.62225341796875,143.0524119706078,-0.05635419168082934,5.138814086914067,0.021265929259957995,4.575745129448456,0.018713597536968808,0.12244711297798389,36.90645139993945,0.39064741073977416,-1.5793708620122142,-11.850997924804688,1.8835236406900357,93223800.0,-1.642446263279789,3.7322495829172855,0.0817224579145842,-0.041269686867890586,0.016662938331618443,1.281047037969953
AMGN,2018-02-07,136.16313164654085,139.82505500524172,135.96999245271599,137.10565185546875,5715700.0,0.004631002068282328,0.028117459056973004,0.006921992741578126,-0.002264575635043045,143.9157455444336,144.39396286010742,142.48605386440408,-0.05047517818802282,4.79695755004883,0.020966564783101754,4.682248004941201,0.01880805997847927,0.13011127155814572,38.44218793140474,-0.10742779489294207,-1.6619568541159444,-10.166885375976562,1.3836770314744946,98939500.0,-1.6546230630306138,3.9155889338091696,0.11698969118198506,-0.029594282902207652,-0.0046210987523158985,1.2626910775846558
AMGN,2018-02-08,137.46103753355314,139.3847083740183,133.65233784186844,133.7450408935547,6026800.0,-0.024816502389934242,0.04286043425499519,-0.02703309029725173,0.0025920570981203747,142.6054901123047,144.0177261352539,141.6535764386089,-0.07132931144914509,4.368032226562491,0.021594246457137325,4.974166284500029,0.019481096706098287,0.14529415258530926,32.60126212427815,-0.7645163342178023,-1.8552363147526436,-13.102554321289062,1.3999502904755157,92912700.0,-1.4185071661237731,2.8077657887310195,0.0,-0.04543219571939941,-0.036980981468073534,1.084798130437151
AMGN,2018-02-09,134.52531732205586,135.55281926511248,129.98267963449632,134.00770568847656,6093900.0,0.0019619957780750118,0.04156581595065048,-0.003847689370916864,0.005834058767997057,140.86337432861328,143.68938980102538,140.92539827192962,-0.06737925553136237,3.9902525329589764,0.02160859898551059,5.190480463043615,0.02023801942768703,0.15723324817256668,28.42442675550481,-1.249663538547253,-1.8723068152656754,-17.421157836914062,1.3528051076223626,99006600.0,-1.4681993756836789,2.904541771172768,0.013665364478025997,-0.050487978848999485,0.014990970395653011,1.0461251973629213
AMGN,2018-02-12,134.65664888810744,136.4876046814179,133.65232271811857,135.0970001220703,4324800.0,0.008095736414236507,0.020987009043409156,0.0032701781724033584,0.004842581225436809,139.07644958496093,143.2965431213379,140.37031273384778,-0.05722080114887717,3.556615447998041,0.021286676119151388,5.148541968025384,0.020237577643306446,0.16654440269117643,30.892847616893647,-1.528628162181974,-1.7210171511203172,-17.869247436523438,0.9473179258363617,103331400.0,-1.5024924099572747,3.1035536418997656,0.07033685508783893,-0.05831577339496593,0.013397132522867288,1.006130474430927
AMGN,2018-02-13,134.3244618674618,136.51079926733425,133.23516561834353,135.9236602783203,3834700.0,0.006100366803555154,0.024099068861767402,0.011905489057059853,-0.0057183968105174315,137.89211883544922,142.92571716308595,139.94682202379755,-0.04899088158344458,3.181462707519529,0.02134512405904587,5.193238906821479,0.02036118865247659,0.17322987579393095,33.49809501242035,-1.663825525360977,-1.4849716114394562,-11.843307495117188,0.8357534301807962,107166100.0,-1.5137742195805082,3.0921762454010002,0.11334456892317857,-0.05761314735062013,0.0032830466488410143,1.0090712642468298
AMGN,2018-02-14,135.5032977979332,140.35270587162947,135.4877265383974,139.73777770996094,5958700.0,0.027674243310133573,0.03481506156001564,0.03125001369592009,-0.0030926365544187294,137.4924758911133,142.65018539428712,139.9269130415274,-0.020416431119779112,2.8491172790527344,0.022156968963026134,5.380707305544632,0.0207628794365038,0.17395145280543894,40.589440196213474,-1.4465283307365837,-1.0141395334520502,-3.996429443359375,1.2717753674226417,113124800.0,-1.3329416239191318,2.6231581020587926,0.31177734664226386,-0.02398181804904359,0.012906016181446635,1.0498563460834465
AMGN,2018-02-15,140.11141741346913,144.00340123050992,140.0335729861715,142.9136505126953,4493400.0,0.02247295534162965,0.02777781009789392,0.020000033908420103,0.002673863214596944,137.44827880859376,142.54967041015624,140.21136422925767,0.002553356324794009,2.651293029785137,0.022818108571565496,5.314566498307037,0.0209848127748642,0.17344176663519092,38.29374211003928,-1.006450609023716,-0.45924944939134593,-0.4419708251953125,0.9448322194221119,117618200.0,-1.3312206703159286,2.3693148475440586,0.4770048922603342,0.054283933957993975,0.011774651350492365,1.0767532965352846
AMGN,2018-02-16,143.06932452862108,144.8751988061058,142.1975120950223,142.87472534179688,4365800.0,-0.00027240555899280217,0.01874150032259186,-0.0013601740797013159,0.0010892872400032896,137.28816833496094,142.38192977905274,140.46501766854712,0.00346108219988907,2.386712493896482,0.022709824086107767,5.197910664009784,0.02107988327754062,0.17196360974862018,35.530576310819626,-0.6532959904425866,-0.0848758646481732,-1.601104736328125,0.9111665804017164,113252400.0,-1.2864500819648588,2.347314213285992,0.4749797763788747,0.037852068702331286,0.0010410860981205723,1.0720636879541947
AMGN,2018-02-20,142.36099266962339,143.46631471891388,141.77719505981125,142.43104553222656,4078400.0,-0.0031102081522469366,0.011859209856887896,0.0004920790540267467,-0.003595686157537627,138.03084411621094,142.07418899536134,140.65225841746897,0.0025117619138890473,1.95314956665041,0.022355410417080043,4.907453373974669,0.02102419707242274,0.16737708632651624,41.141135359408544,-0.40455619157188494,0.13109114737802274,7.4267578125,0.8467787981405083,109174000.0,-1.231111340481241,2.428580255389181,0.451896948278052,0.03816942000437414,-0.008246204459212154,1.0512099763922107
AMGN,2018-02-21,142.594488242164,144.39258265407756,141.97954821995344,142.00289916992188,4054600.0,-0.0030105175113203674,0.016992853302499524,-0.004148751326470987,0.0011475216609321411,138.58391571044922,141.75817489624023,140.78089087008354,0.0017263503417758188,1.484957733154289,0.02235682402613236,4.65932073856295,0.020921676062530013,0.16254305994271648,46.73481944138283,-0.2392183815684632,0.2371431659051556,5.5307159423828125,0.8369033379327996,105119400.0,-1.2216554420126855,2.4102935073978538,0.42962226128554987,0.038426032014409306,-0.006440306949350164,1.0514244941150785
AMGN,2018-02-22,142.0652260875311,144.12798517530177,141.6760276042606,142.01852416992188,3868200.0,0.00011002691157611724,0.01726505457912978,-0.00032873574269647016,0.0004389129938442001,139.07520294189453,141.49547424316407,140.89876070816337,0.003696584145574369,1.0921704101562568,0.02232744592496594,4.586138765221378,0.0209098931806112,0.15869541257043968,47.44328294280969,-0.10570763718894227,0.29652312822774124,4.912872314453125,0.7894462936923073,108987600.0,-1.2794233761561247,2.5411713063179295,0.43043516550452854,0.03752574921178145,0.0035845760888891074,1.0460118754757746
AMGN,2018-02-23,142.9369934076718,145.39671801456248,142.26757175378214,145.30331420898438,4163400.0,0.022865878743874874,0.02153527108321707,0.01655499213253758,0.0064672495585927255,140.2310302734375,141.4182601928711,141.31824199395584,0.027472081828858002,0.8411141967773403,0.022994779175006683,4.298236324671671,0.021013656579964863,0.15687923173272533,51.461299675566146,0.2621339763348942,0.5314917934012622,11.558273315429688,0.8352617942058904,113151000.0,-1.287489619010719,2.2951743956894046,0.601329225102159,0.047679973012583456,0.014672889782376002,1.068472636811325
AMGN,2018-02-26,145.91828618140087,148.18341210379762,145.58356934255704,146.72781372070312,4943600.0,0.009755883354830998,0.017718813463610858,0.005547814194417508,0.004232332729396707,141.50304107666017,141.1832077026367,141.83343930126512,0.03927241849997199,0.3949234008788949,0.021926581203343256,3.732503923934059,0.020761245839205796,0.14698208294784695,78.9237664785129,0.660976979588014,0.7442678373235057,12.720108032226562,0.981708636915152,118094600.0,-1.489439116590463,2.8359694726725646,0.6754400515347485,0.03711880819134136,0.011966135758548796,1.01074399479258
AMGN,2018-02-27,146.98466476155872,147.9732319935838,144.43152428431287,144.6183319091797,5016100.0,-0.014481184714880128,0.02449003291985912,-0.016099181885523506,0.0017505272813817736,142.4551742553711,140.76581192016602,142.09866716868555,0.027368293028413686,-0.17411697387694858,0.02193580774973917,3.5307777861027887,0.02067249642565544,0.12722017330856736,69.48108911295736,0.7976505615071119,0.7047531353940828,9.521331787109375,0.9916709995393646,113078500.0,-1.3216683532754527,2.437914656282658,0.775449130566382,0.06743089102694431,-0.012326524418566088,1.0304699129316288
AMGN,2018-02-28,144.68837692261252,145.8637516192825,142.98368631372537,143.04595947265625,4544000.0,-0.010932104840529741,0.020133845906410756,-0.011351412496905171,0.0004843439452532225,143.1674041748047,140.52976150512694,142.18888548334942,0.017905089573766266,-0.5683741760254009,0.020771140459234505,3.461135125605032,0.020436327732944265,0.11968064036456388,63.59540924799616,0.770209548854865,0.5418496981934687,7.1222991943359375,0.8934522767893132,108534500.0,-1.5436849327034818,3.918029612826635,0.7164046306416337,-0.020872956160148958,-0.011725217988990934,0.9872335417577853
AMGN,2018-03-01,143.38845287876308,144.4470728034417,140.40719226825348,142.6723175048828,11757800.0,-0.002615458728936352,0.02831579808781025,-0.0049943726953087745,0.0023942892715700546,143.4608581542969,140.47666702270507,142.23492662825737,0.01563000125723982,-0.7394459533691418,0.019866197760919586,3.3402429829649156,0.020066497743743705,0.1186995464736596,73.66750971283032,0.7101266663123056,0.3854134525207274,2.934539794921875,2.1614020123550177,96776700.0,-1.8424680613290862,5.698171639166348,0.687624802752763,-0.02739954970661364,-0.01169356097143382,0.9949540346541205
AMGN,2018-03-02,140.9365603079958,144.62616640020485,140.92878061378156,144.0657196044922,19115500.0,0.009719066797458603,0.025664577226100962,0.02220260867483985,-0.01216604052729162,143.57606506347656,140.51217193603514,142.40928786408926,0.0252899632785885,-0.8636920166015614,0.019978729720640204,3.2064748512368544,0.020100734855242674,0.11948759080158121,75.15697298980687,0.7661151547015095,0.353121552727945,1.152069091796875,3.08724572072745,115892200.0,-1.9076688611008004,5.780818411322162,0.7949518057811411,-0.02798046468368232,0.004150866942490475,0.9987293195458072
AMGN,2018-03-05,144.04235470719325,148.43251293056204,144.00343248509674,147.99661254882812,15187800.0,0.026919803712754955,0.0299269041985946,0.027452049431384372,-0.00016218221352780666,144.0882537841797,140.6882110595703,142.9414140245406,0.051947504586317396,-0.9147427368164074,0.020813884784322438,3.3203175999629946,0.019327324632035525,0.1262142921514346,78.2488429986801,1.114825628005292,0.5614656208253819,5.12188720703125,2.3012916525561447,131080000.0,-1.7203013731178094,4.950919237356341,0.999999999298323,0.10965850781635864,0.010319497692808035,1.126014821754583
AMGN,2018-03-06,146.49430139489678,149.17198876270868,145.5057339577046,148.16786193847656,18446500.0,0.0011564480110603991,0.024743927306762503,0.011424065834946408,-0.010150983377647858,144.66193542480468,141.3463897705078,143.439170968725,0.04826067492098099,-0.483371276855479,0.01361754788362086,3.3482191111068067,0.016665704562793062,0.12811400605951262,77.60600864747636,1.388988193693848,0.6685025492111503,5.73681640625,2.5706290665800804,149526500.0,-0.019875553092227324,0.05889331733224187,0.9999999993066543,0.25662923923283537,0.0032199412175804997,0.8495019847827744
AMGN,2018-03-07,147.68521835028923,148.06663704991698,145.10094720631935,145.97274780273438,7009900.0,-0.0149258879296256,0.02031673643360762,-0.011595409254114458,-0.003257410762853125,145.05892028808594,141.82141799926757,143.6804640005354,0.02927152937850507,-0.19789169311525256,0.014208313298206801,3.2197859253157453,0.015673435050884345,0.12655391148945072,65.16456624475143,1.4128501794168926,0.5538916279473558,3.9698486328125,0.9804083368065365,142516600.0,0.1273082638913532,-0.2564879801219769,0.847802719219546,0.2623773151289679,-0.000787448536337026,0.8919032440622847
AMGN,2018-03-08,146.26077478922087,146.64997324462314,144.40040664749372,145.6847686767578,9192600.0,-0.0019747766012665003,0.015441330055036194,-0.0039382131900583435,0.0019731558857529747,145.42554473876953,142.25037384033203,143.87135016017564,0.024143309741179973,0.04325836181641307,0.014256410085999264,3.0757818593572046,0.015358065859276826,0.12434613406687348,57.84139660520479,1.3924719168209663,0.42681069228114343,3.6662445068359375,1.2551637976057592,133324000.0,0.2000872887750619,-0.28053378288874437,0.8278358122684064,0.3187969830540786,0.004739628537839573,0.8919739770282705
AMGN,2018-03-09,146.33861287950347,148.96959812459247,145.03091182726115,148.75164794921875,5674100.0,0.02083295421583023,0.026478269999912304,0.016489394167636347,0.00448807523727065,145.77037811279297,143.00070419311524,144.3361404257988,0.040216191861105456,0.5393464660644725,0.01320789450671295,3.1658532583749053,0.014731362564568137,0.11661036677623304,64.19700570902829,1.605288753709118,0.5117020233354361,3.448333740234375,0.7766154452594307,138998100.0,0.3529576030945157,-0.8051663708144504,0.9999999993217553,0.28546655223022216,0.01633085149772792,1.068021962678327
AMGN,2018-03-12,147.50621717053048,148.19898995813534,146.5877145009082,147.3505401611328,6972400.0,-0.009463748000251683,0.010934981680183642,-0.0010553928667134565,-0.008372551133775958,145.83265075683593,143.66784591674804,144.62322611487824,0.025633392224164112,0.9821232604980423,0.013603693508951908,3.1997685290326143,0.013690035693143723,0.10286498308775184,61.35870078368426,1.6419624205552736,0.43870055214527337,0.6227264404296875,0.9486110081270838,132025700.0,0.3877336908869475,-0.9422001307649137,0.8973896789725968,0.2010991905629109,-0.001844399443937739,1.2056837362098936
AMGN,2018-03-13,147.5840051446689,148.54142966965514,146.82895946672508,147.7007598876953,4712900.0,0.002373959314748301,0.01159418681550552,0.0007911070235013375,0.0015844189188637722,146.1408935546875,144.29803390502929,144.91632456943225,0.02358123593635069,1.3661082458496026,0.0135914011444933,3.1497282268044677,0.013486846944092426,0.08862621365304854,63.203395547798685,1.6799212839291044,0.38132753241528317,3.082427978515625,0.6395124784246464,136738600.0,0.45815520280926525,-0.8887455061169447,0.9180784938632061,0.2029217091486926,-0.004767227796135538,1.243631334518746
AMGN,2018-03-14,148.81387613880418,149.934769292715,147.73969676413225,148.3390655517578,3613300.0,0.004312302591539605,0.014797669922066894,-0.0031906338264013094,0.0075362933268266485,146.67020416259766,144.91880416870117,145.2422999010823,0.02360122554610019,1.707050933837877,0.013586468964053876,3.134160500660077,0.013235537482559592,0.07294635811826207,64.23549465769007,1.7414357024073013,0.354273560714784,5.2931060791015625,0.4910409121486183,140351900.0,0.48061434542565,-0.8695591478636878,0.954228051208646,0.2102486011641833,-0.005901255115688689,1.2003146883102542
AMGN,2018-03-15,147.93428125113803,148.58035187646058,146.2685129454185,147.7007598876953,3320500.0,-0.004312302591539622,0.01565218034626151,-0.0015785479975820188,-0.002728777474188317,147.1730484008789,145.31695327758788,145.4764389474264,0.016404187923991384,1.8860359191894531,0.012513407101064383,3.0579922925458964,0.012536798080201726,0.0663611375606651,56.130492291964984,1.7188663681569096,0.2653633811715139,5.0284423828125,0.45948683602387863,137031400.0,0.6366267235428705,-0.4560634820112671,0.8442840140693805,0.06596874718266056,-0.0008639035486358139,1.127922420597638
AMGN,2018-03-16,147.70076529828523,148.08996362581695,145.7392024018561,146.525390625,16878400.0,-0.007989606042822554,0.016043371144985535,-0.007957810312705801,3.6632106192942936e-08,147.41901550292968,145.49754028320314,145.5763391071953,0.007064382942805825,1.9225735473632994,0.011809142491773965,3.0201825303421543,0.012153020649340701,0.06477084143172178,49.47570522508394,1.5878339700174706,0.10746478642565993,2.4596710205078125,2.1512683872497225,120153000.0,0.869337009285831,0.23715711819244162,0.6701229511239972,0.10887870090153763,0.0034493655691762368,1.0373184644836404
AMGN,2018-03-19,145.78595302964501,146.2841265803042,140.63296925150829,142.0963592529297,3970400.0,-0.030693314532327435,0.03976989529152479,-0.025308294112293947,-0.005046480969618541,146.82899017333983,145.45862197875977,145.2449124544081,-0.023114908419255092,1.8164439392089946,0.01375948511788149,3.188090649215068,0.013015783195424548,0.06620362938497083,44.168544860006975,1.1137652412813281,-0.293283153848386,-5.9002532958984375,0.5073332294065183,116182600.0,0.20958171021804192,0.5194847914017163,0.013848505245303363,0.18551543965704428,-0.013439722782161299,1.1815812371660852
AMGN,2018-03-20,142.49330653672266,143.24057263953466,141.02213716069775,141.69155883789062,2582200.0,-0.0028528394887833573,0.015656793510014397,-0.005626563930042628,0.002793507770923304,146.18135986328124,145.42164764404296,144.9064978242636,-0.025650161902185938,1.7368865966796818,0.013756736354921138,3.1408313758779087,0.013087192682610002,0.06770628810852837,46.6895266681784,0.6973596202310262,-0.5677510199189504,-6.4763031005859375,0.33313508471580566,113600400.0,0.20673361671380938,0.5217245691163628,0.0,0.18053718534348823,0.0026085278759049495,1.2084857011692083
AMGN,2018-03-21,141.22451373059553,143.25612968117403,141.2011627787698,141.34906005859375,2531100.0,-0.0024201398923047158,0.014538242430139837,0.0008819030401181351,-0.0032962098174771234,145.7189910888672,145.38895568847656,144.56769422753314,-0.02778681235278318,1.667688903808596,0.013750977851466596,2.999051830679053,0.013035239134998988,0.06914105897969183,46.76071636947429,0.3358469419117398,-0.7434109585905893,-4.623687744140625,0.3297835123878914,111069300.0,0.2001149299167588,0.5262974955675741,0.0,0.1824210035426279,-0.001052141172854319,1.2340269989768957
AMGN,2018-03-22,140.04914510943487,140.69521585232874,136.99783120337406,137.0601043701172,3553000.0,-0.030812886723279493,0.02697637409475672,-0.02134279889378861,-0.009196488102715495,144.8565246582031,145.14103469848632,143.852685669684,-0.05567640016592366,1.5119950866699128,0.015318420242200011,3.045754907021652,0.013319064802292458,0.08406322105114766,34.97984095224511,-0.29335571786830883,-1.0980908946965102,-8.624664306640625,0.4638820253875204,107516300.0,0.02904206875605657,0.12506992337527736,0.0,0.19377503940142157,-0.023800706909851553,1.243693616119416
AMGN,2018-03-23,137.4415069623415,139.47311088706525,131.82148200407514,131.8837432861328,4529600.0,-0.03849874581690476,0.05801798381161551,-0.04043730164957729,0.0027827396891101507,143.16973419189452,144.47005615234374,142.71278639506008,-0.08712056464447317,1.028737182617192,0.016160009115680603,3.275936938273424,0.01504237716299438,0.11772540595900333,17.20517600028323,-1.1959067689213043,-1.6005135565996047,-16.867904663085938,0.5899771868367462,102986700.0,-0.2026839072128035,0.3359142929384404,0.0,0.3143921193815727,-0.019473118544914864,1.3035807473718382
AMGN,2018-03-26,134.491355764216,136.8965982675466,132.41303838855657,136.36729431152344,4217100.0,0.03343113705066455,0.03287855714690353,0.013948394948120309,0.019772053879497112,142.0714096069336,143.95203018188477,142.10845381567563,-0.05268932894366229,0.5948539733886662,0.018093270706267147,3.3721226651598317,0.01551193467419897,0.12728712670465508,29.568578342791326,-1.5317429035451084,-1.549079752978727,-10.983245849609375,0.5518854220377267,107203800.0,0.17467578827512312,0.31502971529931323,0.2658036734428836,0.03678064710759972,0.025769793885821964,1.3452033349834656
AMGN,2018-03-27,137.12240183364293,137.2780788393892,132.18736829938186,133.22262573242188,3963100.0,-0.023330332346072753,0.03821205678855217,-0.028440109340793662,0.005537306624229759,140.62359619140625,143.3822448730469,141.26218447441337,-0.07085688433474112,0.21969482421874886,0.01846833879510598,3.5166795085776976,0.01599335900395404,0.1440915559870859,28.627283470004755,-2.0282633754032418,-1.6364801798694883,-14.478134155273438,0.5222432039596184,103240700.0,0.1850867262401007,0.11051478131268852,0.07937455613116869,-0.10170025583088,-0.01548332314726628,1.3633933683103865
AMGN,2018-03-28,133.37830433416485,134.2734559562492,130.78624141128745,132.68553161621094,4545900.0,-0.0040397019179698596,0.026281799548788877,-0.00519404352463687,0.001168559776442616,139.05824279785156,142.8642234802246,140.44536039267982,-0.07124731172057654,-0.08523361206053437,0.018396258013962524,3.605082933422864,0.016158672828555376,0.15939876396585384,28.39017703496866,-2.437006143247345,-1.636178358170873,-15.653533935546875,0.5990350132203057,98694800.0,0.12842417181596041,0.15194495853872686,0.047533368584744315,-0.09653454128684345,-0.0016310739555469409,1.3879140629330045
AMGN,2018-03-29,133.09803967449747,134.07103543008725,132.04719950750467,132.7010498046875,3769800.0,0.00011694780053442159,0.015251092026485898,-0.0029826875796280963,0.00310891514140141,137.5582717895508,142.36566009521485,139.7078070033472,-0.06788582502313838,-0.3328497314452932,0.01841401352345052,3.4683079066550966,0.015835529125950452,0.17224897017068608,20.30503138617472,-2.728236135574406,-1.5419266803983471,-14.999710083007812,0.5243622297287429,102464600.0,0.10382089893608408,0.13359352002007507,0.04845335175854794,-0.10025620193006957,0.013960210187430176,1.3591618831626577
AMGN,2018-04-02,132.26516859051767,132.7789132737801,127.119965821375,129.25277709960938,4759800.0,-0.026328852998197445,0.04378201830080593,-0.02277539523829151,-0.0032846855003134134,135.8310104370117,141.6250129699707,138.7120898696579,-0.08735911553268247,-0.7600733947753895,0.018794417229645276,3.71795176409042,0.016519030487371536,0.19135824968554638,18.875257502000977,-3.200392657197881,-1.6112665616174575,-17.272613525390625,0.7354995426113186,97704800.0,0.2945855486131785,0.04048117490411896,0.0,-0.19710040659780137,-0.02227511690894611,1.2973340913153117
AMGN,2018-04-03,129.96889865099604,131.72029123545317,128.49772935514767,130.94189453125,3374000.0,0.012983672184155358,0.02461062513141219,0.0074863747431355545,0.005540473229714674,134.71556396484374,140.77227706909179,137.972071266,-0.06983180738787781,-1.3070564270019531,0.017738595792320788,3.825815455331523,0.016352165009716462,0.19892119154921614,22.4468169974878,-3.399099736205642,-1.4479789125001747,-11.154464721679688,0.5737285383185706,101078800.0,0.1877768633337734,0.2611021673592168,0.08662642282223225,-0.3169535689732569,0.01278919152636652,1.2337591754908026
AMGN,2018-04-04,129.34623605218633,135.65125689249638,129.120506134301,135.0674591064453,3796700.0,0.03102067911042682,0.04835177030352338,0.04423184801412147,-0.012186004217946151,134.05315399169922,140.11725692749025,137.6954415365186,-0.036039799320780094,-1.6917085266113077,0.019581310292412148,4.13272555198693,0.017324265135023817,0.19652567569472876,30.424844662344285,-3.1869408748860906,-0.9886560409444987,-6.6240997314453125,0.7374610068488096,104875500.0,0.2873562948102669,-0.1731257476417667,0.29820608837820795,-0.1577047045483323,0.011083162496918347,1.3114180842107706
AMGN,2018-04-05,135.44102495770122,135.775729835472,133.09805518113276,133.8842315673828,2766600.0,-0.008798867706576226,0.019999925480332435,-0.011494252873563213,0.0027657724053393247,133.30667114257812,139.51283111572266,137.33246915850566,-0.04034467298331188,-2.007355346679674,0.019458812121624182,4.1588566750795835,0.017317694313481232,0.19707626570601236,29.943508331103544,-3.0787896518984326,-0.7044038543654727,-7.4648284912109375,0.5604744564364108,102108900.0,0.24918674761198178,-0.11438192439508295,0.23752423928132113,-0.16426652608840553,0.005681568136716464,1.2865276391616312
AMGN,2018-04-06,132.99687893739747,133.6663006666052,129.36954696570461,130.879638671875,3747800.0,-0.022697370917895754,0.03282981023253634,-0.015919473317257828,-0.006627760562966272,132.6886245727539,138.7725746154785,136.71791387406464,-0.05687677097202992,-2.4197538757324253,0.019873105892067703,4.313422630630822,0.017743870482075496,0.20091961056985555,28.433487407895996,-3.198652489918402,-0.6594133539083535,-6.1804656982421875,0.8035703756591805,98361100.0,0.35994324937472955,-0.26938902782322743,0.08343362977163778,-0.16540915152147753,-0.02060042609776417,1.2589189543672545
AMGN,2018-04-09,131.70473675517528,134.62372476782275,130.76288327443424,132.0316619873047,3856800.0,0.008763645272173525,0.029241785154228685,0.002482258726480963,0.006304250926065421,132.7034164428711,137.93657531738282,136.27160417056368,-0.04280890196448129,-2.9594345092773438,0.019200271054829705,4.168309782052021,0.0178091540424922,0.1945367378757346,34.7487238964097,-3.164210944800999,-0.4999774470327605,0.147918701171875,0.8433721766778116,102217900.0,0.3792423921969291,0.03442111716876851,0.1455958759717136,-0.19162819944950363,0.0020443938012630323,1.2536174595959808
AMGN,2018-04-10,133.02022664051114,135.3476373127424,132.41307809599732,134.7638397216797,2872300.0,0.020482153805635797,0.021775568452232105,0.013107879344399885,0.0074873302231210775,132.5430709838867,137.30724029541017,136.12800755638423,-0.018523426501461042,-3.25546905517578,0.02006034608016494,4.24670548538065,0.017990994300149478,0.1852825278000322,40.193929162766324,-2.8832159440916314,-0.17518595705871398,-1.60345458984375,0.6575680535889461,105090200.0,0.2164325271484182,-0.44819876620496435,0.28874459447680184,-0.12499513276343878,0.016110192619049064,1.2673963341976122
AMGN,2018-04-11,133.7285771191166,135.4955412402934,133.57290012935232,134.20339965820312,2575900.0,-0.004167354179326071,0.014326321954866748,0.003550643769009646,-0.007682050353426783,132.64114837646486,136.63237228393555,135.94471156608128,-0.0177774314031874,-3.555080108642585,0.019999631971807257,4.237253643133281,0.018025936063648537,0.17268581986667217,39.94745952777973,-2.674913473453188,0.02649321086378409,0.98077392578125,0.6044989515900981,102514300.0,0.27073796251884086,-0.39171171437295516,0.25938110326749647,-0.12728642493569758,-0.0029192408462461457,1.2754488992886954
AMGN,2018-04-12,134.41357456367479,135.52668833650722,133.07474278729012,133.12144470214844,3471400.0,-0.008094727345876964,0.0184188622254152,-0.009613090535838972,0.001566092260009404,132.6847396850586,135.8714912414551,135.6758290076115,-0.020240055615637482,-4.023050689697243,0.019900668442975823,4.101590549847382,0.018083781026993383,0.15471914919653015,43.90952102754122,-2.567539984707139,0.10709335968786649,0.4359130859375,0.8160089513224826,99042900.0,0.3729830425404965,-0.28210413307693,0.20970680886261744,-0.1292273999127446,0.0074865968887517466,1.2597075982571253
AMGN,2018-04-13,133.9699013321169,134.21898218320428,132.94241164321951,133.47950744628906,2656400.0,0.0026861341383050985,0.009563794206376142,-0.0036604780697131038,0.006373553350978425,132.76258544921876,135.16042861938476,135.4666555255808,-0.012436488921096977,-4.529019317626961,0.01997869899139357,3.646229239632714,0.018006534624198395,0.1324303945955438,52.899674264933395,-2.42559233177289,0.19923281009769234,0.7784576416015625,0.6293422160834795,101699300.0,0.31389684437747045,-0.3605932139649924,0.24470705246888966,-0.13134709886525164,-0.0014060486809503085,1.2588974101716086
AMGN,2018-04-16,134.46805699742512,134.76385160374252,133.16035597929366,133.4016571044922,2656400.0,-0.0005834083056107846,0.012020057765795714,-0.007930507190665775,0.007406002389796378,133.17747344970704,134.50424194335938,135.26998900928663,-0.008197398259985684,-4.986126708984386,0.019986555579357478,3.4027035712780767,0.017949980814806858,0.10695944665808857,43.583806403648815,-2.292947988998833,0.26550172229739966,4.1488800048828125,0.7568490077112326,99042900.0,0.25281426155419034,-0.39132787763649163,0.32303137490189476,-0.1445504120137112,0.007210403329218193,1.2558633033170725
AMGN,2018-04-17,134.66264779770168,136.70983520371564,133.55732575551636,136.12603759765625,3283900.0,0.020216648135708577,0.023158754223913152,0.01086708024747116,0.009452586426432256,133.69588775634764,134.2057258605957,135.35151744627422,0.014308716895248232,-5.117646942138691,0.019761488624275667,3.275379825507799,0.017436348063434647,0.09399986449804269,56.39792068754498,-1.945564399177016,0.49030824969537345,5.18414306640625,0.9448739602185591,102326800.0,0.07826687454349215,-0.4559959519465297,0.5525670147718926,-0.13655136780087507,0.008992005740867908,1.248749410059019
AMGN,2018-04-18,135.91582491022803,137.12234196341302,135.78349891925004,136.30502319335938,2205600.0,0.0013139883604752268,0.009822404287065276,0.0028635244158538133,-0.0015442503957218262,133.81964416503905,133.93639907836913,135.44232751742518,0.017684693117696153,-5.41298843383791,0.01977354004292362,3.1219247183078878,0.01735997757043345,0.07987337666827939,58.10376198873843,-1.6369480416915678,0.6391396857446572,1.2375640869140625,0.638072590303935,104532400.0,0.04329879181772815,-0.4666170448713088,0.583009351867214,-0.1218925142311091,0.00048787747877421467,1.2515309783779587
AMGN,2018-04-19,135.80692282180001,136.53082631616005,133.7208127273111,134.60818481445312,2269400.0,-0.012526968183009557,0.020875503170348194,-0.008826781304218358,-0.003654306788479583,133.89203948974608,133.5993553161621,135.36288535523738,0.007551155437117433,-5.712752227783199,0.019918060389985618,3.1780802658983416,0.01747579430577129,0.06110371346115952,53.97096612672423,-1.511860247201838,0.6113819841875099,0.7239532470703125,0.6590244150337948,102263000.0,0.11726166298879173,-0.5394457114071586,0.6859463581364579,-0.13565312968915239,-0.008616804179971281,1.2511152452272998
AMGN,2018-04-20,134.7405011205467,135.0285041577747,132.77115801634727,133.54176330566406,2958600.0,-0.007953961121877273,0.016903671821829912,-0.008896640615950902,0.0009829737045779121,134.158251953125,133.42343826293944,135.18944516003992,0.000886838506525637,-5.81739151000977,0.018856449842327903,2.935108743685652,0.01725512681143522,0.05610560552662238,59.91368820675893,-1.4816984744742285,0.5132350055320958,2.6621246337890625,0.8666448926506838,99304400.0,0.13154854236364058,-0.22767953736844648,0.6028499295558378,-0.3287441868882797,-0.008255816554962367,1.2497835342206975
AMGN,2018-04-23,133.58844028677302,137.7528674585915,133.30043730329172,135.95477294921875,3568700.0,0.017908015916123832,0.032749347880289915,0.01771360349268204,0.00034953096285032624,134.5505630493164,133.62698974609376,135.2623335209141,0.01742000779594035,-5.658034667968735,0.017208106852516433,3.0229564776138154,0.016118159766140415,0.057354707957512664,61.21171912753602,-1.2486912054784511,0.5969938196222988,3.9231109619140625,1.0602796949322748,102873100.0,0.2728744685227404,-0.5734082152069725,0.9420169549897155,-0.1704732629009235,-0.0005242076190022167,1.151572240866599
AMGN,2018-04-24,136.6475680067296,136.81102469223111,132.74001253370048,133.83755493164062,4389400.0,-0.01569549066479537,0.030417562250072194,-0.020563945016208424,0.00509577591490395,134.4579345703125,133.5005027770996,135.12664032193567,0.0025247257315861153,-5.781118621826181,0.015819500621613,2.847260863352048,0.016007945575560543,0.0541106550429711,46.977704085497045,-1.2208004382318052,0.49990766949515586,-0.9262847900390625,1.3007845781133083,98483700.0,0.3029522954427455,-0.5144255852387873,0.6501159722139185,-0.0767672724880271,-0.01377426233268643,1.1030861850632383
AMGN,2018-04-25,135.17637444969372,136.56191963244285,132.59209169160096,136.08709716796875,4693800.0,0.016668313187510712,0.0291712294806468,0.006737292089557803,0.010003317220916958,134.64630432128905,133.64372634887695,135.21811240251023,0.018282719928905435,-5.657696990966798,0.015374777343127187,2.939557526673667,0.015690685782506812,0.056693504762738586,55.14363792483014,-1.0055857790781317,0.5720978629190636,1.883697509765625,1.37609353378521,103177500.0,0.1604553954564647,-0.5823163678172009,0.9690983507687368,-0.1612130969503999,-9.948741177896821e-06,1.0605037128442205
AMGN,2018-04-26,136.54639903175405,137.52717496667645,133.72081414753598,136.50747680664062,3682400.0,0.0030842871579746254,0.02788389990192327,-0.0002850476130415774,0.0033750581307381033,134.9849075317383,133.83482360839844,135.3409090124274,0.01996978907419782,-5.47827606201173,0.015330214852092301,2.888962970778116,0.01574537954255552,0.05927093993716463,64.94437583266071,-0.7919760803135034,0.6285660493469536,3.3860321044921875,1.0934189682536148,106859900.0,0.08683664702921147,-0.5631368359052927,0.9999999986215832,-0.15301965625096783,0.012555340104537063,1.0028472124031609
AMGN,2018-04-27,136.1571431640728,138.4923331581734,136.11044126457327,138.13427734375,2424800.0,0.011846848040920321,0.01724330802898946,0.014520972853364709,-0.002566406256736085,135.45038452148438,134.10648498535156,135.60694409160098,0.030034284761384946,-5.174544677734389,0.015499027823711126,2.7833237136503755,0.015785192753456263,0.06507747006964014,65.8065576854521,-0.48581942355968977,0.7477781648806139,4.6547698974609375,0.7346687733958283,109284700.0,-0.025291474198950923,-0.6833180050677559,0.999999998874064,-0.17364574999638904,0.0013734618111527026,1.0967642295436604
AMGN,2018-04-30,138.48457387771157,139.13064462991971,135.71348324334863,135.81466674804688,3608700.0,-0.016935024450379685,0.025160473963466264,-0.019279455140052984,0.002535913175915405,135.69168548583986,134.43457946777343,135.62672720173867,0.010265865268721853,-4.704470520019527,0.014739284568460699,2.7905512894456166,0.01503711605171912,0.056145830052395956,52.78121726263314,-0.42545685483645457,0.6465125868830794,2.4130096435546875,1.1127728200605616,105676000.0,0.1485699760512344,-0.837707030938708,0.6802582861227199,-0.15459629847889653,-0.007773288424855274,1.1037529695888615
AMGN,2018-05-01,134.00099311868996,135.4332521372598,130.75508016049497,131.76699829101562,4799400.0,-0.030256013469830607,0.03550336607374792,-0.016671479633703908,-0.013354033645876432,135.2557815551758,134.47583465576173,135.259133972146,-0.020143666493540092,-4.441060791015616,0.01618088338563321,3.0146188234892475,0.015405697675038415,0.05396426530293181,44.55643346706559,-0.6962066638924114,0.3006102222616982,-4.359039306640625,1.448110432224485,100876600.0,0.071841069801504,-0.6308185785868818,0.12231617011576408,-0.0814137568409299,4.0145019975135427e-05,1.1307222604380525
AMGN,2018-05-02,131.78255979474605,133.16032523873858,131.00416311772733,131.8837432861328,4085700.0,0.0008856034468100437,0.01634896058669851,0.0007678063891334208,0.00011809864330411375,134.81365356445312,134.3166488647461,134.9376681925257,-0.018113209339098157,-4.389300537109364,0.014441658020143416,2.9934914357602582,0.014079684016865157,0.05650377892581426,47.109999173410024,-0.891085612529281,0.08458501889986292,-4.4212799072265625,1.227416108390663,104962300.0,-0.12642408104624128,-0.6620502754099574,0.13840863181325197,-0.034781001123124135,-0.008334711246516167,0.9340536590798687
AMGN,2018-05-03,131.76699150936798,132.59209010524685,129.25277351152388,129.51742553710938,4152900.0,-0.018105369613346897,0.025782759191474103,-0.01707230275572221,-0.0008852628372211609,134.30457763671876,134.09830856323242,134.42145460629558,-0.03416063241366678,-4.357931365966806,0.014838739749493964,3.1408304395987017,0.014241350137723199,0.0650252211374832,41.54188130183737,-1.2223798159414798,-0.19736734760986874,-5.09075927734375,1.2221546991405277,100809400.0,-0.09093199061028558,-0.8647079139245782,0.0,-0.08905173416006834,0.0003045932939377974,0.9793373906812533
AMGN,2018-05-04,129.18272831227011,131.93824754828825,128.60671044829272,130.7550811767578,3430000.0,0.009510531743150724,0.025479217098201168,0.012171540925245744,-0.002584186826222567,134.02590942382812,134.09208068847656,134.07227618443483,-0.024885880617150535,-4.1388903808593795,0.014178140794053554,3.2642619735663203,0.013977112472794456,0.06532162522953594,44.61674833548316,-1.3692801827917265,-0.2754141715680922,-2.78668212890625,1.0141553017703366,104239400.0,-0.2668920032955622,-0.5998417750679714,0.14363199762334444,-0.08333568900259582,0.012665760092020134,0.9337655078176358
AMGN,2018-05-07,131.22213722542477,132.27296580506444,130.38146723527734,130.81736755371094,3175800.0,0.00047624570884801,0.014459078371306413,-0.0030846142295220206,0.003571991577410166,133.51216888427734,134.03136596679687,133.76228488627063,-0.02397944980939853,-3.909886169433605,0.014029026071578129,3.163070578606581,0.013558456998956,0.06760924393592839,37.89051976484757,-1.46380001640415,-0.29594720414441267,-5.1374053955078125,0.9485450594744741,107415200.0,-0.19075788463917387,-0.5190383759381124,0.15086043537282962,-0.14196941422080434,0.003579245819555702,0.9226061908019135
AMGN,2018-05-08,131.40119573203665,132.71668856304487,130.38149756193556,131.15211486816406,3937700.0,0.0025556220789562465,0.017805210411259282,-0.0018955753217081604,0.004462925598055697,133.24362487792968,133.85077972412108,133.5136972654986,-0.0201617417658621,-3.7789584350585983,0.013154935834154129,3.2342382898170325,0.013448036469785773,0.07012229182828587,38.32876093073795,-1.4944690459571746,-0.26129298695794967,-2.6854400634765625,1.1576890906391442,111352900.0,-0.24058167459911872,-0.22829138616503572,0.18970841855465365,-0.1310326035398858,0.0023667736638530736,0.8137322133001947
AMGN,2018-05-09,131.3155614455039,132.74002927145753,130.0623418965979,132.04725646972656,2861400.0,0.006802030326658234,0.020278250729681178,0.005572035912334075,0.0012462366886278513,132.83964080810546,133.74297256469725,133.37403623732985,-0.012678917347604193,-3.6353440856933616,0.013257089325417058,3.2247864173892253,0.013588806021292569,0.0711435292055825,43.98095515438074,-1.4300591943888037,-0.1575065083116629,-4.0398406982421875,0.8377395611924043,114214300.0,-0.35929322027864774,-0.25985335193344766,0.2935910917873333,-0.12833120105723586,0.011910325468785453,0.7993109782333505
AMGN,2018-05-10,132.52981368286783,133.4872501453681,131.829261425937,132.9268035888672,2947100.0,0.006638765691372341,0.012472945069522168,0.002995476225065283,0.00365442816490394,132.48157348632813,133.7332405090332,133.33144265176196,-0.006030190527773455,-3.4426930236816418,0.013237027686667487,3.181975172960916,0.013470757196997914,0.07124061637408013,48.541828275694385,-1.2931353616401111,-0.01646614045037631,-3.5806732177734375,0.869503644444969,117161400.0,-0.5263884944062777,-0.12057562253251582,0.39566399937082775,-0.10523595196692535,0.008744385496069,0.8783869748237292
AMGN,2018-05-11,132.62328430441457,135.7135213363029,132.35084060418833,135.35545349121094,3740500.0,0.018105679251369078,0.024843333943193643,0.020600976677105445,-0.0022833565259823903,132.2036911010742,133.8270378112793,133.52420558885234,0.011420828742297856,-3.202558441162097,0.013847430472295332,3.1041359284476857,0.013826300426097839,0.07197602725693897,48.57996718634871,-0.9773838154347629,0.23942832460397767,-2.7788238525390625,1.086214757187951,120901900.0,-0.5138690902312079,-0.34956178612886396,0.6775128641329684,-0.06361737460494586,0.0015787070313353516,0.8953477987627477
AMGN,2018-05-14,135.5189019054571,138.3989679933422,134.69379123353664,136.9667205810547,3370600.0,0.011833673832966306,0.02705165710390871,0.01068351835235224,0.0012075495299994623,132.318896484375,134.00529098510742,133.85206415953826,0.022099348273318418,-2.882325286865239,0.014062129786588847,3.0780048285387522,0.014207837768595412,0.07477136715391497,57.59640480870171,-0.5903277214637228,0.5011875348600143,1.1520538330078125,0.9687525148592253,124272500.0,-0.6098630605086355,-0.3942008386296379,0.8645030925980925,-0.0002137941796025695,0.0010664223357173825,0.935831056506956
AMGN,2018-05-15,136.07156717313015,136.46076564310758,133.18372117723857,134.14892578125,4491700.0,-0.020787411607168835,0.02442840631622146,-0.014129633631939307,-0.00653555406836803,132.55708923339844,133.90643539428712,133.8803366949394,0.0018108941982427707,-2.704227142333991,0.014133172765746459,3.064659933036911,0.01423736575612961,0.07334563416027536,45.42119788557537,-0.5051326151008766,0.4691061129782885,2.381927490234375,1.268945761093423,119780800.0,-0.4761536041666525,-0.7853192425837962,0.5374933145764906,-0.07264730214040492,-0.005677884287970289,0.9281033781908106
AMGN,2018-05-16,134.40776992203212,136.94139412472956,133.8351457889949,136.32955932617188,2494200.0,0.016124615541953262,0.02278484835634854,0.014298201698120273,0.0019295282409059376,133.00167083740234,133.90766220092775,134.11359599315202,0.018086322212168004,-2.4662342834472497,0.014627898020868725,3.0146518985079234,0.014507242520272037,0.07338281865954921,49.611955239735785,-0.25867414225757557,0.5724516686572717,4.4458160400390625,0.7017731434327291,122275000.0,-0.5099385130823405,-0.9037915966380532,0.7905594681235084,-0.14901277119395145,0.004717220238922268,0.9789798558339502
AMGN,2018-05-17,135.94516228228142,137.60809624052732,135.3333276384338,136.9962615966797,2268400.0,0.004878453052919988,0.016604603480279662,0.007731789029871702,-0.0028196162724386103,133.7495544433594,134.02706604003907,134.38813557444035,0.02215370107224163,-2.1673007202148256,0.014355614783085544,3.0070002348288796,0.014410811889531387,0.07606758544849572,47.40945186570456,-0.00944781697222652,0.6573423951540966,7.4788360595703125,0.6382505789104946,124543400.0,-0.6997486705391548,-0.5607729486291497,0.867931376645864,-0.16145449317097577,0.0014723592539806225,0.9451806357667287
AMGN,2018-05-18,138.4552914307831,139.10634887219223,137.02768087238482,138.2905731201172,3377200.0,0.009403435962862113,0.015031161943351749,-0.001189685919286448,0.010650143420692919,134.50310363769532,134.2645065307617,134.75979629307625,0.029986082646742213,-1.7819763183593977,0.01431418436434731,2.913637798324698,0.014374761030412218,0.08094005831228779,55.91205642543225,0.28917256302096916,0.7647702201178339,7.535491943359375,0.9446660438263282,127920600.0,-0.8821794358345716,-0.29393926297655076,0.9999999988601581,-0.1184250210102094,-0.0017100735844542924,0.9072973079907066
AMGN,2018-05-21,138.9337167636361,139.57693417820153,137.97674234673693,138.42385864257812,2557200.0,0.0009633435590595396,0.011560086874882075,-0.00366979400634185,0.004650668726062045,135.26375274658204,134.3879608154297,135.1087546120764,0.03003169184694595,-1.4519662475586017,0.013795485620680665,2.6665381728898905,0.013768228915846392,0.08484400469900447,69.55015254231212,0.5304714487045885,0.8048552846411626,7.6064910888671875,0.7255610457816762,130477800.0,-0.8736530354548783,-0.21508448316678022,0.999999998877216,-0.04560928499757016,0.008083367511215035,0.9002034225879021
AMGN,2018-05-22,138.61212468959582,140.85552204205183,138.45523421408728,139.90638732910156,2742700.0,0.010653119657962945,0.017156384878399825,0.009337297457953857,0.0013600693468877362,136.1391799926758,134.69140243530273,135.56567201369785,0.03871802356727096,-0.9996415710449185,0.013380137233626146,2.6862168356372087,0.013357964164883288,0.09208764281826899,71.81148694393926,0.8317424201884762,0.8849010049000403,8.7542724609375,0.7968077719770722,133220500.0,-1.1526983289082477,0.547555840781234,0.9999999990374399,0.029028529151287813,-0.003743492117264424,0.7254143570203662
AMGN,2018-05-23,138.933725450459,141.18497457313472,138.57290607212119,141.145751953125,2242000.0,0.008819521251359968,0.018506178647735825,0.015921451004743674,-0.006952233541379092,137.0490295410156,134.94433517456054,136.0971081984052,0.04595536945320802,-0.6156086730957213,0.01304040743100581,2.634270543300821,0.01300113605367215,0.1011216688637081,83.67812495580728,1.1571690781655661,0.9682621303017042,9.098495483398438,0.6753988528461946,135462500.0,-1.216540176434722,0.6935921959272052,0.9999999991400309,0.04302569666584399,0.005104110696108484,0.7942889225859115
AMGN,2018-05-24,141.19284695845,141.3967878729707,138.8317931042863,139.59266662597656,2386100.0,-0.011064400655671562,0.018374853283353428,-0.011333296034071237,0.00033366222272584724,137.71561584472656,135.09859466552734,136.43001852484056,0.03326512738030691,-0.28642120361328693,0.01335028348783001,2.5795175196357394,0.012683331208040965,0.1051878143090823,75.1362752586626,1.2750530253760815,0.8689168620097756,6.665863037109375,0.7331232784538076,133076400.0,-1.0106149734588117,0.09074991528031069,0.8664394788854759,0.010856629830201086,-0.0008103486941060145,0.9523501695441164
AMGN,2018-05-25,139.59268450643285,140.47121405882646,139.3102982975824,139.81231689453125,1812000.0,0.0015722719833823453,0.008303386904887768,0.0015733803592571686,1.2809022648375137e-07,138.1613021850586,135.1824966430664,136.7521421790968,0.03424866655399441,-0.04475036621093409,0.013111605595405043,2.527333033311237,0.012517242363299846,0.10790501193097599,75.35687155721,1.370403683213425,0.7714140158776952,4.4568634033203125,0.5620234083369907,134888400.0,-0.9671660614632096,0.1288382975072299,0.8853287205964131,0.07125903645174181,-0.003053734704091499,0.9205818319381921
AMGN,2018-05-29,138.83184984407026,139.92217235131758,137.8748747549386,139.18482971191406,2382000.0,-0.004498169592575443,0.014709200712581322,0.0025424992049032777,-0.007012737305545204,138.38311309814452,135.35100479125975,136.98382670603178,0.028325056962575843,0.2705690002441372,0.012523811987251053,2.5067692186876434,0.012224872925416625,0.11093407492259039,72.27665037771523,1.3794355209887499,0.6243566829224161,2.218109130859375,0.7531468067144523,132506400.0,-1.118876320786738,0.8472229850795456,0.8313667694412293,-0.14841134643528395,-0.00957175387757659,0.7227827337749442
AMGN,2018-05-30,139.85153500520528,142.5891122320566,139.63190260541373,141.38113403320312,3419200.0,0.015656561875257786,0.020916578770321527,0.0109373059647927,0.004790071552130845,139.10633392333983,135.83171157836915,137.4026178800481,0.04085513162095577,0.7655802917480514,0.010558936551761414,2.558668871922137,0.011622538820721038,0.11437595320390512,74.14273659649004,1.5459954477703945,0.6327332877632486,7.232208251953125,1.1052066767516129,135925600.0,-0.9525667794939412,0.5867713600722928,0.9999999991570931,-0.25519217363654234,0.014352922036059573,0.7218207750214125
AMGN,2018-05-31,141.43603189299662,141.93805050156766,139.92213632790825,140.89479064941406,5247200.0,-0.003445875630909408,0.014307939735512105,-0.003826756423653326,0.00038829692638203315,139.56285705566407,136.2822639465332,137.73520576284486,0.033845392417977994,1.2320680236816202,0.0106608540052185,2.584234975795588,0.011574435464488402,0.11518255176312778,71.03769130484528,1.6200763119520616,0.5654513215559325,4.5652313232421875,1.664829089455374,130678400.0,-0.8736241878744906,0.3535606815006685,0.959005786972998,-0.354085641910342,-0.009548654116521251,0.7608437194656757
AMGN,2018-06-01,141.7811673035509,144.93447794429653,141.47524991095324,143.99319458007812,2892800.0,0.02175259234758703,0.02402355224794692,0.015601700272302933,0.006291053416888775,140.2625503540039,137.00605239868165,138.33120469781946,0.05099878479137695,1.9029737854004054,0.010189438837032468,2.632592587421866,0.011522066847937523,0.11520235867063507,72.02700441642834,1.906820592467028,0.6817564816567192,6.9969329833984375,0.9365479686220171,133571200.0,-0.7706309515586667,0.9788996842832008,0.9999999992446053,-0.3817989331064671,0.010399159838373083,0.8144745703134642
AMGN,2018-06-04,143.68724446541384,145.87574023942742,143.4127100070798,145.4600067138672,2298800.0,0.010135142283849926,0.016932697089672353,0.012337645245052067,-0.002124753989634824,140.9794937133789,137.7412986755371,139.01013822315736,0.05603771789978718,2.4702220153808696,0.010204072557451156,2.5438678354605844,0.011233513673576232,0.11869389663214443,71.81938490389712,2.2267582976460574,0.8013553494685988,7.16943359375,0.7581219102772547,135870000.0,-0.7755005659016108,0.9663526827843844,0.999999999317063,-0.30020975289705587,0.005121659695927571,0.8738524442675171
AMGN,2018-06-05,143.38915381687346,144.88736937663714,141.02808846639155,142.54983520507812,3980800.0,-0.02020952157444743,0.027073204993141278,-0.005853431654023522,-0.014236579137984505,141.3920913696289,138.32792205810546,139.34725222143553,0.030521047986242635,2.8435235595703148,0.011649051201331318,2.590219181436264,0.011644523389688508,0.11213314557828354,71.4801156713448,2.219895145188957,0.6355937576091988,4.1259765625,1.2956308910066137,131889200.0,-0.8291441851259226,0.3198395452512942,0.7966037521013923,-0.32056435050303894,-0.0011342668558777331,0.9678909746500521
AMGN,2018-06-06,142.7695335381271,144.4481595688559,141.87531241837564,143.97752380371094,2213100.0,0.009965543389012725,0.01786978330025952,0.008461120770288483,0.0015412036971694852,141.79920501708983,138.9691925048828,139.78823046736653,0.03603914801945872,3.3325894165039074,0.011707270426273014,2.552119096775237,0.011650611728529497,0.10604678661112234,70.33801676165805,2.303109769847822,0.5750467058144508,4.071136474609375,0.7410966931770615,134102300.0,-0.9162461558554619,0.3833387244541941,0.8894721148111592,-0.32861824584149757,0.007982060604084788,0.967114706701773
AMGN,2018-06-07,143.91468887616875,144.36964490444845,143.1616553195873,143.78134155273438,2729600.0,-0.001363518591362599,0.008401574027726587,-0.0009265720162110559,-0.00043642178224879616,142.0627639770508,139.5558967590332,140.1685267612111,0.030277794717604195,3.708119354248055,0.011773526775477569,2.475920595544352,0.011380719411093719,0.09891137916653733,68.50649377674526,2.3264102817408627,0.4786777741659931,2.635589599609375,0.9160776732915836,131372700.0,-0.7933806686764181,0.1546564911723791,0.8660625577475081,-0.33932962422782875,0.0006027271813451839,1.0674991579173398
AMGN,2018-06-08,144.24415663294658,145.62470437431256,144.01668457287653,144.56576538085938,2865000.0,0.005440843652359023,0.011123102327855364,0.0022296137009638318,0.0032188813598074796,142.56007385253906,140.13784484863282,140.5873113916538,0.03159689330893652,4.0524627685547046,0.01176405869509685,2.456868848834755,0.011354608657529991,0.09275674752441873,67.60545050579427,2.3807289906614244,0.42639718646924374,4.9730987548828125,0.9628455867896913,134237700.0,-0.7786262154561024,0.14653441534510317,0.9209411242352138,-0.36787716724797426,0.0034081882666758133,1.117072034779632
AMGN,2018-06-11,144.44027355457396,144.97367494706978,143.49113864997338,144.80894470214844,2409400.0,0.0016807230905861359,0.010237877916628495,0.0025524124158846813,-0.0008680604702973967,143.0597366333008,140.6105194091797,140.989371706939,0.02985854337648267,4.2829794311523415,0.011300764215226826,2.4484648820941692,0.010930700576830406,0.09116433024645233,67.8039802002609,2.4155544891987404,0.3689781480052474,4.9966278076171875,0.8282571330354074,136647100.0,-0.7451287517268166,0.3045941316811579,0.9424403357184263,-0.442101511398635,0.0011664721852562446,1.114694720108901
AMGN,2018-06-12,144.5422735807145,145.20901046881872,143.86768498453029,145.1697998046875,2045300.0,0.0024888395832172194,0.009239700585748977,0.004341471933624921,-0.001841537634173422,143.65823364257812,141.02067337036132,141.3875077162484,0.029422114752135412,4.374792938232417,0.011124432264861749,2.3705836024380784,0.010380432351776452,0.0918596266456624,65.65564417963122,2.444097899489549,0.3180172466368445,5.9849700927734375,0.7194831737745516,138692400.0,-0.6658011076216956,0.3760661700940545,0.9743431312487328,-0.41430027794402596,-0.00045579269336160305,1.1151694271194792
AMGN,2018-06-13,145.39725866167075,146.346393634584,143.89904278127574,144.07945251464844,2243900.0,-0.0075391894419522855,0.016986119884509075,-0.009063486885187792,0.0015668469426097728,143.92806549072264,141.51719970703124,141.64388341133412,0.01810559290970689,4.6085681152343625,0.009995582397905864,2.358818056173415,0.010110733279684198,0.08111476059866045,58.80412971624457,2.3516287317143565,0.18043846308932165,2.6983184814453125,0.8218375333520123,136448500.0,-0.4391301263265168,0.43779855603666074,0.8487966526626913,-0.3007274676812791,-0.005562179674387875,0.9920006185171161
AMGN,2018-06-14,144.40105726055734,145.9541871725625,143.31073521454917,145.7345428466797,2289600.0,0.011421866106808077,0.018138815317068603,0.009234597110436721,0.0022321347027342603,144.41204071044922,141.98744888305663,142.0334700242242,0.02639031825065912,4.865475616455058,0.009731857336919622,2.3644221411254835,0.00993769440816563,0.07726693184518818,68.31980673162349,2.3844121882153217,0.17057753567222944,4.839752197265625,0.8417291180703756,138738100.0,-0.4911433497764661,0.6481447668092688,0.9999999988556101,-0.3634568170191103,-0.00010976162923578439,0.9305233117932282
AMGN,2018-06-15,146.26796270457058,146.47975535001413,144.3461733555822,145.1227264404297,6474500.0,-0.004206993417197299,0.014701915039528415,-0.007829713649967348,0.003660215673452769,144.52499389648438,142.39377212524414,142.32768492100564,0.019164843198235262,5.047028961181638,0.00986914449687354,2.4338983006389014,0.009880767133790526,0.07192099923753803,65.47763584952818,2.334118576847544,0.09622713944356143,1.1295318603515625,2.2094102551852637,132263600.0,-0.3440800296641455,0.3493694634845871,0.9178104643218866,-0.3952536931519961,-0.000837773186436766,0.9441317086959381
AMGN,2018-06-18,144.43248940019834,144.72271540586928,143.05978071748683,144.29129028320312,2370700.0,-0.0057456681190999346,0.011524844535789912,-0.0009776132612654143,-0.004756229828101268,144.40812225341796,142.69380798339844,142.51469495550066,0.011195176037284947,5.0788317871093795,0.009925073527242466,2.4350160239648915,0.009795427758427016,0.06729816081733556,64.70834875264032,2.201789716916295,-0.028881376390150315,-1.1687164306640625,0.8231325702797998,129892900.0,-0.13832149062118196,0.19047578986610206,0.8025831056014325,-0.3506779924514478,-0.002662479728537627,1.0020289826952113
AMGN,2018-06-19,143.4127241052804,146.1659805116609,143.4127241052804,146.04832458496094,2538500.0,0.012103451690657192,0.018851680867991365,0.018377731098293056,-0.006088837213932618,144.75797119140626,143.07503128051758,142.85123111068737,0.02078135701130006,5.179721832275391,0.010166946313490952,2.3885141586961742,0.010003694413261155,0.06401750180986993,63.79210987910954,2.2131839194817076,-0.013989739059790285,3.4984893798828125,0.8816807680017783,132431400.0,-0.25688275914277015,-0.03933033537514291,0.9999999985430164,-0.37846989024156347,-0.005442039105566546,0.9630695924068818
AMGN,2018-06-20,146.09534501791236,147.0836904256808,144.91089847589168,146.29928588867188,2415200.0,0.0017168696193525276,0.014851692109027285,0.0013959436608641119,0.00032195119721537213,144.99014739990236,143.3946762084961,143.17961728001922,0.020256049645472708,5.268657836914059,0.009992975282733059,2.3997197141340103,0.00993684248378159,0.06333136030194209,66.19625051100712,2.2169092372351713,-0.008211537045061501,2.3217620849609375,0.8436539942748058,134846600.0,-0.15026337649869,0.13143302267369925,0.9999999985944112,-0.4127843067361401,-0.00020221218030578824,1.0340051353317
AMGN,2018-06-21,146.29933084145657,146.29933084145657,144.65992772795056,145.89144897460938,2206400.0,-0.0027915818693360498,0.011237143266644259,-0.0027879954371712707,3.07265920117233e-07,145.20115814208984,143.6319610595703,143.43788696521827,0.01573109423815475,5.272181701660145,0.009928813611736954,2.2282708440356913,0.009733554275963762,0.06324291526887292,56.78246647039582,2.162030011706719,-0.050472610058811096,2.110107421875,0.7711975337337754,132640200.0,0.017762717143229845,0.19507086351229044,0.9426748983539164,-0.38462892568886675,-0.007597414591618372,0.9889426003385102
AMGN,2018-06-22,146.14242567719256,147.53866497040104,144.98151016837014,145.23251342773438,11153100.0,-0.004526845998506926,0.017607316307331634,-0.006226201907090635,0.001720297552373115,145.26783294677733,143.9139533996582,143.60880377117218,0.00916214166123595,5.311952667236312,0.00959218503908607,2.2349940275844977,0.009706232197391161,0.05796644512544718,49.137365403197336,2.0418302898273737,-0.13653786555052516,0.666748046875,3.380387984924326,121487100.0,0.026899742401723804,0.5240338343388755,0.850055655283521,-0.3814784456711529,0.002651414616302009,0.9436872711620637
AMGN,2018-06-25,145.12271612758224,146.44052231005702,144.3853857285941,145.3972625732422,2678200.0,0.0011337390505653574,0.014134630495038934,0.0018918226793563297,-0.000756010465981309,145.32666473388673,144.19320068359374,143.77913318089313,0.008350337491228469,5.352844848632799,0.009593777605356674,2.06522390858359,0.009827065745063255,0.05188131358473081,63.636403495310795,1.9375303792806164,-0.19267022087782593,0.58831787109375,0.8012169930280181,124165300.0,0.03447423346125759,0.5216882542318466,0.8732126108094348,-0.3796574705608603,-0.011607188653272208,0.8215644321157669
AMGN,2018-06-26,145.38159282530307,145.8600802651951,144.31480174467828,144.7932891845703,2070600.0,-0.004162604585947107,0.01067230759947058,-0.004046617108121057,-0.00010777195981403486,145.289013671875,144.47362365722657,143.8757194669576,0.0022126220638181843,5.405435180664057,0.009582161800599384,1.9918261493004874,0.009731337032195813,0.04025300103870132,54.24134626369303,1.78555359352481,-0.27571760530690614,-0.3765106201171875,0.622344718139999,122094700.0,0.03145429771689487,0.5382193773536261,0.7213436880514646,-0.34237229495892946,0.0027961261432050506,0.8044070051130429
AMGN,2018-06-27,145.05216015705747,146.96611012687697,143.9147753871771,143.9618377685547,2354800.0,-0.005758884510167795,0.02119544170174785,-0.007516760779861677,0.0017878658185406108,145.27725219726562,144.60265884399413,143.88392120996687,-0.004431599533247884,5.3777543640136685,0.009154610814780603,2.1234936603603978,0.009732241228397626,0.035062812167336935,50.88028981322586,1.5798086644496436,-0.385170027505658,-0.11761474609375,0.719269978236799,119739900.0,0.1955948571184624,1.0232616517962791,0.5674992719369706,-0.28786084326025224,-0.00806929714078284,0.760011478822312
AMGN,2018-06-28,143.67161802550177,144.7854716531856,142.5263814961536,143.81280517578125,2286300.0,-0.0010357591243766804,0.015708546636516392,0.000982707317004096,-0.00201594914007348,145.08507843017577,144.7485595703125,143.87714825433017,-0.0064646888183829965,5.373499450683596,0.009109675210845778,2.1531884700356705,0.0097717097137886,0.026121215408985706,46.08514216806296,1.3887203375233526,-0.4610066835455593,-1.9217376708984375,0.7314217343873467,117453600.0,0.16042513147669038,1.098339215951876,0.33684133328143634,-0.254677712089193,0.005098766659468665,0.7341023364414221
AMGN,2018-06-29,144.00888433025997,145.93852553825343,144.00888433025997,144.7932891845703,2606200.0,0.006794643634544518,0.013326869075635895,0.005446919875522671,0.0013634332091572664,145.05213470458983,144.7885643005371,143.9643997714959,3.2632991811434666e-05,5.209802093505857,0.00781503924980086,2.1991301889910835,0.009389227381003151,0.02564791801707901,49.924398726715395,1.3013966366437728,-0.4386643075401113,-0.329437255859375,0.8376024425518239,120059800.0,-0.5206502798793018,1.0028834628764896,0.5983420406955388,-0.5240929630412154,0.0020891102202963314,0.44810781423543544
AMGN,2018-07-02,144.4010325955255,145.47567498182056,143.31071073575438,145.34231567382812,2069800.0,0.0037846243990077143,0.014895622352162805,0.006518534261034083,-0.0027090798976519143,145.15723724365233,144.78267974853514,144.0956298574323,0.0038653513408163196,4.967906494140607,0.007514555522761035,2.2579615291180652,0.009326442724302405,0.025535243214619464,50.81821760854084,1.2619468856772755,-0.382491246805287,1.051025390625,0.6676666505378945,122129600.0,-0.5708117287781649,1.426635287625335,0.7447705535963405,-0.4037516008654842,0.0005609216507414652,0.35734591266242777
AMGN,2018-07-03,146.25225051031532,146.99743256412316,145.56198252937844,145.6717987060547,1348000.0,0.002264379332333258,0.009854000894443927,-0.003968840152785843,0.006260632578121557,145.1195846557617,144.93877792358398,144.24574117634873,0.005057451104335745,4.929664154052745,0.0058650314510928165,2.201373388902835,0.008693383292780918,0.021516144599571203,58.13973804576399,1.2429413467708628,-0.32119742856935996,-0.37652587890625,0.4541151660316466,123477600.0,0.4784045133678031,-0.6577976669616064,0.7507938594315687,-0.23459724818137637,-0.003537493100211285,0.33201641934715387
AMGN,2018-07-05,146.00910492505244,147.60144566716036,145.59337135016122,146.96607971191406,1801000.0,0.008845672694161819,0.013663522364721238,0.0065542130907031045,0.0023155217550267907,145.18626403808594,145.08820571899415,144.50482103687875,0.012942981709739865,4.816521453857433,0.005779413284719514,2.155989271687535,0.008551836255136017,0.023907672765092636,56.536471746827736,1.3171338811802968,-0.19760391532794075,0.6667938232421875,0.6109630725234539,125278600.0,0.46084315393003045,-0.6329769767152456,0.9999999968600245,-0.18514115388677144,0.009253927005490036,0.3143255474860561
AMGN,2018-07-06,147.9152248622805,150.20568553460993,147.47594810250123,149.82916259765625,2751600.0,0.019293919130212674,0.018218999457662276,0.012939423491785682,0.006458259975546518,145.5800354003906,145.39059677124024,145.01190118552424,0.030528561853279387,4.844071197509777,0.007060137783293147,2.234990973706388,0.00882761205190237,0.03638304133956764,70.16162453377538,1.5886459388402727,0.05912651386562806,3.937713623046875,0.93309211385243,128030200.0,0.800846259900056,0.3605924963478306,0.9999999983378647,0.05388410580680112,0.007305201731010146,0.5571144904681782
AMGN,2018-07-09,150.21353228357285,152.48046187425933,149.95467724073853,152.30789184570312,3065500.0,0.016408347301312975,0.016583412736613602,0.013942549185093063,0.0025653863323574938,146.2875732421875,145.77770309448243,145.70675743887463,0.044795525053569415,4.915169219970721,0.007741187339915815,2.2770162275392614,0.008985254279508173,0.055381084056673864,80.09446910106567,1.9809982210238672,0.361183036839378,7.07537841796875,1.036016397819482,131095700.0,0.7445274625498898,-0.2704493187204788,0.9999999988228488,0.2901816276095913,0.009297041747623297,0.691015958084331
AMGN,2018-07-10,152.3078541319342,153.86097203529576,151.02927068306514,153.50015258789062,2757000.0,0.007797484760440339,0.018447547474646695,0.00782821386823311,-2.4761533020820974e-07,147.09786224365234,146.21226348876954,146.4489855483047,0.04984458160502293,5.042412109374993,0.00782270781697557,2.2826194379571274,0.009222370216986842,0.07219596503616639,79.21303081239195,2.3609303734388334,0.5928921514034753,8.102890014648438,0.9263147991976642,133852700.0,0.607645703862615,-0.5212878786606285,0.9999999989677256,0.32197270764483443,0.005159403911585799,0.7066335039201626
AMGN,2018-07-11,152.64517851504863,153.1079744734035,151.0136150985291,151.50778198242188,2431400.0,-0.013064571233846037,0.013823444231513974,-0.007451244406744373,-0.005569858129961528,147.7693115234375,146.52916259765624,146.9307756848873,0.033976986536366584,5.045448913574205,0.00859680462026476,2.3050298336408708,0.00932309705764116,0.07853784520145336,67.96566279645049,2.4727572779038667,0.5637752446948068,6.7144927978515625,0.8116530328496819,131421300.0,0.3867673089049785,-0.5138118924186271,0.7943326972126988,0.2335997387938054,-0.010151815410544109,0.8219172106236579
AMGN,2018-07-12,152.32358970540966,152.37849182458731,151.0450058861306,152.2373046875,2251900.0,0.004803528615520012,0.008759258719102866,-0.0005664586691827113,0.005384592872479882,148.59685821533202,146.93705520629882,147.43615939942183,0.036071564614927505,5.043935394287104,0.008302762386831303,2.283178606851635,0.009120551352433143,0.08391062985725321,71.41355120938509,2.5903869227997802,0.5451239116725759,8.275466918945312,0.751631750842369,133673200.0,0.27612068915444843,-0.3416078433558756,0.8696394528487297,0.2715599869143658,0.00672602397345774,0.7505509418978269
AMGN,2018-07-13,152.95110897008928,154.33165722393946,151.6882166583886,153.67276000976562,2232000.0,0.009384888067995624,0.017201751080561548,0.004718181153021059,0.00468876064283007,149.58285369873047,147.33396606445314,148.03012136231172,0.04302330355065241,5.00506591796875,0.008201423861425357,2.2893418756744888,0.009085303663059218,0.09265440594331778,77.06265007896576,2.7675360785792975,0.5778184539616746,9.859954833984375,0.7457064248689084,135905200.0,0.28959377189607777,-0.22429123377380167,0.9999999989857965,0.3429588115224674,0.0021966582005764046,0.7671233776167161
AMGN,2018-07-16,153.51586453162494,154.19045312018326,152.26081209786673,152.86480712890625,1824800.0,-0.0052714892950325365,0.012623186844368457,-0.0042409779908093555,-0.001020971303767256,150.39000549316407,147.72107009887696,148.49056762579693,0.034820604986047894,4.9252223205566565,0.00825150629514259,2.2803779071640315,0.009028862936476988,0.09703634022056125,72.99530595847253,2.810337197841392,0.4964956585790148,8.071517944335938,0.6610037491170557,134080400.0,0.28753057863065,-0.268197637742499,0.9180571408648678,0.2491038501662697,-0.002510757860032276,0.7797848274613508
AMGN,2018-07-17,150.89592571319523,152.88046861253196,150.69198480356712,152.11175537109375,2567300.0,-0.004938433839630875,0.014387341751633725,0.008057405474349431,-0.012879886827389423,151.06694946289062,148.1120933532715,148.83544264915855,0.027004290650881654,4.889112091064447,0.00821052462046638,2.3263211420531746,0.009102788403145746,0.09766002640003965,72.33120864897079,2.751771698658928,0.35034412751724053,6.769439697265625,0.9266625277930178,131513100.0,0.2917061727667048,-0.23547918614135338,0.8416823734619581,0.3755574203708706,0.004213336248908347,0.7017354334370447
AMGN,2018-07-18,151.5861950223583,152.17449849592504,150.64491185846452,151.23321533203125,2215800.0,-0.005792365658056508,0.010114091895105957,-0.002328574117682668,-0.0034550935754654568,151.6230911254883,148.371337890625,149.06380195228928,0.01928861383939223,4.740039672851566,0.00809753692103008,2.217624849036077,0.00884194516130809,0.09829789463263375,72.12394762718773,2.604444860586085,0.16241383155551814,5.5614166259765625,0.8044743850171275,129297300.0,0.5142271275821058,0.08172091278766316,0.7525805415607194,0.42184448138922603,0.0015317015280577606,0.8067659057607799
AMGN,2018-07-19,150.49589521348565,151.27246022175217,149.26437401574577,150.41744995117188,2539200.0,-0.005408689344591065,0.013350088082587867,-0.0005212451954420402,-0.004875384795111423,151.96822814941407,148.57724609375,149.19272080932572,0.012385502530183716,4.560641174316402,0.008254890387593694,2.1996959953913904,0.008798077028298773,0.09797596851346706,69.31181993564542,2.394262266351234,-0.03821501014346662,3.4513702392578125,0.9198183691988358,126758100.0,0.5907370048626261,-0.034976293386026855,0.6698453370118792,0.44941383649156963,-0.0017120330736544165,0.8243697069755855
AMGN,2018-07-20,150.19783302628915,150.19783302628915,148.63687507968515,149.42127990722656,2252200.0,-0.006644730049990786,0.010446691044094705,-0.005170201882517596,-0.0014600495152259287,151.92743988037108,148.75373764038085,149.21448834245913,0.004487566345791789,4.389652252197266,0.008401050370328213,2.175042746035286,0.008779763181882538,0.09646453268226432,63.519729979834075,2.1228376973755303,-0.24771166329533623,-0.4078826904296875,0.8151771640362164,124505900.0,0.5925536018563353,-0.1538471267638766,0.5688134296950741,0.462815300240291,-0.0016511863483930553,0.8814340936842143
AMGN,2018-07-23,149.12322869215674,149.79781744225465,148.37804636763545,149.01341247558594,1767000.0,-0.0027333798381676913,0.009527807269374616,-0.0007364125464149233,-0.0019947039354426253,151.59799194335938,148.94278259277343,149.19533825989978,0.00047420815955628767,4.256965026855454,0.008346044914914676,2.1218146623605025,0.008556106160065987,0.09373664459109791,60.813542806238154,1.85345480465827,-0.41367564481007735,-3.2944793701171875,0.7704281173562151,122738900.0,0.5815022408804176,-0.1079910208130764,0.527447374972271,0.4790601943758419,-0.001185268180689731,0.9072477868288135
AMGN,2018-07-24,150.01738437719985,151.5469710005662,149.42908090905397,150.13504028320312,2440400.0,0.007498839143383999,0.014106567577543609,0.0007842818116828895,0.006737459970446604,151.26148071289063,149.17967147827147,149.2848336906906,0.006404148738662457,4.198262176513651,0.008460240514902262,2.1845604934094474,0.00855433344408579,0.09107317958885475,62.560709473125506,1.7107524225995974,-0.4451024214950001,-3.3651123046875,1.0695815290755772,125179300.0,0.4553818292108876,-0.3653530664385654,0.641203251684171,0.455919069504409,0.003644723200191755,1.201773043920758
AMGN,2018-07-25,150.30764017847994,151.7509540707949,149.64090329663193,151.42149353027344,2009300.0,0.008532138468334187,0.013934948896413522,0.007410490580990232,0.0011496309918806354,151.2528518676758,149.51108169555664,149.48832510398418,0.012777727329984083,4.240576934814442,0.008480071956857373,2.1918445260640067,0.008640986529636149,0.0874033664120092,62.54420695557136,1.6820758589569778,-0.37902318811009605,-0.0862884521484375,0.8818230692428382,127188600.0,0.25220759847813284,-0.5183120410670864,0.7716757809630639,0.45272356079530446,0.009620077522468488,1.1763303827437057
AMGN,2018-07-26,152.98242775412905,153.42169241385457,151.13907216164054,152.21371459960938,2835800.0,0.005218254311862586,0.014996153652897507,-0.0050248460937954076,0.010308538024976858,151.25049285888673,149.92367553710938,149.74788600832946,0.015274699304801699,4.2918750000000045,0.0082868776497771,2.123488413886733,0.008413113641764511,0.08117729913410579,57.59992919169597,1.7036366324722394,-0.2859699316758677,-0.023590087890625,1.2315509472884207,130024400.0,0.10481262641307611,-0.35912810728600825,0.8520231133668503,0.4460858255642825,0.005026314311372731,1.2539766101872254
AMGN,2018-07-27,153.74333042493396,153.9159004268138,148.6996136464516,150.9508514404297,4100200.0,-0.008331253749445364,0.03455619316212151,-0.018163252849968115,0.010049132756191924,150.97830200195312,150.28057785034179,149.86245414471998,0.004460147809355643,4.35635147094726,0.008617309798515618,2.306701807012384,0.009367921831146486,0.07148727810724038,45.311536251443144,1.600373093240819,-0.3113867767258307,-2.7219085693359375,1.7131850316714856,125924200.0,0.11333298425691861,-0.6131749768324171,0.693460496705819,0.4238895576625718,-0.003891082432826802,1.330617291910036
AMGN,2018-07-30,150.21351045951022,150.77044310149356,148.9898409577628,149.5310821533203,2984700.0,-0.009450018081946855,0.011907906490672198,-0.004543055442232359,-0.004884642742213677,150.64492950439453,150.5174674987793,149.83089490744382,-0.006553294855741471,4.34254470825195,0.008942945107550872,2.244509602043546,0.009333180537553847,0.06288337805007795,36.49942129329271,1.3879727920993332,-0.4190296622938532,-3.3337249755859375,1.2373121304013481,122939500.0,0.2612559638688745,-0.7475833270539108,0.5028262965990427,0.4705127552305738,-0.0033472142701052453,1.3725775144055394
AMGN,2018-07-31,149.82129524487078,154.91208597331143,149.7193188054408,154.17474365234375,4429300.0,0.03058237956937624,0.03368104946929615,0.029057607600826093,0.0019408211815982353,150.85122833251953,150.95908889770507,150.2445947879105,0.021301498161649033,4.466482696533205,0.011103566953986444,2.451257197088517,0.010198929548297235,0.05737307461541095,57.68536025538427,1.576179481530545,-0.18465837829011322,2.06298828125,1.7505592399079921,127368800.0,0.8109017830720874,0.572537929086336,0.9999999988239368,0.1902449948680166,0.007422796832758737,1.583855005168066
AMGN,2018-08-01,154.00217572105163,154.5120339868817,152.72359223382142,153.61781311035156,2632800.0,-0.003618873410442209,0.011642150847281972,-0.0024958258472677197,-0.0011193009127438765,151.08968811035157,151.35638961791992,150.56585367576204,0.01494105070912648,4.559904327392559,0.011201727533692842,2.483754040988773,0.0102335673403211,0.04889367210152186,54.01816842971081,1.6612451980310539,-0.07967412943168362,2.3845977783203125,1.0147776415901575,124736000.0,0.8651892650728427,0.5456477347972792,0.9227415016399828,0.07523849632251273,-0.004954139349045328,1.6074923374087144
AMGN,2018-08-02,152.67649837593476,154.85714202802774,151.17828283991693,154.04136657714844,2500400.0,0.002753395720638611,0.02388228090840992,0.008939609014695713,-0.006127640508334876,151.45207977294922,151.71015396118165,150.8968549044655,0.015366226683569795,4.630969085693351,0.011107586891459938,2.557712514028769,0.01057198823111785,0.04296995935040881,51.14003716907208,1.7427482986459495,0.001463176946569389,3.6239166259765625,0.9509285282361577,127236400.0,0.9693371472710988,0.8048869727851494,0.9741583943426239,0.028909688179981328,0.002865692859300854,1.6795680549551264
AMGN,2018-08-03,153.95511373074424,155.63373930900474,153.82176636810976,155.30429077148438,2176200.0,0.008165178213673104,0.0116672432673552,0.00876344414970027,-0.0005599330122859887,152.040380859375,151.98391036987306,151.31661070132444,0.021846920463690727,4.621554718017592,0.010462836550891808,2.5493076510700865,0.010400677371317602,0.046120245971630655,57.33838244744331,1.8874897143607825,0.11696367412912179,5.8830108642578125,0.8367875846900402,129412600.0,1.0956811130811865,1.7417499249767627,0.9999999984103969,-0.10220374544578414,0.0058771518608591936,1.5871843936904362
AMGN,2018-08-06,154.87289345827188,156.74762054630563,154.15124244206933,155.00624084472656,1913800.0,-0.0019209790712535547,0.016750152058955792,0.0008610117850649951,-0.0027777552768793777,152.63966369628906,152.11882781982422,151.66800404831514,0.018981299463616128,4.44820068359374,0.00989715715076567,2.5784429578751906,0.010400660369338276,0.04938274207260015,58.95216620213104,1.9556051916112835,0.14806332110369813,5.992828369140625,0.7525535031408825,127498800.0,1.4116770604820903,3.2858056040516166,0.952621888031381,-0.17709006170798866,0.0028611273280398784,1.5240506287296596
AMGN,2018-08-07,155.06898709818748,157.58691980791232,155.02976446430543,157.19471740722656,2349800.0,0.014019895527682496,0.016267438154313807,0.013708287832518715,0.00040479823985777144,153.34563140869142,152.303556060791,152.1943577015448,0.0321145577486272,4.2852809143066395,0.010222701051654993,2.65352098114128,0.010333334255225594,0.05721922793652074,67.05592890776362,2.161265246390343,0.2829787007062059,7.0596771240234375,0.9314567836636323,129848600.0,1.2861885235712693,2.4391816368622026,0.999999998777701,-0.14488532754358463,0.003205233318074568,1.5583618402031214
AMGN,2018-08-08,155.7043408144694,155.7043408144694,153.0138383027264,153.90020751953125,3145900.0,-0.021180885901804704,0.0174821240016946,-0.01158691713731904,-0.009481085734555715,153.5935028076172,152.42317733764648,152.3568195889721,0.009690325367072405,4.110594635009761,0.010937458595200799,2.808720473890834,0.010432439304360493,0.05768864216760304,58.726494445531955,2.034955209989249,0.12533493144408947,2.4787139892578125,1.2296164850455746,126702700.0,0.8114441930073986,2.1774957276874156,0.5973124188383261,-0.24782137824541664,-0.0019296948691591845,1.8790831397349925
AMGN,2018-08-09,153.29624066277378,153.99437249951092,152.04120003040603,152.15101623535156,2766500.0,-0.01143083376065325,0.012837064894023854,-0.007470662179782504,-0.003924405733376402,153.5872329711914,152.41886291503906,152.33721926957966,-0.0017573066388560893,3.890882568359359,0.011222686953246195,2.8210488737207027,0.010506227908035484,0.05770257356245471,56.59098713015593,1.7732673558374188,-0.10908233816619295,-0.0626983642578125,1.0705565036355966,123936200.0,0.9140374863965611,2.000804460702235,0.3835089612411428,-0.1200352833193675,-0.004073638712458838,1.9927628629436132
AMGN,2018-08-10,151.62545298212297,153.10012589388654,150.80966527265855,152.5039825439453,1769100.0,0.002317155260456222,0.015019021687305624,0.005794077079696693,-0.0034542211168385553,153.74254608154297,152.36042404174805,152.35310148618592,0.0009422296052282538,3.600259857177747,0.011020113672430108,2.883240984192759,0.010444880891238736,0.057209187858732864,58.45043471579457,1.5761899408103943,-0.24492780255457403,1.553131103515625,0.6907781064222333,125705300.0,1.0371879278673166,2.5381883838849224,0.4266519941816762,-0.11190662148342871,-0.006442829593663786,1.6382462849744053
AMGN,2018-08-13,152.71575753791163,153.99434106735671,151.95488399856816,153.43740844726562,1802900.0,0.0061020105622242695,0.013291785161305593,0.004725451525032362,0.0013886522203135963,154.1331787109375,152.38905410766603,152.45636881581257,0.006879459589393566,3.4400056457519668,0.011045701208999831,2.8479480230362078,0.010461397856862866,0.05747958381019786,58.06833314196157,1.4782836057599695,-0.27426731008399896,3.9063262939453125,0.7042770700761349,127508200.0,0.8749787729691182,2.2430320530623686,0.5407445393170406,-0.11674397010813697,-0.0035097249011240175,1.4977296793401065
AMGN,2018-08-14,153.6962833209266,154.49637959374152,152.87265586088785,153.55508422851562,1240200.0,0.0007666362521623906,0.010574210167064897,-0.0009186890493385573,0.001687169226075292,154.0712127685547,152.46122055053712,152.56100837892714,0.007174701042196599,3.3502705383300793,0.010978585614372195,2.813210377228401,0.010378094824938481,0.057822773652059206,55.52852015306062,1.3941170681904111,-0.28674707812284606,-0.619659423828125,0.4973582106012452,128748400.0,0.8107914209392756,2.2727602302651366,0.5551280370706889,-0.1320890275835157,0.0048106518564738805,1.5317273621476997
AMGN,2018-08-15,152.82561445616344,153.3354728747304,151.30386697185423,153.16290283203125,1900200.0,-0.0025572781953284445,0.013264347079554739,0.0022070146883954598,-0.004750541318883433,154.02572174072264,152.5577049255371,152.61833166017516,0.003967009773708484,3.234493560791009,0.01090459524388011,2.8109673061174982,0.010443782231737808,0.05740871391773896,52.511587719439916,1.2810021245836936,-0.31988961738365096,-0.4549102783203125,0.7668915305745633,126848200.0,0.7881460797744655,2.365180512166781,0.5071917482656747,-0.15258229312465157,-0.006659746040078398,1.4245145408247866
AMGN,2018-08-16,153.5735334613944,155.68214725849114,152.20726846641074,155.13722229003906,2361700.0,0.012807950997055404,0.02239874313067107,0.010182020257010985,0.002681005790373833,154.13530731201172,152.79369354248047,152.85822600587647,0.0153378630572016,3.2472882080078023,0.011131742298332836,2.6865810212402272,0.010725722568559037,0.057621126895034694,60.675358714278374,1.3352765600083103,-0.2124921455672275,1.095855712890625,0.9565721044019247,129209900.0,0.5530032029021814,1.7155579416406221,0.7485125977012044,-0.19193173117199927,0.009057192630144966,1.4040559723476125
AMGN,2018-08-17,154.97927176636438,156.7719808695486,154.22111268951323,155.91116333007812,2183800.0,0.0049763488446007585,0.016361036153870172,0.0060130077596351125,-0.0010181342771458594,154.19599456787108,153.11818771362306,153.14898194151473,0.01824065225797192,3.329185943603534,0.010981856416387405,2.728713713909404,0.01085938416823774,0.05631223031323003,66.82350498639634,1.4243213253155602,-0.09875790420798225,0.60687255859375,0.8857432569458528,131393700.0,0.42586232420056497,1.8519869913524487,0.8431113256009447,-0.1940572271196781,0.0033878364769610817,1.3778023214758293
AMGN,2018-08-20,156.2823453243451,156.76408935551927,155.4768035565311,156.021728515625,1747900.0,0.0007089036973496637,0.008250682845493846,-0.0016676023653165854,0.002380727501090799,154.29754333496095,153.468603515625,153.42257685333476,0.01663613886823473,3.450482482910161,0.01092764381214823,2.4363052838377643,0.010840518286801132,0.05260983865247739,56.400380710659896,1.4866741753256179,-0.029124043358339957,1.0154876708984375,0.7092181315415219,133141600.0,0.38495550668122563,1.924870257021746,0.8469409280050111,-0.18617434672018165,0.0035447048349783817,1.3479540851364473
AMGN,2018-08-21,156.31396279320242,156.68514329158245,155.36627277521336,155.82432556152344,1666900.0,-0.0012660284001518637,0.008463829454203955,-0.003132395999241319,0.0018730357646829618,154.16050415039064,153.75306777954103,153.6513148255432,0.013471326536081123,3.514639129638681,0.010885484306003139,2.402764481216965,0.01073468523646947,0.05001738878941974,57.84165077795059,1.5028367232932283,-0.010369196312583817,-1.370391845703125,0.6871349247898692,131474700.0,0.5157202127470557,2.096699927745718,0.8211825317212945,-0.20254087382593347,0.002789179452208775,1.3218506055953574
AMGN,2018-08-22,155.6979795333573,156.96157438636666,154.65552402257816,156.24290466308594,1709300.0,0.002682622922537365,0.014759392554568462,0.003499885684848457,-0.0008108235200815333,154.3947738647461,153.99413833618163,153.89813290530918,0.01460293457400998,3.5342475891113168,0.010775224895431883,2.3047067080510857,0.01075398753378207,0.0497969372478516,57.82673980592636,1.5317642692808704,0.014846679740046387,2.3426971435546875,0.7089971669978058,133184000.0,0.6089922387188418,2.39646215870869,0.8758014021591792,-0.21787665822790866,-0.0006997361276437251,1.399010216597081
AMGN,2018-08-23,155.87170479130964,156.1718112430418,154.48965336438008,155.26361083984375,1351200.0,-0.006287489992448763,0.010834205578259275,-0.00390124655581359,-0.002375787064230111,154.7060333251953,154.14663314819336,154.0281784228839,0.007246202325914907,3.463059234619152,0.010878852356785353,2.3005123050375778,0.01066354321828901,0.049021623133735794,49.85240122065187,1.4588519929808683,-0.04645247724796464,3.1125946044921875,0.578266228430567,131832800.0,0.7436519260776436,2.3638272531811193,0.7480168991760572,-0.20773267826752087,-0.0009973332200883607,1.4434180919094635
AMGN,2018-08-24,155.48470879950042,155.97434592801628,154.4738380532245,155.295166015625,1358500.0,0.0002032154828103236,0.009662296086156293,-0.0012190445307380185,0.0014240166028647858,154.9851516723633,154.3638488769531,154.14884390790687,0.0060332593767745465,3.4890624999999886,0.010658360561904076,2.2222358600772543,0.009693244846510216,0.04526251544966811,51.06897801524063,1.3876191182442312,-0.09414828158768151,2.7911834716796875,0.6176249286787555,133191300.0,0.6971636114323547,2.67452147265023,0.7521344197383766,-0.2620987616422464,0.0069479460842331335,1.2705633038409467
AMGN,2018-08-27,155.99010857988384,156.890415509439,155.41358726275814,156.84303283691406,2034400.0,0.009917911456833087,0.009415963335881666,0.005467809880992773,0.004474978726568453,155.32571411132812,154.7294464111328,154.40543332971708,0.01365988488167419,3.6202539062500136,0.010496728885851587,2.151848040836415,0.009645038492282149,0.03660163924809453,48.63407279571779,1.439473118160322,-0.033835425337272795,3.4056243896484375,0.9453355885578335,135225700.0,0.517435706814866,2.7076340918938078,0.9302725186067108,-0.14616393905541492,0.007797370832667516,1.211439380697667
AMGN,2018-08-28,157.17479142278788,157.81448187898266,156.36924949065667,156.85888671875,1644200.0,0.00010107609078003393,0.009213583103629385,-0.0020098942150851514,0.0021152267963268595,155.65609436035157,154.86365356445313,154.63909555724402,0.01288380525948568,3.5031091308593716,0.008053512612339692,1.956444703966832,0.008578402773716817,0.03838132902284734,65.4181098780864,1.4649599164386302,-0.0066789016471717755,3.303802490234375,0.8168781067029017,136869900.0,-0.8294710345030905,1.8849784066657012,0.9334158217613286,-0.08342679098618878,0.00048226725122770637,0.897287398615923
AMGN,2018-08-29,156.20339411228676,157.94873291321184,155.51632098028452,157.7512969970703,1775100.0,0.005673132771836059,0.015419283259347761,0.009909534255515884,-0.004178868154525078,156.11493377685548,155.07032775878906,154.93549569437033,0.017288731358403274,3.4757238769531114,0.00804813989387682,1.9906760942398631,0.008688402621711801,0.0409504628482253,82.04541644547513,1.5394229296971673,0.05422728928909226,4.5883941650390625,0.9011117315599777,138645000.0,-1.0013480920818765,2.15988189196101,0.9999999982143752,-0.08105738296819175,0.0033362052198451344,0.9277024276124378
AMGN,2018-08-30,157.61699185393266,158.49360752461365,156.92201379414144,158.22509765625,1992500.0,0.0029989646207890836,0.009932645033890658,0.003858123386093332,-0.0008513726713774439,156.42372131347656,155.27951431274414,155.24879111931125,0.018969555363067676,3.4463941955566497,0.00805057920497723,1.939328459185879,0.008176452762750629,0.04418684195064378,82.2903156353615,1.6180156800799068,0.10625603173746523,3.0878753662109375,1.02468237417749,140637500.0,-1.005344691397992,2.1606166978187207,0.9999999983536605,-0.08419481896364304,-0.00526353676811684,0.8048706418154372
AMGN,2018-08-31,157.81444326350055,158.3198786157543,156.67721070829725,157.79864501953125,2981400.0,-0.002698866179865964,0.010409898686099203,-0.000100106451872228,-0.002595380877195678,156.6124694824219,155.40423202514648,155.49163434790364,0.015407643428895279,3.332967987060556,0.007932025439352857,1.9109863762336292,0.008145114826860153,0.04647316987835124,76.10925367680643,1.627133257877091,0.09229888762771932,1.887481689453125,1.502142571034858,137656100.0,-0.8669882420773691,2.1414039266889624,0.9297914175879476,-0.07409209576250284,0.000641455760241418,0.7703835398925664
AMGN,2018-09-04,157.35642943552563,157.7513012785257,154.260635632469,155.36627197265625,2293500.0,-0.015534447375977532,0.02246733220625284,-0.012647449297169093,-0.0028024041901683564,156.546923828125,155.42223358154297,155.47969507407055,-0.0003600617980911865,3.1482943725585812,0.00871344682789656,2.0477210658199567,0.008386961242122461,0.046406439867202796,58.489999227518645,1.4216983734047801,-0.09050879747567331,-0.65545654296875,1.1446038677479726,135362600.0,-0.7722289111337152,0.8880937149918907,0.5293402424519535,0.008491994875124339,-0.0005974827629152747,0.8436663446816095
AMGN,2018-09-05,155.68213110266421,156.89833072083738,155.46100389936,156.17176818847656,1809000.0,0.0051711053349320696,0.009203499698759422,0.0031451078061711366,0.0020329967759254385,156.5816680908203,155.37108612060547,155.54560679925208,0.00515335309717518,2.881656799316403,0.008171938475243442,1.9963526009285093,0.008187904466830908,0.04542195005350367,63.57802220805279,1.3087995338590872,-0.1627261096170931,0.347442626953125,0.9151570033034689,137171600.0,-1.0320146709428357,1.2741507694557133,0.6619522637071853,0.22277487801934473,0.0005309616903590271,0.7655745917662614
AMGN,2018-09-06,156.01385140106575,156.83517944710138,154.09476817681426,154.908203125,1797300.0,-0.008123776064995454,0.01769054972560625,-0.007086859699549712,-0.001011173717519992,156.4481979370117,155.4214859008789,155.48490168741856,-0.0033025213528472875,2.729758300781242,0.0068608328468505895,1.9438906350861325,0.008195508798500065,0.044632858717571035,48.89567112498951,1.1046337196487173,-0.29351353906197053,-1.3347015380859375,0.9413496187044331,135374300.0,-0.5455934715491686,0.5054628554970333,0.453926560092332,-0.10101346014629266,-0.004021125159466709,0.6998911658890854
AMGN,2018-09-07,154.33961761360024,156.01388258329666,153.80259763973044,155.02670288085938,2604100.0,0.0007646751581527716,0.014263897138195841,0.00445177510403907,-0.0036704674118577954,156.42450714111328,155.5652702331543,155.4412637058415,-0.003462002486080296,2.6522453308105582,0.00628252624787427,1.919634689624051,0.00824032350353991,0.04009064273746384,45.44736238568139,0.9415393019211251,-0.36528636543165005,-0.236907958984375,1.3697426834143365,137978400.0,-0.6542720441324927,1.5752082736118778,0.440949060276524,-0.08100033085012623,-0.0016478267411135295,0.5867398507935646
AMGN,2018-09-10,155.86379878569602,160.8628772649086,155.09774652273498,159.92308044433594,4310800.0,0.031095573682896428,0.03604939778645823,0.026043774694733332,0.005399688500631834,156.88729858398438,155.93622512817382,155.8681033952219,0.02556721706508589,2.700994720458965,0.009300162368843054,2.2445553028426986,0.00937158325184592,0.04286528392052723,63.45337656447154,1.1936232041848598,-0.09056197053433257,4.6279144287109375,2.1253842607771745,142289200.0,1.3580265249899965,4.7635043856585115,0.999999998520749,-0.06507212212196392,0.005856454654354564,1.04998255566527
AMGN,2018-09-11,158.7384426932149,160.31792968518718,157.3721898193071,157.53013610839844,3386000.0,-0.015076172081693137,0.018699532284115375,-0.007611934225357642,-0.007407547102204419,156.9560089111328,156.14086151123047,156.02639222504826,0.008897572254448236,2.6508941650390625,0.010025126370336741,2.3607602563791983,0.009530131336940095,0.04093613998797078,55.108725852916656,1.1866321469185834,-0.07804242224048719,0.687103271484375,1.6067191800322673,138903200.0,1.12833452141722,3.7565423166153775,0.6460234509161175,-0.32365227984499034,-0.00028221290097527334,1.2556368956132131
AMGN,2018-09-12,157.69599633040676,159.13333546726923,156.47979648812628,157.55384826660156,2133500.0,0.00015051325629853455,0.016842108322564223,-0.0009014056609741956,0.001052879316337219,157.02550506591797,156.34079971313477,156.1718642290057,0.007759001845280176,2.6066017150878906,0.01002800704538242,2.385580871761659,0.009690695943506718,0.038501512033428116,54.02124970746548,1.1695235175561436,-0.07612084128234176,0.6949615478515625,0.9913734018256883,141036700.0,1.1375158201937927,3.7653742052706924,0.6495310744621154,-0.29068747624031843,0.003059668619363859,1.2888704233100898
AMGN,2018-09-13,158.1382646090943,160.38902666449314,157.48277596754093,160.26266479492188,2780200.0,0.017046830569992132,0.01813429659784555,0.01343381496615587,0.0037093117618037237,157.27664184570312,156.6957878112793,156.5614642829025,0.02276306870442768,2.6697724914550918,0.010581925189860725,2.4679379716363985,0.009835220107765023,0.03962793783077219,63.86336785161764,1.3588793456133317,0.09058798941987711,2.5113677978515625,1.2659916714669193,143816900.0,0.8558672742598015,2.248631752143231,0.9999999981323986,-0.2706325123762834,0.004277037664518646,1.5967382088783793
AMGN,2018-09-14,160.82338222670822,161.43938125536272,157.94871607614363,158.40676879882812,2504200.0,-0.011647913376367917,0.022036085993598756,-0.015026505439821317,0.0034987402243926184,157.29480895996093,156.85926513671876,156.73720757013353,0.009865554710845784,2.6044360351562545,0.010709463733996305,2.610092064809779,0.009806096608043071,0.039571000393047555,57.836185668743795,1.3437005633986416,0.06032736576414943,0.181671142578125,1.1366246215714486,141312700.0,1.0241095119811394,2.58474799396076,0.6533926065708946,-0.36922434616822525,0.0023560540659792466,1.5734693505521744
AMGN,2018-09-17,158.17772416090006,159.09382953531406,157.56172517995645,158.58839416503906,1950100.0,0.0011459189748359657,0.00966088573772416,0.0025962568769877428,-0.0014459270879955222,157.37378387451173,156.9931266784668,156.91351105536265,0.010161384261359903,2.5631129455566395,0.01067037598001925,2.6055816977771786,0.00964338735780632,0.04027893778514372,54.72029963239238,1.3309841613794902,0.03808877099599828,0.7897491455078125,0.8898451064451142,143262800.0,1.0925889770118347,2.768225659633483,0.6873129849521603,-0.3570211279090187,-0.0028072205773912316,1.4429409569464984
AMGN,2018-09-18,158.2804160960691,161.00502919599356,157.31692790818963,159.79672241210938,1982300.0,0.00759039280131407,0.023079955784652863,0.00957987319871551,-0.001941996263922401,157.81682891845702,157.181876373291,157.18810261314803,0.01663579859937781,2.602086029052714,0.01077505103771422,2.76578661916846,0.010072381132428384,0.042778047451224266,57.46390048442821,1.4022441149897418,0.08747897968499974,4.430450439453125,0.8997265372351894,145245100.0,0.9682799964012879,2.3756833525439096,0.9129805346147704,-0.35357973267005105,0.003461754800626723,1.510529870746068
AMGN,2018-09-19,160.0731262305228,161.42358098776208,159.1886172877448,160.47589111328125,2204600.0,0.004241197595734295,0.013927099482124762,0.0025161305475999867,0.0017297214501095551,158.2472412109375,157.4144546508789,157.50122532744643,0.01944825504870027,2.6951495361327886,0.010777846535349052,2.7516831739606005,0.010181833118421737,0.04575923622264656,56.997961268011345,1.4962732728691037,0.1452065100514892,4.3041229248046875,0.9885611023671478,147449700.0,0.8842218958100219,2.2525840157311414,0.9999999982039224,-0.3404787659926096,-0.00010338899101867659,1.518700970238624
AMGN,2018-09-20,160.7917945652647,162.09486662658165,160.3337418517544,161.97640991210938,2225000.0,0.00930698664754912,0.010872723847768006,0.007367386812539428,0.001968541503598482,158.95406188964844,157.70112991333008,157.92743338312863,0.027110015008319343,2.77245223999023,0.010917693581816408,2.765221105700245,0.010093132033556829,0.05185424485836964,59.15232152961849,1.6725907990586961,0.2572192289928652,7.068206787109375,0.9863047703904658,149674700.0,0.7703607400771509,1.8566788898781619,0.999999998585214,-0.32652658684891034,0.007156203172406475,1.5226524041351934
AMGN,2018-09-21,162.41866438017985,163.1768114538634,161.24194213078982,161.97640991210938,7314000.0,0.0,0.011945377256623093,-0.0027229288564722494,0.0027303634418767925,159.64903259277344,158.03676986694336,158.31305019541253,0.02492862925813363,2.91331008911132,0.010760947561409303,2.786092635387139,0.010115445901587338,0.05493120888055532,60.40937335567837,1.7916704472236518,0.3010391017262566,6.94970703125,2.8637039038227745,149674700.0,0.7323067377298517,2.0421970129990634,0.999999998585214,-0.3427186728845301,0.0011004000848258099,1.481166381580653
AMGN,2018-09-24,161.52627243860246,164.0060670892478,161.19458154208036,163.64279174804688,2642000.0,0.010235246416469586,0.017180625661142243,0.013103251115071208,-0.0027790310561344347,160.02100372314453,158.45415115356445,158.82064462899675,0.03274537496625062,3.13129074096679,0.01089916249499977,2.7341980753946524,0.010297032058550759,0.06071800311556755,71.44028295592175,1.997479315778378,0.4054783762247862,3.7197113037109375,1.009086360528758,152316700.0,0.5749521035876568,1.637475927808455,0.9999999988551262,-0.343300807054862,-0.004219335431322438,1.3628222017412805
AMGN,2018-09-25,164.48780322267166,164.9774404198709,162.89251770690018,163.05047607421875,2556200.0,-0.003626131182915001,0.012786977156826513,-0.008738198944192593,0.0051637561642544445,160.57303771972656,158.7645233154297,159.2234857190179,0.026995657904466598,3.2379495239258063,0.010844167466825323,2.773688358593909,0.01036015278323676,0.06501530325299498,68.01826755590302,2.088712030086782,0.3973688724265523,5.5203399658203125,0.9666830541164013,149760500.0,0.7636353613363455,1.9407876083810063,0.9321873406164626,-0.35437929034220034,-0.0010398902961647823,1.4546573578755702
AMGN,2018-09-26,162.91618312414928,164.96162797029396,162.91618312414928,163.3426513671875,2162600.0,0.0017903279600335821,0.012522417317364348,0.0026177156551306364,-0.0008236280770399991,161.15191802978515,159.08871154785157,159.61578720931976,0.02673941964798931,3.3375198364257983,0.010835187153299687,2.7240478997265916,0.01042179539442453,0.06867593731970383,73.27802577276172,2.1596950970884734,0.37468155154259475,5.7888031005859375,0.8098958138280741,151923100.0,0.7398399033360323,1.9298847334973492,0.9656377187903492,-0.3491003449712011,-0.004168134538290254,1.3231432440405182
AMGN,2018-09-27,163.80074143023074,165.99622792164317,163.35058174323802,164.9695587158203,2571200.0,0.009910814252147645,0.016037178004231583,0.007135604365303892,0.0028044730461334096,161.622607421875,159.44962463378906,160.12567020993887,0.03461867091069667,3.4237060546875,0.010951469492806681,2.755640157647266,0.010436720719209583,0.0754654520829432,75.331900120903,2.320478483979713,0.42837195074706713,4.7068939208984375,0.9487735352994898,154494300.0,0.67119303356217,1.6519652409160202,0.999999999006098,-0.3476649540949485,0.002076309459323319,1.3709688968197216
AMGN,2018-09-28,164.6931427408549,164.89848381126217,163.29530509501572,163.70596313476562,3238200.0,-0.00768905332171027,0.009793037990477366,-0.005994054091508925,-0.001675557461128705,162.15252685546875,159.72366790771486,160.4666504884938,0.02493240531736136,3.43197906494143,0.011172547045674181,2.4583601031297917,0.010433386506796552,0.0785775622962632,61.82713674663216,2.319204527255067,0.34167839521793697,5.2991943359375,1.1680511919662664,151256100.0,0.749932892033167,1.4567304380273145,0.8744109997512,-0.36903565587143444,0.00021066257478578564,1.6431252138705976
AMGN,2018-10-01,164.05346740406438,165.32495533591444,163.1768513510431,163.4058837890625,2518100.0,-0.0018347206480128515,0.013145817855887532,-0.003947393647016778,0.0021227343381052116,162.6342758178711,160.0040298461914,160.74657746950035,0.02126105165064425,3.432648925781251,0.011156090738553809,2.4013861116291673,0.010487057590947587,0.08015734596062803,71.13651158884599,2.2678387782864604,0.23225011699946396,4.8174896240234375,0.9159575067884742,148738000.0,0.7421492455894348,1.470917862511597,0.8445860579035368,-0.40915260045122764,0.004609860083282852,1.4534912993201856
AMGN,2018-10-02,163.01889337145113,164.34566905587275,162.75827650396596,164.00607299804688,2172100.0,0.003666267335876322,0.009678864464523165,0.0060556148197275644,-0.0023682771307729075,163.05521087646486,160.43601989746094,161.0570056150762,0.022252191888502696,3.564785766601574,0.010395927432608408,2.3252327953980125,0.010131529248864603,0.07803106354527933,72.28594106244446,2.2496289827652163,0.1712322571825755,4.2093505859375,0.7918485641114442,150910100.0,0.8763696484745159,2.094162902108115,0.9042389747466152,-0.4187052050190237,0.0004492154127216363,1.3432706387068045
AMGN,2018-10-03,164.46412327818683,164.46412327818683,163.19263545653584,163.39796447753906,2258800.0,-0.0037147325639756935,0.007781540153921402,-0.006482622345813317,0.0027928860911474443,163.34741821289063,160.79732971191407,161.27995407816792,0.016173370355616657,3.6608370971679847,0.010476642466230235,2.2084640185907825,0.010109735317494482,0.07529925883848029,62.66758073405694,2.1612151700198297,0.06625475554975102,2.9220733642578125,0.8167589624543267,148651300.0,0.9833348443064673,2.124210436087255,0.8437989560618335,-0.41689467449323736,0.0006983266619167184,1.3522988804465486
AMGN,2018-10-04,162.7582725399996,163.59539891487944,158.58842686285809,160.68914794921875,3219800.0,-0.016716984461468104,0.031159366490658504,-0.012712868958917892,-0.003914932108149892,163.21869201660155,161.086376953125,161.22368682779182,-0.0024659379111981157,3.7645312500000045,0.01107514652175605,2.3167716523623727,0.010678363515071431,0.06686021466015543,58.626938462887175,1.851227927917222,-0.19498598924228538,-1.287261962890625,1.1350552933172113,145431500.0,0.7183306498756317,1.6751718059787424,0.5694988599506966,-0.34195681753906804,-0.006444866955478573,1.5497064067309034
AMGN,2018-10-05,161.46305804579544,162.75823691886197,159.39393390786142,161.12347412109375,2481000.0,0.0026992504693414045,0.020880278490470437,-0.0021031679246739507,0.004816193915106561,163.1333984375,161.3912155151367,161.21414276048725,-0.0016589589042276356,3.8911746215820244,0.011073248889843389,2.447642984908297,0.010872912758725515,0.056623550565791395,59.402479951555485,1.6219109180101157,-0.33944239931951325,-0.852935791015625,0.8765127440572189,147912500.0,0.6896154865217737,1.648293419383664,0.483013023655938,-0.3929636197097343,-0.004234667358038332,1.410925111136758
AMGN,2018-10-08,160.6101496803329,162.78984969616258,160.49958606000322,162.34759521484375,2878100.0,0.007568695029946641,0.01410716083061481,0.010817781677988154,-0.0031859072277391856,163.00387878417968,161.5124412536621,161.3220906132831,0.005170833619374261,3.7844654846191474,0.008755475545530484,2.3477974383622557,0.009890370419638354,0.05614155073620984,59.44998417220639,1.5214139642451983,-0.3519514824675447,-1.295196533203125,1.0432056254304252,150790600.0,-0.3886078045256537,-0.10422621647614433,0.6475581982886192,-0.16628933474931049,0.0016768515819025338,0.9013279850834349
AMGN,2018-10-09,162.48968270681436,164.32978602751606,161.49461049477014,162.68711853027344,2509100.0,0.0020891518632373467,0.017427166688789446,0.0012150668286756026,0.0008752053997632749,162.96754302978516,161.77029037475586,161.4520932720441,0.005667469307211236,3.779193878173828,0.007932381384137112,2.3906697121285867,0.009852880243910914,0.051314063198474806,58.40319810359044,1.452423464785653,-0.3367535855416719,-0.3633575439453125,0.9241433414792702,153299700.0,-0.42414154744466104,0.5657544083352606,0.6922155728572861,-0.1986280727305793,-0.0021212592430817044,0.826515122701686
AMGN,2018-10-10,161.89745168359732,162.96361045392163,158.55683934739693,158.89642333984375,4148000.0,-0.023576273536711354,0.02773360793086958,-0.018536600252477133,-0.004853899029068909,162.52292022705078,161.83741912841796,161.20869613564406,-0.018172532683807405,3.7518890380859204,0.009700594093361214,2.5796444501069766,0.01027290649890005,0.04818700470424041,40.030621820516615,1.0794276056900856,-0.5677995557097917,-4.44622802734375,1.4731264516403981,149151700.0,-0.8207979327335133,0.8426775859255783,0.07461072904401804,-0.16645535451801138,-0.030991839973501398,0.8174425588108709
AMGN,2018-10-11,159.17285172380352,160.2863932789546,151.93090314155393,153.09182739257812,4175000.0,-0.03721464402136516,0.05457828990423128,-0.038203903903017186,0.0017396765650825878,161.33514709472655,161.47887725830077,160.43566101725682,-0.05193899046193369,3.403866882324195,0.011993267059986362,3.038260222558912,0.012295913513820414,0.06811229550659018,29.09690111720613,0.3118485225063523,-1.0683029111148201,-11.877731323242188,1.4468795918933155,144976700.0,-1.5502609964578824,2.4744639861263518,0.0,0.40343208865772834,-0.02266555284938086,1.0172868646195914
AMGN,2018-10-12,154.48964732832826,156.44031508730848,153.3287232110232,155.8874969482422,3231400.0,0.018096653276709507,0.01996049675054046,0.009048176651883703,0.00913059801791811,160.5533004760742,161.3529136657715,160.00250253449352,-0.03387243894988127,3.240980682373049,0.012607626144645908,3.076617518813405,0.012241376717869835,0.0730905437952635,32.674470213101046,-0.07006855557614244,-1.160175991357852,-7.8184661865234375,1.1059317973359617,148208100.0,-1.4563691317900826,2.602099455258302,0.23537066778399227,0.04742629546992068,0.011251122495207624,1.1071179554084367
AMGN,2018-10-15,154.94765583108386,156.69299408292397,153.99996614185503,154.46591186523438,2091100.0,-0.009161136852395198,0.017434448212875035,-0.0031090755343511755,-0.006028970479078061,159.6593032836914,161.14678955078125,159.47520818504026,-0.04145833562164494,3.051624145507816,0.012735751079352858,3.120053606534707,0.012392837568563624,0.08135483057330008,31.507064549975155,-0.481895634136265,-1.2576024559343797,-8.939971923828125,0.7139467314002041,146117000.0,-1.2953657296349572,2.1009240373492517,0.11568576810713019,-0.013666913653272819,-0.004940743056906719,1.1158146225674683
AMGN,2018-10-16,155.7532389026686,160.06523235285445,154.96349527657276,159.79672241210938,2261500.0,0.03392908574150797,0.031926418760483195,0.025960830978080433,0.008334052619696325,159.23836822509764,161.14678955078125,159.50582858761828,-0.008377871767941341,2.955814514160153,0.014947616308843654,3.3739018666400926,0.012760091330966363,0.08135483057330008,43.72380258927645,-0.3738106448342364,-0.9196139733058809,-4.2093505859375,0.7684622938675928,148378500.0,-0.3140762084040948,1.8606257920159097,0.5644929011625537,-0.10255596239255248,0.019835167692689823,1.2193001507098087
AMGN,2018-10-17,159.06227018393528,160.56277828688647,157.11160241977973,160.13632202148438,2459700.0,0.002122942552063715,0.021551487030179953,0.006752398518561868,-0.004596165785428121,158.91220397949218,161.12981109619142,159.5658755813198,-0.00616576825820238,2.8800039672851767,0.014924145625040103,3.430873246115169,0.012954875799232948,0.0814759769451922,41.03685249776028,-0.257778155660759,-0.6428651873059228,-3.2616424560546875,0.8322041381830362,150838200.0,-0.2929357416933736,1.8835471290680508,0.5930841868085392,-0.078644282067742,-0.0017608165123414806,1.2175082039785519
AMGN,2018-10-18,160.45219921197915,161.51045270062545,158.16984078322741,160.09681701660156,2433600.0,-0.00024672652681654634,0.020866198214619245,-0.0022148789304413242,0.0019725518015356633,158.85297088623048,161.03583145141602,159.616441432299,-0.005831090052140046,2.662092132568347,0.014761082151145959,3.5498988387289865,0.013174002212683977,0.08155811388639425,42.98857975231526,-0.1670832638982631,-0.4417362364347415,-0.5923309326171875,0.8204782414470302,148404600.0,-0.20921412160200634,2.0732241882582323,0.5897582145521834,-0.08048521270724969,-0.013690003973231352,1.1518566931557883
AMGN,2018-10-19,160.11258473926645,161.99216587781916,159.0938089827957,159.37022399902344,2692500.0,-0.004548790185839382,0.01818631374353351,-0.00463649213740384,9.848867053524838e-05,158.67764587402343,160.90552215576173,159.59299215293942,-0.009541612594576305,2.387398681640633,0.014788180542422785,3.6034883323112803,0.013299112399857078,0.08193239323027098,42.28780312277475,-0.15208376589799855,-0.34138939074758157,-1.7532501220703125,0.9844606946983546,145712100.0,-0.15812333323969172,2.018680825839146,0.5285855042767278,-0.08318572657327626,-0.0030931213590035503,1.1593846887282522
AMGN,2018-10-22,158.86485035240108,159.37028585355023,155.95069408384848,156.3850555419922,2717500.0,-0.01890867765352863,0.021866486908549466,-0.015609461784076836,-0.003171066927944184,158.08139190673828,160.542635345459,159.28747438046827,-0.0258970446979423,1.9468904113769554,0.015073531267194382,3.7343597050109207,0.013414879024383621,0.08414331334171024,36.652797041146556,-0.37673197040857076,-0.45283007620652305,-5.9625396728515625,0.9922319285081834,142994600.0,0.04991024042709629,1.6841833594137714,0.27726070383468854,-0.06138584562186714,-0.006120991359915246,1.1865270981237308
AMGN,2018-10-23,155.02669200407402,157.23007164308862,152.98915179513475,156.08494567871094,2553500.0,-0.0019208881133413222,0.027170588614506674,0.00682626753468432,-0.00868601883479474,157.42117462158203,160.1943588256836,158.98247164696758,-0.025652670775032332,1.5456631469726574,0.01506964574627381,3.9464619926039837,0.013803073664138365,0.08646960954266227,37.052533755490835,-0.5723855445699542,-0.5187869202943252,-6.6021728515625,0.9323971022113166,140441100.0,0.03119493661242579,1.6884343462879727,0.2519941057898807,-0.05865879944180696,-0.008580814355944648,1.1745810897550184
AMGN,2018-10-24,155.5321044101639,156.33764624542619,147.97425247604875,148.3770294189453,4288300.0,-0.05064385216155034,0.056365825641132364,-0.04600384607636676,-0.003541925623532095,156.36923522949218,159.4460777282715,157.97242953001307,-0.06942189150736015,0.9009431457519668,0.018363554039449267,4.186206400986562,0.015563714952684408,0.10711576620611511,31.480088191914277,-1.3340289804376084,-1.0243442849295836,-10.519393920898438,1.507350808896544,136152800.0,-0.515686543992928,1.4984695954925666,0.0,-0.06191590375407847,-0.028144671898160216,1.3277079081579417
AMGN,2018-10-25,148.99303575360386,150.44616113702554,143.18841526747457,148.55078125,4983700.0,0.0011703305964851994,0.04885700235622943,-0.002968289768491179,0.0041516287060798665,155.91513061523438,158.62513885498046,157.07512969382137,-0.06351047304167041,0.1722467041015534,0.018099257597878435,4.464309462311592,0.016782765766577803,0.11871620271876261,30.938707865532436,-1.9016950136920912,-1.273608254547253,-4.541046142578125,1.6805314359899512,141136500.0,-0.48637285198996594,1.7062726952106693,0.011117240160226314,-0.09249719322375964,0.01237976512691553,1.2251204825439306
AMGN,2018-10-26,146.41844267713907,147.94265392545276,144.74419028360856,146.87649536132812,4580400.0,-0.011334795036677075,0.021776552020632837,0.0031283810687639125,-0.014354273703026594,155.01403045654297,157.7836654663086,156.10383118596488,-0.06912737178937878,-0.5040121459960858,0.01814440101018857,4.57261855732817,0.016986904953741114,0.13251785780027114,26.86032308832712,-2.4583371332733464,-1.4642002993028065,-9.011001586914062,1.5103572441355113,136556100.0,-0.4517426788596237,1.632190528214495,0.0,-0.09690625837612866,-0.015747773795015924,1.2098364890685855
AMGN,2018-10-29,149.514255503306,150.76994486267512,145.94461126326848,148.62184143066406,3829500.0,0.011813036816672985,0.03246719023904556,-0.005968755752672749,0.01795903514370202,154.42962341308595,157.04446334838866,155.39126073307906,-0.0536320844310174,-1.0974278259277526,0.018535401272172916,4.714772704946792,0.017451396955327648,0.13834853375981968,29.811939440767972,-2.727207630168948,-1.3864566369587266,-5.8440704345703125,1.236028312939969,140385600.0,-0.5013165252830912,1.3424891250464472,0.1018907824426288,-0.1161800824109768,-0.004977887859330217,1.2384578736175227
AMGN,2018-10-30,149.60114060852337,150.84104397941596,147.70576058292164,149.32473754882812,4040600.0,0.004718278186440598,0.020996409891355747,-0.0018475999485761485,0.006589200944036021,153.3824249267578,156.31039657592774,154.81349662029325,-0.04469094302186312,-1.697554779052723,0.01856160128983405,4.623952154230336,0.01762976525230742,0.13904201537771763,34.92545032120141,-2.8507103789353607,-1.2079675085801114,-10.47198486328125,1.2659889618395472,144426200.0,-0.506452466621668,1.3237786345892264,0.14818550147068452,-0.08992083207842562,0.019651903786530447,1.0927586032067553
AMGN,2018-10-31,149.3247569995266,154.26065567844105,149.29316049968259,152.25469970703125,4541000.0,0.019431393435253765,0.032626219015353425,0.0196212789250608,1.302577108628028e-07,152.5942626953125,155.75323333740235,154.56980167617306,-0.02246202891205705,-2.18332550048828,0.01933189151668744,4.381952514327322,0.01813954745254791,0.13447284911398763,48.550337854620516,-2.681255888808124,-0.8308104147622997,-7.881622314453125,1.3736608621604984,148967200.0,-0.5359023264682539,0.8990515226128135,0.34016396980893016,-0.05200336748901834,0.005458238762592171,1.1339385698008213
AMGN,2018-11-01,152.27044819117742,153.51035131834576,150.80942989003626,152.34152221679688,2827300.0,0.0005700826593886393,0.017729384536842318,0.00046676178118434594,0.0001034351266428926,151.81873321533203,155.33585205078126,154.3575845848039,-0.019276488939626742,-2.5226791381835767,0.019092945591281964,4.335697781011547,0.01781295004929167,0.1327200481483463,43.22365278732752,-2.5110107645526796,-0.5284522324054839,-7.7552947998046875,0.8603711345225705,151794500.0,-0.686103056753852,1.2445282477494466,0.3456553732016342,-0.02948140355239311,0.013652863436207958,1.0562873002509061
AMGN,2018-11-02,153.43928967171362,154.2764280697916,146.75806508808705,147.7294464111328,3696300.0,-0.030742321102978958,0.05089278518502566,-0.03721239372781986,0.00720596354127615,150.65465545654297,154.6661506652832,153.72633333016856,-0.04484953058127293,-3.0416972351074207,0.02002234977093123,4.680364569628375,0.01882675457284096,0.13531179609418592,38.52580233174048,-2.7169272042396813,-0.5874949376739882,-11.640777587890625,1.104393462019388,148098200.0,-0.4770762314015392,0.4338169853866605,0.05394797157271733,-0.049019672760320446,-0.006829848133916102,1.0790209620566575
AMGN,2018-11-05,148.2190531215657,150.61988009084303,148.116394661739,149.9880828857422,2713500.0,0.015173307486872949,0.016691228935909002,0.011935238600705162,0.00331421204321252,150.01495819091798,154.0481750488281,153.37030947831843,-0.026355990012858075,-3.553531188964854,0.020331101421971663,4.48687265477767,0.01886511408915028,0.12987763864325336,31.34010000806984,-2.6671194857436546,-0.4301497753423691,-6.39697265625,0.8127475720158446,150811700.0,-0.4789590595295448,0.29193723663268334,0.19680359775810105,-0.12403762359035851,0.008751095597083015,1.09017518347853
AMGN,2018-11-06,150.21711376610517,152.18356733379926,149.6721888327102,150.64356994628906,2139000.0,0.004360739084541881,0.016670996989678912,0.0028389320596846402,0.0015269938514878886,149.47082061767577,153.4459976196289,153.11061999907756,-0.018263282958260497,-4.031719360351559,0.02037192545192394,4.419744271490694,0.018852685817731005,0.12036139550999196,32.155512708794305,-2.5454122543342805,-0.24675403514639616,-5.441375732421875,0.6442441200299984,152950700.0,-0.4924030228270695,0.27600800499283923,0.28409681956397304,-0.08716961638692544,0.0065452866374810965,1.0849541271717857
AMGN,2018-11-07,152.27048740018205,156.15602512477872,151.63869000297615,156.06915283203125,3077800.0,0.035382613815228246,0.028944445714165802,0.024946826510549806,0.010799780265915448,150.2400329589844,153.30463409423828,153.39238503078744,0.018032845217800686,-4.157288208007799,0.02163735131103659,4.574875932997238,0.01890531922555775,0.11696749371079702,43.70375141032705,-1.9882400080217906,0.2483345689328753,7.6921234130859375,0.9421855962971353,156028500.0,-0.46701025603210256,0.3855929483051343,0.693271314880227,-0.14637768680234287,0.018372232988300426,1.2639989149066697
AMGN,2018-11-08,156.00595895053868,156.5903736033351,154.22114259818014,154.80555725097656,2636600.0,-0.008129336346160872,0.015304560425527145,-0.007694588768514322,-0.000404909492656619,150.86551055908203,153.39032058715821,153.52697286128162,0.009226375291485187,-4.012686920166004,0.020031877525570837,4.537081226578061,0.017604421207977984,0.11721717163382328,42.98210795284465,-1.6298506875132546,0.4853791115531294,6.2547760009765625,0.8265877469637024,153391900.0,-0.4930959327938688,1.194437111447768,0.5979762848253735,-0.10509517075676625,-0.004898847726426858,1.21282910447487
AMGN,2018-11-09,154.29223245535445,155.5084445776601,151.77294796682605,152.54690551757812,2344900.0,-0.014697734145611277,0.02448752793876637,-0.011311826331123629,-0.003315932610803434,151.43255157470702,153.223291015625,153.43363311426225,-0.004414377824438549,-4.066152648925794,0.019866472643757224,4.559645858087511,0.017700229519454203,0.11641161817908813,43.964246721616334,-1.5106648830837912,0.4836519327860742,5.67041015625,0.7454978118944559,151047000.0,-0.2962267903797578,1.1587239164649663,0.4276383317296546,-0.06799507265459154,-0.007191227737478034,1.2077918097421985
AMGN,2018-11-12,152.93387147223547,153.7789030640459,150.43038524545122,151.28330993652344,2109100.0,-0.008317822270807795,0.02213408617249099,-0.010792648612257762,0.0025367014384487215,151.69869842529297,153.06416091918945,153.22884043066807,-0.011634669879425361,-4.094976043701166,0.01984912800809342,4.495902855990424,0.017793787515509887,0.11679651965753042,42.67118425538971,-1.5008697848475663,0.39475762481783927,2.661468505859375,0.6703397466560087,148937900.0,-0.30287926022215517,1.177538492110371,0.33234330167480114,-0.012914063323072397,-0.019255407699902864,1.1207744151008425
AMGN,2018-11-13,152.34945778175506,153.85787111833457,150.8647357917788,151.27540588378906,2232200.0,-5.224805846189261e-05,0.019786000963402623,-0.007049922681737476,0.0070473593265441385,151.89376525878907,152.63809509277343,153.042799045251,-0.00892758264675749,-4.439224548339865,0.018029356658973438,4.1123129672174485,0.01745443918150731,0.10983524892151338,55.78319855806703,-1.4767221561359065,0.33512420282359945,1.9506683349609375,0.7097953797478417,146705700.0,-0.5249108638479816,1.9964183935742896,0.33174721147460534,-0.04583041145399552,-0.000983138086695124,1.0330615335237099
AMGN,2018-11-14,151.65442607909125,152.73637069477087,149.78273805330312,150.33555603027344,2850300.0,-0.006232219741444444,0.01964693329682413,-0.008696548349535102,0.0025054977911832905,151.70185089111328,152.1480567932129,152.7849663771579,-0.011912743423354175,-4.812538604736318,0.01801121071430226,3.8048763080686467,0.017407465241404522,0.10057085457423386,53.455558726506645,-1.5159481087803215,0.23671860014334767,-1.9191436767578125,0.9007451696698879,143855400.0,-0.45085104695996664,1.9625656137616139,0.26164723949428714,-0.0494856701264808,-0.003448824345391945,1.0338329531138597
AMGN,2018-11-15,149.77888305889255,153.19054654336418,148.80866736535725,153.04739379882812,2607100.0,0.01787780096765507,0.028630864395944245,0.021822240046017776,-0.003702869674215942,151.7724380493164,151.79558563232422,152.80995946493601,0.00824667042384228,-5.127793579101564,0.018612246186100384,3.8459683231840387,0.01761620539065376,0.08826750368914302,61.48619325579228,-1.3130759920354649,0.35167257351056347,0.70587158203125,0.8216371919175685,146462500.0,-0.4882054217041027,1.502049018422397,0.49391967854514995,-0.05745574881335553,0.010498407032026374,1.1289862506519572
AMGN,2018-11-16,152.9758391718958,155.2661862418141,152.4430177339002,154.42320251464844,3862300.0,0.008949264837711473,0.018282022791530232,0.009461385213427405,-0.00046753247576607334,152.44181365966796,151.54823455810546,152.9636016601467,0.018970646308919398,-5.363074645996107,0.01876351636034379,3.702956530934557,0.017621722790001553,0.07694915980143247,60.94897784044244,-1.0294156498248128,0.5082663325769725,6.693756103515625,1.1951868224022875,150324800.0,-0.584560484132099,1.4435927037168232,0.7936750677279208,-0.029368122568940343,0.0011517335748868292,1.1341037498834736
AMGN,2018-11-19,155.01173239348603,156.48296496961157,153.3814505986469,155.0037841796875,2629900.0,0.0037526290293216657,0.020009281627403765,-5.1274917554963484e-05,0.003811149291388146,152.9433837890625,151.47917098999022,153.15790475724583,0.023267972531551447,-5.333752288818374,0.018339762316304006,3.7005444576824402,0.017586018215652297,0.07418029211372078,60.76784650013598,-0.7491292015959914,0.6308422246446352,5.0157012939453125,0.8149257940018562,152954700.0,-0.7800822579990137,2.068626049920546,0.8825902871182972,-0.02754260361877272,-0.016041812709366252,1.0094729833293217
AMGN,2018-11-20,156.12509292029557,158.00189059020772,153.29396358464192,156.22052001953125,3288800.0,0.00781906825700534,0.030136418730248787,0.0006112220492601748,0.0072340733262885966,153.5010787963867,151.48594970703124,153.449582401273,0.0312541877425366,-5.30078125,0.018423766507490044,3.6820038738829646,0.017671635502187536,0.07448954385911503,58.04192255614716,-0.42393292357621704,0.7648308021315278,5.5769500732421875,1.0076196487057014,156243500.0,-0.8527835300261469,2.0757068772619083,0.9999999989297973,-0.046044378429722435,-0.017183575081195158,0.9088437027860841
AMGN,2018-11-21,155.21052502468822,157.1032432236344,153.1746661895239,153.30191040039062,2173600.0,-0.018859351298534898,0.025626406245362048,-0.012296940713228106,-0.0064651877660934255,153.22435455322267,151.73219375610353,153.43551840118897,0.010345310414547112,-4.969498443603499,0.015043545864148317,3.7696935600116075,0.016411589757303877,0.07248052887627775,51.74686208726428,-0.39714192980468965,0.6332974367224442,-2.767242431640625,0.6882412263967235,154069900.0,0.07104069347980194,0.6208000753007796,0.6876496228576545,-0.10376167349881217,0.0023207155534327967,0.6217501966139098
AMGN,2018-11-23,152.09309114909445,154.66177106857046,151.71137071019368,153.14283752441406,1349200.0,-0.001038183172278211,0.019265676449977162,0.006901999080882409,-0.007885219748005805,153.0580825805664,151.96179656982423,153.4076440319723,0.007771959671766327,-4.597499084472645,0.015056053704447103,3.443410515488196,0.015229686882083938,0.0700184737548469,61.74987613301856,-0.38431557516352655,0.5168990330908858,-1.6627197265625,0.45328862713213974,152720700.0,0.09494904038366271,0.6100753514176642,0.6706256014509182,-0.08852696332836615,-0.006915718605630941,0.6606507569119052
AMGN,2018-11-26,155.02758030422385,156.11707976757805,153.07920083422317,154.51861572265625,2194600.0,0.008943514723808764,0.019660277948694096,-0.0032830582827185453,0.012307090623871442,153.25525360107423,152.34390258789062,153.5134508596565,0.014275025766200154,-4.137630004882823,0.014821944487060788,3.4539423193199577,0.015175379230573636,0.06380403613520541,60.225509272811806,-0.26013808405883765,0.5128612193564598,1.971710205078125,0.7681000146998089,154915300.0,-0.08289962986984978,0.8309161660237124,0.7995654750669787,-0.06461976163626605,0.013129060788063468,0.6308676105773648
AMGN,2018-11-27,153.61207268067528,156.84876715733415,152.58618283492922,156.74539184570312,2329200.0,0.014308201773630997,0.02719431985982039,0.02039761009892304,-0.005866885603014405,153.80146179199218,152.75008010864258,153.8212547630895,0.02615587326840618,-3.6945924377441486,0.01491536901321946,3.579028449413948,0.014996712007155953,0.06426078156835781,62.85981292782807,0.01775107216718652,0.6326003004659873,5.4620819091796875,0.8371897425206629,157244500.0,-0.09478332046412313,0.7431771779190272,0.9999999988908539,-0.04980104951030688,0.002958886190746639,0.6702713184150764
AMGN,2018-11-28,156.63404843885988,160.65805268173486,155.91830883276148,160.18089294433594,2617800.0,0.021680976543277716,0.02958994522911339,0.022644147558125112,-0.0007103456473722108,154.69201049804687,153.29288787841796,154.4269345898749,0.04493362452262692,-3.159468078613287,0.015517261602607522,3.523834783019928,0.015268173546375155,0.07380638413713747,59.45910463437048,0.5093252728372875,0.8993396009088706,8.905487060546875,0.9656126372866352,159862300.0,-0.15922829966255678,0.30218568695918246,0.9999999991968804,-0.0036832667636331117,0.021367392233018635,0.792671239698457
AMGN,2018-11-29,158.876670435565,162.2326607613033,158.6778559003183,160.93638610839844,1937800.0,0.0047054120552611585,0.02208826075285839,0.012964242435259237,-0.00814218528063878,155.75209350585936,153.72697219848632,155.0468823535438,0.04689752101930166,-2.7345936584472668,0.015059968808458491,3.6085186298649297,0.01492140570420153,0.08559100044574458,64.4416568421658,0.9489247391811375,1.0711512538021766,10.600830078125,0.7508335383679503,161800100.0,-0.07908739464054468,0.6590787051627451,0.9999999992428222,0.013594669747474475,-0.0013626928719096033,0.7664362112609808
AMGN,2018-11-30,160.76142367872433,166.20099842748388,160.47513027089488,165.6125030517578,4537200.0,0.0286415710554403,0.0345738881490097,0.030175643273277958,-0.0010871527185671033,157.00860443115235,154.39052124023436,156.05313194384988,0.07268569159153138,-2.1437664794922,0.016138019291045042,3.7506880259902835,0.015463882342995337,0.10897146644366446,77.63023302190174,1.6555498921779872,1.422221125439221,12.565109252929688,1.7016456892542642,166337300.0,-0.10966331242428307,0.12799036604749756,0.9999999994408114,0.00552690982726438,0.009987137257595063,0.9073619565932707
AMGN,2018-12-03,165.49322440358844,165.65227360524494,159.35383056917271,161.38172912597656,4035300.0,-0.025878193634656373,0.03902822872318828,-0.02484388888082314,-0.0007202273135869021,157.70445709228517,155.07313537597656,156.56061738976672,0.040681409676181134,-1.4492587280273312,0.015631405646514912,3.9613969700958234,0.014873348263729103,0.10771236881106681,68.97425870199453,1.8528092870029127,1.2955844162113173,6.958526611328125,1.5038515862870858,162302000.0,0.05476500861624323,-0.14845936333308712,0.7292204198223158,-0.09077256089254594,0.010314743537213065,0.6718745976956957
AMGN,2018-12-04,162.70979184422387,163.61638547989753,156.8964456642966,157.2702178955078,3881100.0,-0.0258070879982167,0.04272862278391279,-0.03343114072645261,0.00822932512521667,157.93110046386718,155.43724212646484,156.62819839031349,0.011792384784797277,-0.9577005004883006,0.016772860601918092,4.2275972907419055,0.01574384840018715,0.10354826044252191,59.75894504551141,1.658258808301241,0.8808271500077164,2.2664337158203125,1.415586736647834,158420900.0,0.10079108271286033,-0.31356806545537547,0.45392982321288916,0.100641462324067,-0.032585835228625064,0.7224115945457996
AMGN,2018-12-06,155.64790388435858,158.26429748535156,153.64385023454344,158.26429748535156,3437300.0,0.006300945413510958,0.02919450137663411,0.01680969377484759,-0.010315455989430325,158.1354782104492,155.81827850341796,156.7840173517457,0.015697895044322098,-0.48094055175781136,0.016789930528665654,4.346655477123361,0.01608436998420844,0.10024639785536726,62.88443685356884,1.5662354796387206,0.6310430570761566,2.0437774658203125,1.2247181202912416,161858200.0,0.0817268656894305,-0.3291079912860494,0.5190003891967238,0.06761520727847771,0.00048324369323365696,0.7310560860553728
AMGN,2018-12-07,157.37364515522538,157.7792224698823,151.93408196424915,152.24423217773438,3152400.0,-0.03878038241966983,0.0383931819420875,-0.03259384995773344,-0.005627626345787957,158.0297103881836,155.6270324707031,156.35165685898272,-0.021736585471457556,-0.45021820068359375,0.017194473868898153,4.4858223587730395,0.016397137541331316,0.1024234778006027,48.82154550469627,0.9960554627896556,0.04869043218167324,-1.05767822265625,1.1217168060035547,158705800.0,-0.3957671434522296,-0.2019367850187815,0.1249383233133775,0.08729864196598348,-0.022964202446616518,0.7535067268369928
AMGN,2018-12-10,153.50866716545553,154.90831702646918,149.65962094666148,154.3516387939453,2718300.0,0.013747346298193285,0.034004796585377035,0.005491361784681524,0.00830530634648294,158.1505905151367,155.60433654785157,156.1611789480268,-0.008050532406087735,-0.260555725097646,0.01742283439835542,4.659074328194025,0.016914540468472548,0.10259812048332134,49.89720367699598,0.7060943766622074,-0.19301652315662,1.20880126953125,0.9658473148996951,161424100.0,-0.5498969525731955,-0.1979027436322563,0.26288516647960486,-0.04044131484921932,0.00119548722337821,0.7633765930974468
AMGN,2018-12-11,155.79902195368632,157.78716726328466,154.5504608746141,156.01373291015625,3047500.0,0.010710666569853986,0.020746291549440035,0.0013781277557297848,0.009377180385322764,158.30010223388672,155.77767791748047,156.1471364682296,0.0015153325934208629,0.06663024902343295,0.017226912356494824,4.68293247807793,0.01682817125382157,0.10081434326382899,51.40700518007829,0.6034589323949717,-0.23652157393908457,1.4951171875,1.069467108841747,164471600.0,-0.7648723459963838,0.16410919585696193,0.3716826973465716,-0.042000762087739237,-0.0005700691117485465,0.7525780141833589
AMGN,2018-12-12,157.5326523546523,158.60625549521183,156.10914589155695,156.19662475585938,2665600.0,0.0011715938445517006,0.015986962634806895,-0.008480956670399565,0.009735806048373643,158.24522552490234,156.02334365844726,156.15184963848006,0.0011106100750631711,0.4564811706542855,0.017080165761155904,4.531832162327199,0.016702942928883836,0.09693871098874567,49.96572305100742,0.5307591853198232,-0.24737705681138655,-0.54876708984375,0.926399930492202,167137200.0,-0.8668280322501185,0.39821785585068475,0.3836544509519354,-0.046288227056477255,0.003670431181780781,0.7632480944224654
AMGN,2018-12-13,156.48293428334298,157.1907134822992,155.25028184434953,157.0873260498047,2129800.0,0.005686238899867447,0.012352566478434144,0.0038623493943904007,0.0018330071339961497,157.9358688354492,156.31393966674804,156.2409426300348,0.00494764820530696,0.8854521179199253,0.017096866723701466,4.38982177688714,0.016577411631420565,0.0925531541643365,55.76548282005529,0.5388052509708814,-0.1914647929282628,-3.09356689453125,0.7415079789224842,169267000.0,-0.919598785685886,0.45719485910214525,0.4419580696075254,-0.04975893800258109,0.001846712826567661,0.7648236577915595
AMGN,2018-12-14,155.10716030284712,155.98989742616868,152.41919572900585,152.74525451660156,2981300.0,-0.028030337020083267,0.02337684210526318,-0.015227574159915833,-0.012605509284242027,157.11675567626952,156.43442459106444,155.90801995256498,-0.023582853224964687,1.2189912414550577,0.018271469340542416,4.512516774203001,0.01666145555758867,0.08804120223433413,49.46288913533726,0.1925928410576887,-0.4301417622731645,-8.191131591796875,1.0356033145697607,166285700.0,-0.8026883104793403,-0.23730132246793884,0.037478469969213786,-0.041146476160948554,-0.018215758422885687,0.8408429715904998
AMGN,2018-12-17,152.88044993668004,154.63796386902632,150.0175153905206,151.16268920898438,2919400.0,-0.010414861771468643,0.030566064302533624,-0.011235973784791473,0.0008851038973769265,155.6717742919922,156.34018936157227,155.4560836912716,-0.033116885515686235,1.3152851867675963,0.01797509077242138,4.62555745599949,0.016703592536213358,0.09119607889100038,45.49153342883218,-0.20709551422334016,-0.6638640940433547,-14.449813842773438,1.0086303991818741,163366300.0,-0.6439442667770104,-0.3644752198942236,0.0,-0.01801418537762545,-0.021531649378876316,0.7888401872718879
AMGN,2018-12-18,152.24420266075805,152.6418316847844,146.6535395537215,148.79278564453125,3164300.0,-0.01580203115129542,0.040245849992815164,-0.022670268922603938,0.007154632253720145,154.41287994384766,156.0586685180664,154.82148387729634,-0.04655866247310712,1.280378112792988,0.018137790136625098,4.7488222994750595,0.017373030583376154,0.10067034853318119,39.35712529538469,-0.7069337348788451,-0.9309618517590877,-12.588943481445312,1.1065843218442255,160202000.0,-0.442525736485354,-0.6332414999097226,0.0,-0.002854083253034402,0.001119665284144217,0.7576771159198711
AMGN,2018-12-19,148.7291952742001,152.49871145996124,145.15848150818954,147.512451171875,3995400.0,-0.008642050710198121,0.04976007037683342,-0.00818093650061026,-0.000427375360006191,153.43710327148438,155.6841018676758,154.12538552439906,-0.052488665173700995,1.2025143432617256,0.018152687913480493,4.934571306817797,0.018397797885251182,0.11218201777760017,32.008125652017696,-1.1926235952068112,-1.133321369669643,-9.757766723632812,1.3646447241012434,156206600.0,-0.332678256828481,-0.7073831302771307,0.0,0.0026894688065208045,-0.016578302473788557,0.798596808676249
AMGN,2018-12-20,147.1704914454711,148.34747027089315,145.30959003203122,147.09097290039062,3806200.0,-0.002861328311931098,0.02065307053832032,-0.0005403158221424979,-0.0023181753383344126,152.31977081298828,155.22762451171874,153.45544146496968,-0.05241754898280912,1.057959899902329,0.01799428939994876,4.897648119523292,0.018157582268520964,0.12281648844706498,30.148234137914585,-1.5931808852664346,-1.2271029277834131,-11.173324584960938,1.2886363213160599,152400400.0,-0.252887172880587,-0.6581728314948079,0.0,0.030916977803133253,-0.014116740737429086,0.8567219756479092
AMGN,2018-12-21,146.20826244433826,149.1984296752015,142.51826393478524,143.3135223388672,7829800.0,-0.026016564403505225,0.04661225006123922,-0.019798745003026797,-0.006001119162153702,151.42669982910155,154.72820510864258,152.48954440534087,-0.07377247581822954,0.8701985168457043,0.018382210471379414,4.965812232653811,0.018867224799551118,0.14095525374120182,17.181635912536223,-2.19018700192737,-1.459287235555479,-8.930709838867188,2.4192369785028465,144570600.0,-0.24841769033532562,-0.7880118821886879,0.0,0.03616481397718667,-0.017727783540298706,0.9315728403689568
AMGN,2018-12-24,142.748827450973,145.47655688068443,141.78655982082066,141.87403869628906,2205100.0,-0.010095081722555996,0.026008966078444967,-0.0061281677076079205,-0.003940276386194366,150.17893981933594,154.16476516723634,151.47854386162163,-0.07972461449031122,0.5311143493652537,0.018436651438804314,4.779494662924636,0.01900489028998683,0.1598570513350047,18.71966669700609,-2.7477980448511232,-1.6135186227833855,-12.47760009765625,0.6724362434322273,142365500.0,-0.16787108180339533,-0.8441816725074652,0.0,0.05427102709064676,-0.029276540822750555,0.8423067292481703
AMGN,2018-12-26,142.38300405359712,149.53237869934662,142.25577198069328,149.39718627929688,2868200.0,0.05166882654572036,0.04870645090363202,0.049262777340049746,0.0035874453281590384,149.51728515625,153.90869369506837,151.28031932997166,-0.029312882251537494,0.4048490905761639,0.022259398800978828,4.846523247742967,0.019977524593308742,0.16246954663400945,38.62070608182765,-2.553221726618659,-1.1351538436407371,-6.616546630859375,0.8657540862373413,145233700.0,0.5284548406480999,0.41927759739827225,0.3169180393130816,-0.03068288577846919,0.04845156911923087,0.9362233001942406
AMGN,2018-12-27,147.40904685236745,151.42510281918857,146.02529334340855,151.36148071289062,3137900.0,0.013062448928847295,0.03567492502285058,0.026812695319043737,-0.013307743448478413,149.0337707519531,153.63949813842774,151.28804898548776,-0.014827029853251947,0.1977421569824287,0.022213781098084945,4.902191978098102,0.02022841987237663,0.16242422378429858,40.29518838639645,-2.214983497100093,-0.6375324912977365,-4.83514404296875,0.9357410497154368,148371600.0,0.5365019607333276,0.45406052532976665,0.39966536463927743,0.024160546566596816,0.009818247781990537,0.9311936649205881
AMGN,2018-12-28,152.3953356215627,154.74929314251276,151.14677439938384,151.67959594726562,2477500.0,0.002099486675081636,0.023750846121593026,-0.004696598300583498,0.006830369944868248,148.4929977416992,153.2144332885742,151.32533917232377,-0.010017576728021269,-0.06498016357423353,0.021545580067542376,4.707356493957137,0.020075427049264356,0.1581182492912946,49.05458878546697,-1.8993633441983206,-0.25752987071677147,-5.4077301025390625,0.740354473653541,150849100.0,0.6664491896672777,1.0060001896766595,0.4130661992289718,0.012499095384457622,2.765154803568188e-05,0.9297827174759558
AMGN,2018-12-31,152.6338851117351,155.71154228700453,152.3794088234253,154.81289672851562,2764800.0,0.020446895231686132,0.02152361679158133,0.014276067304356276,0.006291480132906363,148.69976196289062,152.90825881958008,151.6574875110087,0.012456082644841745,-0.2646861267089662,0.022114088698552043,4.620445798237938,0.020065124602178915,0.15158653164907737,50.746666073858904,-1.3804875114354616,0.20907676963687027,2.0676422119140625,0.8161241188764125,153613900.0,0.5613135595844606,0.5317589938398414,0.5450587634071277,-0.0018323118449114796,0.008226213440227647,0.9495154864149407
AMGN,2019-01-02,153.10313003898403,153.64389985383588,150.26405210697624,152.6100616455078,3009100.0,-0.014331218440899287,0.022146952241658618,-0.0032204984532365434,-0.011044084347377643,148.84449920654296,152.25813674926758,151.74820885715147,0.002311370044017876,-0.7650730895996105,0.021036857065631222,4.699968380537941,0.019732361982389687,0.13041672442190458,44.58506881817427,-1.1339535463889376,0.36448858774671544,1.4473724365234375,0.9087326334099897,150604800.0,0.8010405048156358,1.430502109071139,0.5503482322734015,0.05460227358305883,0.002706240387734218,0.8889437624605209
AMGN,2019-01-03,152.8088545496025,154.42322768545884,150.04135947880258,150.2878875732422,3973900.0,-0.015333346267706402,0.029156496091681233,-0.01649751896767209,0.0013026199056026637,148.99400939941407,151.70344467163085,151.6091306396363,-0.009331080790239797,-1.13811843872071,0.02059892963999263,4.8277787820808475,0.01942193475683644,0.11833918171449903,41.19881649327266,-1.113122262770986,0.30825589709173373,1.4951019287109375,1.201210913943798,146630900.0,0.8279902476404747,1.677112959423993,0.5133444797976213,0.008668958735172268,-0.022748628651279943,0.9638560191636295
AMGN,2019-01-04,152.2601382556134,156.2841427517375,151.76706992668983,155.42526245117188,4193400.0,0.03361228358083521,0.029062668151947003,0.020787608837218252,0.013123151267995944,149.78529052734376,151.61119689941407,151.97257176454445,0.025156885703423577,-1.2111703491210903,0.021525653753332482,5.117480463548394,0.019000141472528227,0.11570284035937305,47.80234790149192,-0.6742972239446203,0.5976647487344795,7.912811279296875,1.2616054827820666,150824300.0,0.6341541354820668,0.8297489420534165,0.8267852216987521,-0.02566399495874756,0.033889962067031265,0.9746110231169184
AMGN,2019-01-07,154.8844700472576,158.542662323147,154.28007823297267,157.51678466796875,3032500.0,0.013367033150716483,0.02706114208183892,0.016995342527937097,-0.0034794369678749983,150.82787170410157,151.5738212585449,152.50059204106105,0.03920837622274306,-1.2771827697754077,0.021700845255318485,5.088512875646643,0.018935918356244606,0.11423059620205839,56.70837479046184,-0.15595905686956257,0.8928023326476298,10.425811767578125,0.9179324498580346,153856800.0,0.5775244078541422,0.6524771214668206,0.999999999360726,0.06811033656846106,0.008566372530997646,0.9776453158982424
AMGN,2019-01-08,158.41542622364113,159.94232046531678,156.41137222252073,159.5367431640625,3290300.0,0.012742238451985131,0.022132507990118257,0.007078331745535689,0.0057050526873478275,152.4501937866211,151.93844680786134,153.17070167182308,0.050009043239791905,-1.135751495361319,0.019917324233126924,5.0106914302388095,0.018489374344966614,0.12323021396929446,61.63018683674482,0.41305994616101316,1.1694570685425645,16.223220825195312,0.9938936993186861,157147100.0,0.7414771480122501,0.8183527260887016,0.9999999994338352,0.1548452252971065,0.008768842755355876,0.9221966256593173
AMGN,2019-01-09,160.92842364176704,161.35785766060664,158.75737250687615,159.34585571289062,2869700.0,-0.0011972272845549375,0.016319753922035118,-0.009833986396332777,0.008723259921843711,154.19737548828124,152.1881576538086,153.75881158049617,0.04703189899547951,-1.1019421386718875,0.019750900764648555,4.768705217572209,0.0180330352901019,0.12989915896333856,65.60073121589906,0.8389378305369917,1.2762679623348343,17.471817016601562,0.8648663310313027,154277400.0,0.8759632761293971,1.1122463302753551,0.9891926255454205,0.13697221501579165,0.003883851853415441,0.914745300479495
AMGN,2019-01-10,159.34584773624206,161.85091781387723,158.63012036244604,161.18289184570312,3131300.0,0.011462661375459544,0.019982253789778106,0.011528660053331523,-5.005871364234097e-08,155.37594604492188,152.44661560058594,154.4658668438492,0.05730711836861273,-1.1296121215820278,0.019769842639247037,4.474460038976458,0.018020251774604756,0.1384540686180579,69.88192977924304,1.3095864875170093,1.3975332954518818,11.78570556640625,0.9425167994822825,157408700.0,0.8685547504500382,1.0873474852720981,0.9999999994821028,0.13346174024303506,0.006583500739304797,0.9185413499101236
AMGN,2019-01-11,159.56061613525057,159.83896137896042,157.46113482299774,159.4969940185547,3379700.0,-0.01051461868225547,0.014908284451342487,-0.00039873321021744503,-0.010064813280590132,156.1894973754883,152.61163406372071,154.94502181286876,0.045116874588729546,-1.1820967102050588,0.019959912780812984,4.523308380679562,0.018006640959974535,0.14281885690018953,67.40293270648834,1.5289166742955729,1.2934907857843563,8.135513305664062,1.0064681743190846,154029000.0,0.9275360656814872,1.0505009764765707,0.912687831678575,0.11592092346579462,0.0015512467149099095,0.917289363162435
AMGN,2019-01-14,158.6460607973129,159.0516381059995,156.39547866195178,156.49090576171875,3378600.0,-0.01902717762566613,0.01697325113634478,-0.01358467411521551,-0.005335105068768779,156.6706283569336,152.5818130493164,155.0922488556164,0.02561965043067673,-1.3552410888671886,0.020420157863619393,4.267690496121465,0.018071287719154252,0.1422122131183691,68.89386836931642,1.4435311001517732,0.9664841693124452,4.811309814453125,0.9877734313329942,150650400.0,1.0106268204418796,0.9882806780018101,0.7570033779195845,0.16779836855014582,-0.003258191783197688,0.923408549787534
AMGN,2019-01-15,156.1091968841182,159.04370176783175,155.90242197294796,158.55859375,2859800.0,0.0131263035169214,0.019811476127472822,0.01569027907881694,-0.0024391761025509993,157.04519805908203,152.87248001098632,155.4223769407958,0.03719514289691016,-1.1906520080566452,0.019533123530289326,4.2284964057657515,0.018002159509358566,0.14619445255215982,73.49916120399786,1.5251268448290602,0.8384639311917857,3.745697021484375,0.8375837825410145,153510200.0,0.9886221722925037,0.9925297526482695,0.8640883493164043,0.09113521689095563,0.006232123885723237,0.8966384871013345
AMGN,2019-01-16,158.49495830349483,159.40155214675443,157.14302181929045,158.1688995361328,3302400.0,-0.0024607551840066227,0.014279231467675629,-0.0020572185440603007,-0.000401337101951775,157.60108184814453,153.22279052734376,155.68395052130407,0.032280504693630294,-0.956889038085933,0.019347938153266388,3.8427957146519236,0.017639605421163693,0.14862202798425334,65.46119498604395,1.540588053998988,0.6831401122893708,5.558837890625,0.9618187881444418,150207800.0,0.9638829755943504,1.055817857391826,0.8439061970855148,0.050973355825619085,0.0021238936555150086,0.9258233771306086
AMGN,2019-01-17,157.76328327740512,161.0635990681892,157.4451728019354,160.5784912109375,2440200.0,0.015119418364889817,0.022533692021683063,0.01784450649763811,-0.0025644501537107132,158.63014221191406,153.81207580566405,156.1500972536501,0.04399144455876513,-0.6245846557617369,0.01905664893035055,3.7155540568286227,0.01707576336057926,0.15132655136242232,65.99499850124508,1.72736311724762,0.6959321404304022,10.290603637695312,0.7182783924834206,152648000.0,0.8057523727747959,0.9217217737289305,0.9686982629275965,0.00811235804182315,0.008982135356589437,0.9292968200418615
AMGN,2019-01-18,161.69982791625378,162.49508600143596,159.87868010576838,162.13722229003906,3095000.0,0.009660163019285899,0.01613698482503436,0.0027049773609642484,0.006983106497390626,159.30133819580078,154.54331436157227,156.7202996380681,0.04913773177337164,-0.13632888793944176,0.018858596080931093,3.645117424867099,0.015888654792733645,0.1528101106064332,67.39876691956849,1.9783550264762084,0.7575392397271923,6.7119598388671875,0.9232549884108381,155743000.0,0.6884839818085102,0.9137492316782914,0.9999999995064941,0.0012971380613673643,0.015366346188247386,0.9340766555705653
AMGN,2019-01-22,161.1351700726182,161.81909242949817,159.67189828314093,160.62620544433594,3173100.0,-0.009363067526933317,0.013367645337929208,-0.0031586191149510306,-0.006180272507865884,159.6122802734375,155.22007598876954,157.09229066723645,0.03482880304708486,0.3407800292968943,0.019052936561222245,3.5332158296641865,0.015746327993399124,0.14892859773435904,60.22372010620318,2.0319187964256855,0.6488824077413353,3.1094207763671875,0.9555760002288732,152569900.0,0.7037856891121096,0.8118829887632489,0.9254304316018984,-0.04900243492163144,-0.014694986411869327,0.9519642264179261
AMGN,2019-01-23,160.63417307182488,162.19287200767383,159.1549926577869,160.29220581054688,1917500.0,-0.0020815244166116458,0.01895213391396882,-0.0021288574824305634,4.9603534285687354e-05,159.68782653808594,156.06901016235352,157.3970444904089,0.027059796456709122,1.1052531433105628,0.01776745574471397,3.4252897388318684,0.014715778413570524,0.13201882816509322,64.46096355296152,2.0240850978624394,0.5128389673424714,0.755462646484375,0.6338842975206611,150652400.0,0.9320076216404861,1.2656751987922765,0.9089473537045413,-0.11958735048791967,0.0012180671566990422,0.9140595004601837
AMGN,2019-01-24,160.3319779787302,160.96022650693882,158.84484928947091,159.82301330566406,2390800.0,-0.0029313997763877266,0.013235748555323609,-0.003174442675020609,0.00024812290767487995,159.73554229736328,156.96645889282226,157.62808913948084,0.0181985019792813,1.9023527526855446,0.017503536653109032,3.2633975253184144,0.014415496678237244,0.10136310833800981,69.29509395371356,1.9574526259733602,0.3569651963627136,0.4771575927734375,0.7879286223937435,148261600.0,0.9429339067872072,1.4203125098599234,0.8183514559450843,0.035137755632422434,0.001809924787035224,1.0517296354472478
AMGN,2019-01-25,160.6023707419162,160.82504203896724,156.5704184881145,158.07345581054688,4383600.0,-0.011007200957102404,0.02691548387448396,-0.015746435869450612,0.0048763780642878595,159.42459869384766,157.40027236938477,157.6705050129157,0.004276888667525885,2.2256352233886787,0.013968303079790814,3.1389952662010865,0.013262371143799488,0.09046657765760756,56.21033376178358,1.743374705356075,0.11430982059634265,-3.10943603515625,1.4094927581666563,143878000.0,0.31119556644284196,-0.42211822327739495,0.6570468652301538,-0.06071387102050933,0.010712794818504288,0.9448428370995029
AMGN,2019-01-28,155.05149397991156,155.05149397991156,151.1070079240032,152.64981079101562,4186200.0,-0.03491335549839836,0.025840097904271452,-0.015489584313241715,-0.01911745280154551,158.73988037109376,157.464688873291,157.19234365844903,-0.030577509895884217,2.262721710205085,0.016019634589131016,3.332128394513183,0.012809685754323267,0.08776448721569578,40.129037209607475,1.12312687761235,-0.4047504057179061,-6.8471832275390625,1.3237121616963956,139691800.0,-0.04539124881624137,0.14325992817976885,0.19932960560494817,0.06602155015529435,-0.009135611769668817,1.0556902542381597
AMGN,2019-01-29,152.83270033282614,154.01763930519456,151.73525237409615,152.77703857421875,3182100.0,0.0008331146448086556,0.014939332195457084,-0.0003642005832925157,0.0011980987127517273,158.36849365234374,157.51956100463866,156.77183841233187,-0.03010751426789624,2.2875611877441315,0.01601566117772062,3.242945443677637,0.012573863589563722,0.08547004470952294,35.150199515156714,0.6345277829961447,-0.7146796002672893,-3.7138671875,0.995121493573506,142873900.0,-0.032280433968288606,0.14614865310714226,0.21006673018928484,0.04952347917161964,0.0017434807662010834,1.0616657876195272
AMGN,2019-01-30,150.21627157933293,150.90814210301556,142.86808385610436,147.01138305664062,8089100.0,-0.038469574789248985,0.05469003882382035,-0.021335162223086596,-0.016761465065588437,157.21377258300782,157.1294853210449,155.84227123559936,-0.06439340295509217,1.9639689636230457,0.01740669079722581,3.7649789839907726,0.014273047188772817,0.1037014765423736,28.23458074577644,-0.21544719319652472,-1.251723661167967,-11.547210693359375,2.3352478337372595,134784800.0,-0.17065922312885337,0.27659906980852705,0.0,0.0936875928753335,0.01617478679919538,0.797606000981178
AMGN,2019-01-31,146.94779781414974,149.1904315886454,146.25592711697288,148.80075073242188,4397900.0,0.01209814809083233,0.019721032704663084,0.012609599775123102,-0.00043251917755504307,156.2769577026367,156.93901977539062,155.17165023529674,-0.051856249991978694,1.8584362792968818,0.017466356788015423,3.7445294854365807,0.014209648309300283,0.11148397872003465,28.113645190523457,-0.7361851839609983,-1.4179693215459523,-9.368148803710938,1.244681046767166,139182700.0,-0.3691279784817475,0.3358352915038974,0.11829873681635261,-0.035890896599227555,0.012314205389955292,0.8137184006175051
AMGN,2019-02-01,148.32355100916604,149.37329729329375,147.56805840844115,148.76890563964844,2488900.0,-0.0002140345442694679,0.012134517472524075,0.0030025887827812114,-0.0032069712075173036,155.09599914550782,156.86307067871093,154.56186503571118,-0.05160019502385662,1.8955731201171773,0.01714823928721675,3.60763533273281,0.013770869316072777,0.11492279646366926,29.859634246952055,-1.1383215637958415,-1.4560845611046365,-11.809585571289062,0.7195213790850523,136693800.0,-0.5034526887278716,0.6915257375244706,0.11619339295668307,0.06382872687312152,0.00017354628088072746,0.9201529923316449
AMGN,2019-02-04,148.6814850730481,148.82462573081662,146.55813490539387,148.06117248535156,2930900.0,-0.004768617115247324,0.015307800062484209,-0.0041720903405811985,-0.0005876266026456868,153.68839416503906,156.49486618041993,153.94275145948646,-0.05389118442610972,1.6662208557129077,0.015108156366274881,3.547990723362799,0.013355588542216194,0.12557491518764663,32.67977790527428,-1.496870699179624,-1.451706957190735,-14.0760498046875,0.8630498412829286,133762900.0,-1.0049632388574217,0.7300906641698849,0.06940371451912068,-0.06189434304915036,0.006821536877412863,0.6759531387333267
AMGN,2019-02-05,148.0770857607795,150.35152487246557,147.6953651932364,149.7550811767578,4933300.0,0.011375651511886417,0.017736691525638972,0.011331904645186802,0.00010747770776651571,152.60128173828124,156.10678100585938,153.5439257182742,-0.04068817374988441,1.4074444580078023,0.015003751464870487,3.5133392865303272,0.013065449202581276,0.13144229975926747,31.62962429926658,-1.625600289135349,-1.2643492377171681,-10.871124267578125,1.413139999197942,138696200.0,-1.0265523577759323,0.7785548799844391,0.18139146370437953,-0.13533524593342725,0.0048425019565634265,0.6316991673596145
AMGN,2019-02-06,149.7550502655731,152.5861671486087,149.59600107314958,151.70343017578125,3322400.0,0.012926330189480185,0.01971060293095786,0.013010445435749488,-2.0641159204806296e-07,151.74240417480468,155.71511535644532,153.36864042851298,-0.025762978574565356,1.047748413085941,0.01501377406541324,3.565598982815694,0.01299163198768067,0.1323720470895273,37.33245558806243,-1.5525075942881301,-0.9530052342959594,-8.588775634765625,0.9512615869152857,142018600.0,-1.0242955102004534,0.7739988981155189,0.3102007791857523,-0.08259153441853566,-0.00022326379138370194,0.5069495488601338
AMGN,2019-02-07,151.63188674593619,151.63188674593619,145.2698208435038,146.5104217529297,4188100.0,-0.034830933500713854,0.04342398190049011,-0.033775646421835184,-0.00047160060759447573,150.41114501953126,155.07334365844727,152.71547674512408,-0.05521852888126036,0.5386250305175793,0.016606419224085036,3.7666834875316693,0.014041153224868512,0.14101265598073384,25.147597069569414,-1.8918059258542428,-1.0338428526896575,-13.312591552734375,1.176913598113836,137830500.0,-0.8358995632146365,-0.17542210482979423,0.0,-0.18458681345418979,-0.010369742625753091,0.768244890466547
AMGN,2019-02-08,145.8583138956318,147.95779512332433,145.8583138956318,147.91802978515625,2601000.0,0.00956170335582661,0.014193545105636753,0.014121347179416007,-0.004450931541222271,149.39560241699218,154.41010055541992,152.25857703465095,-0.04204434001993006,0.007393646240217322,0.0165168373658246,3.729760296962023,0.013912265381877028,0.14224968528315626,24.74578273875501,-2.0237910898853784,-0.9326624133766344,-10.155426025390625,0.7364037111802562,140431500.0,-0.8462121504018584,-0.14988001686900895,0.09007653409174278,-0.23434626391331975,0.0015216796752679032,0.7142974914173503
AMGN,2019-02-11,148.5462959158484,148.80078440231574,147.52836623933678,147.75103759765625,2867300.0,-0.0011295886088767892,0.008611906783652595,-0.0053536058458344485,0.00424739385458734,148.90572509765624,153.822802734375,151.829287564461,-0.0394724646072378,-0.4000170898437716,0.016461027836612043,3.644552736682083,0.013814122617773468,0.14422723142424648,25.98641353068909,-2.117456437460902,-0.8210622087617263,-4.898773193359375,0.8177309555927572,137564200.0,-0.9456960394627405,0.020665199490578583,0.07939026552406148,-0.2488491975012755,0.0016535667210741513,0.7060487787079834
AMGN,2019-02-12,148.97574799910592,150.2720229912889,148.26000820407927,149.85052490234375,2412400.0,0.014109617689226613,0.013426811741372604,0.005871941674983771,0.008289013880123826,148.61307373046876,153.49078369140625,151.6408339775927,-0.023716464933694344,-0.5254287719726562,0.016518195846375424,3.607631739806777,0.013747435909747488,0.14533522627327067,31.728432904446123,-1.9992299425952922,-0.5622685711168933,-2.926513671875,0.6976085133454787,139976600.0,-1.1510371307936142,0.5064280221961269,0.2137419710032653,-0.19557636459869157,0.011497825036072249,0.7224005302664639
AMGN,2019-02-13,150.47875390507133,151.19448141374613,149.8266363723294,150.2878875732422,2166000.0,0.002914408568118357,0.009101498886596001,-0.0012683938886784553,0.004192371051999921,148.94072418212892,153.07724838256837,151.51198193908314,-0.01822191631218151,-0.7259941101074219,0.016174907038243747,3.55423658437455,0.013539015357689761,0.1433854579686547,33.29617773101697,-1.8489297698215807,-0.32957471867454546,3.2765045166015625,0.6327024808597276,142142600.0,-1.1670847664815056,0.612720210309585,0.24172995674480854,-0.1757316934041379,0.005021843459820185,0.697571990802233
AMGN,2019-02-14,150.33600360253806,150.50430452854067,148.86942666753697,149.60671997070312,2611500.0,-0.004542721054681946,0.0109278370739219,-0.004851024467585484,0.0003201590632007517,149.02132110595704,152.64913940429688,151.33052841828504,-0.019930799776969526,-0.8339874267578011,0.016180942945201428,3.3671118922424768,0.013482725500806054,0.1415654510543357,34.59100669038608,-1.7644409558017742,-0.19606872372379103,0.80596923828125,0.7706119895599264,139531100.0,-1.1445169421977348,0.5699510878487907,0.1981402532424455,-0.18396655446885501,-0.0015076948093007787,0.6931815415246534
AMGN,2019-02-15,150.7206406042077,151.5460889468004,149.05371235288882,150.93701171875,3314600.0,0.008852624730227483,0.016512693378054825,0.0014355771954984095,0.007445659083513744,149.23813171386718,152.1670654296875,151.29305063737692,-0.008083573849992445,-1.1071670532226392,0.015871122679458623,3.0475353713401847,0.013320379095598044,0.1334873682946232,46.33704295433068,-1.572018287357423,-0.0029168442235518732,2.1681060791015625,0.9656279451200771,142845700.0,-1.2074537841923398,0.68151023451847,0.2832691152917503,-0.24754501201407014,0.0109968660975444,0.6691703565056555
AMGN,2019-02-19,150.49624357463534,151.04120679638618,149.74293112429277,149.83909606933594,2267500.0,-0.007300583373616897,0.008664465457617627,-0.004366537593833749,-0.002920212472047388,149.41592407226562,151.55215911865236,151.15457877375397,-0.011303455254472726,-1.5734509277343705,0.01560931943183797,2.9772417099826844,0.013191840702479724,0.1193341374430666,43.967435474704025,-1.490928062890049,0.0625387041950578,1.777923583984375,0.6686403967905261,140578200.0,-1.120283187673688,0.6153956874913509,0.2358122217524939,-0.24206095351488083,0.0010508805116433706,0.6224267772245006
AMGN,2019-02-20,150.01542512959372,151.64228086930717,149.44642060137917,149.79904174804688,3046400.0,-0.0002673512912568397,0.014658707040471626,-0.001442407548156604,0.0011767894019875265,149.42032012939453,151.01080093383788,151.02548000940092,-0.00802432129554704,-1.9455039978027457,0.015572625755623857,2.426306392112228,0.013215284153707865,0.1058273036386936,57.48361070739808,-1.4136004190610265,0.11189307841926421,0.0439605712890625,0.9000036928985561,137531800.0,-1.2218589268128224,0.8222772677430534,0.238620775001431,-0.24317770264982813,0.002478735250985786,0.7299794837889126
AMGN,2019-02-21,149.37429320578013,150.18371010633473,148.05998583688248,148.66104125976562,2947600.0,-0.007625850610970874,0.014285681382665177,-0.004774931018631988,-0.002835455669877668,149.11608123779297,150.42924270629882,150.80029536657852,-0.011754373117369677,-2.4553984069824253,0.015597480596368021,2.368393520525067,0.013109326156914297,0.08963359798295266,49.611350797927884,-1.427687341974547,0.07824492440459507,-3.042388916015625,0.857763111180952,134584200.0,-1.1582633420665793,0.6911278341488141,0.16154777202480364,-0.24554379287776137,-0.004430985114231328,0.7235368891347299
AMGN,2019-02-22,148.97355860102923,151.35373855880152,148.9094445685049,150.26382446289062,2774100.0,0.010723755342891024,0.016266682942708284,0.008661039408455707,0.0021022141282968495,149.49142150878907,149.95128326416017,150.74920289956063,0.002084284921922758,-2.8516015624999795,0.01592825806949645,2.4317834072524454,0.013171130313138097,0.06790131449581116,53.82436592371333,-1.294596814184871,0.16906836175541695,3.7534027099609375,0.8027966644914188,137358300.0,-1.1877079821285268,0.6363818091583808,0.3246036194317299,-0.25262545686025006,0.003953982073480259,0.7367675709633351
AMGN,2019-02-25,151.19346850083136,152.64401341522642,150.57638160136148,152.11508178710938,3182600.0,0.012244772479168086,0.013592549729938518,0.006095589283163707,0.006186745487569559,149.91112670898437,149.6533645629883,150.8792866031367,0.01644946126877732,-3.0715472412109364,0.016161922905048132,2.439904702031949,0.01280115259626801,0.047516028047761234,59.797642904188685,-1.0278917216577383,0.3486187634260398,4.197052001953125,0.9373007470192122,140540900.0,-1.3208522173417407,0.8805190651047764,0.8943677561704042,-0.2930179143859069,0.0005314056392966651,0.8173045016555446
AMGN,2019-02-26,151.91474676591326,153.58968487786484,151.7544677717295,152.33148193359375,2431000.0,0.0014215971452197127,0.012047523485233096,0.002743217340990841,-0.0013169964400800624,150.36917114257812,149.6374481201172,151.01759092032307,0.018003740690057692,-3.010160827636696,0.014238666468514334,2.38126594681096,0.012429811730571977,0.04679879905198741,56.705647617814584,-0.7899581848111268,0.4692418402181211,4.5804443359375,0.7349440024669449,142971900.0,-1.6549951694816976,2.7285839830852328,0.9288999690550176,-0.312544115782767,-0.001397345606803314,0.39099768510761623
AMGN,2019-02-27,151.2575995606447,154.02245195915523,151.19348551712665,153.40536499023438,1886200.0,0.00702491363885863,0.018441118028751317,0.01419938856512496,-0.007049641737334267,150.7246551513672,149.66886444091796,151.24499797460035,0.024965115912878512,-2.905105285644538,0.01432555045170537,2.369751687280208,0.012517104051820863,0.04849355462117344,54.64091165549621,-0.5088747632783566,0.600260209400713,3.554840087890625,0.5816327159922786,144858100.0,-1.6904203722701578,2.7595011265588987,0.9999999985496617,-0.38338759112610954,-2.5442089233261606e-05,0.35871544583577974
AMGN,2019-02-28,153.37331373854332,153.57366553839887,152.05098452239463,152.33148193359375,2776200.0,-0.007024913638858614,0.009995839314870107,-0.006792784087103872,-0.0002089317521137453,150.92901458740235,149.93486938476562,151.34847263736162,0.01598435746576001,-2.630824890136722,0.011374106714353117,2.0189710932606926,0.010218225812506875,0.04786752602845407,70.47205684902616,-0.36851945162968036,0.5924924168395114,2.0435943603515625,0.9324571465037895,142081900.0,-1.6579756835855692,4.238283857419795,0.8442506300453716,-0.34260487470826545,-0.001978246799600704,1.4475255908341174
AMGN,2019-03-01,153.38131118399295,153.91825249739193,152.6440180867062,153.19699096679688,2409400.0,0.0056656673612566774,0.008317620356929156,-0.0012017123583913521,0.006891741858435105,151.2880416870117,150.15468139648436,151.52452200206974,0.020261170294646188,-2.4516989135742335,0.011154325001562392,1.9823489029825245,0.009926811916790203,0.05096978692282735,69.30152063592664,-0.18531135636018803,0.620560409687203,3.59027099609375,0.8372164135280606,144491300.0,-1.7049934726905605,4.565433850454294,0.9697787166676164,-0.35216305366339673,0.005706457164613014,1.5330773483409321
AMGN,2019-03-04,153.72595748730873,153.96636989971512,150.19174828287237,152.09107971191406,2274800.0,-0.007245065881220672,0.024818165693823172,-0.010635014425131439,0.003452851894633515,151.40344848632813,150.32079010009767,151.57847987919777,0.011776744990746591,-2.351556091308595,0.01132026685941655,2.161077721115652,0.010343405823102744,0.051378856640435996,64.84901387332849,-0.12788128089627548,0.5423923881208925,1.1540679931640625,0.7933969618072207,142216500.0,-1.5546038221946727,3.880589349455472,0.8093841760287032,-0.3682970333033456,-0.0027422157702296683,1.5509842783803056
AMGN,2019-03-05,152.26732489081587,152.8042660953793,151.29761707281332,151.32167053222656,3445200.0,-0.005071710587720436,0.009956597870396227,-0.006210487767269802,0.0011588133849509553,151.55170593261718,150.48381500244142,151.5540218461529,0.005567745141040926,-2.2647155761718523,0.01132877101247261,2.088625123182317,0.010222991148891919,0.049615382278171555,55.53735545373198,-0.1428062414520923,0.4219739420520606,1.482574462890625,1.1909239235640607,138771300.0,-1.5480114203863657,3.849325258122832,0.6977938188508872,-0.3205948120140015,-0.0017072953390936203,1.7195674626998418
AMGN,2019-03-06,151.36978158884926,151.76246325361325,146.2006958530167,146.7777099609375,3956100.0,-0.03048857428728076,0.03789245248530397,-0.03033677910948404,0.00031793897366772444,151.24957275390625,150.3349464416504,151.0991349999419,-0.023662073023676997,-2.407318878173811,0.013015783595351854,2.3881910059808757,0.011131893864859228,0.05424057479994629,39.90773002345356,-0.5153533502359551,0.039541466614558374,-3.021331787109375,1.3910239731084872,134815200.0,-1.3177996553027675,1.804707788117712,0.03876583148270271,-0.27106988728187054,-0.007994481082829906,1.9301385200789594
AMGN,2019-03-07,146.5933719971044,146.7857140859571,144.73411405219807,145.42332458496094,3421700.0,-0.009270296236580097,0.014107778374716084,-0.007981584680149022,-0.0012558988955621794,150.9258010864258,150.02094116210938,150.55858162708657,-0.030646498692341612,-2.7635202026367267,0.012709178046991954,2.4179568754633993,0.010973981043208163,0.060935605030062116,38.42040041594196,-0.909404153774318,-0.2836074695390436,-3.2377166748046875,1.201024224416766,131393500.0,-1.2164505434075767,1.6592237311793576,0.0,-0.010383432921836123,-0.007428870020683986,1.8505797991945858
AMGN,2019-03-08,144.7341446084941,145.30313687016198,143.45989787213952,144.9505157470703,2750900.0,-0.0032565554472866465,0.01271633280173211,0.0014949557283908733,-0.004739129561463198,150.39447021484375,149.9429458618164,150.02448011470406,-0.033295531750770026,-2.9030450439452977,0.010223224239646167,2.3801747410998155,0.009499234110147251,0.06491388704197044,32.603627276137516,-1.2454867800389593,-0.49575207664294774,-5.3133087158203125,0.9905567808434982,128642600.0,-1.0195372343512634,2.3433725050878054,0.0,0.1751757347925266,-0.002737225012829135,1.543323719584013
AMGN,2019-03-11,145.7278972796056,147.939789205012,145.3752761188304,147.57113647460938,2816900.0,0.01791792723886177,0.017378148243934095,0.0126484992195227,0.0053630822113925405,149.94007568359376,149.92560119628905,149.79082833945694,-0.015704220646059704,-2.8838687133789165,0.010821426984271475,2.5009602972318357,0.009595140003274666,0.06535826138449793,43.94528338011187,-1.2855534316957176,-0.42865498263976476,-4.5439453125,1.0103948463370542,131459500.0,-0.7423685606879684,1.8485736937907236,0.3099547548477397,0.14490519125994436,0.014547593411924936,1.483141053193318
AMGN,2019-03-12,147.94779140445215,148.22026693183534,147.07426044569206,147.60317993164062,2677500.0,0.00021711548313042023,0.007764104314514279,-0.0023292775751510924,0.002552361788631871,149.46724548339844,149.91820831298827,149.58248087204586,-0.015441942692608079,-2.8160955810546966,0.010818624050525324,2.42597074139007,0.009582439134891823,0.06555147217762838,44.13525254912829,-1.2997383282254873,-0.35427190333562764,-4.728302001953125,0.963673729408335,134137000.0,-0.7636260565933237,1.8773076657062129,0.3137447049783418,0.14949087134691394,0.0014427357223971205,1.4840813767315697
AMGN,2019-03-13,148.019879702861,150.93700087598822,147.61116650958397,150.14361572265625,2719700.0,0.017064818009132482,0.02215102087688962,0.014347640493010053,0.0028231083599510893,149.1410705566406,149.9328628540039,149.6359222863897,0.0014056482657679164,-2.770721435546875,0.011044498954425403,2.5124062181683087,0.009874163512901433,0.0655570466588362,53.683727631179856,-1.0933841717706514,-0.11833419750463325,-3.261749267578125,0.9734787269645768,136856700.0,-0.666326801076623,1.7186787264768408,0.6142155608087891,0.1292820026534754,0.00810908073070655,1.5799513771622884
AMGN,2019-03-14,150.28793923060456,151.3538126144005,148.97363149203423,150.47225952148438,2909600.0,0.002186470887400172,0.01581807257985941,0.0012264476565680103,0.0009612363952584398,148.95514831542968,149.94208145141602,149.7155734516368,0.003535885756262139,-2.674690093994144,0.01103609307917639,2.4900836341204786,0.010026994842516726,0.06559962622633729,50.55290302420954,-0.8930338695502655,0.0656128837726021,-1.859222412109375,1.0277731170356503,139766300.0,-0.6573810321433025,1.7236856277229289,0.6530860112435071,0.1431598809986979,-0.0006816182440495431,1.5919251288037963
AMGN,2019-03-15,151.03322756451024,153.5816969497626,150.7447204427359,153.26113891601562,6865000.0,0.01836451169873766,0.01851073616633701,0.014751133822878707,0.0037280495741194844,148.96156311035156,150.12480239868165,150.05324635300622,0.020891528030157897,-2.504990692138648,0.011709133222781722,2.542172810973509,0.010230268823505782,0.06837619949474649,52.896018187062076,-0.5034125258588915,0.36418738197118095,0.06414794921875,2.2555155816207515,146631300.0,-0.6487197828928974,1.2898429739592743,0.9829416137532225,0.16743677368105336,0.0037764710659356888,1.6484670033645363
AMGN,2019-03-18,153.13290996764536,154.28693844838622,152.4196579522576,153.31723022460938,2430200.0,0.00036591824385293564,0.01217919534153502,0.0012036619496289737,-0.0008366696820681418,149.08417816162108,150.24381332397462,150.36410195982558,0.0204561960498664,-2.446566619873039,0.011571534748541211,2.5444630531158867,0.010117952553302336,0.07080202096242152,52.51127316830451,-0.18794222312618558,0.5437261477631096,1.2261505126953125,0.8102206085822973,149061500.0,-0.5660010807353054,1.3958777538911813,0.9895758312199335,0.1835920282569238,0.005596860270881251,1.74072222469753
AMGN,2019-03-19,153.81408045925164,154.47924991319329,153.00466357671004,153.4614715576172,2268700.0,0.0009403608712010361,0.009608837459437547,-0.0022924357807923004,0.003240667953069478,149.29815826416015,150.42493209838867,150.65908954056763,0.020186410702465248,-2.226172027587893,0.011412829893349822,2.447721617005505,0.010133510939333281,0.07318234915995052,50.15004305015445,0.07286934231035502,0.6436301705597202,2.139801025390625,0.7563619148588593,151330200.0,-0.6888969182880607,1.769485521161189,0.9999999988250438,0.18102462730690141,0.0014250669491768628,1.7432813008920134
AMGN,2019-03-20,153.46945559526205,154.48724600935205,152.16315814365447,153.1649169921875,2378700.0,-0.0019343061717322007,0.01517376114150294,-0.001984359701370762,5.202633314944134e-05,149.93687896728517,150.5932258605957,150.89773977405522,0.01707707047840524,-1.9708409118652241,0.011430596048978689,2.5049649634121716,0.01014863327457903,0.0747454752729716,52.3254982237315,0.2527216935746708,0.6587860174592287,6.38720703125,0.8019608206722284,148951500.0,-0.6625424460445559,1.7126914879111408,0.9651561373736948,0.1784096150020625,-0.0028427904088080542,1.7388566220928356
AMGN,2019-03-21,152.05098569925136,154.16670023296123,151.61020929045688,153.7820281982422,2292900.0,0.004020968751690096,0.0166241203374477,0.011384618725292185,-0.0072727574617688865,150.7727493286133,150.84927520751953,151.17243390969207,0.019441611414361442,-1.5996972656249966,0.01125535929574222,2.574230704748327,0.010216628280635253,0.07587854985072505,51.65535064973193,0.4399798804491013,0.6768353634669274,8.35870361328125,0.7816606837869072,151244400.0,-0.8376607733311288,2.2129312802470142,0.999999998867691,0.21627256664432767,0.012311687509545874,1.4379158898159472
AMGN,2019-03-22,153.03676025859463,154.5674390766657,149.5025507411588,149.6227569580078,3144700.0,-0.02741902580212718,0.03385105607249544,-0.022308387179772914,-0.004846261610536364,151.23997344970704,150.81722183227538,151.0248456285793,-0.007919950120788841,-1.43728866577149,0.012739288331598066,2.666392613224336,0.010936952183621004,0.07617247643430841,44.04490361493685,0.24988440222151098,0.3893919081914696,4.6722412109375,1.0653138656458552,148099700.0,-0.7755966708159889,1.0837687052277605,0.5290420221314536,0.12593161942036982,-0.019453403425356553,1.3965544152007257
AMGN,2019-03-25,149.57464922437012,150.48825300373295,148.2923927280519,149.53457641601562,2523700.0,-0.0005895262105161328,0.014684632332605174,-0.0002679117655451318,-0.00032152684936285683,151.43631744384766,150.6881965637207,150.88291522738277,-0.007655676914397596,-1.333347625732415,0.012397400379359387,2.7156219884468413,0.01096171262446597,0.07614711339251409,45.5419004790823,0.09106716775639256,0.18445973898108098,1.96343994140625,0.8645902386299207,145576000.0,-0.7271531262565152,1.3321901281148096,0.5190572610409975,0.10060125306562348,-0.0006423870346508054,1.3917284554269975
AMGN,2019-03-26,150.30392151163292,151.93878680501578,149.88718634723992,150.8809356689453,2359100.0,0.008963373813029321,0.01359747968608421,0.0038389827192082423,0.00514493111932136,151.76409301757812,150.61566925048828,150.88272669800776,0.0017612139545445818,-1.2335537719726517,0.012582851973719793,2.4900822019042415,0.010994828210226768,0.0755062887562165,62.178904795764474,0.07300178579939143,0.1331154856192639,3.2777557373046875,0.8091968058833214,147935100.0,-0.7687312504087292,1.1845943403651114,0.6715067150670223,0.09484789140851538,0.00889774455066869,1.382370965152305
AMGN,2019-03-27,150.86488609795958,151.1453834734734,148.436623570918,149.31817626953125,2022600.0,-0.010411579876792275,0.018140858469004376,-0.010252285130312061,-0.00010637242481676922,151.68154907226562,150.41130981445312,150.7337218952957,-0.00726762865286098,-1.2944586181640716,0.012642139775781823,2.5370221925325547,0.010981186900130991,0.07388230653492403,61.419172890285076,-0.06664850014070112,-0.0052278402566629245,-0.825439453125,0.69215448740324,145912500.0,-0.5686304634682008,0.8831525763098707,0.49455408025109454,0.0783340052289163,-0.005220661050504703,1.3945316785199922
AMGN,2019-03-28,149.92723752776578,150.57637530398767,149.0617164166361,150.384033203125,1885600.0,0.007112803266386377,0.010071939521037514,0.0030467824452152714,0.004078949217375443,151.6727264404297,150.31393737792968,150.70041821032706,0.00046632951287201073,-1.2283398437500068,0.012700186025734143,2.5049673478561374,0.01098358564122477,0.07294662646645066,65.39497473880625,-0.09027596593082876,-0.02308424483743246,-0.088226318359375,0.6552568936458568,147798100.0,-0.7242613045633208,0.9874353237323883,0.6152420075206122,0.06542167417890066,0.004863995661991091,1.3967381113293105
AMGN,2019-03-29,151.76249908173102,153.06879691617922,151.06527863193605,152.25135803222656,3189700.0,0.01234058263525599,0.013159280220141567,0.0032212104667060583,0.009166304754867934,151.57174835205078,150.26665573120118,150.84812676479368,0.013207868980431952,-1.1572706604003713,0.012961191021938106,2.483216651792747,0.011069028248577436,0.07178363490744989,63.85192959574547,0.041201657961721594,0.08671470324409432,-1.0097808837890625,1.093612053492602,150987800.0,-0.7157850878350083,0.7888451282636813,0.8266808564506608,0.11216517529915267,0.006613141640268568,1.4235036576189959
AMGN,2019-04-01,153.18099205221876,154.31898895985688,152.6761015360781,153.68588256835938,2660500.0,0.009377969460204996,0.010689904604920485,0.0032960389495878483,0.006105916111404538,151.60861358642578,150.34639587402344,151.11838922227614,0.02221195044232465,-0.9396783447265591,0.013022863638652972,2.549046969041821,0.010652637129508837,0.07385278136524755,66.62282684298226,0.258176663518185,0.2429517670404462,0.36865234375,0.9061802823617569,153648300.0,-0.8860945936194794,0.9693345028933702,0.9891133438009037,0.13316043044980314,0.011514704227779747,1.3724304582172018
AMGN,2019-04-02,153.71788374120493,154.52731268498246,153.22902495335452,154.21475219726562,2141800.0,0.0034353300338574853,0.008418699982523183,0.003232339946191359,0.0002082245441855724,151.68394165039064,150.49104995727538,151.4132809341799,0.02474367904966714,-0.6365748596191452,0.01296695081719581,2.4036517395618455,0.01062975772935716,0.07713130932784772,62.49990629966118,0.46741817201771596,0.3617546204319817,0.7532806396484375,0.7460690126028466,155790100.0,-1.0014201036954968,1.198475557155181,0.9999999989205801,0.09813355289792348,-0.0007517789115523778,1.3581587490631384
AMGN,2019-04-03,154.81582911045226,155.3688020067388,153.63777183691047,154.6074676513672,1948100.0,0.002543312239527141,0.011196290813919313,-0.0013458666357457198,0.0038976615701314782,151.82819671630858,150.88253784179688,151.71748919295965,0.024687613708327005,-0.12471221923829034,0.010710182656825239,2.3572838143805632,0.009492977052204886,0.07695299350862751,62.646871333758305,0.6573548525423405,0.441353040765285,1.4425506591796875,0.7031887322316794,157738200.0,-0.8622667427816215,1.989901432515436,0.9999999989644764,-0.06183208008799045,0.0013349937391082007,1.2001524380044335
AMGN,2019-04-04,154.55139401003586,155.81760671178563,153.06077602667398,154.13465881347656,1785900.0,-0.0030628098142284907,0.017885858419732732,-0.002696418231803464,-0.0003626839128997776,151.86345977783202,151.31810455322267,151.94769582348508,0.01861346511423712,0.43400543212891307,0.010435206430017384,2.332097618440094,0.009606791465424874,0.07100041007577593,53.11245100011417,0.7609574744031988,0.4359645301009146,0.352630615234375,0.6642515221733325,155952300.0,-0.9540365359783227,2.6132675232325275,0.9510395358611402,-0.10206588594674142,0.0022389369459948003,1.1967709585291129
AMGN,2019-04-05,155.37681440850616,157.77301384129726,154.91199681726022,156.60296630859375,2163300.0,0.015887097100864202,0.018269239028328915,0.007891472770601869,0.008058898657781925,152.5614807128906,151.90072708129884,152.39105491730496,0.03095600210510002,1.0810289001464923,0.010716571213480571,2.458602942132385,0.009766812023536225,0.06553045126232711,59.99014597321041,1.0303577620881015,0.5642918542286538,6.9802093505859375,0.8135122837233615,158115600.0,-1.06432458135167,2.548835703617169,0.9999999988928046,-0.09560783209118925,0.005328804702860892,1.2196360361599223
AMGN,2019-04-08,155.8977405056745,156.52283713885512,154.31896735485844,156.17823791503906,1629800.0,-0.0027158195497316113,0.014111247593890673,0.0017992397353209049,-0.004503272316882956,153.22584686279296,152.33108215332032,152.75173901232725,0.02525522504886166,1.5492883300781273,0.010270752156234533,2.516418129078961,0.009669658699754051,0.0641819334239248,58.121691721846446,1.1958029274598232,0.5837896156803004,6.6436614990234375,0.6268811145236945,156485800.0,-1.039182666651051,2.8247584545813114,0.9528068350410615,-0.11221554762899799,0.0010273536543555692,1.2259203507522864
AMGN,2019-04-09,155.1444222524564,155.4730021506053,154.27890097924907,154.6555633544922,1872600.0,-0.009797433447701688,0.007721035994154252,-0.0031509924163997233,-0.006619460408722654,153.60330963134766,152.6837013244629,152.93305561634295,0.012914685804210032,1.8617924499511957,0.010642271605967606,2.486078776942705,0.009668912228001581,0.05829416725792947,54.151873105028685,1.1903309077221422,0.46265407675409553,3.774627685546875,0.7315958290520822,154613200.0,-0.8749136708621735,1.9044515904958095,0.732675485362522,-0.05585368408172645,-0.008844141120722944,1.215479314308732
AMGN,2019-04-10,155.5932186684707,156.27441974852,154.1426734468529,155.38485717773438,1653200.0,0.0047045167019170425,0.013719138018891481,-0.0013391424929662383,0.006062861843704175,154.20997772216796,152.9457633972168,153.16656052695166,0.01594744258579412,2.0716981506347736,0.010078224599185361,2.4557398740257566,0.009377484521821267,0.05803033333193554,54.43660823722506,1.2306559732265043,0.40238331380676606,6.066680908203125,0.6596217110184995,156266400.0,-1.0085297587345132,2.5510312416694254,0.8327873373624355,-0.07982867562588714,0.0047147143689799005,1.1641518391709453
AMGN,2019-04-11,155.92979521880667,156.10609354178052,152.7882684262263,153.9583282470703,2082600.0,-0.00922301902909756,0.021550150312296363,-0.012643298665081447,0.0035070215397436134,154.5674072265625,153.12006683349608,153.24196697648676,0.005474536622856636,2.107062683105454,0.010369535977728576,2.330949644029139,0.009577522855264,0.056170355822765534,64.13994633373412,1.1344279363666487,0.24492422155752835,3.5742950439453125,0.8448904332162918,154183800.0,-0.8117584843975818,1.7400049343448325,0.6369644075241697,-0.10608224099635816,0.001148471046911766,1.1767934842231398
AMGN,2019-04-12,154.68762140358876,155.05626186818833,152.90047454034428,153.40536499023438,2060800.0,-0.0035981078154313753,0.014052880927477912,-0.008289327883637888,0.0047369516467345085,154.68280792236328,153.12727813720704,153.2575286920818,0.0018160503889983433,2.0221817016601733,0.009572159247121494,2.3280872906122108,0.009433711147868496,0.05618703435432623,62.252653624269215,1.001996617069409,0.08999432180823086,1.1540069580078125,0.9263167357763319,152123000.0,-0.9997171518505691,2.2773053943774832,0.5610578607174982,-0.09138161390778334,0.006460658262540957,1.0980283810814768
AMGN,2019-04-15,153.74194978637522,154.81583246791493,152.14715733157453,153.2290496826172,2038300.0,-0.0011500035130553238,0.017416248040877463,-0.0033361103099752796,0.0021940875155328967,154.63712463378906,153.12286911010742,153.2548164054661,0.0006934337968381399,1.9285697937011719,0.009575862908345244,2.3469776297079425,0.009579847956640124,0.05618030581049357,58.02737170686108,0.8727560817750941,-0.03139697078886727,-0.4568328857421875,0.9243445964637006,150084700.0,-0.9723113669407285,2.2298034934093702,0.5368546501335668,-0.08855626141454018,-0.00228633481280604,1.1026075036512295
AMGN,2019-04-16,154.08652838554914,154.32695293292122,150.2157310812103,150.70458984375,2727300.0,-0.016612296674122312,0.027280004251850745,-0.021948307728349832,0.0055960583499541985,154.2861083984375,152.98502502441406,153.01193768530266,-0.014906264062774344,1.7378573608398256,0.010255029720142693,2.4471534832190502,0.010161789882760099,0.0579183541809489,54.44723327857908,0.5601719022271823,-0.2751849202694233,-3.510162353515625,1.2240693697656257,147357400.0,-0.7510662884977861,0.9551413009297202,0.1903162019607101,-0.07185387267901144,0.0034697586542385746,1.0654923336017923
AMGN,2019-04-17,150.94500382687204,151.25755204803116,145.47940256170554,146.23272705078125,5242100.0,-0.030122188493864194,0.039513381189417864,-0.031218501153543212,0.0015952664970011827,153.4486343383789,152.63841552734374,152.36629857725302,-0.04196642407765933,1.4616949462890432,0.012115554596884038,2.7516885260029107,0.011246182903348736,0.07021192314227812,39.071701144808195,-0.04784375357823478,-0.7065604608598723,-8.374740600585938,2.210709209988065,142115300.0,-0.8589865789361403,0.48578811915968423,0.0,0.13836889456493207,-7.793144172846947e-05,1.1289623879770476
AMGN,2019-04-18,146.8498773055862,147.05022912956474,141.72888517383444,142.2257537841797,8266600.0,-0.02778376293709692,0.03741477063152125,-0.0314887802853521,0.004220329246753642,152.25774383544922,152.06060180664062,151.40053240648413,-0.06467716098458473,1.0734347534179562,0.013244999487917204,2.9400156861940587,0.01208029261247214,0.09287170879553697,26.279771317006677,-0.8433086589828633,-1.2016202930116007,-11.908905029296875,3.096203437188075,133848700.0,-0.6669812574593291,-0.2917676012627951,0.0,0.42032840173297054,0.000861564306106559,1.2101238835344026
AMGN,2019-04-22,141.9291967561369,142.3058590567006,140.14205018844046,141.33615112304688,3215800.0,-0.00627450700769113,0.015309663175816408,-0.00417846113868302,-0.0020851148273245113,150.73106231689454,151.6462715148926,150.4420199032996,-0.06798795835104457,0.7625898742675759,0.01209126523496333,2.9468855390961886,0.011408301375004011,0.1119850571406412,20.007604156939124,-1.527891248333475,-1.5089623058897699,-15.266815185546875,1.2028562130863634,130632900.0,-0.7497025664756574,0.4097423665526339,0.0,0.46892099086229766,0.001131093118040863,1.2976533980267324
AMGN,2019-04-23,141.8009818193892,144.774195471547,140.84730536279054,144.06094360351562,3471700.0,0.019095325956285637,0.027258533857476567,0.015937560904937368,0.0032888308663339624,149.5193328857422,151.3725898742676,149.83429835093924,-0.04830231336350346,0.5660499572753963,0.013057807206622512,3.134642851748225,0.011827502223645895,0.12033979499767332,27.717265368938925,-1.8294708996866405,-1.4484335657943483,-12.117294311523438,1.2759521770610136,134104600.0,-0.5678971216089227,0.11753959284666272,0.17847812039170652,0.40695885434718404,0.0068640037930022485,1.5004252105515756
AMGN,2019-04-24,144.36548590379434,144.91845880301673,142.8588365237104,142.89089965820312,2711600.0,-0.008155029892396708,0.014413949973252096,-0.010214257489313486,0.0021139824067574675,148.34286651611328,150.97308807373048,149.17302228496436,-0.053533967667007444,0.2637509155273676,0.012873561215648418,3.158113716710939,0.011842799812951539,0.13072645619685389,25.136048628439426,-2.138239421031699,-1.4057616697115254,-11.764663696289062,0.9901789121396972,131393000.0,-0.41194393357634157,0.12823337362697157,0.10183843291754453,0.3748032175671403,-0.003342337622360177,1.4517082716558973
AMGN,2019-04-25,141.91317537424783,145.0707214080213,140.98354017301963,144.63795471191406,2453700.0,0.012152356380895117,0.028258013210587882,0.019200326752470683,-0.006842453132383,147.26817626953124,150.73907699584962,148.741111087531,-0.04047472231837759,0.13399124145507812,0.013148311737117046,3.253138755988798,0.01220994025508978,0.1359698963272169,30.880865751714452,-2.216418464284857,-1.1871525703717465,-10.746902465820312,0.8890056339559066,133846700.0,-0.5773420890555881,0.12474988824890386,0.2162732401339527,0.36670631785833385,-0.004360330873793216,1.1277504667455627
AMGN,2019-04-26,144.81421822092452,145.73584345379894,144.2772770881969,145.43130493164062,2445400.0,0.005470088067313467,0.010029246222383947,0.004261230135391115,0.0012186532183860778,146.41547393798828,150.4914405822754,148.42589145363667,-0.033624076100649346,-0.016513519287087775,0.013096188813020295,3.0974395658303218,0.01220917615300623,0.13980682336420233,25.88223125250353,-2.18912432435647,-0.9278867443546879,-8.527023315429688,0.8771036283554038,136292100.0,-0.5711502856416808,0.15743768308929101,0.268238906159567,0.3606880874445051,0.002468671133576059,1.0975682083375902
AMGN,2019-04-29,145.4152956885704,146.23273424121928,143.92467820009315,145.19090270996094,2662500.0,-0.0016543971533551445,0.015896698746592858,-0.0015431181262392448,-0.000110081134716766,145.59402770996093,150.1384178161621,148.1177972875723,-0.03295302546919857,-0.28121994018556506,0.01267523949884357,3.09915792921538,0.012267759817562486,0.1431039713396453,26.089869940814566,-2.1619701261493276,-0.7205860369180361,-8.214462280273438,0.9640870774311289,133629600.0,-0.5236933873022952,0.3967504809820155,0.2524921889431426,0.3223270236463054,0.0008659325803628836,0.9762405898541016
AMGN,2019-04-30,145.55957670703782,145.88814432713232,142.5543000568303,143.7083282470703,3963000.0,-0.010263699719280074,0.023198685218648686,-0.01271814951546228,0.0025392362069224152,144.64195556640624,149.63954010009766,147.69784785514352,-0.03963666186797829,-0.6355239868163949,0.012478809946295053,3.2016227388233824,0.012572563440374728,0.14666279259435788,26.135483664948495,-2.2343256815606765,-0.6343532738635078,-9.520721435546875,1.4019361080796164,129666600.0,-0.34936102399137065,0.4192306922576248,0.15538126935049096,0.2999542174133693,0.0033870337494042377,0.8194765348452687
AMGN,2019-05-01,140.56682059176393,143.05118784917346,137.24098554157396,141.1598663330078,6109100.0,-0.01789269530765066,0.04116044070127375,0.004218959628931322,-0.021860303391083583,143.68748321533204,148.98679580688477,147.07518294827344,-0.052534383543774904,-1.1146836853027366,0.012773669358627228,3.511308196239759,0.013703665691218508,0.15267400766741823,21.26889751961484,-2.46884821320063,-0.695100644402769,-9.544723510742188,2.0194237018084933,123557500.0,-0.1420648496688477,0.06438535171822683,0.0,0.3093704810080948,-0.009189911751481436,1.0113240202550688
AMGN,2019-05-02,141.09575837031113,142.8909150111969,139.68528601365352,141.44837951660156,3014000.0,0.0020417895660359863,0.02266288951841365,0.0024991619192758717,-0.00045415148343542214,143.20904846191405,148.32884140014647,146.53929690716183,-0.04638654100306427,-1.6056248474121162,0.012759903686802451,3.5032941878104134,0.0139574622291983,0.1554062825155726,23.515365153367256,-2.601440618350381,-0.6621544396420158,-4.7843475341796875,0.9790593688737731,126571500.0,-0.13782624406858873,0.07698843952304485,0.01868233605060113,0.26772108097866265,-0.0006154724944976289,0.9741247672603485
AMGN,2019-05-03,141.79298024981964,142.4661716400204,141.42433975920196,142.09751892089844,2944500.0,0.004578733404104323,0.007331809089491612,0.002147769731211286,0.0024362296294644188,143.19622497558595,147.72698440551758,146.11627043227958,-0.03810722534730687,-2.0762113952636696,0.012914615772228574,3.4237259415942987,0.013785340990462327,0.15577673097864728,26.15741291854853,-2.6238943095824823,-0.5476865046992936,-0.12823486328125,0.9388166987895339,129516000.0,-0.21225417579646147,-0.0527238790239882,0.0607166040992934,0.2924627771818395,0.009772211067265914,0.974646977794481
AMGN,2019-05-06,140.63892257943732,142.04138486680446,139.34865678591953,141.89712524414062,2735000.0,-0.0014112499241391468,0.018976621804366853,0.008946333217197622,-0.010264755870037924,143.2523223876953,146.99169235229493,145.71444708102825,-0.034658877836062744,-2.6441694641113145,0.012054051620983228,3.4294535843541922,0.013805875652132878,0.1494738821209385,26.13088002653521,-2.6275701238267004,-0.44108985515480903,0.56097412109375,0.8641444811657578,126781000.0,-0.28589177845058034,0.36312282065164614,0.04909046940375361,0.30469761836703374,-0.00612691571312733,0.6811474079977567
AMGN,2019-05-07,140.35842756505758,141.3762179230839,138.24271348263724,139.34063720703125,2797000.0,-0.018180762305370975,0.022488087490162217,-0.007251366203533276,-0.010843755124958606,142.78029174804686,146.14981231689453,145.10741756921902,-0.046590378748479266,-3.2305606079101494,0.012392295516597372,3.3968242921965106,0.01400127088164953,0.1449911725491897,26.095670215333726,-2.8044425838292852,-0.494369852125915,-4.720306396484375,0.8677334690104054,123984000.0,-0.12746382076309778,-0.024093595225026593,0.0,0.28403880504576273,-0.017653340209353878,0.6972352197306796
AMGN,2019-05-08,139.04416978623158,140.64698442353685,137.6016341669558,137.96226501464844,3368400.0,-0.009941356786607862,0.02207379138243137,-0.007781015005853719,-0.002127645077144173,142.2874282836914,145.31514739990234,144.4269268497361,-0.05059955907431332,-3.777841186523432,0.012394839237279992,3.2016243472147567,0.014269023688257818,0.14316826810030625,30.000007379894072,-3.0210140298466968,-0.5687530385146609,-4.9286346435546875,1.0213060128011935,120615600.0,-0.1257014742044993,-0.027208126470328397,0.0,0.3167823390642449,-0.0022299090060310355,0.7256638351135407
AMGN,2019-05-09,137.2329754237131,138.78769514348707,135.79043999600694,138.5392608642578,2854400.0,0.004173551558604463,0.02163469855968752,0.009518743119221138,-0.0052861526364321705,141.67755889892578,144.4728675842285,143.86619675588102,-0.04107073403600417,-4.322798919677751,0.01237198257008807,3.0356180037683163,0.014449877921449687,0.13388718433753485,39.31214974439193,-3.1102368439388215,-0.5263806820854287,-6.09869384765625,0.8499816865632975,123470000.0,-0.1242264536490039,-0.009266187357508086,0.03607111580299149,0.31502033087652903,-0.002544228010741658,0.6416119652629657
AMGN,2019-05-10,138.2106911567579,138.2106911567579,134.98903078728006,137.72183227539062,2942300.0,-0.005917814666850793,0.023392517484343015,-0.003537055471438188,-0.0023716721559663826,140.90661163330077,143.66104278564453,143.28101918631052,-0.04134183070852234,-4.842430725097671,0.01234439772253809,3.1346480901052893,0.014508899761656124,0.1256168153027652,39.477359717676165,-3.2099044421948406,-0.5008386242731584,-7.70947265625,0.8650833902989408,120527700.0,-0.1679821148654724,0.03148174388494389,0.0,0.3112986016500687,0.004875064014020917,0.6240077289653981
AMGN,2019-05-13,135.63016430453234,135.9186713971044,133.97124546511694,134.31585693359375,3371800.0,-0.025041775187405153,0.014498853496875413,-0.009690376603743988,-0.015187628107326887,139.81910705566406,142.7065673828125,142.4271942098613,-0.058796946791597464,-5.419283447265627,0.013058206805515086,3.1220549973565204,0.014516508115795908,0.12215927124905422,22.710779228104244,-3.5231132208898543,-0.6512379223745373,-10.875045776367188,0.9726182492121527,117155900.0,-0.058919773148123654,-0.42421920907264554,0.0,0.29476417841358643,-0.02337113505871957,0.7329804328726027
AMGN,2019-05-14,134.37991352361297,136.0147905741153,134.0753871934212,134.48410034179688,2525300.0,0.0012518114353789124,0.014421060748185317,0.0007753154132339687,0.00047691010936176995,138.8966842651367,141.7693199157715,141.67070907956946,-0.051387843140553516,-6.004391326904283,0.013121295764651944,3.113467933169933,0.014456696616711994,0.11215317251085516,25.059031022069632,-3.714934149174411,-0.6744470805272749,-9.224227905273438,0.7233588507837844,119681200.0,-0.08038763856553391,-0.4738207571355594,0.010265797180464453,0.25355386371851824,0.009969203752414307,0.7293954127319118
AMGN,2019-05-15,134.01929567236738,136.7200457084602,133.27399299597596,136.135009765625,2860200.0,0.012201133199396148,0.025313493703178057,0.01578663790645371,-0.0034562053673867573,138.39419860839843,141.04084091186525,141.14349962109856,-0.03478305372063005,-6.429137115478511,0.013530365269714012,3.067673038704401,0.01440836582469801,0.10111065801708023,24.629053098561926,-3.691189291095668,-0.5205617779588252,-5.0248565673828125,0.8177326944409501,122541400.0,-0.2505748699978786,-0.5482949671312758,0.1526535753612839,0.22900672189849242,0.004626030807521349,0.8432559130396982
AMGN,2019-05-16,136.92713499448826,139.04490670265918,136.87863857122434,137.3474578857422,2716200.0,0.008866791894010503,0.0157721749261419,0.00306968294685236,0.005818673904875811,137.9841064453125,140.5965774536133,140.7819718367789,-0.023109521061727693,-6.684795532226559,0.012538902876259854,3.171339508092412,0.01359003842220458,0.09773792532779255,26.468082535807596,-3.533801426425242,-0.290539130630719,-4.100921630859375,0.8056533958192752,125257600.0,-0.3059510163564515,-0.4244060578176857,0.2727376305438838,0.10454649011495329,0.008205363971545903,0.8957133934591037
AMGN,2019-05-17,136.82210062583724,138.41446606831818,136.69276857287414,137.33941650390625,2266600.0,-5.8549443660954015e-05,0.0125360769637103,0.003780937989570115,-0.003825023542423256,137.50829620361327,140.3522605895996,140.45410942412437,-0.02146630252364184,-6.767434234619145,0.01115930268040828,3.1294567548294054,0.012767738015688677,0.09937312753054184,26.83105180734502,-3.370862082269525,-0.10207982918000136,-4.7581024169921875,0.7379636487949405,122991000.0,-0.2360781816621389,-0.19170003198560226,0.27201418855305115,0.07398200175823394,-0.00836217881147757,0.8861991392544256
AMGN,2019-05-20,136.3451670639262,137.73545556267948,135.91676550331076,136.1107635498047,2144300.0,-0.008986362504072682,0.013361838637421483,-0.0017191919535483702,-0.007239359721262348,136.92966003417968,140.0909912109375,140.04045743609393,-0.028411731737551217,-6.851908569335961,0.011233261409185314,3.021231454048455,0.012726650652823603,0.10287715991216852,27.23925763393673,-3.3028008707109677,-0.027214894097155273,-5.7863616943359375,0.7105389598555263,120846700.0,-0.20336259480459595,-0.28158924376201633,0.1614785670277563,0.12385858099399936,-0.007248404741563164,0.90670243712049
AMGN,2019-05-21,137.22621080591227,137.4282874498312,136.22390621191386,137.1615447998047,2249300.0,0.007690398160984312,0.0087807500249083,-0.00047123654969273733,0.008195143624327916,136.71175079345704,139.74602127075195,139.76627528025688,-0.0184940969871332,-6.988686676025395,0.010353413914084795,2.6533872536577525,0.012236340459482329,0.10111299174878575,36.841032172012596,-3.1280147976014234,0.11805694320991167,-2.1790924072265625,0.7607390597044709,123096000.0,-0.5227202282032076,-0.3889217914408131,0.2560119811770826,0.1600735179970566,0.009182102491316303,0.829477942630558
AMGN,2019-05-22,136.88674084610068,139.06916640983746,136.2643412506125,138.4629364013672,2615500.0,0.009443292315156048,0.02025686607638115,0.011514596267863497,-0.0020035058230431935,136.7618179321289,139.52462310791014,139.64214776798167,-0.007609314276533363,-7.027279968261723,0.0105873244939913,2.6247584080635806,0.012390289828468116,0.09928386729887598,40.788660939259614,-2.8516125350963364,0.3155673645719994,0.50067138671875,0.8860319960703609,125711500.0,-0.6747086809655418,-0.32934734565712015,0.3730915267446905,0.261734311006899,-0.005581273202595256,0.7859185670102281
AMGN,2019-05-23,138.49527612785093,139.885564730004,137.8082227879267,139.11767578125,2902500.0,0.004717480727363325,0.014932264576815844,0.004494013592380636,0.00023356233317193854,136.8196594238281,139.24860916137695,139.5921980549596,-0.0009402850119329171,-7.082775115966797,0.010200666980657162,2.6987234124392137,0.01195105775331986,0.09328401915762496,40.809115253742725,-2.550331124936804,0.4934790197852257,0.5784149169921875,0.975838540327095,128614000.0,-0.7614685676412792,-0.191716314243036,0.4319950796567119,0.25169856225653814,-0.012539173900544124,0.7130251558048499
AMGN,2019-05-24,139.52992079265047,140.45948104572076,138.29321233171453,138.44679260253906,2417100.0,-0.004834080450345238,0.015646940411435054,-0.0077626947966307576,0.002963282768242119,136.89215545654298,138.89938354492188,139.48311182139574,-0.0032584085748403532,-7.19149139404297,0.010067745503111049,2.6571095966554514,0.012056524563276461,0.08365904118403697,39.6581137163394,-2.3387385799518654,0.5640572518161315,0.7249603271484375,0.8130308279654889,126196900.0,-0.6457015371754594,-0.2166463996382846,0.3798545541871463,0.24025972914362348,0.0005339880681686997,0.6929025326195294
AMGN,2019-05-28,138.67310945126587,139.65116608367848,136.40984799646387,136.48260498046875,4066200.0,-0.014288912417036937,0.023748946524565936,-0.01579617331337721,0.0016346846645738746,137.10883026123048,138.46396865844727,139.19734926511697,-0.014309597631612044,-7.291335601806622,0.010402737450992555,2.6276029056348245,0.012277647597766391,0.07344594855962149,41.11808287462586,-2.302995985157878,0.4798398772880952,2.166748046875,1.3361878457577465,122130700.0,-0.46913133545569446,-0.6752524902800621,0.23068987620533848,0.2526110476475274,-0.011682436427269929,0.723319388218948
AMGN,2019-05-29,135.79553257848113,137.21814800342747,135.25396854170413,136.74932861328125,2671600.0,0.0019523612341149185,0.01436335725843252,0.007023765927269276,-0.00503413898119796,137.3353530883789,138.11601867675782,138.9642044411326,-0.009895232114061472,-7.307927551269529,0.010316425737530015,2.550376420287845,0.012035447755052745,0.06504068096731472,45.950778302679716,-2.2274704602925226,0.44429232172276034,2.265228271484375,0.8969419838076389,124802300.0,-0.6514900387609388,-0.4299880736777273,0.31271875860585757,0.17444533277613655,-0.006075272086488369,0.7583139058786106
AMGN,2019-05-30,136.95949953821827,137.45256715571105,135.95719471455584,136.63616943359375,1943300.0,-0.0008278360553752013,0.010944191771139884,-0.002360771656691786,0.0015369064482310397,137.38546905517578,137.88983383178712,138.742486821367,-0.009091782645287106,-7.197606353759767,0.009668585382933933,2.4430990841217795,0.01077056277338709,0.06233387126169985,43.44374927062821,-2.1519407048854475,0.4158576617038685,0.50115966796875,0.701482704785626,122859000.0,-0.8513681574783797,0.34204506403787,0.2981769833749757,0.22092566258847526,0.0011303280069204348,0.7114802526833459
AMGN,2019-05-31,135.84403341526968,136.49875992374493,134.72856612895927,134.74473571777344,2808900.0,-0.013939553646110478,0.013137387411508043,-0.008092351720268287,-0.005797410902309117,137.1251968383789,137.5546516418457,138.36174862102476,-0.02042763287561162,-7.164384918212875,0.010001826359248978,2.325768600382974,0.01047825177346426,0.06067220395599987,40.45041490993562,-2.2191250310577573,0.2789386684252473,-2.60272216796875,1.0177100165940827,120050100.0,-0.6142588200805656,-0.2811325933142249,0.05511403403646124,0.19668097353516698,-0.012848219423928114,0.736161919074922
AMGN,2019-06-03,139.0287874636424,142.91674169779571,137.86482354868082,139.3197784423828,5774800.0,0.03338971322145738,0.03626131340141466,0.0020930268043696187,0.03179383389672476,137.32323303222657,137.41576461791993,138.4529895563922,0.013855861660100846,-7.0140269470214776,0.012832820349304542,2.6415842553650157,0.011496916198971145,0.053758268470338495,64.9311623137913,-1.8815124763115705,0.49324097853714743,1.9803619384765625,1.990256881271465,125824900.0,0.6436245493682601,1.8253105006014174,0.6600375157844439,-0.02577068856836576,0.003773552665740162,0.9046971125777971
AMGN,2019-06-04,140.66964602203572,141.7446956577045,137.86482014812776,141.23545837402344,4553200.0,0.013656559944527295,0.02747097332528182,0.004022277499007019,0.009688987412588806,137.83570251464843,137.38268127441407,138.71798658664278,0.028044125095459935,-6.879364318847649,0.013242841645213997,2.780189407428062,0.011809489090789813,0.05143253158625692,68.24289612371905,-1.4427417055241278,0.7456093994596724,5.12469482421875,1.521565141548132,130378100.0,0.47397278172597973,1.138556493741973,0.99999999855483,0.14328555609922097,0.021967154830973223,0.8135850682676979
AMGN,2019-06-05,142.00334419122836,142.07610118278913,139.9098323699804,141.0899658203125,2606400.0,-0.0010306727919080821,0.015353812017841341,-0.0064320905688380605,0.005436919496316514,138.22854461669922,137.47014770507812,138.9438893708018,0.026331666733930958,-6.623005676269543,0.012564030961237182,2.6887762717369554,0.011604383574619738,0.05546830212715595,64.57455135616468,-1.0941401747984116,0.8753687441483109,3.9284210205078125,0.8737761552038862,127771700.0,0.49745631925503014,1.735218135058408,0.9789738520703526,0.07291326358244804,0.005700731523333602,0.7443176140722015
AMGN,2019-06-06,141.2758827788463,142.3105146518523,140.71814902950393,141.00914001464844,2396800.0,-0.0005730312943497346,0.011292641187535316,-0.0018880983714355383,0.0013177192116594094,138.48316497802733,137.62249145507812,139.140579908311,0.024608249158719578,-6.273226013183603,0.012321039920503917,2.5946668921165394,0.01132711914849721,0.059961486726355,61.5386464742437,-0.8149981261084633,0.9236086342706076,2.54620361328125,0.8168119863614755,125374900.0,0.4384239770829638,2.0306347695124574,0.9672931496132705,0.08722389167166934,0.007066568711303511,0.7094099494610288
AMGN,2019-06-07,141.96292622279142,142.2619957898573,140.063400322766,141.8659210205078,2072000.0,0.006057682304860167,0.015497699879405745,-0.00068331362887924,0.006764002730914495,138.75798950195312,137.78882446289063,139.4001362047107,0.029589457443373633,-5.957847900390618,0.012352688140094003,2.6287310329484876,0.011139228463754033,0.06575380279972903,63.53961943796583,-0.5186621601305887,0.9759556801987859,2.7482452392578125,0.7156636035665745,127446900.0,0.41233375064409733,1.959219131827869,0.9999999986755079,0.09264480327061511,0.008566578673136349,0.7077508119558696
AMGN,2019-06-10,142.22157016096813,142.3913200052908,140.68579226985653,141.92250061035156,2091400.0,0.00039874488372895777,0.012017317395758042,-0.0021028424188966163,0.0025069385085717886,139.10556030273438,137.99885787963868,139.64036138620028,0.028432429014268,-5.578583831787114,0.01224032359210361,2.620648009810312,0.010801345288560747,0.07089987841996434,68.69483013177941,-0.276065955571994,0.9748415078059045,3.4757080078125,0.7331377271117935,129538300.0,0.3496860704742892,2.105548433263652,0.9999999986853597,0.02474634702218813,0.0045873897848151815,0.7234686581849975
AMGN,2019-06-11,142.48024377808295,143.19154537854834,140.80704277378035,141.1465301513672,2313800.0,-0.00548256657117641,0.0168938095907198,-0.009360691639418165,0.003929913617169647,139.57195281982422,138.34039154052735,139.7838060305019,0.020284304385662873,-5.01495361328125,0.010725669955540255,2.696860774434703,0.01086271818798554,0.06883642213897041,63.0493613228043,-0.1447524307163235,0.8849240261292601,4.6639251708984375,0.8264250277701383,127224500.0,1.065690356931304,2.895829012514625,0.8956804635505379,0.01630951323474802,0.0004546551664661401,0.5791573003538033
AMGN,2019-06-12,141.69619565970348,142.81974170678677,140.77472632852567,141.93869018554688,1888600.0,0.005596633416083649,0.014407737422317957,0.0017113693470343478,0.003894289910965731,140.09088897705078,138.71312103271484,139.98903309288713,0.023253525901643448,-4.407280273437493,0.010742472542111667,2.6425886472229974,0.010864174564749193,0.06713603402973195,61.77450586122658,0.0229703898397986,0.8421174773483058,5.189361572265625,0.6823137104014364,129113100.0,0.9945192167106686,2.7530244599481857,0.9999999986099439,0.011159554576318757,-0.003894679504467055,0.6032064104890259
AMGN,2019-06-13,142.12457783431128,143.43403082712388,141.63958884908618,142.8358917236328,1675800.0,0.006301155817011433,0.012562962686645222,0.005004861932823328,0.0013096333953864757,140.7108612060547,139.04816513061525,140.26016248629148,0.02724039248888726,-3.8446589660644293,0.010545429235720633,2.6223815069344534,0.010446823716478827,0.06955993933662734,62.39230089332665,0.22568701992520346,0.8358672859469685,6.1997222900390625,0.618669738233812,130788900.0,1.104685286979385,3.3371606476803732,0.9999999987640825,-0.013980206859595452,0.0052418864865992785,0.5858635406274292
AMGN,2019-06-14,143.04603736549936,143.79775667460157,141.8982433341224,142.32664489746094,1621800.0,-0.0035716288230413363,0.013346154136125828,-0.005029097493978735,0.0014712383514442462,141.46905212402345,139.29712448120117,140.4569703349743,0.021748621355558707,-3.350083160400402,0.010512726543322555,2.6033275516825194,0.010386460670525248,0.07147343673638938,63.07185174370184,0.34131498021289985,0.7611961969877319,7.5819091796875,0.6110787699298604,129167100.0,1.2884966979335293,3.7693341421746687,0.9370613006134466,-0.01835861674148663,-0.003554811984649316,0.5836246633494002
AMGN,2019-06-17,142.29433682557655,144.32319497512674,141.77702091900994,144.19386291503906,1916800.0,0.013033932306416206,0.01765799184960484,0.013349273989666491,-0.00022699946245246773,141.95646057128906,139.6398468017578,140.81286486640903,0.0326125831385825,-2.8085449218750114,0.010796978640150291,2.5536744066041046,0.010524581952872047,0.07649813469024974,76.15135511073439,0.576968922236972,0.7974801112094434,4.87408447265625,0.7270230854862783,131083900.0,1.0527923609889125,2.76755259332112,0.9999999989417011,-0.058189217763510555,0.0008590828210598876,0.6059283992910159
AMGN,2019-06-18,144.9051503032344,147.77464164887013,144.78389689399856,146.7965850830078,3125500.0,0.017889189122441532,0.020373394607104925,0.013052916171822233,0.004932854795730318,142.5125732421875,140.17413787841798,141.38274298227557,0.04724442971308948,-2.078126220703126,0.010977613723395747,2.6691457831832275,0.010729375437275413,0.08499477264522709,79.41318100315995,0.9626474950882766,0.9465269472485983,5.561126708984375,1.1638146907633962,134209400.0,0.8222436378279222,1.9443734665503298,0.9999999991702517,0.03873646052425635,0.011951324649511244,0.6282696789666938
AMGN,2019-06-19,146.6914998381967,148.01712236335058,146.01252515467974,147.73422241210938,2396500.0,0.00636701134685395,0.013568942767228002,0.007108268543595308,-0.0007158561948269138,143.1769989013672,140.7027717590332,141.98764578511688,0.04997378918105609,-1.3806120300293117,0.010956864879074579,2.7055189808629154,0.010820129393903989,0.09474865008223685,80.99323649429499,1.3286442551127493,1.0500189658184569,6.644256591796875,0.8899245244483229,136605900.0,0.8453373713284863,2.010204074836303,0.9999999992301466,0.044209893657852696,0.002407647829448339,0.6368450282333915
AMGN,2019-06-20,149.35893364677764,149.77116568601318,147.20075591116222,148.79312133789062,2780400.0,0.007142028883160395,0.017275057823498963,-0.0037882722852395348,0.010997527912903511,143.9553970336914,141.2192810058594,142.63578631395248,0.05363177236199772,-0.7468539428710699,0.010905363786590773,2.7528623001640926,0.010723488012495468,0.10601158054800616,91.14583100568022,1.6847231779279923,1.1248783109069598,7.7839813232421875,1.0293317340263664,139386300.0,0.8861912301631079,2.1566716581829013,0.9999999992881744,0.04578841241037227,0.013507495760425202,0.6497409855969991
AMGN,2019-06-21,148.63956027925497,151.25847916230862,147.84742294443285,151.2423095703125,6948100.0,0.016326356039617563,0.02255358455955057,0.017510474911037462,-0.0010320440706861826,144.89303588867188,141.8255126953125,143.45545519551058,0.06639705858303746,-0.057771301269525566,0.011275109993943164,2.4127944600107702,0.010969897132954525,0.12188443080922187,89.8864187447357,2.1398801054786816,1.264028190766119,9.376388549804688,2.3930496478327505,146334400.0,0.7137692640135042,1.3596854977692125,0.9999999993938502,0.0690832267264538,-0.0022749011034396732,0.7142427666054135
AMGN,2019-06-24,150.4016732989271,151.15339280818432,149.29428444057805,149.3993682861328,2948300.0,-0.012260205451503161,0.012443883725436273,-0.006664187909679627,-0.005558208372866594,145.64072265625,142.37314147949218,144.02154215652223,0.04935078859415849,0.5810366821288824,0.011699050022609504,2.2748051471648916,0.010896974711368667,0.12806804353284817,77.44565551939658,2.3250831786909316,1.1593850111826953,7.47686767578125,1.006242299514336,143386100.0,0.6090818558219467,1.0288859628113787,0.8882901625696343,-0.09620393147147313,-0.004141105117379078,0.7604389813412734
AMGN,2019-06-25,149.21342321990198,150.97552592300391,148.05753821397622,149.08409118652344,2264700.0,-0.0021125272228965553,0.019572763839549586,-0.000866758704328792,-0.0012446174864320923,146.43447875976562,143.00321578979492,144.503689683189,0.04252264792189703,1.2975364685058537,0.011008811534782847,2.3284993540376746,0.010754900113912462,0.12789050832046775,76.5715358046732,2.4185383172366244,1.0022721197827105,7.93756103515625,0.7974478289115772,141121400.0,0.7969758948247697,1.5284904600662383,0.8691796495792805,-0.06903847915233675,-0.009387360255171692,0.652387835722724
AMGN,2019-06-26,149.30234015323418,149.48824724596696,147.70997492306375,148.0575408935547,2124600.0,-0.006909529101491367,0.012010683901481835,-0.008337439710602763,0.0014639319660049342,147.0463638305664,143.5686264038086,144.84215170322383,0.03126668132298166,1.9663772583007812,0.011289540786077072,2.341778404077307,0.010700551980123877,0.1241450424401898,72.04227086104976,2.382306413042869,0.772832172471164,6.1188507080078125,0.7553905037536643,138996800.0,0.8105095470068993,1.2611814162928159,0.8069553309296316,-0.040194202224334216,0.002933576468584013,0.6713479379932901
AMGN,2019-06-27,148.20306480075155,149.89242314482962,147.9444006904208,148.74462890625,2193700.0,0.004629947554293512,0.01309642216147931,0.0036542031450331088,0.0009828875065639809,147.63723754882812,144.1740493774414,145.21381619875015,0.03170181838232909,2.6109994506836074,0.011231509301869058,2.3238803317428443,0.0107438304900132,0.11884533052907781,71.74235767001417,2.3815812422451756,0.6176856013387764,5.9087371826171875,0.7765021123108699,141190500.0,0.7467478935269249,1.2639142583927538,0.8486031525075352,-0.08621145813236593,0.003863582853875045,0.6657614996222428
AMGN,2019-06-28,148.86585870975853,150.42589721414564,148.45362669068805,148.95477294921875,3753200.0,0.0014117870345920478,0.013240733978561145,0.0005972775774838868,0.0008150197045765932,148.3000503540039,144.88455123901366,145.57009779403288,0.02809286204359022,3.2670603942870855,0.010422401651748927,2.3429333880302243,0.010747014863139497,0.10455162542301687,72.01403955263734,2.3706361888685024,0.4853924383696824,6.6281280517578125,1.3066789215686274,144943700.0,0.998017026026473,1.8682749280272684,0.8081333062057345,0.23059364406216276,0.006173677672842962,0.5171988066681705
AMGN,2019-07-01,151.05639237865944,151.39587978527794,149.61760713136874,150.62799072265625,2079800.0,0.011170436852790335,0.011805725120395733,-0.0028360379144319573,0.014109111026319156,148.94346313476564,145.44996185302733,146.0518018824732,0.035600070317386226,3.6644262695312477,0.008085483966098822,2.3469765474081674,0.009729289090287054,0.10330604788735981,78.10238983175027,2.468521269273623,0.46662201501984235,6.4341278076171875,0.7738589134422545,147023500.0,-0.029002957996389477,-0.5216603426287664,0.9399678805560391,0.02858752524374485,0.006580183503141874,0.5350525854460411
AMGN,2019-07-02,150.369313339039,150.88662919879457,148.89011041182002,150.8623809814453,1796300.0,0.0015548775550404208,0.013234040017041102,0.003279044317337492,-0.0017173261249533872,149.35004272460938,145.93130798339843,146.5099522728515,0.03379037073119265,3.9552478027343625,0.007760048344964798,2.343512505173414,0.009163395015127168,0.10428151540330341,77.35361387458431,2.535778361240574,0.42710328558943456,4.0657958984375,0.7045073488317367,148819800.0,0.1098321101251204,-0.17480421944114183,0.9628728326615457,0.05709996190895334,0.000937109301566123,0.5325886595994754
AMGN,2019-07-03,151.6221590685986,153.10944030703553,151.3149986025243,152.4304656982422,1932600.0,0.010340492407449536,0.011772198531910161,0.005331058696228516,0.0050362329045219355,149.81966705322264,146.49833297729492,147.07381069431727,0.040492834289566,4.354882354736333,0.007842170777537093,2.3758423157128794,0.009067356745549067,0.10618845604073619,78.24823984790274,2.6846642840789343,0.46079136674223564,4.6962432861328125,0.7681133211580919,150752400.0,-0.0840460492099108,-0.2863878215490979,0.9999999991244448,0.0281685262068524,0.00810904156882237,0.5920526234301138
AMGN,2019-07-05,151.5009852174738,152.67304031285335,149.73080312951913,150.29661560058594,2225800.0,-0.014097750552519729,0.019576203839168443,-0.007949582738086144,-0.0060977343112525485,149.9700164794922,146.96270675659179,147.3807444949143,0.02268540718643653,4.6711418151855355,0.00876566160588478,2.450322590202526,0.009314639422656321,0.10209982521269025,71.41635272526287,2.6004966741355133,0.30129900543905164,1.5034942626953125,0.8876623389571623,148526600.0,-0.2946584969640193,-0.3636770419752782,0.8108948693564496,-0.05606332888644307,-0.00321004345165601,0.7650167605500757
AMGN,2019-07-08,149.2619482965697,149.54484829837756,145.91555837676742,147.30584716796875,2700900.0,-0.020099760555828617,0.024637785881450852,-0.013105156075775969,-0.006884169013930909,149.5763702392578,147.23470306396484,147.37361141615756,0.0004832020068869111,4.889780273437509,0.010138677752252646,2.5813856736097915,0.009657788315974634,0.09656023982515778,57.88612416139822,2.266338282271505,-0.026287509139965692,-3.93646240234375,1.0637945906346373,145825700.0,-0.45662116096782573,-0.233094761000397,0.5458482978351339,0.19504976574525018,-0.0032473473853234,0.9345576530818667
AMGN,2019-07-09,146.4732778342777,147.33008105237323,145.9074532181472,146.78042602539062,2273700.0,-0.0035732487336143097,0.00969221763929165,0.0020969571764512724,-0.005651977499180322,149.3144760131836,147.47759933471679,147.31711756941786,-0.004727316639755223,5.105694122314446,0.01020877890546158,2.427232037923718,0.009610002296595319,0.09034871520790304,49.95423259866354,1.9367921202091907,-0.2846669369618242,-2.6189422607421875,0.8923311793943984,143552000.0,-0.39146863469515275,-0.3576055294140932,0.49928465521861787,0.22619355583379613,0.0017327062035480685,0.9528896249569757
AMGN,2019-07-10,147.24927301548365,148.15457283677367,146.32780360201772,147.33010864257812,1775700.0,0.0037379365402837963,0.012399157589625304,0.0005489713153692291,0.0031942064946175065,149.13907775878906,147.78677825927736,147.31835481448073,-0.003090057325006762,5.3720889282226665,0.0100736912353692,2.414530039786939,0.009489078571245061,0.08068746574858748,48.8297075064162,1.7003783032099875,-0.4168646031688219,-1.7539825439453125,0.7043242342749708,145327700.0,-0.5381304818959076,-0.0978729036882124,0.5138709311277951,0.2372226459250173,0.00399858846433005,0.9386089006171752
AMGN,2019-07-11,146.1904053776041,146.30356786492166,142.22161502403264,143.87864685058594,3621900.0,-0.02370549205372789,0.0283708036615608,-0.015813339603559993,-0.00773571183429277,148.7211883544922,147.8837760925293,146.9907635798241,-0.027082952219433444,5.465680389404298,0.01154100965240789,2.5958217429079764,0.01003651589342213,0.07593352095462311,37.500106728887665,1.2204459867900255,-0.7174375356710272,-4.17889404296875,1.3888691830869255,141705800.0,-0.5775317431803498,-0.27724247543233577,0.15360545106549606,0.18107187896819482,0.0020117097495655715,1.038492732937314
AMGN,2019-07-12,143.73308206709635,143.95131596351365,140.79892523302345,141.39706420898438,4488700.0,-0.017398223140777103,0.02229459818084323,-0.01625247176583531,-0.0010117191583039766,147.98643188476564,147.81183471679688,146.4580303064108,-0.043398219906430474,5.388995056152339,0.012129684734805855,2.57734563666615,0.010330296162297165,0.0800449781982771,24.999961253345774,0.6325614143470375,-1.044257686491212,-7.347564697265625,1.6331750623078463,137217100.0,-0.36902613055645406,-0.7745390661889404,0.0,0.3193008150190579,0.006964870975615408,0.8526194852068597
AMGN,2019-07-15,141.37285822082467,143.42596445542782,141.13845466933165,142.35899353027344,3256800.0,0.006779999791458714,0.016068600440124033,0.006975421745441579,-0.00017119158940903352,147.32685394287108,147.8134521484375,146.0676458515406,-0.03690096225265466,5.372400207519547,0.012210202012317107,2.601594540691987,0.01040133146022412,0.07995885715303373,31.28500457533731,0.24149451382533016,-1.1482596696103355,-6.5957794189453125,1.1507313970744117,140473900.0,-0.4902175898255086,-0.7501389342028516,0.08718338776611807,0.2818328482285257,-0.0001590408963782905,0.8297032505880892
AMGN,2019-07-16,142.5368350907218,143.69272036565235,142.1892690456335,143.45022583007812,2260100.0,0.0076361259777382035,0.010480647983083314,0.006408103131902442,0.001249247104367538,146.60907745361328,147.77627029418946,145.81836775425845,-0.029274283722949213,5.308164215087885,0.011962103969208276,2.5005562271913555,0.010221017449297057,0.08139094070342957,35.61718329413212,0.019400863385897082,-1.096282656039815,-7.177764892578125,0.7937514157826622,142734000.0,-0.5061572510473493,-0.6629970594132989,0.18608600631744077,0.22794152923752295,-0.0020336648709055752,0.7826600778603221
AMGN,2019-07-17,143.99176243370263,145.0506422916349,143.0783718690212,143.11878967285156,1945200.0,-0.0023131342683818264,0.013780653309897386,-0.006062657655523928,0.0037750836604884598,145.8347183227539,147.59238052368164,145.56126507983876,-0.030310445803211888,5.099841156005851,0.01116809700212211,2.514413234313533,0.010015503034761746,0.08611810140011322,36.92780417352588,-0.18126457743099422,-1.037558477485365,-7.74359130859375,0.6976168701920491,140788800.0,-0.5724181370217997,-0.5939093521918092,0.15604666103948117,0.17810571832994268,-0.00820799353440341,0.4950707709411525
AMGN,2019-07-18,143.1754179156324,145.8428210565479,142.90867513478375,145.12342834472656,2374400.0,0.013909627858398544,0.02021827871096304,0.013605760384384135,0.0003956730133778367,145.10401458740233,147.4618408203125,145.51956634316142,-0.0158577464012223,4.853645629882806,0.011563792608890733,2.5848506248389134,0.010217934279058637,0.08747314787844365,41.040109760250566,-0.17650120165441763,-0.8262360813670308,-7.307037353515625,0.8518806204693165,143163200.0,-0.5088695248170597,-0.6998623514870352,0.33773484414510335,0.1403389607571455,0.0046722041809751326,0.5558153281228768
AMGN,2019-07-19,146.03680160304415,146.77236381928574,144.0322040068215,144.19386291503906,2987200.0,-0.006425945883378183,0.019003304003851956,-0.012619686734954314,0.006293768475121482,144.49373931884764,147.23187789916992,145.39330887381644,-0.02063422016671827,4.499050750732408,0.011467779406994418,2.6396998597679606,0.010266785206725568,0.08933316168287264,38.625100164857315,-0.24491116999081441,-0.715716839762742,-6.102752685546875,1.0677781014696603,140176000.0,-0.3507993896588382,-0.7480302325690814,0.25348472148347184,0.046600123345923915,-0.003509085178566902,0.5451393279251697
AMGN,2019-07-22,143.74122844059698,144.53336580939052,142.0357002585162,142.17311096191406,2556800.0,-0.014113258016119977,0.017567777296112034,-0.010909309011025794,-0.00313906892631607,143.9804656982422,146.77841796875,145.08662335839716,-0.031375913915467055,3.9729138183593875,0.010968664251928535,2.6437397679690418,0.010074944793166873,0.09077819301352126,30.129351306961013,-0.4569172990507866,-0.7421783750581714,-5.1327362060546875,0.9917688768900164,137619200.0,-0.2784235931215277,-0.9526546591862874,0.07033612916034009,0.15493696665520612,0.003983312791913463,0.5827252340837696
AMGN,2019-07-23,142.60956795461402,142.88440165021564,141.8740181137222,142.27008056640625,2081800.0,0.0006818205612710896,0.007101869433621548,-0.002380537246391594,0.0030698983074013146,143.52943115234376,146.42195358276368,144.81838118773135,-0.028355536275580556,3.52548446655274,0.01077910383570244,2.5733015357918196,0.009982517725457964,0.09332498575281492,29.675100468576645,-0.6100764653456849,-0.7162700330824558,-4.510345458984375,0.8213216974823401,139701000.0,-0.4543528820983106,-0.6977936591104437,0.07912486076760647,0.138322162422707,0.0077411552125139955,0.5075515667365286
AMGN,2019-07-24,142.27817228943437,142.8682328244437,141.3567029925743,142.0760955810547,1898000.0,-0.0013644285150897148,0.010638875073865465,-0.001420293114031552,5.687578861206159e-05,143.0040298461914,146.07155380249023,144.55721112995263,-0.027352746769832927,3.0198799133300724,0.010781403564255759,2.520763714811762,0.00973764328146019,0.0954995557823231,23.80401264354859,-0.7385951105295874,-0.6758309426130866,-5.2540130615234375,0.7542640957573639,137803000.0,-0.4655578545199562,-0.6923430611191617,0.06154324866325123,0.14071228426155563,0.006238948900719505,0.6709017222768311
AMGN,2019-07-25,142.08420040442263,142.6661824185553,140.45950780967732,140.7343292236328,2145500.0,-0.009488875283959879,0.01567971809757582,-0.00950050165287626,5.704565102804447e-05,142.6895980834961,145.70539321899415,144.19312713887456,-0.03411722713578529,2.52871475219726,0.010853000338482167,2.4682235309220317,0.00982960650983286,0.10016569853069561,24.797875968393697,-0.9379048113594024,-0.7001125147543212,-3.144317626953125,0.8522665204843877,135657500.0,-0.42918297641413017,-0.7818753937531627,0.0,0.15369119887716395,-0.005071615833104974,0.7179628951184779
AMGN,2019-07-26,140.8635882394688,141.86588048434,139.93402829140805,141.7284698486328,3070400.0,0.007039119722444176,0.013630657234888587,0.006139852178788023,0.0009184611640177747,142.72273864746094,145.35458526611328,143.95839787313724,-0.024946687514823273,2.0660375976562477,0.010949739086745139,2.2932803144301346,0.009845070420796008,0.10122140795699998,33.57136757322834,-1.004066096210579,-0.6130190396843982,0.3314056396484375,1.1987943339944713,138727900.0,-0.43216995376235157,-0.826670210245799,0.08499735158769413,0.10731403978573589,0.005369164570001534,0.7479121903625726
AMGN,2019-07-29,141.67191844533156,143.1996176115606,141.32434015154325,142.32664489746094,1985400.0,0.004211689225038025,0.013175870627515919,0.004621427162942156,-0.00039901230403216486,142.7195037841797,145.0231788635254,143.80299282783474,-0.01859381367306841,1.6350474548339946,0.01101838358997003,2.325612430558085,0.009844686169170757,0.10026382522673698,36.93700306029378,-0.9967418443075928,-0.4845558302251296,-0.0323486328125,0.8028792688598176,140713300.0,-0.4565227474045162,-0.8580547396505488,0.13614031230940316,0.11381546579079027,-0.0016153627850563226,0.6731791367009493
AMGN,2019-07-30,141.38902400432937,142.84397871137804,140.86362951773708,142.625732421875,2005100.0,0.0020992113633852417,0.013884936189377481,0.008746848818390317,-0.00658780999023109,142.63705444335938,144.62306594848633,143.69087278917192,-0.013810615295092442,1.1292082214355332,0.010613537607207495,2.336582427621301,0.0098952051498166,0.09458469414190843,35.99614822082323,-0.9557857550365156,-0.3548797927632419,-0.824493408203125,0.812072341709479,142718400.0,-0.4823274710281656,-0.7269726942795548,0.16171179267025765,0.10456724249833782,0.0005441811012686586,0.5321284118290307
AMGN,2019-07-31,145.49521345253038,151.96166738375396,143.79776436207138,150.81387329101562,7157600.0,0.05582250582629748,0.05413230788078255,0.03655556572808166,0.020118957371364755,143.40656280517578,144.62064056396486,144.3692537893475,0.04282398904402266,0.8327206420898676,0.01713149206581953,2.6385425235736926,0.012235415307416475,0.09445783651886644,66.10341599744334,-0.25962047895208684,0.2730283866569495,7.6950836181640625,2.6149540768235924,149876000.0,1.8585824927959684,6.08657674592934,0.8617840669563156,0.13618019655776387,-0.012464068427379136,-0.9756620153655142
AMGN,2019-08-01,150.66841062008132,153.1418402486691,148.8416413523517,150.3450927734375,3484700.0,-0.003113179078265238,0.0286021899151546,-0.0021458900728639216,-0.0009645178375176245,143.92872924804686,144.5163719177246,144.9383813116418,0.04033259884929358,0.4647810363769338,0.016970627445229466,2.720528821132778,0.012721161213186208,0.08825175292324472,72.9194513883352,0.2513711972497106,0.6272160502869976,5.2216644287109375,1.237998639327693,146391300.0,2.0312414821852687,6.833407091363052,0.9534918916987517,0.08470073127118963,-0.012361820660159381,-0.9179510827367423
AMGN,2019-08-02,150.34508710517414,151.84853846957728,149.54485881429054,151.3312225341797,2966500.0,0.006537691048864968,0.015222765115549328,0.006559146347866296,-3.770168517648652e-08,144.64246520996093,144.5681022644043,145.5472233328359,0.046781552526754075,0.25914566040040654,0.016734391094776382,2.721683811789248,0.012617980639714614,0.09113555677426854,72.95298261830855,0.7275217940226071,0.8826933176479153,7.137359619140625,1.0402129166637446,149357800.0,1.9482842333736743,6.78149103126331,0.9999999990563271,0.029611498666064016,-0.0065449979045989854,-0.989984177709624
AMGN,2019-08-05,150.00558067342143,150.31274121088558,145.91555015022993,146.7076873779297,4060000.0,-0.031028875457060612,0.0299724652419076,-0.021985137357466863,-0.008759870161353144,145.0959228515625,144.53819427490234,145.65774371808294,0.015009825699780871,0.07743743896483579,0.01756588815176325,3.0011281734985977,0.012815029613111225,0.09050308304609225,57.05777843017071,0.7234543939127889,0.7029007340304776,4.534576416015625,1.3905181049909667,145297800.0,1.5546119242642016,5.759481790607605,0.5636895619884005,-0.022481613964748664,-0.030502674530689344,0.10449469385746524
AMGN,2019-08-06,146.38441430813194,149.21348903375954,145.5195198289366,149.10032653808594,3172900.0,0.016177326022358204,0.024775057778826215,0.018553288222591374,-0.0022035182721200914,145.77894744873046,144.6541893005371,145.98560874855943,0.030736318519689988,-0.019638214111353136,0.0179157428296858,3.1241066579421153,0.01318557834340955,0.09381962416956666,61.89725541802431,0.90288899185731,0.705868265579999,6.8302459716796875,1.0702136953218415,148470700.0,1.3252384843613458,4.715788288402739,0.7894764117547405,-0.10107219227649612,0.011141774054524246,0.22278941295140736
AMGN,2019-08-07,147.9524750076908,148.8416174438156,145.17998853339995,148.35662841796875,3308900.0,-0.005000385147062332,0.024681262640316018,0.0027316434568394206,-0.007698517884210929,146.40700073242186,144.70551528930665,146.21142014564603,0.02523133359058576,-0.205792694091798,0.017950031837440667,3.194548949579389,0.013500824859891238,0.09516865624291351,56.77042893559479,0.9738559750596778,0.6214681990258935,6.2805328369140625,1.0879547049955696,145161800.0,1.3964348973700402,4.816677653820196,0.7192956429557198,-0.10715890777312063,-0.0009243373399841368,0.21443051313857273
AMGN,2019-08-08,148.3000408063518,149.87623650631645,147.96055345049652,149.72265625,2449000.0,0.009165597647387745,0.012794877567635499,0.009592818962914716,-0.0003814296147087007,147.3058334350586,144.99771575927736,146.54582358415595,0.0325863098324039,-0.1730587768554699,0.017125056779844067,3.1356577526762237,0.013069677766795958,0.099664673923498,61.36964826214627,1.1273296952228975,0.6199535353512905,8.988327026367188,0.8210543961109714,147610800.0,1.4566587303020988,5.515888335840315,0.8482039739835113,-0.21516938233181512,0.018573377294655292,0.290612228959032
AMGN,2019-08-09,149.6579787914825,161.6613380772293,147.77463505661032,158.63018798828125,8417100.0,0.05779100716405669,0.08754136395302539,0.05995142570580671,-0.0004319817730825762,148.99600524902343,145.8593719482422,147.69671543216788,0.08755567687875922,0.24871704101562386,0.020765279311620123,3.9491604290865547,0.01753421455012717,0.12677224448553423,76.37300753192423,1.9452979087153892,1.1503373990750259,16.901718139648438,2.647577826917088,156027900.0,1.4740665260404138,3.1728768364019726,0.9999999994412114,-0.11275739184088367,-0.00673751604094796,0.23212477068471474
AMGN,2019-08-12,159.96389775281418,168.75827896706875,159.43850330913588,166.33335876464844,10599300.0,0.047418328483460045,0.056030706811613054,0.0398181158455937,0.00840766679688644,151.39667663574218,147.05809020996094,149.4716338447851,0.13107247977426742,0.8156628417968648,0.022848566392161946,4.600425246393273,0.018999652779002067,0.17474796123475092,81.00393867200263,3.1784855121736655,1.9068200020266417,24.0067138671875,2.9888376460503143,166627200.0,1.1798613861712544,1.310627098877328,0.9999999996093601,0.17176276212000316,-0.012369455363189579,0.01648816429947696
AMGN,2019-08-13,164.433837664608,171.28019688344673,164.08627167929595,166.60818481445312,5586400.0,0.0016508970870339197,0.0431787022478065,0.01322323422433335,-0.011419964787268786,153.794921875,148.2159881591797,151.1036863180868,0.12409050389031412,1.4277926635742233,0.022893476942266473,5.006310630127658,0.019803893679562767,0.2078123088204468,81.54226280840686,4.130359524415439,2.2869552114147322,23.982452392578125,1.5047096247653269,172213600.0,1.2154310680592582,1.3505752711455783,0.9999999996135095,0.1298931930062241,0.013356959376459504,-0.02533067584228484
AMGN,2019-08-14,165.09408816691604,167.20243138917837,161.76469501993867,161.8867950439453,4507100.0,-0.028747562128500447,0.033589746265367655,-0.01942706221998717,-0.009087768702499787,154.90221405029297,149.15438842773438,152.13064905388285,0.08536394235815473,1.9531661987304574,0.024198307451858955,5.23710075586778,0.020212058370579003,0.21924513469050744,75.02227414307725,4.452425056308897,2.0872165946465517,11.072921752929688,1.1735085095054163,167706500.0,1.018841724493817,0.9804454465374726,0.8175227591376786,0.15204689448650552,-0.029549569924472704,0.27864718503592495
AMGN,2019-08-15,162.806680151095,163.62071355185049,161.69145836683248,162.2449951171875,3065800.0,0.0022102134374581838,0.011890999679987238,-0.003450012207031241,0.005682273880954817,156.09220428466796,150.0104667663574,153.09392010753092,0.08155783136043082,2.3861439514160168,0.02414818347470972,5.236915255302498,0.02009018484224842,0.22973361419012164,74.64072621154682,4.682590079375132,1.8539052941702288,11.89990234375,0.7911180496867964,170772300.0,1.104510809935273,1.1458294401085038,0.831366852525555,0.16544374479123786,0.0008664083664559381,0.2591413481493848
AMGN,2019-08-16,164.296336198151,167.25128093984858,163.09970629884347,166.07907104492188,2922500.0,0.02335649816950891,0.024997578652653795,0.010850727946974921,0.012643478336461799,157.56698913574218,151.10472717285157,154.3306011491872,0.0990991092882281,2.9790057373047034,0.024278707923011268,5.460558709777051,0.02021396100871414,0.24373691453970608,76.46968000138756,5.115408162002723,1.829378701438256,14.747848510742188,0.7547700953502546,173694800.0,0.9107903410145235,0.7519860524900075,0.979550253827865,0.1368055620512632,0.016646347928243186,0.3215411550923011
AMGN,2019-08-19,165.43599630682164,168.0978888724614,163.71024955806064,167.6908721923828,2974900.0,0.009658231421729268,0.026165045580817618,0.013629898788043859,-0.003872099801944925,159.6653076171875,152.380615234375,155.60300791520584,0.10047378358762543,3.738394775390617,0.02375305690346066,5.632508004117036,0.020389682337053853,0.2536140167199627,77.13855412729572,5.5247921283944095,1.7910101342639537,20.983184814453125,0.7641772488437417,176669700.0,0.8487253047635119,0.8673124127857157,0.9999999996290325,0.12378440903713539,0.014631389880551333,0.3417641310801655
AMGN,2019-08-20,167.60945345304302,167.78854177482117,165.2080576743156,165.38714599609375,2710800.0,-0.013833173049468616,0.015602688376801182,-0.013258843168842275,-0.0004855287486750527,161.2939895629883,153.53646850585938,156.53483058957613,0.07718477313930222,4.424955139160147,0.02421875998067141,5.149975799733222,0.020473469116058792,0.25454331584176904,68.08298823693355,5.598800928246362,1.492015147292725,16.286819458007812,0.6907561547703531,173958900.0,0.8563882842705216,0.7077216259531208,0.9145392564578809,0.11245319458585193,-0.008354860958219855,0.4066912243063383
AMGN,2019-08-21,166.42914491878003,167.17805424071642,165.72093975566776,166.0139923095703,1755200.0,0.0037830109109259717,0.008777058275494914,-0.0024944706013620014,0.006300362198105082,163.05972595214843,154.73336334228514,157.43760789624224,0.07290366294392067,5.124500732421865,0.0241430962608048,4.970740753183599,0.020457389937363152,0.2522746077371984,69.36650916370036,5.642985865635666,1.2289600677456232,17.657363891601562,0.4480688645492826,175714100.0,0.8318413239460405,0.7149415378925933,0.937793214280689,0.10533423191038847,0.01069282871500363,0.402811785000293
AMGN,2019-08-22,167.09660364236484,167.97576101626558,164.43471151759545,165.59063720703125,2677600.0,-0.0025533740778541877,0.02138435818833708,-0.00901254964198312,0.006521205337775122,164.64652404785156,155.97617874145507,158.21408687822216,0.06164055654622127,5.894277191162104,0.023927877539943857,5.05912431342527,0.020550160735538347,0.2426106888369025,67.8730513314348,5.579524245830584,0.9323987583524325,15.86798095703125,0.6789287652198608,173036500.0,0.82433031120942,0.7916938538321967,0.919104751296322,0.10845704519607126,0.0017959814424238286,0.3761336794165318
AMGN,2019-08-23,165.3219925194643,165.75342910327544,161.18670255020743,162.05772399902344,3416200.0,-0.021566109001143093,0.028179629087568374,-0.01974491397480907,-0.0016223422537536719,164.9892776489258,156.9926414489746,158.5801475563937,0.03226318446075111,6.526303253173836,0.024838658288670535,4.998485325505145,0.020808526214771757,0.22742483399012442,69.78087234201533,5.184391447386332,0.42981276792654466,3.4275360107421875,0.8624263155901695,169620300.0,0.8270653464577686,0.5462714306492794,0.7779097255501146,0.1325814292738668,-0.026121497813916688,0.4970073068820412
AMGN,2019-08-26,163.29510318377928,168.0164869140906,162.5380456712335,167.21060180664062,4005200.0,0.03130151382809139,0.0327637194272661,0.023978052902509147,0.007635422454552641,165.077001953125,158.2368392944336,159.40209558022673,0.056710956514427216,7.272821960449221,0.02543378597212542,5.160256304808304,0.0212056301454415,0.21482105451800335,71.78787717465731,5.226788864057482,0.3777681476781556,0.8772430419921875,0.9859827578566962,173625500.0,0.6436556289314916,0.04559713708023039,0.980839109618065,0.06508408037660567,0.010302777436914932,0.5505052672863078
AMGN,2019-08-27,168.1304591906289,170.09228273828538,167.0966456776213,168.0897674560547,3394000.0,0.005244060220472054,0.017821650336016192,-0.00024202476321124683,0.005501190558789923,165.22516021728515,159.5100410461426,160.22949290173415,0.05378800201944767,8.068105621337907,0.025402478031058117,5.094206237378168,0.021256945057066042,0.19871680755548804,73.66316046026782,5.270574540159856,0.33724305902442353,1.4815826416015625,0.8214765035694533,177019500.0,0.6261066727925154,0.04350936440291966,0.9999999995323187,0.09353307352237816,-0.0045461923533971944,0.557104574656111
AMGN,2019-08-28,167.2919621621345,171.06093993630404,167.1454421450496,168.9281768798828,3789300.0,0.004975468917944633,0.023178476578472586,0.00978059373924101,-0.0047463049416661815,165.9292984008789,160.41575622558594,161.05793899489117,0.053064741610083586,8.53118896484375,0.02265100256923497,5.237050147052061,0.020162762410621815,0.19731903145645896,73.32562393323957,5.311697692965254,0.30269296946385715,7.0413818359375,0.9561285536578042,180808800.0,0.6834226138347872,0.8440950580630332,0.9999999995499649,0.15353536425760386,0.008581886541401545,0.6700736419774133
AMGN,2019-08-29,170.13296776523612,170.8167527885723,167.08847860729216,168.48861694335938,2391600.0,-0.002605443435102771,0.022127751114091414,-0.009665092212731848,0.007131971158428927,166.55366058349608,161.32293243408202,161.765622609031,0.0444182634245464,9.023277282714844,0.02264065315734045,4.511448087099288,0.02001724900300105,0.19181421654329994,65.07390408427622,5.248319909566305,0.1914521488519263,6.243621826171875,0.6118947989197944,178417200.0,0.6812238200224883,0.8479639233610066,0.9802182599853624,0.15506802877414014,0.014302365661370676,0.6026644288031813
AMGN,2019-08-30,170.12480913980414,171.73659145662037,168.40719852835952,169.8236083984375,2621300.0,0.007892108438740868,0.019605006392571102,-0.0017704692389639862,0.009710995473331022,166.92811431884766,162.24755172729493,162.5330498270697,0.04669442830099756,9.527286834716818,0.022644630091139806,4.025826797775957,0.02008450680418755,0.18693721165917976,56.62735708288158,5.24535008241304,0.1507858573589278,3.744537353515625,0.6736387103903496,181038500.0,0.6708615105043756,0.834827008360889,0.9999999995673977,0.16765036286200266,0.0015683549187190087,0.609638482410123
AMGN,2019-09-03,168.7490879926223,169.2293646085043,166.6163125224412,167.30010986328125,2193000.0,-0.014971036040061421,0.015618950209886353,-0.008586583468850465,-0.006327273433586359,166.8890380859375,163.2771728515625,162.98705554480415,0.024638698364627155,10.235751953125003,0.02155637411294036,3.741067560050636,0.019795396076031587,0.16436191742147252,51.21047135401094,4.981942498990918,-0.09009738085055563,-0.3907623291015625,0.5774236059090472,178845500.0,0.8887556877504381,1.0815020098494184,0.8824474357232981,0.21483129317499214,-0.005920775051242397,0.48207555667010155
AMGN,2019-09-04,168.26067918543043,168.80608000122223,165.24875848544542,167.95135498046875,1935700.0,0.0038851191099600517,0.02118066577188669,-0.0018383629880680257,0.005741594090608589,167.145458984375,164.21972427368163,163.45984596724838,0.02272340136540564,10.807263641357423,0.021446798950433797,3.606752213374715,0.01971562923501912,0.1433776002334834,62.37126719212914,4.7707459401424614,-0.24103515175920975,2.564208984375,0.518114744335253,180781200.0,0.99373055350848,1.3091319095999843,0.9127844983877553,0.23031460451118538,0.012109642430783498,0.44420517848025803
AMGN,2019-09-05,168.20370680791737,169.70152511713013,167.66644184227718,169.0340118408203,1685300.0,0.006425564383473684,0.012039489879524325,0.0049363063909829315,0.0015025292738958076,167.4474609375,165.25359344482422,163.99071890758856,0.022876467114515853,11.442134399414073,0.02128507672086401,3.6143113626486394,0.01949723648159213,0.11223455062104606,63.45152312026358,4.637276865059732,-0.2996033814735517,3.02001953125,0.46111142272012784,182466500.0,0.9354577412047894,1.322590630702321,0.9607184494847051,0.23551338129907862,0.0127101960417718,0.4217907039644798
AMGN,2019-09-06,169.83990964722577,170.4178787638136,167.77227050092907,169.09913635253906,2388000.0,0.00038520040328482414,0.015645309136109092,-0.004361597319648624,0.0047676665638414235,167.79831085205078,166.22241744995117,164.4772348547267,0.017306443659767273,11.990126495361324,0.02132299438740608,3.4456915369503145,0.019533880798398944,0.07054886706252185,57.03447594446147,4.485055734632766,-0.36145960952041456,3.5084991455078125,0.6539214062048597,184854500.0,0.9977963795149734,1.3871352729449318,0.9352769726585214,0.2710071216500603,0.001232559332366671,0.44514737847788216
AMGN,2019-09-09,164.8661551231631,165.20804760175952,161.82166625971627,164.71148681640625,4353200.0,-0.026289769945788303,0.020559472854603283,-0.0009381446825233234,-0.02503254197910865,168.06368713378907,166.52648239135743,164.49954456536284,-0.01089914077861636,11.974854278564464,0.018477187213173315,3.6521080211233174,0.015615181669430598,0.05676048066656253,43.854915104879694,3.964670490137962,-0.7054758832121752,2.6537628173828125,1.2623020222581787,180501300.0,0.6132184333404107,1.1694371400461199,0.355897466998289,-0.11017559217774807,0.0037020122583753365,0.5734293869098357
AMGN,2019-09-10,163.46602114130224,164.41030272817406,159.0295422448696,160.25872802734375,4866300.0,-0.027405819240940776,0.03357545981761687,-0.019620549222190083,-0.007561498588694416,167.36849975585938,166.22275085449218,164.09565727602768,-0.03587970236618935,11.445043640136703,0.016030654004230104,3.8736409119112523,0.014338821657415577,0.0661323239482649,40.28379406601895,3.156573993584203,-1.2108579038127472,-6.951873779296875,1.5390089090029317,175635000.0,-0.037559858085489964,-0.0743635048922138,0.0,0.009188720014451025,0.0021112402777391194,0.8429379833835791
AMGN,2019-09-11,160.47039806199135,161.55306390669315,158.874887232651,159.4202880859375,2875300.0,-0.0052455233008921855,0.016799472050875095,-0.006543948221828293,0.0013208019135873893,166.50155181884764,165.8633560180664,163.65038401982864,-0.03884563828207546,10.90980285644531,0.016027976110929487,3.937017228298359,0.013320614893579644,0.07566554228218365,37.60705184202873,2.4205935067295172,-1.5574707125339469,-8.669479370117188,0.950067984727805,172759700.0,0.0328573933199873,-0.07233988041719706,0.0,0.0487203298658377,0.00571393308609487,0.8573303421466979
AMGN,2019-09-12,159.62376596892167,160.2261550038676,157.84103128736234,157.9224395751953,4448000.0,-0.009440012348901027,0.015103133683352058,-0.010658352679497647,0.0012763612801558032,165.4009780883789,165.6651382446289,163.10486550129212,-0.04673704287742399,10.570383911132808,0.014915757194070756,3.854451101000868,0.012719359983686255,0.08464345675368219,36.14705523998966,1.6968990160949602,-1.824932162534803,-11.0057373046875,1.4711621784313336,168311700.0,0.14095193684805593,0.31615261773246395,0.0,0.08101608542879893,0.0012981352626545495,0.8812671595536041
AMGN,2019-09-13,158.25625186459717,160.09596305820455,158.19112769564225,159.11912536621094,2428800.0,0.007549114100570871,0.01197112765783709,0.005452381763420193,0.0021137736366016345,164.46402893066406,165.50884475708008,162.72527120271297,-0.03860651314585294,10.280317230224625,0.01502692668254911,3.6835080245680984,0.01272119023824467,0.09011502758333508,44.20186880322169,1.206026141905653,-1.8526440293792885,-9.369491577148438,0.8118705312524026,170740500.0,0.08908147629859103,0.20082166747396527,0.10055195483598703,0.04567271330410307,-0.0012465694979716152,0.8566963142092765
AMGN,2019-09-16,159.68077004656172,159.68077004656172,157.523574417256,157.98757934570312,1597400.0,-0.007136719636770607,0.013654210275514314,-0.01060359804355197,0.003529711963022435,163.28042602539062,165.10427017211913,162.27406245442634,-0.04310422025424868,9.72192337036131,0.013920927315098112,3.4119675041565682,0.012400452932086213,0.09897953889270786,28.369596335528186,0.7174294651423736,-1.8729925649140546,-11.836029052734375,0.5460533849737895,169143100.0,0.1577579434705994,0.8344212176237323,0.005473392691133408,-0.048620513389892366,0.0010320040257169967,0.754728458578107
AMGN,2019-09-17,157.95504165837644,160.18549773337077,157.95504165837644,160.13665771484375,2447400.0,0.01351114320575481,0.013928454026848168,0.0138116266094607,-0.00020595092007506883,162.56408081054687,164.7265594482422,162.0705000982756,-0.027863762521189644,9.087596435546885,0.014125132129068583,3.3573117194658715,0.012029218928089098,0.10154594336665922,32.39644021142577,0.49788641775052156,-1.6740284898447255,-7.1634521484375,0.844227969837667,171590500.0,0.15326645071349929,0.6550035248300247,0.18605047711479503,-0.029562998316011613,0.0011124185645163638,0.7190475328274476
AMGN,2019-09-18,159.8435882056662,160.22618487171178,157.32007986636503,158.76905822753906,1897800.0,-0.0085768790124262,0.01830397583628591,-0.006722383989181839,-0.0018301213061372398,161.6458511352539,164.39565505981446,161.75607706296734,-0.0342259461190029,8.516919403076173,0.013948525746284598,3.285212234758179,0.012100086729499988,0.10666392473671364,28.02833597121257,0.21110958200043228,-1.568644260475852,-9.182296752929688,0.6639541270602065,169692700.0,0.12461136564525867,0.82649179881706,0.0711374373564877,-0.039977532794472144,-0.0012001511204167566,0.6996456804971524
AMGN,2019-09-19,159.32258276996419,159.8516993943598,158.3457453904547,159.26559448242188,1483400.0,0.003122531800204454,0.009455614119289905,-0.00035769121082221113,0.003486350228467326,160.66900939941405,164.05823516845703,161.51888824577253,-0.029213045484208784,7.940789794921869,0.01393495819457229,3.1264750792313896,0.012109742377058193,0.10997392076366914,30.10191988622897,0.02363079846037408,-1.4048984352127283,-9.768417358398438,0.5214536302087361,171176100.0,0.13164516577417343,0.8442138923998864,0.11285907510822633,-0.048478099442131765,0.00016955076158034883,0.6914785613844181
AMGN,2019-09-20,159.55051113146237,162.2531073842139,159.34700282644775,160.31570434570312,6680400.0,0.006571809092294537,0.018127385396376778,0.004795930823501209,0.0017889403544212625,159.79066619873046,163.79448852539062,161.40429930290878,-0.02123871328642557,7.3483020019531295,0.014064672321157106,3.1020550773407587,0.01201457704409451,0.1116042493214322,29.232020371024618,-0.039754137424182545,-1.1746266968778278,-8.783432006835938,2.193978087806416,177856500.0,0.032896529702736675,0.6807185490723755,0.2010949347952259,-0.041680022214174155,-0.004576981509702685,0.6361080544722598
AMGN,2019-09-23,160.97507947093297,161.83795275150754,160.61690284401627,160.98321533203125,1683900.0,0.004155083667030405,0.007584951666997311,5.05411217998552e-05,0.0041129789992873905,159.41783905029297,163.74076309204102,161.3641960675871,-0.01684093629427948,6.90285354614258,0.013309679563464507,2.981694543755625,0.011458995905999879,0.11231813119643454,34.984650382724865,-0.03571292147367444,-0.9364683847418558,-3.728271484375,0.5692187819549634,179540400.0,-0.08407307294017535,1.3346723823993822,0.25718278597028377,0.2023931291599184,0.0019349325903173463,0.5302080845787803
AMGN,2019-09-24,161.97634016692297,162.64385342523508,159.23305196115842,159.9982452392578,2322500.0,-0.006137259034656716,0.021317742947594327,-0.012212246094871941,0.006169120382167642,159.39179077148438,163.38014526367186,161.2341055125081,-0.020699577778904254,6.189450683593748,0.011006004362474458,2.9712288257770427,0.010935786299570547,0.112477131580281,31.390588593173277,-0.11071285459436808,-0.8091746542900395,-0.2604827880859375,0.8080706161516702,177217900.0,-1.0208391075644803,0.5845455802486734,0.17442031897441762,0.12870565119487196,-0.009524892211424791,0.2016554523852577
AMGN,2019-09-25,160.8367300702536,161.44725515596463,159.48543156613366,159.59939575195312,1779900.0,-0.0024959489258373838,0.012292174294193482,-0.007693107897431145,0.005240587668583053,159.40970153808593,162.95562667846679,161.07841886864574,-0.020595980604805702,5.441948699951155,0.010867237677850831,2.9659959911326155,0.010797833652966557,0.11114273145437625,27.194224225117708,-0.20002885412245064,-0.7187925230544977,0.179107666015625,0.6371747943832392,175438000.0,-0.9600054794538775,0.6040625264430466,0.1409068470715045,0.10509783462303071,0.005859099368288179,0.2844189309924757
AMGN,2019-09-26,159.47728937756236,159.80289777522702,157.17357332165057,159.0458526611328,1877800.0,-0.003474356830376996,0.01653186429940154,-0.0027053175916987066,-0.0007650804303829795,159.52204284667968,162.4615104675293,160.88484113459688,-0.0210244124689409,4.629291229248054,0.010722823205546595,2.964832861896324,0.010577691793819672,0.10780432170321044,26.25933084558828,-0.31188352932673524,-0.6645177586070259,1.1234130859375,0.696035732157088,173560200.0,-0.888016237729286,0.6285286515143187,0.09439518938674303,0.10523002381944149,-0.0003777836459982787,0.22878408611645057
AMGN,2019-09-27,159.19237987088897,160.2424899797233,157.79224133988635,158.68768310546875,1770300.0,-0.0022545288240447534,0.015440698306802083,-0.0031703575625262256,0.0009212890955940405,159.47889862060546,161.97146377563476,160.67558798896562,-0.020273822274735696,3.8679594421386696,0.010723714325410227,2.620031329540193,0.010362778652769751,0.10406322720472265,32.43138120524135,-0.42453666072975693,-0.621736712008038,-0.4314422607421875,0.6638330424087431,171789900.0,-0.8932211589828113,0.6343265816981024,0.06429986339963259,0.10626437950778027,-0.00478908992352243,0.2624338741898803
AMGN,2019-09-30,156.94560295596068,160.1040433157451,156.04202560992533,157.5235595703125,2492300.0,-0.007362981686344714,0.02578673131117651,0.003682528235684281,-0.010978042626977099,159.4324966430664,161.35646133422853,160.37539480623673,-0.023754250261950643,2.986363067626968,0.010449696801467574,2.504322267703271,0.010601192876504099,0.0965032428652405,40.12931689577776,-0.6008241920040689,-0.63841939462588,-0.464019775390625,0.9368369021194699,169297600.0,-0.7915248637964818,0.6781006937093507,0.0,0.17509003330103406,0.0033077133396360596,0.23742089533358413
AMGN,2019-10-01,156.7665160305799,159.4528280899608,156.37578357030154,157.26307678222656,2331000.0,-0.0016549803419770796,0.019566223570204412,0.0031675179382680955,-0.004805906759583331,159.1451385498047,160.85460968017577,160.07898356585483,-0.02232782078853808,2.1827120971679506,0.010119436073401714,2.532812828104493,0.010717551416481145,0.09275084683395893,41.87616721735383,-0.7528734580975822,-0.6323749285755147,-2.8735809326171875,0.8739387418056527,166966600.0,-1.0104903443267017,1.4401768257582321,0.0,0.22225289033411208,-0.015584250001851213,0.030872558816813524
AMGN,2019-10-02,157.58057613098305,157.58057613098305,153.67321359780877,154.02325439453125,2250800.0,-0.020816457734685524,0.025368653250018677,-0.02257462070385442,0.0020189058694060073,158.6705581665039,160.1582046508789,159.5022474543002,-0.038305563362931866,1.2512435913085938,0.010701737190062378,2.6415441721522797,0.010865284674832835,0.09076292437842706,37.01918241325955,-1.1218679914275071,-0.8010955695243517,-4.7458038330078125,0.8389147928244235,164715800.0,-0.745462060518876,0.42323325658378863,0.0,0.16445415706183747,-0.018150371644001774,0.24887148549721558
AMGN,2019-10-03,154.340685905608,156.83976114743317,153.85226106076075,156.79905700683594,1888500.0,0.01786150033542651,0.01905304881101528,0.015928211584671982,0.002060932372352424,158.4239044189453,159.54645690917968,159.24480074501787,-0.017220062140945416,0.34503662109375455,0.011587829447518594,2.699685358128221,0.011049865812531225,0.07629342425623763,43.01106110081487,-1.176749904690979,-0.6847819862302589,-2.4665374755859375,0.7012234743701613,166604300.0,-0.3839956992503174,0.3531543296895229,0.1841220711461628,-0.04147068340754465,0.009961904539715074,0.37456770775146203
AMGN,2019-10-04,157.22238730436032,159.55865884470424,157.22238730436032,159.21676635742188,2158200.0,0.015301490269165274,0.014673527127785498,0.01268508313132731,0.002699826807669714,158.3140106201172,159.05233840942384,159.24213080334206,0.0010337977400544345,-0.5187306213378804,0.012329668415831756,2.742714373025547,0.011027627500694814,0.05157845642502874,53.43649589698874,-1.0134725961789854,-0.4172037421746122,-1.09893798828125,0.8048000119329072,168762500.0,-0.30680735675829107,-0.02506048517304268,0.485909339639945,0.1741958415343481,0.01306402301136676,0.5413710443732579
AMGN,2019-10-07,158.362048438758,161.8461227361238,158.28878841556377,160.50296020507812,2199300.0,0.008045801864962425,0.02216366798478192,0.013519096193985307,-0.005368265781413651,158.26598510742187,158.84191207885743,159.3622097939836,0.010457240815610811,-1.1046467590331872,0.011290787847521227,2.8374913905659542,0.011080658983034534,0.040486583625893156,51.07600428859827,-0.7713968754955545,-0.14010241719294492,-0.480255126953125,0.8544405226955301,170961800.0,-0.3563424583162684,0.35416054586493323,0.9309974379776325,-0.010887941228350337,-0.00453320616959135,0.597544603701096
AMGN,2019-10-08,159.99825829135435,161.17860417100022,158.73650410780326,159.61566162109375,2032600.0,-0.005543575386124354,0.015299877458104204,-0.002391255219565541,-0.0031445022140333713,158.22772674560548,158.80975875854492,159.38634806323216,0.005074643201077663,-1.4825804138183685,0.00960204205778661,2.804348180412398,0.010344903108664958,0.03990114734947831,52.55908689632016,-0.6437272164118895,-0.009946206487423837,-0.3825836181640625,0.8356768135247586,168929200.0,0.17504938060814887,-0.05929295457557898,0.80351129392059,-0.12319427428813091,-0.015069444897541596,0.6321880163168411
AMGN,2019-10-09,161.73216229242283,161.73216229242283,159.51800270292017,160.11224365234375,1292900.0,0.003106281449646649,0.013828796218172573,-0.010016057518294685,0.013259981193783901,158.27901153564454,158.84435653686523,159.45548097648089,0.007981946246760484,-1.7977128601074241,0.009551070894740225,2.854934293669367,0.010266663712287528,0.04043251686718599,52.55921818527327,-0.4967518261308328,0.10962334703490628,0.512847900390625,0.5494314028795322,170222100.0,0.04329954995103271,-0.014235456034182217,0.8748596872514995,-0.1667162659501726,0.008531121494294571,0.6612522031864305
AMGN,2019-10-10,161.1785952697445,162.28568106743367,160.38084610441572,161.7321319580078,1297500.0,0.010066368140902834,0.011777715040030013,0.003434306443339587,0.0066600254488729475,158.54763946533203,159.03484115600585,159.67230487948345,0.016960376621850057,-1.8255934143066384,0.009509377535328883,2.7967860446192168,0.01019126701422107,0.04308214329940942,54.13895163383073,-0.24671731846584066,0.2877262837599187,2.686279296875,0.5909452163041672,171519600.0,-0.17303071788362623,0.055488136537075176,0.9999999987027943,-0.11408609350999202,0.007718092141679437,0.7054645045979756
AMGN,2019-10-11,162.99388080863008,165.97324560606415,162.7903724878408,163.4578857421875,2472200.0,0.010613917349749499,0.019472129495443857,0.0028467629045669744,0.00780147293767122,159.0246597290039,159.25177917480468,160.03283639021717,0.02641167708880623,-1.8709112548828273,0.009642159208952087,2.990990704780068,0.010394218651703981,0.04969023993274098,56.81007376950055,0.08965722523433328,0.49928066196807414,4.77020263671875,1.1248495658168036,173991800.0,-0.18129641889811207,-0.07351580313551308,0.9999999989400751,-0.02693379496524013,0.013189194805436054,0.7032663521846204
AMGN,2019-10-14,163.82419613466573,166.79541261162467,163.80791199128598,165.15921020507812,1638200.0,0.010354541408145644,0.018088610478514126,0.008149065290178496,0.002241007772827712,159.78822479248046,159.61036071777343,160.521062467823,0.034764970534189144,-1.7888894653320335,0.00962496400661375,2.985756805162962,0.010516380979881574,0.05893866498214042,63.663797595991866,0.48789499041257045,0.718014741717049,7.635650634765625,0.744688830349411,175630000.0,-0.398122756417738,0.07374519317061101,0.9999999991020079,0.08185500219866954,-0.0008618951217856828,0.7102411654000074
AMGN,2019-10-15,165.62321444093254,166.714016040741,164.92314533247182,166.6000518798828,1492800.0,0.008686122128896927,0.010749520711796561,0.005897950008080821,0.002809436030108548,160.7219223022461,159.93353042602538,161.10001384040012,0.04168307568837741,-1.8635670471191474,0.009381256386598808,2.9735458850514056,0.010447587273842592,0.07064198683033725,67.56528284318718,0.9092835156458818,0.9115226135602884,9.33697509765625,0.6936432300318524,177122800.0,-0.42738922328015855,0.26574508749281284,0.9999999992048849,0.20079310578805848,0.00889762654081217,0.7016483141973314
AMGN,2019-10-16,166.18491975992504,166.86056899733993,164.58127290919083,165.41973876953125,1758500.0,-0.007109926069231317,0.013778864028583028,-0.004604394860250782,-0.002491788659568256,161.8615707397461,160.266064453125,161.5114162146031,0.03215699052692217,-1.8574212646484227,0.009300302724508635,2.9485438589494515,0.01032093134434495,0.07641619708035494,65.5049898036223,1.1349129836992518,0.9097216652909266,11.396484375,0.8197561942055334,175364300.0,-0.4339732092289745,0.3624740367559367,0.9061515365268613,0.16638227989157975,-0.004332876718511701,0.7110601857583841
AMGN,2019-10-17,164.10091328537908,166.67326060596793,164.043937433063,165.70455932617188,1380800.0,0.0017203245338556045,0.015867536678513317,0.009772316367331738,-0.007972600452414004,162.7521209716797,160.5880126953125,161.91076317760962,0.03186132355076292,-1.8824316406249864,0.00929740072323198,2.961334897025734,0.010462578943005778,0.08174038221140213,67.13024496364287,1.321475454826924,0.8770273091348791,8.905502319335938,0.6452276146951897,176745100.0,-0.4092659279358238,0.35157978322698913,0.9287980454450415,0.16172465371518738,0.0032000054965798603,0.7053950811366027
AMGN,2019-10-18,166.15231865102675,166.16045451149216,163.4660065792741,165.02081298828125,2043400.0,-0.004134834332574674,0.01632792787422152,-0.006810050391905887,0.00270215452535319,163.33252563476563,160.8232681274414,162.2069583976736,0.026100357925282237,-1.9531393432617392,0.009329091995165264,2.86365134176847,0.010411297312759403,0.08522484736639137,68.74259016538522,1.3980392163080069,0.7628728564927696,5.804046630859375,1.0708689477352646,174701700.0,-0.23700691667516968,0.213993913089816,0.8744323503510925,0.15475802743501282,-0.0033151225553318237,0.7338185550302236
AMGN,2019-10-21,165.7127810068604,165.74533687672445,163.44162092247942,165.19178771972656,1564000.0,0.001035543442966594,0.013945705086463778,-0.0031439535560765183,0.004193216637638913,163.80140838623046,161.03369674682617,162.49122785691674,0.025821247707165665,-1.873942718505873,0.009308081531691133,2.8084135870960245,0.010530604802573916,0.0885123911771081,69.91030675335583,1.4557320083950174,0.6564525188638242,4.6888275146484375,0.822216673019044,176265700.0,-0.18400231846067608,0.22990421731613403,0.8880268072474927,0.17040363725168864,0.009679214691347835,0.6926211363396495
AMGN,2019-10-22,166.575660158195,167.73972196880808,165.4278700724945,166.73846435546875,2136700.0,0.009319354413619538,0.01386513846849975,0.0009773588597465574,0.00837736825523311,164.51368865966796,161.3707077026367,162.89572657106456,0.0332635131198866,-1.5450338745117165,0.009299574220920478,2.7113115668036847,0.010308566900698903,0.09352034173393944,84.89752330538641,1.6077249872871278,0.6467563982047475,7.122802734375,1.128806028892405,178402400.0,-0.3949049659982365,0.359412420639696,0.9999999992135402,0.1478263001745412,-1.281668602857348e-05,0.6846594694963377
AMGN,2019-10-23,166.25000764571055,167.6013058256594,165.28130608805034,165.50924682617188,1805800.0,-0.00739943780739424,0.014017342124973083,-0.004455703972761839,-0.0029294782799298095,165.0533889770508,161.66620025634765,163.14463326202716,0.023771490662429492,-1.227562561035171,0.009488659978203376,2.663632970442017,0.01034770052703829,0.09543900620862934,76.12324302357828,1.6104289144263646,0.5195682602751874,5.397003173828125,0.9533412875228331,176596600.0,-0.3376728669460521,0.07741832457421328,0.9033269963998679,0.08530582945011647,5.461838513303605e-05,0.7134410457282211
AMGN,2019-10-24,166.0220812692825,166.30699787939338,164.15795056496611,165.29759216308594,1220800.0,-0.0012796270634168278,0.01300108057416209,-0.004363811733099884,0.0030985244205070346,165.4099349975586,161.97878723144532,163.3496769668899,0.020489133104191596,-0.9831915283203045,0.00943640590349823,2.620021933053372,0.010254851162911352,0.09598766326559331,71.01868465828478,1.5773107769311707,0.38916009822399467,3.565460205078125,0.6558751000628583,175375800.0,-0.3736013803757048,0.1720327591914923,0.8866812104812944,0.08867401718465187,0.001993730949313693,0.7070740699213004
AMGN,2019-10-25,164.91499845612543,165.82672417192512,164.0358410272268,165.28945922851562,1321500.0,-4.9202983224600384e-05,0.010834829716651109,0.0022706289658051717,-0.0023145751970968303,165.5930923461914,162.30887603759766,163.53441813466378,0.018363648764516974,-0.7139920043945267,0.009397284941250734,2.49384684906325,0.010149206512197043,0.09544980326653361,68.14824157234466,1.5327396855155655,0.27567120544671164,1.831573486328125,0.7186400491600912,174054300.0,-0.41262769569064406,0.25419042638874023,0.8860415879670849,0.07008808508186173,0.006091743900158939,0.6880729492798147
AMGN,2019-10-28,165.38714568372635,167.67457729165307,164.988264891217,166.8849639892578,1652800.0,0.00960650139975583,0.016096791084240402,0.009056437242080348,0.0005910023280774784,165.7656677246094,162.7769462585449,163.8535177398632,0.025237097913042173,-0.26203964233400256,0.009268103282499763,2.511290587437472,0.009787783739980906,0.0941107423767682,76.15716668624972,1.607628928875755,0.2804483590455209,1.7257537841796875,0.9197986549168993,175707100.0,-0.6432914513239131,0.6473312811281496,0.9999999992224983,0.033548872523790005,0.002742807390287688,0.7086628175123402
AMGN,2019-10-29,167.08849383913758,171.964558453412,166.80358959735702,170.12484741210938,4460000.0,0.01922782738399001,0.030336361410823662,0.018172128452453484,0.0012195817107458074,166.11814727783204,163.42003479003907,164.45078723245808,0.04102809444805592,0.3323693847656273,0.009895535920947702,2.7217769636197806,0.01028092984316852,0.09628220440144644,80.08823993338444,1.9064345187572087,0.4634031591415797,3.5247955322265625,2.343218457836516,180167100.0,-0.6087081816450912,0.4616811419280125,0.9999999993789433,0.0313993323277676,0.0006102467041404321,0.7870347230173683
AMGN,2019-10-30,167.97577550183948,171.76102535760614,166.19304059723476,171.66334533691406,3793500.0,0.009002700201605216,0.03243549022910753,0.021952985923462526,-0.012632322338335432,166.7425079345703,164.3020393371582,165.13769752812055,0.04480349744564037,1.0888499450683469,0.008071001264149306,2.964244631139885,0.010672978586755021,0.08972695468248877,79.99036035322025,2.24154489208172,0.6388108259728726,6.2436065673828125,1.9154253976268618,183960600.0,-0.07380859222516752,-0.9202487188880725,0.9999999993272466,0.37285244766850606,0.0016285873445073772,0.5771422657961056
AMGN,2019-10-31,171.02842063319204,173.93451338372077,170.62140393717888,173.59262084960938,3255800.0,0.011176030439640147,0.019085543096973998,0.014992831056522606,-0.003698662067175084,167.53131408691405,165.14171752929687,165.9429283206433,0.05117364313964627,1.776955566406258,0.007647036601750115,2.8979586167459956,0.01067297606152631,0.09198267935645811,80.23333090564802,2.6324534033392126,0.8237754697842923,7.8880615234375,1.5890749268497437,187216400.0,-0.17249085573611098,-0.8447729957912822,0.9999999993043891,0.3034505893626347,-0.004214597614802774,0.43396647536847904
AMGN,2019-11-01,174.41476383247036,178.5826226182469,174.20311965404167,177.41854858398438,3685500.0,0.021800327684131742,0.024684583428051753,0.017222078484131237,0.004736047988890257,168.77108764648438,166.051806640625,167.0358445361996,0.06845298568753111,2.4504864501953136,0.008236545423245091,3.0159925381174486,0.01100484120210683,0.10673982702724684,82.45706880141685,3.2139234989088834,1.1241964522831704,12.397735595703125,1.7341652432913144,190901900.0,0.12006117631140853,-0.46648451068877517,0.9999999994382933,0.34663903623053643,0.012475918520993945,0.5091424434427981
AMGN,2019-11-04,178.0534978429942,178.95707529072178,174.48804048320508,174.53688049316406,2646600.0,-0.016375553537932824,0.025605103029738906,-0.01975034128748799,0.0035788211778165027,169.70559692382812,166.7535026550293,167.75022891305335,0.04667594811628388,2.902599334716797,0.009524147450583302,3.207289973777985,0.011123521112379646,0.11066795441019472,69.52355071375808,3.4029886719660283,1.050609300272252,9.3450927734375,1.2323552625145802,188255300.0,-0.18732610068728422,-0.12658014283858396,0.8381347864979215,0.04282638539510984,0.00709225626372762,0.4407146294897664
AMGN,2019-11-05,175.76606034927124,178.67216505526054,173.54375302309,175.082275390625,3012000.0,0.0031199396868826145,0.029291440385547658,-0.0038903128242589505,0.007042522202952529,170.53997802734375,167.52683334350587,168.44851905377445,0.04509989173869867,3.5184965515136923,0.009249491985757934,3.410798255493802,0.011611386590180192,0.11103326308814887,74.534945532486,3.5558434441362863,0.962771257954008,8.34381103515625,1.3712319007177116,191267300.0,-0.2917133396215076,0.2566196065335295,0.8650045049340325,0.04874894732760888,-0.0017047712738263658,0.36960395946219565
AMGN,2019-11-06,175.38347017369495,177.93139835092367,175.38347017369495,176.15679931640625,2540200.0,0.0061184950952868624,0.014463978609490022,0.004409361623107472,0.001720304253517106,171.6047332763672,168.32906112670898,169.1826409835489,0.04650259519837145,4.159383697509753,0.009247303851871167,3.4264982403076414,0.01162536184900963,0.11139193289779208,75.5168195445253,3.7207960324330145,0.9021790770005884,10.647552490234375,1.124514703864219,193807500.0,-0.3459524175227189,0.28596452790149796,0.919564212346348,0.053255447027147865,6.771895545553788e-05,0.3894529998901843
AMGN,2019-11-07,176.5719534482186,177.87439918231541,175.39160773191912,177.45111083984375,2498300.0,0.00732063546442558,0.013991411147812445,0.004979031915637516,0.002356730670762662,172.82008514404296,169.1150100708008,169.97011430319606,0.04929249488589457,4.774873962402353,0.009184433137379086,3.4113799201775157,0.011670399410019282,0.11444670650380048,79.46735134149677,3.910880078894877,0.8738104987699602,12.153518676757812,1.0773317464219028,196305800.0,-0.31280803454850353,0.3590633752568117,0.9999999992853684,0.03546989178977755,0.004002428321884145,0.3616369004191887
AMGN,2019-11-08,177.63021412999325,180.10486992832972,177.01968914718535,179.99090576171875,2069900.0,0.014211186978908698,0.017140759240517934,0.013289921668381829,0.0010093106168895503,174.29022979736328,169.94166107177733,170.92447539448395,0.059133496910430766,5.371479187011715,0.00934401113765447,3.467198836384611,0.011611223615672192,0.12283437798295144,81.54054783561679,4.217842615287822,0.9446184281303238,14.701446533203125,0.900404766720824,198375700.0,-0.3134714572939743,0.19573437145494646,0.9999999993320015,0.02983549349747125,0.0031001469741861747,0.3190993290389552
AMGN,2019-11-11,179.28271712621614,180.2107146879704,178.02909875786867,179.65716552734375,1364300.0,-0.0018559272623106108,0.012143216908148877,0.0020885917344949352,-0.003934580097286389,175.56744995117188,170.66655883789062,171.75616016904203,0.052679369354326475,5.8997058105468625,0.009363805855511848,3.4410332421717698,0.011471923286155655,0.12932230776552445,79.03401476254686,4.383650593875899,0.8883411253747209,12.772201538085938,0.5970260288119869,197011400.0,-0.12665512695174758,0.09831813910718391,0.9777062006760411,-0.023950340753353713,-0.002636404629414243,0.42783150849169266
AMGN,2019-11-12,180.15371704101562,183.36914625965312,178.9815070404313,180.15371704101562,2704500.0,0.002760071209378468,0.024354974692100802,0.0,0.0027638837127055755,176.5703369140625,171.34424209594727,172.55592749018237,0.0514138954265842,6.3203169250488145,0.009308854250390916,3.588721776572681,0.011835503802541437,0.1357796586876801,84.03338160763349,4.5032119446423735,0.8063219809129563,10.02886962890625,1.152938618647807,199715900.0,-0.028864846139547883,0.1681851052753782,0.9999999993391883,0.012934674724574137,-0.00013085104187123082,0.39972442281343123
AMGN,2019-11-13,179.4373559100962,180.46304582651877,177.89883345662486,178.81869506835938,2333000.0,-0.007438054193492993,0.014339733152138559,-0.00344778175424509,-0.003976388290430577,177.28587188720704,172.01418991088866,173.15238154524684,0.03955781299784491,6.7729179382324105,0.009329457079164908,3.618376423391727,0.011847406069808282,0.13648576976231128,79.8634285487042,4.439069233667567,0.5937434159505197,7.1553497314453125,0.9825350499269311,197382900.0,-0.03169455489717078,0.15273818918701282,0.9117801859364313,0.005628406790597426,-0.0006842294174321024,0.3231073138836418
AMGN,2019-11-14,178.81871387639532,179.244827407197,174.99191953259302,179.04815673828125,2749300.0,0.0012823858941364353,0.023752871585383306,0.0012831031882072819,1.051793602411611e-07,177.83142547607423,172.68136978149414,173.71388394458347,0.03687014392371019,7.2398149108886685,0.009335466813856299,3.794235332670703,0.012091312088650084,0.1360376232767562,80.09397085955501,4.356531923995391,0.4089648850226748,5.455535888671875,1.1254270036166105,200132200.0,-0.024367935193935653,0.14315678183835548,0.9269432814646014,0.013359724353109788,0.0008152041110054987,0.34006331967406506
AMGN,2019-11-15,179.9413299344067,181.03937960501304,177.9910657815812,180.98202514648438,2028600.0,0.010742916035885102,0.016843185509525474,0.00578352517710656,0.004988452338166302,178.18777313232422,173.47943038940429,174.40608786857405,0.043247748394372926,7.800217742919898,0.009254571774066975,3.8200925771704015,0.012107019341719556,0.1351510590071971,80.38431913722235,4.39648755810893,0.35913641530897067,3.5634765625,0.8306598066052319,202160800.0,-0.23197548846940724,0.2931808523278693,0.9999999993666973,-0.01635684745585418,0.008402529851693739,0.3156554730057609
AMGN,2019-11-18,181.1459064484712,181.58020985185775,179.62994574915683,180.82632446289062,2239500.0,-0.0008606804866355526,0.010785288638110591,-0.001764224165184169,0.0009055114830005379,178.81671752929688,174.2611572265625,175.01753897279468,0.037674300692222266,8.259647827148427,0.009303323216000896,3.5907565233593965,0.012047818213847004,0.13174027152914292,76.60240605564971,4.365268840183461,0.2623341579068006,6.2894439697265625,0.9045086088863579,199921300.0,-0.20316265900716024,0.20971997524423372,0.990078060254235,-0.02656023678966894,0.0002954604497024932,0.49266755339577434
AMGN,2019-11-19,181.29337544174436,184.11224577409155,180.85086970387817,183.96475219726562,2551600.0,0.017207137848128492,0.017728266046944666,0.014735104076539567,0.002582870498756298,179.70496520996093,175.12247161865236,175.86965451798238,0.05049198139384572,8.646841735839843,0.009683837543247368,3.427751991275792,0.012142371592902226,0.13345179622872996,78.32641264009749,4.541421984833789,0.3507898420457032,8.882476806640625,1.0219992590144893,202472900.0,-0.19034886515830118,-0.10586788574386909,0.9999999994645331,-0.03178675291367345,-0.0022645611133645235,0.33228515854351415
AMGN,2019-11-20,183.86648854755717,185.64467704384046,182.84218555405076,184.79244995117188,3524300.0,0.004489128017473532,0.01516561683407634,0.005036053121638893,-0.000534143897321639,180.5685302734375,176.08663177490234,176.71944455923853,0.0494405400825571,9.10355865478516,0.009241065134538554,3.3912792800792073,0.01216987571883413,0.13091854621701768,77.1681050373325,4.693706782408924,0.40245971169666994,8.635650634765625,1.364632540850306,205997200.0,-0.2940661093386847,0.43027142691344245,0.999999999487258,-0.09665471917227658,-0.000378868524304965,0.2636113831961023
AMGN,2019-11-21,186.11174411668503,187.48841377833864,184.39092266924058,186.68536376953125,2659300.0,0.010191349965752808,0.016592040460772305,0.003082124965131598,0.0071393293712040526,181.49195556640626,177.1560203552246,177.66857972212352,0.05379068346194997,9.597688751220687,0.009150608545595905,3.2560999472549605,0.01224989453935572,0.12732027714530164,74.80533463164704,4.910530369638536,0.4954266391410256,9.2342529296875,1.0017988152305968,208656500.0,-0.4807426455510554,0.6887784523873385,0.9999999995326208,-0.13034462795826668,-0.000805946578923351,0.2274114263360824
AMGN,2019-11-22,186.8983903498493,189.1846287314649,186.6935297868348,189.07810974121094,1975000.0,0.012735555641240182,0.01317497275617804,0.011662590497871493,0.0011410995271222523,182.40067596435546,178.34545288085937,178.75520162870328,0.060179032809551565,10.18794158935546,0.00914470119956232,3.115402101141886,0.012292358103572522,0.12361554126159853,89.97005309912676,5.215320261993611,0.6401732251968797,9.087203979492188,0.734965763620125,210631500.0,-0.6756842598343278,0.8991207878444992,0.9999999995494104,-0.10148190020178154,0.0012162786871743971,0.33000528043374977
AMGN,2019-11-25,189.3567228085488,193.22449135503743,189.3567228085488,192.19198608398438,2637400.0,0.016334591216619045,0.02012450480010384,0.014973132368277221,0.0014735342325940984,183.65415802001954,179.6108039855957,180.0348953863491,0.07004691153989624,10.76920455932617,0.009381135508172505,3.045257071260169,0.01240044847577531,0.12572426892098543,91.21106584791075,5.64308230457857,0.854348214225471,12.534820556640625,0.9638105122367464,213268900.0,-0.6843760866813686,0.6616678347391807,0.9999999995468375,-0.08835416302403282,0.007358990742457998,0.4521992820210885
AMGN,2019-11-26,191.73308696850083,192.478782388942,190.11878479620333,192.06906127929688,3300800.0,-0.0006397984376723306,0.012287234482324454,0.0017523022035901552,-0.002387712020848863,184.84569244384767,180.70801467895507,181.1810064237727,0.062869633206506,11.227767181396473,0.00906502812852088,3.0103195450058826,0.01182249711607491,0.1291368318983051,90.168203045435,5.904108908456919,0.8922998544830563,11.91534423828125,1.232345331476552,209968100.0,-0.5706332203244843,0.6611742003977729,0.994012033424806,-0.15718188813468403,0.0009751230320091204,0.5114517616212557
AMGN,2019-11-27,192.2821252345732,192.7983778700997,189.98769686267045,192.19198608398438,1579800.0,0.0006397984376724381,0.014624340300021856,-0.0004687859075764156,0.0011093090883933922,186.18302154541016,181.73444671630858,182.22967115331664,0.05754296753658506,11.585740661621088,0.009117167174259195,3.0337402276510943,0.01113896866502527,0.1312554980630104,89.55020281567437,6.051139606359953,0.8314644419088717,13.373291015625,0.6152384253354545,211547900.0,-0.421811065821293,0.46105372712088294,0.9999999994623472,-0.14316867012755832,0.0036885182485342917,0.47787297680606106
AMGN,2019-11-29,191.85602485395117,192.9540745073274,191.54463278663374,192.33949279785156,945600.0,0.0007672023186830268,0.007327885189834468,0.0025199518454967966,-0.0017480501496373376,187.51215515136718,182.6717903137207,183.19251130993902,0.0529238940918439,11.861606292724588,0.009083157425924481,2.9140445804760424,0.010880071122814765,0.13331746439198255,88.011178694723,6.109142659027128,0.7115739956608369,13.291336059570312,0.38560112548551856,212493500.0,-0.25682592257343634,0.41711342791535916,0.9999999994382847,-0.2117304298258385,-0.004579103922680672,0.6600090018886346
AMGN,2019-12-02,192.19198633046395,193.2244916028412,190.626861082701,191.32337951660156,1633600.0,-0.005296919406909256,0.013577172464250756,-0.004519474669296886,-0.0007669068127503266,188.5462905883789,183.36703186035157,183.96687971057355,0.043390284368617436,11.936694335937517,0.008446284442931327,2.9437599083359323,0.01051483681400941,0.1363098575318239,84.46294551699579,6.003909317068064,0.4850725229614188,10.341354370117188,0.6952436076401893,210859900.0,-0.3516062190827925,0.27798963649887976,0.9429233601626157,0.09343861835072498,-0.008639007769749395,0.4033539190612686
AMGN,2019-12-03,189.68445928923865,191.0775083987618,189.11085230339904,190.74154663085938,1825400.0,-0.0030457301662769032,0.010310580626510382,0.005572872683306327,-0.008566230805162544,189.53781280517578,184.17726516723633,184.61208608393412,0.035641106179215766,12.151761016845711,0.0072238361615869825,2.788394765048839,0.01004779493051644,0.1323092302302619,81.12050762714449,5.806626903655513,0.2302320876390933,9.91522216796875,0.7906888097651411,209034500.0,0.33402531208417413,-0.8582981674544932,0.9074041811980024,0.1510578450353703,-0.007648791113194941,0.9553239171881626
AMGN,2019-12-04,190.70880267750854,192.4788010436073,190.1106133004862,191.6511688232422,1908500.0,0.004757537846993956,0.012356761284901173,0.004941387772892681,-0.0001716666029462383,190.30645446777345,185.00570983886718,185.28247491624919,0.03592029127189074,12.347147216796856,0.007217030058963445,2.7743930059936384,0.009403559380854624,0.12787004309973257,88.68554815976742,5.658450977967902,0.06564492956118606,7.6864166259765625,0.846925485201547,210943000.0,0.29738812480392046,-0.8660643774408641,0.957465425333969,0.1473601864974692,0.007650189655984397,0.828186718168968
AMGN,2019-12-05,191.49544928491127,191.5610061612063,189.66809668408447,191.26600646972656,2083600.0,-0.00201172738265625,0.009896737596293366,-0.0011981632777254211,-0.0008125154638348802,190.9538101196289,185.76117019653321,185.85233506419942,0.029633944851710902,12.469275360107446,0.00735173598623387,2.612261882033191,0.009298054876675921,0.12241321590748665,86.49010763253092,5.447149754679032,-0.11652503498214806,6.4735565185546875,0.9340921674067466,208859400.0,0.42399651012343514,-0.9200819115610851,0.9278977164589335,0.1387253882634814,0.00035347564149148115,0.8328682876462374
AMGN,2019-12-06,192.3066875302477,192.56891503334356,191.0857266670823,191.56100463867188,1860900.0,0.0015411568085559376,0.0077426424499020255,-0.003877571295894416,0.00544101421747338,191.44137420654297,186.4666648864746,186.39601788081583,0.02732037790936427,12.524467010498029,0.007333363676077429,2.5004672065210065,0.009163447265981917,0.117357996114484,85.02405648272197,5.243057199999015,-0.2564940717297324,4.875640869140625,0.8463464385365288,210720300.0,0.5517193191631873,-0.8002028107425468,0.9424229114155119,0.1236997506818509,0.01045614486551613,0.6092168699830122
AMGN,2019-12-09,192.5361682774181,192.60991508351847,190.62686621829386,190.78256225585938,1867900.0,-0.0040719579237978795,0.010394287831008063,-0.009107930407299025,0.005090616644998398,191.6118194580078,187.00624771118163,186.81378401177236,0.02019352075610867,12.422152252197264,0.007102131368912059,2.5028089752727,0.008973094979214401,0.11398268188480476,81.65697296437104,4.9613077183586825,-0.43059484269605264,1.7044525146484375,0.8534504225216972,208852400.0,0.7734726517192371,-0.2968278700704478,0.8848492091968337,0.20487940075561054,-0.0014698742389518222,0.5897434542726433
AMGN,2019-12-10,190.04505002537658,192.66726279232705,189.7090756933166,191.61837768554688,1494700.0,0.004371415827590859,0.015437909112584929,0.00827870896905869,-0.0038657213833500756,191.55445861816406,187.60430831909179,187.27136436165563,0.02139646686379746,12.338316497802737,0.0070169721422639235,2.4793993886876655,0.009064142134689743,0.10933846025639771,78.51026871684806,4.750699438320879,-0.5129624981870853,-0.5736083984375,0.6809055355747745,210347100.0,0.6729281706878921,-0.3161359489929696,0.9466662295969105,0.19018957038500442,-0.0007019631753896919,0.5623233168487182
AMGN,2019-12-11,191.77406751682656,192.54434522739572,190.95462527216938,191.75767517089844,1754100.0,0.000726688536979083,0.008290254634186358,-8.547738565688348e-05,0.0008124994750512944,191.52332000732423,188.18450622558595,187.69863205777398,0.018987583074608474,12.228622436523438,0.00703916493819455,2.3927728505045684,0.008533494631663627,0.10397780433164477,77.34854957240276,4.542665976287111,-0.576796768176683,-0.3113861083984375,0.8167550968619115,212101200.0,0.7121381712855374,-0.30620963124705314,0.9569686901495668,0.1930457176658937,0.0025364192388112345,0.5492207059225555
AMGN,2019-12-12,192.22477137361122,194.40449083737948,191.79865788735123,193.38018798828125,1851500.0,0.008425670760274817,0.013475180560824413,0.006010758168229756,0.0024358670509354867,191.64214019775392,188.91258087158204,188.2397326225842,0.023649071417515485,12.169558410644527,0.006671059677962447,2.3605817474604964,0.008509481448845389,0.09510624002776644,76.85712746655958,4.457339745296508,-0.5296983993338289,1.188201904296875,0.8718808421667287,213952700.0,0.6996192645641297,-0.4839365217065038,0.9999999993022621,0.15449041606703817,0.010147331344829104,0.5156205181121881
AMGN,2019-12-13,193.06060255379467,195.12558805805938,192.68365361042763,193.99476623535156,2041200.0,0.0031730433576612252,0.012587630558389568,0.004838706961440253,-0.0016526275923671682,191.80766754150392,189.65991134643554,188.78783106189536,0.022855936492545956,12.17297470092771,0.006644700929389574,2.3564867107246465,0.008054372097218805,0.0838999143733053,73.00597465057433,4.388719000038321,-0.4786553156736133,1.6552734375,0.9775089612171451,215993900.0,0.6641077941719813,-0.4854727569313828,0.9999999992406087,0.1759495142534686,-0.0017784046885804092,0.5091121819165968
AMGN,2019-12-16,196.25644167795235,200.3782356740661,196.25644167795235,199.2883758544922,3047600.0,0.026921720122103095,0.020682561029667007,0.015448839032326373,0.011658435361379591,192.60416717529296,190.57522888183593,189.78788294690457,0.04572024928832043,12.286860046386721,0.008335423979548574,2.51627869821665,0.008213599341023777,0.08358652621105975,77.57948533048368,4.707224664966446,-0.12811972059639043,7.964996337890625,1.4247013367677754,219041500.0,1.2434341604904278,1.3468764836927447,0.9999999994583484,0.16234084409489602,0.007286997322426872,0.6958366532267904
AMGN,2019-12-17,199.59976952713495,200.7551862439172,197.7150496174891,198.99337768554688,2382500.0,-0.0014813544445302247,0.01527757688113717,-0.003038038786440787,0.0015625280265725348,193.42935028076172,191.48358154296875,190.6645967315372,0.03921900813669987,12.425404357910168,0.00835894346461456,2.564860057765896,0.008340228054582267,0.07737136750316163,76.5555581564102,4.879589936946189,0.035396441106682275,8.2518310546875,1.1100679552618153,216659000.0,1.2385464944892983,1.3227730473971402,0.9807487977157622,0.0737398686003797,-6.416881349545291e-05,0.700082421048266
AMGN,2019-12-18,198.4771122828759,199.30474445157972,197.50197400768934,198.255859375,2956700.0,-0.003713130644992009,0.009093150888824172,-0.0011147527557765495,-0.0025943848417246318,194.0898193359375,192.19813690185546,191.38757412615269,0.031518112354220515,12.367155761718749,0.008017727465601933,2.492866446084548,0.008080079268888606,0.07393165382827997,72.20872294338426,4.90019272142294,0.044799380466745475,6.6046905517578125,1.364723150490187,213702300.0,1.5504399848523098,2.7311866279816006,0.9287719531911095,0.10942553956687702,2.6474864393686702e-05,0.8185636604244605
AMGN,2019-12-19,198.94421274616724,199.37032626923153,196.60879704703,198.17393493652344,2070800.0,-0.00041331121332632587,0.013934876062717608,-0.003871828182439254,0.0034720455341762254,194.78061218261718,192.86721115112306,192.03389420333087,0.027514909111441666,12.27499618530274,0.008069546053314017,2.5894441247636815,0.008038875765594408,0.06922554411166433,71.47158580413299,4.853956569195191,-0.001149417408803366,6.907928466796875,0.9889939322156129,211631500.0,1.6140215292598772,2.812040223546159,0.9115734461276652,0.1297208955523949,0.004008684075514146,0.7956540120058306
AMGN,2019-12-20,200.41098019755788,200.41098019755788,197.23973045475518,199.17361450195312,5091600.0,0.0050317747073654745,0.01592203741812198,-0.0061741412291133,0.01128829208417838,195.5418731689453,193.49162368774415,192.7138675651044,0.02936556480283892,12.150579071044945,0.007924410332911396,2.6304169263824315,0.008012912125390096,0.06797712348926692,78.92498001288621,4.842162437265358,-0.010354839470908317,7.61260986328125,2.2982134635696423,216723100.0,1.7786095861217857,3.532636608571506,0.988760198690866,0.07137918092108374,0.00558347835837835,0.8250254527292411
AMGN,2019-12-23,199.92754612063717,199.9439384690882,197.96907935463298,199.14907836914062,1686200.0,-0.00012319726333779254,0.009916486335902846,-0.003893749343708838,0.003785298673066237,196.37852478027344,193.99517211914062,193.32674478453643,0.026567188212471466,11.940303649902347,0.007626774408788192,2.613440633614768,0.007925601626805685,0.06902013125197315,82.30511257035647,4.775783383850808,-0.061387114308367074,8.36651611328125,0.7660993539359024,215036900.0,2.1587858471877666,5.374094546251911,0.983701851114164,-0.06292860456914906,0.001775722068836874,0.8372004502648688
AMGN,2019-12-24,198.97695536227792,199.2063981714747,198.07556396636542,198.57542419433594,612800.0,-0.002884683085439963,0.00569473392640257,-0.0020179782488425027,-0.0008642922592072443,197.07422943115233,194.3143440246582,193.82661901404117,0.021928798880318456,11.591151275634758,0.006977939821628274,2.525058238042494,0.007485088514085535,0.07140074542452107,77.31089503624295,4.623590534509049,-0.17086397092010142,6.9570465087890625,0.29183870768029185,214424100.0,2.798638973281401,9.848399968612645,0.9165829045290037,-0.017603595769045383,-0.00042823617239278844,0.7443205467883471
AMGN,2019-12-26,198.89503217074142,199.64891757157008,197.74781797463194,198.22308349609375,1098300.0,-0.0017759179231619277,0.009590707416150158,-0.0033784085369755836,0.0016095041856372628,197.72077026367188,194.62204513549804,194.24532991709378,0.01850272592752083,11.26639175415039,0.007002174834566321,2.519203056455382,0.007411661204330215,0.07257719951908738,77.51158235692364,4.423553681922783,-0.2967206588050937,6.4654083251953125,0.5520024727780807,213325800.0,2.7918692890772436,9.778589666427449,0.8753581779537161,-0.002426070909764111,0.002869483934020731,0.7306856314867105
AMGN,2019-12-27,198.50168556970476,199.11626722757,196.79724427144828,197.9198760986328,1085000.0,-0.0015307981592354442,0.011716978616973513,-0.0029310051922337163,0.0014054976277094488,198.17473907470702,194.90843963623047,194.59528669628799,0.01545051855128886,10.902783508300786,0.00703458044701711,2.578905527159701,0.0073156244718073395,0.07297807036625222,75.1296780270367,4.1922312992509205,-0.42243443318156526,4.5396881103515625,0.5521839255951245,212240800.0,2.799865792182041,9.749076806346828,0.8398821681759872,0.008298983840050811,0.00012513265739260806,0.7471844947891467
AMGN,2019-12-30,197.81336669422046,199.10808703177764,196.1744820902793,196.8874053955078,1454400.0,-0.005230263499072357,0.014899911630230047,-0.004680984476362508,-0.0005381440536031416,198.46400299072266,195.13583526611328,194.8135837152613,0.008976158207977853,10.506522216796867,0.007192536249523682,2.6468023897506816,0.007518134501159084,0.07232691811894132,73.65091976160328,3.880858763298562,-0.5870455753071386,2.89263916015625,0.7307202447792239,210786400.0,2.710765952553484,9.217298787858464,0.719080561533128,0.024711688619636973,-0.005560881127827319,0.8091950858349183
AMGN,2019-12-31,196.89558709760863,197.86253547549035,195.43698086128762,197.54295349121094,1748300.0,0.003324027598473606,0.01227861875777129,0.003287866443047235,4.155523348168494e-05,198.28946075439453,195.44681396484376,195.07352369392316,0.01072485902351024,10.167058105468755,0.0070405964006190385,2.6087572122644156,0.007480803289702007,0.07056362367794211,73.27767406112449,3.6449740460325017,-0.6583442340585597,-1.74542236328125,0.8758579229497521,212534700.0,2.733085518064639,9.446709208238673,0.7957812978861446,-0.021642620966090226,0.0030515754847896238,0.8509814747221848
AMGN,2020-01-02,199.12445477316643,199.28015079189313,195.8302936252669,196.74807739257812,2088000.0,-0.004031931305534037,0.017534388200107356,-0.01193413126125252,0.00800586026484544,198.06493072509767,195.74714050292968,195.23300499855696,0.005113417683020828,9.836258850097664,0.007078196628374474,2.741624155935836,0.007715684425966283,0.06689512517169839,68.64671076562745,3.3552169970467105,-0.7584810264354811,-2.24530029296875,1.039204073202172,210446700.0,2.699934782358687,9.280834452280132,0.7013456220888927,-0.015557444507432737,0.009067424772177837,0.7470822692285457
AMGN,2020-01-03,194.33893191797839,196.8791954549026,193.58504652938623,195.4123992919922,1879000.0,-0.006811921878257054,0.01685742019161298,0.005523686702502121,-0.012244823464234875,197.78058471679688,195.9352020263672,195.2500901693603,-0.002668243015895896,9.450841674804707,0.00727283293141656,2.7878622458669304,0.00786780025539774,0.06391640978860301,57.759718656814684,2.983413454950721,-0.9042276548251764,-2.8434600830078125,0.9358711595787335,208567700.0,2.660470511014161,9.078727959409644,0.5443144241291448,0.04290103298989375,-0.005390837940112052,0.7962791934498288
AMGN,2020-01-06,194.37172623368065,197.03491391659324,193.8472836208858,196.91200256347656,1802800.0,0.0076447479061925614,0.0161880954650282,0.013069165865934144,-0.005325522137193196,197.65439147949218,196.21750183105468,195.40836754022854,0.0035394433521014797,9.105086364746086,0.00738362613211472,2.8411262350151936,0.008057373172892594,0.059855877407644746,60.43387144307279,2.7777418415756756,-0.8879194145601779,-1.261932373046875,0.9042415791625182,210370500.0,2.370773718435106,7.58096148256614,0.7206177550606363,-0.008897078082144468,0.0034561015714667112,0.8054895710592687
AMGN,2020-01-07,196.10075391717308,196.6661711598494,194.69131202356496,195.06005859375,1518900.0,-0.009449437516201543,0.010124364518917016,-0.005306941980766874,-0.0041198537201508,197.24303588867187,196.3924545288086,195.37519525961153,-0.006784354003086975,8.684789733886731,0.0077742950403709085,2.543784885100698,0.008104321200396175,0.055846410587038126,29.937722355516883,2.4372145133797005,-0.9827573942049224,-4.113555908203125,0.7684349253648283,208851600.0,2.1055635578978857,6.478042475808723,0.5028909090541629,-0.0705963666589445,-0.0017466742821517216,1.0516129288549756
AMGN,2020-01-08,194.9699047744711,196.3219921017676,193.8882474163314,195.20755004882812,2214700.0,0.0007558478276637699,0.012467472107648593,0.0012188818301568864,-0.00046218492872832995,196.84888305664063,196.61370391845702,195.35922904906073,-0.007151860941555116,8.307677307128898,0.007685420648628461,2.5004711750298463,0.008158106464869525,0.04935078694791621,31.782216021734342,2.1544107738776574,-1.0124489069655724,-3.9415283203125,1.1107071122467658,211066300.0,2.090977791576497,6.6045108428099955,0.467949571765712,-0.04896965274679974,0.0028691658831772266,1.02975189656947
AMGN,2020-01-09,196.41212129082308,196.41212129082308,195.00267957468938,195.78933715820312,1629000.0,0.002975919030426087,0.007198766473144714,-0.003170802944986336,0.0061707205571385456,196.57027435302734,196.82225189208984,195.4001917261219,-0.005247957098128422,7.9381378173827954,0.007661010700340331,2.472376265904369,0.007948116132552797,0.04340245684885428,37.950246293667924,1.9546995704700407,-0.9697280882985515,-2.7860870361328125,0.8142272338766513,212695300.0,2.137979786934977,6.828300895768245,0.5353634610301747,-0.048721950135232894,0.007016091254438083,1.0310600790577134
AMGN,2020-01-10,195.5844749217608,197.42822002850605,194.70767819514205,195.2403106689453,1777600.0,-0.0028081085569157415,0.013934324443772367,-0.0017596706126760005,-0.0010463401093022218,196.2719970703125,196.9963836669922,195.38496495877177,-0.00891423977109847,7.609960327148428,0.00771070577975291,2.4694485952731173,0.00808734417384454,0.036945878163640054,36.29383651098729,1.7321579154324525,-0.9538157946689121,-2.9827728271484375,0.8879808376772428,210917700.0,2.165634779962619,6.8090758500380435,0.31483810597048983,-0.05366139278784516,-0.0028997339111938593,1.0139016407704362
AMGN,2020-01-13,195.24032265710454,195.29768962127795,192.39685680647816,194.14227294921875,2004400.0,-0.005639906233625396,0.014941788672467851,-0.005624092876625021,6.140207003709528e-08,195.89423675537108,197.03448791503905,195.26661333881435,-0.014678724503638264,7.198486022949197,0.007629277946793852,2.450133100415767,0.008133853710179554,0.03545254446619105,26.7071864730532,1.4504694739811157,-0.9884033888961992,-3.7776031494140625,0.9974670189948693,208913300.0,2.451003419385236,8.276314282364847,0.027865053186994077,-0.05451956084002108,0.006694615079222672,0.8637798095652865
AMGN,2020-01-14,193.22449777814424,197.22336771903016,192.70824512545659,196.66615295410156,2239100.0,0.012916380130740594,0.02295831044514981,0.017811691661938998,-0.00472733298695112,195.87211151123046,197.16805725097657,195.39990282598455,-0.00254556596982712,6.870584716796884,0.008129191778245943,2.6315804917813637,0.008542370014037464,0.032407371618082555,40.66537478817667,1.4145789920486038,-0.8194350966629687,-0.22125244140625,1.1088029276240043,211152400.0,2.0486389343932836,5.425027436474852,0.4904449146152971,-0.2899011245683699,-0.000311927517973188,0.8330418439404547
AMGN,2020-01-15,197.2151795213851,198.79670968380603,196.70712928966205,198.0592041015625,1920700.0,0.007058360483267529,0.010550281687855649,0.004279714077921075,0.002791667803720484,195.92373657226562,197.1065986633301,195.65316961413484,0.004832945445218289,6.39631301879885,0.005475543712246376,2.7029892435381635,0.00819726403190967,0.031129119542251837,48.171888222077406,1.481465697545076,-0.6020387129331972,0.5162506103515625,0.9784314125030564,213073100.0,0.7346321297091111,0.46492676336728445,0.7785063096004601,-0.16448372135108288,-0.0010634492731562716,0.3219197428594275
AMGN,2020-01-16,198.45250835100464,199.8209878445086,196.54321900558253,197.0758514404297,2085700.0,-0.004977309289263493,0.0166320166320167,-0.006936958983355586,0.001985791325509198,195.95651397705078,197.0107223510742,195.78866312140102,0.00033058652127278493,5.849657287597637,0.005569870934357877,2.8013227608230165,0.00824192211107482,0.02981207168135034,46.11106570817035,1.4385429246380568,-0.5159691886721731,0.3277740478515625,1.0705779694076583,210987400.0,0.7683430709166144,0.3467429928664629,0.5830608903476293,-0.22275584175368343,0.00838931025453435,0.18467413280081918
AMGN,2020-01-17,198.39516567753088,198.41974794498668,196.06795266460713,197.88711547851562,2582800.0,0.004108056941797668,0.01188452959503005,-0.0025607992880282027,0.006694449002545531,196.20398559570313,196.99228515625,195.9885157268405,0.0045424637901725915,5.375123291015626,0.005605158005646366,2.8036636411271467,0.008306874847633742,0.02952629672671319,49.89264452487077,1.4532365395053262,-0.401020459043923,2.4747161865234375,1.3385816569534674,213570200.0,0.5642077144865735,0.03946254081215391,0.7443029821377644,-0.253071720271035,0.0016608143609425086,0.16380116051510765
AMGN,2020-01-21,197.46102540382557,198.31323995191278,194.4208887633135,194.6995086669922,3094200.0,-0.016239355430104897,0.019991581978034762,-0.01398512304484308,-0.002153197663525051,195.98273620605468,196.81856384277344,195.86575314971208,-0.01076654119615486,4.830547790527362,0.006654918918799141,2.8721455159200695,0.00851949015350901,0.03072692221272217,43.71768718212951,1.1939055059093846,-0.5282811941118919,-2.212493896484375,1.5621947063501078,210476000.0,-0.08518933756904144,0.5291784933013941,0.11075290970120452,-0.3086800530365639,-0.0034459012543355317,0.38234871386931396
AMGN,2020-01-22,195.64184476858458,196.42031243551077,193.19170784481153,194.00296020507812,1998200.0,-0.0035839711001756534,0.016642037767291368,-0.008376963350785256,0.004839951102311872,195.8770263671875,196.56003112792968,195.68834429784218,-0.013009109268950513,4.240978088378881,0.006530196999256821,2.929506228526963,0.00854092748071473,0.03113513410307161,39.85916293301278,0.9215550409631987,-0.6405053272464623,-1.057098388671875,1.0943014942456346,208477800.0,0.08273372296701072,0.7938584495005251,0.0,-0.2287655463550549,-0.0012103689472325522,0.3390904735012922
AMGN,2020-01-23,194.25699205553084,194.25699205553084,190.9874252401973,192.60171508789062,2088700.0,-0.007249013490049385,0.016975792836743612,-0.00852106763378194,0.0013094225479043482,195.61644287109374,196.2326629638672,195.3943796111801,-0.018503279836981825,3.6613937377929915,0.0066549752184883,2.916628346291771,0.008738801562867682,0.033493517736654196,38.52091982690302,0.5858927580420925,-0.780934088134055,-2.6058349609375,1.131393780502998,206389100.0,0.21447955745539865,0.5564315579814222,0.0,-0.20582987173631265,0.0020810926415318174,0.32289727493060233
AMGN,2020-01-24,193.22448193042484,193.29003880980977,183.9647821542172,184.85797119140625,5019900.0,-0.04103659730774168,0.050445520934214845,-0.0432994341888372,0.0032334439091055308,194.52330627441407,195.5467903137207,194.39091214263024,-0.054661184185974605,2.871504974365223,0.010898937767717356,3.3474217555829284,0.010948771298274072,0.06042327343402744,28.4326937407901,-0.3015019084451751,-1.3346630036970581,-10.931365966796875,2.4291974052557848,201369200.0,-1.963603236203599,6.440873024973642,0.0,0.034803652940256447,-0.00936477865302195,1.1118620241465351
AMGN,2020-01-27,183.29284574377408,184.31714860805312,181.2360500936327,182.6946563720703,2843600.0,-0.011771592082285091,0.01686474347747497,-0.0032635718501527306,-0.008466637589631459,193.26874084472655,194.77036895751954,193.27698302162452,-0.0619997417989335,2.044264831542961,0.011040648361915081,3.3784425271590783,0.011106282169227379,0.08318755063975457,21.714984791174643,-1.165890343179143,-1.759241150744821,-12.545654296875,1.3203017991874637,198525600.0,-1.7630553440373484,5.551717221602827,0.0,0.1491887859774435,-0.01655463415185916,0.8644673321959736
AMGN,2020-01-28,183.20269511432497,185.76754064823146,182.61269574143444,184.24337768554688,2103900.0,0.008441373562443235,0.017123247231069994,0.005680498153001977,0.0027808078919396473,192.2788513183594,194.08654403686523,192.4166396562838,-0.05071534660047698,1.2519462585449332,0.011380558534998777,3.445167839079466,0.011232340056002715,0.09495013928686698,28.217709215473477,-1.7062865295089864,-1.8397098696597314,-9.898895263671875,0.9542816580071166,200629500.0,-1.6797236419192907,4.9668857159818645,0.100798366456034,0.10399658480428203,0.007183071722266029,0.9195624774105331
AMGN,2020-01-29,184.78426231360461,187.59494376076785,184.37454111113544,186.13633728027344,2001100.0,0.010221812914899792,0.017301310945983143,0.0073170461041436735,0.0029357072957101426,191.22586975097656,193.54899063110352,191.81851562047328,-0.038298589554302036,0.5726292419433605,0.011778574675354075,3.5107265097783795,0.011295989741064397,0.10089719175224077,32.93251163161918,-1.9592236704500863,-1.674117608480665,-10.529815673828125,0.8965381289678006,202630600.0,-1.6407252134717085,4.507118316406979,0.22400144583213585,0.1673649869461986,-0.0030347111122911792,0.8732642111318248
AMGN,2020-01-30,185.19395267487963,185.9888126755941,182.989650972096,185.31686401367188,2581600.0,-0.004412262934925344,0.016183965336672348,0.0006636898074529931,-0.005062872833770353,189.9516357421875,192.93768615722655,191.19931070553983,-0.03949887808514716,-0.12537200927735626,0.011695581786778002,3.634815409210075,0.011385157070522327,0.10605644856430776,30.470712499558957,-2.200437546637687,-1.5322651877346125,-12.742340087890625,1.1354205379349473,200049000.0,-1.5740037332167343,4.466663492216436,0.17066611305854348,0.158251750814856,0.004659112418604307,0.8304633413845904
AMGN,2020-01-31,179.2611937242848,179.5234212630507,172.0910735721814,177.04051208496094,5968900.0,-0.04568855017800267,0.04198105621894359,-0.012387966370119166,-0.03267738379676185,187.94810180664064,191.9523078918457,189.85085369405613,-0.07768489981004402,-1.0350340270996128,0.01494005640584355,4.385190309790539,0.01250447915667066,0.12792179562477066,23.653683715735752,-3.024568372190231,-1.8851168106297251,-20.03533935546875,2.4187718317164695,194080100.0,-1.5556032914146485,2.58558440877637,0.0,0.13944810125916027,-0.019643522787623095,1.346658954373349
AMGN,2020-02-03,177.31911087944138,179.9659058892251,176.63897230036633,177.72064208984375,2565400.0,0.0038343027704389634,0.01872001783100068,0.002264455356283438,0.0015736443099912995,185.93145446777345,191.06772003173828,188.6955954460359,-0.06985522169667091,-1.7947396850586017,0.015067438567974526,4.415626079366179,0.012550159547895642,0.1433551555685384,25.936635250219567,-3.5815315157841496,-1.953663963378915,-20.166473388671875,1.0253151403243728,196645500.0,-1.6215962287136894,2.662653243927871,0.03235834104339271,0.031421228734059996,0.004399675685205322,1.3738282634454262
AMGN,2020-02-04,180.90829872740994,183.43218277211807,180.67065343383337,181.76051330566406,2765300.0,0.02247706862290401,0.015193230301020762,0.00471075447753906,0.017936333112924075,184.63755493164064,190.31014556884764,188.03511143266715,-0.044924731877159015,-2.491675415039083,0.01605790183891188,4.501084514273375,0.012524325998873308,0.147199532245605,29.087220643720443,-3.6548145482121583,-1.621557596645539,-12.938995361328125,1.0843527038234482,199410800.0,-1.2332219935780981,2.119482386878777,0.2245620809672373,0.09797113686289968,0.015033719418001648,1.4253679214279134
AMGN,2020-02-05,183.34203757147017,192.27395426689142,183.34203757147017,190.06146240234375,3669500.0,0.04465754656453144,0.04699488566763289,0.03664966812782486,0.008701143262874059,184.2434051513672,190.06021575927736,188.228097239303,6.5592005218694974e-06,-2.80912719726561,0.019427664969336324,5.099861959382153,0.013993802615639645,0.14550285444447159,40.60096174537275,-3.008395747693129,-0.7801110369012072,-3.941497802734375,1.380697328344085,203080300.0,-0.20116199991994427,2.1307553977727585,0.6194938439034793,0.29825629466248277,0.014419349230782629,1.687888544710366
AMGN,2020-02-06,191.52006498370545,191.65936868126437,187.93090352810088,189.65992736816406,2007500.0,-0.002114893680795947,0.019658687024201277,-0.009712494697094275,0.007674373136590766,183.94922637939453,189.78283462524413,188.36446201348025,-0.000647620514904691,-3.098144683837887,0.019423696349162554,5.132054553256253,0.014141438011403952,0.14346189240213025,41.163885105234876,-2.4996898440564337,-0.2171241066116094,-2.9417877197265625,0.7583040430920673,201072800.0,-0.1767292725552516,2.1284871131847622,0.6003901321372334,0.23905572119398613,0.0025050101740175523,1.685697260324762
AMGN,2020-02-07,189.62710961765734,190.2580710661224,186.56239149657557,187.92266845703125,2295100.0,-0.0092020722846386,0.019665959407083704,-0.008988383380745146,-0.00017303470987320335,184.25569610595704,189.38950119018554,188.3223864366756,-0.007745058326550494,-3.4060917663574344,0.01947382019593043,5.228046288196773,0.014352137644075301,0.14081355163945505,38.383638938103466,-2.211229350140229,0.05706910984367619,3.064697265625,0.8561697492408586,198777700.0,-0.07593783603180462,2.052453981211745,0.5177370865084134,0.23993691516337742,-0.004548848247940803,1.7106944728788704
AMGN,2020-02-10,186.95576386684704,187.61952266179335,185.40701835270113,186.35757446289062,2144700.0,-0.008363268679989266,0.011872360516973785,-0.0031996307125489397,-0.005145225949179717,184.62198791503906,188.94536437988282,188.13526148679134,-0.013695969337407663,-3.73599884033203,0.019526908346290624,5.129710496463263,0.014319547581042997,0.13870144936550355,39.89277818676887,-2.0848791467453793,0.14673545059082072,3.6629180908203125,0.7946232236575195,196633000.0,-0.030278056065700665,1.9889941241616496,0.4432750794453755,0.24466492300760193,0.006289494210012281,1.65806593952065
AMGN,2020-02-11,186.58700157780103,188.03741789051384,185.84950853944358,187.6195068359375,1934500.0,0.006748740635507822,0.011661417237299646,0.005533639800229838,0.001231112368636744,184.95960083007813,188.61922607421874,188.08614199623383,-0.005300197965438954,-3.970687561035163,0.019607184258969946,5.05537512220405,0.014264679570445964,0.13658939720973623,42.370237165972405,-1.8614605457029825,0.29612324130657397,3.376129150390625,0.7176722858669199,198567500.0,-0.1294860896749168,1.9140246571734207,0.5033136570814032,0.24665360102562667,0.0050393171515082415,1.719062874263189
AMGN,2020-02-12,188.03740522013732,188.66017679937107,185.0956106825695,186.0133819580078,2501300.0,-0.008597395032267887,0.019162955263112635,-0.01076393954575133,0.0022273717229479993,184.94730529785156,188.08658752441406,187.88873627830753,-0.011022612477017468,-4.376803894042979,0.01935772647185206,5.076446500880339,0.014155211421061891,0.13133038299793692,42.163735536578116,-1.7933281785023212,0.29140448680578857,-0.122955322265625,0.9234557691526712,196066200.0,0.023769277073259945,2.1599559877485235,0.4268995359792455,0.2219547378994301,0.00707713518314778,1.6594879566355079
AMGN,2020-02-13,185.6750767125444,186.93772231359392,183.88426571362098,184.06581115722656,1946500.0,-0.01052525414269514,0.016588939471028245,-0.008667105913246802,-0.0018187145564601066,184.82220001220702,187.38691787719728,187.52464817153793,-0.01772325815266986,-4.93132217407225,0.019293307956428734,4.6284607826217945,0.014256494755479547,0.12306307197237878,48.9071027898088,-1.874873103652419,0.1678876493245527,-1.2510528564453125,0.7182868866977623,194119700.0,0.16438993799308924,2.2537670204076017,0.33699969900457244,0.2305192499067932,-0.002315821303479158,1.6819804098891562
AMGN,2020-02-14,183.97502947696015,184.43718521181148,182.66287035641906,184.42892456054688,1611900.0,0.0019707935319158995,0.009620588850801014,0.0024671559226116207,-0.0004932022937647703,185.56104125976563,186.75457153320312,187.22981735144356,-0.012452958733825518,-5.437416076660156,0.019327536513077767,4.496488908166,0.014142120571764234,0.11401234509321882,52.51773158048868,-1.8884291911415971,0.12346524946829973,7.3884124755859375,0.6000603075685998,195731600.0,0.10502530210046544,2.2013272554617003,0.35441804751397016,0.22645346852988263,0.0008211340736465764,1.759066627574999
AMGN,2020-02-18,184.9818209945162,185.14688288737915,182.3162376451782,182.95169067382812,1936400.0,-0.008042023922999257,0.015472091193994513,-0.010974755842349809,0.0029978835222661112,186.08414611816406,186.00780029296874,186.8223767154802,-0.016430007850891926,-6.0101977539062545,0.019278292929289925,4.473331789266281,0.01420268855644635,0.10083400946164857,48.12088724879531,-1.9953715162786239,0.013218339465018492,5.231048583984375,0.7296404173464812,193795200.0,0.20664763151238738,2.2830237107514875,0.3347403437143563,0.23946920746021358,-0.005011462295953831,1.7364499113531466
AMGN,2020-02-19,183.98326241057813,184.89930049855602,183.24878232868264,183.99977111816406,1322900.0,0.00571238108296309,0.008970218603225446,8.972939912918093e-05,0.005638492505593335,186.30807189941407,185.47281341552736,186.55355713478343,-0.00794209280722526,-6.399859924316388,0.019158897015606215,4.3730491999453465,0.014002867974652755,0.0912988463469669,46.813446599025255,-1.972811404900142,0.028622760674800407,2.2392578125,0.5156811267100526,195118100.0,0.04314906997406856,2.382366510562451,0.41027444740401664,0.2334752724540343,0.004434158467767508,1.725488322066631
AMGN,2020-02-20,184.19784705968718,184.42891862344615,180.32737947804097,183.3230743408203,1638000.0,-0.0036844838334788785,0.022373283669571864,-0.00474909306938536,0.0010765010212752443,185.6342330932617,184.93881912231444,186.24589210678695,-0.008736644849156906,-6.769095611572283,0.019159166031300485,4.441252974033042,0.014150907309424799,0.08102794221721665,47.01367040282596,-1.9866354320139408,0.011838986848801358,-6.7383880615234375,0.6430249653068796,193480100.0,0.04401604346359612,2.3820904189487937,0.40373242676926974,0.23065833267620067,-0.0007991392640084022,1.726894076714362
AMGN,2020-02-21,183.4055841285993,184.69298629023157,182.37401026928435,183.85946655273438,2047500.0,0.0029216672021962916,0.012612763783267544,0.0024747470274233165,0.0004500785734455801,185.05418701171874,184.50170669555663,186.0186134825915,-0.003480944183795602,-7.067746124267586,0.019166138964347768,3.6621948011370944,0.014068803713200654,0.0712624922339105,63.29646474534253,-1.9320373801468236,0.05314963097273506,-5.8004608154296875,0.8044317411674573,195527600.0,-0.0420712569952882,2.3734932832745135,0.523690997686498,0.2301757170658926,-0.007675936200052311,1.6343022336614395
AMGN,2020-02-24,181.45798287177777,184.849798424782,178.05790666824143,179.80746459960938,3049600.0,-0.02228505975129876,0.037773135679681456,-0.009095870272815117,-0.013061517723199806,184.24266662597657,184.2491813659668,185.42707549373606,-0.024107118052997,-7.0840531921386685,0.01763681026888796,3.909691813114366,0.013383182942717921,0.07486059138135957,53.59625170659054,-2.1904802317235976,-0.16423457648323092,-8.115203857421875,1.2463829717667445,192478000.0,0.2779870434209341,3.164325111355906,0.2125000437817191,0.1577875841112823,-0.03248003735722603,1.1348498510323761
AMGN,2020-02-25,179.97251976970986,181.19389980500517,173.15588361693295,173.61802673339844,3915500.0,-0.035028999837248914,0.04629712904418103,-0.03530812951023044,0.0009179550496862174,182.96871185302734,183.79534988403321,184.30240418322774,-0.05537312645317861,-7.175091705322245,0.019023603131072073,4.075868634957073,0.014529796265356009,0.09102940450810532,36.935827091267505,-2.861745540870686,-0.6683999085042553,-12.739547729492188,1.565977631176373,188562500.0,0.12010346394888904,2.081594095233319,0.0,0.2731222324145545,-0.03181424496188123,1.1514680009555405
AMGN,2020-02-26,178.40449550621648,178.83363373839603,174.9714274261415,177.0510711669922,3314000.0,0.019580591156104585,0.021814080461629897,-0.0075862681340175655,0.027568961949832365,181.9118682861328,183.43573455810548,183.61180103882435,-0.03480599571557784,-7.208124694824221,0.019523811556012346,3.697451923797804,0.014643107215502134,0.09688887582642296,25.261198988222034,-3.081192075660823,-0.7102771546355138,-10.568435668945312,1.2940965144521763,191876500.0,0.08995854236754298,1.620274942911516,0.20877902286500424,0.12175638025033146,-0.007263779585413816,1.1062647590295915
AMGN,2020-02-27,177.36467287009606,177.6617666307141,167.7091445386895,167.94021606445312,4071100.0,-0.052830169309455076,0.059262887265816945,-0.05313604255648764,0.0017712499621540588,180.10455169677735,182.52592849731445,182.11926913650328,-0.07991035877993592,-7.596839752197269,0.022208495740236256,4.142034562287885,0.01639968012998759,0.12226056041829832,18.97612852576438,-3.944801681460632,-1.259109408348258,-18.073165893554688,1.5279842063384828,187805400.0,-0.13535793024677545,1.0883208887650877,0.0,-0.027202158467052397,-0.044607410059441105,1.1277347294387468
AMGN,2020-02-28,163.44253526132522,167.52756448773272,161.0740335453554,164.82896423339844,5316100.0,-0.018699703436098527,0.039152893864206346,0.008482669274901319,-0.026781439898837328,178.18086700439454,181.50153350830078,180.47257343144568,-0.09185910968702554,-7.932046508789057,0.022415612385558215,4.368499058684378,0.017088397530385623,0.1496228831197175,18.259418662543837,-4.824654918322892,-1.7111701161684145,-19.236846923828125,1.8978717175665858,182489300.0,-0.03974487713667066,0.9151645012074717,0.0,0.05008669450331536,-0.008216680323029048,1.1545207821076007
AMGN,2020-03-02,164.96931907990765,175.26030293741738,163.98727114982202,175.12001037597656,4245700.0,0.06056315658936022,0.06437317907526702,0.06153078252782345,0.000851518100365349,177.2499755859375,181.40550842285157,179.962805521401,-0.03464888195249106,-7.550604248046881,0.02521107336732283,4.9940263217747525,0.01842507640542077,0.15145577819283249,37.54282410578937,-4.638078646162313,-1.219675075206268,-9.308914184570312,1.5638369384052966,186735000.0,0.6196444342851622,1.6347703548602022,0.4078488808201027,-0.02582365227567826,0.04017517443381851,1.1971025955697363
AMGN,2020-03-03,173.58501092845836,178.3880253459129,167.2470265423865,168.69947814941406,3975100.0,-0.037352616282602356,0.06604050543451605,-0.028144900028596532,-0.00876541432485421,175.8247543334961,180.95445022583007,178.89010767644987,-0.06772407122964856,-7.410534820556649,0.02646137867460752,5.6335327112359055,0.0202040593041923,0.16355860147922652,31.179112955103136,-4.951224267002601,-1.2262565568372445,-14.252212524414062,1.4271148592128269,182759900.0,0.6388812303649382,1.176483085133011,0.1533940035808776,-0.21293315426745402,-0.026760455677306786,1.2251049055826182
AMGN,2020-03-04,172.91649252629216,177.66997915300612,171.3402450395912,177.5214385986328,3880200.0,0.05097248627675132,0.03565616729665055,0.02663104024990829,0.024997198705873674,175.17692108154296,180.74249649047852,178.7597582404673,-0.017821253741592463,-7.209438629150384,0.028665396391629537,6.019670917435225,0.020682996837114786,0.1645542189387531,42.61303152304857,-4.436395936760277,-0.5691425812759365,-6.47833251953125,1.365712183953357,186640100.0,0.6950481429403856,0.5926282997144885,0.5030209167249766,-0.4445688729770398,0.03851406988373863,1.2345444058153667
AMGN,2020-03-05,171.37327669287836,178.57778380527125,171.3072544657403,175.05392456054688,3185400.0,-0.013997315655410184,0.04153308392132765,0.021477373477923736,-0.034633348818534186,174.35000610351562,179.99211959838868,178.4068216995225,-0.027435618008500945,-7.477421722412089,0.026604299613782637,6.320890398832225,0.02044843234716663,0.15998570205884188,42.23101983066182,-4.1793219154005214,-0.2496548479329439,-8.269149780273438,1.130797493743233,183454700.0,0.9257574056799535,1.7705799642034796,0.41178267099574273,-0.47947195077558663,-0.03505278774295789,1.0889703573102716
AMGN,2020-03-06,168.32808092288872,174.6330592423232,168.20429710863044,173.84080505371094,3100500.0,-0.006954099862699583,0.03698074299475604,0.03274987809875648,-0.03842155298455965,173.34813995361327,179.201163482666,177.97196297135,-0.02991252023580511,-7.762212371826195,0.026610298359373057,6.683412727155369,0.020893748985343085,0.1550323269818719,41.00401919860275,-4.027056111001286,-0.07791123482696705,-10.018661499023438,1.0797116590054325,180354200.0,0.9551923813238166,1.8078536772802856,0.3902293338973308,-0.4749468030920023,-0.01917069854495961,1.0778284729583336
AMGN,2020-03-09,163.18674509063382,168.03926021784847,157.418179231893,163.70664978027344,4065600.0,-0.060063861640493654,0.06487873889185965,0.0031859492592419937,-0.06128630133635985,171.7380584716797,177.99036254882813,176.61336171505698,-0.08024992232170008,-8.275637817382801,0.02924805203257356,7.654268482842298,0.022505284322813242,0.16716300252079072,35.7456998394468,-4.670289806164959,-0.5769159439925113,-16.100814819335938,1.3734555128584096,176288600.0,0.6265073135850735,1.1834734871816486,0.0,-0.42192352737191113,-0.09190461748458936,0.8869813478906005
AMGN,2020-03-10,167.8246960742592,170.91116973339808,160.65319226703835,170.66358947753906,3928700.0,0.04161820050298679,0.060106420460058235,0.01691582627400498,0.025155033711293948,171.44261474609374,177.20566329956054,176.04671674005527,-0.036917972598665263,-8.509147186279307,0.03121952596563254,8.247866171530287,0.023938237414430606,0.1655999861054138,40.917257252788325,-4.566055605087826,-0.3781453943323019,-2.954437255859375,1.2883834947078452,180217300.0,0.4688345820643414,0.2928090584877741,0.2909288370754718,-0.505696167782759,0.051175581964825245,0.8819201976363764
AMGN,2020-03-11,165.87707752663357,168.2868325646822,161.59398082346658,163.93771362304688,3777000.0,-0.040207745101407164,0.040825576942014295,-0.011691572654306663,-0.028046474151625894,170.13127899169922,176.021573638916,174.89347834795925,-0.0686498806143928,-9.013593597412125,0.032082460933074916,8.602728279292236,0.02450040967562297,0.16990718779246827,37.802445235102,-4.9688929162251725,-0.6247861643757187,-13.113357543945312,1.2023110347132693,176440300.0,0.5910789277094927,0.17155771788731705,0.010358480158760803,-0.545130170811692,-0.05576868423438762,0.8694375149222
AMGN,2020-03-12,152.36758657495122,161.96534102460802,150.00734512406274,150.3952178955078,4902600.0,-0.08621994559968571,0.07951047957424756,-0.012944804887837329,-0.07057635971854308,168.37677917480468,174.24066543579102,172.56031068582104,-0.13685351511166277,-9.864658050537116,0.03635304840201265,9.432113456294873,0.026453609641868315,0.2077219806418144,31.905393433044082,-6.308193683373247,-1.5712695452190344,-17.544998168945312,1.5031664732493948,171537700.0,0.20480953438876473,0.13633399984758912,0.0,-0.3521579293349632,-0.10512689849748212,0.8688774433274339
AMGN,2020-03-13,156.60115964056064,167.66788700703324,155.57784643299675,166.7848663330078,6903900.0,0.10343814128735422,0.0724888345079052,0.06502957395603814,0.04126422257232018,168.57236938476564,173.3766181945801,172.0102683665055,-0.03801984333420538,-10.113543548583976,0.045036117761789576,10.180740410222365,0.02821181520714841,0.2049736952253736,43.78739523655824,-5.978178811527727,-0.9930037386988113,1.955902099609375,1.9672677691390372,178441600.0,0.7395285889417427,0.9028858267475175,0.48157106700107,-0.5287150674554612,0.10081549312404453,0.9160225702403221
AMGN,2020-03-16,152.40060010720404,168.94704797386683,150.9894140644464,155.7098846435547,4932400.0,-0.06871019437860497,0.11532751405299911,0.021714379956658807,-0.08624443297561363,166.63135681152343,171.94066619873047,170.4578508690816,-0.09439757280233001,-10.728731689453127,0.04710905260724369,10.889284533175807,0.03196804300067369,0.21669136719760576,41.83718493648791,-6.534967080191706,-1.2398336058902322,-19.410125732421875,1.3419999401427323,173509200.0,0.7522292413380973,0.6203364379475589,0.15815317380509572,-0.5820456836102426,-0.12706892253574653,0.8319171619852391
AMGN,2020-03-17,158.62307341783864,174.0554176518726,158.16091769678462,171.48886108398438,5912800.0,0.09652375253758222,0.09268531993634188,0.08110918158958619,0.018709080550362724,166.91029510498046,171.36752471923828,170.55604231811995,0.0007080476008794088,-10.823402404785156,0.05300849910874138,11.82713639055583,0.034395440213156776,0.20883136499446264,47.72114077432889,-5.638002878567221,-0.2742955234125981,2.7893829345703125,1.5261871391218385,179422000.0,0.6874686871363003,-0.10431417161596267,0.6277019379617335,-0.6297210137521698,0.05391069989559011,0.8905872753894982
AMGN,2020-03-18,163.86344281315715,174.04713695644404,162.36147781818917,169.07908630371094,5597900.0,-0.014151742793899316,0.0691135692398072,0.03182920730220985,-0.04446596835868412,166.0660598754883,170.62149047851562,170.4153798405572,-0.009039917366088796,-11.012778320312492,0.053042834703489875,11.950924751000846,0.03561889997779556,0.1980058030914218,50.49370873109772,-5.063235148899565,0.2403777650040464,-8.442352294921875,1.3693560144619104,173824100.0,0.7474204144495088,-0.04703375766960382,0.5583232599661291,-0.5818470400930852,-0.06256656235015202,0.8726951903122612
AMGN,2020-03-19,165.87707300857866,172.27283079871043,161.14834206511676,164.0284881591797,4796500.0,-0.03032645072880139,0.06782046739830964,-0.011144305936139659,-0.01893796190370114,164.96351623535156,169.6567611694336,169.80710444233077,-0.03317446927230349,-11.356876220703128,0.05338512178485799,12.2550894806077,0.03660525411790626,0.18884015680506702,49.65872598493919,-4.9581145842062995,0.27639866375784994,-11.025436401367188,1.129676712031946,169027600.0,0.8073934764939127,-0.03812221830207008,0.4073980682860425,-0.5719913748022558,0.019181565101660684,0.8416653484507233
AMGN,2020-03-20,164.1357987245191,166.67759852423015,153.4982083385209,155.35504150390625,5726800.0,-0.0543270331621603,0.08483400382843623,-0.05349690493388484,0.0006542190722094541,163.11493988037108,168.23153991699218,168.43071749581415,-0.0765403349421837,-11.985047302246102,0.05444001235125411,12.391257937615835,0.03820246367802887,0.1874635499317279,41.45557425267764,-5.511151315602859,-0.2213104541109674,-18.485763549804688,1.2927693137721874,163300800.0,0.8904668109969734,-0.051744609486646956,0.1686312391096758,-0.5339457612118343,-0.0361235052834508,0.8509513517756766
AMGN,2020-03-23,155.88315583845335,158.41670675005662,146.11209331407457,153.4403839111328,4396600.0,-0.012400974704467093,0.0801914927631336,-0.015670531650334673,0.003399402616321396,162.08831329345702,166.91318588256837,167.00306667822545,-0.0807174214559318,-12.456422271728513,0.0543420922623709,12.474373268505525,0.039396089513472864,0.19290331896089108,43.13606598469813,-6.034373277053817,-0.5956259324495399,-10.266265869140625,0.9776261779499336,158904200.0,0.8666778390415449,-0.0658903081880921,0.11225913288214155,-0.5310501261776859,-0.03535543109069356,0.8479614819296468
AMGN,2020-03-24,158.0123340343572,167.40378502611262,156.80745041241548,166.98289489746094,5288200.0,0.08457926824745683,0.06345760516491238,0.05677126990069801,0.029796263582553946,161.72024383544922,166.5814292907715,167.00114555624788,0.0024100261859842423,-12.223030548095693,0.05783850465584641,12.831008990747506,0.03990026847456269,0.189549901211948,45.45261210087381,-5.295222959884626,0.11481950777572081,-3.680694580078125,1.1582058562963564,164192400.0,0.6278066459690114,-0.7374059814982967,0.6114997432696988,-0.49962000014060703,0.10408131044904564,0.8288278199274237
AMGN,2020-03-25,163.21144002940653,166.17411616506666,156.80742353990354,159.39048767089844,5301000.0,-0.04653429267302025,0.0587656940011565,-0.023411057201747968,-0.022585875459701067,161.26552124023436,165.6984001159668,166.27632099573842,-0.038068638204434416,-12.411024017334,0.058477859280959645,13.038504849177967,0.040547962187877484,0.18455038367592366,43.527483379528114,-5.261434279778314,0.11888655030562667,-4.5472259521484375,1.136284471957824,158891400.0,0.7643980223599484,-0.6483954615731679,0.33160792542833917,-0.5156045083622501,0.025429710377941356,0.7926784945305464
AMGN,2020-03-26,159.37401465287945,164.8207291104503,157.21184009429098,163.8056640625,5162200.0,0.027323661223114935,0.046450707670622066,0.027806599584460426,-0.00010335006975446114,162.6065658569336,165.49167251586914,166.04102033542998,-0.010187874880577256,-11.960541839599614,0.05774595578987254,13.092737818052457,0.040304921011461825,0.18458962341581572,45.96014167143446,-4.82279449882904,0.44602106500392047,13.410446166992188,1.0937420546807466,164053600.0,0.6075316481850874,-0.7711679111141068,0.49437208038728203,-0.5505201863768074,0.06683960341299143,0.7562230161862304
AMGN,2020-03-27,160.44690750559712,169.89612373127358,160.1085481790311,163.62416076660156,4119600.0,-0.0011086547450824035,0.05981742247835746,0.019802521035773787,-0.02050452025652387,162.29049530029297,165.4314323425293,165.8108432336368,-0.010924596071837996,-11.332081146240228,0.057578055259368655,12.618805655939925,0.040744905830374774,0.18490461244888584,49.96389945698266,-4.438649127116207,0.664133149373404,-3.16070556640625,0.8840466658869706,159934000.0,0.5644856247354132,-0.7836388678991161,0.48768101575952066,-0.547895496339498,-0.033657375575844216,0.7492519912026478
AMGN,2020-03-30,165.09304602777766,172.85047467731192,165.09304602777766,172.0499725341797,3219000.0,0.050212877392697634,0.04508822951420791,0.04213942787893981,0.008977190497382352,163.92450408935548,165.27793045043944,166.4050460241647,0.040973662153707346,-10.985065460205078,0.05701471199253852,12.545115401964969,0.04023009155922672,0.18081869166822737,50.59903587780401,-3.4149531065416454,1.3502633359583731,16.340087890625,0.6984767608384325,163153000.0,0.5810344713987248,-0.6987547209181666,0.7982960423305204,-0.5217098828535142,0.028474208492502203,0.7445520723057116
AMGN,2020-03-31,167.9319687315406,171.03493822835918,165.62948892870676,167.3047637939453,2929000.0,-0.027967890457153106,0.03230899812458322,-0.003734875154104474,-0.023934928567460285,163.50609436035157,165.20819473266602,166.49073343081048,0.012690466503019962,-10.44315414428712,0.05673749176283818,12.355892184207859,0.03952290149315496,0.18023749092549926,51.48018864266816,-2.9525303904231066,1.4501488416615294,-4.1840972900390625,0.6428468744890311,160224000.0,0.5723307495648883,-0.6750682288397459,0.6233653437117331,-0.516530511616637,-0.015037261844110392,0.7412715919794329
AMGN,2020-04-01,163.03819205300093,166.1906879806501,160.91728263248962,163.2445068359375,2747900.0,-0.024567963341777275,0.03230372311063618,0.001265438363481753,-0.025501794713981667,162.92263641357422,164.49434814453124,166.1815689932035,-0.007598080558339818,-10.527900695800781,0.05567353320749795,11.81711451724154,0.03945983451734852,0.16689034208528858,56.16243536545367,-2.880481462588108,1.2177582155972226,-5.8345794677734375,0.6106878711375031,157476100.0,0.784327103766765,-0.2708515305354979,0.5210852746562116,-0.5018929730005599,-0.04707185547263629,0.7282381733935149
AMGN,2020-04-02,160.43862662217626,172.91654033772633,160.2735773186416,172.380126953125,3867300.0,0.05445295988550463,0.07334350683314388,0.0744303325350091,-0.017188206011619012,163.75780029296874,164.36065826416015,166.77190784652936,0.048791899312522674,-10.229133911132806,0.057109761121381275,11.486421224924348,0.040371822038623155,0.1623242869820218,52.884127283507,-2.0624394560746566,1.6286401776885393,8.351638793945312,0.8529977777900315,161343400.0,0.5864295741039421,-0.7149526545301528,0.9376992309850568,-0.5097240365971217,0.029794661470865038,0.7437695213590014
AMGN,2020-04-03,171.18349385422326,173.09810106412613,167.55235874969316,169.5164794921875,2281400.0,-0.016751932454212148,0.03271506304900909,-0.009738172323175953,-0.006941827460349536,165.17394409179687,164.144441986084,167.0332956223063,0.03272750171193092,-9.983645477294914,0.057219238454538905,10.599857539568102,0.04029435809279005,0.15624111981762356,57.77489446056524,-1.6264588842534238,1.651696599607818,14.16143798828125,0.5077879817130444,159062000.0,0.6097806157211939,-0.7110129693500122,0.8697448571595173,-0.534585055041921,-0.013913589561430179,0.7449542534158913
AMGN,2020-04-06,174.95491416588666,175.54085361721607,170.70483520308352,174.60830688476562,3702100.0,0.029595072696122014,0.02769638226504383,-0.001981123438421376,0.03208204116786064,167.29073638916014,164.68952484130858,167.75472526635005,0.06022715806008048,-9.233569335937517,0.055853793334868104,9.719774762190292,0.0395073536409274,0.1657077081246611,51.99702179652642,-0.8601578592390808,1.934398099697729,21.167922973632812,0.8273505495966719,162764100.0,0.46770558149225894,-0.7399164416003232,0.9999999995870003,-0.5210820711726624,0.0702221126749428,0.7258506201234741
AMGN,2020-04-07,176.1515662104484,177.57926103968413,171.10098415138992,172.297607421875,2447500.0,-0.013321961613857286,0.03759934328299743,-0.02187865184218164,0.008838407251158281,167.82220764160155,164.7712257385254,168.1873807097334,0.04567776715634302,-8.943927459716775,0.05525503247120038,9.347818887193101,0.03894416724817289,0.16767844420664074,52.06306536993433,-0.434306496404389,1.8881995700259369,5.3147125244140625,0.5561760538655656,160316600.0,0.6305899625531132,-0.4954583169761337,0.9045681667067984,-0.5102489704666957,0.0005814018500145424,0.7244258616312119
AMGN,2020-04-08,172.396597263247,181.4084364782507,171.1091952589473,180.88851928710938,2861500.0,0.048657668651589936,0.056936953544057034,0.049258060534079655,0.0005745282412983463,169.97201080322264,165.6187660217285,169.39701295519777,0.0921982069554699,-8.029290008544933,0.05534815664224875,9.28887263617237,0.0393516909909839,0.18799377565403422,60.338035949159874,0.589602002147501,2.3296864548622613,21.498031616210938,0.6570895171086684,163178100.0,0.42034842054930305,-0.7186866491994378,0.9999999996720591,-0.6353016736858476,0.04249490105389189,0.731150844207918
AMGN,2020-04-09,179.4112873756301,181.0205523723359,178.00834970506145,180.0797576904297,2503300.0,-0.004481074939776502,0.016727047536640196,0.0037259100281690394,-0.00816653216744274,171.59942016601562,167.1029930114746,170.41441721569603,0.0776572845590144,-6.423931427001946,0.0513510115305794,8.56264495628417,0.03804666086309304,0.18084599117861622,66.77867228096103,1.3205738095154516,2.44852660978417,16.274093627929688,0.591119627754971,160674800.0,0.5758159564997072,-0.6474852115630653,0.9705349162955204,-0.5623563075464905,0.012589029794570262,0.7125100290565152
AMGN,2020-04-13,179.06471171318057,180.88027917130486,177.5544860851744,180.12930297851562,2168000.0,0.00027509184975188484,0.018463365100164376,0.005945287908207607,-0.005636646729578871,173.24993438720702,167.77021484375,171.3396444312027,0.07366675989701774,-5.652958374023427,0.04580687398918698,7.9213006455804855,0.03677981540717608,0.19301014811502856,68.5820038479558,1.8821755754827905,2.408102700601207,16.505142211914062,0.5422643538725128,162842800.0,0.6228998791769613,-0.28078090168575015,0.9723399674361254,-0.4744203556981626,-0.014897515514803686,0.6500149587262833
AMGN,2020-04-14,182.39051994250642,188.4231748978804,181.763327522704,187.1687774658203,3029000.0,0.03833582021035499,0.0355820423969621,0.02619794891105147,0.012553298805916603,174.7618148803711,169.3431594848633,172.84718091069007,0.10526328925940678,-4.282579040527338,0.043169898434263415,7.516334274465125,0.03388764494496456,0.20467050104710022,65.45369715331857,2.862281185122697,2.710566648192891,15.118804931640625,0.7760935514286885,165871800.0,0.626741846888776,-0.4172418392290279,0.9999999997035138,-0.35917244401189935,0.024196940710054904,0.7089068626036881
AMGN,2020-04-15,185.67507462843153,186.10420035207363,180.98759575651573,183.04249572753906,3107000.0,-0.022292420117845022,0.027953096767070033,-0.014178418434249843,-0.007980512869789689,176.33558807373046,169.92084121704102,173.8181632741995,0.07722216072210748,-3.8113343811035065,0.037946718271623096,7.231027871018496,0.03157557684215347,0.21621821594189186,69.12208960349919,3.268389530531863,2.4933399948816453,15.73773193359375,0.8257609784749335,162764800.0,0.6215607298856857,-0.40515928359747894,0.8776614800711608,-0.371165725412398,-0.03182997009792779,0.6312653261496914
AMGN,2020-04-16,185.68331357202246,191.5426587261663,184.21435325427137,190.55233764648438,2617300.0,0.040208552161271574,0.03845822917948412,0.02622219509548623,0.014427348326884061,179.06637115478514,170.9945037841797,175.41189416679805,0.11437697370080122,-2.9135083007812455,0.038566044049398,7.294690298337634,0.03061619526067125,0.24029130164235865,70.59356634181324,4.148394688924611,2.698676122619515,27.307830810546875,0.7242995826830051,165382100.0,0.41158997395473773,-0.7305616572537987,0.999999999730545,-0.43032642441803826,-0.0056264325002719825,0.668823772963098
AMGN,2020-04-17,195.44613063030857,195.5781751196223,189.16590784650555,193.91114807128906,2864200.0,0.01747315938207609,0.03306806925179651,-0.007853737262893018,0.025682146145607713,181.21947326660157,172.48863677978517,177.1737278719877,0.12419665255314087,-1.4963690185546739,0.03764750999458717,7.0535968498286525,0.029614718631838455,0.2626235905977422,72.23169035791345,5.058521559855791,2.8870423948405555,21.531021118164062,0.8143999977252985,168246300.0,0.2868920295683518,-0.6322344165669618,0.999999999752908,-0.5512058190679987,0.0437619382755355,0.6678264732568625
AMGN,2020-04-20,193.27567254747473,197.69906168632906,191.78195563882846,195.2563018798828,2824000.0,0.006913009635312076,0.03030430255275788,0.010247690805067974,-0.00327714796253339,183.7934555053711,174.48369979858398,178.8958777775015,0.1190518203435494,0.38676651000977813,0.03473046451765205,6.817224859599384,0.027772657560731436,0.26724375063188965,69.01034934993443,5.8212426707027305,2.919810804549996,25.739822387695312,0.8375336058876477,171070300.0,0.40942222839860054,-0.49191045130643096,0.9999999997608566,-0.6773838646313475,-0.020267523936331647,0.6018030655051543
AMGN,2020-04-21,193.93587883218783,194.5713318333974,188.9843244790256,190.42852783203125,2672900.0,-0.02503612196794461,0.029339130108173066,-0.018085106382978656,-0.006762511811307792,185.37547760009767,176.3331069946289,179.99422540174243,0.07993632663565378,2.186056518554693,0.03529477917414625,6.806617273555405,0.02585986761264871,0.2509360169895041,68.91712306349145,5.967355666315967,2.452739040130586,15.820220947265625,0.813514648681223,168397400.0,0.40174772040833906,-0.5810801413146386,0.8653934348632146,-0.6658496596462615,-0.029134577567193915,0.6242612136441815
AMGN,2020-04-22,192.57419496988027,193.11060828925804,187.82069501435927,189.2236328125,2845100.0,-0.0063473842100429815,0.02795588054342289,-0.01739881170425931,0.011267571945636302,187.06808013916014,177.44514389038085,180.87321658371934,0.06637819815117327,3.240772247314453,0.030466025274154436,6.728219567372768,0.024607630779693343,0.2522429535248807,72.29460969950293,5.917710625237646,1.9224751992418119,16.926025390625,0.899361933828887,165552300.0,0.19729546921777022,-1.17084375665416,0.8317989091074469,-0.524354981761125,0.022780603017446024,0.5223838848282017
AMGN,2020-04-23,189.05862835785834,194.47232673091779,188.88533097648605,191.86451721191406,3226400.0,0.013859925451497099,0.029119484079804667,0.014841368936331305,-0.0008720076461335162,188.16567993164062,179.06884536743163,181.92000711973787,0.07145671720966855,4.779573516845687,0.027899257917701717,6.22422190561184,0.023667626625459515,0.2408170592385744,68.8187671121033,6.022045481038504,1.6214480440341354,10.975997924804688,1.0544704034826546,168778700.0,0.28404346078959997,-1.2978608616322556,0.8940457830542455,-0.5126467782469334,0.0009203508053499755,0.5733823644162381
AMGN,2020-04-24,193.14363311094112,195.52863139250695,190.46980170151153,194.99221801757812,1946200.0,0.016170166739501148,0.025943751717001248,0.009571037247576155,0.006666766307885268,189.65692596435548,180.62817306518554,183.16497958619885,0.07952272731678937,6.159324493408178,0.027626840167086365,6.189442432509158,0.023070814896943147,0.23721750855323853,74.48057276145555,6.284665213174321,1.5072542209359625,14.912460327148438,0.6713499957743102,170724900.0,0.34587993754567026,-1.1892279355900357,0.9917504197481065,-0.5036488813865503,0.011768859891664636,0.6337271049881786
AMGN,2020-04-27,195.2810730121794,200.53796966897812,193.9358965934562,200.06756591796875,2472600.0,0.02569548892105948,0.03299921726557565,0.024510787614787522,0.0014813667824181604,191.65075225830077,182.4503433227539,184.77474971303408,0.09655899942073588,7.661459655761718,0.027764652012538762,6.230706643258683,0.02211291787934237,0.236048914144137,74.47248781581061,6.823672354757207,1.637009090015078,19.938262939453125,0.8778716069282482,173197500.0,0.1938699083332243,-1.2933918454120932,0.999999999728431,-0.4924468173073142,0.02099030416774559,0.6719565951768939
AMGN,2020-04-28,200.53797610044876,202.1472289457267,195.47088535617678,196.13934326171875,2548900.0,-0.019829797441608496,0.03403877813866922,-0.02193416391380528,0.0023512565883511854,192.5478088378906,183.65481185913086,185.85709195576595,0.06797824285793246,8.631719818115243,0.026770342662076417,6.244854264776949,0.0217094277598314,0.23715843045452586,72.22648973010004,6.8548462582935485,1.3345463948411354,8.970565795898438,0.9158558144214324,170648600.0,0.3682055948895513,-1.1278761314726387,0.8933216641118202,-0.4476939997643598,0.005119468900849118,0.6344434996111669
AMGN,2020-04-29,197.15440005864687,197.49275932231453,194.13396122937303,194.5053253173828,3365100.0,-0.008365799437197114,0.017268411995716833,-0.01343654892041997,0.0051751819907629604,193.694091796875,185.01483993530275,186.6807332283009,0.051295806246670614,9.760675201416035,0.025793259231565318,5.74910832717967,0.02140108814571988,0.22545534343536158,64.58629521690877,6.670803340908719,0.9204027819650449,11.46282958984375,1.1997283311080489,167283500.0,0.41496756411797,-1.0513387415842255,0.8489468081213914,-0.5323590466796291,0.029731086125226736,0.5618351451241741
AMGN,2020-04-30,194.77764583058294,198.11994752428777,191.38583060833426,197.41847229003906,5704500.0,0.014866158377452608,0.034110875430441084,0.013558159860670589,0.0014000671331531466,194.38070526123047,186.72353820800782,187.70337504370454,0.05727683924946413,11.20099945068361,0.02468857120381615,6.014959344942459,0.02146675389284042,0.20189716166839022,67.77196036933071,6.682977413814456,0.7460614838966251,6.8661346435546875,1.9319507639579168,172988000.0,0.3380969432508066,-0.9671427465693597,0.9132897076017864,-0.47068819942000395,-0.01370988137757605,0.5233594491431418
AMGN,2020-05-01,192.2853587166445,195.6276603887937,188.1590634652144,190.6183319091797,3045400.0,-0.035052533983669545,0.039180895398548125,-0.008669546233737876,-0.026001181722514775,194.05142364501953,187.63544845581055,187.9809899832736,0.015897227724918035,11.967004547119132,0.02406700257250943,6.438789040563473,0.019600609574542304,0.18817910489725495,59.44418264375948,6.0738948774319965,0.10958315801133267,-3.292816162109375,1.0459469298878288,169942600.0,0.2228421895092641,-0.9235875975496411,0.6907071033741643,-0.4079765521986391,-0.03298346137629277,0.5253979514815754
AMGN,2020-05-04,191.82323813885034,192.21935900351332,188.2416164631459,190.5605926513672,2035800.0,-0.0003029509478818825,0.02087389887396468,-0.006582338509837871,0.006321040676427355,193.58185272216798,188.68765411376953,188.22666642785393,0.009926131873304073,12.885187683105471,0.02355583522220754,6.130494084920806,0.019311858122342707,0.16410697427435086,53.49311861008181,5.522869304116739,-0.3531539322431403,-4.695709228515625,0.7021598018859465,167906800.0,0.16859382654604346,-0.781760797869812,0.6576525933765661,-0.3151127368988105,0.004139381195190605,0.5095584314387572
AMGN,2020-05-05,190.86593995911446,196.39517388335778,189.12464260554017,195.05825805664062,1975500.0,0.023328057555499205,0.03727363993841475,0.021964726123603867,0.001602363340178655,194.0448257446289,189.71015167236328,188.87729420202407,0.028190934102006987,13.60266937255858,0.023254103654259367,6.208304768386022,0.019609587618362005,0.14987901571566153,62.28069600877575,5.387003553317584,-0.3912157464338364,4.629730224609375,0.7022726545586401,169882300.0,0.18262326880585314,-0.6826106502513977,0.8196141391342411,-0.2884558629968775,0.0056908310423181355,0.567784444572538
AMGN,2020-05-06,195.84221912743092,197.79807900626545,194.50530352341272,195.24803161621094,1980500.0,0.0009724341090376662,0.01686457710019414,-0.003034011327421481,0.004019112436463227,194.647265625,190.85767288208007,189.48403109861331,0.02300331271901979,14.317590484619132,0.022855405126056223,5.836348517259272,0.019097428374742865,0.12363374816920697,55.64369029860464,5.234304305411399,-0.435131995472017,6.0243988037109375,0.7099431471935648,171862800.0,0.12197962290916842,-0.5393537717345592,0.758876298267348,-0.23634804726845327,-0.011450602012799951,0.5578815354377543
AMGN,2020-05-07,195.50383072422417,196.38686380222057,191.54259803054603,192.5576629638672,2451200.0,-0.013875050581365985,0.02515748112597084,-0.015069616536122104,0.0013101238762603588,194.71658020019532,191.44113006591797,189.7767579429232,0.005832251917677058,14.590915832519528,0.02084518408963254,5.724348410013399,0.017730001722901765,0.11321960829885287,48.346699848727376,4.840401648256204,-0.6632277221017695,0.693145751953125,0.8851829716392605,169411600.0,0.09408784695686684,-0.6107963385333275,0.6242758147940789,-0.20320180280468986,0.012181909187570929,0.4275377802821338
AMGN,2020-05-08,193.89464390609695,194.53834506601768,191.13003317886194,193.78736877441406,1534300.0,0.006365863993388246,0.017587894962975265,-0.0005532650594249324,0.006943275700643697,194.5960952758789,192.1265106201172,190.15872087925567,0.008644606873544966,14.759353332519538,0.020772411027240797,5.545148827131625,0.01774568076704354,0.09845737892960946,48.200603512213796,4.574723372998648,-0.7431247978874609,-1.2048492431640625,0.5639367882103654,170945900.0,0.011236722096259383,-0.5780271377750852,0.6850178388420269,-0.20936985265012187,0.02294598406805673,0.42800014531701946
AMGN,2020-05-11,192.34315558748548,200.94235439491823,191.88099988713827,200.3234100341797,2163700.0,0.0331715899710807,0.04523362749383051,0.0414896720515977,-0.007452566160851139,194.6216796875,193.1362159729004,191.12678651305797,0.037213083134484445,15.05916976928711,0.02178891639256631,5.744390049054677,0.01863048250733845,0.0860227156601136,61.63401640711873,4.835830883214101,-0.38561383013760686,0.2558441162109375,0.7953375874845615,173109600.0,-0.09607130054801638,-0.8509109124782116,0.9999999994213269,-0.18888952758953031,-0.003731326133731648,0.4115329543369581
AMGN,2020-05-12,200.27387561429535,201.7758532452023,195.6276753682873,195.7597198486328,2241000.0,-0.02304512266372936,0.03140675661810799,-0.02253991316549087,-0.0002472722477911428,194.5837173461914,193.565763092041,191.5680182593032,0.011334425683268019,15.075922698974608,0.02116060763807604,5.805694663484409,0.018466478877025273,0.08147696622901726,57.122334169026935,4.621238052960763,-0.48016532831275605,-0.3796234130859375,0.8358571918779,170868600.0,0.012998398775031283,-0.9074722257590038,0.7359115315355578,-0.1777660508697811,-0.02393176366496722,0.3928124576449521
AMGN,2020-05-13,194.11746866824146,201.31372984910348,194.11746866824146,195.44613647460938,2292700.0,-0.0016031633275290676,0.03681966454116579,0.0068446586259513385,-0.008389116932028673,194.67779846191405,194.18594512939453,191.9373628512371,0.006489611513207762,15.161171569824205,0.02039450500863444,5.920642193943714,0.01873206947208443,0.06348454165186253,54.1114027691123,4.375430887706756,-0.5807779948534106,0.9408111572265625,0.868326916922471,168575900.0,-0.0517235922068784,-0.6475195996161065,0.5605971662521146,-0.04121700944420476,-0.022936261742818237,0.3326687635199274
AMGN,2020-05-14,194.71989702535458,197.21218322393725,192.945594861577,196.39517211914062,3322700.0,0.004843989030332973,0.021724507360964897,0.008603512632136934,-0.003715803557719023,194.57546844482422,194.47808685302735,192.36191611484696,0.009857590112772303,15.075838623046877,0.018395461284053095,5.86405352761263,0.0182228817532632,0.061602620644183786,51.695270265287,4.20869101320875,-0.5980142954811338,-1.0233001708984375,1.2418360501338934,171898600.0,-0.23890139593235118,-0.6200331705874235,0.6460975888932666,-0.1495759109704485,0.011787426845140697,0.36405834449780444
AMGN,2020-05-15,194.77499044844862,199.7600605299332,194.32633971929806,199.5689697265625,3111500.0,0.016031075759954508,0.027227282969291826,0.024612909835478647,-0.008249600299284053,195.4705322265625,194.760977935791,193.04830217310558,0.02468662789502217,14.868428802490229,0.018331332044356153,5.780599794406432,0.01804850701674458,0.06570060943776132,49.3684967300051,4.283272504570618,-0.41874624329541277,8.950637817382812,1.1575520833333333,175010100.0,-0.23776847193057046,-0.5970644972435498,0.9320310397343874,-0.15685681375304356,0.0002731433632202289,0.36155116070770704
AMGN,2020-05-18,202.44368334945673,203.0501966125744,192.58986174558,193.74473571777344,5631400.0,-0.029618392124657205,0.053990292062602904,-0.04296971625766777,0.014404612234221558,195.78894653320313,194.68539962768554,193.11462917735966,-0.0048317126590438735,14.394771881103509,0.019518645685967506,6.050884885652465,0.01896165117957279,0.06583979254786852,47.10607036837196,3.828281814713449,-0.6989895465220659,3.18414306640625,1.9910407761360784,169378700.0,-0.11819717636663078,-0.9283880205155062,0.4073147425310333,-0.19877858667303275,0.047024950462290584,0.1409039506592389
AMGN,2020-05-19,193.28778403983057,193.95246258825327,188.74306078751474,188.95907592773438,3835800.0,-0.025011035244558198,0.027568941979430613,-0.022395145837070505,-0.0023585243555133617,195.1790283203125,194.6119270324707,192.71886220120487,-0.02904678655071926,13.816250762939461,0.019517028826619997,6.183070864780825,0.01891043671732973,0.06827831142085725,43.77169964115378,3.0464184497827773,-1.1846823291621904,-6.09918212890625,1.3288688955366592,165542900.0,-0.11808875175536761,-0.9282032897485641,0.0,-0.10133190403991119,-0.013157149323918827,0.10331286630474519
AMGN,2020-05-20,190.48786730718555,191.19407806404575,187.47189541572135,189.32467651367188,3714600.0,0.0019329442378104096,0.019660314317534896,-0.006106377324482756,0.008090595129899184,194.5866928100586,194.6169792175293,192.39560642143982,-0.02719342744469407,13.44808120727538,0.01946802152316039,5.9679327028073175,0.018725984917896957,0.06810059750548644,40.359257537330876,2.4282951371081083,-1.442244513469488,-5.9233551025390625,1.267785896880194,169257500.0,-0.18783051165019424,-0.8865227179720372,0.03217087619840742,-0.09221837781981536,0.01850303233349511,0.1258062641156152
AMGN,2020-05-21,189.52408583916042,189.632099764476,186.10931179860518,186.7573699951172,2377500.0,-0.013653118635829591,0.018862912697704712,-0.014598228144950431,0.0010532664265460688,194.00666351318358,194.36162185668945,191.8586315236948,-0.03912424576894703,12.73633071899414,0.019417456636584805,5.5581740700249,0.018484594660656464,0.07634770615936534,44.88535755925362,1.7115382309727352,-1.727201135683889,-5.80029296875,0.8233637917331158,166880000.0,0.005693763228557775,-0.8980754839231943,0.0,-0.1343684246914851,-0.00634551285045979,0.14580290738606302
AMGN,2020-05-22,186.2505447578992,188.4107470914367,185.78527352979947,188.1282501220703,2334300.0,0.0073136240174487485,0.013955764537934292,0.01008161005172829,-0.0027138165269259915,193.4407516479492,194.01842346191407,191.50335710449247,-0.030358835180412647,11.638471679687513,0.019093803172761156,5.461583428687029,0.01824390202792025,0.08159185707747398,46.88619044233184,1.2398298020370362,-1.7591276516956706,-5.65911865234375,0.8030065876606065,169214300.0,0.04460490160963373,-0.7615378198769882,0.10105234261400116,-0.24029623987082355,0.0012633386994789504,0.12402193037281722
AMGN,2020-05-26,189.0421613819802,189.72346036563525,184.2232578580105,184.77992248535156,2397800.0,-0.017958403004741767,0.029766234521831116,-0.022546498968641863,0.0048579161253925855,191.88640289306642,193.2540412902832,190.8630299979076,-0.043849633096173256,10.51418838500976,0.018250351884888553,5.335131373673254,0.018117357709245174,0.08686716265884233,36.44305386664219,0.5890254972120204,-1.9279455652165494,-15.543487548828125,0.8259133855284323,166816500.0,0.20931953724475308,-0.5418802009292392,0.0,-0.20130440731590526,0.022456123211212237,0.011623947540557537
AMGN,2020-05-27,184.71347629274416,187.04814883827456,180.6838727577149,186.7822723388672,2932100.0,0.010778110719536084,0.03407323404339651,0.011200027673369556,-0.00035959638749533877,190.98865814208983,192.78618774414062,190.47438641133232,-0.031142871154450275,9.424887084960943,0.018131094086710934,5.554524273509462,0.018152362930276077,0.09079508561319165,39.34335922013823,0.2321551555673409,-1.8278527254889831,-8.977447509765625,1.0033294894212574,169748600.0,0.0023933894157235295,-0.5326456783490484,0.128822430998014,-0.2478279614626159,0.02355854068149568,0.05148700443609897
AMGN,2020-05-28,187.98702251365827,188.28612728023708,184.6553379651844,186.2173309326172,2591000.0,-0.003029181979198815,0.019497590782065734,-0.009413902924668694,0.006450024189690687,190.06577758789064,192.37178802490234,190.0689525562166,-0.03199251384765664,8.715917968750006,0.01807670260656632,5.467847383750757,0.018194489321240372,0.09547663165730723,41.56762057214847,-0.09515630867645086,-1.72413135178622,-9.228805541992188,0.898509362217872,167157600.0,-0.04432823026352809,-0.49575915299499074,0.09247657205793755,-0.23559467013359348,-0.007688789968793572,0.08043421530433187
AMGN,2020-05-29,186.94010888677334,191.56792122317145,184.4974227688895,190.84507751464844,4251200.0,0.024547548942269782,0.03704836690765188,0.020888875325520806,0.00388136781112868,189.5107681274414,192.04311828613282,190.1428692189244,-0.006238394701024261,7.95192840576172,0.018689779329288825,5.729432138545486,0.018302415073775617,0.09257085981368633,46.41124424443427,0.018652457319404903,-1.2882580686322915,-5.5500946044921875,1.512344361437211,171408800.0,0.0016258705601231876,-0.6225897020130114,0.3902055446914223,-0.15188987710431243,0.0009330264320230557,0.11690380614328266
AMGN,2020-06-01,190.17213887850875,191.54302825448693,187.5300574840227,188.52706909179688,1816700.0,-0.012220387240957578,0.021285912891958456,-0.008650424801515342,-0.003526098995600443,188.40657806396484,191.93855514526368,189.9889834925313,-0.017773844608160713,7.35739364624024,0.01723073962856562,5.368833300165791,0.017769034129877497,0.0938610102620421,33.961537647654836,-0.07730604701180255,-1.1073732583707991,-11.041900634765625,0.6607226961355706,169592100.0,0.1801858034759794,-0.5461616140758144,0.24107502208003967,-0.2132442793765386,0.004912152331152217,-0.07439512388729641
AMGN,2020-06-02,187.60480710340752,188.0700782838259,184.92948513831314,185.87664794921875,3198900.0,-0.014158328545879915,0.016896114601608045,-0.009211699747310923,-0.004891934048687126,187.61976928710936,191.70435791015626,189.5973324884063,-0.030399465220653527,6.512764282226584,0.017498668848053803,5.186648019920701,0.017690879089652244,0.09800408245035899,35.82539395607931,-0.3630358375964704,-1.1144824391643735,-7.8680877685546875,1.1393230094168934,166393200.0,0.2753767779654468,-0.6578181693721149,0.07055851910431053,-0.19063545323873546,0.012130423144354708,-0.09136003470431277
AMGN,2020-06-03,185.68556903973982,186.35023495280583,181.3319363140952,183.61676025390625,3660500.0,-0.012232509835333133,0.027330286362591858,-0.011141462400833142,-0.0010279877089839427,187.08553771972657,191.13228302001954,189.02775418035867,-0.03932105370878714,5.337161865234378,0.016648248186181627,5.031079266909886,0.017341984473143772,0.1037303309936512,33.93105724005103,-0.7630369901011704,-1.211586873335259,-5.342315673828125,1.265746186855327,162732700.0,0.4710769198182825,-0.20357993031141994,0.0,-0.19258452572761997,0.02242793954023394,-0.11844637994020099
AMGN,2020-06-04,183.4256811144429,185.6523399558778,182.1295647526894,183.51707458496094,2392800.0,-0.0005430481308748908,0.019195898862029402,0.0004982588586437139,-0.00104064105694445,186.50477752685546,190.54573516845704,188.50292755222554,-0.036887000264174005,4.419930419921883,0.01663319784696046,4.977949755540471,0.017386224833907372,0.1077909140335453,32.093283583672914,-1.0756847613515106,-1.2193877156684794,-5.8076019287109375,0.82153825553589,160339900.0,0.4869786063512707,-0.18087834035098999,0.0,-0.18945806924569816,0.0019149678923434848,-0.11418484920199365
AMGN,2020-06-05,182.53664983067665,187.72943124755804,181.29038229062513,187.49679565429688,3714600.0,0.02145404274557076,0.03434218133948863,0.027173424231360214,-0.00534241708299676,186.57872009277344,190.2926918029785,188.40710546670854,-0.01469260917059492,3.6047608947753815,0.017296528249600162,5.049758908847453,0.017691761970256042,0.1083608284849007,33.58187212170917,-0.9909075764712441,-0.9076884246305702,0.7394256591796875,1.2482882495366723,164054500.0,0.2736077828510267,-0.6056420394594823,0.23679885951300275,-0.1561661635326023,0.03484704919024782,0.011865379711540391
AMGN,2020-06-08,185.50278593434467,187.9787007413169,184.23989785364432,187.5632781982422,2270500.0,0.00035451677891869683,0.01993355481727569,0.01110760818776484,-0.010634900255195407,186.52222290039063,189.98148727416992,188.32674096494983,-0.012728656410810805,2.8184040832519486,0.01720986484854767,4.569649481753038,0.017738177595200234,0.10781580246196844,40.0321641513408,-0.907890860293378,-0.6597373667621633,-0.564971923828125,0.7536766841545328,166325000.0,0.3312357375069448,-0.5226590394169945,0.24075466202013673,-0.21815020166920693,0.01795685827818104,-0.00415907192586981
AMGN,2020-06-09,187.77102100095217,189.69027144381437,186.5829184135392,186.85708618164062,2403600.0,-0.003772192547079278,0.016629570190635202,-0.004867283643874499,0.0011075878215906227,186.72993927001954,189.30817108154298,188.1867738427299,-0.012947591674986759,1.6804293823242347,0.015082165403842837,4.419503141005655,0.0167680132382551,0.0959697361051475,46.09695340461171,-0.8888373448368725,-0.5125470810445263,2.0771636962890625,0.7946941042664057,163921400.0,0.16389642112457722,-0.5998421389052233,0.2080758418326973,-0.08654522274068009,-0.014037054093393429,0.05762029581318076
AMGN,2020-06-10,188.3359185199514,190.67060337134708,187.37214805731384,188.7014923095703,2851300.0,0.009822281061513352,0.017479752140073357,0.0019410731234476629,0.007914242743104925,186.92186126708984,188.95525970458985,188.23579464909565,-0.001343002546826553,0.9944876098632847,0.014630251521769885,4.426027036818659,0.016413101744568094,0.09062484322566945,48.90309023392827,-0.7166480636063,-0.27228623985116296,1.919219970703125,0.9332995098320008,166772700.0,-0.014040871595580158,-0.49023428520823087,0.32297854400650655,-0.0897713618906838,-0.015529151316785119,-0.08277880001976691
AMGN,2020-06-11,189.48250666294567,190.91156106201197,181.68087270275504,181.87196350097656,3900700.0,-0.036863418454926994,0.050753773047638354,-0.0401648853817775,0.004138888059740819,186.4873245239258,188.27655105590821,187.62971549213194,-0.03401691564357277,0.02443496704103154,0.01653460703954482,4.833734207774809,0.017023111309054352,0.09079843417095922,42.52277474488175,-1.118380719013146,-0.5392151162064072,-4.345367431640625,1.244053931222542,162872000.0,-0.189089657677468,-0.49547850298797774,0.0,-0.16643241728854494,-0.06697290854339721,0.18335494029909435
AMGN,2020-06-12,183.6998366081573,184.73839286967404,177.96699843797163,181.04112243652344,2426600.0,-0.004578741016438506,0.03740252126461822,-0.01447314391087386,0.010050329209597692,185.50692901611328,187.50884857177735,187.00223043921685,-0.03449291158533301,-1.0991998291015648,0.01641897032028319,5.129871412779465,0.017501621238760943,0.08777753289993037,38.97066645896419,-1.4866613662083523,-0.7259966107212907,-9.803955078125,0.7851372032601346,160445400.0,-0.10504450153864912,-0.43525765258645904,0.0,-0.18627294646314393,0.01992570691792444,0.1738640784294009
AMGN,2020-06-15,179.30470807679228,183.61679687342703,177.684562404624,182.60316467285156,2471800.0,0.00859109794463921,0.03248702989036979,0.01839581699464704,-0.009591270405098034,184.91453857421874,186.6605583190918,186.5832717948011,-0.021736748688516244,-2.1519508361816406,0.01601524129289199,5.160730838577915,0.017664690055556327,0.06703413242913153,46.4129926427325,-1.6336509670535406,-0.6983889692531833,-5.9239044189453125,0.8081250602791723,162917200.0,-0.12206996707813171,-0.280633942408457,0.12296046805864509,-0.0889603553587621,0.009333680536247922,0.18826643272216476
AMGN,2020-06-16,185.13722661560496,190.16384231732548,184.9627435556196,188.49383544921875,2581600.0,0.03175000397882695,0.027592938248142778,0.01813038304059194,0.013877426206130517,185.17625732421874,186.39801330566405,186.76523023807897,0.011243800866685597,-2.7940429687500057,0.016863366777756808,5.246188093143219,0.01659706822005908,0.057774791938195715,52.50005014855115,-1.2602855956174608,-0.26001887825368275,2.6171875,0.888309284132689,165498800.0,0.06515329926725726,0.033668396418970924,0.7601741282681292,-0.12283138126448936,0.021463964570521358,0.3979753226485153
AMGN,2020-06-17,189.88132848982977,190.10566021057426,186.54964429203764,187.74606323242188,2751100.0,-0.003974980877961526,0.018940561827570333,-0.01124526184006692,0.007360946512146375,185.5891876220703,186.33736267089844,186.85864290420687,0.007559946869117291,-3.1174487304687375,0.015958043831928864,5.240847136249215,0.016386721176747814,0.05677422239597145,52.22112900315122,-1.0130519846285893,-0.010228213811849018,4.129302978515625,0.964634847613571,162747700.0,0.045602211259317425,0.5291319918969035,0.6839016229296857,-0.1313726652069497,-0.008257698897217435,0.36295995792047636
AMGN,2020-06-18,188.4854851392708,192.3239847366494,187.50508150964333,191.36021423339844,2469800.0,0.019067268004184828,0.025182367433642973,0.01525172663562674,0.003938414974558183,186.37350158691407,186.43913955688475,187.2873639831775,0.026395072881208004,-3.3969239807128986,0.016539140449528242,5.080018905729509,0.01652774575953193,0.060081522677947106,50.77116712123497,-0.5194973436377097,0.3866611417432245,7.8431396484375,0.8853218244124859,165217500.0,-0.038693331933357174,0.11241649105935766,0.9999999990309224,-0.13773230956181318,0.0013733348335353704,0.3621729357755257
AMGN,2020-06-19,193.90264895542984,198.63015997980204,192.1827933760082,198.32273864746094,5319500.0,0.03573810657410653,0.03250946738515299,0.02279540643638702,0.013286119751781017,187.45609588623046,187.01740798950195,188.3383520464426,0.06045068627297842,-3.167339935302749,0.017985567444112213,5.312659975439465,0.016925163143212633,0.08260865407813256,62.8740214168284,0.4285260160226301,1.0677476011228515,10.825942993164062,1.8113129166922044,170537000.0,-0.009017708006991908,0.014453624685811215,0.9999999994213503,0.0065981323280101,-0.0060547784554683005,0.3074076143540665
AMGN,2020-06-22,196.33701017312757,197.45033960202383,193.63676350707422,194.57562255859375,2337000.0,-0.01907480444451265,0.019599454673728228,-0.008971245986585243,-0.01001261120069145,188.15733032226564,187.33977661132812,188.9323778095046,0.03862418370593963,-3.1348886108398517,0.018610594339148915,5.390402203075392,0.01702261443198153,0.08995528547346918,61.11234994031529,0.8674806295674102,1.2053617717341054,7.0123443603515625,0.7957220999300296,168200000.0,0.12920695567721904,-0.2930454128122487,0.7831732836233581,-0.0979616927929665,0.0010970050019391054,0.31512919908481374
AMGN,2020-06-23,195.14055646205378,198.7131924128055,193.9524542255404,195.8717041015625,2171500.0,0.006638981573097523,0.024305390148628044,0.0037467743905449796,0.002903415628491222,189.0587921142578,187.89436569213868,189.59326602779583,0.04245650677197282,-2.895147552490215,0.018046578629294426,5.372005027972141,0.016875010290071737,0.09735274976514967,66.05007550014349,1.3048962404211863,1.314221906070305,9.014617919921875,0.7422307597653847,170371500.0,-0.007966834026110066,-0.004133082438340398,0.8581709879120627,-0.08461789061489768,0.0005316354314276744,0.3719258584256872
AMGN,2020-06-24,195.42307084197677,196.9102779113092,192.2575405351561,193.17977905273438,1972900.0,-0.013838620982341973,0.02408501241158892,-0.011479155350375006,-0.0022904444602836055,189.50662078857422,188.21424102783203,189.9348386968376,0.02638237148148672,-2.695492248535146,0.018324880156301734,5.452716611755333,0.016536839701919864,0.10015688928422732,61.850421446875906,1.4179897066773606,1.1418522978611834,4.4782867431640625,0.6855870006394039,168398600.0,0.16665701108943548,-0.14697624833003986,0.7024028575234982,-0.08646329843485419,-0.02972884570331118,0.3874172795980886
AMGN,2020-06-25,192.3406299281894,195.6141614681405,191.41839141149092,195.33998107910156,2080300.0,0.011120280145255158,0.021479320482531147,0.015593955120309073,-0.004343876614104123,190.85342254638672,188.67037353515624,190.44961416181513,0.03535058217660508,-2.485309448242191,0.0184014088727371,5.292482404592239,0.01658637705695469,0.10483983655824586,60.06829053879088,1.6627600802728466,1.1092981371653354,13.468017578125,0.7293808694859483,170478900.0,0.04456839482606561,-0.2193962574568521,0.8274028574511669,-0.09246852960021992,0.011250838896056626,0.39122802955784197
AMGN,2020-06-26,195.55597040989818,196.79393394040983,192.60648100088642,193.4539337158203,3613300.0,-0.009702117683059237,0.021645736838180243,-0.010749028473392349,0.0011057097968549194,192.0947036743164,188.80081634521486,190.73573983362516,0.024645642220621627,-2.4128985595702943,0.017808967487689335,5.324528836867297,0.01606068127256318,0.10675684225122106,57.22434100461474,1.6851289869560162,0.9053336350788042,12.412811279296875,1.2811984753124723,166865600.0,0.2395506475999481,0.1206142271857905,0.7182668056392876,-0.06078800176191761,-0.025569932616932675,0.3929938809820158
AMGN,2020-06-29,193.91923959908874,194.5340695317629,191.0777509028796,192.39048767089844,1938000.0,-0.005512318845460574,0.01796512224032437,-0.00788344638392181,0.002405254182899958,193.07343597412108,188.9939872741699,190.89333486574643,0.017971473303017252,-2.189314422607424,0.017615008375890962,5.349454951053594,0.01598925728437006,0.10797300752784177,56.727252759728756,1.5986174317772281,0.6550576639200127,9.787322998046875,0.6856985155582446,164927600.0,0.2052977602761083,0.2423463024206422,0.656730544717496,-0.08553883314819127,0.018570072997072723,0.37509690250236677
AMGN,2020-06-30,193.8444469404435,197.17614353886356,192.58987554134515,195.96310424804688,2589000.0,0.01839930124860249,0.02340373212149764,0.010929677589651585,0.007557334497910297,193.82036285400392,189.49831008911133,191.37617004501314,0.034115312985617055,-1.6991276550292866,0.017642097085374075,5.418893428072069,0.016140960613608615,0.11130133881044325,58.47231108799118,1.7976149154207235,0.6832441180508064,7.469268798828125,0.9260252805974634,167516600.0,-0.011080729783669918,0.18216975895561596,0.8634598535665169,-0.14861801860781487,0.01577831962474686,0.41456291689276514
AMGN,2020-07-01,195.6806245044871,212.88743060904824,193.23793809423398,211.96517944335938,6575800.0,0.07849561539511847,0.09270151147662876,0.08322006831340044,-0.0014414945335945366,196.24227447509764,190.91573104858398,193.3370280829509,0.1102551805404593,-0.7124397277832202,0.02456974526020928,6.1630937248975926,0.0204013651990832,0.1487918834494317,78.92048362380578,3.209557803765591,1.6761496051165392,24.2191162109375,2.235461494398428,174092400.0,1.2985663133621692,3.5816577571386183,0.9999999996766271,0.03275523488948701,-0.00012288720604020992,0.47521276819677194
AMGN,2020-07-02,210.09575505315263,217.23271001562884,210.09575505315263,214.55738830566406,3338000.0,0.012155233859796319,0.03326361780797181,0.02123618942887577,-0.008819488158932664,198.5619918823242,192.46774673461914,195.35801477082833,0.11477061453575828,0.3329008483886753,0.02451606025928161,6.1892051913814345,0.0207297324284925,0.17930366583296076,81.15538587753908,4.48599059927642,2.362065920501894,23.197174072265625,1.1168193733699807,177430400.0,1.2227422037928242,3.480536734810462,0.9999999997016373,0.06176736798332229,0.005232351662722874,0.4785776000490552
AMGN,2020-07-06,216.04463065320581,220.14900710165318,210.95154659741718,212.90403747558594,3460400.0,-0.007735711225530198,0.043200028582317015,-0.014536779590977883,0.006931676225583934,200.0201217651367,193.73810882568358,197.02906455223382,0.09892699358982054,1.1824725341796807,0.024541149155187052,6.422435622483789,0.020990436546422263,0.19955214172340824,78.11875193282984,5.3030311494934494,2.5432851765751385,14.581298828125,1.1627160730276012,173970000.0,1.3932928411085066,3.8403480470967093,0.9506701955987551,0.06423077058585044,0.01245426622046062,0.45702452069599003
AMGN,2020-07-07,210.70232060970133,215.1141060241341,209.44773640582466,210.32843017578125,2365900.0,-0.012171273673167712,0.026940578663444514,-0.0017744960418004361,-0.010341357975125674,201.59540252685548,194.87636642456056,198.2956708020955,0.07929162491441674,2.014005889892587,0.024865163537396647,6.287127906329183,0.021122749098521867,0.20985797953616644,71.5905675477,5.6772676803116155,2.3340173659146437,15.7528076171875,0.7936851392446254,171604100.0,1.3988883314473812,3.654126347456915,0.8738237083112897,0.08120343270836618,-0.015560611933374394,0.5132230998031956
AMGN,2020-07-08,210.32843445798838,211.0180374203901,207.08814360110338,209.03231811523438,1993700.0,-0.006181390093460229,0.01880041256166075,-0.006162344839840923,2.0359621025825955e-08,202.91146392822264,195.98512802124023,199.31820864144206,0.06657234773742697,2.9434724426269554,0.024920583810310187,6.3138334706684764,0.02115712743023295,0.21444788428320058,70.82255150499795,5.802381177629115,1.9673046905857143,13.160614013671875,0.6734540148155154,169610400.0,1.4023112482714903,3.625902739144439,0.8351525727730814,0.10302833817713877,0.0032552213021427674,0.49682899388067187
AMGN,2020-07-09,207.9189899647058,210.89341699681242,206.74749531027095,209.09048461914062,1739600.0,0.00027822689363544463,0.01982836136275301,0.005634380268169343,-0.005326105362879043,204.50253448486328,197.00457763671875,200.24890159169908,0.0613483561011896,3.7038992309570347,0.024932660462051663,6.26576336063529,0.02119531464370395,0.218260560121388,68.64088513366747,5.838920633928751,1.6030753175082797,15.91070556640625,0.5988656803766148,171350000.0,1.4634965092932768,3.7482327500850166,0.836888043667005,0.13328615518567452,-0.013956389413172308,0.5133471968381886
AMGN,2020-07-10,208.2512501518474,209.0156385466115,205.2768368370438,206.91358947753906,1326100.0,-0.01046583505978654,0.018069386931077232,-0.006423302012991339,-0.004013738209186841,205.65989532470704,198.25665893554688,200.8836337713029,0.0436652700013801,4.707815246582044,0.02327904880333694,6.018884934613378,0.020268813633285775,0.2087190256927694,60.04264570317963,5.627352554104931,1.1132057901475676,11.5736083984375,0.47768538180429704,170023900.0,1.929123604619351,4.774195689152209,0.7719376357232492,0.10365340508438999,0.014971784956845867,0.29272894365247065
AMGN,2020-07-13,207.57003646141206,212.22276149565164,207.113069112933,207.7445068359375,2528100.0,0.004007728188405584,0.024596040879934902,0.0008405373795744158,0.00317256583064717,207.08895263671874,199.5918281555176,201.53705025364906,0.040846755880543976,5.836463775634769,0.023138680404048713,6.063398997308083,0.01990951887003309,0.19459434148906665,66.52072374214197,5.463748718968702,0.759681564009071,14.290573120117188,0.9090059219680926,172552000.0,1.9093042421173787,4.795860145647492,0.7867924579898535,0.11000411967511584,-0.005800097636365631,0.37837202071717546
AMGN,2020-07-14,201.69593381871485,210.86015343541501,199.80160817486225,210.278564453125,2368300.0,0.012124156929833013,0.052589978865952916,0.04255232354919091,-0.029115441410922135,208.8777603149414,200.97559814453126,202.3695754155039,0.0462890340642426,6.827029113769555,0.023164443972167638,6.513242359685772,0.02071889701635997,0.1814185216232489,67.52931181473329,5.475451179774723,0.6171072198520733,17.888076782226562,0.8531355423911066,174920300.0,1.8778456416863492,4.687016632670562,0.8404098324400443,0.10795844766461624,0.014464017545964197,0.38163577650756264
AMGN,2020-07-15,211.5082683278033,211.5082683278033,208.3510540370639,210.46139526367188,1650100.0,0.000869091788561777,0.015001393898315452,-0.004949560943447137,0.005847975412407912,210.3275894165039,202.0739761352539,203.14022492485324,0.0415066763609582,7.527391052246088,0.022438322080139704,6.406419282156222,0.020481286562219432,0.1752169929224099,72.39448628452202,5.436806264384018,0.46276984356909434,14.498291015625,0.6045606758945123,176570400.0,2.218056198119854,6.421325853562928,0.8472289959830335,0.13611807555715624,0.014406155192027856,0.23939433137467295
AMGN,2020-07-16,209.4228089418977,212.1064350018968,207.64480097690935,212.0316619873047,1530900.0,0.007433371635828627,0.02104230086756854,0.012457349123470065,-0.004934806787121248,210.33423767089843,203.28825607299805,203.9870284546105,0.043009891880655404,8.402202911376946,0.022322842591633495,6.425409565608926,0.0205232444394886,0.16604734971424032,71.96586043291323,5.469834445215241,0.39663841952025436,0.0664825439453125,0.5737124354952949,178101300.0,2.1721748076727088,6.34630373230183,0.8911192234277231,0.15141027687745298,-0.0033523746451491,0.21757024373633282
AMGN,2020-07-17,213.27791866073042,215.97816487298357,211.66606467714382,214.7401885986328,2044800.0,0.012693259753353418,0.02008054581669116,0.00685617126744603,0.0058776913869606545,210.3525177001953,204.45725479125977,205.0111389445174,0.05029380746538626,9.181358489990231,0.02217201849157732,6.434312941060093,0.020418771279272423,0.1627345046880103,77.41867262912768,5.649441730300424,0.4609965636843496,0.18280029296875,0.7724504752262802,180146100.0,2.2553525915264,6.7712217145485125,0.9999999995525667,0.11509467288330587,0.0021046842564101127,0.21757195683547362
AMGN,2020-07-20,216.08617972847298,218.36271251544224,214.62390961255937,216.8090362548828,1497400.0,0.009588076568711459,0.017244682082749974,0.0033452233146892894,0.006267998266295374,210.743017578125,205.38156967163087,206.13474821217125,0.055640175510988925,9.620645904541021,0.021019910544612656,6.454490389202919,0.020066616826885698,0.16792286215156482,80.65925206701188,5.890814866631558,0.5618957600123871,3.904998779296875,0.6096769005580087,181643500.0,2.6830756387738304,9.719554015136485,0.9999999995904753,0.22310766535869853,-0.0023308964384751965,0.2756223452108006
AMGN,2020-07-21,214.8731723862336,216.04466711082503,213.75984290844892,214.2832794189453,1821600.0,-0.011718073580502994,0.01066263410085793,-0.002745307665621228,-0.008928889229383414,211.1385025024414,206.36695251464843,206.91079880329258,0.03836043905205685,10.196110534667952,0.02065170541362527,6.330457351950689,0.01994613189457783,0.16371738851031536,73.6233171821648,5.811308204575397,0.38591127836498096,3.9548492431640625,0.7495417204155068,179821900.0,2.8286954091597485,10.348787057572984,0.8965640059966654,0.22089598074003733,0.012845901912971665,0.2130302691475809
AMGN,2020-07-22,215.8452160982358,216.01968643777653,212.53014019239615,213.5105438232422,1598100.0,-0.0036126582206358966,0.016343671759223532,-0.010816418900528462,0.007289120660864723,211.5863250732422,207.24889450073243,207.5393459480497,0.030213185636498656,10.814309844970722,0.020736476153039047,5.176175475562554,0.019799663381044635,0.15846664351134138,53.28154677930361,5.621148200121183,0.15660101912861357,4.4782257080078125,0.6654272229312359,178223800.0,2.872431501507021,10.471574617777087,0.8649185708583341,0.24263494540354674,0.005528488814368653,0.20389485026802126
AMGN,2020-07-23,215.63755989806768,216.01974157211137,209.04064730008878,209.5723876953125,2532000.0,-0.018617011364428632,0.03330159258465467,-0.028126696506963804,0.009962112581130288,211.63451538085937,208.06852493286132,207.73296897159855,0.007227728282960807,11.357686920166003,0.020979599252433135,5.164899711958725,0.020029103569564465,0.14459479150493046,39.98683288615412,5.093948867906249,-0.29647865046905686,0.481903076171875,1.0421597237371223,175691800.0,2.7729624419651677,10.048011541449716,0.7036413306172875,0.28007663396907556,-0.006519163243335972,0.13668980239641088
AMGN,2020-07-24,208.75811436659748,209.23170211148548,203.97245163358204,206.03294372558594,2187900.0,-0.01703312867220757,0.02552625994078015,-0.013054202224809843,-0.003885403691152538,211.54645080566405,208.60317306518556,207.57106180531164,-0.012321142108401488,11.68059890747071,0.02142787499117267,4.907933680351186,0.020109050390251758,0.1327962719142372,37.1704168338135,4.340501452000069,-0.83994085310019,-0.880645751953125,0.8985400110885233,173503900.0,2.7628586856005226,9.873118166306755,0.5586923400536747,0.334561611219296,-0.005508233507715192,0.17230656693194168
AMGN,2020-07-27,205.46797714885847,211.9485708772143,205.2436454424311,210.74383544921875,2155700.0,0.022607268915073336,0.03181552343152091,0.025677277664236716,-0.0027421176755108973,211.84638366699218,209.46766815185546,207.873230723779,0.006092430916059647,12.258120727539051,0.021659327340569728,4.982116238670741,0.02036337042903138,0.11351646910209576,50.71835607705387,4.076526873879033,-0.883132344976981,2.99932861328125,0.9126317170955983,175659600.0,2.481776379480259,8.386166350673843,0.7516150154330526,0.265816129211174,0.005580091132780196,0.0761195986744652
AMGN,2020-07-28,211.4167851590091,214.6903032040404,210.8435001866558,212.0897674560547,2266600.0,0.006366270530076509,0.01813761721522775,0.003183201828272219,0.003193211836331507,212.02750396728516,210.45263214111327,208.2748056506624,0.007779115415594713,12.992668762207018,0.021533145991468067,4.9833000912089505,0.02036581754786383,0.08356199827101554,55.278121241400164,3.9306208331742027,-0.8232307085454487,1.8112030029296875,0.9529535421484129,177926200.0,2.4395554504129393,8.325901831940689,0.773612002331358,0.28401903046262306,-0.003999835160919119,0.1685422275578516
AMGN,2020-07-29,208.04358268740881,210.07916307719663,204.1718546269468,206.7557830810547,3286700.0,-0.02547131156262627,0.028571430323349002,-0.006190047247403356,-0.019077699113816265,211.65694274902344,210.99226608276368,208.13013683450924,-0.020078854454538112,13.272081756591803,0.022299135290163544,5.252728029963693,0.020480453914196287,0.055891901580183465,46.590605743652915,3.346010556745341,-1.126272787979448,-3.7056121826171875,1.3618631092842626,174639500.0,2.3657011552432112,8.079286685391615,0.06707805754570054,0.26309817054893225,0.01327878158754796,-0.1250733037788253
AMGN,2020-07-30,204.72022658677648,205.90003777948363,203.72321500709768,204.50421142578125,1967400.0,-0.010949735844185838,0.010644390925787658,-0.0010551725376469452,-0.009845221565000721,210.9041976928711,210.61921768188478,207.78481060510657,-0.02903346771204665,12.58813064575196,0.012584685754046858,5.19693662223942,0.015885908855742287,0.06215522894184951,46.48921178745792,2.6702388342594077,-1.4416356083723052,-7.5274505615234375,0.9012512797960572,172672100.0,0.04072887703867679,-0.710104733805016,0.0,0.15206285298845662,-0.009362248355798927,0.05449381571989863
AMGN,2020-07-31,204.0804536619758,204.47095181137144,198.89597649475962,203.2828369140625,2830100.0,-0.0059902744284966915,0.027424722132191732,-0.003908344643502335,-0.002072122431372181,209.75846252441406,210.05549011230468,207.35605120595952,-0.03224220987807189,11.745239868164049,0.012174683444604506,5.218298258875781,0.015684980913065284,0.0670369598450493,43.57189149071442,2.0129263973682328,-1.6791584362107845,-11.457351684570312,1.3117071520275125,169842000.0,0.20428359285762643,-0.4031566757855077,0.0,0.19383172379949482,-0.0021443645508865787,0.03471069880138943
AMGN,2020-08-03,203.43240585363128,206.89702802544016,203.1665293650308,205.517822265625,1853900.0,0.010934461917770368,0.01815170392175432,0.010251151497928837,0.0007357676714833064,208.62934112548828,209.68617935180663,207.1809817830705,-0.019879026357707896,11.000720062255851,0.012478229165272303,4.6948663588655375,0.014803548653142902,0.06853104904598771,43.08138333305245,1.6532881184770645,-1.6310373720815625,-11.291213989257812,0.8924801840899845,171695900.0,0.01945238805192194,-0.6503131602620997,0.16523380245959163,0.1568332498871973,0.004001523797248364,0.09365860955467413
AMGN,2020-08-04,204.3629282944547,204.5290947447937,200.5161122145532,202.38551330566406,1912100.0,-0.015358396254213253,0.01982840799568327,-0.00967599654836363,-0.0056194346477535535,207.43956451416017,209.28903350830078,206.72427049950798,-0.03298558021370435,10.318428955078133,0.01263503915148218,4.826616056032137,0.014607379350658818,0.07530254509013781,39.19029706100651,1.10280854569109,-1.7452135558940296,-11.89776611328125,0.9306638177123513,169783800.0,0.02074357486161532,-0.7287513174310098,0.0,0.07364682355487766,0.007847952182769201,-0.0685698315318857
AMGN,2020-08-05,202.65142477290007,203.89769238224522,200.06749608908348,200.62416076660156,1736400.0,-0.00874104949425934,0.019091400948551013,-0.010003699744871513,0.001313885874995417,206.1509262084961,208.86862564086914,206.1433076678026,-0.03947201188771738,9.581136322021479,0.012693345930461042,4.781513360901728,0.01461121271243148,0.08410155736843153,34.80857967508817,0.5184467571080233,-1.8636602755816774,-12.886383056640625,0.8504719129740558,168047400.0,0.04690240653819905,-0.7733582772563518,0.0,0.10568514694119238,0.005618147403275992,-0.08062881644178088
AMGN,2020-08-06,200.1090086124659,201.2306416734094,198.66333385475943,200.6905975341797,1747000.0,0.0003310955643214298,0.01279236720700244,0.002906360516932486,-0.0025677473349531264,205.26274719238282,208.4486312866211,205.6240019407909,-0.0372179644671015,8.882975463867183,0.012693845309519237,4.656885333959601,0.014468991521694508,0.09126037807138046,29.87382478511043,0.060005020935420816,-1.857681609403424,-8.881790161132812,0.8555086530268454,169794400.0,0.0462260633916735,-0.7738344620691362,0.004104867385923372,0.1073880637424326,0.0012648011128397298,-0.07071886114404399
AMGN,2020-08-07,202.37727739926285,202.41050562941706,198.2147474688215,199.97613525390625,1352300.0,-0.0035663706471064345,0.020981294369291935,-0.011864682518776426,0.008404379107974428,204.65706634521484,208.10175857543945,205.0861098753733,-0.039046394308040216,8.260926666259763,0.012545675432828378,4.689524995224793,0.014539229379579868,0.09828263884853033,24.91325528393459,-0.35685093740895013,-1.8196300541982362,-6.0568084716796875,0.6617988910476321,168442100.0,-0.02547187310452936,-0.6583420335466658,0.0,0.12447084531412766,0.008007359933793371,0.009416682060541559
AMGN,2020-08-10,199.6188177665656,199.95946726369985,196.2539056143744,197.88235473632812,1533200.0,-0.01052534958948993,0.018726084264880524,-0.008698894471302274,-0.0017868006444217539,203.37091827392578,207.608650970459,204.400037957369,-0.046849185660933,7.627073516845712,0.012620579887046195,4.737599016160361,0.014387059508152528,0.10792758112375864,25.238218323678367,-0.8464060350934233,-1.8473481215061676,-12.861480712890625,0.7690513511818923,166908900.0,0.1411626024352033,-0.6987294492991901,0.0,0.10417459558686656,0.010851859255478817,-0.0004931861178022266
AMGN,2020-08-11,197.89067632626998,198.48888580188546,194.716854692906,194.95779418945312,2296200.0,-0.014889591025303905,0.019347936945336666,-0.014820719152939282,4.2053218706366526e-05,201.65772094726563,206.84261245727538,203.50077664613892,-0.05745826803593064,6.732420501708987,0.012423641216151247,4.757776506417438,0.012700094278919253,0.12047242383434165,23.698399890975395,-1.4536132232283308,-1.9636442477128602,-17.131973266601562,1.1538577501733651,164612700.0,0.35891196926570024,-0.4826672600431505,0.0,0.11362246135659149,-0.002669464290049499,-0.10742456635704631
AMGN,2020-08-12,194.99102380610316,201.89534403670592,194.99102380610316,200.8318634033203,2325500.0,0.029684962433191957,0.034378609617026615,0.029954402429443208,0.0001704451816773296,201.0653289794922,206.36113586425782,203.24659443253714,-0.02679415597215264,5.951839599609372,0.014533956359499214,4.754809047505311,0.01338087225291316,0.12225059331516325,38.25361105403529,-1.44419323991184,-1.5633794115170956,-5.923919677734375,1.1490816734937914,166938200.0,0.6232372997194294,-0.1805980251617718,0.2688208383573856,-0.029491578341497147,0.0120959412462388,0.17862687566476632
AMGN,2020-08-13,200.49119902594038,201.70423826845283,199.07876510301202,199.7849884033203,1362800.0,-0.0052263272410192525,0.013141493694914543,-0.003522402110671652,-0.0016962665764635098,200.5934066772461,205.7488021850586,202.91691766784982,-0.028985897941579224,5.016141357421873,0.014364070407642935,4.54234741205605,0.013190639182305584,0.12290544219558378,41.00044660832626,-1.5038662644939222,-1.2984419488793422,-4.7192230224609375,0.6761983442369572,165575400.0,0.7742398254133634,0.11898447574818626,0.2209116624676936,-0.08954214281683165,-0.008145218869668793,0.2525736208493875
AMGN,2020-08-14,200.07775119206912,200.78869242351252,199.58425932246638,200.49595642089844,1225000.0,0.0035523487911376245,0.006007268787594324,0.002090213561166312,0.0014653893222336687,200.3147186279297,205.03659057617188,202.6863499300449,-0.02214548214303522,3.964352111816396,0.013978361512746996,4.149455102503402,0.012934875240785293,0.1180718123823186,33.31652411956567,-1.4767651596788767,-1.0170726752514372,-2.7868804931640625,0.6204432243801266,166800400.0,0.8737132885584842,0.5629591136074454,0.2534483949391883,-0.15829025297696056,0.002859150580327668,0.26071992606963357
AMGN,2020-08-17,200.9141493290948,204.70308744893094,200.9141493290948,203.25608825683594,1697500.0,0.013672623436028488,0.018641203578848773,0.011656416113854975,0.002085792230734408,200.0885452270508,204.35894317626952,202.74061072307262,-0.005396656012662565,2.9715188598632665,0.014208767343590091,4.168073907732749,0.012970230993358882,0.10544070487292684,36.25187963139751,-1.2185214107640263,-0.6070631410692695,-2.2617340087890625,0.8554222938923605,168497900.0,0.8408991593201366,0.34254239521773555,0.42939641434850023,-0.09070882047119866,0.000704531736489636,0.298671238475979
AMGN,2020-08-18,203.68268631000888,204.34344498224664,200.75524959196653,201.99313354492188,1123800.0,-0.006232998030890516,0.017763947354587258,-0.008295023969369049,0.002098820541276411,200.04930725097657,203.74443588256835,202.66942242039158,-0.00859558362936533,2.0684144592285065,0.014088635627051461,3.8588083763879086,0.013109085471321242,0.09564115632928648,41.51219334441745,-1.1030559273992253,-0.3932781261635748,-0.3923797607421875,0.5764525444855374,167374100.0,0.8106090138066423,0.3867952809904888,0.37920736767037566,-0.10548675187551132,-0.002492702718546687,0.4514003051336193
AMGN,2020-08-19,201.59164244763792,203.85830753254385,199.48388462150254,201.14834594726562,1900500.0,-0.004191029091119488,0.021747247736196323,-0.0021989825321624716,-0.001987647254329379,200.10172576904296,203.12632598876954,202.5245579943796,-0.00973768432956972,1.164479370117192,0.014090841105414953,3.9546551504653586,0.01324954893219001,0.08507634490908984,43.70359215607236,-1.0674115430672089,-0.2861069934652467,0.5241851806640625,0.9673577213012119,165473600.0,0.8170027804242977,0.39256132343044825,0.3613449342853813,-0.11117051804991339,-0.0038888457548316023,0.45524090109287507
AMGN,2020-08-20,200.8472365079367,201.315624297083,198.48019350822025,199.67625427246094,1172800.0,-0.007345349026880895,0.014200140117781626,-0.0058302133294699495,-0.0014969521022452363,200.0002914428711,202.63151931762695,202.25329097324448,-0.014584429190078805,0.450177459716798,0.013657108907180414,3.7565977117397233,0.012638393871632009,0.08102389938845071,43.296256231908394,-1.1447526115314872,-0.29075844954362007,-1.01434326171875,0.6183468921847237,164300800.0,0.8459833847490759,0.6114371890322332,0.2754183658138302,-0.1862580788181522,-0.004000866538683067,0.35641258799288184
AMGN,2020-08-21,199.80172566121772,199.80172566121772,196.9830138609285,198.7645721435547,1959900.0,-0.004576256545560277,0.014181157989530629,-0.005190913713235983,0.0006283741109524795,199.87913513183594,202.2681007385254,201.92103203708353,-0.017321211709501145,-0.2510932922363338,0.013237105227561488,3.6914700788739987,0.012315933992713024,0.08126351759108379,36.79791955393785,-1.2650286314486436,-0.3288275755686212,-1.2115631103515625,1.039585841815761,162340900.0,0.8513796793232169,0.8444414076488711,0.22220312235139708,-0.08188200881276045,0.001750983233579602,0.24677800289643942
AMGN,2020-08-24,198.83985527959777,199.43371232233585,195.35202518944973,197.03321838378906,1565300.0,-0.008748734047485602,0.020715730912620255,-0.009085889211035252,0.00037875530448510275,199.79422149658203,201.58256988525392,201.45552597486503,-0.02256817890581743,-1.2564660644531216,0.011974435463264502,3.62575415614645,0.011864163459879526,0.07438512577780432,38.93033554115652,-1.4829593899240194,-0.4374066672351975,-0.8491363525390625,0.8434864609995959,160775600.0,1.0750251207812398,2.290408861057589,0.12114332428772241,-0.18008699006792436,0.01592311730109413,0.026236315444434468
AMGN,2020-08-25,203.1640605268058,209.06912807473685,201.40760652184775,207.61376953125,6392100.0,0.05230714055346791,0.03690276213464679,0.021902047994640763,0.031115779325468055,201.05981903076173,201.35876998901367,202.0420253611874,0.031063953869889117,-1.9804780578613475,0.01742137935125131,4.211876541702596,0.01264908232457866,0.0631440512990972,60.592015782894556,-0.7927704693887847,0.20222580264002987,12.655975341796875,3.0999139195693552,167167700.0,1.930605970608184,4.579562270002978,0.9999999992098594,-0.14790541503251736,0.0018569661356260044,0.046780216176899765
AMGN,2020-08-26,207.7058220528226,210.25687664331855,205.55624093083725,209.253173828125,3125000.0,0.0078654005779513,0.02246386817693995,0.007449727504070032,0.00044338350862010544,201.90195007324218,201.4836395263672,202.72880140565763,0.03856161383634843,-2.2707952880859352,0.01654806244945573,4.364257105547692,0.012431722856707204,0.06829587241640767,62.38523686704537,-0.11221105247355467,0.706228175644208,8.421310424804688,1.5214660603522985,170292700.0,2.1110153526730615,4.984218716078456,0.9999999993004732,-0.08382794421620732,0.0030718559060625163,0.388844036030189
AMGN,2020-08-27,210.97619453384306,214.88223013766324,209.44556174801264,211.45294189453125,3928300.0,0.010457599885689941,0.0257110085153713,0.002259721110912908,0.008234143713076007,203.0687454223633,201.8310760498047,203.55967192840748,0.047672866007770896,-2.3974963378906295,0.016448947224351442,4.466635544757884,0.01282003756857741,0.08040103505709519,65.91658597035342,0.5977496020021249,1.1329510640959102,11.667953491210938,1.8254309393420494,174221000.0,1.9651404078617842,4.515991987882762,0.999999999393761,-0.09019088812347335,0.004146517419901803,0.2797381749752705
AMGN,2020-08-28,211.94639787890762,212.56534619171146,207.25413485561722,211.7122039794922,12838400.0,0.0012253472192993015,0.02508693989416269,-0.0011049675850081377,0.002333644450416275,204.19037017822265,202.25254440307617,204.3361035523203,0.046771523217841594,-2.3830677795410224,0.016348422048960476,4.580134237369482,0.012732587685179486,0.09127357987663305,70.20817010703483,1.1678564964514067,1.3624463668361535,11.21624755859375,4.8402955813602775,187059400.0,1.9344924437376285,4.497830144816718,0.9999999994031422,-0.07812110997363293,0.009696414079771728,0.20715884170132717
AMGN,2020-08-31,211.55325854453937,214.16285468891655,209.1862285428127,211.8794708251953,4053900.0,0.0007897551550045554,0.023488005358526062,0.001541986556483404,-0.0007507617981635533,205.0527084350586,202.57062683105468,205.0545194830703,0.04595357253795868,-2.336119995117201,0.0162168318016534,4.666176740021224,0.012888660485592632,0.09973113531567664,76.89295817956688,1.6145557604612293,1.4473165046767809,8.623382568359375,1.4675282363162467,191113300.0,2.0773819522417343,5.070320191715693,0.9999999994090419,-0.048621365229333816,-0.0076994445414777695,0.18281027398941307
AMGN,2020-09-01,209.14443949645545,210.80888815509286,207.9985484798949,209.82192993164062,2869000.0,-0.009758360856209392,0.01339392729879833,0.003239342326367034,-0.01290843005265158,205.83558807373046,202.94244766235352,205.5085585734103,0.03389868580245411,-2.2692253112792855,0.01595880508070318,4.447846204167482,0.012739101232409797,0.10453592844259986,66.2600546773534,1.782000004168708,1.2918085987074077,7.82879638671875,1.0209074297792542,188244300.0,2.1702472766532575,5.380434857189576,0.878407976548092,-0.08791728054450527,0.0037833998791669265,0.2827231366039112
AMGN,2020-09-02,210.12300001510616,216.4629789614458,210.12300001510616,215.89422607421875,2871600.0,0.02852937534827517,0.0293661348041801,0.02746594165654254,0.001434883777704362,207.31017608642577,203.70595092773436,206.49766976396347,0.05983269065520935,-1.9061724853515614,0.016835215391071842,4.73467305162208,0.013104776744463214,0.11791757385299986,74.6544359933024,2.37728051412617,1.5096712869318956,14.745880126953125,1.001602717818769,191115900.0,1.7307247473877359,3.0714835715565534,0.9999999995223636,-0.1510503341030711,0.015233805805775626,0.6150401249884364
AMGN,2020-09-03,216.8728460203813,217.51687279849187,206.04969408819932,207.3544921875,3137700.0,-0.04035874242864337,0.055302292172784845,-0.04388909910827096,0.004532867617432849,208.0779998779297,204.03914566040038,206.57927189953838,0.01624858071410293,-1.8564720153808594,0.019430936537038455,5.467726309425395,0.014888198242373368,0.11789663345974873,58.4675737557792,2.1353445293787843,1.014188241747608,7.6782379150390625,1.0685023871631238,187978200.0,0.819483064172148,2.306076848922847,0.5921113043692133,-0.30262737197603945,-0.025460838962749522,1.0229548451819384
AMGN,2020-09-04,210.21500155178433,211.00122927326314,204.56923204501302,207.76431274414062,2910200.0,0.0019744742223865865,0.03095814263429852,-0.011658011034193477,0.013795261120736726,208.97797393798828,204.4285545349121,206.69213293235765,0.016317476865292016,-1.715549774169915,0.019389769381660645,5.626645323726653,0.015199628561414826,0.11718609850474905,55.908781285236074,1.954151371723185,0.6663960672736069,8.999740600585938,0.9654213807894348,190888400.0,0.7783650493934491,2.298863560483235,0.6116858220664283,-0.274916942164227,-0.0024807356987297875,1.0597839334221353
AMGN,2020-09-08,205.9493702998374,206.58505049870882,200.3454220545222,201.72549438476562,3358600.0,-0.02949649092038793,0.030931283441473823,-0.020509292691316898,-0.008735583220869642,209.44720153808595,204.62071151733397,206.21911973734888,-0.014149189058621206,-1.6888240051269747,0.02044104379374881,5.900266416536533,0.015546103717349245,0.11391674129523646,49.68824339907831,1.3081922893736646,0.016349587939269217,4.6922760009765625,1.081429176306185,187529800.0,0.6225923516526035,1.6897762566445031,0.3232499324302013,-0.2935949243732333,-0.02629835270814242,1.195284460482713
AMGN,2020-09-09,202.94661923752582,207.003214788407,202.26076934509604,205.39730834960938,2244300.0,0.018038358458944918,0.023089131407889697,0.012075535533879973,0.006053398736161024,209.22555541992188,205.1426872253418,206.1408519861356,0.0012411903524880727,-1.4269847106933469,0.02041791139016967,5.964787666007966,0.01564383177152168,0.10462166834091424,54.64353227293284,1.0800990535104802,-0.16939491833913234,-2.216461181640625,0.7232421667295068,189774100.0,0.41670205432747065,1.5016806853298539,0.44345933677922006,-0.2945698507117989,0.01510972182133148,1.1692508443753868
AMGN,2020-09-10,204.55254654543774,205.8740766456793,199.8184601286124,201.27381896972656,2126400.0,-0.020279928551979416,0.03008645907383379,-0.01602877906476154,-0.00411281827867851,208.42761993408203,205.1647850036621,205.6773250321919,-0.018965077432104585,-1.5111012268066588,0.019963241761324316,6.194800932308264,0.015458633204618996,0.10426321204155292,51.650281230947314,0.5601453819630535,-0.5514788719092472,-7.9793548583984375,0.687453425386054,187647700.0,0.6293063658053424,2.108552529213359,0.22483425346573033,-0.3205269855399113,-0.017928055423748406,1.1116965914141226
AMGN,2020-09-11,202.16044319909898,205.3304465786764,201.63351318994933,203.42343139648438,1899400.0,0.010623411161394406,0.018173586805354452,0.006247454632563974,0.004405064870885031,207.62466888427736,205.34670715332032,205.46266849545785,-0.00936599268377823,-1.1583441162109125,0.020048472293325827,6.283223490069738,0.015550779144915686,0.1015918778682628,54.692577126600895,0.31786990260644643,-0.6350034810126834,-8.029510498046875,0.6087849781329077,189547100.0,0.49845804317421954,1.9073435504218454,0.33880549301455043,-0.335170466655958,0.006649116773923483,1.122394543822056
AMGN,2020-09-14,204.78674547114005,207.29597699214358,204.29326633503612,206.38429260253906,2086500.0,0.014450253393911962,0.014549123963082623,0.007801027980222228,0.006701853691566612,207.09187774658204,205.64112396240233,205.55044221994177,0.003613910611928987,-0.7004653930664233,0.020269238554484176,6.268284808839245,0.015652900309928438,0.09904410545751172,59.1911050106904,0.3606245388914715,-0.47379907578212677,-5.327911376953125,0.6596460389622707,191633600.0,0.4089337096298797,1.62707437903208,0.49578868569874796,-0.3197909852482958,0.014201834513879078,1.1088136035682599
AMGN,2020-09-15,208.01527017090785,210.7085127607524,207.51343157341145,207.7225341796875,2243900.0,0.006463289901298275,0.015381485691759785,-0.0014072812586299016,0.007902624505973312,206.67618408203126,205.86444625854492,205.75730812086994,0.009025783494489443,-0.37351303100587074,0.02010471919221378,5.717449842215355,0.01558617713807011,0.09870003435205232,50.13063903159969,0.49676639354379404,-0.27012577690384343,-4.1569366455078125,0.7033331452679618,193877500.0,0.4674233887373552,1.8280838034124753,0.5667415000130092,-0.2982075078604573,0.0031679991144630735,1.1083439099184227
AMGN,2020-09-16,210.23177291487403,210.23177291487403,206.59338233152158,207.2290496826172,2325300.0,-0.002378517151943196,0.017557338553281232,-0.014282918279306374,0.012079761808682471,206.4168960571289,206.1262420654297,205.89747398389346,0.005350156322344611,-0.04972961425781364,0.02004768260764617,5.641575190134723,0.015580935453145558,0.09710646565042286,47.49997078810672,0.5584027996328018,-0.16679149665186854,-2.5928802490234375,0.715376770329077,191552200.0,0.44221449807715146,1.866426763552512,0.540577230059444,-0.3077843871370958,0.006386959493585494,1.0827588641535417
AMGN,2020-09-17,203.69106399362272,208.86844743604544,203.2644991997615,207.49673461914062,2801100.0,0.0012909010427080818,0.027007404461424245,0.01868354237492252,-0.017072826876410856,205.5771469116211,206.44366149902345,206.04978452058367,0.005101019389360896,0.2984014892578273,0.02000377103617975,5.639781756330843,0.01573590742285906,0.09438416880144254,44.86872270828781,0.6216836506259824,-0.08280851652695043,-8.397491455078125,0.8499811105193924,194353300.0,0.40084139680055236,1.8849463444530759,0.5547697345520507,-0.31680297986324524,-0.006811262000361413,1.061927172101941
AMGN,2020-09-18,208.00693691152912,208.9688039167419,202.70409721017984,207.19561767578125,6042400.0,-0.0014522428234545904,0.030235710469345208,-0.0039004431669168293,0.002458844922668171,205.5612594604492,206.81962966918945,206.15891148774534,0.0018179512611699107,0.7122669982910281,0.019906662034453317,5.7078885685071175,0.01614613646474606,0.08904976005148141,44.14825370252705,0.6401572261432307,-0.05146795280776184,-0.15887451171875,1.707391850442149,188310900.0,0.36288488998712287,1.9602966331132365,0.5388046838961138,-0.3274957021542449,-0.010713098128647978,1.024780415353564
AMGN,2020-09-21,206.62681910320032,206.62681910320032,199.23295424802015,203.40664672851562,2745300.0,-0.01845619875307704,0.03635016344892933,-0.015584484089049302,-0.002745224918178456,205.12549285888673,207.0517333984375,205.89679103448537,-0.01760471458071545,1.014509582519537,0.020377083371967367,5.92117694576835,0.016763151166509824,0.08273584433591559,39.9643159613418,0.34508149349147743,-0.2772349483676121,-4.357666015625,0.7672218286389798,185565600.0,0.39456473989356045,1.5967682079924332,0.33791557937709576,-0.3215588378440564,-0.019848043313731453,1.0300508025107777
AMGN,2020-09-22,202.03494191501912,207.6723400450368,201.4912674779637,207.01158142089844,2172600.0,0.01756757939834617,0.02985858339251885,0.024632568300846775,-0.006743657769095936,205.6541015625,207.55065155029297,206.0029615474771,-0.0025972943248694434,1.5280862426757835,0.02054666446205326,6.0854733901806854,0.01702222659065572,0.06894159428779649,46.78897163198465,0.3975373878889741,-0.17982324317609244,5.2860870361328125,0.602061741395555,187738200.0,0.20659848496065722,1.3544964642967294,0.392448883689732,-0.347029372408834,0.005445893217995347,1.201443993166194
AMGN,2020-09-23,206.84431465782,208.45858076129852,201.97639952872245,202.90481567382812,2104300.0,-0.020037759820492027,0.03194690678508218,-0.019045720403333043,-0.0008080067884624366,205.40485229492188,207.31520385742186,205.70790003570102,-0.02127382894033629,1.4401135253906148,0.017250166592898332,6.074125690378606,0.01681118190797608,0.07186681040677795,34.460698769668866,0.10649972546670483,-0.3766887244786894,-2.49249267578125,0.6199675329458106,185633900.0,-0.5726204322553521,0.009159310867412743,0.11155617564745303,-0.5533561803643025,-0.0222591720696477,1.1282156430402364
AMGN,2020-09-24,202.5367998111654,202.98009636028073,198.88168996795005,201.0061798095703,1827200.0,-0.009401327865331906,0.02038945467354999,-0.0075572439330637755,-0.001813736462787163,205.37808837890626,206.90285415649413,205.26011715702188,-0.02849972452513283,1.2168681335449207,0.017213013326800714,5.547784810524186,0.016760065943136285,0.07633913258662625,40.970775682124284,-0.2741930388273204,-0.6059051910181716,-0.26763916015625,0.5488207802193842,183806700.0,-0.4238968243885186,-0.08693306229313398,0.0,-0.5378802189532028,0.002671025045707298,1.1027981463040701
AMGN,2020-09-25,200.32863914747992,204.23467396632893,198.90674409922752,203.93357849121094,2635700.0,0.01445869228743793,0.026125809719614295,0.01799512720234224,-0.00337074543047524,205.4291030883789,206.52688598632812,205.13378014123035,-0.01255675493644378,1.0028616333007676,0.017389294512503373,5.4689228561564205,0.01678266292212786,0.07455472335829433,44.915651387421164,-0.33580721244445044,-0.5340154917082414,0.5101470947265625,0.8073354591094407,186442400.0,-0.4217343955791843,-0.16262607718260322,0.1966274571986949,-0.5596033274965524,0.011691379326480386,1.0966656942903408
AMGN,2020-09-28,207.16214621624448,208.29966500511426,204.72820136432682,206.6184844970703,2213900.0,0.013079677464346176,0.01728530556925115,-0.0026243294400255476,0.015831467034119084,205.45252227783203,206.27220001220704,205.27518055607226,0.0016787743808558918,0.9106097412109477,0.017695978448813366,5.250865415033914,0.016598345439712,0.07081298876962093,57.12891480392466,-0.1660730264925121,-0.2914250446050425,0.23419189453125,0.8099243999831716,188656300.0,-0.47851710897303484,-0.28471678404075373,0.37696717110939576,-0.49597813467733703,0.017209493560524633,1.0950929477399332
AMGN,2020-09-29,207.05338681116686,208.3080023489894,205.32201124291933,207.68069458007812,2008000.0,0.005127755323296143,0.014377798148776474,0.003029690934171347,0.0021048567612677155,205.4483383178711,206.06226119995117,205.5042771297871,0.007854098905362018,0.8832377624511594,0.017746683391448127,5.087170465207391,0.016410219003033674,0.06650573509288005,53.60061134648293,0.053536875407701245,-0.057452114163863297,-0.041839599609375,0.763158594845639,190664300.0,-0.5128537082952549,-0.2908528088013328,0.44831367711915726,-0.470931081403938,-0.008751250975644822,1.0834606478388056
AMGN,2020-09-30,208.94370156429392,214.221449691428,207.5134467796209,212.58209228515625,3526600.0,0.023326452416668086,0.03155488235015131,0.017413258660696054,0.006081484784946144,205.983642578125,206.20026931762695,206.1783547636318,0.030949634491984415,1.05526962280274,0.018421620588552987,5.13376949340312,0.016861188571896425,0.07050883423986067,67.40472246111703,0.6159804972399456,0.40399320613470485,5.3530426025390625,1.3237739531915693,194190900.0,-0.6175264949504965,-0.31260201589462894,0.7775306619846792,-0.4140816877778965,0.006453851100754918,1.13632697149721
AMGN,2020-10-01,213.3432104066394,216.22046427256893,212.4900682109021,213.61085510253906,2428300.0,0.004827695163758703,0.017463513546051447,0.0012545264289851186,0.0035803491879372014,206.59505462646484,206.08610076904296,206.88621193876583,0.03651267264224172,0.9390948486328057,0.017235111561386192,5.110467240025762,0.01654768685544407,0.06478774342939912,66.2399218510178,1.1316882832844044,0.7357607937433309,6.1141204833984375,0.9191543159524355,196619200.0,-0.7739434554524184,-0.14772236457869778,0.9999999992066435,-0.23099666244333966,0.00016173223935171704,1.0955251674530364
AMGN,2020-10-02,211.1099738730072,213.00026949151464,204.09249132635688,205.2634735107422,2514100.0,-0.03986153499664886,0.04339680125646704,-0.02769409827023121,-0.011707650476523673,206.40184020996094,205.98154983520507,206.7316654218112,-0.003486119630798874,0.9207221984863168,0.017178219216564546,5.513739967205974,0.015932393462138834,0.06464421638707735,48.47515457291706,0.856948122198304,0.3688165061257843,-1.9321441650390625,0.9629965852135726,194105100.0,-0.7612422339642559,-0.19085676408318164,0.337755126478281,-0.2558167460632049,-0.00045172705862498737,0.9761868982169107
AMGN,2020-10-05,206.19188611501144,214.6647144076573,205.9576922345452,214.12942504882812,2852300.0,0.04228623159135923,0.04066242727325606,0.03849588402033054,0.004523028809705238,207.4741180419922,206.29980545043946,207.43621395771757,0.037952627154898666,1.0770481872558832,0.0197532619137608,5.876384305684673,0.01635472746985933,0.0733253418075202,57.234584969613095,1.3391854620243464,0.6808430767614614,10.7227783203125,1.0937529958087437,196957400.0,-0.22279748163073887,0.10896636477917317,0.9999999992379933,-0.4721050567271457,0.018053357465046736,1.1075089368840805
AMGN,2020-10-06,215.2920558561994,215.2920558561994,210.89254125627116,211.35256958007812,2431400.0,-0.013052937281578062,0.0208159976889296,-0.018298335535207037,0.005429570490399236,207.90821685791016,206.7811592102051,207.8092002074662,0.022107480136649833,1.5462272644043082,0.018735621734514287,5.930750306868658,0.016068671217322725,0.07315089296701956,54.427895847062686,1.480229830910588,0.6575099565181624,4.3409881591796875,0.9492279763415253,194526000.0,-0.17360989903292043,0.49233422597518733,0.7884017690740751,-0.4673890389406837,-0.012304500938265841,1.0956664957303084
AMGN,2020-10-07,212.41479503929602,216.12844656882731,211.6954815704343,215.51788330078125,1842800.0,0.019516206378829736,0.020568896327764437,0.014608625830000048,0.005025845965953297,209.16952362060547,207.28718795776368,208.54336050206763,0.03970672487821408,1.9836936950683537,0.01880494054931086,5.871602360616175,0.016008141821324647,0.08174969915338622,57.947932044465865,1.9061417007104637,0.8667374610544305,12.613067626953125,0.7251192759824898,196368800.0,-0.17427961336669825,0.4520680535101587,0.999999999310901,-0.4611715897584032,0.0176691371073773,1.0880069294391235
AMGN,2020-10-08,208.49205214273613,209.15281083243704,199.90211260095467,200.8137969970703,5592300.0,-0.07066579565324961,0.04606604909530859,-0.036827567606314275,-0.0325997594744364,209.15028533935546,207.26418685913086,207.8072115968298,-0.03112158429205436,2.079532318115241,0.02417357061791232,6.539535502992213,0.016646042779661918,0.08244326103390813,45.08058177811329,1.0451353784546598,0.004584911038901129,-0.1923828125,2.060029395838168,190776500.0,-1.1701476435706692,2.5252909719196657,0.0,-0.47153818693281685,0.0127099950684598,0.750363580111108
AMGN,2020-10-09,199.48388911662826,200.38721391961303,195.73677393442546,197.9783477783203,4183000.0,-0.014220425541981576,0.02348963933366466,-0.007547182606950955,-0.006622592174089774,208.5547622680664,206.99193267822267,206.87112932840031,-0.0435455854886593,1.9377954101562693,0.02424194223721416,6.333418334055338,0.01676545621724062,0.09050111386224037,45.75317262473651,0.13245771959662989,-0.726474198255303,-5.955230712890625,1.4786927550064515,186593500.0,-1.0063572914096444,2.1874183207153464,0.0,-0.28486782990394866,0.0024125559776445728,0.7352436384068727
AMGN,2020-10-12,198.83987979238762,202.34444209732237,197.192149960413,200.3286895751953,2881600.0,0.011801795381407867,0.025719192532208016,0.00748748080295656,0.004351647661147166,207.9257827758789,206.68915252685548,206.24803982809507,-0.030773085446918855,1.6940982055664051,0.02415818030248762,6.259934017615072,0.017007009707486448,0.09511169819468053,44.666951440119156,-0.39662096060803265,-1.0044423027679725,-6.289794921875,1.0045300764657386,189475100.0,-1.005182221908238,2.2327204034932913,0.13400251064374838,-0.3122631385515505,0.010019025304363039,0.7262897874850651
AMGN,2020-10-13,200.0693349569283,202.30254885664542,199.7933180350386,200.18643188476562,2065600.0,-0.0007103736602674799,0.01253446998371609,0.0005852817367666404,-0.0012946454090874185,207.17635650634764,206.31234741210938,205.67074383349225,-0.029692432877549593,1.4239208984375011,0.024091114668555236,5.976151845402983,0.01696576735272179,0.09918961531699849,47.68415415053674,-0.817969588943896,-1.1406327448830686,-7.4942626953125,0.7223160552367565,187409500.0,-0.9657263955716511,2.22342487859079,0.12589182321041203,-0.3089270724002385,-0.008246487461697996,0.6955997934097957
AMGN,2020-10-14,201.07307808216441,202.6371743878619,198.3965670481681,198.77294921875,2693600.0,-0.007085877145224189,0.021333925749760917,-0.011439268177286835,0.004429102357492312,205.79544219970703,205.88954238891603,205.01381101304062,-0.03456510266423879,1.0733671569824423,0.024122163894473525,5.986309055928921,0.017041335480919833,0.10450125302197191,48.081608042835704,-1.251520896878418,-1.2593472422540724,-13.80914306640625,0.9358935827567098,184715900.0,-0.9303191621355457,2.14858850113299,0.0453034482560325,-0.30884960954392177,-0.003978041045348815,0.7083064070593774
AMGN,2020-10-15,197.39287029314784,198.22092125035815,194.7749014463261,196.5648193359375,2531000.0,-0.011170968327394275,0.01753121344742083,-0.004194938530356237,-0.006942991644619529,204.09083862304686,205.34294662475585,204.2091451390308,-0.042748618509208025,0.6079582214355526,0.02419776421576654,5.891317477737671,0.0168111590167151,0.112001429004177,43.59088154626076,-1.7530826142950389,-1.4087271677365547,-17.046035766601562,0.8835439502897438,182184900.0,-0.8396473031072246,1.9676882039323378,0.0,-0.3034360912805629,0.0028776436987552273,0.7249017099184517
AMGN,2020-10-16,196.8491931241111,200.0359147122301,195.55275444909262,197.15866088867188,2059300.0,0.0030165435025736906,0.022738845166274238,0.0015721058321313455,0.0014467176228906134,203.28035736083984,204.8410987854004,203.53767044852043,-0.03750437750178708,0.17674911499022983,0.024227834085559525,5.8996798883972525,0.016588340682081194,0.11738900376351041,41.46155365377395,-2.078693948642126,-1.3874708016669135,-8.104812622070312,0.7725914434550328,184244200.0,-0.8666325964418464,1.9794050271882635,0.03133221908196881,-0.308579764996944,-0.001244980739411694,0.7622437618095816
AMGN,2020-10-19,197.56851922196878,198.59730050824854,192.38276419006996,192.96826171875,2749800.0,-0.02148306148214926,0.032204966054139104,-0.02328436494505677,0.0020788248989393452,201.16424102783202,204.3191795349121,202.5310600933042,-0.055554832600639786,-0.20501266479493552,0.024340366984553993,6.130290260690718,0.016415071446746168,0.1286187817932799,37.430352875288825,-2.6443905808606303,-1.5625339471083342,-21.161163330078125,1.0315605457539756,181494400.0,-0.8455262893041806,1.8656359836283312,0.0,-0.29096062825198393,-0.014327481905473718,0.8113682658637471
AMGN,2020-10-20,193.26097003327686,194.7999619872097,191.8390750157822,193.29443359375,1950100.0,0.0016888607493567062,0.015318014680393965,0.00017315219139889195,0.0015168728365988133,199.35842742919922,203.6333221435547,201.65138137906095,-0.05077208602684448,-0.7991116333007824,0.02390478845243805,5.862639122092174,0.016038103113732834,0.13705651032967547,32.12398361336409,-3.0314452789706934,-1.5596709161747178,-18.058135986328125,0.7346268381210339,183444500.0,-0.815084342183528,2.0903317953789062,0.014464627429280896,-0.27132160655807974,0.004586573495183399,0.7868005728198624
AMGN,2020-10-21,191.92276995739152,193.3028422565306,190.31685047415158,191.51292419433594,1978700.0,-0.009259293469369679,0.015591594117945846,-0.002135472321218451,-0.00709623971501075,196.9579315185547,203.06372756958007,200.68581402813476,-0.056882652128437024,-1.2998088073730685,0.02363084892717218,5.809467387857331,0.015607547800342906,0.14746783008656605,29.801227148570007,-3.442261586799731,-1.5763897792030042,-24.004959106445312,0.7471684291413435,181465800.0,-0.8990693178136723,2.433959270796395,0.0,-0.289172021632014,-0.007512632901724314,0.8093802001874345
AMGN,2020-10-22,190.78522290020058,192.31584274567146,189.16258463493608,190.68484497070312,2172900.0,-0.0043332566863812415,0.016536490412858172,-0.0005261305250562433,-0.0037997503155292513,195.94503631591797,202.54766082763672,199.73334078456983,-0.058568022007563794,-1.612935180664067,0.023582019704457606,5.354816983182559,0.015524853983662308,0.15750199515390928,34.55060313164695,-3.79095576505469,-1.5400671659663705,-10.128952026367188,0.8151788561460112,179292900.0,-0.9388965262849532,2.53167762647911,0.0,-0.28051543099591075,0.008081023070899291,0.7915766449792484
AMGN,2020-10-23,191.30379112520464,192.4329502904125,189.2796794525724,189.99899291992188,2104200.0,-0.003603267197508217,0.016596250271542722,-0.0068205559210731985,0.0032459116223767545,195.14710083007813,201.85093154907227,198.80626003555577,-0.05871629394124968,-2.1139445495605287,0.023243128613410387,4.908533407534343,0.015275573106308164,0.16731014505744946,19.06495254340733,-4.075659278962888,-1.4598165438996547,-7.9793548583984375,0.7973550336778484,177188700.0,-0.872872368230484,2.6921710779269743,0.0,-0.31744758144943236,0.0029125707636254144,0.7402325677651648
AMGN,2020-10-26,189.04548967035112,190.8939495805142,185.50746434911719,188.100341796875,3087100.0,-0.010043218317700792,0.028636233086773186,-0.0049995790702239045,-0.0050184647556138755,193.92426605224608,200.9250244140625,197.78664877472903,-0.06382819987001043,-2.79193939208983,0.02295624633848176,4.979031309782114,0.015579594132823728,0.17709752610317062,19.504127732776837,-4.403730676838137,-1.4303103534199226,-12.228347778320312,1.1507715361948234,174101600.0,-0.760657714766465,2.7805487161115057,0.0,-0.33942559189373617,-0.022108329970561457,0.5762704070682325
AMGN,2020-10-27,188.24251528800178,188.98692000465334,186.63660891374028,186.90426635742188,1934400.0,-0.006379012253789994,0.012574946183510365,-0.007109174718221616,0.000755838558126136,192.5960494995117,199.88620300292968,196.75023140165217,-0.0649466368887778,-3.503724365234376,0.022847677688414288,4.805776602793819,0.015549554371985524,0.1855177585934469,9.30285249974608,-4.705995132715714,-1.3860598474379993,-13.28216552734375,0.722072599203794,172167200.0,-0.6919813565170069,2.8080461066778097,0.0,-0.3858766689078644,-0.01275472362579687,0.6032261362995074
AMGN,2020-10-28,183.19062125759126,184.8968929686588,180.60610325445612,180.9824981689453,2874000.0,-0.03219620976213779,0.023708313000504976,-0.012053690704727851,-0.019869236653640182,190.81700439453124,198.30622329711915,195.24854252234675,-0.08735845421360258,-4.663491363525395,0.02254702892818499,4.140233203018046,0.0152799900560175,0.19518952932435607,12.40085725064165,-5.361574204262183,-1.6333111351875749,-17.790451049804688,1.0860344062048313,169293200.0,-0.5255199376809644,2.665428399690819,0.0,-0.4316843292838285,-0.03276453289358081,0.6051972806804864
AMGN,2020-10-29,178.68238846484232,184.28633655292003,175.88040803949744,182.18695068359375,2994100.0,0.006633030033139226,0.04613902632368699,0.019613361164807754,-0.012709017321420024,189.37921752929688,196.7350280761719,194.00458139484647,-0.07394757067330893,-5.8554586791992165,0.022604050702811164,4.378012163787885,0.016350010097303955,0.19542945614911378,18.086599026659854,-5.71802228815983,-1.5918073752681767,-14.37786865234375,1.1194508368494158,172287300.0,-0.5298946031033028,2.6184244526183074,0.03487589640890878,-0.43504719968885625,0.013240666639463093,0.6233767918204416
AMGN,2020-10-30,180.84869583960426,181.72692949729526,178.95841253159173,181.45091247558594,3262500.0,-0.004048198979009938,0.015257663507622359,0.003329947352873287,-0.007345503280932849,187.80844268798828,195.54440002441407,192.80899387872643,-0.07207308185286072,-6.681579895019524,0.021366279287572457,4.24060116486593,0.015448664805514503,0.20390590554133212,9.18620087197948,-5.990843381445984,-1.491702774843465,-15.707748413085938,1.2029712005929127,169024800.0,-0.7154848816960053,4.071709989372304,0.013563314980182196,-0.3146450292672754,-0.004058874699621941,0.6273181323415129
AMGN,2020-11-02,185.3151053616024,185.9925958137033,181.6683551296691,184.1859588623047,2029000.0,0.014960730795469498,0.02347758054275441,-0.006093116354948145,0.02129607855533045,186.93021240234376,194.0472267150879,191.98775244859104,-0.05081890640602731,-7.8871809387206895,0.018725983216344715,4.385776344616683,0.01475540311368604,0.19073473146576445,18.894273867389515,-5.918140043268721,-1.1351995493329614,-8.782302856445312,0.7596775582488103,171053800.0,-1.7849776759973832,5.346107080530457,0.09275879450027398,-0.3071621716544249,0.018577822836143565,0.4670428247147625
AMGN,2020-11-03,185.48236570852555,186.58643356257272,182.72222159862736,184.0604705810547,2533600.0,-0.0006815451614679318,0.02099425233319548,-0.007665931594301988,0.007038575873148075,186.0068161010742,192.68262176513673,191.2327732231114,-0.044747944080767654,-8.992330932617165,0.018732895080520815,4.3588909606346515,0.014762533040972083,0.17754328536588324,19.890353328840703,-5.803746008235038,-0.8166444114394222,-9.233963012695312,0.9467933243148304,168520200.0,-1.8881499967181292,5.630662230007416,0.08912517985446583,-0.26463971774283324,0.017577881575128202,0.4548153163135659
AMGN,2020-11-04,189.27131576589474,197.3761350962866,188.27599804756454,192.65042114257812,3810000.0,0.045612909040536886,0.04723652818795113,0.017853235515427602,0.02831050669592499,186.12056579589844,191.53924865722655,191.36778731067966,0.005801278292263212,-9.83643707275391,0.021500316500172503,5.024435013692367,0.015822995263863607,0.13903169876676147,43.64820524299018,-4.962743274930602,0.01948665749201073,1.1374969482421875,1.373299595579489,172330200.0,-0.6714241039474395,4.502257690059083,0.5883589909502864,0.08010109574883206,0.009989848825476575,0.5045432016564797
AMGN,2020-11-05,195.52766654564587,195.57784912859435,192.3743957034113,194.02212524414062,2070300.0,0.007094943090584627,0.01651076350778092,-0.007699888860248728,0.014935058984056587,186.45429382324218,191.19966506958008,191.62058139958071,0.01476184685539808,-9.871399688720714,0.01573486391464992,4.933027382409908,0.01477773291231021,0.1323101991552177,45.03574257617033,-4.137858831619496,0.675496880642493,3.3372802734375,0.7968086089044892,174400500.0,1.2301797190037471,4.1931648942894455,0.6740151999241859,0.015084469378475903,0.016195011558911197,0.7773423806957362
AMGN,2020-11-06,194.59927599064687,195.05930433234738,192.40787173453126,193.77122497558594,2028500.0,-0.0012939897160261877,0.013683314424782062,-0.004255159793609587,0.002974664594463193,186.8315170288086,190.98930892944335,191.82540459729552,0.014565820787226888,-9.728121490478514,0.015456756736234683,4.67851997381259,0.01455391614816879,0.12890304102682001,51.45192450422998,-3.464441595957112,1.0791312930439023,3.7722320556640625,0.8144901757267071,172372000.0,1.1904540181388472,4.475547594255472,0.6610462251447912,0.05282110584604361,-0.0032522050773185034,0.7862030375154507
AMGN,2020-11-09,203.19757436867803,204.75329845095985,195.72006225585938,196.5564727783203,2996200.0,0.014271572799101927,0.0459574597947141,-0.032682976708709253,0.0486467967278411,187.67713012695313,190.80069808959962,192.27598251929788,0.03016642363655185,-9.613617706298811,0.01557576179946962,5.25146186695162,0.0153796368007878,0.1238212188910561,55.41673275600391,-2.675169673827355,1.4947225721389277,8.456130981445312,1.2002828248028539,175368200.0,1.1597038252351712,4.221425941061099,0.8109783563997247,0.050852824074543224,0.039938775749533924,0.6504181891924501
AMGN,2020-11-10,204.08417773507787,205.62317011070888,200.29523889895611,202.07679748535156,3742800.0,0.02769802742635573,0.02636587316334023,-0.009836040559362201,0.038297924511737816,189.1943832397461,190.8952163696289,193.20939346844585,0.05857444376223573,-9.323045959472637,0.01686546825625567,5.685797977666588,0.015689263879251746,0.1273380443898198,65.60414286912078,-1.5859401892750498,2.0671616453529866,15.172531127929688,1.450638636799665,179111000.0,0.9230792243046813,2.2814572640515274,0.9999999995259382,0.13483644529611505,0.007962331141110906,0.6933101563283105
AMGN,2020-11-11,202.84627604203283,205.4809639861215,199.48390229151266,201.31564331054688,2244800.0,-0.0037737696652114993,0.02978934769295527,-0.007545776838263381,0.0038078520951275625,191.22769775390626,191.02235107421876,193.98141726293167,0.05388527666235673,-9.025785522460922,0.016802643201128436,5.888926805086121,0.015934502161443445,0.13137610787431614,65.7341078058519,-0.775200724561472,2.3023208880532513,20.333145141601562,0.877675536084671,176866200.0,0.9053176108162349,2.3215620767079774,0.9639165931502707,0.08375110795459924,0.002595753075375011,0.6884827774627746
AMGN,2020-11-12,201.19850626590772,201.4828827134306,197.09172850642466,198.34634399414062,2438200.0,-0.014859326358425629,0.022138821006631004,-0.01417586206130988,-0.0005818576376524132,192.84363708496093,191.1114273071289,194.39712457066588,0.03785705956444311,-8.585751647949223,0.016957101578932206,5.9773470457408235,0.016034899651450257,0.1332982974048503,61.572294794273894,-0.3680389728945386,2.167586111776148,16.159393310546875,0.9550239421862301,174428000.0,0.8918650237126525,2.1905604005822528,0.8231534765157578,0.10229627876808263,-0.01300121334134948,0.7059052440505548
AMGN,2020-11-13,199.4832134552511,200.91476757308308,197.89165976937605,199.87899780273438,1767100.0,0.007697457772316052,0.015124689621921239,0.0019840483849637575,0.005731738928064452,194.6864456176758,191.24744415283203,194.91920773562478,0.04513290981815469,-8.300224914550768,0.017025177033987614,5.808534372334397,0.015874439461562962,0.13661089253217298,66.49666914852784,0.07741955770552522,2.0904357139009697,18.428085327148438,0.6961430656531733,176195100.0,0.8392801462100163,2.0427825223337885,0.8958107278839104,0.09402355966711437,0.019542329191099567,0.6914528559019434
AMGN,2020-11-16,199.9294750208908,201.95050346904077,198.11055327234698,199.28948974609375,2069200.0,-0.002953682485532466,0.01926820225986884,-0.0032010551457216747,0.00025253887957877306,196.1967987060547,191.56350555419922,195.33542506995516,0.04033119027313167,-7.814667053222649,0.01625035060385078,5.9149371656044485,0.01550537078144518,0.1413199916577508,67.64601785302776,0.37851697109084625,1.9132265018290326,15.103530883789062,0.8262307911922488,174125900.0,0.9230826012404746,2.6571421549003564,0.8678644070548194,0.09103454706741906,0.02063533851710235,0.6058630740478683
AMGN,2020-11-17,197.9000864444836,199.51690195228736,195.46644046174097,195.7359161376953,1935100.0,-0.017992105911668308,0.02069350158351615,-0.010935671356542848,-0.006971784128607706,197.36434326171874,191.6855796813965,195.3735670764066,0.021130105159871432,-7.572801361083975,0.016829276023697992,5.754387050431636,0.015613207245324084,0.1423706540284393,72.54127406876897,0.32662996186419946,1.4890715940819086,11.675445556640625,0.7729161798744625,172190800.0,0.9326849844489931,2.2191382437032243,0.6994030823427914,0.10629660523104512,-0.00043824261835552914,0.6198455618211707
AMGN,2020-11-18,197.09167352253544,197.36113633333287,191.69385966832525,191.79490661621094,2466200.0,-0.020339777677537925,0.029548629653383136,-0.02687463560310616,0.006926461998350832,197.27879180908204,191.69967880249024,195.03274227067368,0.0004967552074973033,-7.2866542053222645,0.017339291222707342,5.558769061259137,0.015959642307376915,0.1423584257372294,63.546871793018255,-0.032127058039918666,0.9042516593422324,-0.8555145263671875,0.9755499384891674,169724600.0,0.8665589631601163,1.842017459934497,0.5125749037670307,0.16378941305862427,-0.010708124732343696,0.6453666467363589
AMGN,2020-11-19,191.12959341853062,191.12959341853062,188.2833187763746,189.19277954101562,2595700.0,-0.01366011360687671,0.01504430903262327,-0.010133511210238429,-0.0034688783420700376,196.79585723876954,191.62507553100585,194.47655534403958,-0.01269299429237102,-7.119636688232447,0.017588046882575203,5.578986896104445,0.01593238911339338,0.1428273670582346,60.37005682396508,-0.5204154635867724,0.332770603036303,-4.829345703125,1.0182609889571033,167128900.0,0.8907858821535517,1.6808712439296365,0.3892180178647851,0.20196141216335098,0.006388519413151705,0.6437785249621173
AMGN,2020-11-20,187.9717946737599,189.54650274779738,186.5065498323316,187.9296875,2956200.0,-0.006698602573156815,0.01617601218788697,-0.00022400793604683246,-0.006453654680785724,196.21170349121093,191.52161026000977,193.85304412079773,-0.018754660401681934,-6.913227081298828,0.017632338542557444,5.471720437343619,0.015925837697492794,0.14376923933299549,55.220500276399335,-0.9978064231864039,-0.11569628525066267,-5.8415374755859375,1.1406192726921964,164172700.0,0.9107645315693235,1.6684705744049533,0.3293396582439722,0.20915088116110275,-0.006842980644931534,0.6427679552169048
AMGN,2020-11-23,186.99497714060414,187.92969992291876,185.54657764279577,187.1297149658203,2032600.0,-0.0042658509134492414,0.012735135521145174,0.000720542483421179,-0.004973723799736883,195.26902770996094,191.47307891845702,193.21272705841892,-0.022683940620636407,-6.576666870117208,0.017514361219143116,5.365928317070591,0.015549757288369706,0.14440631651344232,54.200931971743444,-1.4242751387253634,-0.4337320006316976,-9.4267578125,0.8005435157196168,162140100.0,0.8836849173522322,1.7301703929776733,0.2914160220140517,0.2044083564061425,0.017477465598352563,0.648324817245526
AMGN,2020-11-24,187.32341462151774,187.8286751009344,185.1087207867237,185.6476593017578,3198300.0,-0.007951466880997913,0.014651164062292823,-0.008945786746124349,0.0010351090190716585,193.62611389160156,191.41024856567384,192.49224441492737,-0.03010595987987996,-6.197999725341788,0.017547106379995896,4.609091874140505,0.01558229405025901,0.14548289866943534,38.099698118648035,-1.8603986567084974,-0.6958844148918653,-16.42913818359375,1.2290659513799755,158941800.0,0.8910636857472861,1.7120412603253863,0.22115743503139548,0.19188742199327652,0.019950311606891893,0.6243149157946632
AMGN,2020-11-25,186.18656119823228,188.4349454757468,184.35079381009174,185.52130126953125,2550300.0,-0.0006808653229702637,0.022014462154518077,-0.003573082420232967,0.0029028208516139807,192.0466796875,191.63718872070314,191.8283450677468,-0.031913886297326846,-5.536904602050782,0.015911935167635557,4.671998891317076,0.015541066478002945,0.13926014851324878,34.915462037250634,-2.190969590386203,-0.8211642788556568,-15.794342041015625,0.9861815482002371,156391500.0,1.3224680294367361,2.4035783869717218,0.19734371592029581,0.25120570548724486,-0.005086054844502565,0.5157427390495114
AMGN,2020-11-27,186.447606845772,190.48965132005154,186.4307614066981,189.3107147216797,1698300.0,0.020219951321900086,0.02144036020000618,0.01535609882231442,0.004992987704926509,191.14311676025392,191.9933769226074,191.58857074907374,-0.013972680953515938,-4.816996002197271,0.016442317134080467,4.837492995081659,0.014511498438141784,0.13170781486575986,42.967997513622635,-2.1227062050290897,-0.6023207147988348,-9.035629272460938,0.6735957830357621,158089800.0,1.1481532992241146,1.5509609185178035,0.3810649695061212,0.24280539905583243,0.0003791733999618779,0.46193993564617625
AMGN,2020-11-30,188.90653236224577,189.70651732984854,184.79711858433654,186.97813415527344,4857700.0,-0.012397978051581562,0.02625653939532336,-0.010208213463335667,-0.0021350210421430056,189.8530303955078,192.2697380065918,191.1494815496642,-0.027521771788844653,-4.136285247802732,0.016705825587303262,4.403730514377236,0.014789561293542417,0.12370727406510161,34.681090948137026,-2.2311079146190025,-0.568577939510998,-12.900863647460938,1.8676242452436653,153232100.0,1.142937944082855,1.4104917531249537,0.1619455279701566,0.19879175166624333,-0.010520168401994063,0.48924510214042627
AMGN,2020-12-01,189.36968533745443,190.12756312686344,187.5507632237051,189.53810119628906,3050600.0,0.01359838566728616,0.013595155205705851,0.0008893496260212925,0.012790539348279938,188.87789154052734,192.537345123291,190.99601675410466,-0.015577465894117218,-3.5913072204589866,0.016650071830494433,3.9810684886059096,0.014563981925593328,0.1179554945914409,27.848990484405746,-2.0863984027395475,-0.33909474210523416,-9.751388549804688,1.1502647916639173,156282700.0,1.1597444663127339,1.489961822896359,0.3040370349234502,0.1674405003442772,0.008179371219856048,0.46698662777207944
AMGN,2020-12-02,189.53810054031626,193.74856124314192,189.14231620630613,190.78439331054688,2641200.0,0.0065538935682654025,0.024143720337428388,0.006575420808153103,-3.460902022960557e-09,188.3827392578125,192.87354125976563,190.9758621404325,-0.01083169799016161,-2.930567321777346,0.016677630386388025,3.8817244416221195,0.014651015445356064,0.11071034044364678,31.70889685600463,-1.8498260706112717,-0.08201792798156671,-4.9515228271484375,0.9938795054685574,158923900.0,1.083203072559607,1.3370261701387691,0.31790602765546777,0.25276149818503363,0.004195927513307245,0.4877967696398524
AMGN,2020-12-03,190.31280994519855,192.37593296987612,189.90860934489035,191.07911682128906,2167800.0,0.001543606872313021,0.012912576036728206,0.004026564876590136,-0.0024718131140879494,188.3111602783203,192.79497604370118,190.9856959195617,-0.00889991667637223,-2.7726185607910168,0.012939361099874983,3.7443079714778214,0.013322055668400173,0.11106662988805109,36.08521394934914,-1.6198860309574172,0.11833768933783029,-0.715789794921875,0.8417480308539987,161091700.0,0.4888931490792754,-0.2402584448667999,0.33570818270549463,0.21962666750456936,0.002558966635780987,0.4333087456939486
AMGN,2020-12-04,190.10227091396357,193.95905385471045,190.10227091396357,193.0159149169922,2008800.0,0.010085079740289842,0.019981683595394286,0.015326718555336346,-0.005112258856833182,188.69347381591797,192.74466552734376,191.17905010979317,0.0014072990757295484,-2.663123779296882,0.013047876576438525,3.8038561955520964,0.013410196298127793,0.11094170183125197,37.05931873252509,-1.266770926375301,0.37716223513595737,3.8231353759765625,0.7809414216181754,163100500.0,0.45756624189707684,-0.35364447690915907,0.4526964063917441,0.22687334286572197,0.017325047383647745,0.4428078812775279
AMGN,2020-12-07,192.83909466897862,193.01593966712952,189.56335684992757,190.69175720214844,2250300.0,-0.012114358443435964,0.018105569259304326,-0.011135384505492677,-0.0009160915465940342,188.9696807861328,192.59069213867187,191.13264126144605,-0.009859951773557852,-2.5522607421875136,0.01331477891370743,3.7761870970169644,0.013502981853079202,0.11130472398515195,34.78391666140075,-1.1610805518739653,0.3862820877098345,2.7620697021484375,0.8710715073721534,160850200.0,0.5238981426808084,-0.4649276611962911,0.31231053796824476,0.19355775526251556,-0.006392453891318166,0.4728302438070337
AMGN,2020-12-08,192.84749872273252,192.92329677387477,190.60754360061452,192.78855895996094,2124500.0,0.010935751150134461,0.012011880714047934,-0.0003056288682091117,0.011304848999313742,189.5355651855469,192.4022964477539,191.29034770892366,0.0020075774527562027,-2.4640579223632812,0.013133461102204978,3.6522793600679546,0.012175649774024952,0.10972687991313845,44.50024486634853,-0.8977767786143716,0.5196686887755428,5.658843994140625,0.8364881279320887,162974700.0,0.541533730590772,-0.3387809999697553,0.438963447021027,0.005041865375149119,0.004022840124728981,0.4911331224319702
AMGN,2020-12-09,193.4959179919348,195.0201026077579,191.89594817240132,193.55487060546875,2210000.0,0.00396700237056062,0.016140923891937012,0.00030467109666064543,0.003669092376590451,190.32628631591797,191.97620010375977,191.5060165562137,0.008223261533751271,-2.60763778686524,0.011314914052410089,3.470627772235738,0.011854143648356604,0.09951021015132468,53.725477276206824,-0.6201233004518087,0.6378577335504847,7.9072113037109375,0.8972269192434875,165184700.0,0.22644906004621904,-0.8066065363179008,0.5086358969553224,0.058367549433872803,-0.0015269863662784736,0.41995477996206315
AMGN,2020-12-10,193.3611763484123,193.681175445709,191.5927907169694,192.13172912597656,1558100.0,-0.007379815318272516,0.010869546317205502,-0.006358294077713046,-0.0010007201392067528,190.9873291015625,191.51700439453126,191.56560822952443,0.0032097658032440497,-2.657826232910139,0.01137113450680318,3.3689704071573994,0.011261377743487346,0.08860563689959051,56.54797560678762,-0.5090485475437561,0.5991459891668298,6.6104278564453125,0.6415075695505206,163626600.0,0.2700652195002369,-0.8379776711645713,0.4604100550916478,0.036564334639297945,1.8482364460649806e-06,0.4251433886751008
AMGN,2020-12-11,190.70860548281317,191.82858955630132,189.89177508973765,191.4917449951172,2019300.0,-0.0033365253575208214,0.01011434966354848,0.004106471809813508,-0.00740702043143682,191.20543212890624,191.17427444458008,191.55857363577135,0.0016606342639952929,-2.558173980712894,0.010991937925378698,3.3118276300697653,0.010950775984508809,0.08216065655323762,58.16290778172755,-0.46727591057558016,0.5127349009080047,2.1810302734375,0.8386267502538556,161607300.0,0.21120931308996968,-0.6419278529716475,0.41583576499339797,0.09739826453200935,-0.003340255227200283,0.37294251559494873
AMGN,2020-12-14,193.24328827869496,195.52536348522762,191.64331845517265,193.22645568847656,2904700.0,0.009018145992692433,0.02009064967953289,-8.710569131965674e-05,0.009146834416399708,191.83026428222655,190.84164733886718,191.71741954555281,0.012496267889444548,-2.6500607299804813,0.011055897853109528,3.4297202164974396,0.011091749990952405,0.07119096419490949,63.397489203036564,-0.29084149968494444,0.5513354494389123,6.248321533203125,1.1784991956571573,164512000.0,0.2051245606886456,-0.6882025578761065,0.559634582753236,0.0944696665937288,-0.008676476922224492,0.25071887947071786
AMGN,2020-12-15,192.84751877474426,194.7590715543287,191.1549181778624,194.12750244140625,2566600.0,0.004652325653143453,0.018565908133259645,0.006637283563689908,-0.0019611026470579833,192.2892044067383,190.58354797363282,191.9469512499198,0.0185952801564159,-2.508121643066403,0.011138920455571811,3.492877292372839,0.011075778414412171,0.0603882572921411,69.1226172214526,-0.07741660488241564,0.6118082753931529,4.5894012451171875,1.0309224518650475,167078600.0,0.09728035045776179,-0.7909389009369847,0.8425379982041816,0.11738569322419512,0.01333911641030632,0.3401388115325329
AMGN,2020-12-16,193.67275316820277,194.75904624758297,192.0896160190766,192.3675079345703,2589100.0,-0.009107525971077017,0.013876720955465728,-0.006739436561315727,-0.002342528840501273,192.44751586914063,190.41512756347657,191.98700426750557,0.010253283949001874,-2.2968408203124966,0.010612284153540041,3.391825761147934,0.010886759082645369,0.05565403829859522,64.37920834281428,-0.049719549899975846,0.5116042643004741,1.5831146240234375,1.0264776604032406,164489500.0,0.17438027024362643,-0.6621239971316167,0.7954969353327974,-0.06912740846719544,0.0005264728357178691,0.3233113951857285
AMGN,2020-12-17,192.9401435310579,194.84327995674724,192.69594246854962,194.7253875732422,2510400.0,0.012182650874823578,0.011027516827460117,0.009252838779488627,0.0029767792005829297,192.81214294433593,190.56165161132813,192.24780267757575,0.021849810424641278,-1.7344668579101494,0.009960226150806254,3.2137844734091225,0.01026780194361164,0.058901030072811826,62.10015767277171,0.16063998913870137,0.5775710426713211,3.646270751953125,0.9944048880482467,166999900.0,0.2228607243848101,-1.037687413022968,0.999999998913526,-0.30653461428666695,0.0037920179587943715,0.19519901160637
AMGN,2020-12-18,195.39906976080937,195.39906976080937,191.36545374912157,192.40965270996094,5888900.0,-0.01196359018271517,0.020963688437024966,-0.015299034199639827,0.003459652570026537,192.75151672363282,190.72249526977538,192.26321696637436,0.008846137618947824,-1.4055403137207065,0.009839326438255462,3.151228563850251,0.0104505749771,0.05905239796553932,62.146948179937,0.1388899524071121,0.4446568047517855,-0.60626220703125,2.1898456223725775,161111000.0,0.25939167182862427,-1.0524964949999136,0.7484014388444403,-0.4596426984613281,-0.005261182841190397,0.2896535533785166
AMGN,2020-12-21,190.0433403450645,191.94647672848717,186.59077041949115,191.41595458984375,2311400.0,-0.005177874124790956,0.027979414362151532,0.007222637963987408,-0.012298303809442548,192.82393646240234,190.89680862426758,192.1825253114667,0.0027195109720141017,-1.0999790954589912,0.009783799192418886,3.3419038009130935,0.010906059363742594,0.05742516520482912,54.51596496931917,0.040997168150397556,0.27741121639605676,0.7241973876953125,0.869946498704339,158799600.0,0.25126609332705285,-1.0208837330143332,0.6404387268219643,-0.4207192539567002,-0.0054040194925607625,0.27946066902466965
AMGN,2020-12-22,190.0770250400813,190.71701039417022,185.32762622998632,186.09393310546875,3571600.0,-0.028197269927278876,0.02896055811303349,-0.020955146650536275,-0.006994869119616646,192.15447387695312,190.84501953125,191.60265938708594,-0.02489499824229508,-0.8670730590820312,0.011678495004555844,3.447766895414639,0.011437809104355445,0.05918981954989531,40.56890783734761,-0.46071538428745384,-0.1794410688334357,-6.6946258544921875,1.3064144745866246,155228000.0,-0.38394190339184764,0.08329524209099473,0.06221495718531828,-0.28913554378094775,-0.004856649748697113,0.5189187403961256
AMGN,2020-12-23,186.5065476174906,188.27494609996205,185.81603880338912,187.7360076904297,1763500.0,0.00878519865310253,0.01309768609028688,0.006592047778722476,0.0022172378493822884,191.5725875854492,190.9494369506836,191.23440684454724,-0.016828691990769515,-0.5136471557617028,0.011697035026597998,3.4471657290994364,0.011406267863223173,0.05562317435062729,43.62351453797009,-0.7175529968355079,-0.3490229451051918,-5.8188629150390625,0.6624332542620546,156991500.0,-0.5774315444142128,0.23448237899669933,0.2406220829979922,-0.3370496260200546,0.0046175388023796315,0.9043446680356843
AMGN,2020-12-24,187.9886441821069,189.11704450718554,187.1886464112695,187.7275848388672,955400.0,-4.486640905536931e-05,0.010272321446905342,-0.001388697409758521,0.0013457007783706425,191.13217315673828,191.05975112915038,190.90042379638723,-0.01744044085994207,-0.18242568969728268,0.011694164461479048,3.309423954468662,0.011105781318265485,0.05142466016352893,39.112380827918464,-0.911273712810214,-0.4341949288639183,-4.404144287109375,0.369964490534036,156036100.0,-0.586847591111883,0.24600011216752074,0.189267259371546,-0.3535837296321665,0.0015180379787006334,0.9256118996808925
AMGN,2020-12-28,187.8118150490954,191.07070762483974,187.8118150490954,188.3339080810547,1495100.0,0.0032245990561845248,0.017303801577471575,0.0027798732035192127,0.0004486831826047882,190.81638946533204,191.01091079711915,190.6559937282603,-0.014014920429900591,-0.06664779663086051,0.010758909653426284,3.30160538080942,0.010968584560248214,0.052398809048386674,44.77615674099035,-1.0042966508744655,-0.4217742935425359,-3.1578369140625,0.5812421032170279,157531200.0,-0.8486013937125068,0.5329426456185586,0.2595130381969829,-0.28048919657667315,0.0031399698558367494,0.9367507415662856
AMGN,2020-12-29,190.21177767449115,193.2348853888254,189.69810095247368,191.04544067382812,1564400.0,0.014294814806274387,0.018512791636781722,0.004382814826343849,0.009970958562747314,190.5982879638672,191.2142761230469,190.69308391355247,-0.0008829646647832681,0.2589819335937591,0.01083359298280287,3.4862642475601677,0.010680167454609434,0.04843762942126498,46.24050475445152,-0.8494282997819198,-0.21352475395999215,-2.1810150146484375,0.6497797585547344,159095600.0,-1.0194126786048452,1.0426411510719054,0.5736585393701411,-0.187409603863883,-0.003545461836583543,0.8083874686987035
AMGN,2020-12-30,191.98017305943708,192.86437242502666,190.80124913818904,191.29808044433594,1891400.0,0.0013215330890792335,0.010784861416515636,-0.0035529325983572517,0.004892722811453123,190.31534576416016,191.30227508544922,190.75070263076995,-2.192677066393125e-05,0.3803845214843875,0.010424250978209326,3.410476308380242,0.010620449047497323,0.04770738218669145,45.02234377029837,-0.6982590025631339,-0.049884365392964924,-2.8294219970703125,0.8049795180081928,160987000.0,-1.0485374584835088,1.3172768969097757,0.6029282031514165,-0.22194233093847798,0.004700279563497281,0.7335752092433352
