ticker,date,open,high,low,close,volume,log_return,high_low_pct,open_close_pct,gap_pct,sma_10,sma_20,ema_20,dist_sma_20,sma_20_50_cross,rolling_std_20,atr_14,parkinson_vol_20,bb_width_20,rsi_14,macd,macd_hist,momentum_10,vol_ma_ratio_20,obv,skewness_20,kurtosis_20,hurst_proxy_20,autocorr_lag1_20,market_return,rolling_beta_20
CSX,2015-03-16,9.633191170613909,9.720077793605473,9.591149152794147,9.714471817016602,17276100.0,0.015409445777868703,0.01327181170935972,0.008437561859110581,0.0070318896127389875,9.527524948120117,9.685447549819946,9.63612863822955,0.0029966882838775165,0.012877531051636026,0.010916692244859721,0.15455374396703395,0.009673850361460568,0.08306010244950432,42.20368514094635,-0.06302180085004139,-0.0029789019990556914,-0.0028028488159179688,0.8243206586892776,-13291200.0,-0.305745441355326,-0.29678820273338624,0.5445494652887916,-0.14705738883893607,0.01370746771091987,0.7872532825882723
CSX,2015-03-17,9.647203978754817,9.734090593365886,9.638795415624939,9.706062316894531,13130100.0,-0.0008660421582329188,0.009818108995145753,0.006101077397070987,-0.006924497752307356,9.541819190979004,9.670610189437866,9.642788988578596,0.0036659659279189498,0.003975114822388548,0.010862538838249917,0.15195122684417303,0.008915342471825393,0.07731382989009732,43.749949584244185,-0.049494782521815495,0.008438493063336168,0.1429424285888672,0.6372407346606573,-26421300.0,-0.39026374230429467,-0.19046795538141115,0.550683284031409,-0.16233856687358283,-0.0035534716726166662,0.7944688597381871
CSX,2015-03-18,9.66962976194838,9.863021972282546,9.613573990700434,9.826586723327637,17675100.0,0.012340971860239896,0.02538500789800586,0.016231951506241567,-0.003753587578222708,9.56480302810669,9.668216657638549,9.660293534745172,0.01638048373315719,-0.00030699729919447805,0.010936915214409674,0.147546826158356,0.00927473281297985,0.07631629687288809,58.99301121550996,-0.028718165568891507,0.02337208801300813,0.22983837127685547,0.8694522924265108,-8746200.0,-0.5838209207295104,0.04422170422595368,0.7480185003723409,-0.13554003344381943,0.011200248906518733,0.8377799171738991
CSX,2015-03-19,9.784539992670787,9.823778612746576,9.678033677536499,9.739694595336914,14147400.0,-0.008881881825409917,0.014964014916838924,-0.00458329133178104,-0.004278874429208841,9.589187145233154,9.659525394439697,9.667855540515813,0.008299496882462207,-0.016905670166016407,0.011055598977684974,0.14554520081449304,0.009174686106123665,0.0729661659206573,54.91065189784968,-0.01904448254726887,0.026436616827704616,0.24384117126464844,0.7032949333325379,-22893600.0,-0.4032010594223984,-0.2243873449148735,0.6057495825420738,-0.17826185029113753,-0.004141554123404431,0.8627084470520101
CSX,2015-03-20,9.778935926721472,9.907863762870074,9.778935926721472,9.85461139678955,36818400.0,0.011729746292974925,0.013082995458410894,0.007738620094778589,0.004029010458227846,9.630668354034423,9.656300926208496,9.685641812541883,0.02053689835233004,-0.027880573272705433,0.011409690238727994,0.14954928760375946,0.00912315632186311,0.07114026870844053,55.40836928697617,-0.0020812027700358726,0.03471991728395009,0.4148120880126953,1.7459317122302567,13924800.0,-0.4519665198276516,-0.4188654353527866,0.7939034390678094,-0.21856957109030298,0.01034180560580032,0.9180202039026779
CSX,2015-03-23,9.806965299120188,9.80976868883852,9.428588677523353,9.445405006408691,28091700.0,-0.04241112719766641,0.0403561320087956,-0.03686770389041076,-0.00483490375732978,9.623661327362061,9.62954683303833,9.662762116719675,-0.019122584875734722,-0.05118755340576264,0.014546458470483421,0.16756707549030686,0.010474428464449747,0.0663971428994116,46.13978740105768,-0.021410411262470674,0.012312567033212228,-0.07007026672363281,1.281924385641034,-14166900.0,-1.0059062698582264,1.2773552331670461,0.1363676957513869,-0.3179511394070039,-0.00211870203239217,0.9893234631494195
CSX,2015-03-24,9.43138917778924,9.571528149144731,9.380938602819679,9.46221923828125,28136100.0,0.0017785667926684024,0.02014216131813823,0.003268877989322485,-0.0014838779925203025,9.632910537719727,9.606423711776733,9.643662794963634,-0.015011254741834831,-0.0715904712677009,0.014561380400121667,0.16876824752904618,0.010761809768580927,0.06158646946240598,45.539207439629536,-0.03496907849306474,-0.000996880157905472,0.09249210357666016,1.230019252863011,13969200.0,-1.0850809416531861,1.3885764107442085,0.1853929754937831,-0.2912827086566088,-0.005284830916773228,0.9558574680870066
CSX,2015-03-25,9.51827391184719,9.526682473706252,9.33329036225542,9.336092948913574,23928600.0,-0.013419096433623217,0.020714458661568555,-0.01914012610068507,0.0059240514465317305,9.623100566864014,9.57979712486267,9.614370428673153,-0.025439387992529112,-0.0957087421417242,0.014754875550893531,0.173373226656293,0.010964741896272072,0.061021487693322954,44.78975324254438,-0.05525481432422019,-0.017026092791248733,-0.0980997085571289,1.0319367087788753,-9959400.0,-0.9800209026337089,1.026012625727236,0.0,-0.34153181676413896,-0.014455694380276864,0.9409963077960473
CSX,2015-03-26,9.274434779773651,9.369729979574783,9.167928427165617,9.324885368347168,29501700.0,-0.0012011783866221443,0.021641183182173125,0.00543974805705065,-0.0066042797000107,9.597595405578613,9.56522274017334,9.586800422927821,-0.025126165731276687,-0.10955953598022461,0.013735617445379027,0.17977965779532656,0.01051004706784104,0.06543423623219492,46.13939891809871,-0.07141256461518886,-0.026547074465773916,-0.2550516128540039,1.2734641127196842,-39461100.0,-1.2402633893106902,2.460398992666074,0.0,-0.3526787910310456,-0.0031420755333365262,0.9659716947969798
CSX,2015-03-27,9.294049511471949,9.32207777939471,9.184740629776776,9.30526065826416,19771500.0,-0.0021067701040702923,0.014759086785598324,0.001206271472771185,-0.003306834953691772,9.571529006958007,9.549667119979858,9.559987112007473,-0.025593191746375105,-0.12344098091125488,0.013732008435340101,0.1809811757831736,0.010411729661607624,0.06964759945051675,42.66133177787899,-0.08482345622168452,-0.03196637285781566,-0.2606639862060547,0.8805749089930074,-59232600.0,-1.2157727199416495,2.4201826007840275,0.0,-0.36581121310517767,0.003404726232393271,0.9561235329292843
CSX,2015-03-30,9.344504769113676,9.417377667081453,9.319279874460769,9.347308158874512,22002600.0,0.004508501991985019,0.01049476394201777,0.00030000410188684335,0.004217411235510413,9.534812641143798,9.531168794631958,9.539731973613858,-0.01929046056355627,-0.13853917121887172,0.013519543077020142,0.17857895223957065,0.010390316671364233,0.07018102404448728,49.15625444161616,-0.09100969938353565,-0.03052209281573342,-0.36716365814208984,0.9878329080541745,-37230000.0,-1.2363992458657103,2.6221477623176015,0.07654035372340655,-0.3311438233464687,0.0119416871068143,0.8842852674948527
CSX,2015-03-31,9.316473220572242,9.347304079406284,9.20155834707892,9.28283977508545,27283800.0,-0.006920894170793298,0.015700554556433825,-0.0036101048852396653,-0.003298804081150877,9.49249038696289,9.517154788970947,9.515266049944486,-0.024620279808523875,-0.14367839813232486,0.013174660489052564,0.18078141732320002,0.010527794177406742,0.07394062468170894,44.303796559702015,-0.09996210057461496,-0.03157959520545019,-0.42322254180908203,1.2057390133054744,-64513800.0,-1.3824631582363334,3.4251147062464464,0.0,-0.3281017796764622,-0.008320976762830654,0.8471391207520019
CSX,2015-04-01,9.305263345123926,9.417374845417807,9.237996444947596,9.375332832336426,29935500.0,0.009914563109374542,0.01913301678757666,0.007530091800058203,0.0024155937818360453,9.447364997863769,9.50608401298523,9.501939076838957,-0.01375447350036034,-0.14950997352599948,0.013378664220649551,0.1805812200021087,0.010559190169244994,0.07473629148471199,41.97813554645056,-0.09845855733307829,-0.02406084157113081,-0.45125389099121094,1.3457852920509856,-34578300.0,-1.3675603537335774,3.2043129135796566,0.16176573324442717,-0.33062828485435336,-0.0038589314473645928,0.8424105290320217
CSX,2015-04-02,9.327687506485912,9.3613209632855,9.23239231127798,9.338898658752441,27771900.0,-0.003893744675929202,0.013805552101873153,0.0012019219403237842,-0.005081987669406309,9.407285404205322,9.498236274719238,9.486411417973574,-0.016775495087534707,-0.1504969406127934,0.013213784103943419,0.18198249513898546,0.010610774869189257,0.07644065840917962,41.252838508175635,-0.09906496257409536,-0.0197337974497183,-0.40079593658447266,1.2303351448191904,-62350200.0,-1.4822875703249128,3.707121448179897,0.09804418505324396,-0.35634035293854494,0.0014181295200167954,0.856597727818186
CSX,2015-04-06,9.24360108892217,9.369727120933296,9.24360108892217,9.316473960876465,20483100.0,-0.0024041019318006463,0.013537957873416492,0.00788360199161222,-0.0102043691994622,9.353471660614014,9.49207000732422,9.47022689825004,-0.01849923634278531,-0.14628480911254726,0.013165006423180305,0.17998055820154754,0.010647421387032143,0.07823379213058139,33.014625140720284,-0.10019998574079203,-0.01669505649313198,-0.5381374359130859,0.9080577708649338,-82833300.0,-1.5397662590988628,3.913164700353884,0.05882450951750209,-0.34520365077529963,0.0076378636706138535,0.8980434713094722
CSX,2015-04-07,9.372530456748057,9.436994771342553,9.296855793755965,9.403361320495605,19677300.0,0.009282985909183264,0.014903072721574625,0.003289491977628132,0.006016921864108226,9.349267292022706,9.486464309692384,9.463858747987713,-0.00876016463919768,-0.14760251998901275,0.013213148502332973,0.18318368676195046,0.010693368111266989,0.07867903618101045,37.89261598530963,-0.09301618334347772,-0.007609003276654119,-0.04204368591308594,0.8665741841722817,-63156000.0,-1.5309882193329267,3.852289953857508,0.21078615784234558,-0.31988238430789917,-0.0018398957662466814,0.8669334552301164
CSX,2015-04-08,9.406166147367038,9.43419362641493,9.30806756504489,9.319278717041016,20301900.0,-0.00898197781638427,0.01353388660212596,-0.009237284241501961,0.0002982791765450399,9.334973239898682,9.483941888809204,9.450089221230884,-0.017362313445054553,-0.14142096519470293,0.01291053190734168,0.17437497817537384,0.010773971223263679,0.07953989575770264,29.099490090595552,-0.09303527879673545,-0.006102478983929474,-0.14294052124023438,0.9009786241746333,-83457900.0,-1.6515562446087786,4.654629399557688,0.06372988783470107,-0.3187061804965859,0.0027008640073919636,0.8429482133467804
CSX,2015-04-09,9.344501748465333,9.48744410843335,9.336093987555502,9.470627784729004,19499700.0,0.016109962119569454,0.0159810019270204,0.0134973527384041,0.002706543305566724,9.348426723480225,9.485763645172119,9.452045274897372,-0.001595639635277908,-0.1374935340881347,0.013342727416286544,0.1757758600040307,0.010888637102405284,0.07938538905443995,39.473811845837126,-0.07991657862350188,0.005612976951443291,0.1345348358154297,0.8543641592664448,-63958200.0,-1.512686813243801,4.055894081850415,0.3284318410199426,-0.3990787920886909,0.004593309717286935,0.9039976749962271
CSX,2015-04-10,9.51547309615853,9.551909135149616,9.45100877971563,9.459417343139648,24009000.0,-0.0011844074141557405,0.010666656494140475,-0.005891010615280054,0.004735199444944653,9.361879920959472,9.479737663269043,9.452747376634731,-0.0021435530023293406,-0.14464950561523438,0.012856927519984447,0.1709709448540897,0.010795903356802961,0.07890911286174376,33.17430322480577,-0.0696219447271158,0.012726088678263497,0.13453197479248047,1.0349735178430444,-87967200.0,-1.570945981602846,4.593968219801178,0.30882533910947885,-0.3962036781826508,0.005040852146038439,0.8259069449667913
CSX,2015-04-13,9.403361506058342,9.451008695227259,9.252010573318008,9.27163028717041,24847800.0,-0.020051558409009157,0.021463120912469224,-0.01400894975728212,-0.005925929161161305,9.358516883850097,9.465022945404053,9.435498130019083,-0.02043234964660587,-0.15640369415283217,0.013563519231174359,0.15535551989376412,0.011031523818421488,0.0808862813381355,40.88234352232879,-0.07574309990296868,0.0052839468019284935,-0.03363037109375,1.0703585027697171,-112815000.0,-1.2801002545392566,2.856480330651758,0.0,-0.3840391907932471,-0.005663403784227824,0.9336229499566778
CSX,2015-04-14,8.932494253974635,9.322082817930061,8.932494253974635,9.30806827545166,57097800.0,0.003922349426114945,0.0418549319178175,0.04204581730460203,-0.03657782101871052,9.354592895507812,9.444702768325806,9.423361953393613,-0.014466785903773451,-0.17705906867980836,0.013036031687764002,0.16956973543879084,0.012302235108285684,0.0783450638178686,42.07515995391366,-0.07676897341257671,0.0034064586338563713,-0.03923988342285156,2.265286811833108,-55717200.0,-1.4190361015653175,3.421098161562393,0.06250286167938818,-0.42148312788686754,0.001978849723558386,0.8659470151964714
CSX,2015-04-15,9.451011639784733,9.563123179749738,9.19876027392098,9.20997142791748,42474000.0,-0.010594832576450181,0.03956178460275048,-0.025504170458596827,0.015356931223856623,9.347306060791016,9.419898223876952,9.403039046205409,-0.022285463278930447,-0.19811628341674847,0.013168449564562394,0.1817819350372141,0.0132970709964122,0.07699462228789924,43.32373484755168,-0.0845232499152786,-0.003478254295076394,-0.07286834716796875,1.5924120295830069,-98191200.0,-1.2698635464154697,2.9162127157726374,0.0,-0.45244958354045567,0.004922387776291592,0.8318666927805093
CSX,2015-04-16,9.114676423254153,9.148309883042048,8.954916887847945,9.086648941040039,33419700.0,-0.013480561104208443,0.021283203131204836,-0.003074983785777368,-0.010346938142985675,9.318437671661377,9.382901334762574,9.372906655237278,-0.03157364477711744,-0.22343066215515073,0.012887451418698542,0.18558571987009756,0.013160966598807992,0.0720651709132075,38.72697981489085,-0.0994730011151379,-0.014742404395948552,-0.2886838912963867,1.2170331546186768,-131610900.0,-1.146116056237795,2.7535661114172245,0.0,-0.40793826693182056,0.0007094427981435637,0.7390312352962816
CSX,2015-04-17,9.036195195111196,9.336093640637776,9.030589219494937,9.333291053771973,46086300.0,0.02678150467472615,0.032732764828904776,0.032878424186931356,-0.0055525140517939265,9.31787691116333,9.362581157684327,9.369133740812012,-0.0031284218976637716,-0.23750343322753942,0.014554575002329415,0.19739712576812948,0.013752954916094467,0.06274804165572272,51.09179519182193,-0.0903770194029061,-0.004517138146973396,-0.00560760498046875,1.5860696866701633,-85524600.0,-0.6441446724241696,2.0762382602903964,0.32116428045896384,-0.4286887592862011,-0.01384943048114744,0.14633820142965517
CSX,2015-04-20,9.344502348795643,9.80976629673822,9.280038834922111,9.778935432434082,64057500.0,0.04664293508878402,0.054170258662220604,0.04649076723646285,0.00120121562255789,9.364123058319091,9.358797359466553,9.408162473347447,0.04489231434662415,-0.2404371070861817,0.01813207409776938,0.2272264438394734,0.015544247903761625,0.0572435179102341,62.79061880737627,-0.04667062153676582,0.03135140777533352,0.4624614715576172,2.1058471097303895,-21467100.0,0.5191115784670755,2.5346873123392872,0.9999999855551134,0.14333442204878077,0.009057529997224121,0.487410710777527
CSX,2015-04-21,9.778932958900274,9.997550738996178,9.420175432250796,9.90786075592041,84293100.0,0.013097831193726317,0.058274467210328335,0.013184239789965304,-2.5294510073116923e-07,9.414573001861573,9.38192014694214,9.455752785973443,0.05605895176476121,-0.21770336151123004,0.015511838537221486,0.2580568363358871,0.01664669512598868,0.07727120140114752,67.84002874517512,-0.0016112171010060905,0.061128649768874596,0.5044994354248047,2.536737172967724,62826000.0,1.3759874268758123,2.7563531236770378,0.9999999878228738,0.24365323577206144,0.00039097678856176555,0.4090460826242646
CSX,2015-04-22,9.88824264307224,10.213365951001101,9.88824264307224,10.16291618347168,75699300.0,0.025416969072183913,0.03199114329582099,0.02777779129356992,-0.001980055365276167,9.498936748504638,9.41695499420166,9.523101680973276,0.07921469198157294,-0.18893995285034215,0.016355362486824933,0.2684671868686478,0.016990903716184485,0.10688469672135813,70.57105379444614,0.054056398453619536,0.09343701225880019,0.8436374664306641,2.125960535123538,138525300.0,1.096956195893908,1.4077027220624305,0.9999999907086276,0.28543984972160985,0.005594366575301958,0.5329344766632375
CSX,2015-04-23,10.053609940723167,10.437591679509254,10.045201376618595,10.339494705200195,46372800.0,0.017225573018646273,0.037950626609761534,0.028436031053783315,-0.010755401380391357,9.585823440551758,9.467125082015992,9.600853397566317,0.09214725860561204,-0.1472893619537352,0.016111614970189942,0.2862850284280916,0.017538101461235245,0.13698780278770417,74.35198754456906,0.11114063575306865,0.12041699964659944,0.8688669204711914,1.2625555363610783,184898100.0,0.9336932184015885,1.1466405082412006,0.9999999920181716,0.3103913097070385,0.00027255265605924167,0.3143937532992888
CSX,2015-04-24,10.319873336601798,10.426379668116477,10.165720617450173,10.40395736694336,34778100.0,0.006215249904528502,0.02505383686927623,0.008147777361117194,-0.001897710590105391,9.680277442932129,9.5210786819458,9.67733948988794,0.09272885084666974,-0.10085653305053732,0.01604083940196718,0.2958945297606042,0.017623715476298672,0.1611763129291671,75.93590744936704,0.15974051393866517,0.13521350226575676,0.9445400238037109,0.940123079593011,219676200.0,0.8726377962267626,1.1236618930233646,0.9999999924087635,0.29968198888080605,0.0004458722249542924,0.27970565373496337
CSX,2015-04-27,10.392743766424351,10.521672368719175,10.291843434931053,10.345096588134766,44743500.0,-0.005673601970364766,0.02221621923295743,-0.004584658234673137,-0.001077820691061035,9.787624073028564,9.57307047843933,9.740935404006684,0.08064561014506355,-0.05169270515441937,0.016150082190679454,0.30230095520357086,0.01776004025659671,0.1760992348161675,72.76421171147288,0.19130149011713904,0.1334195827553845,1.0734663009643555,1.1700175214330626,174932700.0,0.8782300256355693,1.0588674417167045,0.9553173826232799,0.2946607259381756,-0.003733741644456782,0.37398503913683834
CSX,2015-04-28,10.319871792195633,10.373125751868066,10.227380014169439,10.317070007324219,25688400.0,-0.0027128421281049434,0.014126659758551659,-0.00027149415494994377,-0.002438333535528741,9.88852424621582,9.621558570861817,9.795805366227402,0.07228677467793079,-0.008206405639647585,0.016252163390553957,0.3037023606556129,0.017805965162089366,0.18666290927847773,74.79108159878379,0.21161293805421977,0.12298482455397218,1.0090017318725586,0.6685156739475394,149244300.0,0.9285770024204265,1.046932225818186,0.9340417420468737,0.30955122468251317,0.00207555788265326,0.4493455517653297
CSX,2015-04-29,10.297449655759552,10.381533668287595,10.160112488756052,10.356307983398438,33929100.0,0.003795995333584561,0.02138032007994447,0.005715816013333468,-0.0019017367867755252,10.003157901763917,9.675231981277467,9.849186567862738,0.07039376455664531,0.038397035598755735,0.01601177507259398,0.3075063455226993,0.017915933638885873,0.19432859210164927,73.3038341420769,0.2282450171441308,0.11169352291510658,1.146336555480957,0.8754023977838031,183173400.0,0.8840030384752163,1.1509121843053645,0.9638282180192317,0.3271758381774275,-0.002264905563061404,0.30653829307593217
CSX,2015-04-30,10.272226565182173,10.303056626729804,10.087242186472821,10.115269660949707,26618100.0,-0.023549671281865695,0.021335510321602275,-0.015279735433841878,-0.008118860345892605,10.106019973754883,9.71222882270813,9.874527814823402,0.04149828485292974,0.07057763099670566,0.01721543403245445,0.3195181627721015,0.017955291543863112,0.19534014806636416,65.39475257086241,0.219446637236965,0.08231611440635261,1.028620719909668,0.68972352601884,156555300.0,0.7570213999504175,0.8266337399920685,0.7808503247034245,0.3228068002584687,-0.009419369280775627,0.781563900405018
CSX,2015-05-01,10.207763337627759,10.558112419068394,10.174129883545161,10.499253273010254,46997100.0,0.037258008003438745,0.03657236619963358,0.028555710564723613,0.009143965487655368,10.222616195678711,9.770246553421021,9.934025477507864,0.07461497676678111,0.11688069343566987,0.018693191783629486,0.3363350190790334,0.018538448525599677,0.20333907443254495,76.38559333846045,0.24068367459957685,0.08284252141517157,1.1659622192382812,1.188185271256682,203552400.0,0.5732396691082206,-0.029223216885568733,0.9999999929208769,0.11468452427609553,0.010935422475726786,1.1577194423865793
CSX,2015-05-04,10.499249560933135,10.549700125162307,10.09564825463782,10.261012077331543,59545800.0,-0.02295265988589643,0.04425020330378227,-0.02269090588036453,-3.535562979627079e-07,10.270823860168457,9.817473459243775,9.965167058443454,0.04517848914275883,0.15726937294006404,0.019698778985997686,0.3409395409768234,0.019371729871245403,0.20215212838195154,68.84691439431262,0.23557454952070422,0.06218671706903914,0.48207664489746094,1.4346029682113648,144006600.0,0.4848924606910594,-0.2670173248758817,0.8313461182298034,-0.028759970274301556,0.0014779990365568038,1.2947180216221574
CSX,2015-05-05,10.213367063216916,10.29184511160792,9.899454067768215,9.92467975616455,39083400.0,-0.03332691822121373,0.03953689725816875,-0.02826563514906484,-0.004643305529274596,10.272505760192871,9.843539381027222,9.961311124893083,0.008243008129141182,0.1844514369964596,0.021391695704609325,0.3429415508347482,0.01996188996237433,0.19784019650814824,62.917886187270106,0.20205713474164888,0.022935441831987036,0.016819000244140625,0.920104752864601,104923200.0,0.3846561044964809,-0.37489670557693733,0.5932523285010417,0.11292597475950643,-0.010643684933522482,1.6436355257853452
CSX,2015-05-06,9.935892370632416,10.106863031244224,9.818175681635067,9.991948127746582,31162200.0,0.006755021760079062,0.028891998428965306,0.005641743592135735,0.0011297709088195968,10.25540895462036,9.8771728515625,9.964228934688654,0.011620255908139242,0.21673957824707024,0.02122114253301614,0.3453438943732926,0.020257221131942272,0.19104193863268235,66.70110307946683,0.17886054443136423,-0.0002089187826380956,-0.17096805572509766,0.7243631383304585,136085400.0,0.28104461648558754,-0.3416377861923237,0.6408724366823668,0.11055226548404488,-0.0019167203330731992,1.6813706524070609
CSX,2015-05-07,9.986341289053676,10.17693083148582,9.93869330203214,10.0648193359375,24929400.0,0.007266527766313976,0.023670323480425196,0.00785853843888208,-0.0005611356885786838,10.227941417694092,9.906882429122925,9.973808972902829,0.015942140016751698,0.24252526283264153,0.021036438849525853,0.3405391163954955,0.02039142896089522,0.1871122393379051,64.41988148470097,0.1644613686943046,-0.011686475615758168,-0.2746753692626953,0.5758481664580812,161014800.0,0.34732384304324354,-0.20412858583271587,0.6924588618587766,0.12013725542674887,0.004463166680575593,1.629394951394062
CSX,2015-05-08,10.199354388033337,10.415169644984356,10.162918347959245,10.280635833740234,34966500.0,0.02121600044777228,0.02453654628999138,0.007969273604441413,0.013366862097113357,10.215609264373779,9.947943353652954,10.003030578696867,0.03344334283579459,0.2703009319305423,0.021390547811501074,0.3277264626262632,0.02060623724380993,0.18417525352078618,60.87485720924329,0.16852189044931265,-0.0061007630886001085,-0.123321533203125,0.7976027096115044,195981300.0,0.19035499582986914,-0.45472495185954476,0.8452380169205023,0.11750708224148801,0.012092248136245688,1.6765186389483095
CSX,2015-05-11,10.230184722076201,10.317071337795063,10.098453504939183,10.10686206817627,21507900.0,-0.01704750380382567,0.021630633858578895,-0.012054782709231795,-0.004907392157443883,10.19178581237793,9.989704942703247,10.012919291980621,0.011727786370567189,0.3022527408599842,0.021224193780947958,0.302100928777013,0.020608797740305156,0.1723268958399151,54.23128459357216,0.15592043883973794,-0.014961771758539855,-0.2382345199584961,0.49248153872574274,174473400.0,0.19979037156452129,-0.4138795691034381,0.7222214294721048,0.06817469082858327,-0.004123014115379502,1.6493640664124267
CSX,2015-05-12,10.053608189616929,10.106861350490679,9.944299280950986,10.003157615661621,20659500.0,-0.010313801123601083,0.016251075488921053,-0.0050181559698548525,-0.005269081362752781,10.16039457321167,10.024459409713746,10.01198960852167,-0.0021249818251030277,0.3312895488739027,0.02148112003020215,0.2904894630124718,0.01991477444207513,0.1593627550827119,46.369447347353116,0.13599791571038544,-0.027907435910313888,-0.31391239166259766,0.49364901350841334,153813900.0,0.28374564529326995,-0.507159985262546,0.6488077711436816,0.1023431473017023,-0.002190754883195348,1.684847992182363
CSX,2015-05-13,10.01436812730775,10.109662491541918,9.731286017575922,9.748103141784668,32054400.0,-0.025828088196028078,0.03881539500173199,-0.026588296149910335,0.001120697291480878,10.099574089050293,10.051365995407105,9.986857564070528,-0.03017130743831341,0.3544964694976809,0.02225406868435965,0.2894884752321388,0.019890356014246328,0.14229230552443972,37.023329668476215,0.0984930416591947,-0.05232984796920373,-0.6082048416137695,0.7755796359534527,121759500.0,0.24921671043967888,-0.6696805810055811,0.46825156987842237,0.11889858524299633,7.205715450043804e-05,1.812020216851294
CSX,2015-05-14,9.67803722409103,9.871429412364108,9.616376283694722,9.781740188598633,44486400.0,0.0034446850910119764,0.026074412502457425,0.010715288865541921,-0.007187646322011572,10.066221141815186,10.086120557785033,9.967322575930348,-0.03017814108433027,0.38555119514465197,0.02191420570087106,0.28908805223235895,0.019993772572082583,0.11316177560106093,36.15970552871867,0.07066975043434454,-0.0641225113552431,-0.3335294723510742,1.0621603927517982,166245900.0,0.15765949492061004,-0.5526129853250782,0.38461720592752846,0.166008888611987,0.01027199335901021,1.6270047253147446
CSX,2015-05-15,9.778936486335613,9.949906349182129,9.753711595497647,9.949906349182129,31484700.0,0.017045737370707005,0.019718251287923844,0.01748348228720133,-0.0002866261226491512,10.011286449432372,10.116951322555542,9.965663887668613,-0.01651139439615463,0.40730090141296316,0.0214675594982556,0.2866856107963847,0.019670833254111772,0.08978283534317333,41.61720921181088,0.06148048663880701,-0.05864942012062452,-0.549346923828125,0.7650671180569224,197730600.0,0.18475999517878897,-0.3678515550709643,0.26865894888629893,0.04975914481923002,0.000651381698471533,2.573228289474397
CSX,2015-05-18,9.907864573627942,10.078835242565713,9.860218180116611,10.014370918273926,24857400.0,0.00645801420951558,0.02183033405025732,0.010749677072643413,-0.004225343845336102,9.986622333526611,10.128723096847533,9.970302652488167,-0.01128989088557458,0.4075812435150148,0.018800398701619744,0.2918907054214186,0.018440182553764825,0.08466410705329334,43.676880910934905,0.058722761408727564,-0.04912571628056317,-0.2466411590576172,0.6342329488372307,222588000.0,-0.12372413308424215,-0.5464672394295982,0.35448009908486733,-0.015258877688896996,0.0027019977783765197,2.276222351131302
CSX,2015-05-19,10.011567336232329,10.101256543073225,9.955511581956767,9.977933883666992,14583000.0,-0.0036451099872955276,0.014606727486441843,-0.0033594592570551176,-0.0002799558818498883,9.991947746276855,10.132226753234864,9.97102943640996,-0.015227932943625793,0.4018357276916511,0.018618909547695326,0.28648526124891255,0.016734240956581894,0.08335118278859194,42.086836298188544,0.05298628718393772,-0.04388975240428242,0.053254127502441406,0.40840331192317547,208005000.0,0.007201626013663528,-0.45464915597524314,0.30597177484028626,-0.07018642002395106,-0.0014270018761493586,2.282744455244239
CSX,2015-05-20,9.919071403926582,9.997549427171448,9.843395966755066,9.885437965393066,24356100.0,-0.009313281505846543,0.015593994009779007,-0.0033907850003177826,-0.005899265361615918,9.981296730041503,10.118352842330932,9.962877867741685,-0.023019050686140102,0.37764760017394927,0.017747898385857414,0.2782772372125386,0.016294654658604933,0.08618600264275543,44.874968419924414,0.04050947444256359,-0.04509325211652525,-0.10651016235351562,0.734941471367545,183648900.0,0.1605121966000628,-0.09324484936727359,0.18283272021266112,-0.15546533441319407,-0.0011288243263301691,2.183310302663579
CSX,2015-05-21,9.882637252707209,10.053607879615038,9.851807193785646,9.963918685913086,23838900.0,0.007907674879027361,0.020253144590059353,0.008224670310914346,-0.000283317005848634,9.971206665039062,10.099574041366576,9.962976993281819,-0.01343178978616953,0.348274278640746,0.01734811322084093,0.26105994633473184,0.01569874953662434,0.08479745602641504,36.179519337726624,0.03653311767023304,-0.03925568711108464,-0.10090065002441406,0.7446515914616633,207487800.0,0.19901323245412086,0.16621924963985413,0.2873134574351416,-0.20113864031367049,0.0024785350017917885,2.2049499001906434
CSX,2015-05-22,9.927482008458892,9.994748899378608,9.891045174463935,9.941494941711426,12966300.0,-0.0022530306686075435,0.010431401466550557,0.0014115294533492057,-0.0036568621847253846,9.937292575836182,10.07645092010498,9.960931083608449,-0.01339320555060554,0.3179199981689447,0.01724717788372358,0.2360350787911738,0.015390033789755585,0.08107897951153611,40.716710574878,0.03121261789610763,-0.03566094950816805,-0.3391408920288086,0.41931054019666003,194521500.0,0.27883270226299295,0.2793872996843425,0.25746091135817045,-0.19580334534643112,-0.001191169456319362,2.196912720159053
CSX,2015-05-26,9.882636927916169,9.927482325177952,9.731286017575922,9.748103141784668,18245100.0,-0.019644689388512295,0.02012661383947055,-0.013613146684714651,-0.005920438942065673,9.901416683197022,10.046601247787475,9.940661755815707,-0.029711351992649654,0.2844267559051499,0.017666463721609345,0.2230220702408737,0.015337605192176371,0.08222901303231195,44.40499976429889,0.011261169726823894,-0.04448991814196143,-0.35875892639160156,0.6164304766017011,176276400.0,0.3349916626178091,0.04832011247654522,0.0,-0.19071942627827312,-0.010065781483500048,2.1473618611594705
CSX,2015-05-27,9.841081017690396,9.928419672666415,9.762194672628073,9.888976097106934,18525000.0,0.014347894643613112,0.016809121430374527,0.004866851449595962,0.009538048023638942,9.889998531341552,10.025196552276611,9.935739312129158,-0.013587808923182017,0.25953197479248047,0.018083892565218553,0.21528129747463012,0.015387407358748495,0.0794290818692819,46.88264009266563,0.006739089452075575,-0.03920959873336781,-0.1141815185546875,0.6335539400642582,194801400.0,0.20498408869655635,-0.2781368347933102,0.18754300583957229,-0.22978418806273462,0.010057323484312498,2.109265566272231
CSX,2015-05-28,9.86361517563055,9.874884648014977,9.686120784061764,9.78191089630127,13022700.0,-0.010885758034793786,0.01929723813213102,-0.008283400951320755,-0.0025645649486202714,9.893379306793213,9.996476697921754,9.921088986812215,-0.02146414262788127,0.22929514884948787,0.018134263200141925,0.21275399630259376,0.015333236248740462,0.07603387764343034,41.608996686604364,-0.005421463413801675,-0.04109612127939605,0.03380775451660156,0.4618880387820388,181778700.0,0.3291056868967384,-0.25863773877422164,0.0450079853029654,-0.23491009836325738,-0.0014882375276136105,2.1602740004557712
CSX,2015-05-29,9.793182509679244,9.798816843611366,9.576244532165392,9.601600646972656,25826700.0,-0.018605034495943737,0.02318075075494318,-0.019562778751160335,0.001152291561175118,9.875365352630615,9.9707932472229,9.890661525875114,-0.037027405051556245,0.20811141967773494,0.017875525622137373,0.20362699647395935,0.015380074690772773,0.08306903044326616,29.42664359741616,-0.029270902632211104,-0.051956448398244384,-0.18013954162597656,0.9173066523885253,155952000.0,0.34779714372132264,-0.1728493510458144,0.0,-0.07843753349544567,-0.006464956097396314,2.178191292706911
CSX,2015-06-01,9.643856037108094,9.711472843200848,9.564969763333213,9.646673202514648,24684900.0,0.004683291424113512,0.015186901928993045,0.000292120226153781,0.004400869364292985,9.845042037963868,9.92816424369812,9.867424542697925,-0.028352778446644602,0.16734284400939892,0.015276016542706605,0.1984759426890847,0.01469569783746519,0.07183977066313518,34.87789636907556,-0.044027257673118214,-0.0533702427513212,-0.30323314666748047,0.9129262335232975,180636900.0,-0.15493604406955847,-0.9431083456675716,0.06637734797334774,0.058897340846987056,0.0030974285917755974,1.9049972931167531
CSX,2015-06-02,9.626957689632956,9.703026035017139,9.570609513260695,9.6072359085083,19204500.0,-0.00409655503526102,0.01378299887891517,-0.0020485995431239095,-0.0020437629084971006,9.804328536987304,9.895475435256959,9.842644672775103,-0.029128416177122585,0.13960154533386238,0.01463838507795406,0.19632263801273897,0.013581842864725316,0.07031571996774959,36.41600680583732,-0.05823276433333113,-0.05406059952922729,-0.407135009765625,0.7674969277343164,161432400.0,-0.26865889587033864,-0.5966518635373292,0.008298924065306416,-0.09473249482259931,-0.0008013840268190506,1.9397671644467749
CSX,2015-06-03,9.60441793545023,9.736835263263043,9.590332100441715,9.6072359085083,20817900.0,0.0,0.015249252148745708,0.00029340383529841336,-0.0002933177747383439,9.767258739471435,9.879603242874145,9.820224790463978,-0.02756865105512153,0.12049273490905676,0.012880000731664952,0.1797602586452626,0.012702818031556313,0.07500776957571793,44.14154218121359,-0.06869881354765006,-0.051621318994836976,-0.3706979751586914,0.8634917079635281,161432400.0,-0.11072316213869542,-0.706875181530657,0.008298924065306416,-0.026135802278126417,0.0014206248238915395,1.7665781547293826
CSX,2015-06-04,9.548072251775745,9.666402143380457,9.536801970616782,9.590332984924316,22477200.0,-0.0017609446326987766,0.013513625957242825,0.004426101105457407,-0.006158239195538025,9.73774824142456,9.859522485733033,9.798330332793533,-0.027302488654824805,0.09784970283508265,0.01273024542722615,0.17079933322342608,0.012227120440322184,0.07870693506411515,41.92729680180901,-0.07746419856217379,-0.04830936320748856,-0.29510498046875,0.9494175750721497,138955200.0,-0.019204265500259773,-0.5968713767205359,0.0,-0.053472557368497244,-0.007715538973675393,1.621827130647274
CSX,2015-06-05,9.590332987495891,9.73120102328698,9.581880679652622,9.700210571289062,13286700.0,0.011391983263011846,0.015393515690919126,0.011457118739926152,2.681424051723034e-10,9.711377429962159,9.84129204750061,9.788985593602632,-0.014335666041673727,0.07233691215515137,0.01292235416091058,0.16745116107698862,0.011987311261939734,0.07755112547028299,38.92438931326772,-0.0746837189796441,-0.03642310689996709,-0.26370811462402344,0.575366383762064,152241900.0,-0.027993203200199296,-0.7027204257551202,0.15917301364392433,-0.1381620458049314,-0.0004688808303161642,1.5832565550312245
CSX,2015-06-08,9.660764945566507,9.666400084946002,9.51707896709278,9.587512969970703,20123400.0,-0.011686074161496472,0.015574541418709266,-0.007582419819604523,-0.004066471076340082,9.675979232788086,9.806635904312134,9.769797724685304,-0.02234435299520802,0.03242821693420517,0.01186919422344457,0.16491648548750146,0.011714347240155049,0.06870356468728775,31.843026534097604,-0.08064430609018558,-0.03390695520840686,-0.35398197174072266,0.9003583151737315,132118500.0,-0.0392786866996677,-0.762527327085286,0.0,-0.06690927111791772,-0.006422842600827588,1.4587193829688563
CSX,2015-06-09,9.559340915132093,9.59878367161336,9.477636623034517,9.511445045471191,13051200.0,-0.007965704376358178,0.012736976137661246,-0.0050103736320444995,-0.0029384111319429927,9.652313423156738,9.77686505317688,9.745192707617294,-0.027147762218467358,-0.0014663219451893639,0.01149641290076581,0.16315949173481467,0.01148315720557442,0.06757509473330985,30.804452638328698,-0.09046335485663626,-0.03498080317988603,-0.23665809631347656,0.5951950965905981,119067300.0,-0.0824635484737027,-0.5162008826423541,0.0,-0.09348692879884002,0.0001486268268014604,1.3879977864031745
CSX,2015-06-10,9.542436762687576,9.584697494292701,9.491723723550143,9.570610046386719,17925900.0,0.006201134020958549,0.0097145083011359,0.0029524202674630264,0.0032583605401937075,9.620476818084716,9.755237674713134,9.728565787500095,-0.018926000009717333,-0.027559738159180114,0.011536791879884645,0.15878951390097015,0.011350541766800734,0.06653711226232725,36.67976413263383,-0.09240570518630165,-0.029538522807641132,-0.31836605072021484,0.8226316282194602,136993200.0,-0.2758063066476121,-0.48547464208894586,0.11764159081614413,-0.20719691548450514,0.012267582068265401,1.209581774904964
CSX,2015-06-11,9.584695302397956,9.996031437578244,9.559339191656058,9.85234546661377,32695500.0,0.02901259613911488,0.04432368387831986,0.02792474416467383,0.0014717197694784898,9.627520275115966,9.76044979095459,9.740354328368063,0.009415106642354006,-0.03373773574829109,0.012204409126955529,0.17556748247902693,0.011771919759441193,0.06708623765624509,45.972144854468674,-0.07039981274628992,-0.006026104294103524,0.0704345703125,1.4982146109776509,169688700.0,0.42657076845869124,0.2748265449343905,0.6778343147558613,-0.05536035929541019,0.0025645045053219444,1.2936577419595146
CSX,2015-06-12,9.784731837916814,10.035477473039897,9.750923410505054,9.790366172790527,24466200.0,-0.006310686696774331,0.029064700697883826,0.0005758292579751375,-0.006862693652600287,9.646396827697753,9.760881090164185,9.745117361170202,0.0030207398649752895,-0.0416071033477774,0.01227891923026883,0.18848536373761046,0.011880307639888989,0.06711212119813158,44.69565718019301,-0.05730066902851938,0.0056584315389336115,0.1887655258178711,1.1750187842501896,145222500.0,0.5400732225260416,0.282949910505216,0.5545968836699121,-0.13983816748319713,-0.006586501155740479,1.4540821677505655
CSX,2015-06-15,9.734019560396094,9.866435296013378,9.70021113312129,9.767827987670898,12455700.0,-0.002304731705925777,0.01701751536799169,0.003473223683703874,-0.005755312048596548,9.658512306213378,9.751777172088623,9.747280277979792,0.0016459374839096787,-0.059289608001709126,0.011607402906135825,0.18534359507736653,0.011798111729879159,0.06466681978776638,50.78665138218334,-0.048182725965407514,0.011821099681636388,0.12115478515625,0.6268433404972141,132766800.0,0.7332002346031287,1.1550136347699127,0.5097827552062371,-0.1967462780998989,-0.005533745366273279,1.3780147628154074
CSX,2015-06-16,9.776278210447684,9.841077889090997,9.697391890464289,9.742469787597656,18241800.0,-0.0025994697410183475,0.014748416136699031,-0.0034582099774837843,0.0008651076562211487,9.672035694122314,9.73818211555481,9.746822136038636,0.0004402949125378612,-0.08140458106994508,0.011482145856354837,0.1827271284877209,0.011594151397522505,0.05957436453104885,43.56416480309544,-0.04251282384527855,0.013992801441412288,0.13523387908935547,0.9335745853257478,114525000.0,0.8737889745399247,1.5089668876843187,0.495241725541735,-0.19107312543037563,0.005512689441845579,1.2634550777139844
CSX,2015-06-17,9.748102793489672,9.849528048220119,9.70584206917125,9.81008529663086,19049700.0,0.006916311272472854,0.014646761440312375,0.006358417063737078,0.0005781907478108107,9.692320632934571,9.729789686203002,9.752847198952182,0.008252553551256881,-0.09793148994445922,0.011612307300780734,0.17850074748798508,0.011597834701512088,0.055474140603301234,51.282102469250454,-0.032192286434034045,0.019450671082125434,0.2028493881225586,0.9639038874021091,133574700.0,0.7142568310520868,1.126872895234062,0.6600168890895859,-0.20424161700415902,0.002790537752467596,1.2812347576228882
CSX,2015-06-18,9.8523469396038,10.049563134107787,9.8523469396038,10.012937545776367,25009500.0,0.020467042987355716,0.019696137482369144,0.01629973113584094,0.004307979155640445,9.734581089019775,9.736164665222168,9.777617708173533,0.028427300694989215,-0.10542968750000092,0.012366830004205555,0.1797082850616246,0.01171490724541055,0.05969202203933193,68.34196882378157,-0.007557585836019953,0.035268297344111625,0.4226045608520508,1.2633778782707794,158584200.0,0.510210158404888,0.3011289296758093,0.9999999800595226,-0.10601561924089963,0.009685082885488588,1.379690770075475
CSX,2015-06-19,9.970681088841001,10.015759003346325,9.857985496520996,9.857985496520996,27218100.0,-0.01559617434975585,0.016004639779700344,-0.011302697510416999,-0.004220185808827957,9.750358581542969,9.730868005752564,9.785271783254245,0.013063324946272485,-0.1184735012054432,0.012749150392390536,0.18051331555860273,0.011591853777824809,0.056856788311783875,58.58170311816171,-0.0005316153840322357,0.033835414236879476,0.1577749252319336,1.3633112443462712,131366100.0,0.6422967792230997,0.2630065771971959,0.6910181985348548,-0.19699906048743204,-0.004978731899139118,1.423169637138801
CSX,2015-06-22,9.922783494520083,9.973496542649908,9.84671432535362,9.87488842010498,22659900.0,0.001713174450870881,0.012838850618115662,-0.00482677813554558,0.0065731480353622435,9.779096126556396,9.727537679672242,9.793806701049554,0.015147794363280571,-0.13011324882507225,0.01275062935037424,0.1801108652400202,0.011634468834815696,0.05497921592334069,61.07242164001275,0.006327501984012329,0.03255562528393924,0.28737545013427734,1.1080971648040185,154026000.0,0.5906913205766811,0.2139018694006394,0.7247234348776634,-0.22574223475726102,0.0044602173296384925,1.3969603512379705
CSX,2015-06-23,9.925602107439367,9.981950305146913,9.801638651864112,9.821359634399414,27351600.0,-0.005435443069708415,0.018359133561432605,-0.01050238281885409,0.005135621302933933,9.810087585449219,9.73120050430298,9.796430789940016,0.009264954519904089,-0.13744501113891516,0.0120030376751067,0.18252575741583982,0.011583094498603834,0.055610883922687725,58.482340185192875,0.007359243489768019,0.026869893431755942,0.30991458892822266,1.3083944499575575,126674400.0,0.7474718982671187,0.5260537903711969,0.6179844814424621,-0.14563945693420444,0.00021970505757339364,1.3187138934297864
CSX,2015-06-24,9.793186070705302,9.849532654740857,9.505813978206723,9.548074722290039,49961700.0,-0.02822003401529469,0.03599874179154894,-0.025028764555844865,-0.002868601165508114,9.807834053039551,9.714155435562134,9.772777831116208,-0.01709677329890121,-0.1592902088165289,0.013080423190776723,0.1978199362565869,0.012319913039661207,0.055934769586627416,48.60860341601976,-0.013716783857635306,0.0046350928674820935,-0.022535324096679688,2.2228376787530464,76712700.0,0.4591109118375634,0.9744634285984105,0.07304132378080225,-0.02982121501000486,-0.007550033985346645,1.4984306689433187
CSX,2015-06-25,9.581883494532166,9.62414424010705,9.488910499112762,9.49454402923584,23745900.0,-0.005622213494707641,0.014243310745399937,-0.009115062330507944,0.0035408994195657018,9.772053909301757,9.699787092208862,9.746279373794268,-0.021159543093258064,-0.1793500041961682,0.012939441540011748,0.19681375035372475,0.012193186831250041,0.05908975220695082,42.96726468249853,-0.0343432789876168,-0.012793121809999516,-0.3578014373779297,1.0318606682397111,52966800.0,0.4261021961471794,1.1111070654755717,0.0,-0.044064703568972144,-0.004276828085546205,1.4738370208263756
CSX,2015-06-26,9.500172528379476,9.545250410523069,9.398747293556392,9.486085891723633,33224400.0,-0.0008912389217104168,0.015444000680459525,-0.001482776929972902,0.0005928140547144732,9.741625881195068,9.694011354446411,9.721499042168492,-0.02144885694067278,-0.19311448097228912,0.012303757098723408,0.1941974298373244,0.011977816290605417,0.061746479116780405,46.265487023977236,-0.05078698524156522,-0.023389462451158347,-0.30428028106689453,1.4209036340507262,19742400.0,0.41244431627962475,1.6973803021947786,0.0,-0.013155667009889922,-0.001104213563057518,1.3856723990289945
CSX,2015-06-29,9.39312084549327,9.474825187011017,9.14800943305375,9.150827407836914,44521200.0,-0.035981779706903236,0.035714339194877376,-0.02579477488279157,-0.009800148058059718,9.67992582321167,9.669219064712525,9.667149362708342,-0.05361256719970935,-0.21425749778747516,0.014474025727644666,0.20969238770097018,0.012709111173065618,0.0797422124453183,38.85027849609162,-0.08983572834041809,-0.04995056444000897,-0.6170005798339844,1.8265557306025995,-24778800.0,-0.09870533240517083,1.3847689155795102,0.0,-0.00497799226191512,-0.020964083682008857,1.500939245752847
CSX,2015-06-30,9.238160680622864,9.274786270802071,9.128283104028847,9.19871711730957,33140100.0,0.005219728275960358,0.015926478106120173,-0.004269633823973913,0.009543756962474878,9.625550556182862,9.648793125152588,9.622536767908459,-0.04664583456243398,-0.2230790710449213,0.01457113804477041,0.21351591598887484,0.012754928741464402,0.09098301177615743,38.420931983761434,-0.11558544222528688,-0.06056022265990221,-0.5437526702880859,1.3218404558540922,8361300.0,-0.19447164779842716,1.2829438074980228,0.05554940930357728,-0.06632704843669283,0.0032623676787063697,1.5053933348968715
CSX,2015-07-01,9.277603994684467,9.342402866012526,9.215620678245683,9.26915168762207,18606900.0,0.007627833245834381,0.013677863092492713,-0.0009110441733921446,0.008575856433986059,9.571457195281983,9.631888914108277,9.588881045976422,-0.03766003010633653,-0.2272091007232664,0.014728107879380191,0.19258688047321545,0.012724386587448523,0.09771227115134307,29.0907574024141,-0.12882379430701896,-0.05903885979330742,-0.5409336090087891,0.7454499345569403,26968200.0,-0.25830984647388516,1.1219544806598263,0.13724960791607138,-0.047499786269034276,0.006874049344814129,1.4920651000899656
CSX,2015-07-02,9.319864277771662,9.339586059660023,9.193082891165506,9.207169532775879,20205900.0,-0.00670938620536709,0.015911857381684127,-0.012091886924208341,0.0054711144944702165,9.490880393981934,9.612730741500854,9.55252756852875,-0.04219001027190475,-0.2272523403167721,0.014770551140288794,0.1827261023274779,0.012772326711186834,0.10557960826572281,29.090697722128382,-0.14267209054901642,-0.0583097248282439,-0.8057680130004883,0.813210735352445,6762300.0,-0.20275264199059678,1.0505561997015938,0.06535374287569784,-0.05926000544737979,0.00037215833097994753,1.5580000287889642
CSX,2015-07-06,9.119829455186546,9.224071876234426,9.071933591629396,9.156455039978027,18110400.0,-0.005523378190266133,0.01661541327301654,0.004016038344955283,-0.00948609420934613,9.420727348327636,9.585542964935303,9.514806375333444,-0.04476407090625066,-0.230779323577881,0.014444678162825499,0.18171996816411656,0.012798757031346458,0.11363445465590852,28.514587348135734,-0.15594160309230176,-0.05726338989722339,-0.7015304565429688,0.7218678066425518,-11348100.0,-0.06826582895743352,1.3776755063662214,0.006527741442974541,-0.02579493500830597,-0.0041322930648276,1.548333812099771
CSX,2015-07-07,9.176173835883036,9.286051360596442,9.057844813927067,9.23815631866455,25580400.0,0.008883233720940669,0.024702607186707994,0.006754719765566656,0.0021535404060757566,9.357054138183594,9.568075132369994,9.488458750888787,-0.03448121060309059,-0.22493113517761287,0.014513344972353862,0.18775715016716418,0.013061492548793841,0.11838016396098777,32.95208436092601,-0.15804335162168037,-0.047492110741281596,-0.6367321014404297,1.0086471012692668,14232300.0,-0.2597320722904063,1.3554408398336117,0.10129669745375729,-0.04825244438227204,0.006355262906282959,1.5538478176115238
CSX,2015-07-08,9.142369682203734,9.176178105071276,8.936701171883904,8.95642375946045,20448000.0,-0.03097131980937314,0.02673800834115502,-0.02033891969007133,-0.010368587968931834,9.270560550689698,9.540324068069458,9.437788751705137,-0.06120340403983407,-0.22490874290466323,0.015835684959822564,0.19902637643371981,0.013427741161731892,0.13185106560180135,24.79181604000736,-0.18036334904848061,-0.055849686534465454,-0.8649358749389648,0.7946853088149908,-6215700.0,-0.30827414529974223,0.546202362200886,0.0,-0.10229694008302151,-0.015150839270280398,1.6186709926166023
CSX,2015-07-09,9.049397832956721,9.153640281428407,8.984598146316287,8.987415313720703,20628300.0,0.0034542870062581462,0.018808759716940023,-0.006849352893988808,0.010380713998493635,9.214494609832764,9.511164331436158,9.394896043325666,-0.055066761488324525,-0.22747538566589398,0.015764049308200564,0.19600771104022194,0.01359619256380025,0.14202264130324846,16.29592343336276,-0.19332284299973246,-0.05504734438857384,-0.5606594085693359,0.7975045291010692,14412600.0,-0.2907629331118092,0.6016244317357702,0.029333790404178346,-0.22860337443314213,0.0013030650054896768,1.7770640903506705
CSX,2015-07-10,9.105745943800464,9.122650563196164,9.007138619533151,9.052216529846191,18077400.0,0.007184347819581272,0.012760625343213592,-0.00587864127603051,0.01316625814533248,9.170261859893799,9.471157884597778,9.362259899184764,-0.044233383062157475,-0.24140000343322754,0.014045164373515004,0.19439783551523135,0.012320752716398726,0.14465572473646085,21.850108013811905,-0.19610385557261267,-0.04626268556916324,-0.44232749938964844,0.7192078186905949,32490000.0,-0.8458923896597228,0.6098089281042273,0.09066873591217953,-0.21444208336599374,0.011394071078245428,1.580681947186148
CSX,2015-07-13,9.114196713540672,9.122649021810398,8.981780978911873,8.987415313720703,30811500.0,-0.007184347819581216,0.015673921587162853,-0.013910320767118557,0.006846962121390322,9.120394802093506,9.431010341644287,9.326560414854853,-0.04703579063685379,-0.2589904594421384,0.014053524903808592,0.19540396591539114,0.011884746769151267,0.14849049320482235,19.999754990299536,-0.20121723758619048,-0.04110085406619282,-0.4986705780029297,1.21055286687867,1678500.0,-0.8344645031274284,0.5872511745617789,0.029333790404178346,-0.21888485795240778,0.010417888183913109,1.4473705667795835
CSX,2015-07-14,8.990232697879623,9.105743808397316,8.981780390163939,9.035309791564941,37285200.0,0.0053149110702304945,0.013719885769617406,0.005014007445652635,0.00031348102436291083,9.108843040466308,9.39438443183899,9.298822260255815,-0.03822226382998446,-0.2663374996185297,0.014209766500754952,0.19137909198328934,0.011808020345128555,0.14959029386388947,23.326673359002385,-0.199109732525649,-0.03119467920452107,-0.11551761627197266,1.3967688117451575,38963700.0,-0.8794072802008921,0.5339075478530129,0.07466635303729034,-0.2244292313169108,0.005950370033476294,1.4961591940649486
CSX,2015-07-15,9.249427818178177,9.32549695908144,9.069116258144518,9.128281593322754,43313700.0,0.010237250084525895,0.02808641454755963,-0.013097699364422349,0.023697917564833085,9.101799488067627,9.363675022125244,9.282580291976476,-0.025139000258582667,-0.2743922996520993,0.014554842117698112,0.18755541276774387,0.012228775927916949,0.14784962052391684,33.76873830641921,-0.18777294257986554,-0.015886311406990095,-0.0704355239868164,1.5498243312726832,82277400.0,-0.9130462564454298,0.40803622559575836,0.16266501626535873,-0.18952302610765676,-0.003480596348984832,1.4674317552486922
CSX,2015-07-16,9.226895870548361,9.229713039050164,9.03531390340337,9.063488006591797,20745000.0,-0.007123425828476445,0.021448600749006255,-0.017709949938651787,0.010803158975479316,9.0812331199646,9.32634515762329,9.261714360035079,-0.028184368752065304,-0.29449832916259844,0.014380138203908275,0.19178151238578003,0.012402433554101745,0.14390307050768653,33.47716643429652,-0.18191969877091196,-0.008026454078429224,-0.20566368103027344,0.740040357081512,61532400.0,-0.8052955331789539,0.3724311033849203,0.1013372920492686,-0.28972008750412703,0.007775522688860576,1.371754106387368
CSX,2015-07-17,9.102928850847324,9.150823925193937,8.973329466078189,9.066303253173828,19926600.0,0.0003105658045722811,0.019577379463191043,-0.004023495983942167,0.004351618739589191,9.067146492004394,9.279013442993165,9.243103778429244,-0.022923793690584626,-0.3233171463012692,0.013226568763377446,0.1939951796821422,0.012395775549244691,0.12857842575185535,33.839376975222336,-0.1750360869565455,-0.0009142738112501991,-0.14086627960205078,0.7173490205057147,81459000.0,-1.1488866445946821,0.5865178572041821,0.11963388165629836,-0.24149402537112574,-0.00019280347100171145,1.2797874228453234
CSX,2015-07-20,9.097293213965989,9.145188285703826,9.004319431934498,9.015589714050293,18604200.0,-0.0056093321853920635,0.015625029336660264,-0.008981077996943745,0.003418147388938465,9.053059959411621,9.236893653869629,9.221435772297916,-0.023958697383792513,-0.3444523429870614,0.012992008590099118,0.1799089221892454,0.012387676767594048,0.11708857833748862,43.33303557576128,-0.17169375504395745,0.0019424464810702813,-0.14086532592773438,0.680290989111768,62854800.0,-1.307266658776226,1.094282610783729,0.06441832384072446,-0.22706144716368712,3.229445962347154e-05,1.2614957364072823
CSX,2015-07-21,9.02122460501326,9.09729377461557,8.888808857698493,8.976146697998047,23186100.0,-0.004384577267953511,0.023226549646695967,-0.004996872263901032,0.0006250163485350878,9.02685899734497,9.191956567764283,9.198074908078882,-0.023478121135066077,-0.3632996463775626,0.012912897636016812,0.18433619005666355,0.012656853905783614,0.10031151974918023,38.935550060304486,-0.1702649463639716,0.00269700412884491,-0.2620096206665039,0.8470202721770603,39668700.0,-1.258960546477463,1.0540438704847774,0.022802775189503702,-0.22704111515340078,-0.0038949480225805157,1.244709007702434
CSX,2015-07-22,8.984597253429818,9.029675151646556,8.784563878578945,8.894440650939941,26603400.0,-0.009144256402922058,0.027557806351960774,-0.010034573609346845,0.0009414457802540442,9.02066068649292,9.14561061859131,9.169157359779936,-0.027463444282308118,-0.3853971672058094,0.012950212671328799,0.19158087036842467,0.01295614190293936,0.08145493641516886,31.57875489818251,-0.1737230293986567,-0.000608863124672121,-0.06198310852050781,0.9731889612773338,13065300.0,-1.2030397134621196,0.9161466609807173,0.0,-0.25579166810258025,-0.003272073301363075,1.2472996623338426
CSX,2015-07-23,8.88317121233757,8.897257852794993,8.638059960519273,8.69158935546875,22406100.0,-0.023070618289127334,0.029821691025086562,-0.021566831516512737,-0.0012670204956823131,8.991078090667724,9.102786350250245,9.12367469270268,-0.04517265142339528,-0.40199007034301637,0.01252342846687386,0.19963049349565345,0.012683520731153992,0.08230125164232582,27.737014064647795,-0.19063447381500254,-0.014016246032814345,-0.2958259582519531,0.8631496345999495,-9340800.0,-1.2086083705908408,1.1595780440325014,0.0,-0.24335180868755207,-0.0044915428157269125,1.206855236913171
CSX,2015-07-24,8.691593226983661,8.781749861816298,8.635246640055387,8.68032455444336,22788300.0,-0.0012968982764600607,0.01687762028274826,-0.001296502522151815,4.4543233153191564e-07,8.953888893127441,9.06207537651062,9.081450870011317,-0.042126202465362306,-0.42134547233581543,0.012542500133527507,0.19922798900678781,0.012742228181090715,0.08216411178679703,28.71531949253631,-0.2026103249487523,-0.020793677733251276,-0.37189197540283203,0.8794953273083989,-32129100.0,-1.2592760718369178,1.2359010611602679,0.0,-0.24754477104617248,-0.00850153731569885,1.1343144425664606
CSX,2015-07-27,8.623973671147784,8.711313110660518,8.564809128442995,8.598617553710938,22007400.0,-0.009457478268763784,0.017038085634393078,-0.0029401895696501705,-0.0064917945109241445,8.915009117126464,9.017701959609985,9.035466744649376,-0.04647352593555586,-0.44205643653869586,0.012561857446614567,0.19339209154594122,0.01277645183544607,0.08229381060685184,21.410550136039745,-0.21620210210685542,-0.027508363913083506,-0.3887977600097656,0.8681486899011649,-54136500.0,-1.145344440580931,1.0064891732057732,0.0,-0.26092276559693683,-0.006721999483692934,1.1261457584276366
CSX,2015-07-28,8.660598545869247,8.776110443695902,8.65496340628789,8.756388664245605,21903600.0,0.018182126239326028,0.013835274112795304,0.011060450137369145,0.007208250834642607,8.887117004394531,8.99798002243042,9.008887879849018,-0.026849510399286174,-0.4379080200195311,0.01137770367025582,0.18453764463196393,0.012020897493395155,0.0851291951081722,39.94319336885186,-0.2118013591298773,-0.018486096748884295,-0.27892112731933594,0.9044001746568024,-32232900.0,-0.7207156695148867,1.0957468985048968,0.2352916879286876,-0.22779790973082503,0.01499304930740302,1.0343768131101256
CSX,2015-07-29,8.759208797876923,8.885991017809234,8.736670650086404,8.871904373168945,20648100.0,0.013105904483642494,0.016830700765262403,0.012865953751363693,0.0003220658355233429,8.86147928237915,8.981639385223389,8.995841831593774,-0.012217704068032348,-0.4313993263244633,0.01178114246664579,0.1811164907573119,0.0120461389527278,0.08344407342092562,44.64756342656341,-0.19672486452861726,-0.002727681718099395,-0.2563772201538086,0.8751299306083137,-11584800.0,-0.6472803589693443,0.7874436341791131,0.40756585170139675,-0.10210778531210278,0.009321123989020165,1.0732488706425551
CSX,2015-07-30,8.843725414047096,8.8859861307824,8.818369306428364,8.863447189331055,16928700.0,-0.0009537092568044031,0.007628727616883326,0.0022300302599437354,-0.0031762018543696137,8.841475200653075,8.961354160308838,8.983232818044943,-0.010925466087639746,-0.42939481735229457,0.011575170628103568,0.17628660324863876,0.011949682478605115,0.07866277756483794,40.77108501144645,-0.18334556445454275,0.008521294684780106,-0.2000408172607422,0.7200510922499667,-28513500.0,-0.5896942019979083,0.95256827520155,0.41409472887601795,-0.07443042124479902,5.186046252440534e-05,1.0533112863292566
CSX,2015-07-31,8.87190200142266,8.908527590118833,8.787380544063105,8.812737464904785,17218800.0,-0.005737648088019641,0.013746812104431343,-0.006668754513788272,0.0009538965947450001,8.816118621826172,8.941632556915284,8.966995165364928,-0.014415163136044302,-0.42766241073608313,0.011557342668432835,0.17487796061701047,0.011902432058852355,0.07569298838992129,41.34070341685821,-0.1748190188868719,0.01363827220196076,-0.25356578826904297,0.7370727184468513,-45732300.0,-0.6045603307654567,0.9916440686875205,0.33480364221759357,-0.08289974827532548,-0.0020725643663072318,1.0529020910468738
CSX,2015-08-03,8.829640862111985,8.832458028944593,8.705676654857708,8.773293495178223,17250900.0,-0.004485837191967959,0.014450830142245208,-0.006381614814657854,0.0019180643102684686,8.791888999938966,8.922474479675293,8.948547387251908,-0.016719687440618934,-0.4230079841613765,0.011543725166623664,0.17507924317797535,0.01185114058193728,0.07408112704338835,36.901333780851076,-0.16929296488597956,0.015331460962282495,-0.2422962188720703,0.7398077500789623,-62983200.0,-0.6206279611486113,1.0261994699322008,0.27312799209079175,-0.06534441472493754,-0.0015066403840921822,1.0611176110077183
CSX,2015-08-04,8.773295690260221,8.835277406367052,8.646513478396058,8.697226524353027,19857300.0,-0.008708092423688881,0.02170392221502313,-0.008670534835802154,2.5020045209261395e-07,8.763996982574463,8.895427989959718,8.924612066975826,-0.02228127368693226,-0.4251691055297844,0.011330195004651478,0.16783472606758223,0.011734367379827013,0.06960702122968844,28.080293146024033,-0.1691021913056847,0.0124177876340619,-0.27892017364501953,0.8621639610749078,-82840500.0,-0.462024228982216,1.0975466393742268,0.18617267060952883,0.08670983446021609,-0.003327654052185845,1.0395101388051906
CSX,2015-08-05,8.753573609251683,8.807103820935192,8.660600635208452,8.666234970092773,11432100.0,-0.0035697475622427414,0.01690505579785491,-0.009977483832043315,0.00647874178519771,8.741176414489747,8.880918550491334,8.900004724415535,-0.024173578349807406,-0.41804118156433034,0.009303187844409656,0.16441358678757836,0.011408718881125459,0.07305587963649512,29.07999172340088,-0.16949789506489488,0.009617667099881377,-0.22820568084716797,0.5062677318921303,-94272600.0,0.19730158474358298,0.7952420186988148,0.1276609511847969,0.20312073688855564,0.005834261473906863,0.7798550933382437
CSX,2015-08-06,8.666234227058144,8.666234227058144,8.51691388669183,8.573261260986328,21230400.0,-0.010786232875997883,0.017416982385199734,-0.010728185234312172,-8.573903568786297e-08,8.729343605041503,8.860210847854614,8.86888629932704,-0.032386315833303966,-0.41243458747863926,0.009436678344467953,0.1624012028079495,0.011372804830751792,0.07851002145448858,26.287294196213978,-0.17529302557345083,0.003058029273060342,-0.11832809448242188,0.9389312571977476,-115503000.0,0.3782391822634318,0.7061863611389073,0.0,0.18509654793843702,-0.005490109825535027,0.8067600675004389
CSX,2015-08-07,8.553537349011938,8.57044196011999,8.404216239763633,8.440842628479004,15720300.0,-0.015566062971669972,0.019693024461268704,-0.01317521815064641,-0.0023006311570307825,8.705395412445068,8.829642152786255,8.828120235436751,-0.0440334407192892,-0.41618191719055275,0.009591773308587147,0.1644137861974757,0.011546865719525325,0.08663799991292025,24.371869126289553,-0.18839903838759398,-0.008038386832866229,-0.23948192596435547,0.6988854723288647,-131223300.0,0.5484667274493145,0.8266748538009858,0.0,0.2650458855888965,-0.0022879793190759674,0.8258047746858658
CSX,2015-08-10,8.500009592596244,8.573260771972677,8.497191619499938,8.519730567932129,18741600.0,0.009302575737100298,0.00892858663383788,0.0023201121270571274,0.007009603984039934,8.697506713867188,8.806257915496825,8.7987497909125,-0.03253678807890462,-0.4179287528991704,0.00995857115149838,0.15898044523866112,0.01141907211032342,0.09055351946708756,30.339867444548787,-0.1902272294578271,-0.0078932623224795,-0.0788869857788086,0.8561760703228751,-112481700.0,0.3401701450113533,0.21752867319929015,0.11475627996078584,0.18074170228793304,0.011849377624596756,1.0199946569423435
CSX,2015-08-11,8.44647730623338,8.471833417874182,8.232357328481172,8.263348579406738,38609400.0,-0.03055481445472392,0.028980514024279872,-0.021681077233404168,-0.008598072569861658,8.648202705383301,8.767659854888915,8.747759199340523,-0.05751948454078874,-0.42886032104492244,0.01150062781426879,0.16199915712318586,0.011909437189517228,0.1029565342905958,26.371408657499188,-0.20994386565496193,-0.022087918815691443,-0.4930400848388672,1.7584816975692403,-151091100.0,-0.07789787548371004,0.6528496465078599,0.0,-0.061702101965555124,-0.00665808434141345,1.163239816612675
CSX,2015-08-12,8.204185481344314,8.342236342199117,8.09430790365905,8.316880226135254,26020500.0,0.006457309288625047,0.029810269211400623,0.013736250240465504,-0.007159700149872098,8.592700290679932,8.727089786529541,8.706723106654307,-0.04700416409459372,-0.4436232757568348,0.01127386350735876,0.16119419614206773,0.012009780823499475,0.1055637545097911,34.204443215176184,-0.21872851916833191,-0.024698057863249134,-0.5550241470336914,1.2336995482527509,-125070600.0,-0.1030831059867226,0.8441203396073675,0.06666832862518472,-0.16457187060296177,0.0017533365650568254,1.2639985823488316
CSX,2015-08-13,8.314062786342094,8.361957849793264,8.271802056917474,8.280254364013672,13495500.0,-0.004413523476131931,0.010888046298143937,-0.004066414122342248,-0.0003387616169229878,8.534381008148193,8.687928104400635,8.666107035926627,-0.04692416137519222,-0.45624532699584996,0.011258314541749343,0.15716937979313045,0.011755085316995935,0.10893676997737452,33.488410903606294,-0.22604017096009343,-0.025607767724008523,-0.5831928253173828,0.6510455297695761,-138566100.0,-0.14274686859848626,0.8754669035758951,0.021054469135941167,-0.15567015911822338,-0.0023873274612879005,1.385700997604067
CSX,2015-08-14,8.2802529052704,8.361956376656183,8.2774349326972,8.345051765441895,9963900.0,0.007795072046334008,0.010128330696401192,0.007825710266681588,-1.7617131163186007e-07,8.487612438201904,8.651865530014039,8.63553034349951,-0.03546215131381572,-0.4674022769927966,0.01154720050594159,0.15274205563180615,0.011537962404384369,0.10670383494152456,39.38676402142423,-0.22402369323617322,-0.01887303200007065,-0.4676856994628906,0.49251068789565233,-128602200.0,-0.17467117832841395,0.5594782173603088,0.10861302471545989,-0.14852006995341008,0.003466915921460661,1.4189332193637325
CSX,2015-08-17,8.314062488314514,8.370409050785701,8.257715119786983,8.361957550048828,16440600.0,0.002023796127463143,0.013476979561808492,0.005760729102244666,-0.0037134912998037658,8.446478843688965,8.619183921813965,8.609475791742303,-0.02984347173682332,-0.4733188247680662,0.011619839198479377,0.14811355856135996,0.01149313882401456,0.1033593656570125,31.2836627619145,-0.21854224561219127,-0.010713267500870927,-0.41133594512939453,0.8170196271365849,-112161600.0,-0.2721605110055657,0.49864339028895593,0.13834066994110822,-0.11552419152753814,0.0030222186699880495,1.42520385985729
CSX,2015-08-18,8.364773543173154,8.381678154387442,8.325330793766863,8.345051765441895,13631700.0,-0.0020237961274630735,0.006752188267294177,-0.002357718069648792,0.00033676242763388056,8.411261367797852,8.587629175186157,8.584292551142264,-0.02824730840092474,-0.48002434730529764,0.01162446808783018,0.14147262948262782,0.011100439964156635,0.0996870734671504,22.418928539690242,-0.21310576381717894,-0.00422142856468688,-0.3521747589111328,0.6939042287246633,-125793300.0,-0.30539111043544903,0.5066756750634673,0.12946317728573442,-0.1133231605953144,-0.0019183649881689255,1.4389266601345247
CSX,2015-08-19,8.266167678554506,8.308428411873415,8.11966450163121,8.147838592529297,19258200.0,-0.023916071553649887,0.02316736004261074,-0.014314866408069447,-0.009452797790189767,8.359421730041504,8.550299072265625,8.542725507464839,-0.047069754675807624,-0.4900823211669927,0.012415305515985638,0.15274194658667412,0.010912663535662772,0.1041491538695844,18.719412248273755,-0.22214996123215336,-0.010612500783729023,-0.5183963775634766,0.9989900231718875,-145051500.0,-0.29683776744439533,-0.05450390130012072,0.0,-0.16783742364558646,-0.009445827780747994,1.5058067927355474
CSX,2015-08-20,8.04359899227791,8.130936851005448,7.987250790563063,7.990067958831787,22094400.0,-0.019553423481657797,0.017983083646186192,-0.006655109671369122,-0.012793527886888036,8.30110239982605,8.515223002433777,8.490091455214072,-0.06167249447864047,-0.4935475492477419,0.012166571347550007,0.15555914343742444,0.010442979831010618,0.11859201280214797,17.11729122853562,-0.23928993897494344,-0.02220198282121527,-0.583193302154541,1.147040935599651,-167145900.0,-0.2677656059707619,0.03943221563276931,0.0,-0.023500227966500867,-0.020511665699959707,1.2250319266734888
CSX,2015-08-21,7.908360778516288,7.964708148110125,7.711144581909681,7.713962554931641,29924100.0,-0.03516725962371499,0.032870728162705046,-0.024581354977221838,-0.010226093286876802,8.228414392471313,8.466904902458191,8.416174417091936,-0.08892769627162687,-0.499097990989684,0.013907598635171273,0.1664264293542259,0.01108281303714705,0.14456131085507826,14.39406809814102,-0.27201724789964743,-0.0439434333967354,-0.7268800735473633,1.5252709444348873,-197070000.0,-0.3916153409816016,-0.13760686837818042,0.0,0.12766186232704116,-0.031370024849548026,1.1663573101343423
CSX,2015-08-24,6.970176185600548,7.592814392672125,6.8941070382411604,7.401234149932861,51795300.0,-0.041385242281790045,0.09440416831526706,0.06184319489983936,-0.09642079074594162,8.116564750671387,8.407035732269287,8.319513439267261,-0.11963807629314464,-0.5111845207214358,0.01592904938768289,0.21150439997704634,0.016902611822091622,0.1834850419924179,12.418400609072648,-0.3195053855140664,-0.07314525680892348,-1.1184964179992676,2.4537918076659055,-248865300.0,-0.5402929770208403,-0.266275354802489,0.0,0.38903779019746426,-0.039302628810912135,1.0775664312108124
CSX,2015-08-25,7.623807559177847,7.632259060956628,7.125132681689998,7.130767822265625,39345600.0,-0.0372278457368618,0.07111806076242477,-0.06467106273146693,0.03007247233854979,8.003306674957276,8.325754690170289,8.206299570981392,-0.14352895471632282,-0.5397243595123289,0.01599738374716105,0.23726319951560995,0.019169373726671952,0.2258926451806229,10.903976587852384,-0.374645765789257,-0.10262850966729126,-1.1325807571411133,1.790033561764429,-288210900.0,-0.553448207686077,-0.7141402483600858,0.0,0.4292867604231317,-0.01585706765365525,1.096728764953797
CSX,2015-08-26,7.361788864336218,7.44631029849339,7.215285743712436,7.429405689239502,46709700.0,0.04102694995568235,0.03109596708597597,0.009184836206163094,0.03239777928952287,7.9145592212677,8.253629755973815,8.132309677482164,-0.09986201115185184,-0.5655880117416388,0.0191671690159063,0.24913615614609722,0.019498686986498082,0.23849890367568674,23.63631008417825,-0.3897544872629082,-0.09418978491275393,-0.887474536895752,2.0061331117166916,-241501200.0,0.489307485320799,1.3523281075546754,0.17235610403562837,0.03862401280392835,0.03669183576934207,1.1276517702503246
CSX,2015-08-27,7.565570895594481,7.8038563566442285,7.517345848351536,7.798182487487793,41775300.0,0.04844482457766704,0.03674067755562263,0.030746072583731122,0.018327873325345048,7.8663520336151125,8.200366520881653,8.100488040339842,-0.049044641159602685,-0.5786131906509393,0.023159894721088942,0.26380798801624233,0.02010915184167921,0.2342076143723114,36.64316442268203,-0.3677320659103458,-0.057733890848153224,-0.4820718765258789,1.7033219738577121,-199725900.0,0.8422131528616045,1.1014133303203486,0.3968054145179938,0.37799292616734753,0.02553572406345781,1.2557088528520997
CSX,2015-08-28,7.772652147338249,7.903142211084069,7.732938309413144,7.886122226715088,29868600.0,0.011213842419528022,0.021582711601189915,0.014598630843874411,-0.003273883394048219,7.820459079742432,8.154035758972167,8.080072248566056,-0.03285655596522064,-0.5824076461792007,0.023485228360403305,0.2665069707431889,0.020237218069651054,0.22679454637926166,36.88065677035252,-0.33927221738054403,-0.023419233854681143,-0.45892953872680664,1.1872278976257111,-169857300.0,0.7108135053945994,0.7334662375842214,0.45987372514628555,0.40112721032160137,0.002293194749146393,1.2654530310890293
CSX,2015-08-31,7.8322258430928215,7.849246644562828,7.744287740819402,7.766981601715088,18423600.0,-0.0152229138798699,0.013513473975559433,-0.008330229833103197,-0.006834332777608562,7.760961484909058,8.10372016429901,8.050254091723106,-0.04155357733938381,-0.5909031629562378,0.02358621544619235,0.2561113454892409,0.02022482410053096,0.22006998343329517,39.103028059657994,-0.32261236064203125,-0.005407501692934691,-0.5949759483337402,0.7306051238246724,-188280900.0,0.7726283826976378,0.7447981429045886,0.40614781260443755,0.378861884178924,-0.006604363969934343,1.2688006546123498
CSX,2015-09-01,7.571246034336668,7.645000672470468,7.540041774389396,7.582592964172363,23553300.0,-0.024026399794009296,0.013842085230870457,0.00149868724173475,-0.02520098249430614,7.684715604782104,8.047988486289977,8.005714936718274,-0.057827558142066325,-0.6007889318466191,0.023920739691026344,0.25461215897392847,0.02010171546826251,0.21736447724168506,34.75571920885186,-0.32059233729598446,-0.0027099826775102698,-0.7624588012695312,0.9272330341605022,-211834200.0,0.8211712135572965,0.6525628170136065,0.2942590726239431,0.3886528888460294,-0.02857390839912958,1.2094061764446653
CSX,2015-09-02,7.679038406476998,7.71307918243921,7.528692660472375,7.656345367431641,18489600.0,0.009679542957285903,0.02408283758347338,-0.002955192804637712,0.012719322105292748,7.635566282272339,7.997494006156922,7.972441644405261,-0.042656942094941946,-0.6079831266403186,0.024191523257937133,0.2613429253375746,0.020237646993313242,0.2101462076093965,37.243884643237216,-0.3094728413968193,0.006727610577323906,-0.49149322509765625,0.7179150271524521,-193344600.0,0.7200632390345999,0.3789014523486377,0.3643535058215564,0.35484678088300475,0.018790972474716408,1.183719900216769
CSX,2015-09-03,7.676205422974067,7.801021645946558,7.664858493612932,7.738613128662109,24160500.0,0.010687725381405205,0.017595291309925837,0.008130020270336033,0.0025939341277506083,7.610420799255371,7.95576159954071,7.950172261953532,-0.027294491942938183,-0.6135263013839731,0.024441133512534255,0.2656396992344271,0.020241206623103077,0.20160257274239915,37.689021552348336,-0.2906715591965048,0.02042311422211074,-0.25145483016967773,0.9327987611329795,-169184100.0,0.5706172584130274,0.0969485768312735,0.43762534590411345,0.3670758039144901,0.0019979462783507314,1.1906617377771551
CSX,2015-09-04,7.644998896913474,7.715917800612931,7.588265072507913,7.616631984710693,16167600.0,-0.015888213971096188,0.016759734271166338,-0.0037105188091307107,-0.012097029557131968,7.600687742233276,7.914551067352295,7.918406521263738,-0.037641943315082575,-0.6171785926818858,0.024448487798592676,0.26832927960267555,0.020194244749571287,0.19746934761753035,35.48863153387626,-0.28235940303914564,0.022988216303575948,-0.09733057022094727,0.623666988768856,-185351700.0,0.5718219722851582,0.0947256873714051,0.349803592978217,0.3644253958734253,-0.016208017914521453,1.1840323443604859
CSX,2015-09-08,7.786835860538765,7.951366710062263,7.766979346717371,7.942856311798096,24950400.0,0.041938672339412814,0.023214238821242204,0.020036437656274952,0.02234634365553323,7.6548499584198,7.885707354545593,7.9207350727432,0.007247156746130095,-0.6151577138900759,0.02652912487356534,0.28821409136917486,0.02040349039617467,0.1846774669678346,43.01111423950725,-0.24660566596257105,0.04699356270412047,0.5416221618652344,0.9510751169574928,-160401300.0,0.5672807301474266,-0.38045520477409817,0.6595965387062617,0.3332533513910997,0.02665508826735223,1.2395075344209012
CSX,2015-09-09,7.991082723272505,8.118735472613148,7.866265691708372,7.888960361480713,31353000.0,-0.006808588001420557,0.03200292172052299,-0.012779540060870573,0.006071671144645373,7.730669212341309,7.866987943649292,7.91770890976582,0.0027929898950917248,-0.6086397838592532,0.025785580881824026,0.29014855687589564,0.0204810159290147,0.17953433470038477,45.26570898429359,-0.22008254986279496,0.05881334304311725,0.7581925392150879,1.2118942123383378,-191754300.0,0.533451138108468,-0.22186712695654381,0.6158210354971266,0.31464584979479204,-0.01388303492073555,1.2154203594983948
CSX,2015-09-10,7.900308939500072,7.976900937597364,7.88612628821844,7.94853401184082,23546700.0,0.007523151065907752,0.011420300805619996,0.00610420082430342,0.0014385391102699542,7.78258204460144,7.84857063293457,7.920644633772962,0.01273650752237341,-0.6020534324645999,0.025805267522173544,0.2851619031196592,0.020135022658754113,0.17209078043772358,49.212142394161624,-0.19204195346116393,0.06948315155579865,0.5191283226013184,0.9145280024608329,-168207600.0,0.5261908797189597,-0.23690690103067702,0.6642080943978707,0.3121282809795178,0.0048478714086145685,1.2135352087525464
CSX,2015-09-11,7.959877700714156,8.130081620683134,7.954204642513345,8.084693908691406,37034100.0,0.016985122516425897,0.021754315024927997,0.015680669059281165,0.00142714227006349,7.811233186721802,7.838792610168457,7.9362683742413855,0.03136979261372051,-0.5881422996520991,0.026144417262742983,0.2782064911139598,0.02029595237485306,0.16695262394950308,57.426707260039066,-0.15702255478278904,0.08360204018733883,0.2865114212036133,1.3754892883048813,-131173500.0,0.39139201151754943,-0.478092569808395,0.7748002254659432,0.3237145418840114,0.005336458844977725,1.223052608045087
CSX,2015-09-14,8.07334605600536,8.104549495728525,8.010937553366594,8.053488731384277,21842100.0,-0.00386725282446061,0.01162377517176226,-0.0024596151934192334,-0.001403621808594068,7.8279698371887205,7.824214458465576,7.947432217778804,0.02930316827788801,-0.5796468353271482,0.02607030176850449,0.22633195009049206,0.02031005806489666,0.1581997403224598,64.727500589476,-0.13028557503610916,0.08827121594721496,0.16736650466918945,0.7937322980919551,-153015600.0,0.4671976807850721,-0.39641626713959377,0.7494546785128677,0.31450126583535126,-0.005743774529120163,1.2218655866037258
CSX,2015-09-15,8.081857523120275,8.212346791615754,8.059163666721382,8.195326805114746,19833600.0,0.01745870967123326,0.018691521221431962,0.014040000293232345,0.0035225468964084415,7.870804357528686,7.815882921218872,7.971041226096513,0.04854779526772907,-0.5687558078765864,0.026410578022808554,0.20145564158798113,0.020385743432049703,0.1515709172385666,75.519420456577,-0.09653834485111012,0.0976147569057712,0.4283452033996582,0.716328124915351,-133182000.0,0.3728554197491335,-0.5972113041763982,0.876696904430381,0.30723546285009823,0.013864722557187723,1.2210735116341702
CSX,2015-09-16,8.189652888855795,8.31730562747786,8.181142489855306,8.297449111938477,23927700.0,0.01238404165499785,0.016410240760216282,0.013162489857093595,-0.0006923355704875704,7.942289972305298,7.813502788543701,8.002127691414795,0.061937179328117244,-0.5523217964172371,0.02656981009061668,0.18864283168760881,0.020485887085843903,0.14940723625346972,72.97302754437759,-0.060851546357253206,0.10664124431970251,0.7148561477661133,0.8484196709034996,-109254300.0,0.28239727915135704,-0.7069359959924928,0.999999991428679,0.3239263715351581,0.008784106224412102,1.2199672117200346
CSX,2015-09-17,8.280427422555407,8.405244430202606,8.243550924581093,8.277591705322266,22398000.0,-0.0023960624091900777,0.019533882725521215,-0.00034246024853948185,-0.0020514364298514884,8.004414606094361,7.819990444183349,8.028362359405984,0.05851685681780958,-0.5322574996948246,0.02599168579657384,0.17344589156023638,0.02041938788061476,0.1539497267945168,65.56172690074303,-0.03378240565644042,0.10696830801641224,0.621246337890625,0.7897837985363717,-131652300.0,0.20956780436203798,-0.55224033867893,0.9829795706661458,0.2908186326453973,-0.0017635808560261745,1.2055645590136863
CSX,2015-09-18,8.198166187177831,8.201003528912313,7.911656353337184,7.988248348236084,45645300.0,-0.035580564009938184,0.03622160490779193,-0.025605462752153606,-0.009595244724787054,8.029378128051757,7.819899463653565,8.024541977389802,0.021528267129903005,-0.5123651409149161,0.026857471906789977,0.18742670943981896,0.020844320948913815,0.15392397362877888,52.93170889825543,-0.035270926121009794,0.08438383004147429,0.2496352195739746,1.5453493314617954,-177297600.0,0.17103456163703518,-0.6910869201533597,0.734974089505767,0.24534834595314953,-0.015323034177033075,1.2461736174833944
CSX,2015-09-21,8.027957505027986,8.090366001104153,7.954202895042843,7.971222877502441,23516700.0,-0.002133589133554747,0.01708183401139232,-0.007067131021808659,0.004970946703312082,8.064837217330933,7.8327624797821045,8.019463967876721,0.01767708366974364,-0.4778822517395014,0.025589449898184378,0.18702161088022068,0.020513514646331395,0.1540444117247449,56.22825219241165,-0.03739335519170517,0.06580912077662314,0.35459089279174805,0.8049023790564583,-200814300.0,0.13438630982336938,-0.40788813459615864,0.720381011911726,0.1429439256377133,0.0045584009930274855,1.2508554950344124
CSX,2015-09-22,7.8719400588948965,7.8719400588948965,7.6790414406279375,7.735776901245117,30237000.0,-0.029981997398772744,0.024935907631450805,-0.01729728080130917,-0.012455155267048866,8.044129276275635,7.849489617347717,7.9924461520070444,-0.014486638195085935,-0.43612234592437726,0.024731688798478164,0.19168172584799295,0.016243377196987232,0.14538103446769782,54.53021175302625,-0.057412107068855356,0.036632295119578356,-0.20707941055297852,1.0745614970297368,-231051300.0,0.25059380283922705,-0.4216370591296354,0.5185727063158915,0.002635899460600445,-0.01175162276663923,1.3463772558767984
CSX,2015-09-23,7.749961515658586,7.772655378649185,7.506002082711367,7.540042877197266,41873700.0,-0.025628050068076773,0.035364957504981274,-0.027086410434062857,0.0018336379906697736,8.00923752784729,7.869953370094299,7.949360125834684,-0.04192026018231418,-0.3857532548904423,0.02391179147474587,0.19755792398877745,0.014162366430143318,0.12325018426532211,46.79196433785599,-0.08805615553404245,0.0047905973235130295,-0.34891748428344727,1.4814512127491901,-272925000.0,0.36156777797263856,-0.3996016180533263,0.1274558205155284,0.2675380744750945,-0.00265443018175506,1.312403770321324
CSX,2015-09-24,7.449264039213899,7.53436639254413,7.3811824811881905,7.486142158508301,26245800.0,-0.007174269417085953,0.020462330010904188,0.004950572177368183,-0.012039565220232567,7.962998342514038,7.872790193557739,7.905244128946458,-0.049111944500417413,-0.3500736427307132,0.02217288095632888,0.19857107523836012,0.01379378348546124,0.12059028399932716,42.925239259383574,-0.1153613088932488,-0.01801164482855465,-0.46239185333251953,0.9634268686038867,-299170800.0,0.5041343657048618,0.20662097235066437,0.0,0.10160710673182216,-0.0038455332553067527,1.3744655106046617
CSX,2015-09-25,7.576917084380369,7.647835985746123,7.503162465803155,7.523019790649414,24249000.0,0.00491402604289605,0.019230777529362197,-0.00711335403710081,0.012125728305720075,7.906830930709839,7.859032058715821,7.868841811013406,-0.04275491759748739,-0.3330224132537847,0.01899625133296235,0.1993814874586191,0.01310017769960925,0.12701756793300067,47.245410326789276,-0.13249777111050687,-0.028118485636650162,-0.5616741180419922,0.9197136519390734,-274921800.0,0.19136354652765267,0.20620936866563497,0.045454598325146894,0.013117572677270144,0.002985087650570348,1.2553978750366117
CSX,2015-09-28,7.51167302310588,7.545713804308628,7.364162159631063,7.3726725578308105,30438600.0,-0.020187358220977544,0.024624943431772402,-0.01850459476171346,-0.0015082729886790114,7.8387493133544925,7.833359575271606,7.821587596424587,-0.05881091159087028,-0.32482228279113734,0.01916434600275437,0.1884398388390473,0.01318192538027311,0.13890531987655225,31.284917774978652,-0.15640733961257158,-0.041622443310971896,-0.6808161735534668,1.1532256093783833,-305360400.0,0.3896101107543636,0.22473711080008982,0.0,0.01992169987087621,-0.025190942871675167,1.1684733149654105
CSX,2015-09-29,7.389692809758688,7.4010397359902305,7.287569662078623,7.3584885597229,36095400.0,-0.0019257141209739934,0.015420296300070739,-0.0042226721514837095,0.0023085593174485106,7.755065488815307,7.812934923171997,7.777482926262522,-0.05816589641637441,-0.31210491180419897,0.018958340595453923,0.17851128833953528,0.013221190143047444,0.14943473373784769,32.12232183548963,-0.17448897473120084,-0.04776326274368092,-0.8368382453918457,1.3232467815985136,-341455800.0,0.30105683787468585,0.3180474188232327,0.0,-0.02160159895614039,0.0044313511300750445,1.1489063990574657
CSX,2015-09-30,7.474796593180972,7.659184808458247,7.449266204399778,7.630817890167236,38184900.0,0.03634048062609352,0.027509319063813816,0.020872982300093282,0.01580596783077037,7.688402366638184,7.8153461694717405,7.76351482758678,-0.023611018028261817,-0.28278708934783925,0.020206216237302684,0.1935056882935655,0.013611782780263546,0.1484625363061046,40.63541535782942,-0.1649427425552945,-0.030573624454219656,-0.6666312217712402,1.3632846159077898,-303270900.0,0.24932082781255624,0.04889088152687581,0.2900327675123503,0.012414225143099132,0.017932073098927175,1.3259131188208377
CSX,2015-10-01,7.6960595701525865,7.735774216482035,7.576916442760398,7.6676926612854,27098700.0,0.0048207101476893735,0.020717806612635743,-0.0036859003764992495,0.008549762413989453,7.627412462234497,7.815913534164428,7.754388906986649,-0.018963985749219748,-0.25768476486206104,0.02011817249807467,0.19188498578494576,0.01350877053895241,0.14828981236317784,36.94493019650789,-0.15264223426496937,-0.014618492931115612,-0.6098990440368652,0.9528395629526645,-276172200.0,0.2881138154420993,0.125185698782789,0.3293046737052517,0.021053124432948992,0.002120395112994067,1.4232508038024165
CSX,2015-10-02,7.5258572580675,7.749959293748855,7.503163401583219,7.747122764587402,16970700.0,0.01030577455807275,0.031856458154213854,0.02940070465496965,-0.018497794510470542,7.603299903869629,7.816339015960693,7.7536968934248165,-0.008855328719999712,-0.23836995124816873,0.02010777314775784,0.20282669648521034,0.013992246198084514,0.14822378069599296,40.68972133039421,-0.1349292667169486,0.0024755796935241325,-0.24112558364868164,0.6043599728636827,-259201500.0,0.29087893293539385,0.13340127954982314,0.41389832598238063,0.05146894325816906,0.014462660288272292,1.3719258380140453
CSX,2015-10-05,7.795345578969989,7.925834824056834,7.761304800478266,7.894631385803223,19238100.0,0.01886143879199374,0.020840748039793213,0.012736549756188341,0.006224609554790565,7.595640754699707,7.83023898601532,7.767119226032284,0.008223554849718737,-0.20875611782074,0.020155309402059257,0.20424483928792142,0.014096087708963919,0.14620429695331302,40.89343158621957,-0.10774686062972272,0.023726388624600026,-0.07659149169921875,0.6813812082783243,-239963400.0,0.07699925956262875,0.030421398196378145,0.5709961074565655,0.18885102228003867,0.02189228316143258,1.3477451276498948
CSX,2015-10-06,7.8974688827403785,7.959877390091759,7.837897715974989,7.857754230499268,15841200.0,-0.004682112737861669,0.015523477896943546,-0.005028782364423848,0.00035942107978068094,7.607838487625122,7.825983881950378,7.775751131219616,0.004059598004305039,-0.19819395542144846,0.017743443032773497,0.20323173475179404,0.013895074777586907,0.14570517185974377,36.13593506476714,-0.08816398664682978,0.03464741008599437,0.12197732925415039,0.5702680650855526,-255804600.0,-0.15453818487684148,0.12700237849223822,0.5317216620880192,0.24428405673847892,-0.0018219275981122488,1.2692665772915452
CSX,2015-10-07,7.931509660485108,8.101714385302815,7.917326203949058,8.047816276550293,20606700.0,0.02389994033188046,0.022911579367315697,0.014663868676177314,0.00938632436473567,7.658615827560425,7.833926677703857,7.801662097441585,0.02730298707737294,-0.17607971191406335,0.018491644078794715,0.20910792397908226,0.013588005098870704,0.14761596583788528,43.457197525359305,-0.05665491661460287,0.05292518409457703,0.5077733993530273,0.7564534601999912,-235197900.0,-0.27667150989215533,-0.1502904720674538,0.7341391583059158,0.22498337021261544,0.008828939923018211,1.3908256860875194
CSX,2015-10-08,8.033631928375998,8.271918216108144,8.013775414061877,8.252060890197754,25363200.0,0.025062189386643122,0.031282222160151904,0.027189316584225357,-0.00176250894489543,7.7352077007293705,7.849103021621704,7.84455722056122,0.05133807869077948,-0.14850649833679253,0.01923084903194147,0.2014084561263098,0.01415622359161758,0.1544460095081179,57.89460015656352,-0.015029665596228092,0.07564034809036145,0.7659187316894531,0.9279663691219366,-209834700.0,-0.28593808682459704,-0.4134490014427527,0.9516611947645337,0.28055525111645246,0.010239139145182695,1.4288635029854586
CSX,2015-10-09,8.305961079441419,8.416593852550779,8.189654435394836,8.249225616455078,22636800.0,-0.0003436427540887581,0.027510390393888334,-0.006830692131073178,0.0065317246153249265,7.807828283309936,7.857329607009888,7.8830970677892065,0.049876488456785856,-0.12799548149108908,0.018903894748093633,0.20789247834735505,0.014326420596049204,0.15878245337306385,58.39050154709649,0.017527813115004953,0.0865582614412756,0.7262058258056641,0.8506186645503409,-232471500.0,-0.1766566697307523,-0.2786907781781898,0.9486416070877247,0.28035464931444987,-0.00013551239084789803,1.41373810783826
CSX,2015-10-12,8.209509791211582,8.226530588331864,8.005265095345866,8.047816276550293,26042700.0,-0.024718546632554406,0.027493854902070822,-0.01969587938543966,-0.004814491334104512,7.875342655181885,7.857045984268188,7.898784611480738,0.024280154738062585,-0.11298068046569831,0.019732823239066357,0.2044481272212628,0.014704355480619102,0.15869388080688182,59.61532471119966,0.026769220168552543,0.07663973479585856,0.6751437187194824,0.9709386146321385,-258514200.0,-0.10815043343604758,-0.6390648272024018,0.7341391583059158,0.29362134032724385,-0.00031120658986599206,1.4581577287171137
CSX,2015-10-13,7.988242529788687,8.016609433698878,7.835058651566412,7.860589027404785,33617700.0,-0.02353924112971399,0.02309633304826354,-0.015980173599871767,-0.007402473505165817,7.925552701950073,7.840309095382691,7.895146936806838,0.002586624044457353,-0.11146347999572725,0.019944750312701025,0.20059843643883873,0.014808362657514375,0.15377624843195017,59.929513180089984,0.01876906940780465,0.05491166722808853,0.5021004676818848,1.221955484263884,-292131900.0,0.10423664102906205,-0.6994718841707687,0.5347407419296992,0.3218832456225452,-0.007768229656850042,1.487256043610538
CSX,2015-10-14,7.783999790614084,7.90030559789582,7.6279793301553855,7.713080883026123,39977100.0,-0.01894384002528342,0.03530706754803163,-0.009110856821126175,-0.009743447536015937,7.933779001235962,7.811090683937072,7.877807312637246,-0.012547517994189879,-0.12099897861480713,0.019984080317047487,0.2087031415625073,0.015380652222882818,0.14466451646536144,56.64451201073119,0.0005202210333328239,0.029330255082893365,0.08226299285888672,1.4119266302922615,-332109000.0,0.307743704377367,-0.6358120348851797,0.3858025305897095,0.354889056635956,-0.003991059125166903,1.4939802623383702
CSX,2015-10-15,7.8152042241762585,7.9513673611678,7.707408813189446,7.911653518676758,33075000.0,0.025419098004115126,0.03083534275135408,0.012341237891408438,0.013240278780801366,7.958175086975098,7.792793774604798,7.881030760831485,0.015252520150000752,-0.12420425891876175,0.02102609209357344,0.2145791930439739,0.015724880229046855,0.13437200663667118,60.394552853533206,0.0020573139424628906,0.024693878393618748,0.24396085739135742,1.1465379493661803,-299034000.0,0.19745278269384361,-1.0034506133653927,0.6190488826678541,0.30147011491755893,0.014254727589192641,1.545041009290439
CSX,2015-10-16,7.934345848314679,7.95987704289732,7.769815811739845,7.781162738800049,30572100.0,-0.016631022174133387,0.02442581366532185,-0.019306331289701457,0.002868215801457001,7.961579084396362,7.782439494132996,7.871519520638015,-0.00016405592795288025,-0.11871656894683813,0.019879376368591505,0.21518702064968181,0.01531461139756149,0.13245686113821833,61.042937035100586,-0.007171377061260031,0.01237214991191666,0.034039974212646484,1.0882053160357237,-329606100.0,0.32154477641642476,-0.9795396099904983,0.4730161845123082,0.2374340821050335,0.004084137633562608,1.4753315275652559
CSX,2015-10-19,7.744287061540748,7.775491320434402,7.673368955361328,7.752796649932861,23906400.0,-0.0036521429838439257,0.013172326024307481,0.001098821405313442,-0.004739096006233522,7.947395610809326,7.771518182754517,7.860212580570857,-0.002408992989709488,-0.11587696075439435,0.019886291902593986,0.2147815713301899,0.015247752492430171,0.13067609504038916,60.57843111669888,-0.016582929785077916,0.00236847775047902,-0.14183473587036133,0.8503518233562902,-353512500.0,0.33378824307372695,-0.9769204840343727,0.44127159307596914,0.24908569278003057,-0.0008355646960830048,1.4767954782360886
CSX,2015-10-20,7.727264408514722,7.925835220517793,7.715917481783226,7.87477445602417,21430200.0,0.015610907469182698,0.026656984261178497,0.019089556110815264,-0.003293294351833674,7.949097633361816,7.778468060493469,7.861599425852124,0.012381152018845102,-0.09602796077728293,0.01905006006100332,0.20829739204441994,0.015309708441312044,0.13100728497576428,57.11914189692388,-0.014037250894346265,0.003931325312968536,0.017020225524902344,0.7744026711764451,-332082300.0,0.2152117877847233,-1.0479466553795684,0.5777773918415042,0.14635431132729113,-0.0020066468127147466,1.3696646694332915
CSX,2015-10-21,7.922999492967211,7.965549859457503,7.77832597443081,7.798182487487793,23576700.0,-0.009773851677857201,0.024008656546200807,-0.01575375659057038,0.006123989609143545,7.924134254455566,7.791375041007996,7.855559717436474,0.00087371567200501,-0.07381765842437726,0.01821558411699385,0.21032354285192387,0.014920213536482721,0.12758013741083257,53.721684168266684,-0.017992705083775817,-1.9303101168814674e-05,-0.2496337890625,0.8810969286222805,-355659000.0,0.268727118975295,-0.9390800534585583,0.4920630461001453,0.08239819690243913,-0.0029212113819455654,1.329079974774919
CSX,2015-10-22,7.866266218056326,8.056328307492867,7.857755817771799,7.979736328125,21194100.0,0.02301467720866114,0.02488459286821162,0.014424900826292018,0.008730717789404633,7.896901798248291,7.81605474948883,7.867386061311572,0.02094171341966027,-0.04239507198333747,0.018689850939521045,0.21113425198331232,0.015041145070206013,0.12333270477091031,56.269145061672866,-0.006403735123423182,0.009255733487347057,-0.2723245620727539,0.7996034070323946,-334464900.0,0.07158205132085138,-1.1553256910246403,0.6952405980605466,0.04396494726579195,0.021673631423953,1.298258692065762
CSX,2015-10-23,8.027958950442057,8.107387443278723,7.959877385153485,8.047816276550293,19623900.0,0.008495415308873265,0.018329202985790428,0.0024735211316871644,0.0060431348022232595,7.876760864257813,7.8422945737838745,7.884569891334307,0.026206832813123353,-0.011506485939025701,0.018723080979763756,0.2089055376015842,0.015024606661440414,0.12033490671870473,54.31313095510452,0.00817979831104676,0.019071413537453598,-0.20140933990478516,0.7468797705456733,-314841000.0,0.040301964777049365,-1.1744694162433729,0.7714291116722309,0.06704141987387686,0.007588046019752436,1.3001442517032646
CSX,2015-10-26,8.030796669342514,8.073347040955134,7.897469249876236,7.911653518676758,18663000.0,-0.017063983150882384,0.022230219089310447,-0.014835782248177732,-0.00211481060488052,7.863144588470459,7.869243621826172,7.88714928441454,0.005389323153366055,0.02411052703857397,0.018531889524450933,0.21275540309887905,0.014959650098274461,0.10606711202049054,51.43725111784786,0.008650440136618975,0.01563364429042065,-0.13616275787353516,0.7265902117634967,-333504000.0,0.05494083928258106,-1.1584834551172223,0.6190488826678541,0.028379152574018785,-0.0029774308066478072,1.6533992852241426
CSX,2015-10-27,7.835063870863233,7.857756922150664,7.576920166062205,7.610960960388184,22568700.0,-0.038747361580322534,0.03689898786107225,-0.028602563319035035,-0.00968061197734739,7.838181781768799,7.881867241859436,7.860845634507268,-0.03437082523193353,0.051754078865051234,0.020733428343279497,0.2192392029425223,0.015600409239069695,0.09240735985880551,39.00003890170404,-0.015066274651397649,-0.006466456398076777,-0.24962806701660156,0.9024088747448709,-356072700.0,-0.1446500261570941,-0.9623585959603996,0.0,0.18745676731576835,-0.003722552948506001,1.796594652537548
CSX,2015-10-28,7.667694093531411,7.818041498037771,7.627979439783676,7.744286060333252,21225600.0,0.017365848996020172,0.024542231107345783,0.009988917902509319,0.007454135350121925,7.841302299499512,7.887540650367737,7.849744722681171,-0.018162136511817046,0.0694428014755255,0.01941189020815796,0.21559189834275946,0.015503829057553509,0.08900133131059351,36.740741699959635,-0.022840430405350887,-0.011392489721624013,0.031205177307128906,0.8784910495777775,-334847100.0,-0.3244595018376812,-1.0302590234807256,0.20796305172742754,0.058526472179089344,0.013242342381291452,1.6960668272490727
CSX,2015-10-29,7.66769388893082,7.775490107715748,7.650673091608448,7.730101585388184,17145600.0,-0.0018332846820914917,0.016146879148811563,0.008139043806568198,-0.009890152662973255,7.823147106170654,7.890661096572876,7.838350138177077,-0.020348042986465014,0.08091798782348558,0.019398350048986678,0.2082974411249992,0.01540543395163927,0.08714285277585046,36.52425822161333,-0.02980252843719544,-0.014683670202774852,-0.18155193328857422,0.72455049965612,-351992700.0,-0.2685252078877387,-1.0485575248718086,0.18583783526073802,0.04615100835415968,-0.002344794777833248,1.6684569656967752
CSX,2015-10-30,7.7527938268598495,7.798181528142799,7.656345367431641,7.656345367431641,19345200.0,-0.009587240397323163,0.018525308604089047,-0.012440477791897359,0.0029355683390448473,7.8106653690338135,7.886122226715088,7.821016350487035,-0.02913686253873335,0.0830535697937016,0.019380972741625563,0.20100284395370968,0.014983854776074746,0.08978582245286401,39.11667558394,-0.040801220596144994,-0.020545889889379523,-0.1248173713684082,0.8134216335540839,-371337900.0,-0.11379779719306334,-1.0894883662018031,0.07079146982440496,0.021849696403086448,-0.003078803640574492,1.710810461900548
CSX,2015-11-02,7.656346541137806,7.801020064054466,7.647836142943592,7.781162738800049,15275700.0,0.016171015489583763,0.019686507820616143,0.016302318212949408,1.532984875708477e-07,7.813501977920533,7.880448794364929,7.817220768421608,-0.0125990356838403,0.07603613376617435,0.019245546612323472,0.196747579391352,0.014955699076574768,0.09062438786612063,47.712481491135385,-0.03899651707196039,-0.014992949092155934,0.0283660888671875,0.6477041160293381,-356062200.0,-0.1145795971568406,-1.0585373317113353,0.26548400310631953,0.010624417383465208,0.014138082951699207,1.8792480276915446
CSX,2015-11-03,7.764145404211244,7.8605947330249615,7.730104607852862,7.815207004547119,14269800.0,0.004365672317129865,0.01669695058572042,0.006576589911386694,-0.002186991219698999,7.807545232772827,7.878321433067322,7.817028981385943,-0.008011151748048215,0.06562931537628192,0.019249829827272306,0.18661642635075662,0.014980842404556285,0.09092166728767338,53.14695939194891,-0.03442238892849403,-0.008335056758951659,-0.05956745147705078,0.607075442199184,-341792400.0,-0.19128983551017695,-1.0429254835571053,0.3185869027216005,0.03839803751833634,0.00275333440464392,1.8983372846805655
CSX,2015-11-04,7.837896110287006,7.877610754392091,7.749957236850985,7.783998012542725,13550700.0,-0.004001362070762623,0.01639947971921516,-0.006876602724236378,0.0029031995859720174,7.8061267852783205,7.865130519866943,7.813883174829446,-0.010315468652335975,0.03937379837036126,0.018391069168125017,0.1783089241766674,0.014821632209698218,0.08931495131693724,45.613973003569924,-0.03293599856084839,-0.005478933113044811,-0.01418447494506836,0.5852673151352675,-355343100.0,-0.09861020627676705,-0.8481199121419934,0.2699065175484796,-0.0731383760732108,-0.0029243107306709784,1.792151877288545
CSX,2015-11-05,7.795346622463466,7.846408202834296,7.724428527344918,7.730101585388184,17111100.0,-0.006948085338627865,0.01577982826512276,-0.008369741620888159,0.0014579410095499547,7.781163311004638,7.839032554626465,7.80590397583504,-0.013895971024382642,0.007261915206909109,0.01729147683877922,0.17344595591466053,0.014352033556802478,0.07772953935068377,48.14815711516279,-0.03569553877446907,-0.00659077866133239,-0.2496347427368164,0.7524536172508801,-372454200.0,-0.02788936054364116,-0.6016630038887534,0.1866633566513507,-0.08990107773410178,-0.0016175539301551756,1.691920078693305
CSX,2015-11-06,7.718753169659379,7.766978211711598,7.616630840201476,7.6790385246276855,17157300.0,-0.006627657002458222,0.019578931793080404,-0.005145215057245629,-0.0014680810599249452,7.744285535812378,7.810523200035095,7.79382155191053,-0.016834298041239888,-0.018864560127258123,0.01729526827837432,0.1764854979197606,0.014120834581022298,0.06238900234589377,47.368327926463856,-0.04152419149510145,-0.009935545105571812,-0.3687777519226074,0.7636860863074374,-389611500.0,0.031760708748526295,-0.6040247408330526,0.15583549097954585,-0.08005909353523628,0.000441965967903773,1.705938147794969
CSX,2015-11-09,7.662019856262914,8.059163128307675,7.480469017200746,7.880448818206787,61275600.0,0.0258905116564227,0.07343415641123503,0.02850801303592682,-0.002216249900321586,7.741165065765381,7.80215482711792,7.802071767748269,0.010034918919673478,-0.027119464874267862,0.01776250909482521,0.20282666737492935,0.016915137753872808,0.056303298301051796,50.19159950486823,-0.029550671586209276,0.0016303798426562897,-0.031204700469970703,2.5291154992709903,-328335900.0,-0.08056173570112668,-0.591106692142179,0.6168812457573226,-0.19096548437180158,-0.011031983860924268,1.1860115887315346
CSX,2015-11-10,7.880446183736318,8.027956191161035,7.832221149535084,7.928670406341553,30459600.0,0.006100496428825713,0.02468699436281231,0.0061194787047413905,-3.34304622757641e-07,7.772936010360718,7.805558896064758,7.814128780947629,0.015772286381550787,-0.026949172019959278,0.017014802799760798,0.20343460713201925,0.016960149165642646,0.05777655573004692,54.49209586928694,-0.015986212529047528,0.01215587111985443,0.31770944595336914,1.2654501401527285,-297876300.0,-0.24332925981380096,-0.2089134373415391,0.7272646730544216,-0.2492042353213168,0.0015449389670465984,1.0937492288880943
CSX,2015-11-11,7.95703836273127,8.01093564299815,7.77548757885288,7.809528350830078,18095100.0,-0.015140783692537452,0.030148819950214335,-0.018538305984810974,0.003577895780234173,7.7794602394104,7.810381269454956,7.813690644745958,-0.00010920319962012495,-0.026665506362915536,0.016810507325211648,0.20181333885631897,0.016778099725519347,0.05665463380458804,43.877433404275465,-0.014680817838122806,0.010769012648623323,0.06524229049682617,0.78756288608104,-315971400.0,-0.24710017733836512,-0.10438611876835552,0.45453810117496346,-0.18357838387935752,-0.0031237437087236896,1.0729019357209335
CSX,2015-11-12,7.732938185196878,7.83789705330891,7.667693154372016,7.673367023468018,19519200.0,-0.017589066445821262,0.022181123151850644,-0.007703561091810784,-0.009807271603676192,7.773786783218384,7.798466944694519,7.800326490338535,-0.016041604345275868,-0.03892026424407913,0.016193766891811408,0.2034343274857229,0.01651318423338873,0.057429799284101725,37.159566476738895,-0.024352642210718756,0.0008777506208219009,-0.056734561920166016,0.8753679656009342,-335490600.0,-0.12701999617988477,-0.07555401360908638,0.14285292943109543,-0.05018782612651094,-0.013223712008621914,0.9654830736211183
CSX,2015-11-13,7.644999772948311,7.781163726551842,7.616632857494987,7.639327526092529,19161000.0,-0.0044459260040426935,0.021537349785683498,-0.0007419551372457662,-0.0036968452614020595,7.7720849990844725,7.791375184059143,7.784993255648439,-0.019514867962936482,-0.044026312828063574,0.015822586081384673,0.20262383305557696,0.016443522860160195,0.060310812915723724,39.95820880196339,-0.03436816090056016,-0.007310214455215604,-0.017017841339111328,0.8818686723989742,-354651600.0,-0.21292153097439165,0.22953326264126186,0.0649335466584637,-0.04659001261855571,-0.010364366585933737,0.9604176557304954
CSX,2015-11-16,7.627979612246764,7.749959293748855,7.565571912713155,7.747122764587402,15328200.0,0.01401193909087502,0.023800756311562088,0.015619227947247408,-0.001485459787789652,7.768681001663208,7.79109148979187,7.781386542214055,-0.0056434615434919205,-0.046919822692871094,0.016149300513725314,0.19188483508565893,0.01666414601536025,0.06036685062109801,55.85357214018463,-0.03322436693545505,-0.004933136392088391,-0.034039974212646484,0.7196738410094646,-339323400.0,-0.3373525540140773,0.05284900478210319,0.3116862632657739,-0.04825578620805414,0.015532209866238702,0.9587754017158532
CSX,2015-11-17,7.749957359270386,7.823711968636138,7.554223098850068,7.707406997680664,21471900.0,-0.0051397040152139336,0.034964920091434794,-0.005490399445723906,0.0003658899915644636,7.757901000976562,7.782723116874695,7.774340871306113,-0.00967734789777222,-0.050579209327698216,0.01575443450493568,0.19634257309540765,0.016936875080878884,0.060270465116975154,48.275803644797854,-0.0351178161241803,-0.00546126846465091,-0.10780000686645508,1.008027829810008,-360795300.0,-0.2017396470698401,0.25522469227493755,0.22077340372563303,-0.031080285142975336,0.0005449702731598797,0.9947402153151679
CSX,2015-11-18,7.860591300040213,8.070509046773788,7.835060916820555,8.019448280334473,37252500.0,0.039687812301193365,0.029359641925817487,0.020209291417230588,0.019874946581339894,7.781446027755737,7.793786406517029,7.797684434070718,0.028954074700937315,-0.04212567806243861,0.018108185823707545,0.2133629325943951,0.017101596202480213,0.06604438956242835,60.58084774560378,-0.011308902585993152,0.014678116058828992,0.23545026779174805,1.6944746548620881,-323542800.0,0.10945632011256425,0.3785276676945904,0.9350631558849453,-0.0223803612629224,0.014512697596375848,1.1828277959397722
CSX,2015-11-19,8.042142930945086,8.399571577795653,7.948530975473302,8.286102294921875,49173300.0,0.0327100625558181,0.05443338571849041,0.03033511914319076,0.002829951614784562,7.837046098709107,7.809104704856873,7.8442004208184475,0.06108223773313392,-0.03355874538421588,0.018859359885130524,0.2354489641380517,0.018334911394281058,0.08455440435021669,70.1817848410758,0.028745226308004135,0.04378579596226102,0.5560007095336914,2.1028924055910863,-274369500.0,0.1969593243569911,0.20826692657972876,0.9999999851882867,0.16358821693700418,0.0012114570111844873,1.2175749667138693
CSX,2015-11-20,8.325815217145532,8.660550781989935,8.288937907189927,8.478999137878418,55123800.0,0.023012727552445204,0.04382744575829629,0.01839866928795523,0.00479271445248693,7.91704216003418,7.830663847923279,7.9046574414908255,0.08279442235629618,-0.019885706901550115,0.01940636102486725,0.2512535759921364,0.019099069510219637,0.11118799313197973,71.42849612551113,0.07518686774219319,0.07218194991716007,0.7999606132507324,2.1910480473014347,-219245700.0,0.12838896255329127,-0.1302308346930755,0.9999999884797695,0.2707462225348586,0.005397780129598287,1.2818128390356558
CSX,2015-11-23,8.450634643384701,8.490349305155844,8.226532567495603,8.249225616455078,22638900.0,-0.027473085375675832,0.03198078824926237,-0.02383359776265908,-0.003345264462524072,7.953919839859009,7.847542452812195,7.937473458154088,0.051185854177690865,-0.006921839714050471,0.020072604533659208,0.260776905455575,0.01933892797388417,0.12057223405562591,61.89731016062492,0.09238642706863054,0.07150520739487792,0.368776798248291,0.8927912281365943,-241884600.0,0.06283885172080156,-0.2701716703952798,0.7352955955916112,0.055666787480848814,-0.0004212036362693109,1.2659253702878412
CSX,2015-11-24,8.189656886750216,8.277596637222521,8.164126488882049,8.235045433044434,15011400.0,-0.0017204505878098185,0.013778934100977124,0.005542179229468151,-0.007221129894427681,7.984557342529297,7.878746676445007,7.965813646238883,0.04522277098521882,0.023488011360168315,0.017744220040953808,0.2597638076555298,0.01880274952208519,0.12424292224134817,62.48062097328564,0.10367784578942185,0.06623730089253539,0.30637502670288086,0.6009469736774945,-256896000.0,0.43270923317137466,-0.4106393267133311,0.7094653332273849,0.1876962735653767,0.0029310119546646606,1.1251694149860576
CSX,2015-11-25,8.232188105005589,8.263587056849456,8.180808744406725,8.229333877563477,16783500.0,-0.0006938075954544307,0.010058932311449663,-0.0003467155275979267,-0.0003469717395096762,8.026537895202637,7.902999067306519,7.990910811126939,0.04129252799825754,0.049102706909179616,0.017484625462445808,0.25696371029505494,0.018559315007634233,0.12882753947390876,64.19236195683646,0.11088726234666701,0.058757373959824444,0.41980552673339844,0.6779166045641982,-273679500.0,0.5983766381788411,-0.11369946146372652,0.7026632032842423,0.20670204752814222,0.000763353246388578,1.1258438215941438
CSX,2015-11-27,8.220767959186615,8.294983560088532,8.19507747233986,8.275001525878906,7567500.0,0.005534032573702394,0.012073241006207765,0.006597141162667886,-0.00104090057643861,8.086701345443725,7.930244064331054,8.017967069674745,0.043473751722032716,0.07639950752258251,0.017451007654752028,0.2533607614549514,0.01850333152513899,0.1331790393912861,66.99439160941475,0.11891499641130476,0.053428086419569754,0.6016345024108887,0.31169469859524235,-266112000.0,0.5328733258964243,-0.14706240763666112,0.7570507127945668,0.19654129911090107,0.0012526155852729537,1.1217950068367584
CSX,2015-11-30,8.263584806524008,8.294984566477359,8.106591723377187,8.115155220031738,25113300.0,-0.01950577733022592,0.023214940194259716,-0.017961888208019177,-0.0013796637159756136,8.134284114837646,7.95318455696106,8.027223083994459,0.02036551043303943,0.09680186271667512,0.017966401625116868,0.22548209945446868,0.018596100919430012,0.13019523302911837,56.85535638828157,0.11109810273156029,0.03648895419186021,0.475827693939209,1.0222383956995917,-291225300.0,0.4810247688404001,-0.29197108578836944,0.5666830718027317,0.2172314424281957,-0.0045153580996086014,1.1701590591786206
CSX,2015-12-01,8.126570778782217,8.183660202570126,8.0437925026115,8.163678169250488,17584800.0,0.00596149512250474,0.017132926734600363,0.004566180677975013,0.0014066962911935081,8.175939655303955,7.972310328483582,8.040218806399794,0.0240040631739064,0.11207852840423627,0.01771261905141848,0.22149157504965972,0.018549435359733527,0.13025979218420142,56.862950425203344,0.10757845716252668,0.026375446898261268,0.41655540466308594,0.7124421526653074,-273640500.0,0.5750202262813524,-0.04850099216385034,0.6244710783993428,0.19287585852513767,0.010633308960737558,1.1188920132738003
CSX,2015-12-02,8.135136924310098,8.146554649455416,7.804022078435761,7.858257293701172,37810200.0,-0.03812995995229436,0.043588871962007884,-0.03403503016421655,-0.003496125686077937,8.191024684906006,7.974462842941284,8.022889138523734,-0.014572210257769657,0.11178143501281745,0.01982468507509081,0.23036357695462092,0.019295179017103193,0.12962501850385477,51.28340311808484,0.07923087632060177,-0.001577707154930913,0.1508502960205078,1.4621427490033139,-311450700.0,0.28375225119235714,-0.06591510636586041,0.26073260299425527,0.15314910482279415,-0.011781713144060766,1.3747621318571424
CSX,2015-12-03,7.846838616899104,7.86967406679688,7.62704761579804,7.735515594482422,42694200.0,-0.015742724361300302,0.0313652591136782,-0.014186990181872089,-0.001453080037379325,8.162631416320801,7.972038722038269,7.995520229567418,-0.029669089150557115,0.10544785976409887,0.020130260290152864,0.23553661638761708,0.01962589821245775,0.13071788959429018,51.64849675461095,0.046326956619927806,-0.027585301484483904,-0.2839326858520508,1.5629386066065274,-354144900.0,0.3381363786870089,-0.20143928754552926,0.11455438756559522,0.21278063329327992,-0.013857761093396776,1.3479086962914568
CSX,2015-12-04,7.569958627723103,7.712680591064118,7.481471059451277,7.667008876800537,39987300.0,-0.008895576768739732,0.030156418927915193,0.012820446431769387,-0.02140218899919322,8.100722074508667,7.968884086608886,7.964233434065811,-0.03788174185086064,0.098675889968872,0.020169227330684804,0.24193044967149493,0.019936267251466414,0.1324978699492516,50.721065824023775,0.014554666479591916,-0.04748607329985584,-0.6190934181213379,1.405013908784934,-394132200.0,0.34963963722815333,-0.2174662024132598,0.03296687656197388,0.22184928723913647,0.018774818020457648,0.9655661487995478
CSX,2015-12-07,7.635609921219872,7.695552763675219,7.404400414617852,7.43009090423584,33701400.0,-0.03138846895863979,0.03918557024536315,-0.026915861221888854,-0.004095333145586286,7.995831251144409,7.956436705589295,7.9133627169391465,-0.06615345799002004,0.08808708667755116,0.02127554307853265,0.24955651881589974,0.020430110623179062,0.1425256220099888,42.26222120841111,-0.029403457982864367,-0.0731553582098497,-1.0489082336425781,1.1507040428494824,-427833600.0,0.3145823256303687,-0.4825062055663101,0.0,0.27843799763581734,-0.008442298735348784,1.0702264924323521
CSX,2015-12-08,7.313057621239812,7.327330385724624,7.12466480664304,7.133228302001953,42685500.0,-0.040774184177778026,0.028411480819239398,-0.0245901685111257,-0.015751258565263025,7.884231519699097,7.919075679779053,7.839064201230842,-0.09923473515775587,0.05551494598388729,0.021885074869747553,0.25212346365923766,0.01820569163582718,0.170743009240622,37.548950510971366,-0.08718984903070748,-0.10475339940615425,-1.115997314453125,1.5052297171922127,-470519100.0,0.3600850925712088,-0.21995983070296593,0.0,0.35044045592555984,-0.0061794454409366826,1.4411084422305718
CSX,2015-12-09,7.10183211228832,7.230281325750006,7.03332575622073,7.138940334320068,34011300.0,0.0008004435441657939,0.027588908200061983,0.005225161823741229,-0.004401399812876006,7.77462100982666,7.879589176177978,7.77238573771553,-0.09399587025388094,0.020419406890868963,0.02177822084100867,0.24025585797610566,0.018281547272248747,0.19307137856018228,27.98085987927243,-0.13101480982024327,-0.11886268815655203,-1.0961050987243652,1.1918853268614436,-436507800.0,0.39982627559631573,-0.13560491173446929,0.004244431610045126,0.31659017649842514,-0.007722963321766366,1.3621517678018973
CSX,2015-12-10,7.144647155564716,7.227425446056318,7.0333241482408395,7.050450325012207,26964000.0,-0.012472862104588794,0.027530340455968354,-0.013184252280274205,0.000799393324134137,7.656732654571533,7.841635274887085,7.7036299841247375,-0.1008954028260732,-0.0059271430969243255,0.021722380036066052,0.22190305051132908,0.018208009619571097,0.21585001941010926,16.076833253042338,-0.17091659112640034,-0.1270115755701673,-1.1788835525512695,0.9304617525145656,-463471800.0,0.38616636491946293,-0.11463411055969523,0.0,0.2995955715781339,0.0026831368767118516,1.3330774369307297
CSX,2015-12-11,7.218862886168643,7.381565243175026,7.016197271603836,7.341602802276611,60319200.0,0.040465693548488293,0.049766785456969984,0.017002666215358966,0.02388678075767372,7.563392782211304,7.8250470638275145,7.669151204901107,-0.061781642667134706,-0.015993556976318324,0.023805039747391694,0.22125444226155264,0.019217500043965042,0.22307520223148783,20.372689384689636,-0.17700506443490394,-0.10648003910293669,-0.9333987236022949,1.9445787700247201,-403152600.0,0.3153027841804182,-0.46591945424826453,0.20380995917258324,0.23399447061445208,-0.019206704105371307,0.678395745790539
CSX,2015-12-14,7.31876829771191,7.355875695856199,7.136083900452281,7.218863010406494,28144800.0,-0.01685972150017136,0.03044687163159524,-0.013650560209243037,-0.0031102887447984353,7.473763561248779,7.8040238380432125,7.626266614949239,-0.07498193749539367,-0.026451587677001953,0.024030215771485078,0.21810980352895815,0.01943375080363322,0.23347964722426187,21.575777729779105,-0.18954929256727482,-0.09521941378824605,-0.8962922096252441,0.8943843576164623,-431297400.0,0.3781883597711943,-0.5267985277248263,0.11789074527840594,0.15635005487564002,0.005728318229249206,0.6490447985874089
CSX,2015-12-15,7.307350891645888,7.538560446729884,7.290224711636046,7.504307270050049,39332700.0,0.038779695646163764,0.03309242627696681,0.02695318472106362,0.012257869571957892,7.407826471328735,7.791883063316345,7.614651439244555,-0.036907098185313354,-0.030785880088806117,0.025581144690347474,0.23284032409916655,0.019683717496128583,0.23631105408001798,32.465680666869105,-0.1744468033824118,-0.06409353968270642,-0.6593708992004395,1.203991909656298,-391964700.0,0.39205899412883777,-0.7935519008880246,0.31770488888663434,0.09853978192797713,0.011241777209417207,0.8085627870233077
CSX,2015-12-16,7.541412474661139,7.658443094022623,7.404399006075935,7.544266700744629,28919700.0,0.0053107390361237725,0.03367379468724418,0.00037847367360954373,0.004944520963204478,7.376427412033081,7.783726048469544,7.607948130815991,-0.030764102723270667,-0.032673144340514604,0.025605202294596688,0.24507359377802063,0.01964214514709378,0.23810617389975472,33.827381906533844,-0.1574387241835078,-0.037668368387041934,-0.31399059295654297,0.8752680195629879,-363045000.0,0.3241183638819818,-0.8396883140884588,0.3456769330022889,0.13582049183540024,0.014200494043230063,0.7756938021176847
CSX,2015-12-17,7.535706938860642,7.581377845460148,7.307351589202881,7.307351589202881,23817000.0,-0.0319069889864138,0.03750007823110084,-0.03030310911908779,-0.001134604889185868,7.333611011505127,7.748121213912964,7.5793198887576,-0.05688729080781704,-0.05346868515014602,0.0245340268380839,0.25751074867149165,0.019860655006019662,0.2434439901326379,29.04823252445739,-0.16121834368987997,-0.03315839031473128,-0.428164005279541,0.7357922765444548,-386862000.0,0.4686888891559393,-0.5757505029645099,0.17983373062128352,-0.02356146253676155,-0.014028129099530877,0.6707246302757801
CSX,2015-12-18,7.267388548873461,7.281660500260806,7.136084309461693,7.193172931671143,40448100.0,-0.01574853615892747,0.02023810523978212,-0.01021214384000738,-0.005468881556002884,7.286227416992188,7.693474745750427,7.542543988082699,-0.06502936977282357,-0.08693739414215162,0.0229759400555101,0.25628749414584995,0.0186242761063817,0.2439753892876282,29.634283602894357,-0.17145060693882996,-0.034712522850945005,-0.47383594512939453,1.2666579609199657,-427310100.0,0.6633134984061856,0.05472102494491266,0.09990740559540685,-0.1243698369444624,-0.017569656386988274,0.6252633895074997
CSX,2015-12-21,7.273096716091484,7.3044956612340926,7.141793298515178,7.170337200164795,18103800.0,-0.0031796894403468973,0.02269103365392292,-0.014128715722882764,0.0111110611658509,7.260252046585083,7.6280416488647464,7.507095722566708,-0.06000287751025455,-0.1307927227020258,0.0218890818326688,0.2579185414858706,0.01792564023076816,0.2331111867150813,27.806179577168436,-0.17933513812938084,-0.0340776432331967,-0.2597537040710449,0.6018164393042601,-445413900.0,0.8173474133936451,0.779971338256733,0.09790270434483152,-0.07044941205621408,0.009002706246586906,0.5361530045511527
CSX,2015-12-22,7.235988615124493,7.375855516287438,7.207444716244691,7.350165843963623,18009900.0,0.024770193957388675,0.02291251702586492,0.015779078010222273,0.009155973160953944,7.28194580078125,7.583088660240174,7.492150019842605,-0.030716087693635572,-0.16179270267486512,0.022605728315834857,0.24690870043643606,0.0176912669038383,0.22332723945116828,37.97294359565694,-0.16912346718498483,-0.019092777831040547,0.21693754196166992,0.6033370317663234,-427404000.0,0.5754025762119216,0.11985431576554773,0.2447553979708915,-0.04262013395840193,0.011148864994544696,0.6683621262527021
CSX,2015-12-23,7.353020766468359,7.527140833424591,7.2959321529859915,7.461488723754883,17191800.0,0.015032078356347135,0.030986936923526838,0.014751482517384602,0.000388416066432089,7.3142006397247314,7.544410824775696,7.489229896405679,-0.010991196389849085,-0.19248853206634564,0.023064501260818188,0.24609314539641888,0.018085849355915257,0.2094642482198296,43.47824113289737,-0.15031507968468816,-0.00022751226459508112,0.32254838943481445,0.5738346768136985,-410212200.0,0.46157193101064337,-0.21067107816875105,0.3356645235373665,0.02327261537385145,0.012598235864304256,0.7249306520904674
CSX,2015-12-24,7.46434412331384,7.535704689408967,7.441507860170615,7.458634853363037,4782300.0,-0.00038255318890619027,0.01262923190238752,-0.0007648722856935889,0.0003826849660532522,7.3550190925598145,7.505875873565674,7.4863160827825705,-0.006293871761057334,-0.22593456268310597,0.023067427109545638,0.23467545212550509,0.018114179153487505,0.1923042066477606,44.88078212772179,-0.1340938303674557,0.0127949896421099,0.4081845283508301,0.16288798423948142,-414994500.0,0.4592245182964273,-0.2138709254214204,0.33333397960705113,0.027529731726230012,-0.0015560937658003165,0.721138960777705
CSX,2015-12-28,7.464345449337149,7.487180083216923,7.378712101482446,7.404401779174805,9254400.0,-0.007297743552683013,0.014649121558955341,-0.00803066666316563,0.0007656355467698808,7.361298990249634,7.462345886230469,7.4785147205342115,-0.007764864821206216,-0.25931951522827124,0.02294683580547661,0.22162656874529865,0.018147067819634446,0.1674831773644946,49.30664699459516,-0.1241830246511082,0.01816463628676593,0.06279897689819336,0.314307416658558,-424248900.0,0.5544206016952163,-0.07612452676936698,0.31795059099090417,0.042254142674757605,-0.0028015666175301565,0.7155057004070172
CSX,2015-12-29,7.444362579959105,7.541414458931938,7.427236402292164,7.529995918273926,12323400.0,0.016819841360240763,0.015163096750515526,0.011503112240308363,0.005396897950174912,7.392412281036377,7.433087921142578,7.483417691747517,0.013037380717064328,-0.28355414390563993,0.02321230900479042,0.20959703889989387,0.017999872326152747,0.1469195823549576,61.79970946078941,-0.10498405153037904,0.029890887525996057,0.31113290786743164,0.42783210417614875,-411925500.0,0.33900648985085663,-0.36168078535383774,0.43077038670564405,0.05169220252356079,0.010771591490684022,0.7514581367983354
CSX,2015-12-30,7.455781328655595,7.481471004202844,7.381565712267911,7.392983436584473,13752000.0,-0.01836313359601693,0.013513528441109226,-0.008422711088610488,-0.009855860537483871,7.3812798976898195,7.394553184509277,7.4748049055415136,-0.0002122843511482378,-0.3148926162719725,0.023323018654270333,0.20613094150537523,0.017941445438976862,0.11470816753512125,57.007851436974754,-0.09967549219414806,0.028159557489781634,-0.11132383346557617,0.4806265760074652,-425677500.0,0.4885270989080518,-0.309115136405939,0.424028413480881,0.05696013658350043,-0.006636146984721374,0.7663291372212093
CSX,2015-12-31,7.27880504492633,7.4614886051664415,7.27880504492633,7.407254219055176,14226600.0,0.0019284537485706956,0.024662790669470653,0.017647013944738155,-0.015444156291914025,7.367578649520874,7.372003030776978,7.468371506828529,0.00478176529920427,-0.3280923652648928,0.022041631289264722,0.2053153888214204,0.017311861212196952,0.09875073821955804,60.26276852483264,-0.09324205146645514,0.02767439857397966,-0.13701248168945312,0.5185855088692753,-411450900.0,0.4734160262773938,-0.11475266818267889,0.5208319626399659,0.004384479264621356,-0.009858728651718354,0.6122258609551157
CSX,2016-01-04,7.241696753007032,7.3644374589895065,7.158917662542205,7.361583232879639,28683600.0,-0.00618479713205307,0.027917879883415823,0.01655502625442376,-0.022350720138947965,7.37300181388855,7.353306412696838,7.4582011950238725,0.001125591634330488,-0.3380569982528687,0.021851003444141728,0.19695600203154764,0.017218077487725927,0.08738532788803702,50.669199815763236,-0.09078228852324699,0.02410732921375025,0.05423164367675781,1.0729684052708008,-440134500.0,0.4255947770364525,-0.051752012680627325,0.5046283145675402,-0.007616918290688223,-0.013826351271244276,0.5637457497828002
CSX,2016-01-05,7.364437644263927,7.418671208355154,7.1960252329874885,7.287367820739746,15648900.0,-0.010132609064008292,0.03055231749576554,-0.010465133557646441,0.00038774422484821696,7.38242130279541,7.334324359893799,7.441931349853955,-0.006402299223473758,-0.34319168090820273,0.021872213561797246,0.1971598720289582,0.017219186491168416,0.0780413522851455,52.37149928804674,-0.09374088560712579,0.01691898570389716,0.09419488906860352,0.6132970580835099,-455783400.0,0.432621105940547,-0.05875016040302871,0.47976839686302875,-0.027347766923574914,0.004749672102952737,0.6923699958719219
CSX,2016-01-06,7.156065055031298,7.19888172300316,6.8991666805201595,6.956254482269287,25155300.0,-0.04650123331336173,0.04308569263055862,-0.02792184967931886,-0.018017858977114155,7.361013031005859,7.310632538795471,7.395676410083986,-0.04847433579045309,-0.3450522661209101,0.023080403552317552,0.20205299373582944,0.017386404129795145,0.0897817999274647,31.60902288363353,-0.12140420222482273,-0.008595464731039823,-0.2140827178955078,1.0026539820791938,-480938700.0,0.20281731144502882,0.0016611190504242199,0.0,-0.11826511598956774,-0.01452644226878402,0.8105827152050523
CSX,2016-01-07,6.799262232088614,6.9362753497145615,6.733610104719304,6.742173194885254,29509800.0,-0.03125887496329733,0.03005933534145984,-0.00839635761273222,-0.02256850300414238,7.300213766098023,7.291079783439637,7.333438008636488,-0.07528467728485488,-0.34121541500091546,0.022388569572639554,0.19981015727892196,0.017434366411045978,0.11226461926217805,25.900463218990893,-0.1587719267482406,-0.03677055140356614,-0.6079926490783691,1.2079363305584585,-510448500.0,0.30484341517197366,0.06184026201530936,0.0,0.04289495066871011,-0.02502194732061578,0.8370414899694817
CSX,2016-01-08,6.793550358699254,6.807822714615794,6.690790866087904,6.702208995819092,29016300.0,-0.00594513250353919,0.017461682946756107,-0.013445305923610049,0.007620267579743559,7.2242857933044435,7.269243216514587,7.273320959796736,-0.07800457403974075,-0.344876942634583,0.022385689200459788,0.18859627101253787,0.0171937212953276,0.13298326112094647,29.377293305903038,-0.1894272945852764,-0.053940735392481565,-0.759279727935791,1.200003473919549,-539464800.0,0.35466155351090994,0.08816866239753941,0.0,0.054185000908717806,-0.012905973697050184,0.8316404531682119
CSX,2016-01-11,6.673664901477495,6.790696760833944,6.616576697518939,6.713627338409424,33202800.0,0.0017022189393144306,0.025935318500454208,0.005988079641679575,-0.0042589084224921945,7.149785041809082,7.252402067184448,7.220016805378897,-0.07428914224334908,-0.34110491752624483,0.02229318979423687,0.18880004126781053,0.017158868072452177,0.14782453238047974,32.4266981106359,-0.21037545237534605,-0.05991111454604095,-0.7450075149536133,1.3556523485921186,-506262000.0,0.25867018595557667,0.09786332957347454,0.01356004747411138,0.11155345891828641,0.0030922656283775157,0.8571187368924881
CSX,2016-01-12,6.730753377603649,6.890601887410334,6.625139657578616,6.7650065422058105,35683500.0,0.007623836823554461,0.0392404986123133,0.005089053584423105,0.0025509368231157155,7.085845518112182,7.223572254180908,7.176682494600508,-0.06348184746261601,-0.3506328296661376,0.019987861322710514,0.19614003177586786,0.016606866776886508,0.15957427404798957,35.450728901297595,-0.2202917597157148,-0.05586193750912777,-0.6393952369689941,1.5340922647932629,-470578500.0,0.04416031647999883,0.43211308406547244,0.07457629717491741,0.21116996920443776,0.008430095523985185,1.230186899340069
CSX,2016-01-13,6.713625704806312,6.8249482675162145,6.208390996494959,6.379656791687012,66072600.0,-0.05864892718561934,0.09664426961410497,-0.049744940782178386,-0.007595090570709905,6.970811605453491,7.181611943244934,7.100775284799223,-0.11166784809533546,-0.3670593690872197,0.023126452669413586,0.22549995712576873,0.020514935864011628,0.19187359564897663,19.642747941311143,-0.2562906500127653,-0.0734886622449426,-1.150339126586914,2.626438854819139,-536651100.0,-0.3774491384721226,0.4486750276717226,0.0,0.20305690453982952,-0.02597780377683292,1.4487497296400058
CSX,2016-01-14,6.465291857914952,6.790696957377749,6.439601777476585,6.639411926269531,49757700.0,0.039909092742046036,0.05288046348081208,0.026931509385986582,0.013423146263843978,6.895454454421997,7.138367176055908,7.056835917320205,-0.06989767232204211,-0.38746912002563505,0.023249112417995495,0.23834506321520715,0.021247374129106163,0.19945481627875403,26.470572178821584,-0.26085301030714536,-0.06244081803145812,-0.7535715103149414,1.937757942361109,-486893400.0,-0.3451757107616393,0.4827776593606995,0.22304046215981832,-0.16376154246475344,0.015228822071990042,1.4535394067608864
CSX,2016-01-15,6.351115047672241,6.516672038987441,6.3225703304947904,6.4966912269592285,37858200.0,-0.021730388955897427,0.029877009959652853,0.02292135761898103,-0.04342205029584217,6.804398155212402,7.085988402366638,7.003488803952493,-0.08316372282102398,-0.413477578163147,0.02334428864223181,0.2542482608249492,0.021152239157763677,0.20879336597197887,24.508309867768958,-0.27283995224564794,-0.05954220797596854,-0.9105629920959473,1.4491232502325369,-524751600.0,-0.1732923881099657,0.35201620413344165,0.10173907115727715,-0.1902619881827933,-0.02340796093585967,1.4494035752329801
CSX,2016-01-19,6.599450231713987,6.650829983691417,6.413911625967196,6.4881272315979,32702100.0,-0.0013190783730119818,0.036515676907567775,-0.01686852634801579,0.015817129237778855,6.717052555084228,7.045027184486389,6.954406749442532,-0.07904865918967903,-0.42852138042449983,0.02266090642712965,0.26342328768135953,0.021135355021318976,0.22083234320431924,25.11624317193578,-0.2798053114884471,-0.05320605377501414,-0.8734560012817383,1.2308295088797516,-557453700.0,-0.33866372099490427,0.8239228846539483,0.09429431413828385,-0.22791918465040084,0.0002852226172658189,1.4160807721870696
CSX,2016-01-20,6.3625335693359375,6.445312693185003,6.088508152440119,6.3625335693359375,31733100.0,-0.019547268930190872,0.0560790032550074,0.0,-0.019357459830674682,6.624569129943848,7.003495216369629,6.898037875146665,-0.09152025199296758,-0.44270198822021456,0.022762247938090552,0.28218088763854865,0.02231227147140119,0.2374343424895857,18.294593800811484,-0.29209270490483163,-0.052394757753118915,-0.9248342514038086,1.2142734557551915,-589186800.0,-0.31464034581014694,0.7402220754703324,0.0,-0.2302241241682923,-0.015365289625944271,1.4460425332588402
CSX,2016-01-21,6.279753536485037,6.510962637654159,6.182702888359849,6.382513046264648,32120100.0,0.0031352562132637017,0.05143111293543278,0.016363621467400575,-0.013010545555288931,6.567194986343384,6.964104008674622,6.848940272395997,-0.08351267610097902,-0.45616268634796153,0.02284521614069879,0.295025855016284,0.023172139643020794,0.25037594596214385,20.6953106633662,-0.2967970838674594,-0.04567930937259734,-0.5737414360046387,1.19698280777306,-557066700.0,-0.3538081802265841,0.7027135814093283,0.01711359409213482,-0.2618152154002834,0.007632389802171475,1.4816791371310891
CSX,2016-01-22,6.542362043085756,6.627994973951402,6.316862195971232,6.399640083312988,28357200.0,0.002679837602409423,0.048617230645743185,-0.021815050716063992,0.025044836675211957,6.532941675186157,6.91657772064209,6.806149778197615,-0.07473893277976681,-0.4740727996826166,0.021789216013520393,0.30420079914057396,0.02385403611330721,0.2564027937172628,20.826476402955564,-0.2957342885452361,-0.03569321124029923,-0.3425331115722656,1.0367662422488495,-528709500.0,-0.39563163803160906,1.1838746853588547,0.031783906087392545,-0.3521696688167775,0.01965054896144991,1.277664519757091
CSX,2016-01-25,6.379659433512448,6.428185374739651,6.2540640566992,6.271190643310547,16827900.0,-0.02027551992007649,0.02776527264821486,-0.01700228536214853,-0.0031221521117475526,6.489839839935303,6.857062816619873,6.755201289160752,-0.08544068925390515,-0.5004381084442135,0.02135189793884106,0.2988997106782511,0.023771018753699177,0.26031088653231715,19.87384720698749,-0.30177810179958353,-0.03338961959571729,-0.4310183525085449,0.6156536016937526,-545537400.0,-0.22173447031636823,1.3688960148456828,0.0,-0.39395968862622965,-0.016116544160054046,1.2623223143485933
CSX,2016-01-26,6.32256979978752,6.379658412690482,6.282608179085416,6.356822967529297,27640500.0,0.013562487254463572,0.015267097117663908,0.005417602150145925,0.008192887028841864,6.45415940284729,6.801972222328186,6.717260496624423,-0.0654441447640201,-0.5264745950698853,0.021855226383727805,0.29074412453627035,0.02380011811977316,0.2563726017330044,24.45141394151942,-0.29624314783839356,-0.022283732507621834,-0.35680437088012695,0.9706492767669957,-517896900.0,-0.2564102407683176,1.0383620657667423,0.06802666404537792,-0.41181889663167837,0.015715276803749095,1.2397678909640255
CSX,2016-01-27,6.365387073837976,6.471001637103003,6.222665927073447,6.271190643310547,29139300.0,-0.013562487254463566,0.039599451548240634,-0.014798225062318756,0.0013472305823875404,6.4047778129577635,6.745311665534973,6.674777653451672,-0.07028897191614399,-0.5550916242599486,0.02189230118452917,0.28075373666555387,0.024294466434402202,0.25326797357206987,28.260870223107503,-0.2953617237570372,-0.01712184674101236,-0.49381589889526367,0.9887601332109739,-547036200.0,-0.20896225850169345,0.9915021752331723,0.0,-0.4306996346418835,-0.008611681323919661,1.240278981135626
CSX,2016-01-28,6.356823629414387,6.42818501546833,6.288316878467805,6.385368347167969,18869100.0,0.018042945393338648,0.02190447432254378,0.004490405809199975,0.013654980525139067,6.4053489685058596,6.688080286979675,6.647214862377034,-0.045261409376473015,-0.5872438192367557,0.021968749788262618,0.276064450566111,0.024387521842100853,0.23422452927886875,37.91101239539908,-0.2821970108641345,-0.003165707078487734,0.005711555480957031,0.6332373867493035,-528167100.0,-0.2027049431456518,0.9575319979176966,0.10050291664139953,-0.4174314382984275,0.005496502033386008,1.2523860248443404
CSX,2016-01-29,6.436746243566395,6.573759297525443,6.431037383331847,6.57090425491333,25535100.0,0.02864227967962403,0.02172028516271217,0.02084251984937696,0.008046191481062047,6.39849820137024,6.646976327896118,6.639947185475728,-0.011444613194051474,-0.6048234081268316,0.02331190427307261,0.28116152926822424,0.024498584324351834,0.21374937799165306,45.95067150097172,-0.25386627153115704,0.020132025803591802,-0.06850767135620117,0.8403301610870575,-502632000.0,-0.26928657825464714,0.5149641705340305,0.26381763781851786,-0.27117022580865174,0.025850166340090117,1.2394913416129556
CSX,2016-02-01,6.451017678545034,6.562340655504285,6.3882206252986435,6.525233268737793,25363200.0,-0.006974754386938094,0.02668410814366529,0.01150447788099968,-0.01824506517176115,6.401352405548096,6.602875280380249,6.629022050548306,-0.011758818445830859,-0.6252809810638427,0.023245084381400726,0.2817732125753443,0.024538559572250703,0.18620273910305488,44.310287769763455,-0.23242002996483713,0.03326261389592938,0.028542041778564453,0.8196532974360142,-527995200.0,-0.20994408692363756,0.5381585496191039,0.23298271239885548,-0.2578251069186715,-0.0013068643494318524,1.2642150689735627
CSX,2016-02-02,6.453874534005179,6.473855345954389,6.2397920143307735,6.28831672668457,20963100.0,-0.03698327868968092,0.03722193741138454,-0.0256524675911023,-0.010935813601406712,6.381371355056762,6.549211955070495,6.596573924466045,-0.03983612535000277,-0.6443216753005983,0.024209433256634383,0.28320028575929446,0.024741645989707742,0.157328647206273,37.05424678140322,-0.23186808303290807,0.027051648662286765,-0.19981050491333008,0.6860149245086113,-548958300.0,-0.09211016470559741,0.042059855504134436,0.01685344208262565,-0.24512461332595256,-0.02054913884255883,1.3243053844247297
CSX,2016-02-03,6.376805001270214,6.431038982822234,6.176994026705426,6.382513046264648,21894600.0,0.01486849032132329,0.03980328034981261,0.0008951261632270742,0.014071853952607464,6.383369302749633,6.503969216346741,6.57618717416115,-0.01867416127629125,-0.6514926290512078,0.02471571172547436,0.2573065489804054,0.024993991551049418,0.11827592376730084,50.09214012436302,-0.2212790383415859,0.03011255468288715,0.019979476928710938,0.7092499775267795,-527063700.0,-0.21125652929621283,-0.16071839195806129,0.16249931028079434,-0.31932220040351134,0.0060915284925356855,1.3639718445915177
CSX,2016-02-04,6.3796585768112095,6.693646772514978,6.3796585768112095,6.579468727111816,31164600.0,0.03039208731750441,0.047722423910904435,0.03131988144739862,-0.00044723284272947875,6.403064870834351,6.485129928588867,6.576499703013594,0.014546940394681844,-0.6323413085937499,0.024242892277626354,0.25037426540990765,0.025173678649178247,0.09973289463863147,47.98463118959184,-0.19474951552904773,0.04531366199634029,0.19695568084716797,0.9998094354477016,-495899100.0,-0.296339202832906,0.045655883596739624,0.6242773435366459,-0.3725493158103266,0.0030319328037475292,1.332728800305184
CSX,2016-02-05,6.5766144984684,6.636557747704524,6.468145722866845,6.516671657562256,19874400.0,-0.009590237887714409,0.02584325767621655,-0.009114543800629343,-0.0004338083759947063,6.414768028259277,6.4738548517227175,6.57080179392299,0.006613803803176817,-0.6089653062820437,0.02338937625619042,0.2397721532001175,0.025095243424811425,0.0928583548868267,50.70992134650234,-0.17675436200147931,0.05064705241912698,0.11703157424926758,0.6476114878504418,-515773500.0,-0.3796474126382685,0.5127319932202822,0.4971103802647527,-0.40612340670608443,-0.021790152378327758,1.2599575571898751
CSX,2016-02-08,6.462438076138873,6.5823241736654055,6.359678563973273,6.568051815032959,33921000.0,0.007853497502032564,0.033898272419614746,0.016342708069272145,-0.00832228233571473,6.444454145431519,6.467146992683411,6.570539891171558,0.015602679584012354,-0.5823332929611205,0.023453649932947337,0.23875267119782542,0.025410659582464915,0.08804078687410544,52.75593528894127,-0.15654259824858308,0.05668705293761858,0.2968611717224121,1.0965602417145792,-481852500.0,-0.47063265526128495,0.5315362725344105,0.6011575698047734,-0.40974603882103183,-0.014190614500677021,1.2156179605213302
CSX,2016-02-09,6.439602809466084,6.830660490125428,6.439602809466084,6.816388130187988,50518500.0,0.03711247075741177,0.0573702191234464,0.058510646055380526,-0.019556637064415457,6.490410661697387,6.472285032272339,6.593954009173123,0.05316562793509097,-0.5489363384246824,0.02499140942463305,0.23814114273365133,0.026385836746422087,0.09465135194790439,64.42835166660906,-0.11911290523040208,0.0752933967646397,0.4595651626586914,1.5886425665075146,-431334000.0,-0.415527175174742,0.13293051492192237,0.9999999816580228,-0.35530978120567425,-0.0008031045208506325,1.2297138592199086
CSX,2016-02-10,6.856349638669534,6.9562541029427045,6.804969884903058,6.887747764587402,36725700.0,0.010414415023110676,0.02196425060996825,0.004579423100126667,0.0058625635334007276,6.552066373825073,6.478422093391418,6.621934366831626,0.06318292715343966,-0.5150542020797735,0.025038405048105342,0.2255000333583182,0.026021081691984166,0.10329991109281185,65.55365244855886,-0.08273772869449036,0.08933485864044113,0.6165571212768555,1.1530144198619234,-394608300.0,-0.42989930778990487,0.11821650009993623,0.9999999837809028,-0.32064440348093354,-0.001585892559838201,1.2471240387123221
CSX,2016-02-11,6.75073531419807,6.8335140133175765,6.5766148275425556,6.6822285652160645,24627900.0,-0.03029259745394809,0.03844513597039976,-0.010148042515890509,-0.019892199173402784,6.5817523956298825,6.4935506820678714,6.627676671439668,0.029056196276288786,-0.4712670803070065,0.022308033744458257,0.22550004472008078,0.02327888655239925,0.10566230031640544,57.79528797781129,-0.06969047262680927,0.08190569176649778,0.2968602180480957,0.8270039303665774,-419236200.0,0.0681175978861168,-0.8528626295338825,0.6666663980583291,-0.14329836172357763,-0.012416235189709673,1.1213025688088893
CSX,2016-02-12,6.642267037792012,6.913437344305635,6.639411994570635,6.904873847961426,24681900.0,0.03277596757120003,0.039685786557259475,0.03953572005992528,-0.005980269461608976,6.615149354934692,6.506823778152466,6.654076402536979,0.06117425081427078,-0.4328178977966308,0.021694938264595544,0.23263604698397713,0.022816245997790623,0.11828291939231812,66.61679282256782,-0.040913192780684504,0.08854637729009804,0.3339695930480957,0.8652460266337141,-394554300.0,-0.020629577958573765,-0.9396749788245314,0.9999999842192442,-0.15684911446836294,0.020740665956617867,1.0739821872942832
CSX,2016-02-16,7.073287109348587,7.1332299574525395,6.842077580958957,7.067577838897705,35034900.0,0.02329030713542526,0.04119549626905729,-0.0008071594384081842,0.024390490701996354,6.669383811950683,6.53536810874939,6.693457491714191,0.08143531034400431,-0.3884599781036373,0.021444474788667088,0.2456849474920948,0.02313892388488637,0.14051794976078763,67.91373014097006,-0.004921407951558265,0.09963052969537943,0.5423445701599121,1.2342877556261804,-359519400.0,-0.23622667235714415,-0.8206095481292367,0.999999987443294,-0.09296812436753137,0.018008663912795174,1.0740210159015806
CSX,2016-02-17,6.956253111038333,7.18746258251389,6.7792788371855295,7.087557315826416,37863000.0,0.002822931745725464,0.05759159709606743,0.018875708329204727,-0.01575146823946893,6.749307870864868,6.565339612960815,6.730990808296307,0.07954161302405083,-0.345529308319092,0.021405907103964516,0.25710266429915224,0.02394431807807246,0.15851762084932444,71.27978376728285,0.024927172714595436,0.10358328828922651,0.7992405891418457,1.32190496340174,-321656400.0,-0.26866852977348843,-0.789257772465429,0.9999999877506024,-0.11609303920646477,0.018101127125909347,0.99293112111933
CSX,2016-02-18,7.0847039222717285,7.158919537181267,7.007634897164959,7.0847039222717285,27202200.0,-0.0004026730167197486,0.021353699699534955,0.0,-0.00040259195482143226,6.819526958465576,6.601448130607605,6.76467777153206,0.07320451241955664,-0.29777469158172565,0.020695051569426547,0.2566948262890469,0.02287069025114196,0.1696094224028095,69.35234225130694,0.04780112135505821,0.10116578954375144,0.7021908760070801,0.9572775539032123,-348858600.0,-0.3596854754348588,-0.457867127735274,0.9965047525630346,-0.12632672508525375,-0.003475415894271633,0.9616089588326129
CSX,2016-02-19,7.0333251297273565,7.110394977603446,6.967673823505609,6.996217727661133,98073000.0,-0.01256840448601689,0.020399758791604806,-0.005275940096865976,-0.0072520733552260165,6.8612018585205075,6.632133364677429,6.7867291959253055,0.05489702075697204,-0.25841199398040793,0.0210840211734922,0.253432697984787,0.02195953871337427,0.17380219888375867,62.43751936505758,0.058118836288420184,0.08918680358169073,0.4167490005493164,3.0924338904872966,-446931600.0,-0.25333346926408173,-0.6976767599683894,0.8881144954571223,-0.11122522687672483,0.001279603071140992,0.9750081935222836
CSX,2016-02-22,7.261677065325135,7.338746885985867,7.19602496562674,7.221715450286865,29265900.0,0.03172284326815639,0.019762883395448398,-0.005503083472148422,0.03794326420323495,6.931706237792969,6.673237133026123,6.828156458245454,0.08219074286245588,-0.21907796859741246,0.021944703804246273,0.26485023574979044,0.02115394046226463,0.18640916248860312,68.42909179917912,0.08352861547657398,0.09167726621587562,0.7050437927246094,0.9214910031049183,-417665700.0,-0.3353189625728179,-0.8676575852975179,0.9999999894794961,-0.17236294881676376,0.0156287466432443,1.1176259627148748
CSX,2016-02-23,7.096121013748296,7.250260665801294,6.953399083452562,6.959108352661133,27008400.0,-0.0370411657860081,0.042657991125431054,-0.019308106615108393,-0.017391219219746512,6.970811891555786,6.707633018493652,6.840628067237423,0.03749092019109221,-0.18108544349670375,0.023238960602669882,0.2656659734599128,0.021573352322597272,0.18015060195397262,67.51123804743781,0.08153595473957953,0.07174768438310494,0.39105653762817383,0.836994432464168,-444674100.0,-0.44167980061331685,-0.8013557233550157,0.7237240912224651,-0.25571931495903255,-0.013458982339781284,1.1893034714456396
CSX,2016-02-24,6.853494452010673,7.047595739956083,6.73075413585724,6.990507125854492,27408900.0,0.004501747918184526,0.04532455205245408,0.019991651675390597,-0.015176355259661052,6.9882237911224365,6.739317226409912,6.854902263296192,0.03727230682363814,-0.14820237159729022,0.023159364379030867,0.27015144831577237,0.022345693015530306,0.17600949241657896,66.40991954730688,0.08155031407799118,0.05740963497721327,0.1741189956665039,0.8497109208356023,-417265200.0,-0.38302418810511624,-0.8052139056489631,0.7567571826605622,-0.21850547218378727,0.00536927987753819,1.2178265421379466
CSX,2016-02-25,7.022139003642716,7.102654027085704,6.91574326976434,7.004885196685791,20452500.0,0.0020546870796202877,0.026682915147531145,-0.0024570585896938543,0.0045249761167158314,6.999937534332275,6.776001954078675,6.8691863521904395,0.03377850894351422,-0.10478329181671064,0.022763840387459936,0.26107448843131487,0.022012255421231763,0.1656061999798442,62.73745953525904,0.08177918457664468,0.04611080438069341,0.11713743209838867,0.6427077534547604,-396812700.0,-0.48587016203189626,-0.5693028877841919,0.7676981382176785,-0.19919012824655644,0.013252827800703646,1.1436724306232626
CSX,2016-02-26,7.045144041911302,7.134286798002707,6.979005814959171,6.990508079528809,25172400.0,-0.0020545506554332815,0.022213118313712386,-0.007755123537214526,0.00574725268082312,7.03076548576355,6.806258940696717,6.880740802413142,0.027070544984765365,-0.06995920658111565,0.02263278950993195,0.2601365568745904,0.022012382181233584,0.15783479937128309,64.61085009346937,0.07987965001376018,0.035369015854247135,0.30827951431274414,0.7832704162979393,-421985100.0,-0.3571508767320221,-0.6008940399809474,0.7522951634337977,-0.2378007150738804,-0.001425057123499558,1.138303840286614
CSX,2016-02-29,6.976131440002098,7.045145037169381,6.904241659255949,6.941624641418457,25877400.0,-0.007017394922937916,0.02029832858906061,-0.004946408891577735,-0.0020565943652666873,7.034440565109253,6.824794960021973,6.886539263270791,0.017118416315925197,-0.04016953468322715,0.022025060587428705,0.2542978260332546,0.021982192388616078,0.1548621306914251,61.536964012177854,0.07358156775752711,0.02325674687841124,0.03675079345703125,0.8047787763365669,-447862500.0,-0.20133994262553295,-0.5002605069238123,0.6999237209295914,-0.20941579722799517,-0.007345629715573616,1.1672261172968945
CSX,2016-03-01,7.030765572817609,7.177419651311833,6.976130433307893,7.08540153503418,41559000.0,0.020500700191522284,0.028409006463311084,0.0077709833517710415,0.012841508436984126,7.0362229347229,6.852803373336792,6.905478527248256,0.03394204517853104,-0.0029838180541990056,0.022236299171724185,0.24320763526425695,0.022017437288544724,0.15203287726245782,58.88145901250163,0.07927801826962444,0.023162557912406852,0.01782369613647461,1.260721203878176,-406303500.0,-0.36840725138849434,-0.5064046635091022,0.853959599102299,-0.29994757835675784,0.02383911158774813,1.0995285573875113
CSX,2016-03-02,7.2291807716817065,7.25218530240143,7.045144525923924,7.0595221519470215,78298500.0,-0.0036591801463283944,0.029327874043203393,-0.023468581723571663,0.02029232019337253,7.033419418334961,6.891363644599915,6.920149348648139,0.02440133999877889,0.04053304195404106,0.020198384620308787,0.24719024658124697,0.02180461776071653,0.13204651042529336,55.846699129122825,0.0807731438858843,0.019726146822933367,-0.02803516387939453,2.1852023799905305,-484602000.0,-0.2879030050896513,-0.20883941120569732,0.8067292161822238,-0.29848443115732487,0.005270395694331003,0.9659608285205742
CSX,2016-03-03,7.059520778744889,7.203299479129104,7.030764709585344,7.160165786743164,81167100.0,0.014155769923259207,0.024096476908845192,0.014256634572321307,-1.945177170482984e-07,7.040965604782104,6.93024628162384,6.943008057038142,0.033176238733243255,0.08007582187652584,0.020182094349144728,0.23729037747402648,0.021371619420699508,0.11592218413433814,67.5182740731704,0.08905259899477436,0.022404481545458738,0.07546186447143555,2.0922127312741945,-403434900.0,-0.2837773137076215,-0.2014214036211947,0.9127009225443223,-0.35358484596133244,0.005555808249804873,0.9647853851192953
CSX,2016-03-04,7.206175303343518,7.332700205839435,7.148663984027192,7.255059719085693,31281000.0,0.013165982463128117,0.025366603300053327,0.006783683949444539,0.0064257613539534944,7.06684980392456,6.964025831222534,6.972727262947433,0.04179104083134461,0.11216092109680176,0.019407955184632533,0.23086258262240097,0.020658443217824986,0.11228117060965455,64.161980351222,0.10209439348068994,0.028357020825099444,0.25884199142456055,0.8061972109767148,-372153900.0,-0.2882097201156031,0.08800492827507767,0.999999986456986,-0.3069822100825878,0.0035110719749253767,0.9638760400189197
CSX,2016-03-07,7.249310106634878,7.384462771409301,7.203301861634452,7.344204425811768,23117100.0,0.01221237094877776,0.024667193241264457,0.013090117236126795,-0.0007924969157303868,7.079098701477051,7.00540246963501,7.008106040363083,0.04836295382674986,0.15365678787231474,0.019154548512379587,0.22300604928534856,0.020639345658749572,0.10448514536780938,61.8948497642879,0.11826011341810894,0.035618192610014754,0.12248897552490234,0.5933118538791409,-349036800.0,-0.4608436896897146,0.36371860772933085,0.999999987115936,-0.2982063269799087,0.0013496215004632041,1.0480777418424698
CSX,2016-03-08,7.26081454614683,7.286694445866918,7.094031233346657,7.102657318115234,23278800.0,-0.03344250450672421,0.02712551146581103,-0.021782298256815606,-0.011354515047519323,7.093453598022461,7.0321327447891235,7.017110923958525,0.010028902451872828,0.18756369113922133,0.021039529450548402,0.2117195812236879,0.02043474108999548,0.08657235984418404,50.54537551119805,0.11030915476743974,0.02213378716747645,0.14354896545410156,0.605734399095723,-372315600.0,-0.39787913477656117,-0.26788515112661604,0.6351118999561597,-0.3344524031026796,-0.01255144262523791,1.350781085126853
CSX,2016-03-09,7.114157622866439,7.240682533017513,7.102654535600394,7.211926460266113,24903600.0,0.015267124249175146,0.01913885259057766,0.013742855104225437,0.0016191552310813565,7.115595531463623,7.051909661293029,7.035664784559248,0.022691271819801413,0.21227477550506535,0.0197054601639915,0.21077267818088874,0.019015272350084596,0.08413995984232733,54.266969762976515,0.11153931354869506,0.018691156758985417,0.2214193344116211,0.6703533462754738,-347412000.0,-0.5754612695122033,-0.08510375807888661,0.8001770435731755,-0.42906567781314575,0.005207121327923019,1.4387433142236346
CSX,2016-03-10,7.266563480858946,7.381586965909039,7.145789274045185,7.27231502532959,26139000.0,0.008338567819814298,0.03242402055501816,0.000791508184824098,0.007575925918525903,7.142338514328003,7.071138024330139,7.058202902727852,0.0284504418252405,0.23414487361907987,0.019669250180804756,0.21742100230703285,0.019283915280552788,0.08532773290518576,59.438026206579096,0.11604933130489936,0.018560939612151772,0.26742982864379883,0.7137780963596334,-321273000.0,-0.5628934104738774,-0.07574165748454638,0.8914017660228529,-0.413429283615125,0.0003441555738991903,1.4597244706737251
CSX,2016-03-11,7.36433077760849,7.528238635559536,7.332699349999688,7.505233287811279,26196600.0,0.03152587266921271,0.026053725188983728,0.019133104481293545,0.012652883154594943,7.19381103515625,7.1122882604599,7.100777225116749,0.05524874877975912,0.2757903623580935,0.01910551403561288,0.21123489172883364,0.018917718626092053,0.08515929831140544,59.642767713383826,0.13684069571294621,0.03148184321615889,0.5147252082824707,0.7138220978956954,-295076400.0,-0.6573602584477396,0.4273593007050971,0.999999983343312,-0.2745807771572839,0.018698196649070662,1.4388671528476036
CSX,2016-03-14,7.531112833626133,7.594375685994557,7.4707261637884,7.528238296508789,32397600.0,0.003060507551464778,0.0164247619876086,-0.0003816882286650994,0.0034482000522065943,7.252472400665283,7.143456482887268,7.141487803344563,0.05386493422943036,0.30425348758697535,0.01799385173169986,0.19886260171864972,0.01825492709215337,0.09493971814451396,73.12588692195553,0.1534059454932617,0.03843767439717949,0.586613655090332,0.8736075342906247,-262678800.0,-0.7109128322232295,0.7647510432957373,0.9999999829530053,-0.383821862279603,-0.0010282894506067567,1.3730563491077596
CSX,2016-03-15,7.467851571937881,7.479353835123485,7.364331203267439,7.462100028991699,21555900.0,-0.008824176645130532,0.01541424416841912,-0.0007701737093696554,-0.00802136199632691,7.290142250061035,7.163182592391967,7.172022301025243,0.04172969664590327,0.3228826808929437,0.017639077896477864,0.18793870808597163,0.017500181509254087,0.10202011906185843,68.63644791905354,0.15936021448795046,0.0355135547134946,0.37669849395751953,0.5920178561938673,-284234700.0,-0.5470156412134537,0.7286882861393846,0.8872541138179839,-0.38834996601474475,-0.0028704310017873265,1.375419475952978
CSX,2016-03-16,7.441970920134878,7.562745082517019,7.404587951595958,7.528238296508789,15552900.0,0.008824176645130483,0.021008518154161767,0.011592006647124538,-0.002697512600824929,7.337013864517212,7.185216641426086,7.205947633928438,0.047739918251737186,0.34158362865447955,0.017689908534056296,0.18588487762880712,0.015895413863884107,0.11075389799197524,69.86908195891536,0.16748515638557393,0.03491079728889446,0.4687161445617676,0.44064961458139434,-268681800.0,-0.5969145489517635,0.7287230086895702,0.9999999829530053,-0.39477592981458637,0.006532994635866611,1.5506131729988486
CSX,2016-03-17,7.54549310601078,7.70364945253761,7.513861672164039,7.674893379211426,19268400.0,0.01929334494493606,0.02472839308590764,0.017149346157054293,0.002292011599844414,7.388486623764038,7.214726114273072,7.250609133479198,0.06378166789006638,0.36334259033203153,0.018033947468304053,0.18834964886666672,0.015989322096546396,0.1249012184701363,73.61118970942604,0.18364116981001288,0.04085344857066672,0.5147275924682617,0.5521237180754583,-249413400.0,-0.7036305936580477,0.6270967232502151,0.9999999863624353,-0.39065362723568975,0.009300694964149162,1.601327432898065
CSX,2016-03-18,7.72377553582294,7.841674332397024,7.674891130469113,7.769785404205322,40562100.0,0.012288144074421166,0.021465612401294982,0.005956914227891328,0.006369099112688436,7.439959192276001,7.253404498100281,7.300054492595972,0.07119152202807459,0.3857503557205204,0.017678790900981893,0.19019820772484378,0.01601808164661065,0.138284329541894,77.69230744700562,0.20177597240918654,0.047190600935872296,0.5147256851196289,1.266649085638189,-208851300.0,-0.9268884930471393,1.1997821714980645,0.9999999879250498,-0.31256966541956344,0.006590739909516792,1.586167265549512
CSX,2016-03-21,7.7812910123544246,7.80429554508654,7.600130111412269,7.666268348693848,14460000.0,-0.013412574098601093,0.026631657592452566,-0.014781951154114965,0.0014808141474377124,7.472165584564209,7.27563214302063,7.334932002700532,0.05369103302562477,0.38949609756469705,0.016960825200369296,0.187938952280622,0.016195554487920254,0.14678011575248875,69.96064127520958,0.20542693899270414,0.04067325401551192,0.3220639228820801,0.46223395175505055,-223311300.0,-0.909274397860492,0.9576867035575867,0.8750036600222845,-0.16436886312266555,0.0005413415903815057,1.5429527440159354
CSX,2016-03-22,7.600127148597786,7.646135373419301,7.565620362951652,7.582873344421387,14919000.0,-0.010937774382575729,0.010618008083556195,-0.002270199411016793,-0.008627561296798385,7.520187187194824,7.306820392608643,7.358545463816804,0.03778017482022562,0.40307106018066374,0.014635563247535247,0.1803394672280998,0.015257701553950927,0.14478501955198664,67.30033899330998,0.19929374222594554,0.027632045799002636,0.48021602630615234,0.4863032251692478,-238230300.0,-0.6084348404646585,1.0015054013049525,0.7743046085665795,-0.11722400587914186,-0.0014386054113087725,1.3899513985265348
CSX,2016-03-23,7.577122202045403,7.582873744643322,7.421842069795488,7.436219692230225,19157400.0,-0.019529583178158616,0.021655045374209266,-0.01859578162500036,-0.0007584384064933628,7.542616510391236,7.329106020927429,7.365943009379986,0.014614834469162362,0.41090484142303474,0.01556831927400778,0.17951781760696223,0.014245988996538436,0.13918922197193817,58.85607868248989,0.18051851048487677,0.007085451246347074,0.22429323196411133,0.6329715555322069,-257387700.0,-0.45706512212660777,0.17667890716436727,0.5972210554568926,-0.023003922106303695,-0.008118352188735382,1.447748327848332
CSX,2016-03-24,7.41034221355261,7.52824105937971,7.335577071742572,7.525364875793457,12965100.0,0.011916684104517839,0.025601946326466292,0.015521909640081722,-0.003479923906047664,7.567921495437622,7.355130004882812,7.381126044276507,0.023145052609217207,0.421721658706665,0.01568750695631741,0.18013408659445476,0.014221243065922115,0.13412382303259093,58.70375710162498,0.17086267677842937,-0.002056305968080263,0.2530498504638672,0.4337394863312898,-244422600.0,-0.5420070635565214,0.1486287399092408,0.7048634197085194,-0.06558136127340146,-0.00047192927884811485,1.539327117063397
CSX,2016-03-28,7.487980263799935,7.519611691233077,7.312570967008941,7.36720609664917,16815000.0,-0.02124075497274674,0.028103017820867576,-0.016129071244303166,-0.004967813868238542,7.5541187763214115,7.373964905738831,7.379800334978665,-0.0009165773333692655,0.42080557346343994,0.01660052940130287,0.1823935865237167,0.014407225633761643,0.12542259997865754,50.70913082006794,0.1487337571418852,-0.019348180483699573,-0.13802719116210938,0.5705110425185951,-261237600.0,-0.45753683343130314,-0.3998160007702612,0.5138874832221015,-0.11665001609668825,0.00025501400155540784,1.5785168398414513
CSX,2016-03-29,7.303946458674995,7.473604268496897,7.197549879042577,7.444849014282227,18030600.0,0.010483842815989606,0.03707991779614817,0.019291290866443853,-0.008586652408563353,7.545779848098755,7.399126124382019,7.38599544729329,0.006179498650460719,0.4298580503463745,0.016521182722092926,0.18424224345151735,0.015025071513512076,0.11238960736777698,61.735635364356334,0.1358950499199718,-0.02574951016449037,-0.0833892822265625,0.6200080567417443,-243207000.0,-0.6230643846036121,-0.20413099288293582,0.5425127312794528,-0.11326465340755412,0.008449025354004039,1.6248718581378123
CSX,2016-03-30,7.479356378674075,7.608756677841391,7.456351844479573,7.562748432159424,19602300.0,0.01571228757068059,0.020152043232555435,0.011149629628977791,0.004635065711292425,7.555844688415528,7.422993469238281,7.4028290648995885,0.018827305116231482,0.43240425109863256,0.016290287517498687,0.18609079103309195,0.014783224459304143,0.10621284262874034,61.96081185522178,0.1336926539508987,-0.02236152490685081,0.10064840316772461,0.700497437766676,-223604700.0,-0.6428419224301013,-0.12487381486898878,0.7085067001950531,-0.07091913394946871,0.004170963885949415,2.063581569285156
CSX,2016-03-31,7.493734197558626,7.556996249904503,7.384462257997156,7.404590606689453,28235700.0,-0.021134513224334073,0.023300949515220513,-0.011895750305397154,-0.00912554942424439,7.543479919433594,7.440246891975403,7.402996830784337,-0.004792352431799888,0.43132840633392355,0.017119217389037062,0.18198282548297864,0.014595691115735634,0.09557085864277448,54.22790273760064,0.11782698836554939,-0.030581752393760098,-0.12364768981933594,1.108140183812881,-251840400.0,-0.5489887232201281,-0.6059559627665543,0.4525866776467561,-0.10957755453471381,-0.002559652921153331,2.1893742272520176
CSX,2016-04-01,7.372957639230971,7.39308598150051,7.237805849685762,7.36720609664917,32401800.0,-0.005061617162336076,0.021077207529917603,-0.0007800862100708872,-0.004272075140778812,7.5127111911773685,7.450598907470703,7.399588189438131,-0.011192766092658074,0.4215869712829594,0.016966728097785388,0.17561576453824618,0.014510706118244857,0.08925710058897668,44.95803237432879,0.10107162577135753,-0.03786969199036158,-0.30768728256225586,1.40620636364169,-284242200.0,-0.3985931944998107,-0.6514103525049123,0.3965486989446346,-0.10255930532881563,0.00671655221617939,2.076972625835243
CSX,2016-04-04,7.341328656961768,7.401715349296691,7.197549917009067,7.234932899475098,57585300.0,-0.018117457357057727,0.02821939541449465,-0.014492711395746578,-0.0035125174113387943,7.4592259407043455,7.449592566490173,7.383906733251175,-0.028814953985625932,0.4035322332382201,0.017267441431991354,0.1813669009726367,0.014595150159257561,0.08996810245534304,40.07796888600115,0.0762406834996705,-0.0501605074096389,-0.5348525047302246,2.3641993479548766,-341827500.0,-0.17864538038786498,-0.8917470894595741,0.19827613637486644,-0.10661786320129826,-0.0031998527024930373,2.107958836487946
CSX,2016-04-05,7.194675000659955,7.249310151873228,7.108407586816629,7.203301906585693,27264900.0,-0.0043815665722181305,0.01956083014204607,0.0011990681893132237,-0.005564377634803427,7.41292929649353,7.44254744052887,7.366706273568748,-0.03214565118394132,0.38041387081146283,0.017044042566911197,0.17972372038801168,0.014451298899254238,0.09406292723146599,41.036014892325944,0.05339413176287344,-0.058405647317148784,-0.4629664421081543,1.1099264795681592,-369092400.0,-0.04560544643812888,-0.8000604059839035,0.15086246413592524,-0.019391093207274383,-0.007430116509766249,1.9692449682522053
CSX,2016-04-06,7.191797593523671,7.2061752175047875,7.033640438904207,7.145787715911865,30739200.0,-0.008016466576349466,0.02414496280324544,-0.00639754901517789,-0.0015970888366492184,7.369220733642578,7.4447039604187015,7.34566641093476,-0.04015152867005672,0.3650784492492676,0.015409919880728352,0.18075069522226306,0.014369482262189,0.09178281428500946,36.67345131420007,0.030297905000656655,-0.06520149926349246,-0.4370856285095215,1.23264369254163,-399831600.0,0.18905475859828488,-0.9192505313176785,0.0,0.10115187667960364,0.008789331737640713,1.7061808559090277
CSX,2016-04-07,7.091153143546214,7.154415187712586,7.033640997639532,7.07965087890625,26733300.0,-0.009298456857716233,0.017059342634097908,-0.0016220584166106616,-0.007645703250320961,7.3335638523101805,7.438090181350708,7.320331598360616,-0.048189695702152334,0.3440081119537348,0.015132649059797948,0.1758211530579405,0.014318825476812064,0.09812955574236783,28.025627502740818,0.00658142233464698,-0.07113438554360171,-0.3565688133239746,1.0680885313318236,-426564900.0,0.39977843367626037,-0.6728310241057793,0.0,0.08677149148528145,-0.01002779841831891,1.5215082007767389
CSX,2016-04-08,7.151541811452312,7.2694406737535875,7.091155111014692,7.131413459777832,28077900.0,0.007284860381217051,0.025000031725050127,-0.0028145471571245344,0.010154587249529593,7.294168710708618,7.43104510307312,7.302339394686065,-0.04032160202760374,0.3197585773468017,0.015100534073844332,0.17746448112361385,0.014040673665063567,0.10318774987101059,25.65829689916532,-0.007945660736826454,-0.06852917489206012,-0.393951416015625,1.117481657482971,-398487000.0,0.4099936096849827,-0.6451932573296608,0.07500360904146107,-0.005554329283325472,0.005871052688648634,1.547619583263078
CSX,2016-04-11,7.111281519718173,7.1802951078499,7.004885777025145,7.053771018981934,35769300.0,-0.010947085854442005,0.024867454635644118,-0.008087220366227176,-0.002822994371761732,7.262825202941895,7.408471989631653,7.278666216047576,-0.04787775011448139,0.2838174104690552,0.01309579049805198,0.17541047377721977,0.013988621602838562,0.11249774615956255,26.17478968154161,-0.025430428668429705,-0.0688111542589307,-0.31343507766723633,1.3969826225161528,-434256300.0,0.22665421107404812,-1.3138002894047105,0.0,-0.09320534242813899,-0.002940643805926371,1.3743924904691895
CSX,2016-04-12,7.0882763514897915,7.223427316683661,7.06239646695338,7.186045169830322,32334000.0,0.018578604353890478,0.0224088279331096,0.013793031407414301,0.004891756822698514,7.2369448184967045,7.39136233329773,7.269845164026885,-0.02777798654822585,0.25440493583679213,0.013922817672824422,0.1803396389171863,0.014141714113869986,0.11474165696840156,35.12946446280637,-0.028287731354362577,-0.05733476555589086,-0.2588038444519043,1.262972626023353,-401922300.0,0.21924250585357943,-1.4554581922091925,0.18473672000284375,-0.12587174284332164,0.009628394214453278,1.5126235988455483
CSX,2016-04-13,7.447723964828626,7.5684973422073725,7.209051748085856,7.485106945037842,51640500.0,0.0407743312022034,0.04802143733695167,0.005019383154605977,0.03641485529438751,7.2291806697845455,7.392512679100037,7.290346286027928,0.012525411853480594,0.23635780811309814,0.0169142409140612,0.19615538874070174,0.015438638143560644,0.11497588961813504,51.64417006328814,-0.0063472117173350995,-0.0283153967350907,-0.07764148712158203,1.905150330732592,-350281800.0,0.6439954637908761,0.020803016670994604,0.6024123661945876,0.12258697259846423,0.01141721546960485,1.8446894512256358
CSX,2016-04-14,7.600128538339467,7.600128538339467,7.413216131547875,7.5167365074157715,26055000.0,0.004216763005893727,0.02486616453925053,-0.010972450071471506,0.015366726774408658,7.240395259857178,7.391937589645385,7.311907259493437,0.0168831130210304,0.21121432304382282,0.016822046120905168,0.1957445615374484,0.015539572792309454,0.11478384536285648,49.69813341518792,0.013438142965382482,-0.006824033641898493,0.11214590072631836,0.9429680748033719,-324226800.0,0.6935979022420878,0.14050800682785403,0.6465868445136466,0.10594764401977626,-0.00039657164313049533,1.818839656796698
CSX,2016-04-15,7.577123695119022,7.603003585142527,7.416092811246731,7.456350326538086,22387200.0,-0.008066006554702194,0.025067327272775355,-0.015939210370649638,0.008033697555272109,7.24930968284607,7.381010437011719,7.325663742069118,0.010207259584484343,0.17881042480468778,0.016265840440671014,0.1938957661882541,0.015538022777452289,0.10956283178213871,53.347771477156776,0.023969216758290557,0.0029656321208076653,0.08914422988891602,0.8056780958426993,-346614000.0,0.9430662287944955,0.8628915941523998,0.5622502986557302,0.048540651515609774,-0.0011447137022884827,1.765213309155962
CSX,2016-04-18,7.401713361073455,7.554118965480174,7.364331211355871,7.496606826782227,17652900.0,0.005384432937434816,0.025316487646953895,0.012820472920206369,-0.007327574895478214,7.275477075576783,7.367351508140564,7.341944035851319,0.017544339848430218,0.14680873394012384,0.016030334347295994,0.18773386366468145,0.015645160758685255,0.09926230600638701,51.99989976917431,0.03515824933051892,0.011323731754428822,0.2616739273071289,0.6626135641927652,-328961100.0,1.0256097501765187,1.1974303976849237,0.7230003774523808,0.07440469571838168,0.007165044273908034,1.7048252506898767
CSX,2016-04-19,7.554119528024665,7.697897417356192,7.510985832142478,7.594377040863037,24376800.0,0.01295761534185722,0.024611839023530018,0.005329213112001047,0.00767183107922502,7.314584589004516,7.363756942749023,7.365985274423864,0.03131826592146036,0.12166006088256776,0.016105228893994194,0.19040407273716722,0.015588275696565675,0.09628820964304424,51.241427171477525,0.051323254898336224,0.0219909898577969,0.39107513427734375,0.8982811760700088,-304584300.0,0.8046049645084532,0.7597152831913635,0.9999999815022411,0.06834901911468878,0.0027468381624061768,1.7156771938669515
CSX,2016-04-20,7.603002208861489,7.669141247617726,7.551242438183935,7.626007556915283,20871000.0,0.0041563419615669416,0.015460096066503427,0.003025824197049537,0.001135730811367741,7.362606573104858,7.365913653373719,7.3907493013278085,0.03531047413547089,0.10265765666961713,0.015937999670803896,0.18609068954227606,0.015662115039341586,0.0979122598841257,59.649028021652626,0.06592649695252106,0.02927538552958539,0.48021984100341797,0.7607502307291917,-283713300.0,0.6909574183246336,0.7502323750241133,0.9999999825247092,0.034835642275894536,0.0013228233288312334,1.6915152613289117
CSX,2016-04-21,7.640382838456905,7.789912207394924,7.620253679269401,7.706521034240723,20700300.0,0.010502405640656489,0.022014930910032662,0.008656398138967566,0.001885033739389077,7.425293588638306,7.379428720474243,7.420822799700467,0.04432488288137555,0.09837006568908624,0.015381090087112222,0.18629595890812117,0.015676002232943093,0.10589062693714221,64.25115045403331,0.0830392118875718,0.037110480371708894,0.6268701553344727,0.7524124556260281,-263013000.0,0.5842324206528238,0.8651428192133392,0.9999999846801997,0.09190350827808934,-0.004131472462205935,1.469355271610028
CSX,2016-04-22,7.764035821293845,7.942321329628673,7.764035821293845,7.916441440582275,37850100.0,0.026874933780747942,0.022520915448307147,0.019629690382215733,0.007463132430000447,7.50379638671875,7.398982548713684,7.468024575022543,0.06993649308695171,0.09735002040863083,0.0162605648366808,0.18855559198671593,0.015585617568383467,0.12306260389176599,76.87061400787603,0.11224608122418722,0.053053879766659456,0.7850279808044434,1.31624342684201,-225162900.0,0.5453986853149364,0.2577353760509465,0.9999999884080877,0.19953060118730356,0.007560371711685599,1.6495147571061897
CSX,2016-04-25,7.879058415616109,7.945196640730356,7.738155884230235,7.804294109344482,19606200.0,-0.014267682746905814,0.026529081759261327,-0.009488989969086366,-0.004722200656285858,7.5788486957550045,7.42083694934845,7.500050244957966,0.05167303400052469,0.09676311016082817,0.01580121910224742,0.19327974851839608,0.015537917147316746,0.1319315406297424,72.28131510057574,0.124903572586053,0.05256909690282019,0.7505230903625488,0.6785158283849353,-244769100.0,0.6482303139307777,0.3742620650046345,0.8699997853992187,0.13685245662007597,-0.0023470593538913293,1.65706927329563
CSX,2016-04-26,7.792788738713761,7.965322651902862,7.792788738713761,7.950945854187012,24242400.0,0.018616787908391073,0.021699797276099362,0.02029531670575677,-0.00147423591032344,7.655338764190674,7.446141791343689,7.542992683932161,0.06779404381342415,0.10114651203155578,0.016113011894366137,0.1932796867032904,0.014984319807772001,0.14612547915073676,77.9999741315068,0.14509572269932924,0.05820899761287715,0.7649006843566895,0.8300399519898186,-220526700.0,0.57497322925546,0.0650043484859376,0.9999999888539005,0.05230482545508799,0.005078485611995166,1.739191312875464
CSX,2016-04-27,7.922191636469544,8.042964992488251,7.884809485578685,8.002707481384277,19664400.0,0.006489022637937433,0.019762749953995393,0.010163329620061317,-0.0036164524629890677,7.707098817825317,7.468139743804931,7.586775045594266,0.07157977165903834,0.10444187164306573,0.01586773389571407,0.19594978076304123,0.014975299303578934,0.15985210738524466,82.42416344623169,0.16339140347390657,0.06120374270996359,0.5176005363464355,0.673221403650399,-200862300.0,0.6724273370987551,0.3565926841431063,0.9999999894618867,0.13806161063159794,0.0040957217124907505,1.7073763271275684
CSX,2016-04-28,7.936568205024655,8.03433702092588,7.853177010984196,7.870429992675781,23092800.0,-0.01666722172517566,0.02301780336147727,-0.008333351473877822,-0.008264612509388074,7.742468166351318,7.491431713104248,7.613789802459173,0.050590900923327846,0.11207638740539583,0.015547821209109485,0.19533336755549455,0.014967299421257704,0.16612951876255397,74.56961986787387,0.1653115656256876,0.0504991238893957,0.35369348526000977,0.797616352295753,-223955100.0,0.7642227793680698,0.4095367915933316,0.8606044740027536,0.0773831228735136,-0.008737293959436789,1.6404410911297251
CSX,2016-04-29,7.775536591868561,7.867554688762152,7.712273738900877,7.8416748046875,31614000.0,-0.0036602632763923734,0.01980201343830955,0.008505935511653876,-0.012056952529344389,7.78100061416626,7.515155148506165,7.635493136004728,0.04344815905048077,0.12066040515899701,0.015512096624205347,0.1941010049090767,0.014935205166046824,0.1698710765196788,77.07505852989678,0.1626382125361303,0.03826061663987072,0.38532447814941406,1.0934229128026873,-255569100.0,0.7582431814177072,0.4260356878474237,0.8303019312882934,0.06879785655475215,-0.006847001812118559,1.6978218330873243
CSX,2016-05-02,7.84167532267793,7.919315802737194,7.746781036958057,7.873306751251221,20563800.0,0.004025711283335809,0.02191388843724622,0.004033759021087407,6.605609681682257e-08,7.818670606613159,7.547073841094971,7.658142051742489,0.04322641026510989,0.13503731727600066,0.01468832429870167,0.1943066097717488,0.0147547002432211,0.1704314229202243,75.37155370603125,0.16121362437091946,0.0294688227797279,0.37669992446899414,0.7598829346163226,-235005300.0,0.8187862958840318,0.731159279917348,0.8636360347648314,0.02564502248346703,0.008416800886330266,1.5177724230476273
CSX,2016-05-03,7.706523944908097,7.746781455781446,7.548367616197787,7.6317596435546875,28958100.0,-0.031159705473241463,0.025998439265736972,-0.00970142983891052,-0.021183323806940248,7.822408866882324,7.568496727943421,7.655629441438889,0.00835871612095644,0.14825932025909427,0.01656714841556238,0.19019853567720477,0.014929628774710013,0.16466878005336869,55.65406123276636,0.138991586597645,0.005797428005162725,0.03738260269165039,1.0667357732831464,-263963400.0,0.2921334256119177,0.5982856189930157,0.6090909574900288,0.0030892205615154324,-0.01064132466381271,1.7826006583004719
CSX,2016-05-04,7.614507644706857,7.6547651651376665,7.485107355362649,7.525364875793457,17859900.0,-0.014039142468184905,0.02254479517940043,-0.011706964267790443,-0.0022605532214841307,7.812344598770141,7.5874755859375,7.6432232923298,-0.008185951894086848,0.15591304779052706,0.01682694695882157,0.1889660644617352,0.014878240069114465,0.1558475769228632,50.314526409615425,0.111509876536803,-0.01734742564454342,-0.10064268112182617,0.6738950427120164,-281823300.0,0.29426612640072264,0.4331673799961589,0.4969709464508497,0.09043005432110446,-0.007109190116694039,2.025280020320213
CSX,2016-05-05,7.533990032801416,7.620257430236682,7.476479531453737,7.487981796264648,19741500.0,-0.004979989819011688,0.01920115495668914,-0.006106755694719176,0.001146144692027248,7.790490674972534,7.60789213180542,7.628438387942643,-0.01576130858105573,0.16638010025024386,0.01669305754855065,0.18588514481081728,0.014922399991044753,0.14293001639845299,51.17271610639019,0.08572572838955228,-0.03450525903343532,-0.21853923797607422,0.7548492222948082,-301564800.0,0.27448592284069084,0.5274695138289139,0.45757623393214025,0.12572580445613102,0.00011340393247125045,2.1611441425113087
CSX,2016-05-06,7.453477367471455,7.5627493292100825,7.430472007841149,7.522490978240967,14196900.0,0.004598022100114126,0.017584244600830974,0.009259250061011968,-0.004607974449190762,7.751095628738403,7.627446007728577,7.618348158447246,-0.013760179931954082,0.17558186054229719,0.016666719013385605,0.18177725675686235,0.014736815114025045,0.13051073372227887,50.96374508966347,0.06730041055845337,-0.04234446149162738,-0.3939504623413086,0.5576409465390333,-287367900.0,0.30182141057427125,0.5644533458397324,0.49394240066715295,0.13681785920522718,0.003833138949888259,2.184140598006066
CSX,2016-05-09,7.528240578836523,7.528240578836523,7.3844618488596705,7.433346271514893,16811700.0,-0.0119211998590593,0.01934239637507844,-0.01260511089249703,0.0007643213680397989,7.714000844955445,7.646424770355225,7.600728931120354,-0.02786642192131751,0.18570385932922395,0.016709693126856082,0.17766926671421146,0.014589319291497564,0.11246082844693824,43.96557885813698,0.044986405333052204,-0.05172677337362283,-0.37094783782958984,0.6858845884343646,-304179600.0,0.30182721270895824,0.5368040000616573,0.3028192866961252,0.18011647274344297,-0.00028167450138594344,2.176547696720263
CSX,2016-05-10,7.444846201836848,7.617380130067521,7.444846201836848,7.582873344421387,18319800.0,0.019916066651597578,0.02275310695484635,0.018539958898074197,0.0015470731352881704,7.677193593978882,7.6662661790847775,7.599028399053786,-0.010877894494572122,0.19272029399871826,0.016781018961839325,0.18239319879412838,0.014599580693090647,0.09741769247724612,48.51483100310598,0.03891934260673935,-0.04623506887994855,-0.368072509765625,0.7694076483399072,-285859800.0,0.2985408251426452,0.4849035774239595,0.2626225104351094,-0.0018417512767303237,0.012843700352568018,2.08583509593231
CSX,2016-05-11,7.582876209009386,7.588627753476506,7.444849014282227,7.444849014282227,13291800.0,-0.018369811230398,0.01931251243892974,-0.01820248556387702,3.777707828660012e-07,7.621407747268677,7.664253282546997,7.584344648123161,-0.028626959493157245,0.1835184478759766,0.01470545329442455,0.1805446424418967,0.013306057380786059,0.09862237054601947,41.3335038944795,0.022711932737623286,-0.04995398299925169,-0.5578584671020508,0.6071302796394984,-299151600.0,-0.11305289955164825,-0.36855025465007374,0.020202891180352588,-0.1314072478167253,-0.00799014930512023,1.8576611358989743
CSX,2016-05-12,7.467854000952302,7.493734718568013,7.292443813287371,7.344204425811768,24117300.0,-0.01361089709072506,0.027408129405165994,-0.01655757800363623,0.0030900541603923483,7.568785190582275,7.655626678466797,7.561474150760171,-0.040678871336683124,0.16919819831848137,0.01495958514982384,0.17807968600566035,0.013388035193327864,0.10433604117327368,29.568803603314024,0.001726366007908986,-0.0567516397831728,-0.5262255668640137,1.106503985030243,-323268900.0,0.047487782094762294,-0.5483360828470051,0.0,-0.05954029714811764,-0.00016465971549877825,1.867461982544177
CSX,2016-05-13,7.3240722963420195,7.370081345475977,7.16879216686826,7.2234272956848145,26462400.0,-0.016581953723425722,0.027866159700667834,-0.013741672198876549,-0.002741226728247401,7.506960439682007,7.643980526924134,7.5292792121815655,-0.05501756967564462,0.1562868165969853,0.015280935740958524,0.1776688590133457,0.013486849404049067,0.11401718283128418,29.38770537572549,-0.02436963387316826,-0.06627811173140004,-0.6182475090026855,1.2028524927947897,-349731300.0,0.08214055826993767,-0.7159617311639805,0.0,4.167126936814248e-05,-0.008093375766600604,1.8615413595306587
CSX,2016-05-16,7.226304470780934,7.315446398691134,7.223428287785013,7.255059719085693,18252300.0,0.004369582774647935,0.012683301650026601,0.003979246711929889,0.0003983116294170235,7.4451357364654545,7.631903171539307,7.503163069981959,-0.04937738909724746,0.14420946121215827,0.015258477531507548,0.17191780114314703,0.01315709309899733,0.12194990918847617,23.111266861895615,-0.04201411699732471,-0.06713807588444519,-0.6182470321655273,0.8285324227434131,-331479000.0,0.09159928785345535,-0.6992927369504522,0.04059184818945182,-0.04618944188643377,0.011369572490123585,1.7230184822732508
CSX,2016-05-17,7.223427387423168,7.444846556222406,7.206174405132167,7.309694766998291,27288300.0,0.007502399608623686,0.032651452447480155,0.011942721224736661,-0.0043600373928433375,7.412929248809815,7.6176690578460695,7.484737517316847,-0.040428940730966804,0.13066554069519043,0.015029594658618178,0.17766899001319514,0.013466982279493117,0.12788573960130561,23.281624170929604,-0.051000997480518784,-0.060899965094111407,-0.3220648765563965,1.2305746271180709,-304190700.0,0.11651589999638491,-0.5687522488943866,0.11070148040403488,-0.05482419966326941,-0.009364040600404546,1.4680545452162452
CSX,2016-05-18,7.263688052308529,7.467853481742298,7.260812691453482,7.404590606689453,25047000.0,0.012898642777225472,0.027961139418264662,0.0193982111244635,-0.006293931026706106,7.400851821899414,7.606598210334778,7.477104478209476,-0.026556891538041975,0.11355602741241455,0.015339920361370557,0.17951761718084747,0.013830648259600935,0.1304856577788325,31.507006975173468,-0.04989075426571432,-0.047831777503445555,-0.1207742691040039,1.1189664068834728,-279143700.0,0.0626623479440647,-0.7569683062857634,0.23247518928930422,-0.03864855496263958,0.0004791082195840337,1.476158428535515
CSX,2016-05-19,7.2981935607709945,7.393087033871349,7.263686768488427,7.347078800201416,19928400.0,-0.007797368052322338,0.01761247822459369,0.006698265676754294,-0.014369065296106645,7.3867615222930905,7.588626098632813,7.4647210803039465,-0.031830175224328745,0.09288086891174352,0.015136516457179776,0.1782853017827133,0.013717347027636701,0.1336100741764562,30.803705108867646,-0.05304018640397867,-0.040784967713367926,-0.14090299606323242,0.8918323659106516,-299072100.0,0.23427458315653504,-0.589944465981616,0.1586739983884936,-0.16060782943480809,-0.004226191102052117,1.540453110414267
CSX,2016-05-20,7.352826724305893,7.482227777657643,7.349952187437551,7.424716472625732,16592100.0,0.010511706380512428,0.017815574602448536,0.009777157957795601,0.0007823414258629308,7.376984071731568,7.564039850234986,7.460911117667926,-0.01841917551570343,0.06524659156799384,0.013827977706403066,0.17561488833107688,0.013587043209174369,0.1288553612108509,33.189607727374735,-0.04870992504935234,-0.029163765086993275,-0.09777450561523438,0.7796103428371265,-282480000.0,-0.013374173550133497,-0.7846033267450401,0.2583014146282079,-0.1021389080140226,0.007096552512494715,1.4084513632969597
CSX,2016-05-23,7.393087895051478,7.439096956787576,7.347079656022298,7.355705738067627,14108700.0,-0.009338195494354834,0.012509649521332267,-0.005056365826364971,-0.0042599037540175955,7.369220018386841,7.541610431671143,7.450891557705993,-0.024650529921673672,0.04580772399902333,0.01366491470020015,0.1589776144533515,0.013222282480590068,0.12783439861725693,38.11882752724292,-0.05026730110321864,-0.024576912912687657,-0.07764053344726562,0.6715972444363204,-296588700.0,-0.047729924850022976,-0.6770887901311807,0.16974439118664192,-0.059581652192123594,-0.000525241748073104,1.3925847475982362
CSX,2016-05-24,7.3557052574875375,7.413216580900197,7.260811779533364,7.321198463439941,25575000.0,-0.004702263874893712,0.02081691981550562,-0.004691160512783028,-6.533432774699457e-08,7.343052530288697,7.510123062133789,7.438539834442559,-0.02515599240262914,0.018461151123046804,0.012679389729898934,0.15774525670990971,0.013189479464720573,0.12002733050016967,40.63320093701243,-0.05366733785528677,-0.022381559731804626,-0.2616748809814453,1.2135628639798883,-322163700.0,-0.04176067708295865,-0.3827410621025671,0.12546343188841072,-0.1439144139265216,0.013790752185390203,1.0700562353454715
CSX,2016-05-25,7.33845177975604,7.4477228755597675,7.332700236446997,7.42759370803833,15211200.0,0.014427905552851237,0.015485854993426744,0.012147239084979486,0.0023566245884819492,7.3413269996643065,7.481367373466492,7.4374973462135845,-0.007187678768305953,-0.009604411125183177,0.013148936547460452,0.15651286480540122,0.013085046616719805,0.10354016220475806,47.39448897271972,-0.04723222078019429,-0.012757154125369714,-0.017255306243896484,0.7294962269172943,-306952500.0,-0.00456480208131392,-0.5593775346165318,0.3141604300046212,-0.0993686527998456,0.006498875168427972,1.1121336929170598
CSX,2016-05-26,7.410219202273237,7.511570496871168,7.404427297320123,7.465238571166992,11508000.0,0.005055444471360418,0.014352280711411449,0.007424796405061395,-0.0023391836505933287,7.3534304141998295,7.461107802391052,7.440139367637718,0.0005536401410278486,-0.028603987693786692,0.012919503305953883,0.15471757038983774,0.012867038551114564,0.09148122069482262,47.536447413830956,-0.03864919443724801,-0.003339302225938749,0.12103414535522461,0.5676680769577963,-295444500.0,-0.20812988181671874,-0.3703109654670552,0.3720863456909285,-0.053910347692151764,0.0006714170789789023,1.0871200497448577
CSX,2016-05-27,7.479717360004844,7.505779690511495,7.433386261113515,7.497092247009277,18014100.0,0.004257855858581797,0.009656200966028976,0.0023229336307999783,0.001939494458190919,7.380796909332275,7.4438786745071415,7.44556345138739,0.00714863511738511,-0.042277092933654004,0.013005315858681919,0.14961862034848966,0.012652608141966542,0.07833263606927096,52.88522259281337,-0.02894312051803727,0.005093417354617595,0.2736649513244629,0.9194425495784976,-277430400.0,-0.29708110744887745,-0.4105810260097889,0.42110109000897356,-0.03484208017898546,0.004723234273230503,1.1461400110393134
CSX,2016-05-31,7.528945156276918,7.691106891352883,7.5057791941232095,7.6534624099731445,25884900.0,0.020642903087374806,0.024214883055827724,0.016538472669364052,0.004248701792397872,7.42063717842102,7.432886457443237,7.46536335220508,0.02967567899668701,-0.05094285011291522,0.013937899687189505,0.1503315336192737,0.01273057040260902,0.06305584252492168,53.17528002162097,-0.008534837404523543,0.02040136037450506,0.39840269088745117,1.3034689983669436,-251545500.0,-0.1844162443456273,-0.6077841326780212,0.9999999767460855,0.07776906735549258,-0.0014828125399950498,1.1104361705763746
CSX,2016-06-01,7.581067785911817,7.6100248197823905,7.491298661168966,7.592649936676025,17795700.0,-0.007977482314708942,0.015636985716926285,0.0015277730118350259,-0.009459068351468019,7.448932695388794,7.430930972099304,7.477485884059456,0.021762948032207886,-0.05142596721649184,0.012241520337789602,0.15164474859140936,0.012425215799180395,0.06134379938477345,57.14477363200708,0.0027006838305627667,0.025309505287673097,0.2829551696777344,0.9220402738810436,-269341200.0,0.2146262568121341,-1.165515824676075,0.8585871714601024,-0.1381512323985943,0.0030655650172126407,0.862725011411312
CSX,2016-06-02,7.546319752224546,7.662148730063122,7.546319752224546,7.650566577911377,15519900.0,0.007599041827093361,0.015139921554698439,0.013814260342745254,-0.006101978207592961,7.473530292510986,7.4371910572052,7.493969759664401,0.028690337395522104,-0.04651974678039572,0.011911576133408732,0.14554032520269036,0.012227478286594422,0.0659049514862238,65.44785428301864,0.01609279653402762,0.03096129439291036,0.24597597122192383,0.8090297054476929,-253821300.0,0.03685979862578311,-1.0905632609955496,0.9932660336372292,-0.1940434428029662,0.002479315221970665,0.7972735166705879
CSX,2016-06-03,7.650567466127425,7.7461268603145825,7.583964284161516,7.714273452758789,14571600.0,0.008292600482473473,0.021021108098660174,0.008326962269585817,1.160980744656874e-07,7.510249757766724,7.448505640029907,7.514951063768628,0.035680688929144014,-0.040766239166259766,0.011938255612855598,0.14274556788450113,0.012289840757032324,0.07360421234083302,76.2616379901962,0.03148382873643296,0.03708186127625256,0.36719465255737305,0.7699715532827068,-239249700.0,-0.12815208367693645,-1.095997327319262,0.9999999796270183,-0.16729276907711793,-0.002013036525601569,0.7423028207495117
CSX,2016-06-06,7.728750689427678,7.760604091692883,7.598442370953765,7.673731327056885,23602200.0,-0.00526932764696467,0.021132056079074698,-0.00711879119688201,0.0018766818103540077,7.535151243209839,7.456067657470703,7.530072993605605,0.029192823829608236,-0.03617155075073253,0.01200911426670603,0.14775575486541534,0.012388174038933202,0.07794066915585295,72.18855538786721,0.03994940999302088,0.03643795402627238,0.24901485443115234,1.2169143578384667,-262851900.0,-0.0005553801817639526,-1.159978340085076,0.9174035809557534,-0.1717172216562676,0.00576567472024554,0.6907318155336426
CSX,2016-06-07,7.7345436353408,7.751918523861089,7.63608869532678,7.665045738220215,19828200.0,-0.0011325009455475427,0.015111433446084505,-0.008985390786734226,0.0079247377438791,7.566085243225098,7.467652630805969,7.542927540711758,0.026433086429321656,-0.030543370246887136,0.011635807119515191,0.13898130325427743,0.012282035668798557,0.0816520760445689,69.79691048919469,0.045433856483512614,0.03353792041341129,0.3093400001525879,1.014440591130283,-282680100.0,-0.07468856735362657,-0.9496534691951719,0.8997084466768278,-0.07634598239661056,0.003206114289732592,0.6552330599364837
CSX,2016-06-08,7.662149402626205,7.89380986407827,7.63608790103692,7.8185200691223145,22855200.0,0.01982480771643706,0.03296301099989143,0.020408198571867268,-0.00037786279337749404,7.615817403793335,7.479434967041016,7.56917444817943,0.04533565751631187,-0.026234455108642862,0.011628026774911792,0.14260138702231556,0.012698516755866777,0.09087135557665237,71.647457410713,0.06145598931601981,0.03964804259673479,0.49732160568237305,1.1558958898664144,-259824900.0,-0.07704755162423765,-0.9521388506273609,0.9999999831958977,0.06916378635072999,0.0027420707836657014,0.5048074707999458
CSX,2016-06-09,7.801147844450371,7.853271693895731,7.705588420361105,7.833002090454102,15732000.0,0.0018505580884746896,0.01885398112105765,0.004083276799630326,-0.0022219326059609865,7.656358242034912,7.49884262084961,7.594300890300827,0.044561472549830894,-0.012231874465942205,0.01065492479151315,0.14308563240328706,0.012694618960410938,0.09978105485838408,76.61019551562762,0.07446385019626334,0.04212472278158265,0.4054083824157715,0.7907623754537949,-244092900.0,-0.039675661488391314,-0.7851435108533636,0.9999999835951224,-0.09888648869728921,-0.001792957137638302,0.2602445218306039
CSX,2016-06-10,7.725856754406503,7.795354649141893,7.705586327988617,7.754814624786377,13197000.0,-0.010031952880598518,0.01157581779793333,0.0037481759370386622,-0.013678706428302148,7.685315847396851,7.51937313079834,7.609587912632785,0.031311319426841615,0.0012941551208500712,0.010399640263938921,0.14253325990394833,0.012255713835616454,0.10196135827563986,68.06600011691414,0.07756942655690668,0.03618423931378079,0.28957605361938477,0.6820609746076095,-257289900.0,0.014796649401867748,-0.7702517337716855,0.8717344039550369,-0.2909177534185779,-0.009759764084902171,0.37213111387570097
CSX,2016-06-13,7.7490216286445195,7.809832070858859,7.691106724516542,7.699793338775635,19461300.0,-0.0071204030028898385,0.015419289988527908,-0.006352839394190189,-0.000747019293451782,7.705585956573486,7.543191432952881,7.6181789055987705,0.020760696213890206,0.018460712432861293,0.009675056113555082,0.14444097744516535,0.011857729771555685,0.09668596865824082,69.12447696859638,0.07472942594336907,0.026675390960194542,0.20270109176635742,1.0243514606691895,-276751200.0,0.2535683731970184,-0.9694906440593566,0.7695120379248443,-0.20546370353774332,-0.007689712457174469,0.25240109691546836
CSX,2016-06-14,7.685315945458503,7.775083428967178,7.598443171667963,7.641879558563232,17634300.0,-0.0075499009390936405,0.02311476593494301,-0.005651867431805226,-0.0018802314140335275,7.704427671432495,7.562532424926758,7.620436110643006,0.010492137974171142,0.029662771224975515,0.009963139450142072,0.14617208144033553,0.012134250665087998,0.09006256510009668,67.37155063969603,0.06703283415293271,0.015183039335806545,-0.01158285140991211,0.929698849442119,-294385500.0,0.3576959853300703,-1.0794863383908126,0.6347795460294117,-0.1367717751599048,-0.002089467368739282,0.31766790585828275
CSX,2016-06-15,7.682419578780026,7.763501276173955,7.633192115488145,7.641879558563232,16797900.0,0.0,0.017051977813467362,-0.005276985954889928,0.005304980261219351,7.709350633621216,7.579141664505005,7.6224783437782655,0.008277704367507048,0.037500457763671946,0.009911046955152096,0.1464424206236201,0.011543864666404521,0.08455777196946465,63.12043154158866,0.060238833927912516,0.006711231288629077,0.04922962188720703,0.910789240607735,-294385500.0,0.48195789438724,-0.9526685610584187,0.6265705671693353,-0.15506346867327225,1.654483968977958e-05,0.4783444625007167
CSX,2016-06-16,7.575277080584336,7.665044562569842,7.485508770118674,7.6534624099731445,16897800.0,0.0015145596153245896,0.02345811383580026,0.01032111809998337,-0.008715457691853253,7.709640216827393,7.591585254669189,7.625429207225396,0.008150755504708061,0.03979055404663079,0.009585117318877215,0.15161332011648604,0.011363787077098737,0.08195647538056221,61.904624036885174,0.055153404987414945,0.0013006418785052043,0.002895832061767578,0.936904568836105,-277487700.0,0.650808817820998,-0.5322881166862028,0.6492020034707379,-0.10149983923218021,0.0037370070951858792,0.4836403260709495
CSX,2016-06-17,7.659254818016824,7.7837720933633685,7.6187147914390545,7.746127605438232,26124900.0,0.012034906621625999,0.0213083633954641,0.011342198358129852,0.0007568349765631938,7.712825632095337,7.61153769493103,7.636924292769476,0.01768235485410963,0.04641345977783207,0.00958246999990918,0.1582321681540814,0.011480297858531456,0.07774413738671747,64.62572384401992,0.057932661096918636,0.003263918390407114,0.03185415267944336,1.4240417320774463,-251362800.0,0.43569163372802794,-0.8090914234393023,0.8302581522814274,-0.05744658417848033,-0.0012085764952964487,0.35274351230295287
CSX,2016-06-20,7.841686032419501,7.937246252380545,7.8185200691223145,7.8185200691223145,19536000.0,0.009302232497156646,0.01518525017632376,-0.00295420693986123,0.012336283605008136,7.72730450630188,7.63122787475586,7.654219128612604,0.024542864849576598,0.052361507415771946,0.00953339754105783,0.15802531119684618,0.01140859129598248,0.07756083241743972,60.754580042862855,0.0652248370766344,0.008444875496098299,0.1447887420654297,1.0564114294242704,-231826800.0,0.45072477151696905,-0.7550142660541419,0.9717039304052728,0.042863426619265454,0.006479915634707271,0.33561232468417135
CSX,2016-06-21,7.740333224412465,7.772186624846105,7.630294505998089,7.711376190185547,22872000.0,-0.013798621339892878,0.018400362704209104,-0.0037410578314109096,-0.010000210272354818,7.731937551498413,7.649011397361756,7.6596626582862175,0.00815331414531577,0.05699292659759525,0.009868755300302767,0.15988686936256385,0.011553544453843288,0.0699753117932094,57.29532611810373,0.0616476873213232,0.0038941805926296716,0.04633045196533203,1.2081796168815528,-254698800.0,0.31881491346913815,-0.695396741344198,0.7623582532978568,-0.0791632414577577,0.003849730452489555,0.21320284144601223
CSX,2016-06-22,7.731647478745481,7.7663964245282395,7.676628935949611,7.688211917877197,15231300.0,-0.003008429786144155,0.01167599040420496,-0.0056178920453486166,0.002628751089297663,7.718906736373901,7.667362070083618,7.662381635390121,0.0027192987109518458,0.06530026435852054,0.009811903005141178,0.15802533441542474,0.011319898259450742,0.057090809646283484,52.416378040673315,0.05629467718847625,-0.0011670636321738231,-0.1303081512451172,0.8271687907558336,-269930100.0,0.3080718029556432,-0.6557313428389183,0.6428535144175975,0.02877874174985047,-0.0033071252465929324,0.6006006288980047
CSX,2016-06-23,7.769291775755645,7.8329994175432045,7.757709622587249,7.8185200691223145,11438400.0,0.01680705112603707,0.00962967342800563,0.006336265233375398,0.010545996747294964,7.7174585342407225,7.686908388137818,7.677251962412235,0.017121536297687052,0.07817831993103042,0.009981367980320035,0.1567842575234919,0.011200608176132764,0.051383173702373844,56.164328713820474,0.06185414083399188,0.003513920010673445,-0.01448202133178711,0.6276167501639905,-258491700.0,0.3273096661324134,-0.7025240219658542,0.9606213499205324,-0.03603317503847133,0.015672331212797836,0.6605098541693387
CSX,2016-06-24,7.49130225397313,7.627402532486144,7.387055390778562,7.442074775695801,40453200.0,-0.0493456095047497,0.03229571711540765,-0.006571284485447162,-0.04185163077619589,7.686184549331665,7.685750198364258,7.654854135105908,-0.031704832499021125,0.07851336479187054,0.015082560876235477,0.17602018306668007,0.01184141131078161,0.05286485320911775,40.19622918697267,0.035475131498489354,-0.018292071459863266,-0.31273984909057617,2.0563434192938885,-298944900.0,-1.5404739043417268,4.673904516676404,0.0,-0.2811462521440125,-0.03655094861267621,1.1432609170977317
CSX,2016-06-27,7.35809680903159,7.407324277046159,7.0743133263682925,7.088791847229004,30295500.0,-0.048634754011219306,0.046977109478541154,-0.03659981226015286,-0.011284214307878853,7.625084400177002,7.665335178375244,7.600943441022394,-0.07521436672107079,0.06544951438903812,0.018380348940809876,0.19401529883762292,0.013292198361497217,0.08536595308548184,31.11960174828802,-0.01377857246255676,-0.05403662033672751,-0.6110014915466309,1.4933848750878973,-329240400.0,-1.384079138937275,2.260032546816048,0.0,0.27189263718881557,-0.019789711837401566,1.3552578175810037
CSX,2016-06-28,7.166976891027855,7.279911171758647,7.132227945301474,7.2683281898498535,25495800.0,0.025011381311388844,0.020318733909595734,0.014141429554332372,0.011029389137644598,7.587729263305664,7.64607846736908,7.56926579805358,-0.04940444688494091,0.050758376121520676,0.018705268492283825,0.18925796751535806,0.013173021791369692,0.09739379241946662,32.276184285066506,-0.03788864854818019,-0.06251735713788076,-0.3735513687133789,1.2579951359376642,-303744600.0,-1.2735405321630349,2.12241328238305,0.24124411326344103,0.030653870325856414,0.020195315884989413,1.3447268258556972
CSX,2016-06-29,7.349407961848933,7.450759245482701,7.3175545592531615,7.436280727386475,19154400.0,0.02284451664937197,0.01791281032989667,0.01182037600695204,0.011155216148922217,7.5671693801879885,7.638260006904602,7.556600553228142,-0.026443100828663642,0.04610184192657485,0.01949370126566576,0.1917399519509453,0.013226427112656145,0.10040632997433528,38.37001086137558,-0.04294860660609601,-0.05406185215663725,-0.2055988311767578,0.9419450114077024,-284590200.0,-1.2587714088304816,1.9152549232166134,0.4669229947472484,0.13667134989394455,0.018021863732524363,1.35692478983577
CSX,2016-06-30,7.450760674245518,7.5521111488342285,7.3117648855156,7.5521111488342285,24242700.0,0.015456324916815688,0.03182504316766174,0.013602701659582375,0.0019472028275796906,7.557034254074097,7.633337235450744,7.556172990904912,-0.010640966606229,0.04265699863433792,0.0197550500632975,0.19980641629759846,0.013770182546261096,0.10095793486213037,44.18601152458069,-0.037183484779786724,-0.03863738426426238,-0.10135126113891602,1.1671369117212702,-260347500.0,-1.2475113068059471,1.7850969394438905,0.6225650608781477,0.17484903370635668,0.0136980045915951,1.34425500785065
CSX,2016-07-01,7.560798143458154,7.6853162323963415,7.557902605151741,7.589756011962891,14529900.0,0.004972298368365008,0.01678757881594256,0.003830001536252092,0.0011502736721858723,7.5413970947265625,7.6271113634109495,7.559371373862814,-0.0048977063095291,0.03876642704010003,0.01969084393100228,0.2008406832418696,0.013659646148779313,0.10065086488207345,46.81210709960803,-0.029239898999283476,-0.024555038787007304,-0.1563715934753418,0.6995955510616785,-245817600.0,-1.2354227046928377,1.8000371101063104,0.6731487003342354,0.19119058368797998,0.0005916243394456771,1.3541585684769601
CSX,2016-07-05,7.540529185405839,7.56659068933099,7.392845949029529,7.43338680267334,20156700.0,-0.020817861947554556,0.023373563748757924,-0.014208867852387076,-0.006485956396946154,7.502883768081665,7.615094137191773,7.54737284327334,-0.023861469240541947,0.03641029357910153,0.020173861893710954,0.20228852650145152,0.013721359677309324,0.1031216625008488,44.285735569372015,-0.03515697072142476,-0.024377688407318875,-0.3851332664489746,0.9786361666721287,-265974300.0,-1.0780096187405643,1.161488163928794,0.46303440990097183,0.17130800899550644,-0.007818429504531753,1.3959699393671663
CSX,2016-07-06,7.384159115398594,7.523154919131596,7.334930813549567,7.520259380340576,15844500.0,0.011619046476629981,0.025028937974411216,0.018431383020737546,-0.006622511189252451,7.483772087097168,7.60785481929779,7.544790608708315,-0.011513815791413737,0.034851670265197754,0.020385135495580672,0.20642530827975283,0.013991637966314049,0.10360319987795279,46.818209716526056,-0.03246219769014402,-0.017346332300830505,-0.1911168098449707,0.7767848475845617,-250129800.0,-1.1342286977336384,1.1499362475914123,0.5797656391346013,0.13627570404472436,0.0034712026603907656,1.409329442467793
CSX,2016-07-07,7.50288338071932,7.598442763977589,7.471029976806521,7.494195938110352,13299600.0,-0.003471783405603013,0.017001528679432328,-0.001157880533141829,-0.0023105585515681287,7.464370489120483,7.591638612747192,7.539972068651366,-0.01283552597896635,0.027770462036132315,0.019793254742430752,0.2027022364740314,0.013455603719094099,0.10120761108495721,45.86465122797842,-0.03206010369608059,-0.013555390645413657,-0.1940159797668457,0.6676586464897167,-263429400.0,-1.108800516636927,1.2947384524957122,0.544744027812698,0.12520976390614214,-7.617831334507482e-05,1.3937250523164804
CSX,2016-07-08,7.592651933877816,7.731647721370645,7.549215543166246,7.682420253753662,29651100.0,0.02480578869391519,0.023746706399622067,0.011823052163804179,0.013137632986987254,7.4507605075836185,7.58410952091217,7.553538562470632,0.01296272589028591,0.02664711475372261,0.020690284707916708,0.20787327085517276,0.013595446585148704,0.09754220758663516,48.42404551446768,-0.016364670359429567,0.0017120341529898928,-0.13609981536865234,1.4382765768735162,-233778300.0,-1.0281283230430631,0.9796987265714294,0.8134924490785622,0.11974650947757788,0.016741197550101797,1.4137222835429502
CSX,2016-07-11,7.682419148841636,7.786665974468119,7.676628072769116,7.722959995269775,22305300.0,0.00526307490498095,0.014248151196743178,0.005277093795936915,-1.4382342925504458e-07,7.478849029541015,7.58251678943634,7.569673937022932,0.01852197756147338,0.028003783226012935,0.020613676363974643,0.2020817890520792,0.013640740985979267,0.09681585023051392,47.59824238955252,-0.0006472469649336787,0.013943566037988625,0.2808852195739746,1.0585716095909428,-211473000.0,-1.1563628419246668,1.2450852148277225,0.8690470237055178,0.12457341669692665,0.003658101682958523,1.4334438665524363
CSX,2016-07-12,7.812726971211357,7.870642699091953,7.760603975990921,7.824310779571533,26496600.0,0.013037943632255815,0.014063695346602595,0.001482684394688372,0.011623389995100717,7.552400922775268,7.588742661476135,7.593925064884703,0.03104178499703879,0.03457693576812737,0.020742821629460468,0.19918587053050438,0.01361663813805406,0.1000019347826057,52.84672943612062,0.019759312527359185,0.02748010042422519,0.7355189323425293,1.2368356377604428,-184976400.0,-1.2803352398154426,1.4263861163233942,0.999999986404157,0.12460119770884477,0.008976829189352515,1.4555429416574894
CSX,2016-07-13,7.867746719342183,8.252880571604228,7.749020560879425,8.168903350830078,65777400.0,0.04309901781882812,0.061680251202091085,0.038277367362059035,0.005551407784575245,7.642458438873291,7.615093851089478,7.648684901641405,0.07272523629651231,0.05501619338989272,0.022735316111650947,0.2287639078266597,0.015730708525012984,0.12073280710754793,60.42708642991269,0.06301104644619304,0.05658546747444724,0.9005751609802246,2.76027117022415,-119199000.0,-0.9524524559904175,1.2545904842440947,0.9999999907416968,0.16694239276931466,0.00016913408698456743,1.4225960810563192
CSX,2016-07-14,8.18917721507263,8.5163962756755,8.1109918731869,8.412149429321289,57042900.0,0.029342350432842834,0.0481927248077081,0.027227669934687174,0.002481834264876264,7.7400453090667725,7.65360734462738,7.72139580903949,0.09910909333836998,0.07792189121246285,0.023451686126176527,0.2473794008854163,0.016887473819648984,0.15207316794346395,62.27546244575079,0.11558390353920878,0.08732665965397038,0.9758687019348145,2.2073460953552897,-62156100.0,-0.9980790527512418,1.08732998528605,0.9999999924434635,0.24969237335562058,0.005597950861876263,1.4417696376160762
CSX,2016-07-15,8.412151843326148,8.420838461654883,8.21813661648211,8.25867748260498,26606700.0,-0.018412557861727186,0.024544104743128542,-0.018244364055664056,2.869664738366414e-07,7.810701942443847,7.683868098258972,7.772565492236204,0.07480729458073988,0.09351639270782464,0.024018980439291616,0.23103919851606067,0.016904521323062374,0.16704793904937154,68.60161687451475,0.14321349208156153,0.0919649985570585,0.706566333770752,1.0105954763691307,-88762800.0,-0.8451607518035656,0.5439341077359992,0.8840283551223197,0.1852782231423311,-0.001502698964765376,1.4640078275339872
CSX,2016-07-18,8.299212435194164,8.302108801342957,8.215236043439646,8.244193077087402,20842200.0,-0.0017553805787294107,0.010537448248847009,-0.006629467378548254,0.004908165099625362,7.876145648956299,7.708771371841431,7.817482405079175,0.06945616615402003,0.10329544067382823,0.023975371564057282,0.21097572055718944,0.01671746983751606,0.17872731272179646,81.12310510212733,0.16207309187167152,0.08865967867773478,0.6544370651245117,0.7996666616788695,-109605000.0,-0.7564278831334724,0.4581440256584746,0.8730831611670883,0.18793122158915562,0.002522398035352302,1.4789021663083992
CSX,2016-07-19,8.1833842884143,8.223925137845454,8.137052362481661,8.194967269897461,18957000.0,-0.005988864793653878,0.01060074708082139,0.001415426805699323,-0.0073759539720271656,7.952303695678711,7.727593731880188,7.853433344585678,0.06048112183862917,0.10866827487945585,0.02401990402583285,0.2049772484197679,0.016655672466997534,0.18668624684473153,76.8455844586782,0.17107529977330937,0.0781295092634981,0.7615804672241211,0.7281447117035521,-128562000.0,-0.6502701451392509,0.3191642263727724,0.8358855000933998,0.20360145585942366,-0.0007100449060358261,1.4827388281283331
CSX,2016-07-20,8.218136929389154,8.296322296688379,8.142847101643088,8.28763484954834,18238500.0,0.01124440854173003,0.01851857590632803,0.00845665152045015,0.002827303481345386,8.029041242599487,7.756406664848328,7.894785868867837,0.06848895469954064,0.12039543628692595,0.02377458462177871,0.2029089726635138,0.016660639025692908,0.19684365609484866,75.78948584800051,0.18357102115245993,0.07250018451411892,0.7673754692077637,0.7068368252742852,-110323500.0,-0.8243095792416065,0.6575376429094966,0.9059100952629997,0.18807730974193435,0.004033225693122286,1.4955329751152555
CSX,2016-07-21,8.223923573956666,8.29052508345953,8.171799752954392,8.206548690795898,14269200.0,-0.009832170447270886,0.014467145078697275,-0.0021127242981428276,-0.007687509977004561,8.100276517868043,7.782323503494263,7.924477566194319,0.054511379167308874,0.1338387680053712,0.023925777553351745,0.19422176317683584,0.01670004485546014,0.20262211797222654,70.25069784200898,0.18480072727664254,0.05898391251064122,0.7123527526855469,0.5540386909199344,-124592700.0,-0.7710488787202197,0.504012835331193,0.8446370431137007,0.18736895018675132,-0.005886890763288772,1.5014411652367634
CSX,2016-07-22,8.226817889268611,8.255774918927248,8.18917341932042,8.247087478637695,12552300.0,0.004927648752361913,0.008075760052181358,0.0024638432066819583,0.002469880973891721,8.156743240356445,7.803751873970032,7.955202319760355,0.05681057161061734,0.1392223691940302,0.023721408016345053,0.18946436432288685,0.01668509596311159,0.20897937846308218,70.30388278301956,0.18689204446927654,0.04886018376262019,0.5646672248840332,0.4863239195562284,-112040400.0,-0.7173004927878779,0.5427937763623866,0.8752703262746816,0.29255971092779953,0.005375425540484568,1.528512492924275
CSX,2016-07-25,8.235508169565119,8.255778596443522,8.166010273250835,8.215238571166992,15195900.0,-0.003869313134736209,0.010927050068606158,-0.0024612444042049716,-0.001404048290086695,8.205971097946167,7.842410063743591,7.979967677037178,0.04754004246054825,0.16045987606048584,0.020557391778050316,0.18181138291283863,0.016188283256777677,0.20823289200271936,76.16265933790997,0.18386006338926908,0.03666256214609018,0.4922785758972168,0.6190353397526694,-127236300.0,-0.5671147948271953,1.149236966303383,0.851203582968854,-0.024077425559432764,7.022482612536848e-05,1.7096727832639709
CSX,2016-07-26,8.215236990192958,8.322379352605159,8.206549547705452,8.316587448120117,15413100.0,0.012261216219242997,0.01392756411476076,0.012336887913050803,-1.9244408067502027e-07,8.255198764801026,7.903799843788147,8.0120267028546,0.052226474922235436,0.19998645305633556,0.016435983372988162,0.17664036143553,0.015081298506231978,0.19248099582999434,76.39138532802815,0.18747411895658672,0.03222129417072625,0.492276668548584,0.6475115728341817,-111823200.0,0.20139769261497822,-0.11068215267410328,0.9164537367658352,0.1527430569967651,0.004376603488877651,1.4170191643928056
CSX,2016-07-27,8.331065888523598,8.345544405440512,8.11678035853718,8.168903350830078,28655100.0,-0.01791733713006026,0.028004254314024323,-0.019464800766598924,0.0017409112203532397,8.255198764801026,7.948828601837159,8.026967335995122,0.027686437840923526,0.22673833847045977,0.016883022792268696,0.18387973713069158,0.015290584312277615,0.17788893581907372,70.69261025420239,0.17638811918754094,0.016908235521344378,0.0,1.1958781473072178,-140478300.0,0.3407225770372205,-0.05643050179707803,0.7514759152185495,0.06935955934464406,-0.0035083246688213704,1.6243317131066253
CSX,2016-07-28,8.145741860728684,8.258676165800702,8.116783985475173,8.209447860717773,14219400.0,0.0049509980808428,0.017284010171315357,0.00782077324303898,-0.0028353242909944063,8.234928607940674,7.987486958503723,8.044346433587755,0.027788577730038597,0.2474016332626343,0.016395345581837507,0.1770540512067799,0.015275779574124983,0.1684441177835353,67.7733998734764,0.1689267056935737,0.0075574576219016865,-0.20270156860351562,0.5996001232141693,-126258900.0,0.49013597530648834,0.39979064759204325,0.7929001669927606,0.031333353168095456,0.0006952959443303287,1.7711324099532575
CSX,2016-07-29,8.200758750852057,8.232612987101998,8.145740207453727,8.203654289245605,11881500.0,-0.0007059691287918551,0.010589522252559422,0.0003530817673728179,-0.0010584280469450723,8.229426288604737,8.020064115524292,8.059518610317074,0.022891359854086617,0.26399751663208004,0.01625055464217815,0.1753993996317276,0.014714449536543488,0.16123160446354756,66.5998887510444,0.16069361300173224,-0.0005405080559518216,-0.055023193359375,0.5144231362471205,-138140400.0,0.6521077345965955,0.6714192395388973,0.7869808855906735,0.03016452813996587,0.0016544888741626225,1.980252702901224
CSX,2016-08-01,8.203651784046539,8.235505182088987,8.108092418399167,8.125467300415039,14632200.0,-0.009576459570728715,0.015680669059281338,-0.009530448840300998,-3.0537599203128544e-07,8.2175537109375,8.046849679946899,8.06579943794545,0.00976998746031741,0.2752153110504141,0.016538560026489995,0.17395154676513064,0.014692144233666892,0.15288109631526095,60.56897004707391,0.14617477929940037,-0.012047473406626985,-0.11872577667236328,0.6333775721954855,-152772600.0,0.7310203232534478,0.5633700831337951,0.7070973817634942,0.04954866143031053,-0.0017342144946392597,2.0307464974656986
CSX,2016-08-02,8.067553688092888,8.113885609514464,7.951723056058842,8.009638786315918,17704800.0,-0.014357575737067186,0.020245925912747546,-0.007178743893882962,-0.007127419283219951,8.199020862579346,8.075662279129029,8.060450804456924,-0.008175613408666642,0.2923294639587404,0.016106023964773772,0.15037184916737306,0.014610871518836508,0.1347226490026346,43.34153874124736,0.12389393377200975,-0.027462655147214105,-0.18532848358154297,0.7704685071519911,-170477400.0,0.8439617360137796,0.6795387321157315,0.5615130260145086,0.14525572235266299,-0.007672747080110347,1.9227311628225388
CSX,2016-08-03,8.035700621937716,8.189175739442076,8.015431026825938,8.166008949279785,16935300.0,0.01933462409431541,0.021276576317181415,0.016216174976245813,0.0032538091063885753,8.18685827255249,8.10794975757599,8.07050396110672,0.0071607734926509735,0.3084108781814576,0.016399033932683587,0.13423845992719866,0.014498043881412678,0.11786397876845707,38.903396950010965,0.11749950729869774,-0.027085665296420897,-0.12162590026855469,0.735236753111351,-153542100.0,0.7644514472220424,0.3474019674210635,0.7318595226045735,0.09248486924897738,0.0033602424180620835,1.9450433279235744
CSX,2016-08-04,8.11099087104194,8.163113873538897,8.079137464804806,8.122573852539062,11699700.0,-0.00533320795572824,0.010338645146063063,0.0014280599844436138,-0.0067374501521575625,8.178460788726806,8.139368653297424,8.07546299838599,-0.0020634033760785486,0.3238022661209108,0.0164501050438436,0.12596486273449908,0.014386264248416339,0.09353302497292816,43.18830286767604,0.10768569528132943,-0.029519581851031373,-0.08397483825683594,0.5097062317759012,-165241800.0,0.7706492529317506,0.32533004952375205,0.6031738999763626,0.09797927956282901,0.0018005431570652126,1.9318092939562226
CSX,2016-08-05,8.192074291961191,8.316590760460844,8.142845983912025,8.290529251098633,14648700.0,0.020466728359499184,0.020957018700078173,0.012018318636838377,0.008556455217751354,8.1828049659729,8.169774103164674,8.095945498644337,0.014780720544914834,0.3369490051269537,0.016180259095788456,0.13361801630724696,0.014308062430513016,0.07812836686980187,52.01022094350098,0.11216777526357014,-0.020030001495032534,0.0434417724609375,0.6597416915836962,-150593100.0,0.7907467311272425,0.5169049087844931,0.8235315568565705,0.05796529614034096,0.01010798252386389,2.2559564888162664
CSX,2016-08-08,8.264462359216802,8.362918082711962,8.238400038348141,8.247087478637695,14477700.0,-0.005253704096787753,0.015098426527711557,-0.0021023606647236647,-0.0031441770594291623,8.18598985671997,8.19598047733307,8.110339972929419,0.006235617745304308,0.347518401145936,0.016304908988484357,0.13485925414710984,0.014322220411561611,0.058864737196621816,52.27255716322061,0.11093567060589393,-0.01700968492216698,0.031848907470703125,0.6637398789949345,-165070800.0,0.8698245096377447,0.5315825557554426,0.719205333051996,0.022865692690017668,-0.00018401637467832917,2.2980671773927903
CSX,2016-08-09,8.270259604727881,8.290529207190893,8.168907450010622,8.18338680267334,10510200.0,-0.007754005640764257,0.014862032079497978,-0.010504241245931228,0.0028097344850783316,8.172669792175293,8.213934278488159,8.117296813857411,-0.003718982253707719,0.35174631118774347,0.01631785871689613,0.13258400858532277,0.01433491568145164,0.04058667387199496,45.336757503882055,0.10362458687288445,-0.019456614924141177,-0.13320064544677734,0.5001763195052203,-175581000.0,1.0500746190769674,0.823108995651082,0.43166066552554916,-0.05512217392043977,-2.8609417052854003e-05,2.519087660780307
CSX,2016-08-10,8.203652637305213,8.209444541406242,8.090718377895723,8.10809326171875,10359300.0,-0.009243368527030095,0.014642920311618608,-0.011648393686480237,0.002476460556068635,8.16658878326416,8.210893774032593,8.1164202850823,-0.012520014890334528,0.33961318969726584,0.01320871661737995,0.1325840680857072,0.011736721691448007,0.0419617076385301,45.5729314074097,0.09070930048884485,-0.025897521046544636,-0.060810089111328125,0.5678791651283283,-185940300.0,0.7857649870353363,-0.045714088839594796,0.24460091842965026,-0.5227986637734536,-0.0022902023666557577,2.6368101416790806
CSX,2016-08-11,8.108096809654894,8.18338662503318,8.093618285786908,8.13126277923584,13931400.0,0.0028535039419186163,0.01103990138844186,0.002857140229672698,4.375795923240534e-07,8.158770275115966,8.19684944152832,8.117833855954066,-0.008001447722120334,0.31479660034179613,0.011202720162090774,0.1342388423456675,0.009851186059667689,0.035905459801337095,44.709276137354685,0.08140504274785343,-0.02816142303002886,-0.0781850814819336,0.8660299841295594,-172008900.0,0.5610597221896954,-0.32217694475081504,0.3962356057937437,-0.4320863103545901,0.005249415784012184,2.2585966884389945
CSX,2016-08-12,8.096509439881912,8.14573771994023,8.073343482847399,8.125467300415039,10334700.0,-0.0007129944383553335,0.008909547527086085,0.0035765857803470797,-0.004274039629204356,8.15095157623291,8.190188932418824,8.118560850664634,-0.007902336873768616,0.2986380767822272,0.010498654666186602,0.13299783619567787,0.009368909939376877,0.03600192639474145,45.79938132221403,0.07272537193091289,-0.029472875077575525,-0.0781869888305664,0.6766686898567463,-182343600.0,0.634184461062424,-0.1398368864355556,0.3773546678612359,-0.4673018509627713,0.001021822145498476,2.1716919630864555
CSX,2016-08-15,8.13126203180043,8.197865223823932,8.108096064348928,8.110992431640625,13075500.0,-0.0017830084695882279,0.011067592558072025,-0.0024927987907084046,0.0007131566925504984,8.149504089355469,8.183528900146484,8.117840048852823,-0.0088637150782911,0.2840436649322511,0.01049879380892968,0.13113636152248478,0.00937909143211758,0.03645941880574213,39.528347711199196,0.06394159048343084,-0.030605325220046053,-0.014474868774414062,0.8784597477590056,-195419100.0,0.6345928186958497,-0.13960471896081675,0.3301973738116057,-0.47315885132816066,0.003852090104165303,2.127326156110911
CSX,2016-08-16,8.10519814677381,8.13705154979118,8.082032186121198,8.099406242370605,11283600.0,-0.0014294764090573868,0.0067930119842806395,-0.0007145913398194345,-0.0007143743402115857,8.158480834960937,8.178750848770141,8.116084448235469,-0.009701311100761435,0.2707521152496337,0.010429076549817182,0.11872602700581693,0.009314702327579933,0.03758371265440847,45.890547690128365,0.055406776923453194,-0.03131211102401897,0.0897674560546875,0.7781307442535483,-206702700.0,0.5820704633987936,-0.11882228245338776,0.2924510326988795,-0.4610789275743129,-0.004999100461714846,1.9251218236337333
CSX,2016-08-17,8.093617780670476,8.163115685076002,8.055972461090537,8.1602201461792,12627000.0,0.0074803917299980215,0.013129942828274356,0.008228998120937457,-0.0007146772895336794,8.157901954650878,8.172380113601685,8.120287848039634,-0.0014879346351312378,0.2544778919219972,0.010234797180952182,0.11624395869581239,0.009144618649008366,0.03548730100552598,47.157246628226524,0.05293979250736669,-0.02702327635208439,-0.0057888031005859375,0.8879540770150903,-194075700.0,0.6155151817868487,0.10004616712376004,0.4905750494966671,-0.42524279394996345,0.0005223073080462106,1.8679090144952994
CSX,2016-08-18,8.14863460620603,8.302109718322754,8.142842701748744,8.302109718322754,21739500.0,0.017238518123468192,0.01918392095234628,0.01883445749301804,-0.001419758262109288,8.175855541229248,8.177158164978028,8.137604216638026,0.015280559679019196,0.24958415031433212,0.010758976039268267,0.12141497561907943,0.009307977612741228,0.03807068021293653,54.913231526005795,0.06172249374829519,-0.014592460088924716,0.1795358657836914,1.489634842634001,-172336200.0,0.4205246355326118,-0.40912719269281356,0.9528333525202594,-0.30755089250233403,0.002993519276639267,2.024913496244757
CSX,2016-08-19,8.273151024516428,8.325274850711569,8.2528814301162,8.302109718322754,14346900.0,0.0,0.008719882421644704,0.0035003221530116087,-0.0034881126350828286,8.17701358795166,8.179909276962281,8.153271407274666,0.01493909494872218,0.24295310974121165,0.010711518576317802,0.11748502254090429,0.009318305179584239,0.03976742483416846,59.56111072683293,0.06790013724192079,-0.006731853276239291,0.011580467224121094,0.9770713194845261,-172336200.0,0.4992034372361942,-0.30267351889661204,0.9528333525202594,-0.28294611708330913,0.001860825250889245,2.0878722186246557
CSX,2016-08-22,8.278941297058966,8.278941297058966,8.206547890733523,8.23840045928955,10009500.0,-0.0077034593744099425,0.008787313348407622,-0.004896862571524283,-0.00279066671603432,8.176144886016846,8.181067371368409,8.161378936037988,0.007008020508643286,0.2344394874572755,0.01082441954326347,0.11190056420040673,0.009277193273072228,0.04009992660153509,63.122554640384436,0.06688416048650758,-0.006198264025322003,-0.008687019348144531,0.6939353193631144,-182345700.0,0.5218334037837349,-0.37225701053996724,0.7452766341323626,-0.2631026770345046,-0.0013975498556574872,2.106711807035464
CSX,2016-08-23,8.287632435830272,8.322381385789464,8.223926441811912,8.261570930480957,8893800.0,0.002808548678622348,0.011917218263454493,-0.0031446261101834004,0.0059759144732042515,8.183963298797607,8.17831654548645,8.170921030746841,0.010179892711594174,0.2204531097412099,0.010465763297262046,0.10610899211836346,0.00922376570225634,0.038177816520331115,56.47056848326115,0.0671743113231873,-0.004726490550913828,0.07818412780761719,0.6308424638732782,-173451900.0,0.6387535980622007,0.08072386997462465,0.8613920495361574,-0.18799103411616844,0.0028628675074636994,2.0334626208940563
CSX,2016-08-24,8.249983844387483,8.276045336776239,8.223922351998729,8.247087478637695,12917400.0,-0.0017546496148017415,0.006320168776252629,-0.0003510753238332695,-0.001402528186343319,8.197862720489502,8.182225751876832,8.178174978165018,0.007927149497920614,0.21225815773010304,0.009638193585809744,0.10362695642568706,0.008477401437371386,0.03886750371012037,58.77494125933533,0.06548074318410713,-0.00513604695199521,0.1389942169189453,0.9704009456552483,-186369300.0,0.8889075662111597,0.29086439457580643,0.8118710552661585,-0.16241271752607608,-0.004632194197888313,1.7362277307310088
CSX,2016-08-25,8.24709028227299,8.249986649007411,8.113886409296175,8.122573852539062,15593700.0,-0.015213024262711374,0.01675580206250664,-0.015098225613168644,3.399545964245888e-07,8.196993827819824,8.177882051467895,8.172879632867307,-0.006763144611373438,0.19830057144165014,0.010180126893582657,0.09949005155350525,0.008452232066352608,0.039281181665721754,37.39153717947983,0.053474943350074966,-0.013713477428821896,-0.008688926696777344,1.1654379781347253,-201963000.0,0.8678925225235142,0.27817599384505387,0.38614115114555514,-0.13409677535683545,0.00032943730395623027,1.751026663796647
CSX,2016-08-26,8.160219962572155,8.226822326582308,8.108096121200624,8.163115501403809,15324900.0,0.004978816890243046,0.014544227061502003,0.00035483588002950317,0.0046347513382503204,8.2007586479187,8.175855112075805,8.17194971558507,-0.0015581991727299388,0.18608057022094648,0.01025300257776026,0.09907634876906687,0.008556961867262418,0.03920612923584813,43.66862969274687,0.046693380502365045,-0.01639603222122546,0.03764820098876953,1.1307978208848837,-186638100.0,0.7657863799686816,0.06518440735988892,0.5247588496648101,-0.17063370893720478,-0.0007580433071465743,1.7244586116269676
CSX,2016-08-29,8.201002935977474,8.372950090368628,8.157287402287366,8.270947456359863,20499900.0,0.013123170183224687,0.026074725927007266,0.008528776410449185,0.004641295908057409,8.216754150390624,8.183129119873048,8.181378071849336,0.010731632753239278,0.18285818099975693,0.01042305995758621,0.10579355811913757,0.00900649842343544,0.04003583465714939,56.19001388832706,0.04945005125347457,-0.010911489176092748,0.15995502471923828,1.4805995374006684,-166138200.0,0.5302235764343073,-0.39700354808075017,0.893451733190772,-0.22157147954602532,0.00510785365683944,1.7545015077422155
CSX,2016-08-30,8.273857451370532,8.320487942032239,8.253456768044291,8.303001403808594,15003000.0,0.0038679964181706043,0.008073125696112782,0.003522414135045865,0.0003518333330035535,8.237113666534423,8.19779725074768,8.192961246321646,0.012833222125775147,0.1878366851806632,0.009801961019728264,0.1021010588675253,0.008657195868467313,0.03668946012739182,64.67606887934625,0.05360331273525709,-0.005406582155448182,0.20359516143798828,1.0942640303094289,-151135200.0,0.5477196745179641,-0.25897459265261574,0.9999999508829216,-0.06289293336302176,-0.002241401548981996,1.6292296308248106
CSX,2016-08-31,8.27386331673556,8.303007289833868,8.224319479653527,8.241806030273438,15782700.0,-0.007397566015794747,0.009547398942817678,-0.003874524540099788,-0.003509343869274456,8.245272254943847,8.201587104797364,8.19761313050753,0.004903797882308482,0.18101794242858915,0.0090663614804891,0.10130959250567313,0.008263713828236622,0.03678141637939503,57.872780892275216,0.05136474634655386,-0.006116118835321135,0.08158588409423828,1.1559915051357015,-166917900.0,0.6954628993090103,0.3032665170104617,0.6994261548398492,-0.008174231347482276,-0.0028060475981647372,1.5271730576052185
CSX,2016-09-01,8.268032786061703,8.270946932441928,8.139801173483407,8.21265983581543,12366300.0,-0.0035426522110407633,0.015968731395228863,-0.00669723399496202,0.0031821612510571353,8.236327266693115,8.206091403961182,8.199046150060664,0.0008004336694418714,0.17503328323364187,0.00901474970680907,0.10550612978179379,0.008424228782043465,0.03563390280662683,56.00987579011579,0.04670047800722621,-0.008624309739719026,-0.08944988250732422,0.9035541785079004,-179284200.0,0.6850008778398092,0.34810767023361766,0.5562685629767963,0.11086480394833381,-0.0007859996856075547,1.5688802699079383
CSX,2016-09-02,8.238887565882555,8.291345527953704,8.195172041620417,8.201001167297363,8917200.0,-0.0014206057352557611,0.011727042146609126,-0.0045984847204470145,0.0031935731652669,8.226216411590576,8.201614999771119,8.199232342178444,-7.484287835656371e-05,0.1629072570800787,0.007678281781280159,0.10596358170024255,0.00808603526315144,0.03431052008128022,56.228165686720914,0.04158390130110057,-0.010992709156675738,-0.10110855102539062,0.6654770886832625,-188201400.0,0.5435380545497654,0.6784934574374275,0.4990045893976515,0.22451020474905342,0.003769748401320629,1.1278169840227579
CSX,2016-09-06,8.19808824372505,8.238888794330084,8.166030132232551,8.195173263549805,14373300.0,-0.0007108858249306805,0.008890435840031664,-0.0003555682847736826,-0.00035519121542497455,8.221893692016602,8.199019289016723,8.198845763261431,-0.00046908359784817984,0.14524957656860238,0.007597956203417288,0.1072378173022105,0.007921399498505479,0.03392472054879584,56.67984200240269,0.03663639274178365,-0.012752174172794131,-0.043227195739746094,1.0730755706264292,-202574700.0,0.47564011478496016,0.771526669874858,0.47037962886250606,0.198787709674641,0.003098891268706751,1.0636086691865427
CSX,2016-09-07,8.23888663288401,8.399176314490607,8.218485946031349,8.396262168884277,23998500.0,0.024241272356293992,0.021520334265987876,0.019101553767244782,0.00533403845512714,8.235362815856934,8.20966305732727,8.217647325701702,0.02272920462801009,0.1297439384460457,0.00919336166100278,0.11415637637044883,0.008206039349083653,0.04003290107361628,63.76963012909098,0.04838391104544648,-0.0008037246953050414,0.1346912384033203,1.7057830726698346,-178576200.0,0.8598256528081702,1.2820488242484143,0.9999999663136263,0.09604874499587172,-0.002288602390473462,0.6364236877166092
CSX,2016-09-08,8.358373443885757,8.445803624325272,8.323401204949162,8.437060356140137,18131100.0,0.004847321980533736,0.014507709345356366,0.009414141732556853,-0.004512570502971235,8.254360103607178,8.22611141204834,8.238543804791076,0.02564382288608824,0.12281764984130916,0.008878301741699459,0.11152319085631314,0.008207032660910933,0.04521072934221892,58.92507543418809,0.06029097979897635,0.00888267524657986,0.1899728775024414,1.2540969234296813,-160445100.0,0.7912629429836894,1.5015485414423142,0.999999970383895,0.1324995907975896,-0.0027820809970074693,0.4148647062140435
CSX,2016-09-09,8.34671522281847,8.387515747392415,8.128138542175293,8.128138542175293,25314600.0,-0.03730201316018489,0.03191102167750531,-0.026187149652072167,-0.010708129313774344,8.254916572570801,8.225955200195312,8.228029017875288,-0.011891221826456862,0.10882428169250424,0.012380630207007843,0.12841807609698996,0.00910801321152813,0.04529435620417822,41.831889758138466,0.04428946753974472,-0.005695069610121423,0.005564689636230469,1.6846463833767396,-185759700.0,-0.9502858307085086,3.6910708786139392,0.0850938809333156,0.04273293412468756,-0.02535345939670789,1.293169277129011
CSX,2016-09-12,8.160199299774176,8.40792003320612,8.133970320311008,8.355462074279785,32418600.0,0.02758352989639177,0.032786901605166514,0.023928677147752157,0.003944415739535667,8.274151229858399,8.23745493888855,8.240165499437621,0.014325679019393448,0.10425700187683162,0.013859747075031894,0.14157662348567537,0.010065110304534133,0.045780558815439645,54.76419656677281,0.04938201784595009,-0.00048201544313285216,0.19234657287597656,2.0097267038004816,-153341100.0,-0.545806884879685,2.4436836891771243,0.7583376416393268,-0.28741419018194336,0.014142096361760108,1.4178364703940742
CSX,2016-09-13,8.308831810225294,8.41666354452581,8.279688684168681,8.332146644592285,32548500.0,-0.002794342227401425,0.016439324246174582,0.002806030366181944,-0.0055808121250445685,8.28027114868164,8.248512649536133,8.24892560849997,0.010139281905672445,0.10046689987182589,0.013874104099698133,0.14432804608421648,0.01019682641702028,0.04441860887820695,52.87196538925446,0.050949229331912704,0.0008681568342638057,0.061199188232421875,1.9029202841357538,-185889600.0,-0.5329427541294297,2.4097033456258306,0.6892864201490951,-0.2918039764944235,-0.01590088194972416,1.2477410469286518
CSX,2016-09-14,8.308828813372621,8.507004834013328,8.294257255600025,8.437060356140137,29891700.0,0.012512825491194361,0.025215841707055535,0.015433167014000085,-0.0027985382656218537,8.293677043914794,8.265395355224609,8.26684320351332,0.020769121565009898,0.09727613449096673,0.014074403725141568,0.15580123134391602,0.010710396544009126,0.045374572364772006,57.20068333852657,0.05996566854744323,0.00790767683983546,0.13405895233154297,1.65743595544307,-155997900.0,-0.6470775617286283,2.2453942767411714,0.9999999682021341,-0.29628953875929825,-0.00040062788774526426,1.259538718275116
CSX,2016-09-15,8.44871891897952,8.544892380693263,8.375860286396625,8.51866340637207,28418100.0,0.009625502446194936,0.019842560532465633,0.008278709241400473,0.00138182759720312,8.321362781524659,8.283317518234252,8.290826079976057,0.02841203269339198,0.09523021697997969,0.014126067981560759,0.15815350667144465,0.010897871605769553,0.05121137527058692,65.51807110073577,0.07285610591660685,0.016638491367199262,0.2768573760986328,1.5096369298242818,-127579800.0,-0.6598735476649764,2.1900523143451,0.9999999747531849,-0.301444284097635,0.011025681156301013,1.1867863725765537
CSX,2016-09-16,8.489522512720713,8.571124436073823,8.4137488812764,8.547809600830078,33671400.0,0.0034156117414115774,0.018411214351585617,0.00686576754134613,-0.003420829332164895,8.354877758026124,8.295602512359618,8.315300701009773,0.03040250398867308,0.08644293785095059,0.013676225646427911,0.1609141744868547,0.010871543507171138,0.058563035747498486,65.20740575978405,0.08445023496981818,0.02258609633632848,0.33514976501464844,1.7337575121433928,-93908400.0,-0.636111590090976,2.6913632474954396,0.9999999764836334,-0.29800327994403825,-0.004585100409989463,1.1385134150875158
CSX,2016-09-19,8.585697051044578,8.62358345450412,8.509923410321113,8.530324935913086,13695000.0,-0.002047609004177137,0.013324233840670307,-0.006449344159511807,0.00443241625443092,8.387810134887696,8.307013273239136,8.335779199571993,0.026882304786167117,0.08089560508727978,0.013696049830749435,0.15362827135126508,0.01095396946852026,0.06372011582586813,61.04224910659838,0.09117677038884509,0.0234501054042843,0.32932376861572266,0.7063480028841899,-107603400.0,-0.6094333472566973,2.6327523807845212,0.9588823974087656,-0.30732935988059756,0.0012725232774792928,1.1382106126757663
CSX,2016-09-20,8.597353829637267,8.606097101724105,8.477865501732975,8.480779647827148,17613300.0,-0.005825068905685523,0.01512026079158703,-0.013559309541065767,0.00785771869509759,8.41637077331543,8.319132232666016,8.349588766072484,0.01943080247317209,0.07785817146301355,0.0136368876552454,0.1579997303514924,0.011075313956597506,0.06574808526643916,57.45733556289855,0.09145546580841923,0.018983040659086764,0.28560638427734375,0.8909713106357794,-125216700.0,-0.6315133207321897,2.7528512654448716,0.8423698814222089,-0.29698567191859465,0.00035099767236337047,1.1264760606318882
CSX,2016-09-21,8.52158099311566,8.673127428841983,8.512837721064985,8.658555030822754,20013600.0,0.020745467909329667,0.018512293010369354,0.016073782296706692,0.004811037072395157,8.442600059509278,8.338981437683106,8.379014124620129,0.03832285699732145,0.08102249145507834,0.014313181327563242,0.16611829969681338,0.011242055865675208,0.0745779011619838,65.92408934249585,0.10481310142387912,0.02587254101963732,0.26229286193847656,0.9846964079068559,-105203100.0,-0.6117160057466754,2.0487639637869104,0.9999999813426287,-0.3185348860030758,0.012593196589233925,1.1694891006422108
CSX,2016-09-22,8.728499031455875,8.77512953507659,8.614839836631484,8.617753982543945,16092300.0,-0.00472336123458336,0.018599939006124836,-0.012687754047153553,0.008078022300965307,8.460669422149659,8.357514762878418,8.401751253946207,0.031138349981914695,0.09057880401611307,0.01437404815074078,0.16820000966014095,0.011480107862088104,0.07930657104845612,65.34210674591537,0.11082924967672625,0.025510951417987565,0.1806936264038086,0.7856269849929589,-121295400.0,-0.5754323647609336,1.9284938554672442,0.923875950927567,-0.372317367920745,0.005653838911896554,1.116991241113129
CSX,2016-09-23,8.562380405121246,8.658553883522265,8.544893863336949,8.638154029846191,14987100.0,0.002364414181089998,0.013157906167521738,0.00884959802529031,-0.0064255231159840035,8.511670970916748,8.383293771743775,8.42426580403192,0.030400969480687087,0.11183772087097132,0.013779753847076371,0.16944904779242873,0.011399629001421448,0.07983713459987028,66.44736275565124,0.11590709895105356,0.024471040553851894,0.5100154876708984,0.7327560601582502,-106308300.0,-0.7470008587799047,2.951821697136112,0.9615377518825597,-0.3751070185616571,-0.0063753212678253806,1.0971245056919259
CSX,2016-09-26,8.57695393769751,8.722672081259594,8.565296519564717,8.658555030822754,20652000.0,0.002358947053493405,0.018175730377026102,0.009513994562403984,-0.007084857706545291,8.541980266571045,8.408065748214721,8.446579063726286,0.029791546606449785,0.1286121463775629,0.013774029060584529,0.17548596919223908,0.01149429014357129,0.08071769728781636,67.24508635479893,0.12019202254643702,0.023004771319388287,0.30309295654296875,0.9967465289793483,-85656300.0,-0.7162610929392538,2.9280663749799656,0.999999981146891,-0.38634684780444045,-0.008036689329796018,1.0624515509629293
CSX,2016-09-27,8.673125590468596,8.713926962187191,8.623580948552567,8.63232421875,15769800.0,-0.003034065742588622,0.010466012552956087,-0.0047043446209789185,0.0016827934446305777,8.571998023986817,8.426134586334229,8.46426907849045,0.024470251489950842,0.1389183616638192,0.013620828592284662,0.16736760938465498,0.011036208419249774,0.08236191869932358,60.09968753799689,0.12008696032565958,0.018319767278888677,0.30017757415771484,0.7699005585389377,-101426100.0,-0.5712599097586305,3.0068372451147787,0.9505467455487501,-0.3947757849814338,0.0066607974977297485,0.9856437921607061
CSX,2016-09-28,8.673128276477113,8.757645191553047,8.626498599388764,8.745986938476562,13267200.0,0.013081172214743302,0.014995059229659356,0.008400505524293151,0.004726891239613564,8.602890682220458,8.448283863067626,8.49109935087008,0.0352382898390015,0.15004724502563427,0.013836695809486045,0.16799219315523878,0.011167967699067763,0.08752353622012858,62.441419137477695,0.12770324579667758,0.020748842199925344,0.3089265823364258,0.6504768187470996,-88158900.0,-0.6281110581837769,2.730914224552859,0.9999999838147999,-0.4043006912161258,0.006716648956718924,1.0048071728279346
CSX,2016-09-29,8.760556860113246,8.810100669555712,8.68186909383134,8.740156173706055,21440400.0,-0.0006669012084833786,0.014671542839262456,-0.0023286974484550455,0.0016658979414416024,8.625039958953858,8.473201370239257,8.51481904828303,0.03150577825335682,0.1659143257141107,0.013660148626016048,0.15508574756663368,0.011267880616987691,0.0892686204407712,82.60846589344311,0.13174998114644687,0.019836462039755698,0.22149276733398438,1.0368199622805745,-109599300.0,-0.7120746572423681,3.1217575094277104,0.9905627744426604,-0.4369487293507497,-0.008302360824739088,0.9731094596518944
CSX,2016-09-30,8.789701659033476,8.917933259207073,8.745986132341397,8.888790130615234,21422700.0,0.01686288861727164,0.019344266693106772,0.011273246285887531,0.0056687185380593155,8.659138011932374,8.507007884979249,8.550435341838478,0.04487855786640274,0.1860760116577147,0.01391053553253764,0.14779971860021884,0.011366351382972598,0.09412519116691676,81.01667541128356,0.145275915875958,0.02668991741541346,0.34098052978515625,1.0137650235521598,-88176600.0,-0.8554335025620465,2.9921741397861084,0.9999999868533767,-0.4547595546065382,0.009795825010619309,0.9914632144218821
CSX,2016-10-03,8.839246118803771,8.888790775089003,8.810102988098937,8.868390083312988,12856800.0,-0.002297668439614279,0.00887283782635222,0.0032971097441464787,-0.0055737632550037245,8.692944526672363,8.540377330780029,8.58071674578843,0.03840729043092536,0.2070194053649903,0.013930035111576727,0.14363635621685727,0.01132099995757124,0.09465736922748007,81.29233680227058,0.15259023799176497,0.027203391624976342,0.33806514739990234,0.6027905930010127,-101033400.0,-0.8433622257233936,2.9439005712558695,0.9731808132079317,-0.4754805870919996,-0.003724734421931195,1.0168618764431587
CSX,2016-10-04,8.882963138910952,8.935421950306514,8.786789624124363,8.792618751525879,17589300.0,-0.008580687253372136,0.016904215954587697,-0.010170523728656327,0.0016432582984125866,8.724128437042236,8.570249605178834,8.600897889191998,0.025946635931428635,0.22534407615661678,0.01417773076048607,0.13905669534320353,0.011481125068474912,0.08975672901772828,71.47905499762643,0.1505374754272104,0.020120503248337418,0.31183910369873047,0.8185029037301764,-118622700.0,-0.7462758830743161,2.4379698672902474,0.8735670978847632,-0.44267129014110934,-0.004946282808683189,1.052089766736109
CSX,2016-10-05,8.847988610128938,8.967477770118375,8.813016356089074,8.949991226196289,15875100.0,0.017739960695849825,0.017258275469276243,0.011528339440964106,0.006297311434485955,8.75327205657959,8.597936058044434,8.634144873668598,0.04094647433699671,0.24036245346069407,0.013732943039276198,0.13947290422147912,0.011345969702089589,0.09553888375524175,73.87099906897404,0.1597675884864973,0.02348049304609945,0.29143619537353516,0.7529657176275397,-102747600.0,-0.881491138376398,2.836279808103795,0.9999999878323693,-0.5116721884948273,0.0036639511943008926,1.0962485148204006
CSX,2016-10-06,8.97039144821999,9.081137330471199,8.917932652994612,9.051993370056152,39908400.0,0.011332443369385315,0.01802969476496366,0.009096807236026976,0.0022793566505395547,8.796695995330811,8.628682708740234,8.673939968562651,0.049058549909030164,0.25344730377197244,0.013849614639110662,0.13988927012713365,0.011437600641016015,0.10434564563206218,75.8208407042043,0.1733153684449995,0.0296226184036813,0.43423938751220703,1.7999219295972744,-62839200.0,-0.9264417336344056,2.7360806581741017,0.9999999891757886,-0.6024761245586759,0.0008568967277190181,1.1059781326797329
CSX,2016-10-07,9.0257670783277,9.078225894027925,8.982051537544944,9.04908275604248,31774800.0,-0.00032159569060765845,0.010628077903118014,0.0025832350328167824,-0.0028972946240999817,8.83778886795044,8.674729919433593,8.70966785308454,0.04315440827388088,0.28270181655883775,0.010197006590816767,0.13864029243427467,0.010727055790213968,0.09732527027368064,76.96982017045877,0.18172243631515705,0.030423749019071078,0.41092872619628906,1.412508076685335,-94614000.0,0.6668407686739046,-0.5335650511568578,0.9959566059408517,-0.4071828928914109,-0.0029654675011893455,0.8351729242811561
CSX,2016-10-10,9.063647348435348,9.124849391943732,8.96747389978495,8.984959602355957,27707700.0,-0.007111375547032809,0.01751543681036871,-0.008681686638323862,0.0016095103543109705,8.87042932510376,8.706204795837403,8.735886114919913,0.03201794732095346,0.2985505867004399,0.009069535739072822,0.14072199901767832,0.01003694448836201,0.09550136402675963,75.82054445411487,0.1811230221151856,0.023859467855279703,0.3264045715332031,1.244743878640201,-122321700.0,0.5492789855635171,-1.0141566593248843,0.9068777082707766,-0.31251293505660205,0.0031608720190653542,0.6392775666014514
CSX,2016-10-11,8.979137244539471,8.982050557454617,8.833419069098742,8.880048751831055,29701800.0,-0.011744977044691476,0.016737688329157785,-0.011035413538051838,-0.0006480115742489597,8.895201778411865,8.73359990119934,8.749615889863831,0.01676844053866067,0.31085406303405705,0.009604891250642846,0.13780719560641977,0.01004520402267629,0.087673124195685,62.258203785981124,0.17022035884410336,0.010365443667357949,0.2477245330810547,1.3429140146287373,-152023500.0,0.3957532557177767,-1.0021362684800164,0.7203847873868927,-0.14462618428202045,-0.012395232862645503,0.811114654598763
CSX,2016-10-12,8.86838982511764,8.871303971342405,8.77513047549032,8.80427360534668,37182600.0,-0.008569806488168344,0.010923501490648876,-0.007229747568083512,-0.0013129349893501562,8.901030445098877,8.751960563659669,8.754821386576483,0.0059772940367473605,0.3133220291137704,0.009682793256924529,0.13385209402753606,0.009564588355643763,0.08166016328776574,59.937907135090086,0.15369381201650612,-0.004928882528191458,0.05828666687011719,1.6538853134311629,-189206100.0,0.5936779050619223,-0.766535561572305,0.5663273469585287,-0.08008982035480708,0.001404825344431442,0.810938158263196
CSX,2016-10-13,8.926677725290082,9.116111421691937,8.818846800990487,9.078224182128906,45017400.0,0.030641358258673645,0.032744798403043944,0.01697680385721549,0.01390280736721635,8.934837245941162,8.77993860244751,8.785621652819572,0.033973538220215524,0.3230557632446285,0.011561423116404613,0.14800765089610327,0.01020306948527896,0.08380455691140365,68.45969643412911,0.160847773624047,0.0017800632634795421,0.33806800842285156,1.9310880885692243,-144188700.0,0.9398601965120265,0.14623344330443117,0.9999999832620448,-0.21563029257376765,-0.0029335394020104507,0.7130560538778301
CSX,2016-10-14,9.165652549577459,9.247255305085888,9.037421792132315,9.04325008392334,29778000.0,-0.003859966481350422,0.023203329666466342,-0.013354473671354884,0.009630558322260993,8.950283241271972,8.804710626602173,8.810157693877073,0.027092254071411973,0.329414262771607,0.011669615550490033,0.1517546474145815,0.01036388510675437,0.08377493440205973,65.94196139928766,0.161829749686218,0.002209631460520417,0.15445995330810547,1.288128158759265,-173966700.0,1.0047048950779762,0.16807587084594502,0.9414604944690872,-0.2539332443754155,0.0014205746754922686,0.7207058873179846
CSX,2016-10-17,9.043249517927709,9.092793330267629,8.98204745512688,9.037421226501465,19760700.0,-0.0006447611953925981,0.012254145553821929,-0.0006444908342615061,-6.25876344848792e-08,8.96718635559082,8.830065441131591,8.831801839841301,0.023482927363593885,0.33983123779296776,0.011642634171141319,0.1532117803793047,0.010341356678868166,0.08130732894449226,67.076175965717,0.16028991040000484,0.0005358337394458235,0.16903114318847656,0.8437333879861916,-193727400.0,0.9944633164984872,0.17098586336992835,0.9317041790462268,-0.2641062667534635,-0.0031242290905531657,0.7344213149359136
CSX,2016-10-18,9.136510101009481,9.165653229735758,9.019935918495731,9.040336608886719,20653500.0,0.0003225380533444115,0.01611857141434156,-0.010526283127748778,0.010964286384864593,8.991958141326904,8.85804328918457,8.851662294036103,0.020579411699728763,0.3519441032409656,0.011479323035919487,0.1542525460275721,0.010368754332324084,0.07460795125816967,63.685597682944355,0.15748938407943136,-0.001811754064902138,0.24771785736083984,0.8761670348914161,-173073900.0,0.9737923784136867,0.22797089868868664,0.9177197949975157,-0.21180549363905649,0.005194801368433896,0.6968122078760164
CSX,2016-10-19,8.891705822968405,9.1190259342544,8.891705822968405,9.054909706115723,18733800.0,0.0016107103629322155,0.02510462485699479,0.018354620181623846,-0.0164408464362056,9.002449989318848,8.877861022949219,8.871019190424638,0.019942718489153424,0.35433137893676836,0.010697810747519864,0.16133029856768807,0.010617344250506458,0.07380037757440422,64.51625388699028,0.1546630149852355,-0.003710498527278394,0.1049184799194336,0.7968923673366777,-154340100.0,1.2404061897546719,1.400896057357078,0.9493680904260934,-0.16785772082038128,0.0021613076566412257,0.5106943773038243
CSX,2016-10-20,8.984962294740054,9.017019564693658,8.80718606814037,8.842158317565918,41076300.0,-0.02377611915038714,0.023731026862121616,-0.01589366460199125,-0.00772480495619143,8.981466484069824,8.889081239700317,8.868270535866664,-0.005278714511555229,0.3508702945709228,0.012080455787328368,0.16632648088728338,0.010798014387861276,0.0685453849734057,47.969456088143474,0.13371446102443763,-0.019727241990460997,-0.20983505249023438,1.6591276193292046,-195416400.0,0.563497772611716,1.1577450896521446,0.470585582739226,-0.13822282407986908,-0.0006279959889781785,0.6108786185960607
CSX,2016-10-21,8.778042484903265,8.856730250447685,8.754727653171892,8.827587127685547,22243200.0,-0.001649281618513397,0.011554980517369931,0.005644156184877207,-0.007251151852289232,8.95931692123413,8.898552894592285,8.8643959255637,-0.007974978375401318,0.346415462493896,0.012096103378432336,0.16799182447912095,0.010764208120269774,0.06356095810930357,48.21420372727842,0.11461559065415905,-0.03106088988859168,-0.2214956283569336,0.8854574387727988,-217659600.0,0.6157127048004323,1.181983694658616,0.4379074245192229,-0.09486507900719797,5.868414077586988e-06,0.6552385260089633
CSX,2016-10-24,8.906275794588382,8.947075503541184,8.853817000981632,8.862560272216797,26415900.0,0.003953973848216169,0.010522749600012031,-0.00490839531357733,0.008913949617789357,8.947076988220214,8.908753156661987,8.864221101435424,-0.005185112173710558,0.3418738651275639,0.012109792926492394,0.16591011374151282,0.010576866170173616,0.05840604645752561,53.174449960827424,0.10113580812547518,-0.03563253793382043,-0.12239933013916016,1.0396371016778851,-191243700.0,0.5922756289353559,1.1411793874608855,0.5163401372781702,-0.09589063877294782,0.005595810292611694,0.7393986565601953
CSX,2016-10-25,8.836329811042859,9.040335011292598,8.789700146277681,8.990790367126465,26910900.0,0.014365068224028237,0.027876844502050323,0.017480170997077885,-0.0029596934032897794,8.958151149749757,8.92667646408081,8.876275317215523,0.007182281479970372,0.34220121383666857,0.01241381650827126,0.17132267420025712,0.011143011118819645,0.05092431528775711,51.90207605103029,0.09965136148610299,-0.02969358765855412,0.11074161529541016,1.036396879359697,-164332800.0,0.38770751075045423,0.6155966434554621,0.7413720901186217,-0.06495217290473883,-0.0005003190642055986,0.8389236005095522
CSX,2016-10-26,8.97330433560317,8.984961751373369,8.842157782835322,8.853816032409668,26519400.0,-0.015352204686568283,0.016129086940061613,-0.013315975779336027,-0.001944882575310537,8.963105392456054,8.932067918777467,8.874136337710203,-0.008760780491076798,0.3325044727325448,0.01270343217062736,0.1702818104012968,0.011166472671075645,0.047910779883153724,41.0526342983213,0.0864259778854155,-0.03433517700739329,0.04954242706298828,0.9959053170041724,-190852200.0,0.5486487407505388,0.658932218527064,0.33620411428994995,-0.1270725035031401,-0.00010957997940151138,0.7505482233826214
CSX,2016-10-27,8.859646877048062,8.877132588841272,8.80718807405966,8.833417892456055,17815800.0,-0.0023065391777648465,0.007918171157887448,-0.0029605000014116625,0.0006585685332799272,8.93862476348877,8.936731004714966,8.87025839054314,-0.0115605037462137,0.3237036037445069,0.012717895761035498,0.16840825027977044,0.011042724383787861,0.04475193561918698,40.4144642864712,0.07345209663062136,-0.03784724660974996,-0.24480628967285156,0.6736364012756736,-208668000.0,0.5675432746685484,0.6577886418485829,0.14285141362864962,-0.10258748806694926,-0.00376340517970038,0.8445158409327806
CSX,2016-10-28,8.807186157182944,8.941247698709232,8.745984928520526,8.82467269897461,20961900.0,-0.000990502812425151,0.02212691358076023,0.0019854856567785855,-0.002969601981076144,8.916767024993897,8.933525133132935,8.865916896108041,-0.01218471236562716,0.3100464725494394,0.012119142038733228,0.171114484424765,0.011130957561878688,0.04593746995871207,42.506957032688476,0.06175269164751285,-0.03963732127428678,-0.21857738494873047,0.793285237206171,-229629900.0,0.7588384823530581,1.5415332354864661,0.1122315715731877,-0.0944167776357081,-0.0010578172116535842,0.5818533275157847
CSX,2016-10-31,8.877128352317314,8.993703321790107,8.853814358987542,8.891700744628906,17608800.0,0.007566826888738339,0.01573253158424912,0.0016415660259985233,0.005944203839854553,8.90219497680664,8.93469066619873,8.868372500729077,-0.004811573581664199,0.29942018508910984,0.01223437340455718,0.17236377653607096,0.011265172127342996,0.04564112703906593,50.56470488184551,0.057229723389323084,-0.03532823162598123,-0.1457204818725586,0.6604513992228196,-212021100.0,0.6187133567313606,1.2282026228909513,0.34691913744298997,-0.10347187207334133,0.0007541943379125964,0.6062865885167694
CSX,2016-11-01,8.929589794875092,8.964562046011512,8.7867866445191,8.862560272216797,19679700.0,-0.0032826484360083913,0.020059147247744956,-0.0075064503743234616,0.004261170200658503,8.88441734313965,8.938187742233277,8.867818955156478,-0.008461163738946452,0.2904340648651118,0.012092067436882634,0.17756785690404783,0.011360691170621136,0.04382908190508512,52.95855181120414,0.050709300619812936,-0.0334789235163931,-0.17777633666992188,0.7352421152206965,-231700800.0,0.5889460316155477,1.3700619760297907,0.21276343137184595,-0.05975964931799336,-0.008338141925901814,0.5024822663616405
CSX,2016-11-02,8.897531381794943,9.002448121743328,8.868387426018327,8.958732604980469,32578200.0,0.010793073995367917,0.014964247917219009,0.006878449826066166,0.003945937573793093,8.874799633026123,8.938624811172485,8.876477397996858,0.002249539972060485,0.27692790031433034,0.011652034159879211,0.165285716416996,0.011299593356174214,0.04386046713557488,42.599085635979165,0.0526946905152208,-0.025194826896788203,-0.0961771011352539,1.1803079839312731,-199122600.0,0.6046210720576787,1.9211869678790168,0.5638206563016936,-0.16522763406543775,-0.006973154878495902,0.08802360063148715
CSX,2016-11-03,8.99370753779292,9.095709328965768,8.929591316217161,9.072395324707031,36024300.0,0.012607555747774082,0.01831027052979208,0.008749204550342912,0.0039040045455768567,8.897823333740234,8.939644908905029,8.895136248159732,0.014849629616693828,0.2614418411254871,0.011721175277744612,0.16216318068806984,0.011308253148624414,0.044454608001784364,51.64483138338925,0.06271679767054827,-0.012138175793168587,0.23023700714111328,1.314408403474484,-163098300.0,0.5956608240768395,1.8106656490847772,0.9787229241216826,-0.10203411158211675,-0.004484734915643296,-0.08496272397668767
CSX,2016-11-04,9.017021688029528,9.14525413325702,9.011194229125977,9.011194229125977,28010700.0,-0.00676871470256643,0.01487704079196676,-0.000646273138201256,-0.006103529960461814,8.916184043884277,8.937750482559204,8.906189389204137,0.008217251836475802,0.24177500724792544,0.011823157681070135,0.16382846847309082,0.011391388452535503,0.04363491133698888,48.606927825275584,0.06497201590634205,-0.007906366045899851,0.1836071014404297,1.0290851657829099,-191109000.0,0.6592259139066445,1.7193668475102866,0.7553209730621446,-0.13359786071529062,-0.0019130810665641262,-0.07677000305278821
CSX,2016-11-07,9.121937409390982,9.34634247454772,9.121937409390982,9.340514183044434,31865100.0,0.035893694753277354,0.024024915626603704,0.023961661195836276,0.01228951207233574,8.96397943496704,8.955528211593627,8.947553655284164,0.04298863923541797,0.23600476264953585,0.014250898853397849,0.17735924948607057,0.011617087748610236,0.05924489661841615,61.839071467205486,0.09226904058136931,0.015512526903301918,0.4779539108276367,1.1618192358596853,-159243900.0,0.8666542106053985,1.2724010197027344,0.9999999813516539,-0.22291877891990597,0.023732921403419087,0.9145115215803148
CSX,2016-11-08,9.343426868211335,9.366740862303676,9.218108626013395,9.34634017944336,31767300.0,0.0006235395722229582,0.01590272057689354,0.00031180328942653264,0.0003118334932983191,8.999534416198731,8.978842782974244,8.985533324251707,0.040929260635453726,0.2378114795684816,0.013888712106132536,0.17173868698637662,0.011599553413595058,0.07010034249117982,61.57394116279122,0.11306885118671772,0.02904987000692026,0.35554981231689453,1.1539083932448668,-127476600.0,0.8447765128919124,1.5246248785712082,0.9999999815520817,-0.25681135973764346,0.004860334975193351,0.8408989115453127
CSX,2016-11-09,9.442518684453704,9.990418218372234,9.43960453811696,9.8738431930542,71259000.0,0.054904316902500194,0.05578513548227569,0.045678967976058533,0.010290499079188541,9.101537132263184,9.03232126235962,9.070134264137659,0.09316784758326219,0.25987312316894595,0.01809597999741796,0.20004971562591387,0.013798862814041265,0.11054106632175914,82.77800401407836,0.17015647766200814,0.06890999718576854,1.0200271606445312,2.4375388994901313,-56217600.0,1.3261712597313233,2.4022731470400727,0.9999999904686608,-0.16586268502147894,0.011981147244698152,1.3520058784398061
CSX,2016-11-10,9.92630047473374,10.127390715822589,9.891327388835581,10.063275337219238,46715400.0,0.019003533004325227,0.023457902032544272,0.013799185591263564,0.005312752152722242,9.224522876739503,9.081573820114135,9.164719128240666,0.10809817070812128,0.27269629478454505,0.017404499836794728,0.21087435316109943,0.013439490834069812,0.14974173011734504,85.33350931282372,0.22805554149869778,0.10144724881796655,1.2298574447631836,1.5933547290919388,-9502200.0,1.4530873561370758,3.3469924592046594,0.9999999919263858,0.043993465742566525,-0.0004385738887595421,1.4610293379107255
CSX,2016-11-11,9.970014795118622,10.08658979825022,9.92630010697403,10.07784652709961,37266000.0,0.001446909712443289,0.015905153034943074,0.010815604008309195,-0.009267414333352259,9.349840259552002,9.13330364227295,9.251683642417708,0.10341744037227668,0.28712238311767635,0.017297743776958,0.213788732833996,0.013256951163365763,0.17786000459050746,85.160367165263,0.271981506472331,0.11629857103327979,1.253173828125,1.255030807460068,27763800.0,1.4371112339351972,3.4023441898442757,0.9999999920202611,0.022393452254905164,0.0031420076829938135,1.4491348763997542
CSX,2016-11-14,10.118649508476473,10.23522453970749,10.06910651682571,10.136136054992676,33306900.0,0.005767264241164588,0.016388693085858462,0.0017281502340360966,0.00404877979309798,9.474283790588379,9.18823938369751,9.335917205520085,0.103164124454245,0.3033554267883307,0.017235802232677892,0.2077518155387719,0.013336688517925042,0.20148101742833635,84.53447633332107,0.307946808816677,0.12181109870210066,1.2444353103637695,1.096682137217879,61070700.0,1.3932326668488393,3.370202747827211,0.99999999237493,0.016113659535432714,0.0011067942006238174,1.44994186449303
CSX,2016-11-15,10.098247589313138,10.133219841407035,9.902985640004474,10.063275337219238,29040900.0,-0.007214173953607945,0.022878654681248306,-0.0034632001032446516,-0.0037379594624596386,9.594355297088622,9.239386320114136,9.405189408539051,0.08917140041124776,0.3171403217315678,0.017444091537173197,0.21378880344570472,0.013518921778318968,0.21672034611466182,87.93428763546999,0.3268031359157426,0.112533940640933,1.2007150650024414,0.9431933608260481,32029800.0,1.3929419815976778,3.212501716830818,0.9444431848716743,0.012172996830625622,0.006978692569034159,1.370985559456438
CSX,2016-11-16,10.048702251164935,10.048702251164935,9.859269440429294,9.870926856994629,36631200.0,-0.019298936402124794,0.0191909851506403,-0.01769137842149681,-0.0014481454164733782,9.685574722290038,9.280187177658082,9.449545356011011,0.06365600908985376,0.32844788551330595,0.018283644511717174,0.22336461644629985,0.01333419463460694,0.22315291813986385,79.37286805756926,0.3225083209934958,0.0865913005749489,0.9121942520141602,1.156111068240984,-4601400.0,1.256489662176031,2.6183832544100136,0.7977761217964564,0.04778958210462705,-9.416955720514253e-05,1.412136520411697
CSX,2016-11-17,9.882582295031778,9.935040242171414,9.847610052337341,9.897153854370117,32843700.0,0.0026534708297602065,0.008833871951527579,0.001474468808184355,0.0011807845611671024,9.768050575256348,9.33293695449829,9.492174736807117,0.06045437814726537,0.3519957923889159,0.01707266935853455,0.21566228927811185,0.01300813997488918,0.22477314535074583,80.06536122449634,0.3175603111328762,0.06531463257146342,0.8247585296630859,1.050218213893263,28242300.0,1.5446615965450292,3.4065189513220555,0.8177743909475955,0.02336288994483513,0.003836225368372707,1.3379356962100684
CSX,2016-11-18,9.876757156224667,9.94961580996763,9.856355632554957,9.908814430236816,26159400.0,0.001177481155819723,0.009411840141852864,0.0032457286845355192,-0.002060865016910333,9.857812595367431,9.386998319625855,9.531854707609947,0.05558924086733617,0.3704436397552495,0.017019504152518093,0.21025011460648152,0.012976565291726395,0.22385899331528114,79.42670783289601,0.3109949326943138,0.0469994033063208,0.8976202011108398,0.8312745628439394,54401700.0,1.5352209568010033,3.42792263694787,0.8266656616981494,0.02347000172088123,0.0007990079488321185,1.331754815761921
CSX,2016-11-21,9.91173043326445,10.144878816353256,9.91173043326445,10.086591720581055,22202100.0,0.01778228194533342,0.02311468428062578,0.017641852600203664,0.00029428374586730157,9.932420349121093,9.448199892044068,9.584686804083386,0.06756756163410026,0.3970226192474371,0.01722035633687608,0.2144136135081978,0.013272518139303814,0.22534757493203073,82.60862937507812,0.31648868006826625,0.041994520544218594,0.7460775375366211,0.7102777547172618,76603800.0,1.3666866501889101,2.837932290674639,0.9622220904560604,0.015991297400798885,0.007386140651134489,1.3860139061109515
CSX,2016-11-22,10.086589266868977,10.21773582580638,10.080760141807584,10.206077575683594,26282400.0,0.011776394149781478,0.01342099185343712,0.011846255027662877,-2.4326473658677736e-07,10.018394088745117,9.508964252471923,9.64386687756912,0.07331117298400307,0.4203083610534666,0.017167406426631258,0.21420560168478822,0.012852593836445911,0.2298860979473993,82.82200768092636,0.32671782465639865,0.041778932105880795,0.8597373962402344,0.8416586847690021,102886200.0,1.4009047315780394,2.9668421312326374,0.9999999927609928,0.062198994299091724,0.003458369582745165,1.4202706421447662
CSX,2016-11-23,10.20899262886861,10.26436473142885,10.150704713050333,10.179848670959473,16397700.0,-0.00257323791715834,0.011165197249224431,-0.0028547339555056537,0.0002856193442975874,10.048994636535644,9.575265884399414,9.694912762653916,0.06314005207365368,0.4517542266845709,0.016545952093244037,0.21045860208692474,0.012759161699850165,0.22694149858378249,80.54653151563011,0.32891649739382167,0.035182083874643055,0.30600547790527344,0.5337649623667333,86488500.0,1.5599903471993912,3.4852305635149317,0.9810128695963948,0.011980877814185513,0.0013415671002433424,1.3828101261793613
CSX,2016-11-25,10.200247908057987,10.267277417492192,10.150703270036088,10.255620002746582,7549500.0,0.007415702593903693,0.011366855190118605,0.005428504795932668,0.0020038841202726604,10.06822910308838,9.64637598991394,9.74831345218655,0.06315781320048643,0.48812520027160566,0.01639633736390331,0.20920961946728628,0.012806998041745895,0.22144802416764026,84.05090641497027,0.33293520481050365,0.031360633033060026,0.19234466552734375,0.2499212944065896,94038000.0,1.5151142173910295,3.507433892967702,0.9999999930116226,-0.004444668951819135,0.004199670238507986,1.36904534084591
CSX,2016-11-28,10.191175074288807,10.238043634566006,10.088647217744791,10.156023025512695,20468400.0,-0.009758917254570842,0.014710129786622197,-0.0034492635559560535,-0.006283864694724986,10.076046752929688,9.712943506240844,9.78714293536047,0.04561742987459569,0.5225284481048575,0.016749469877307525,0.1971970865801468,0.012614426753138282,0.20945129516150884,75.52327118887906,0.3243445733512349,0.018216001259033,0.07817649841308594,0.6781470329079425,73569600.0,1.4512726750776912,3.1905363812663072,0.9285048700093727,-0.00302886392693587,-0.0059579027972917,1.4050092505851126
CSX,2016-11-29,10.147238593465996,10.308351581958863,10.10036833950235,10.194108009338379,16645800.0,0.0037429762220457467,0.020402299275815952,0.004618933066436708,-0.0008649480239097581,10.081843948364257,9.778063869476318,9.825901513834555,0.04254872390032188,0.5543731498718252,0.016766524484618277,0.20143644416344916,0.012735150719096493,0.19656896722467376,76.00773313657213,0.31695590555184694,0.00866186676771602,0.057971954345703125,0.5523800895877956,90215400.0,1.4845746681951157,3.2463635012797667,0.9558439587200978,0.008785211526143987,0.000488930442666214,1.4106516943575078
CSX,2016-11-30,10.36693853297418,10.571991795376718,10.355220341657361,10.489971160888672,33954000.0,0.028609765958990167,0.02066463771869824,0.01186778792245769,0.016953962374881473,10.124513530731202,9.859434413909913,9.889146242125424,0.06395262856956414,0.5955598640441906,0.01727359323875634,0.18242256895698233,0.012754963317471736,0.18435488205087824,72.03292779498499,0.33115664907426634,0.018290088232108315,0.4266958236694336,1.1006729684521726,124169400.0,1.178683204748118,2.049625053151314,0.999999993469339,0.00019541465746193365,0.0002297017674872738,1.3995192746110852
CSX,2016-12-01,10.56613258543566,10.797551356752424,10.554416070427989,10.72724723815918,36249900.0,0.02236730235655643,0.02266520766479113,0.015248214180616983,0.007260403615879577,10.210145568847656,9.947860145568848,9.968965384604829,0.07834721047395304,0.6426117515563963,0.017552363877905493,0.18628204560665104,0.012960851856984899,0.1776499321444708,72.95824993322495,0.35743672894874834,0.03565613448527222,0.8563203811645508,1.168146349645374,160419300.0,1.0412770295813476,1.5505593522637664,0.9999999941726743,0.04892483097359994,-0.006386873842505781,1.2925640852666638
CSX,2016-12-02,10.744823027848707,10.747751318329824,10.601283994531471,10.686235427856445,45174000.0,-0.0038304708381991697,0.013706166665254992,-0.005452635175136206,0.001638424965820313,10.28905372619629,10.028552150726318,10.037276817295458,0.06558107962598515,0.681934127807617,0.01776628100816243,0.1852947336439485,0.012855044364752303,0.1676627540712795,70.65860972403028,0.37068158467869416,0.0391207921721744,0.7890815734863281,1.4345747959556003,115245300.0,1.1356817130647274,1.5734738754922382,0.9761010762209202,0.02840518958973322,0.0021213269289003267,1.4285967822858172
CSX,2016-12-05,10.747750525982298,10.759467877498691,10.633506977265778,10.700881958007812,36506100.0,0.001369659330597564,0.01177107650819871,-0.004360779296205477,0.0057564797763576545,10.368260478973388,10.11303653717041,10.100477306887111,0.05812748907578642,0.7251639556884761,0.017493514910002266,0.18242636774045806,0.012799228222547527,0.14719860956731323,69.7623956530532,0.37800270100706435,0.037153526800435654,0.7920675277709961,1.1438812266875225,151751400.0,1.1462581845467825,1.7256738752583378,0.9809874799883094,0.13072051987065025,0.006111414375500705,1.3336782765817277
CSX,2016-12-06,10.615931876006208,10.662801288010234,10.498758345996144,10.560275077819824,38397300.0,-0.013226837078251112,0.015533964864100573,-0.005242761430315629,-0.007938605652783025,10.415628814697266,10.17402458190918,10.144267570785466,0.037964376122842404,0.7481175994873048,0.016858224959723053,0.1802101675278485,0.01255005739042122,0.13257206644277914,66.60445145684275,0.3682143920070935,0.02189217424037182,0.47368335723876953,1.1909518514555293,113354100.0,1.3858385312590087,3.0688995338564595,0.8790851505346904,0.19657458080105875,0.002775075520193607,1.2653827711233956
CSX,2016-12-07,10.554416492374761,10.882502392259523,10.504617111145254,10.876644134521484,38258400.0,0.029518423356251492,0.03474281924099135,0.030530123799787763,-0.0005547758369825081,10.482685470581055,10.250539779663086,10.214017719712707,0.06108013512620866,0.7797463989257807,0.017599290860068003,0.19263012355101455,0.0132444048098202,0.12182637909659438,81.02904146283622,0.38158673116557296,0.028211610719081015,0.6705665588378906,1.1748172639032126,151612500.0,1.0837891156314376,1.7562650644912086,0.9999999900568479,0.20038957810159427,0.015121328332192555,1.4887507131221906
CSX,2016-12-08,10.876646526545509,10.935232469175231,10.774119450760656,10.903010368347168,19930200.0,0.0024211813555055695,0.014776929762655891,0.0024238943260053453,2.199229831007513e-07,10.555001640319825,10.301998138427734,10.279636067201704,0.05833938444209024,0.7880642890930183,0.013371814922357119,0.1978931827353361,0.01101751904507534,0.12855166501868942,81.03067123670544,0.3898183576357681,0.029154589751420934,0.7231616973876953,0.664362920520758,171542700.0,0.32776468125248526,-0.35211132801883144,0.9999999903108617,0.02100106378547207,0.0021337452264621765,0.6587744637446104
CSX,2016-12-09,10.897148459990348,10.961594321203613,10.815127826231796,10.917654037475586,17111700.0,0.001342183817541191,0.013415564778757457,0.0018817379207529356,-0.0005376412714270355,10.621205043792724,10.344717073440552,10.340399683418264,0.05538449819048364,0.7872332668304445,0.012968520991278328,0.20169363398956058,0.010705951038821286,0.13651495739528388,81.06552143981891,0.39299341912965957,0.025863720996249895,0.6620340347290039,0.6000151479130594,188654400.0,0.5119554042988865,0.09687418289497221,0.9999999904464124,0.03677131398190197,0.005037937606614173,0.7519122047019059
CSX,2016-12-12,10.917653678119862,10.949876607665873,10.724316938934967,10.844420433044434,18579900.0,-0.006730413589720158,0.0207996056703588,-0.006707782389378745,-3.291510452805046e-08,10.690044784545899,10.383045768737793,10.388401659573137,0.04443538770635003,0.7864493560791015,0.013184777922610491,0.20094329703345107,0.010853695733784138,0.14022716579638195,74.94194846015112,0.38516044850353204,0.014424600296097878,0.6883974075317383,0.6735636621686655,170074500.0,0.5580474814405858,-0.025231836550601402,0.9300356242799975,0.04750622712472775,0.00013892159475228984,0.8092485266094023
CSX,2016-12-13,10.847348887799834,10.894218295830873,10.733104496201396,10.850278854370117,23330700.0,0.0005400786054206892,0.014848816495125055,0.0002701090008802705,0.0002700425323308994,10.755661869049073,10.418752908706665,10.432389963839515,0.04141819557913095,0.7825187206268307,0.013194424700833426,0.20266744814992826,0.010815611240401753,0.14335935407644101,72.9162171587845,0.3751015512981759,0.0034925624725933857,0.6561708450317383,0.8613670736900866,193405200.0,0.6220117995996833,0.022537313598723744,0.9356325184649968,0.06456823178154193,0.006417049135263797,0.7674327576831966
CSX,2016-12-14,10.838561008799333,10.864924842132046,10.677447204048491,10.686235427856445,23132400.0,-0.015234275797345475,0.01754384313814069,-0.014054041013306255,-0.0010799580110389968,10.775288295745849,10.449900913238526,10.456565722317318,0.022615957469847132,0.7757943916320809,0.013643805610343417,0.20794013527171668,0.010626168566752262,0.1409156011897785,66.40520581854403,0.3498599020701185,-0.017399269404371198,0.19626426696777344,0.8634637091716983,170272800.0,0.5390880136454805,-0.13060831796888672,0.7789121924760483,0.005249762864274402,-0.007844820395517234,1.1082243631368986
CSX,2016-12-15,10.668657679118272,10.83562970753345,10.574918040781437,10.741890907287598,21144300.0,0.005194630992194981,0.024270556180675636,0.006864333862043813,-0.00164489626462393,10.77675266265869,10.493449115753174,10.483739549457345,0.0236758942454348,0.7835046005249033,0.012604392622064314,0.21823567236428154,0.010820375203627237,0.13225393878602404,65.96155892940993,0.3305364270788811,-0.029378195516486905,0.014643669128417969,0.8127454388941837,191417100.0,0.681296492929235,0.04274138504406123,0.827767656120548,-0.013123353623981347,0.0042894841319578445,1.01309133936199
CSX,2016-12-16,10.721388336674044,10.750681300905976,10.51047597707576,10.557345390319824,36526800.0,-0.017329272531113726,0.022752435858588382,-0.015300532095557786,-0.001908655635260995,10.763863658905029,10.526458692550658,10.490749629539486,0.002934196454029082,0.7864071369171128,0.013490773016451234,0.2234665679948833,0.011174958795624813,0.12060158118546656,62.47733977732644,0.2969085757797263,-0.050404837452513396,-0.1288900375366211,1.3941500111641008,154890300.0,0.5648510788868351,-0.18396683897012034,0.6428484260541438,-0.01941898147292579,-0.001152081274814127,1.1367743998808504
CSX,2016-12-19,10.595426214499325,10.636436527387334,10.533909488030627,10.613001823425293,13420200.0,0.005257973406665652,0.009660512743002291,0.0016587920646284947,0.0036070454050331035,10.755075645446777,10.561668062210083,10.502392695623849,0.0048603838818683485,0.7903381252288817,0.013487625170643083,0.21593398205918277,0.011179097303074316,0.10694572873655646,62.88288605367356,0.2716182245448735,-0.06055615094989297,-0.08788013458251953,0.5249834820438374,168310500.0,0.5150687481023837,-0.221366810394732,0.6334183199126581,-0.020298764780158532,0.0030104858504891906,1.1362607218916256
CSX,2016-12-20,10.66866047266481,10.733105495663017,10.651084023970897,10.72724723815918,12769200.0,0.010707138970452397,0.007646087562925821,0.005491482800908405,0.005244383273040184,10.771772861480713,10.593700838088989,10.523807413960547,0.01260620836016375,0.7875251483917225,0.013175741867580614,0.19752111678771023,0.010783555323005817,0.09862307180469133,58.21502862689938,0.2578220767522392,-0.05948183899402182,0.16697216033935547,0.5089065217248349,181079700.0,0.5764149086290662,0.07860515739591574,0.7500012423001284,-0.057498980815219244,0.004689199267570022,1.0670561569726646
CSX,2016-12-21,10.727247817726566,10.794621973116753,10.692095756530762,10.692095756530762,13756500.0,-0.0032822214196115925,0.009588972912384154,-0.0032768946698253734,5.40275965693663e-08,10.75331802368164,10.618001747131348,10.53983487515771,0.006978150047812079,0.7755851173400892,0.013084992190656274,0.1828744039821559,0.010707129020333151,0.09243299692616756,48.58492268308395,0.24127087893007726,-0.06082642945294703,-0.18454837799072266,0.5622896242205749,167323200.0,0.7572878465559076,0.358988653354877,0.7038483406787831,-0.057589187267051076,-0.003340065463705227,1.049355743436966
CSX,2016-12-22,10.659870566952776,10.750679410577508,10.61300116194992,10.747750282287598,14655900.0,0.005191702465055754,0.012809959760088798,0.008243975832808155,-0.003013926391213104,10.737792015075684,10.646396827697753,10.559636342503415,0.009519977155666647,0.7651106643676755,0.01304470626201006,0.18224661289852978,0.010742559701163197,0.08412672964618777,52.44752113687192,0.22999356783143377,-0.05768299244127245,-0.1552600860595703,0.6011922195613597,181979100.0,0.6687834675375768,0.300188272000282,0.7769211596054623,-0.054578888339353426,0.0004999891165233306,1.0379306938986201
CSX,2016-12-23,10.74775281658155,10.78290571671373,10.709672463651312,10.73603630065918,6810300.0,-0.0010904951735604565,0.006821256095969135,-0.0010901363403420855,2.3579762136456775e-07,10.719630241394043,10.670417642593383,10.576436338518251,0.006149586666960864,0.7559752368927004,0.013024314916206892,0.1784803523863515,0.010671862985683211,0.07674712953175622,51.40197437180807,0.21760260968599532,-0.05605916046936871,-0.18161773681640625,0.27978604089379694,175168800.0,0.7769574126686114,0.44061807240593187,0.7615410328897352,-0.03993628486142918,0.00120588977091353,1.0291928903758876
CSX,2016-12-27,10.779974592693893,10.835631385389874,10.730175218783803,10.797550201416016,7873200.0,0.005713313764861564,0.009766675277160703,0.0016303942621566305,0.004092599056508015,10.714943218231202,10.70249400138855,10.59749480165137,0.008881686830670825,0.752965593338013,0.012724571376512308,0.17157553485738028,0.010569615335287568,0.06226633815100361,60.09981237481844,0.21032188402346463,-0.050671908905519536,-0.04687023162841797,0.33204365506124917,183042000.0,0.6818056001941547,0.5359488471968337,0.8340066288403961,-0.041356061727988766,0.0029445374896651124,0.9558761397083393
CSX,2016-12-28,10.785835836160262,10.841494324775088,10.692097826250723,10.697956085205078,10561200.0,-0.009266572050500627,0.013964957168872172,-0.008147699658153562,-0.0010849095431126443,10.699710941314697,10.727686405181885,10.607062542942199,-0.0027713636336764796,0.7449472999572748,0.01301931310142835,0.15525490752952997,0.010377713945078592,0.043300830717056885,40.67269610097909,0.19427595141037024,-0.05337427321489116,-0.15232276916503906,0.45119623909145556,172480800.0,0.7526355039932001,0.4029266230707632,0.4863063985940887,-0.06369184482677735,-0.009458918424882742,0.9873533301354364
CSX,2016-12-29,10.724316248199424,10.73310447170797,10.592496247935728,10.613001823425293,10418700.0,-0.007972866556697008,0.013248676115544217,-0.010379629078247295,0.0024640373155766413,10.692387580871582,10.733837938308715,10.607628188702492,-0.011257493878509417,0.7196455287933343,0.01160173509044961,0.1537902793407919,0.010153455570373778,0.039375045033739765,35.73444419425054,0.17271340268080948,-0.059949457555561525,-0.07323360443115234,0.46867018932904553,162062100.0,0.8576639572736012,1.2501794215300233,0.15446876448879893,-0.30322602427339695,-0.0002545822333016726,1.0692858079334346
CSX,2016-12-30,10.648155390405506,10.662801872937425,10.484112439392545,10.525123596191406,16359900.0,-0.00831471398464641,0.01697741902142987,-0.011554282380679515,0.003312311404924227,10.670710849761964,10.723731756210327,10.599770608463341,-0.01852043342131371,0.6801350688934331,0.010529557248418555,0.15609191781029644,0.009944309237504572,0.043093305645176834,31.989039340750125,0.14684119506285676,-0.06865733213881142,-0.2167673110961914,0.7703908179778106,145702200.0,1.0729982080260456,2.787074039211573,0.0,-0.26488022172465353,-0.0045463435330222604,1.5326560675551169
CSX,2017-01-03,10.589565178128009,10.733102504058703,10.425521442375972,10.513401985168457,19605000.0,-0.0011142997821285388,0.029256092568004516,-0.007192287093795059,0.006122643724575462,10.666316509246826,10.715090084075928,10.5915450252924,-0.018822809451430295,0.6380685234069823,0.010507351865858345,0.1619505887354268,0.010523295213344499,0.046510578519817276,33.902805964390254,0.12396248570721191,-0.07322883319556503,-0.04394340515136719,0.9823426353990589,126097200.0,1.0380964322500883,2.7727843793305116,0.0,-0.2576643789261408,0.008450868607679879,1.4132873909477448
CSX,2017-01-04,10.560276654497786,10.753612588834375,10.530982010484708,10.730177879333496,21767700.0,0.020409311438841435,0.020748079002348846,0.016088709642218205,0.004458563402736439,10.678034114837647,10.716554880142212,10.604748154248695,0.001271210696315064,0.6014815044403079,0.011543486772358533,0.16760036045231544,0.010776429077083939,0.04650286976389642,45.15371797782644,0.12191755699208251,-0.06021900952855558,0.11717605590820312,1.132526641511201,147864900.0,0.8755849830984436,1.2260726949421226,0.5362394267771092,-0.23359906812123157,0.005162547293474041,1.5387470198861548
CSX,2017-01-05,10.665732065510213,10.949877687859171,10.662802098468864,10.835633277893066,34749600.0,0.009779946447044096,0.026493660502150858,0.015929634397273445,-0.006006034060945741,10.688872718811036,10.730322790145873,10.626737213643397,0.009814288890163149,0.575787954330444,0.011286180617150773,0.17471449983136914,0.011159068633866353,0.04532464840163536,56.32764906560592,0.12733842746228063,-0.043838511246685974,0.10838603973388672,1.8252671355162204,182614500.0,0.7293056054863211,1.1209255398927997,0.7971048827446561,0.03481458483074584,-0.0008673354518079796,1.5122186626351013
CSX,2017-01-06,10.753611556103246,11.052404492590306,10.533910966108788,10.990888595581055,37050600.0,0.014226539358556006,0.04717485051117527,0.022064869856968282,-0.00756962880583651,10.718752002716064,10.736035013198853,10.661418297637459,0.02373814746960917,0.5414982128143322,0.009618772717942198,0.19312748981204805,0.01198473636186417,0.04885679181292744,59.725590200096995,0.14251943761817465,-0.02292600087263358,0.29879283905029297,1.952322989614126,219665100.0,0.05436828691487894,-0.15371585492102316,0.9999999790570048,0.08070429045593813,0.004308020534223289,1.303942829591755
CSX,2017-01-09,11.00553449027592,11.028970036150417,10.832704148942977,10.835633277893066,22220400.0,-0.014226539358555945,0.018113005689096486,-0.015437797458448947,0.0013325487350271212,10.727540302276612,10.732666158676148,10.678010200518946,0.009593806207573252,0.4984930133819585,0.010147888734690549,0.18998895862470697,0.012061302941076824,0.047492322186267456,61.12416570472695,0.1404041987211233,-0.02003299181574797,0.08788299560546875,1.1638464064663023,197444700.0,0.14090839809192052,-0.48718455781749487,0.6748488417249646,-0.03809962603228002,-0.002650232152556202,1.3833240492563215
CSX,2017-01-10,10.806337038079352,11.005531155793307,10.774114115117564,10.961591720581055,24490500.0,0.01155742024571578,0.021111627451079275,0.014367003541960268,-0.0027036942892377687,10.750095844268799,10.734863042831421,10.705017964334385,0.02112077972909396,0.45812642097473066,0.010488136680000674,0.19919538729035238,0.012261986884977831,0.04885479196455507,63.192889930939295,0.14719487935841613,-0.010593848942764134,0.225555419921875,1.2584302572047388,221935200.0,0.04901225986105933,-0.7769377863662857,0.9386435478031102,-0.11259698101920486,-0.0019735794947661075,1.337882939508694
CSX,2017-01-11,10.932299150551971,11.163717055247105,10.932299150551971,11.14321231842041,29647800.0,0.01643305090128663,0.02076761153626998,0.01929266341543442,-0.0026722916503161475,10.784662055969239,10.74980263710022,10.746750759961625,0.03659692132043763,0.42669522285461525,0.01095608222150303,0.20714640389445307,0.012266068269730588,0.05895177319594034,64.97890382299954,0.16532603148754355,0.006029842549090614,0.34566211700439453,1.4813127153277779,251583000.0,-0.10436320017840268,-0.9142900036851013,0.9999999841222041,-0.023097912006396843,0.003492791050148196,1.4145129846375968
CSX,2017-01-12,11.149073212730537,11.245741169957718,11.072909995639472,11.24281120300293,24401100.0,0.008898368366399826,0.015372594202425347,0.008407693490195982,0.0005259609296358987,10.839147567749023,10.769429254531861,10.793994611679844,0.0439560850703268,0.399299631118776,0.011080928171355664,0.21216818658961412,0.01227920786013723,0.07140164899560347,68.95162481318044,0.18559250293446716,0.021037051196811374,0.5448551177978516,1.2159169307055762,275984100.0,-0.2089342552671968,-0.9879812224288564,0.9999999862902749,0.022223424275026944,-0.0022488094296363517,1.4874426716677507
CSX,2017-01-13,11.193010721158283,11.371700122251923,11.160787794966977,11.36584186553955,41484300.0,0.010883609616789098,0.01855668324265692,0.015440988013579175,-0.004429539991861247,10.91443157196045,10.803409576416016,10.848456254904578,0.05206062818828346,0.38321432113647447,0.010499179524846716,0.21739919220799692,0.012314053436952242,0.08611677564167211,70.32759202548272,0.2091701900774634,0.03569179067184608,0.7528400421142578,1.9767927241745078,317468400.0,-0.37711027734384883,-0.7201989622089358,0.9999999882689675,0.06944809699484726,0.0007699300716422276,1.3594041080879673
CSX,2017-01-17,11.351198481378482,11.365844965244902,11.09341583963637,11.157861709594727,54813000.0,-0.018468194327476217,0.024415890131911967,-0.01703227831853371,-0.0012883677543910255,10.977705383300782,10.824208116531372,10.877923441065544,0.03082475775329738,0.36003027915954533,0.011521442846527907,0.23162746881843368,0.012310716030500393,0.09056073044866463,62.28670572640332,0.2086680215235006,0.028151697694306616,0.6327381134033203,2.417961546325515,262655400.0,-0.32119128010994963,-0.9770457324329641,0.7560177928155333,0.008659356423974675,-0.003613012251274351,1.5828160394763506
CSX,2017-01-18,10.703813439352391,10.955736971380016,10.607144639523407,10.803410530090332,61982100.0,-0.032282461409797965,0.03226687821273557,0.009304823117691293,-0.04069312580311835,11.006706237792969,10.836511373519897,10.87082697335362,-0.0030545663902914973,0.3377132320404055,0.013144521715228561,0.2634318190659514,0.012696505450272422,0.08748330616175297,50.1458134110372,0.1776212937042505,-0.0023160240999547943,0.290008544921875,2.588859010954036,200673300.0,-0.8387343296460531,0.5255872124795128,0.3402099645942486,0.3042328672147222,0.002617274751472742,1.2470901519312794
CSX,2017-01-19,12.66354051223382,13.360723397049812,12.496568450542684,13.331430435180664,295518300.0,0.21026256379704328,0.06482087205186074,0.05274116841981269,0.17217988495045497,11.266831493377685,10.972432804107665,11.105170160194291,0.21499312624542835,0.38722993850707965,0.05372004321103538,0.4354258453827454,0.01549636217535431,0.21924763631297256,79.6699024870131,0.352938165548748,0.13840067819563417,2.601252555847168,7.767238554973071,496191600.0,4.024039845239938,17.329338834732535,0.9999999964514198,-0.5139558977570178,-0.0012401041351366427,0.18763480753121062
CSX,2017-01-20,13.035567814294865,13.094154581314964,12.561014582386447,12.985769271850586,136027200.0,-0.026270351424198993,0.041055711661550254,-0.0038202050845586887,-0.022192863873409983,11.481845092773437,11.085358905792237,11.284274837494891,0.17143426588248406,0.4272509384155274,0.05441072920995799,0.4804121045986008,0.016438866813084367,0.26965408277917147,75.24939084475955,0.4586984918216821,0.1953288035748546,2.1501359939575195,3.07686565822202,360164400.0,3.964297443831587,16.959148677751905,0.8773393603950399,-0.27910720342959733,0.0029476819124144684,-0.1318688106609271
CSX,2017-01-23,13.082439302093618,13.495475839088181,13.053145496770139,13.472041130065918,70455300.0,0.03676242402393011,0.03283320901766562,0.029780518676662267,0.0074443052405517,11.729960346221924,11.224356174468994,11.492633532025465,0.20025067991957748,0.4837341880798345,0.054616347832246115,0.5040561855766519,0.016988872535208942,0.3246250720255689,78.90803347122198,0.5751227305333604,0.24940243382922628,2.4811525344848633,1.4976276238263664,430619700.0,3.803132352776399,15.943911130179691,0.9999999966200678,-0.2935733872551634,-0.0025518779648763664,-0.5336423874865323
CSX,2017-01-24,13.442750081306428,13.849928418201248,13.433961854646048,13.677096366882324,50473800.0,0.015106125283474235,0.0304133678960119,0.01743291247389767,-0.0021742101643469516,12.01410665512085,11.37082347869873,11.700677611535642,0.2028237350183122,0.554136428833008,0.05458824846404728,0.5117980071389711,0.01738951355184557,0.3709341130400156,79.90038894064509,0.6761418796913023,0.28033726638973455,2.841463088989258,1.0335473170132383,481093500.0,3.7785949945024373,15.812056331234224,0.9999999968391384,-0.2938631539091865,0.008841090433948349,-0.38085883463658765
CSX,2017-01-25,13.838208114830062,14.013968420148057,13.738610189437576,13.999321937561035,53536500.0,0.023286259628496783,0.01966939769930412,0.011642679557500783,0.011779674839306753,12.317879676818848,11.533987760543823,11.919596118776157,0.21374517020477332,0.6385797786712644,0.054522723785982545,0.5187023963961007,0.017568704535840838,0.4141738567427195,80.29319110037773,0.7732872200863827,0.30198608542785194,3.0377302169799805,1.0462107945761543,534630000.0,3.718345059181195,15.4854541453374,0.9999999971313168,-0.2965110155643917,0.007860645788192708,-0.15860744295439366
CSX,2017-01-26,13.999321927921514,14.391853695240373,13.931946934739864,14.23659896850586,54609000.0,0.01680714556553818,0.0323045385711793,0.016949180953621662,-6.885705767939456e-10,12.627218341827392,11.705940198898315,12.14026305684565,0.2161858617598024,0.7273571681976314,0.05448428912935339,0.5310474800468293,0.01805426633879529,0.45216961697260916,80.76315182448833,0.8595139340315558,0.31057023949842,3.093386650085449,1.0205649185364596,589239000.0,3.692155611749718,15.350431441334505,0.9999999973141362,-0.30192252989469937,-0.0014005088821262494,-0.12284279566725514
CSX,2017-01-27,14.303972807141003,14.33326577164681,13.964169557944524,14.078413963317871,38439300.0,-0.011173341242233308,0.02621717294746317,-0.015768964808890402,0.0047324391720373355,12.910778617858886,11.874963092803956,12.324848857462053,0.18555433421508252,0.8175345039367681,0.05453037427308889,0.5203762434197413,0.018296396207593307,0.47202931453986513,77.91315938540275,0.9046566988564368,0.2845704034586407,2.8356027603149414,0.7001374527446426,550799700.0,3.687259768578286,15.319165491942492,0.957513659505243,-0.31461555792996104,-0.001275553675548645,-0.7650424779775314
CSX,2017-01-30,14.002250546536077,14.08720198618717,13.688811137501308,13.9114408493042,45543900.0,-0.011931115460687307,0.028637640989271657,-0.006485364401249234,-0.005409942979389752,13.165338516235352,12.0398850440979,12.475952856685115,0.15544631849485627,0.9054931449890145,0.05462438816050424,0.5348137406682001,0.018613537875662903,0.4779436266527435,77.74843191089715,0.916395691275337,0.23704751670203272,2.5455989837646484,0.8038279690706284,505255800.0,3.6775753925182912,15.256745581793817,0.9126669553656374,-0.31048697870983316,-0.00551064135363292,-0.2793411544655406
CSX,2017-01-31,13.759116380029456,13.911441984748375,13.492546362248524,13.589214324951172,53928900.0,-0.023435170515314147,0.030825595393746713,-0.012348326039663892,-0.010949582500101876,13.408473777770997,12.193089580535888,12.58197775842474,0.1145013111889172,0.984331932067871,0.05505611592478806,0.5482050679413507,0.018925397796131994,0.46975181879007616,72.89437481781799,0.8894449718115514,0.16807743779059758,2.4313526153564453,0.9212754655307739,451326900.0,3.6218561019641324,14.928660580599631,0.8261212998632167,-0.29470245276898194,-0.0027912489393357182,-0.25035884563346344
CSX,2017-02-01,13.636084743418289,13.823561574921804,13.595073584148778,13.794268608093262,35426700.0,0.014976773882244256,0.01656398010395195,0.01160038732901855,0.0034490896490651647,13.707559585571289,12.357132911682129,12.697434029821743,0.11630009215588352,1.0704329681396487,0.05493904205905788,0.5484143068896007,0.01865300106041092,0.45875733182792217,73.00461145870193,0.8745512173619527,0.12254694667279908,2.9908580780029297,0.5971298688821355,486753600.0,3.5971512659065077,14.822257034255811,0.8738513264944126,-0.290149718659694,0.0006101435031716013,0.11743784195111664
CSX,2017-02-02,13.677091364517644,13.744467185543725,13.504261052593852,13.565777778625488,31131600.0,-0.016702906009659513,0.01770677191309633,-0.008138688477356748,-0.008494632582902504,13.730994319915771,12.498912906646728,12.780133434469718,0.0853566130068334,1.1390736961364745,0.055364360945226815,0.5567840484025409,0.01859160579639158,0.44401547784790496,69.7165592881661,0.8346887371107137,0.06614757313724795,0.23434734344482422,0.5206258326679515,455622000.0,3.616022451113706,14.86277714572179,0.8046069390132179,-0.2876905711557694,0.002293027610011143,-0.19881052093641235
CSX,2017-02-03,13.545273808243524,13.756186180443992,13.521839938312516,13.706388473510742,25424700.0,0.010311754448671748,0.01709759230773144,0.011894529970236984,-0.0015114481982943277,13.803056240081787,12.642450666427612,12.868348200092672,0.08415597854840338,1.210215520858764,0.0553628284687868,0.5584578994630073,0.01839140318760036,0.42852454359723025,69.80666429612623,0.8051621343735444,0.029296776320063,0.7206192016601562,0.4285284488098398,481046700.0,3.614710568275142,14.856147265320423,0.8455632386740035,-0.28386455941250693,0.00851252620016812,-0.24270499677694826
CSX,2017-02-06,13.636083277420381,13.84406566619873,13.633153310579491,13.84406566619873,26632500.0,0.009994632978944724,0.01523485663132882,0.01525235542692393,-0.005129374249550451,13.840258693695068,12.785109519958496,12.961273673055153,0.08282730348043761,1.2801146125793466,0.05536615650831811,0.5540638444637721,0.017345335833997097,0.41333694497760776,73.00549268798673,0.7838359152996066,0.00637644579690011,0.3720245361328125,0.4528617008062239,507679200.0,3.6269426601366055,14.920927577866278,0.8856650841615498,-0.2849787616511086,-0.001446730686362168,-0.24402781677423227
CSX,2017-02-07,13.846994631447762,14.145786694583618,13.846994631447762,13.967097282409668,44321100.0,0.008847700402314043,0.021392566908813516,0.008673553659733645,0.0002115682863440117,13.869258785247803,12.941682720184327,13.057066397755584,0.07923348025107022,1.3609428405761719,0.055013011400707676,0.5362784129147412,0.01741452129335527,0.3901147059198462,78.21314572229761,0.7680092239815846,-0.0075601964168975355,0.29000091552734375,0.7397406098502564,552000300.0,3.6344175846726263,15.016098375646719,0.921501047744533,-0.287731844697439,0.0008851659033845356,-0.5495580878816776
CSX,2017-02-08,13.93780372835656,14.078412795834284,13.756184346353331,14.049118995666504,25803900.0,0.005855319418143797,0.022935847406541667,0.007986571591869423,-0.0020973258409247965,13.87423849105835,13.096059083938599,13.151547597556624,0.072774558026908,1.439449224472046,0.05504137218883042,0.37662952595198934,0.017458210644869812,0.3647642221033347,61.35309457595709,0.7534001953855984,-0.017735380010306945,0.04979705810546875,0.4302080441746881,577804200.0,3.646033110522021,15.071828881793964,0.9453918753204822,-0.28666490750434226,0.0007517920495786275,-0.5830706979057799
CSX,2017-02-09,14.090132275520407,14.104778759641134,13.923160177506654,13.987606048583984,18324900.0,-0.004388033601444217,0.012984250593250406,-0.0072764559573757406,0.0029192777046413948,13.849339199066161,13.238278770446778,13.231172211940182,0.05660307439740655,1.5050372505187983,0.05518421900267893,0.33457257804772234,0.017317767430549507,0.3372836318302252,67.41347483778398,0.7284616023264849,-0.03413917845553638,-0.248992919921875,0.3084277998559428,559479300.0,3.6789809070212756,15.222766090293026,0.9274747268718123,-0.28314460004028863,0.005257300573316708,-0.8304625267056106
CSX,2017-02-10,14.20730766625507,14.3332677663963,13.8880082744483,13.993464469909668,46284900.0,0.00041874176382319836,0.03181910333251983,-0.015051634086401828,0.0157068777107379,13.840844249725341,13.375811433792114,13.303771474603941,0.04617686479619025,1.5665827846527094,0.0552477288976245,0.329969215527037,0.017707019619161147,0.3059323400081727,60.880212433505086,0.7010886003223753,-0.04920974436771686,-0.08494949340820312,0.7649373195437734,605764200.0,3.6913830145550093,15.276958993653828,0.9291811351898257,-0.27847721821336563,0.003787873077505754,-0.9841236826266382
CSX,2017-02-13,14.093058269899098,14.192655339552623,13.987602105394197,14.03447151184082,20087400.0,0.0029261570468637685,0.014610684412692204,-0.004157135870459789,0.0071171653169654825,13.853147315979005,13.509242916107178,13.373361954340787,0.03887920285358167,1.6291242599487301,0.05528702081618749,0.31490397771298173,0.017636253992681285,0.2710572315229565,58.00517051108251,0.674924119472383,-0.06029938017416747,0.1230306625366211,0.33795409521646413,625851600.0,3.707390788084153,15.355898325455463,0.9411254378540379,-0.27904479803443827,0.005177305339943946,-1.050755691529315
CSX,2017-02-14,13.952451487941289,14.122352684767975,13.949521521168208,14.060836791992188,19222200.0,0.0018768463122501944,0.012291669845581055,0.00776819071147266,-0.0058441832904310865,13.900309562683105,13.654391670227051,13.438835748402825,0.029766622459745058,1.7076012229919435,0.05488990096073344,0.3031867713082699,0.017411410913519457,0.21544491889330436,51.5884707505951,0.6488366526136957,-0.06910947762628383,0.4716224670410156,0.3333789465633206,645073800.0,3.7365386233243063,15.560021159875278,0.9488049697374494,-0.3095903714683321,0.003405128926639119,-1.7382789742458589
CSX,2017-02-15,13.764973256612704,14.016896765871559,13.697599105240348,13.867500305175781,37640700.0,-0.013845405446643972,0.023024889389188546,0.007448401580716715,-0.021041673390873962,13.907632732391358,13.807596158981323,13.479660944285964,0.004338492052108094,1.797180414199829,0.05426260340147708,0.29628183746907916,0.01714284179523879,0.08727694510643944,40.24761701256983,0.6055807505411792,-0.08989230375904034,0.07323169708251953,0.6668959300261297,607433100.0,3.837968983562651,16.112577211759987,0.7049169272473946,-0.40774124257164684,0.005076606569659756,-1.8578564202865204
CSX,2017-02-16,13.920230330959264,13.97588713536817,13.53941589680528,13.9700288772583,53142000.0,0.0073662454037228525,0.031243402744386417,0.0035774225795878363,0.0038024174958050604,13.948057842254638,13.839526081085205,13.52636265218809,0.009429715685962433,1.7637273979187018,0.01610274248859239,0.30109433924483664,0.015211951474713901,0.08131197345378544,47.04945288315054,0.5729685110716751,-0.09800363458283556,0.4042510986328125,1.1989759226764087,660575100.0,0.056370352112952285,-0.14317953666016936,0.786885377098719,-0.05920613577048807,-0.002687758198185071,0.4453175820486408
CSX,2017-02-17,13.923162672368134,14.245389571219931,13.911445315353678,14.219026565551758,35299200.0,0.01766672636861844,0.023485732608116473,0.021249762007793983,-0.0033547679322595966,13.99932165145874,13.901188945770263,13.59233064393701,0.02286406011898741,1.752215232849121,0.014974824823736637,0.2964910111862932,0.014504853207293448,0.06060494046477995,58.01539124509238,0.5607511189742862,-0.0881768213441797,0.5126380920410156,0.8985088360674203,695874300.0,0.041215580961565995,-0.05838790869557921,0.9770162414917882,0.21942496726917757,0.003766628698130663,0.6190132579118918
CSX,2017-02-21,14.216094450393756,14.353772745948747,14.18680148132805,14.327409744262695,24664500.0,0.007593501222128795,0.011653974277350413,0.007830230325028267,-0.0002062106814755752,14.047656059265137,13.943957376480103,13.662338177301361,0.027499536711821735,1.725968351364136,0.012875047909442638,0.278496414194925,0.013886391276326371,0.05900149498916379,71.64953470732095,0.5534347135646769,-0.07639458140303135,0.48334407806396484,0.6666642340294324,720538800.0,-0.5128966676873896,-0.6138784816827566,0.9999999868702991,0.1402200977716592,0.007743209572823365,1.1446540873548905
CSX,2017-02-22,14.292254788676146,14.292254788676146,14.069625909081042,14.175081253051758,24942000.0,-0.01068888621319135,0.01570565103795611,-0.008198393980299456,-0.00245368536351286,14.068454456329345,13.968856620788575,13.711170851182352,0.01476317195183159,1.685426177978517,0.012898352515217832,0.2801704559957122,0.013435302354312699,0.05777942799695038,61.52475893339029,0.5292439782489886,-0.08046825337497576,0.20798397064208984,0.6982585110229352,695596800.0,-0.29419879538726096,-0.8242273568484499,0.7999972347753724,0.033715313916117984,-0.0017214957276574007,1.1447285663989482
CSX,2017-02-23,14.23073652276773,14.265889415693792,13.92901534733592,14.03447151184082,25502100.0,-0.009969027646884858,0.02400333123150758,-0.01379162706110857,0.0039262751812438445,14.066989707946778,13.970614099502564,13.741961390292683,0.004570837894701435,1.6248473072052008,0.012081779866240119,0.283518064057031,0.013553755355917511,0.05789582781661103,64.98123767341053,0.49304312104466597,-0.09333528846343875,-0.014647483825683594,0.7430990360176668,670094700.0,-0.2857454023879173,-1.0516734240883576,0.6153808508672538,-0.05998115237695939,-0.00024539166957936886,0.8534858795664888
CSX,2017-02-24,14.002126580721093,14.257941130415675,13.987424865854138,14.255000114440918,25135800.0,0.01559117630456752,0.018976938785675166,0.01805965202942782,-0.0023046775286435246,14.09372911453247,13.971534156799317,13.790822221163943,0.020288821145933434,1.557555770874023,0.011994425693684193,0.28610163708774966,0.013088134520486114,0.058267504126743135,66.68337147016771,0.4766539263365033,-0.08777958653728124,0.2673940658569336,0.7652874120697222,695230500.0,-0.3075935695961072,-1.0590593624588072,0.9049283090285213,-0.04795623188857397,0.002326124945854314,1.11855380916124
CSX,2017-02-27,14.196195261070264,14.352037180659945,14.110925124435825,14.322633743286133,25857000.0,0.004733334848955647,0.016834337911987962,0.008906504869131884,-0.004125208902038706,14.126646041870117,13.98374514579773,13.841470937556531,0.024234466085806948,1.5003196620941175,0.011733267502309581,0.2882587585595268,0.012814134840641358,0.062112791520118366,65.20090463580411,0.4637767108310218,-0.08052544163421027,0.32916927337646484,0.8026185908777681,721087500.0,-0.4991603492202383,-0.7609451499823171,0.9937292404608318,-0.08348252017016809,0.0023859013317803547,1.026750017352735
CSX,2017-02-28,14.534338970070547,14.584324468332671,14.222656868096053,14.278524398803711,24099000.0,-0.003084447086649838,0.025329480143404717,-0.017600702157395325,0.014781165990762873,14.151051330566407,14.002099323272706,13.88309507672293,0.019741687953288737,1.446828060150148,0.011388885414374293,0.2925406565489362,0.012678003495180985,0.06457341140395395,60.414082187552026,0.44488382549529604,-0.0795346615759489,0.24405288696289062,0.7738037613239722,696988500.0,-0.5941807750197267,-0.42207190719007925,0.9358149906743539,-0.26398742626522265,-0.00486350292252183,0.7854194736118766
CSX,2017-03-01,14.466712112733648,14.640195091442864,14.454951410365522,14.469653129577637,28384500.0,0.01329695050629709,0.01280221988864975,0.00020329545656752802,0.0131797732506381,14.191932964324952,14.046121263504029,13.938957748423377,0.030152941023944377,1.4162947559356684,0.01010611310854568,0.2953579596316648,0.012116035529035804,0.06468106605474512,63.10623803692652,0.4402585425675589,-0.06732795560294891,0.4088163375854492,0.9503844378628982,725373000.0,-0.5256011568256852,-0.6748291190930042,0.9999999889365276,-0.1650507457719299,0.014077172810526391,0.5374981008789831
CSX,2017-03-02,14.469650073198146,14.484351789304862,14.252061982813046,14.278524398803711,24666900.0,-0.013296950506297239,0.01626847424873099,-0.013208728160500118,-2.112268665640187e-07,14.233035373687745,14.07033405303955,13.97129742941198,0.01479640390763758,1.366083965301513,0.010331236979268228,0.2989773328000459,0.012103818372380042,0.06386952952779393,58.38892030016962,0.41637081767562734,-0.07297254439590439,0.4110240936279297,0.8410600734545369,700706100.0,-0.35574647234306445,-0.9803601753872779,0.7885452474635557,-0.1328480929977539,-0.006935403663099563,0.8268751404621444
CSX,2017-03-03,14.266763057683553,14.593146899586063,14.181493771042597,14.549041748046875,34888500.0,0.01876851405285603,0.028294174672962833,0.01978575583136898,-0.0008237084443503982,14.2909366607666,14.11949725151062,14.026320697853397,0.03042208152916347,1.3365263652801502,0.010060988940724899,0.2965768782711506,0.012476458129785158,0.06115070396666219,63.899141427131056,0.4144901286808267,-0.05988258671256408,0.5790128707885742,1.1820123125647315,735594600.0,-0.33496450961191915,-0.8453238616795928,0.9999999881327228,-0.19271506458593038,-0.00028436331682080265,0.7188643951332684
CSX,2017-03-06,14.443191652129379,14.684304602067773,14.396145469093236,14.64019775390625,35431800.0,0.006245884014496026,0.01968273501617496,0.013640066996398716,-0.007275399833924194,14.33305377960205,14.166187715530395,14.084785179382239,0.033460663369312686,1.3049578189849846,0.009956108020035258,0.3025130139008728,0.012546755954359582,0.06287639150481869,64.78281148755838,0.41556482433828634,-0.04704631284408356,0.4211711883544922,1.1804090044340547,771026400.0,-0.294573037519909,-0.7788982688068253,0.9999999874392703,-0.1844036445429393,-0.0021853452443621104,0.6270085775214971
CSX,2017-03-07,14.613728337597509,14.793091614318232,14.22559667194511,14.243239402770996,53741700.0,-0.027488649959990133,0.03984310916396706,-0.025352115919202948,-0.001807995817657477,14.324636745452882,14.18614640235901,14.099876057800216,0.004024560214780596,1.2538936328887935,0.011915081564782907,0.3307032838132553,0.013444900744946106,0.05915776391354723,53.76966943872106,0.38000484763361975,-0.06608503163900015,-0.08417034149169922,1.713046392795105,717284700.0,-0.6352582001679502,0.1949006210784366,0.4862693585307618,-0.21897165403830737,-0.002874213418934184,0.9772121609451992
CSX,2017-03-08,14.205014143039666,14.310868854567206,13.972724336428914,14.01094913482666,35389500.0,-0.016443261254153334,0.02413430488429752,-0.013661725800399552,-0.002683747611789334,14.308223533630372,14.188338994979858,14.09140682704083,-0.012502510703752048,1.190822248458863,0.012413390064750705,0.3289109146265733,0.013522490921362916,0.05853065170577851,52.917644439082245,0.3292836496656424,-0.09344498368558202,-0.16413211822509766,1.1443496734483034,681895200.0,-0.40703459323883556,-0.36240535077973873,0.18564682467904495,-0.010144535683121122,-0.003637453201147993,1.1259163771057494
CSX,2017-03-09,14.019770255020036,14.175610462101089,13.960962550343057,13.990365982055664,31911300.0,-0.0014701564117526504,0.015342551583950263,-0.0020973434249996845,0.000629587625255872,14.303812980651855,14.185401344299317,14.081783889423196,-0.013749019679448936,1.1227980041503915,0.012346125117174278,0.3130663912833692,0.01331870667721499,0.059240535753557685,50.42790575598958,0.2841503382199342,-0.11086263610503222,-0.04410552978515625,1.0217895509864543,649983900.0,-0.3203198794092299,-0.3500706536656646,0.15900877567495747,0.0070496331181401205,0.00021566539927519548,1.1356674994427391
CSX,2017-03-10,14.128567918678499,14.14621065522827,13.978608864265363,14.055058479309082,21674700.0,0.0046134165010290554,0.011924659809109953,-0.005202893866704965,0.009878364640360056,14.283818817138672,14.188773965835571,14.07923861226947,-0.009424033876954813,1.061020460128784,0.012347456179382073,0.3011847866474159,0.013301154221544617,0.058431484620532236,46.259934070877506,0.25071195623317166,-0.1154408144734358,-0.19994163513183594,0.690314773561677,671658600.0,-0.4360662389330448,-0.2832529913441283,0.2427317082696975,0.005116046362722902,0.004194110565390607,1.2204590724694855
CSX,2017-03-13,14.084458855872013,14.234418709971198,14.075637490042238,14.137385368347168,51573900.0,0.005840367972092615,0.011231300257575367,0.003757795242029422,0.0020918003725286663,14.265293979644776,14.195970010757446,14.084776398562585,-0.00412685025157726,0.9994279193878164,0.01240963641926176,0.3020697127932315,0.012697660383771178,0.05707965574972049,45.613455752822176,0.22822406455731326,-0.1103429649194354,-0.18524837493896484,1.6288517084831744,723232500.0,-0.4973844990566821,-0.29524399709599924,0.34927649899975616,0.013214475323302726,0.001496838654974917,1.2403644593990393
CSX,2017-03-14,14.119744642234476,14.169731828202139,13.93744115628492,14.06387710571289,14535900.0,-0.0052131303822294936,0.016516830328591175,-0.003956695955709887,-0.0012478068364882005,14.243829250335693,14.19744029045105,14.082785989719756,-0.009407553897443879,0.9318806934356694,0.012461815152390145,0.30024877256005755,0.012741202168223246,0.05675529848647892,47.33600845853754,0.20214059497654446,-0.10914114760016336,-0.2146472930908203,0.4631456395315493,708696600.0,-0.388629087322732,-0.4173748824822534,0.25414448865892963,0.0014958526135265486,-0.0035296159797561827,1.2643563094006376
CSX,2017-03-15,14.146210070524056,14.166792140645429,14.002130532162768,14.099163055419922,26182500.0,0.0025058351633298506,0.01167882149000058,-0.0033257681647301533,0.005854215320021587,14.206780242919923,14.199356603622437,14.08434571026263,-0.0070562033900152,0.8623162174224852,0.012467137048033424,0.287947882568971,0.012730623003439509,0.056412667544130594,51.63210173820736,0.18221606528189938,-0.10325254183584676,-0.37049007415771484,0.8250828982602592,734879100.0,-0.3963250534763038,-0.4177405746763339,0.29981042078844067,0.0057466528916918875,0.009782680396705138,1.1209213579382773
CSX,2017-03-16,14.084461189322395,14.137387710566179,13.960964571000423,13.996249198913574,22819200.0,-0.007326058494265523,0.012605029894684247,-0.006263071708820185,-0.00104274743399574,14.178552722930908,14.205794048309325,14.075955566324623,-0.014750660799611537,0.7990967178344714,0.012166792377823735,0.2812269450692723,0.012463431503256324,0.05374603311880563,43.06012410540263,0.15631949004163204,-0.10331929366089132,-0.2822751998901367,0.7362908612194721,712059900.0,-0.44020506950668536,-0.16076723333683038,0.03912494623022898,0.03564536873937637,-0.001467575358949975,1.2964664565103676
CSX,2017-03-17,14.060934036993805,14.06387421166574,13.784538269042969,13.784538269042969,46599900.0,-0.015241830614492554,0.020264439560525396,-0.019656999117103387,0.004621583765831473,14.102102375030517,14.19651951789856,14.048201538012085,-0.029019876902657525,0.7287349796295164,0.012534923542487818,0.28395722266917595,0.012018359274923163,0.05826183528940258,36.603278651158234,0.11736011058973439,-0.1138229384902312,-0.7645034790039062,1.519644793680873,665460000.0,-0.22586897979617457,-0.5378543311654352,0.0,0.03155259776977998,-0.0007523990241955186,1.4218087573922225
CSX,2017-03-20,13.808060507670142,13.878629747306741,13.67574339366444,13.784538269042969,20715900.0,0.0,0.014718400405034868,-0.0017035150312461878,0.001706421946682009,14.016536426544189,14.17479510307312,14.023090750491217,-0.02753174428218312,0.6480324649810782,0.011766687301936486,0.2726157050552961,0.011756031687781918,0.06383202906345703,37.425265122493826,0.08549894309220996,-0.11654728479020451,-0.8556594848632812,0.6920102098388453,665460000.0,-0.24431721717499674,-0.24613399611854633,0.0,-0.04418095754025107,-0.00026769580264768956,1.3276781084358618
CSX,2017-03-21,13.831586197784379,13.831586197784379,13.352303173641888,13.414051055908203,51976800.0,-0.02724480490587137,0.035729923953986414,-0.030187075864303893,0.003413094281661166,13.93361759185791,14.129127168655396,13.96508697005474,-0.05061006983740265,0.5539012813568114,0.012841090444999691,0.2810165858769631,0.012576310415897293,0.07917047658094457,25.37735492295407,0.03000760747408826,-0.13763089632666098,-0.829188346862793,1.6605239790048032,613483200.0,-0.21041558306209107,-0.41993917354160726,0.0,-0.028627589537636142,-0.012407282729854578,1.4948673980232192
CSX,2017-03-22,13.419932912218114,13.734554391461423,13.358185023021397,13.658103942871094,26954400.0,0.01803029707586674,0.027556487343653083,0.017747557473714225,0.0004384847116948987,13.898333072662354,14.103278303146363,13.935850491275344,-0.03156531061121817,0.47160300254821763,0.01356163074017838,0.2913079831589781,0.0129476422913568,0.08464489415671068,35.87696141856043,0.005658129155229119,-0.12958429971641608,-0.3528451919555664,0.8583639324356536,640437600.0,-0.29481598593177005,-0.5285620944584031,0.1990405270192834,-0.1975519983431531,0.002096548851233204,1.5474652994209428
CSX,2017-03-23,13.643403033731094,13.719852640888814,13.52578676511971,13.558131217956543,17911200.0,-0.0073465836821149785,0.014313615397974653,-0.006250040078983959,-0.001076350656100645,13.855109596252442,14.079461288452148,13.899877227149744,-0.03702770012395255,0.3958551979064939,0.01349166529395472,0.2757660365322379,0.012688682190537315,0.09155972752403328,25.544413329059083,-0.021458609739115175,-0.1253608308886083,-0.4322347640991211,0.5773612201716688,622526400.0,-0.3227210518993086,-0.4585788038463504,0.11750646240659267,-0.18645401140218704,-0.0013154153236536515,1.5538154559942292
CSX,2017-03-24,13.599295748349673,13.761017155943676,13.537547865155318,13.619877815246582,17227800.0,0.004543872470833699,0.016407584107560703,0.0015134656439401482,0.003036150759376907,13.811591529846192,14.047705173492432,13.8732106164923,-0.03045532013678263,0.3145657730102531,0.012956444282478564,0.27114533351893944,0.012618231618512714,0.09541959515655367,24.44766285186668,-0.037533720943864424,-0.11314875367468605,-0.4351806640625,0.5625014692860445,639754200.0,-0.3548274896961514,-0.23650573360430205,0.1678647081917597,-0.2479808789685888,-0.0010944518039188711,1.4833259874887674
CSX,2017-03-27,13.49050143856999,13.675745937384894,13.387588575896688,13.587533950805664,16295700.0,-0.002377578577143791,0.02120748051349821,0.007192654229905359,-0.009499084972096018,13.756606388092042,14.010950183868408,13.846003314998333,-0.030220379596399297,0.23091632843017607,0.0128531055518717,0.25119264917001694,0.012736628231910947,0.09808654831552291,29.909939708518124,-0.05228058391217161,-0.10231649331439459,-0.5498514175415039,0.5405045033749815,623458500.0,-0.2803223294645937,-0.17982377147311365,0.14148624611218813,-0.2464699020444176,-0.0026597794966928606,1.4575547827436652
CSX,2017-03-28,13.58753556908506,13.984488714716985,13.58753556908506,13.9197998046875,25941900.0,0.024159521832135704,0.028517159097234287,0.024453605579397412,1.1910030198033429e-07,13.742198657989501,13.993013954162597,13.853031552111586,-0.005232192986795228,0.16190093994140575,0.014197804974602962,0.2553933810109476,0.012876486308681186,0.09667365491866838,47.36850220179415,-0.0367330655986251,-0.06941518000067846,-0.14407730102539062,0.8578330224991072,649400400.0,-0.12980343051853457,-0.35259689371507236,0.4124700131561276,-0.22609944394381976,0.007094108227102407,1.6818120457054253
CSX,2017-03-29,13.872753393924809,13.905097005174525,13.778660211760545,13.902156829833984,10467000.0,-0.0012682772423387154,0.009094760975696007,0.0021195097378471487,-0.003379819496171808,13.722498035430908,13.964639139175414,13.85771014998991,-0.0044743232330398345,0.07864022254943848,0.013778741452419072,0.2501427868087278,0.012821248979060795,0.09148161879461131,47.44905501352502,-0.025540767870074532,-0.046578305817702316,-0.1970062255859375,0.35668373071349524,638933400.0,-0.03360885904569783,-0.06910708737177043,0.3980810540385668,-0.16111826816431643,0.002443872325602248,1.969045362116577
CSX,2017-03-30,13.890396366493698,14.022713520869706,13.881574998534779,13.9197998046875,14281200.0,0.001268277242338628,0.01013940748540066,0.0021168177939636245,-0.0008459452359973376,13.714853096008301,13.946702909469604,13.863623450437299,-0.0019289938960295034,-0.0016237926483153586,0.013531882518434454,0.24825255333530066,0.012708902650810634,0.08913321217453968,45.97899411488199,-0.015073393959163184,-0.028888745525432774,-0.07644939422607422,0.4954270513743823,653214600.0,-0.1791625155491084,0.17998372924197995,0.4124700131561276,-0.10108062399441206,0.003707963135987193,1.9384873344190612
CSX,2017-03-31,13.84922915947687,13.960964232451587,13.681627391266662,13.687508583068848,18881100.0,-0.016828638305645433,0.020408158248058285,-0.011677225825767997,-0.005069803172518698,13.705150127410889,13.903626251220704,13.846850605926017,-0.015543978545372764,-0.05182201385497898,0.013080291142263204,0.2553937398012156,0.012414405043998808,0.08089829896076577,37.72080068719577,-0.025231037275357693,-0.031237111073301828,-0.0970296859741211,0.673707354721582,634333500.0,-0.05189776219874226,0.26996482289043955,0.22302186628802673,-0.18032383604034452,-0.0015359677581725517,1.990843921024849
CSX,2017-04-03,13.719851251925698,13.831586317231384,13.634580286035659,13.702208518981934,19452600.0,0.0010733909568846369,0.01437768451142813,-0.0012859274215009013,0.002362933229269923,13.696917152404785,13.856726789474488,13.833075169074199,-0.011151137843745718,-0.11305026054382239,0.012938197667971309,0.252873408321109,0.012277842779794228,0.06476466449464365,39.800988067352094,-0.031729127182154926,-0.030188160784079248,-0.08232975006103516,0.7144675210482647,653786100.0,-0.006202463149803239,0.41811448456067196,0.34751749791080616,-0.13661092564291483,-0.0017699063303978657,2.029965432282939
CSX,2017-04-04,13.70220788716385,13.910976291530172,13.672804455282465,13.905095100402832,9465900.0,0.014698301351030627,0.017128386000093386,0.01480689936320745,-4.611067501989722e-08,13.746021556854249,13.83981957435608,13.839934210153118,0.00471650123009567,-0.13861855506896958,0.012241344580874622,0.2581241388757552,0.011337066510166563,0.05943960929881654,44.99994348691624,-0.020273953210232065,-0.01498638944972511,0.4910440444946289,0.3784404219899156,663252000.0,0.037584212029140564,0.41707298633839157,0.6788618060303137,-0.2699267634031606,0.00042899405832426944,1.9086655042827216
CSX,2017-04-05,13.969784459438355,14.163850313042655,13.793361338548902,13.860989570617676,15314400.0,-0.0031769381534281875,0.026728897861600757,-0.007787871683816438,0.004652205437534087,13.766310119628907,13.83232159614563,13.841939482578315,0.002072535277088622,-0.14979439735412647,0.011725562869345724,0.27198598422775494,0.011440587860458784,0.05835263611037283,46.406204548610376,-0.0145864494463126,-0.007439108548644515,0.20288562774658203,0.6378564185801547,647937600.0,-0.01760389095507419,0.9366711197978778,0.6178865026098432,-0.291767074797068,-0.0029591988044973946,1.800319074217297
CSX,2017-04-06,13.90509917461406,14.090343709999674,13.88157608571595,14.028594970703125,13143900.0,0.012019355655192738,0.014881577572073828,0.008881331556018383,0.0031822839034441734,13.813356494903564,13.834233045578003,13.859716195733059,0.014049345886019192,-0.14846840858459487,0.012052438082714627,0.26841585542484264,0.011432718932881504,0.058850379413913724,56.640117819590316,0.0034060307111101196,0.008442697287022563,0.47046375274658203,0.5697202892228032,661081500.0,-0.13765940039377883,0.5680091153696898,0.8495987204406124,-0.29539319350136223,0.0015072787441806135,1.8357506717923326
CSX,2017-04-07,13.984487161526415,14.0962213920058,13.878632440280048,13.94626235961914,16870800.0,-0.005886203302428158,0.015601954567825427,-0.002733371732961149,-0.0031441359073252407,13.84599494934082,13.828793239593505,13.867958687531733,0.008494531517710974,-0.14810148239135756,0.012078327460574453,0.269466041002232,0.011511276669866241,0.05748061506014622,54.2113973455134,0.010896044415085626,0.012746168792798456,0.3263845443725586,0.7389556122046727,644210700.0,-0.0021911587042332905,0.5202213268398055,0.7357749897950482,-0.3246938260050992,0.00020932335502964563,1.8660266409990585
CSX,2017-04-10,13.996247539766465,14.093280885963992,13.9550817247884,14.019770622253418,17039700.0,0.005256979563054977,0.009857448092355395,0.001680670652624491,0.003584127335224544,13.889218616485596,13.822912502288819,13.882416967029036,0.014241435727239309,-0.15280935287475472,0.012063241299693665,0.24573286258811486,0.011488757526464522,0.05517997167509082,68.65937185836641,0.02250402431449494,0.019483318953766218,0.4322366714477539,0.8074198642998992,661250400.0,0.003874667728649158,0.5389299610779608,0.8841175719236228,-0.32512097582371285,0.0006128131127682721,1.860137673052198
CSX,2017-04-11,13.955081189352695,13.990365811729307,13.669864035454678,13.881571769714355,18522900.0,-0.00990633215988202,0.023088291555994584,-0.005267573770507702,-0.004614157723667892,13.885395812988282,13.813797235488892,13.882336472046685,0.004906292822320062,-0.16132723808288496,0.012205944185331108,0.2438426638994516,0.011694022550318482,0.052919378040459444,57.36427092074207,0.020317729454054856,0.013837619274660904,-0.03822803497314453,0.869487458245788,642727500.0,0.04337108082631152,0.3774306523827923,0.6824004065252858,-0.3340111038531212,-0.0006283036518648377,1.8920134675078983
CSX,2017-04-12,13.972724296974185,13.972724296974185,13.616937888753789,13.643401145935059,16845300.0,-0.017306216352913014,0.026077545064809592,-0.023569000864809307,0.006566441377964029,13.85952024459839,13.791009140014648,13.85958072670272,-0.010703204716999582,-0.18519906997680735,0.012725007843402077,0.2553941305031154,0.012094727450982008,0.05031633415367218,52.5754440460499,-0.0006260867005263293,-0.005684957503936225,-0.2587556838989258,0.8084561713694989,625882200.0,0.16629939655936601,-0.0015573849561703497,0.3732037382086095,-0.25866271245079625,-0.0059072516050064595,2.558213821701188
CSX,2017-04-13,13.634580738338036,13.816884217710939,13.53754822768388,13.649282455444336,14031300.0,0.0004309806749831842,0.020465250897906316,0.0010782669000566742,-0.000646496244057943,13.832468509674072,13.773660802841187,13.839552319916208,-0.009030159024331031,-0.1996476840972896,0.012658884850928063,0.2593846090201654,0.012286630128460407,0.049128180188635184,50.91913857997218,-0.01655876028869585,-0.017294104873684598,-0.27051734924316406,0.6879104926536936,639913500.0,0.07277368383610358,0.051282796428071875,0.3827739402266996,-0.295417174109271,-0.006949654446795681,2.219903612860879
CSX,2017-04-17,13.719852263829805,13.89627540002045,13.640461642231047,13.88745403289795,11699100.0,0.017298892115385513,0.01842049357523749,0.012216003922287047,0.005170221117178298,13.852463054656983,13.778806591033936,13.844114387819232,0.007885112629036519,-0.20093542098999073,0.012863814825344244,0.25707435161310804,0.012244544975378987,0.04966222748232139,58.30617774098927,-0.0098534783140245,-0.008471058319210597,0.19994544982910156,0.627232173373876,651612600.0,-0.10296602139509863,-0.022309448926611086,0.7703322055420601,-0.28316823442802036,0.009085938323542231,2.1245640518601228
CSX,2017-04-18,13.802185044544661,13.919800485576946,13.681629427799566,13.71103286743164,15871200.0,-0.01278501746840558,0.017370759743645405,-0.006604184541711273,-0.0061400014827264066,13.853345489501953,13.775131320953369,13.831439957306129,-0.00465320090446092,-0.2047035789489744,0.0131965692382389,0.24573265831782656,0.012304032955663076,0.04986675007808636,43.67203796291585,-0.018561245199398613,-0.013743060163667768,0.008824348449707031,0.8621102668102866,635741400.0,0.007283158230634603,-0.3098724647616989,0.4832556299739561,-0.38175743580064,-0.0020440121641136125,2.1594137816245342
CSX,2017-04-19,13.813943736433842,13.913916420043575,13.725732594498892,13.79924201965332,20571300.0,0.006412837013065597,0.013637258139009832,-0.0010642664441832322,0.007505697783472581,13.842760181427002,13.794390869140624,13.82837348705348,0.0003516755874700138,-0.18454755783081112,0.011663417029474548,0.250142941152468,0.011502386952767766,0.04327244859389639,47.00850815165866,-0.018135417992771963,-0.010653786365632894,-0.10585308074951172,1.2216146206805631,656312700.0,0.24278898025245427,-0.5607810383251215,0.5124960109343278,-0.28023549490212835,-0.002619316298585352,2.0076887102906382
CSX,2017-04-20,14.760752651796706,15.078313512109492,14.513759375994278,14.5725679397583,76082100.0,0.05452718857373763,0.038740882077135,-0.012748991631906969,0.06967851065833697,13.913918018341064,13.840114068984985,13.899249149215843,0.052922531355049256,-0.150933771133424,0.016560173531576086,0.33142386758969977,0.012026768541281355,0.065244895547734,63.182930526221725,0.04409469573011471,0.04126106188580302,0.711578369140625,3.9429316815766318,732394800.0,1.733460255764013,4.543914687236348,0.9999999901423129,-0.06319256127498617,0.007867170759766274,2.8201941273964626
CSX,2017-04-21,14.651958281252952,14.937174678144022,14.554924910117553,14.928353309631348,48706500.0,0.024121458288397422,0.025605621738591374,0.018864033262505294,0.005447930784940849,14.003893852233887,13.908625173568726,13.997259069255414,0.07331624249968739,-0.10000735282897821,0.016996275458472942,0.3387747909355244,0.012373462472305266,0.0928196915363797,73.86880376406222,0.1207297180871496,0.09431686739427034,0.8997583389282227,2.3376593457779085,781101300.0,1.416801148769998,3.178620166261198,0.9999999925418739,0.16236999607049313,-0.0025816942933957767,2.5656765674664683
CSX,2017-04-24,15.13711684443327,15.190043355776474,14.722522754321826,14.740163803100586,33590100.0,-0.012686311876201579,0.03171746309605498,-0.02622382091730141,0.013984364549252377,14.083283996582031,13.964639472961426,14.068011901050193,0.055534862295639136,-0.059044208526611186,0.017445068940470567,0.35809726023973315,0.012879931131620387,0.10440968228149963,68.71679043351243,0.1643832966996115,0.11037635680538577,0.7939014434814453,1.5512406655675472,747511200.0,1.4146240669146894,2.911676624177931,0.8596458845194176,0.09146445369781966,0.010102688401926579,1.636031867700709
CSX,2017-04-25,14.757811928477585,15.025387281546124,14.731349504385491,14.978341102600098,33296700.0,0.016029231613924097,0.019630864001994854,0.01494321618890983,0.0011972814965113627,14.1791410446167,14.034179830551148,14.154709920245422,0.06727584251083883,-0.009201383590697887,0.017574669476920816,0.3620876845906564,0.012835806924833663,0.1190193055850781,69.1099437321531,0.21571140301760572,0.12936357049870398,0.9585704803466797,1.479606732211298,780807900.0,1.2294376106958,2.3949397016526333,0.9999999925090265,0.08030806272317972,0.00665009580023691,1.6550583755551453
CSX,2017-04-26,15.013623331911084,15.163583205191182,14.88718654301799,14.934232711791992,24558900.0,-0.0029491559670703008,0.018507590413731227,-0.0052879054152337335,0.0023555498615839385,14.284407138824463,14.084901475906372,14.228950186107,0.060300829035864076,0.023525037765503853,0.0170405429180212,0.3553668051391878,0.012486274840951057,0.13125743013778562,69.10987331936148,0.24994886365222158,0.13088082490665587,1.0526609420776367,1.094688561418523,756249000.0,1.524673851934994,3.6085171106058915,0.9669585135590049,0.08635273349917975,-0.0024183363985826435,1.525788784055733
CSX,2017-04-27,14.934233003079335,15.181224552708482,14.904829567648006,15.069489479064941,23585400.0,0.009016060251177608,0.01834136355079933,0.009056807668510166,1.9504674147791646e-08,14.42701597213745,14.14326810836792,14.30900154734109,0.06548849697256456,0.061718616485595845,0.017039835099363083,0.3587268655447933,0.012668492688817297,0.14401484174743925,68.74987760133664,0.28471437847716174,0.13251707178527683,1.4260883331298828,1.0214321721641608,779834400.0,1.4271215512610482,3.388741259467779,0.9999999929878117,0.0771556974661677,0.002920739277072495,1.567410121841455
CSX,2017-04-28,15.142998366593133,15.16358043072699,14.922469280502003,14.948931694030762,19829700.0,-0.008032296736402903,0.016128988690293104,-0.012815604140227645,0.004877994548542128,14.556980895996094,14.194724702835083,14.36994727559725,0.05313290725850021,0.09154658317565989,0.0172478170292233,0.36040702258045293,0.012778040382719836,0.15123808688944976,67.81597158323936,0.2990905638959447,0.11751460576324779,1.2996492385864258,0.8485855303065802,760004700.0,1.4454168993897714,3.264418258942536,0.9154626039719338,0.05630798400776865,-0.0031334452689446533,1.6769976452384119
CSX,2017-05-01,14.95775599328471,15.16358340500919,14.954814976758689,15.148880004882812,23321100.0,0.013286763462047723,0.013781113071277237,0.012777585868087936,0.000590296312442987,14.68312349319458,14.267793273925781,14.444131345053018,0.06175353918024639,0.14103813171386648,0.016677000080566377,0.3652379643399941,0.012624483421357911,0.15779550177946416,69.199915024317,0.32289581015930224,0.11305588162128427,1.2614259719848633,0.9886034070872145,783325800.0,1.41608006497632,3.393585115347993,0.9999999933575953,0.021418517844580164,0.0011239009378457758,1.6086063210966404
CSX,2017-05-02,15.222391339420748,15.222391339420748,15.025385281001485,15.140061378479004,20003700.0,-0.0005823000904107393,0.013012236443063475,-0.00540847749253019,0.004852592040747614,14.826026344299317,14.339685916900635,14.510410395855493,0.055815410896486464,0.19451007843017543,0.016702733296482638,0.3543164980271743,0.012598665285836039,0.161347242576698,72.38491367465403,0.3371634396250567,0.10185880886963095,1.4290285110473633,0.8469863448713878,763322100.0,1.4245167850422715,3.386427472166134,0.9941423047604964,0.020122289731968498,-0.0022526464908693804,1.614726220539094
CSX,2017-05-03,15.151821021408834,15.184165473180144,15.05478934859864,15.148880004882812,13818900.0,0.0005823000904107752,0.008540309550264052,-0.00019410317227650577,0.0007767235968108927,14.960990142822265,14.401875162124634,14.571217025286666,0.05186858199706659,0.24026991844177203,0.016571408545181243,0.3381443349101106,0.012436582934974965,0.16548781474511887,79.15707606396124,0.3452029435677577,0.08791865024986556,1.3496379852294922,0.5797697937709643,777141000.0,1.5889588571023285,3.9223971964971027,0.9999999933575953,0.03972056209326469,0.0012413787872700625,1.605991585489865
CSX,2017-05-04,15.16946067602141,15.2459102651407,15.110652134965761,15.207685470581055,17882700.0,0.0038743209803079283,0.008894064151747061,0.0025198519166912,0.001358560575564943,15.02450189590454,14.469209957122803,14.631833067695656,0.051037721869169474,0.28695262908935604,0.016476100235018883,0.3278530592063878,0.011976277622055139,0.16793519959604936,79.5757721427713,0.3522587978399052,0.07597960361761041,0.6351175308227539,0.7462453937884451,795023700.0,1.5510493914404284,3.9254651918694483,0.9999999936073003,0.05221674939981588,-0.0011274467942332396,1.5803900529271873
CSX,2017-05-05,15.225334430416115,15.437042236328125,15.190048954845407,15.437042236328125,20248500.0,0.014969038108551873,0.01600003923688609,0.013904969173555526,0.001160528988398806,15.075370788574219,14.539632320404053,14.708519655184462,0.06172163753169334,0.3293235778808601,0.016559348891111148,0.3272230251844817,0.012004354949976646,0.17462112883228187,79.50720745686404,0.37206880973277734,0.07663169240838602,0.5086889266967773,0.8326276034647276,815272200.0,1.5067405435219943,3.7166959604696905,0.9999999944247486,0.06702005609394453,0.00453828383808883,1.6054170696198173
CSX,2017-05-08,15.437044022753884,15.481149189817186,15.21945415739715,15.23415756225586,20022300.0,-0.01322984654127691,0.017178175514503766,-0.013142830984933029,1.1572331875314158e-07,15.124770164489746,14.60402708053589,14.758580408238881,0.04314772071052936,0.374135189056398,0.01688550542930063,0.3289033090875285,0.012040845883389313,0.17438794892656784,78.71390158780156,0.36716484152076845,0.05738217935710166,0.49399375915527344,0.8180257121460413,795249900.0,1.436561183166496,3.40378126991004,0.8868866887429127,0.030520511949371977,-0.0008408244119777984,1.648703548744793
CSX,2017-05-09,15.198872082601799,15.351773023595603,15.190050712688283,15.23415756225586,13054800.0,0.0,0.010615769874141487,0.002321585408594358,-0.0023162081335881524,15.150351810455323,14.664746427536011,14.803873470526213,0.03882857010406019,0.41662405967712424,0.016914919929455954,0.3259632203943418,0.012052107214784377,0.17346253215751084,77.9816066747403,0.35913848646554136,0.03948465944149965,0.2558164596557617,0.5377407744945087,795249900.0,1.4798694146192704,3.467922793237928,0.8868866887429127,0.047153053198413036,-0.0007332553550233096,1.6555282761183063
CSX,2017-05-10,15.242970931715123,15.269433345062282,15.148876929525406,15.207685470581055,13499100.0,-0.0017391915672748959,0.00792733488406835,-0.0023148677047367134,0.0005785268678787426,15.177697086334229,14.731052112579345,14.842331756245722,0.03235569016789346,0.46434652328491133,0.01665275632259669,0.243212143471535,0.011691904353553051,0.1680520574632786,67.47536410015266,0.34664555155686827,0.021593379626261233,0.2734527587890625,0.5618553450677362,781750800.0,1.5027047281594346,3.697342481435486,0.8721278322085684,-0.00915229124378588,0.004581386943967135,1.5121951584343734
CSX,2017-05-11,15.142998565550958,15.384109718943806,15.098891738251188,15.331181526184082,26627700.0,0.008087839591704619,0.01860378342044252,0.012427060586350763,-0.00425356673474294,15.203866291046143,14.815441131591797,14.888888877192231,0.034811004951620574,0.5315049743652338,0.015846136090291625,0.23628130151911705,0.011446351802626112,0.15561955931008253,62.70839375694245,0.3427588001345665,0.014165302563167559,0.2616920471191406,1.08617745299776,808378500.0,1.6316909634271286,4.330237676641697,0.940785825543313,-0.03948073495703645,-0.0018133567881076004,1.263511797709073
CSX,2017-05-12,15.310599461779807,15.422334514267991,15.225328505671486,15.331181526184082,11512200.0,0.0,0.012850021262877806,0.001344301668635142,-0.0013424969477481466,15.242091274261474,14.899536085128783,14.931011986620026,0.028970394688068415,0.5945467853546127,0.01585435116027663,0.21695883060067825,0.011246199243803576,0.13877553747512478,71.15763440845531,0.33580754132638546,0.0057712350039891835,0.3822498321533203,0.4720223378476451,808378500.0,1.6330597413664287,4.325269907382942,0.9386673552076963,-0.02860532821186925,-0.0011935454280250825,1.3949293585841118
CSX,2017-05-15,15.32236220665664,15.369406686053193,15.084190381098992,15.095951080322266,26082600.0,-0.01546219523539729,0.01889356314396005,-0.014776515740896185,-0.0005752537410361529,15.23679838180542,14.9599609375,14.946720471734526,0.009090273924538156,0.6440334510803218,0.016291506200521652,0.216328725443076,0.011250727658190223,0.12296161692177275,54.219179900606036,0.3077697099255712,-0.017813277117460058,-0.052928924560546875,1.0388049358229507,782295900.0,1.690706991807699,4.464343922067611,0.8023816265564361,0.0415671534747732,0.006265295401326546,0.9283729848604226
CSX,2017-05-16,15.157703243478437,15.1782869966946,14.97833991083097,15.031268119812012,28437300.0,-0.004293994707444472,0.013302076995093304,-0.008341311453027937,0.0040906440957314775,15.225919055938721,15.025972700119018,14.954772628694286,0.00035241776347374673,0.702223806381225,0.015933759228696717,0.21086804142096444,0.011152521762101818,0.0941443254233144,53.430440766241574,0.27713550659447606,-0.038757984358844144,-0.10879325866699219,1.1049370196040034,753858600.0,1.7810425983268583,4.881782961225474,0.752244431337057,0.0861528121426489,0.00022031538264980115,0.8019520405878797
CSX,2017-05-17,14.854842696212348,14.872485430846524,14.45495024535912,14.546101570129395,31027500.0,-0.032809548388851674,0.02870426715188198,-0.020783870445270716,-0.011737228169533197,15.16564121246338,15.063315677642823,14.91585157549763,-0.03433600666558988,0.7335095405578613,0.017940168032114467,0.23229110494899416,0.011647230075220505,0.06312980500115277,35.166746128789185,0.21127336604307523,-0.08369609992819599,-0.602778434753418,1.1815773329083425,722831100.0,1.0957441110189494,3.4961885435160673,0.0,0.16696570568027858,-0.01589033949371483,1.493615943153275
CSX,2017-05-18,14.407901984567426,14.878365360647956,14.340273747054662,14.769571304321289,31737900.0,0.015246046971340117,0.03643244631182083,0.02510215020488439,-0.009500798883857891,15.121829795837403,15.073165845870971,14.901920121099883,-0.02014139197127233,0.7281872653961177,0.013287847953744521,0.2535039951895876,0.011570094834525734,0.058310812146644485,45.19694828354996,0.1750909456486749,-0.09590281625807706,-0.4381141662597656,1.3200924375410217,754569000.0,-0.5032652832467983,0.6876830405100427,0.25082448266403773,-0.41355679432281406,0.002286992985829963,0.9284857469933786
CSX,2017-05-19,14.748986029948066,14.98421853493838,14.740164663791868,14.813674926757812,20142300.0,0.0029816643357280736,0.016474903921759477,0.0043859894285881666,-0.0013937624829503668,15.059493064880371,15.067431926727295,14.893515816876828,-0.016841423356249365,0.7059871673583977,0.012089667018350235,0.2556041494873079,0.011252150528147787,0.05976855114446091,40.20615971387078,0.14826579475741752,-0.09818237371946756,-0.6233673095703125,0.8907016326633492,774711300.0,-0.8098987962059351,1.1504963061067461,0.3003267936649172,-0.31958127751403237,0.008478427328998726,1.021249085418746
CSX,2017-05-22,14.887184847004686,15.148878079432018,14.843079699742603,15.131237030029297,21784200.0,0.02121054883975667,0.020209740887842213,0.016393440770214793,0.004962301428262985,15.049201011657715,15.08698558807373,14.916155932415158,0.0029330870436137485,0.7040172576904293,0.012651642696832797,0.26547537050551817,0.01079287928340541,0.05615645107180526,49.78158084199841,0.15089188939409937,-0.0764450232662286,-0.1029205322265625,0.989126474123869,796495500.0,-0.8071630372763754,1.3251573548453564,0.6567614158065265,-0.2208321641024044,0.004246671385957438,1.5580930391740406
CSX,2017-05-23,15.119479429245947,15.331187231559891,15.019506721001486,15.23121452331543,26849100.0,0.006585624645579642,0.02046327363332026,0.007390141611182105,-0.0007770416100161222,15.048906707763672,15.099629259109497,14.946161512500899,0.008714469868625983,0.6947843456268306,0.012238217357395682,0.27849711236101105,0.010818973389486277,0.05630003698347862,51.949938611287024,0.15920521782578945,-0.054505355867630834,-0.0029430389404296875,1.2372118806734806,823344600.0,-0.8599166245012606,1.6872367534906934,0.7689770727599106,-0.14851787246202755,0.0021411551371218955,1.4966235791262468
CSX,2017-05-24,15.245912131851611,15.437037810554676,15.245912131851611,15.38705062866211,19787400.0,0.010179378237940542,0.012421202952763864,0.009257464925016399,0.0009649662877298985,15.066843223571777,15.122270154953004,14.9881509521353,0.017509307200306964,0.690961771011354,0.012373741103854178,0.28353748072274726,0.010665197816433181,0.057670867416130776,54.06127213663017,0.17633557508253794,-0.02989999888870587,0.1793651580810547,0.9219427919667218,843132000.0,-0.982846783554057,1.7198054532601335,0.9438889490607737,-0.11851589532359427,0.003709720782608095,1.527339876272695
CSX,2017-05-25,15.201805076438564,15.89279575741212,15.201805076438564,15.816346168518066,21305100.0,0.027517685441521975,0.04368838881061866,0.04042553426974181,-0.012039055222089184,15.115359687805176,15.159612989425659,15.067026687028896,0.043321236468932364,0.693960943222045,0.01362778870268384,0.31525158068637854,0.011970459086294802,0.0704443131306516,57.87533210806298,0.22199307098351362,0.012605997609815844,0.4851646423339844,0.9979574873511063,864437100.0,-0.5543889207264996,1.1855706715691305,0.9999999921275006,-0.007116379165361328,0.0038556721018321236,1.648210710432833
CSX,2017-05-26,15.828156868540539,16.00523928807729,15.780935115168488,15.925552368164062,32380500.0,0.006880913591312654,0.014084545874666081,0.006153306441958714,0.0007467401065096409,15.174796772003173,15.208444023132325,15.148791037613199,0.04715198635317346,0.7042059135437011,0.013428877657221401,0.3125808050070048,0.011926902724328205,0.08204437084512058,64.93616621506695,0.26394638345907495,0.04364744806830173,0.5943708419799805,1.4734318806511304,896817600.0,-0.7344900516430135,1.6215437310200111,0.9999999927507383,0.055661064571386115,0.0009962824829283926,1.6117913740163903
CSX,2017-05-30,15.931454282653233,16.06131325691713,15.881280537606346,16.002286911010742,22872300.0,0.004806757508461544,0.011250436910171266,0.004446086785349822,0.0003705940210255144,15.265430355072022,15.25111436843872,15.230076358889155,0.049253616780064846,0.702521286010743,0.013224226439303391,0.31388869132153807,0.011877563858108712,0.09397096995153581,66.06136261211859,0.29992912589967347,0.06370415240712018,0.9063358306884766,1.0418376222253956,919689900.0,-0.6873478223982108,1.8052279637212436,0.9999999931327423,0.06977644526864087,-0.0013027437126229206,1.5816931821576126
CSX,2017-05-31,16.037701809114044,16.064264677094894,15.863573081627388,15.987529754638672,30565500.0,-0.00092261594201105,0.012553008410150179,-0.003128381801366293,0.002213114806667621,15.361056518554687,15.293487787246704,15.302214777531965,0.04538153605292914,0.7008348751068123,0.013229058578139566,0.3196126327451544,0.011868726525132715,0.10276438466898603,66.3865984050377,0.3235255284328602,0.06984044395224553,0.9562616348266602,1.3595606598109278,889124400.0,-0.6826410598705084,1.7932222130365845,0.9898658736244403,0.06499059564009167,-0.0009124795766847012,1.5961481436752494
CSX,2017-06-01,15.999340037336507,16.152811625607278,15.913750795117345,16.111492156982422,23747100.0,0.007723787905573146,0.014837907511026443,0.00700979661562247,0.0007387184186105291,15.517595577239991,15.341618394851684,15.379288813670104,0.050182043531280286,0.6950166606903068,0.013262638813829181,0.31631569344496263,0.011981466914601713,0.11246260367297554,66.3931847916028,0.34821457643433895,0.07562359356297943,1.5653905868530273,1.0334574286484577,912871500.0,-0.7643047858956404,1.836839033778625,0.999999993611818,0.05978177371945851,0.006475703872173532,1.5540666465861595
CSX,2017-06-02,16.170508373553325,16.250195267040393,16.043601431136658,16.096725463867188,16101300.0,-0.0009169519607523154,0.012834525653523934,-0.004562807054774395,0.003662988877496777,15.65031099319458,15.386070394515992,15.447616113688875,0.04618821122802691,0.6906962299346926,0.013292430019859304,0.3170005382526219,0.012044737552234447,0.11999479938711478,65.9837862528419,0.3624116205581078,0.07185651014939864,1.3271541595458984,0.7034442173362282,896770200.0,-0.7007132047758023,1.7242734509060038,0.9905667613278626,0.052413800166545614,0.004106289868101603,1.5303619177438164
CSX,2017-06-05,16.11148217616426,16.232486824541606,15.863568895560862,15.946206092834473,23672100.0,-0.009394925548102938,0.023135153705715623,-0.010258279252190704,0.000916752437021813,15.763564109802246,15.411528587341309,15.495100873607504,0.03469334676719456,0.6683929252624505,0.013239386766527661,0.32297922568308934,0.012243982254894273,0.12413078784406362,68.40346569908263,0.35739737059482657,0.05347380814889391,1.1325311660766602,1.026525324891161,873098100.0,-0.4925691515282533,1.5165149508999607,0.8944122479844769,0.12896192331642775,-0.0014233893311576392,1.5204940014710628
CSX,2017-06-06,15.966864769723593,16.064260236615,15.913740737229435,15.922595024108887,18180900.0,-0.0014817672593988923,0.009453201513802054,-0.0027726010242568266,0.0012955230083476117,15.842699909210205,15.44595046043396,15.535814602226683,0.030858869118860037,0.6567604541778564,0.012800462869431655,0.3194486837917988,0.0120942848286194,0.12675598319186565,69.64167576641759,0.34751241861021676,0.034871084931427265,0.7913579940795898,0.7915633451169425,854917200.0,-0.6065463101722574,2.2352969549656203,0.8793290676120815,0.13350534804510283,-0.001280474406771982,1.469800780775168
CSX,2017-06-07,15.89603441438751,15.928499574615122,15.730758309726882,15.869471549987793,23633100.0,-0.003341935853077561,0.012460482018280695,-0.0016710371723701342,-0.0016681080992866474,15.906525611877441,15.477716159820556,15.567591454394407,0.02531092999264427,0.6428874015808095,0.012853513287073516,0.2924074973943237,0.012126966698715602,0.12807459175462338,86.02132952886474,0.3315697726113598,0.015142751146056233,0.6382570266723633,1.005781099583526,831284100.0,-0.5603782276643626,2.1058094645247434,0.845392825610954,0.13693575084979143,0.0009168879196565324,1.475040536165262
CSX,2017-06-08,15.901940167800714,15.928503037976038,15.792740071718516,15.866524696350098,15932700.0,-0.00018571048618053044,0.008556566031674998,-0.002227116381831659,0.0020459797738473224,15.95447301864624,15.510658121109008,15.596061286961614,0.022943357558553732,0.6368948650360107,0.012833644400665773,0.2636697368703399,0.012134726050795429,0.1285746855629249,83.93193547073875,0.31506544599601227,-0.0010892603754330543,0.4794740676879883,0.6745730333368051,815351400.0,-0.581888365643977,2.15741675886649,0.8435103218808182,0.14942747801961714,0.001527580046760685,1.5380282632716815
CSX,2017-06-09,15.884231897430862,15.922599358497692,15.456284151530905,15.656975746154785,25799400.0,-0.013294972565611131,0.02978322343517135,-0.01430702804791168,0.001116010053848623,15.938535976409913,15.526947832107544,15.60186266402763,0.008374338308676618,0.6180881977081292,0.013196841440508826,0.27954554657178804,0.012524731131387117,0.12822054770583957,73.66365821506388,0.28182806078611655,-0.027461316468262997,-0.15937042236328125,1.0942369905238145,789552000.0,-0.3635415138302981,1.4880483056466398,0.7096466391574276,0.1586833356425498,0.0005615469934982859,1.6250168557120745
CSX,2017-06-12,15.665830825750119,15.801593787069915,15.491702090211032,15.79569149017334,21229500.0,0.008820660096154327,0.01961874838158688,0.008289420833637986,0.0005655676893737427,15.92554988861084,15.550173330307008,15.620322552231983,0.01578877319571878,0.6037958621978774,0.013304998100575074,0.2777375854421222,0.01268710300707152,0.12834296716266025,70.72532124752136,0.26364130197316626,-0.03651846022497063,-0.12986087799072266,0.8822323039272522,810781500.0,-0.45429103255075975,1.400375128218309,0.7982607807636319,0.11857517422481445,0.0009554462077460305,1.6338780860111413
CSX,2017-06-13,15.74256877301436,15.922601509471376,15.716005901556807,15.898990631103516,13323000.0,0.006518412539815193,0.012994259365773912,0.009936234698703738,-0.003363114377868649,15.915220260620117,15.590325307846069,15.646862369267366,0.019798517167701847,0.5997181987762445,0.01272748874304548,0.2702315209675624,0.012558295728003455,0.1264207607870044,70.7858571130025,0.2546283448922253,-0.036425133844729285,-0.10329627990722656,0.5687413795532288,824104500.0,-0.6653923118121186,2.3574783360974836,0.864250151811243,0.09298941751761249,0.00399632297247657,1.9269658311688929
CSX,2017-06-14,15.958010977741527,15.96981725687445,15.6156542146257,15.695341110229492,17784900.0,-0.012891701145054469,0.022564851554447776,-0.016460063091723043,0.0037122071461913025,15.8860013961792,15.623528957366943,15.65147939221614,0.004596410520216518,0.5930591964721685,0.013109699021467233,0.2808272177539556,0.01279100141652063,0.12164733332202025,59.31877303273358,0.22841961793695553,-0.05010708863999924,-0.2921886444091797,0.776877785538591,806319600.0,-0.5880236752390636,1.7308807909632165,0.7341551318951729,-0.012566863519647899,-0.0014457832163835276,1.9764295056070302
CSX,2017-06-15,15.509405949771178,15.757320947589326,15.500551661765234,15.727806091308594,18662400.0,0.0020663106990544433,0.016325817112279,0.014081786384644714,-0.011846519241122453,15.847632789611817,15.682614183425903,15.658748601653517,0.002881656549993536,0.6156902027130116,0.010297263261010577,0.24981140381470812,0.012403803570705096,0.1025194304679799,46.478976866323165,0.20787244154312923,-0.05652341202706046,-0.3836860656738281,0.837835671990459,824982000.0,0.42900479931425484,0.5956388899052543,0.7140769725325316,0.2126829750351821,-0.001419544095863798,1.7648097755068435
CSX,2017-06-16,15.656968838875356,15.689433989020936,15.491694474323374,15.56547737121582,32763300.0,-0.010374761492490198,0.0127037231163387,-0.00584349809986001,-0.004503950011971699,15.79450798034668,15.72240948677063,15.649865627326117,-0.009981429098819591,0.6213957500457763,0.010401763704081551,0.2506547926773092,0.011501536868425146,0.08692519480090288,36.26117471712064,0.17645601009848022,-0.0703518747773676,-0.5312480926513672,1.4675081144890407,792218700.0,0.6015155856530202,0.8257342300081008,0.5792822141335522,0.22167276791336651,-0.00024043134084435742,1.856833496883735
CSX,2017-06-19,15.642223699990652,15.839963337963518,15.56548707508802,15.71895694732666,33799800.0,0.009811959896367939,0.0174614806691851,0.004905520391966672,0.004930547707888041,15.771783065795898,15.767673587799072,15.656445753040455,-0.0030896530297347346,0.6328526115417485,0.010525289627127692,0.2574014532085172,0.01152963459873695,0.06765230733369107,39.78750918664583,0.1620744871452935,-0.06778671818444348,-0.2272491455078125,1.469002133108027,826018500.0,0.4902665904122209,0.5521682318720864,0.5995581100693252,0.17725963779079928,0.008274703062032894,2.184363800907952
CSX,2017-06-20,15.662877576860788,15.662877576860788,15.36183853755463,15.385449409484863,21355500.0,-0.0214452136148226,0.019566476824562067,-0.017712464776317834,-0.0035676266977376784,15.718068504333496,15.780384206771851,15.630636577463731,-0.025026944345088183,0.6167794895172118,0.010911943630079576,0.2685747970874118,0.011498912372216499,0.0606863533337678,32.35324864671166,0.12235531956615375,-0.08600470861086659,-0.5371456146240234,0.9290151995160795,804663000.0,0.17813581023041228,1.0307940859648175,0.1752116361003261,0.03347592121208538,-0.005897762566255252,2.259451866726686
CSX,2017-06-21,15.42971649769074,15.456279357320694,15.276245012244017,15.403155326843262,13007700.0,0.0011501605520559718,0.011688147087819694,-0.0017214296096401244,0.002877204755461098,15.671436882019043,15.788981246948243,15.608971696452258,-0.024436403721712897,0.5977088356018072,0.010829368548290313,0.2643586195578935,0.01127354218009856,0.055997905398236895,27.859873743049405,0.09125438886389503,-0.09368451145050027,-0.46631622314453125,0.5834311684030289,817670700.0,0.25763254091285787,1.1930144574433876,0.02438687966453267,-0.0019387857570732192,-0.0011656357208154544,2.180207385949358
CSX,2017-06-22,15.382502733980045,15.559585179054626,15.332330669276153,15.524168014526367,12700200.0,0.007825656551258435,0.014638756135969684,0.009209507906238324,-0.0013408027397623454,15.63720121383667,15.795837116241454,15.60089515531646,-0.017198778369001667,0.5717127799987782,0.010730967448346205,0.2658343819775176,0.01132243993619852,0.05311606332548556,33.2184505640716,0.07550106053497707,-0.08755027182353459,-0.34235668182373047,0.5788390267180139,830370900.0,0.277570924659877,1.351575667507425,0.1910612062568097,-0.16074677634083398,0.00031332935665691087,2.1018093818838994
CSX,2017-06-23,15.506457143444363,15.65992868577485,15.435624513626395,15.538922309875488,67876500.0,0.0009499567689230696,0.014434988969981606,0.0020936546711348768,-0.0011408579877151197,15.62539587020874,15.781965923309325,15.594992979560176,-0.015400084793927453,0.5199311637878417,0.008586914647387622,0.2555048279180682,0.009814141435931767,0.05509090763421034,37.03040536436632,0.06347527915943019,-0.0796608425592652,-0.11805343627929688,2.79679522163417,898247400.0,-0.8309518404777313,0.05058878430209727,0.21138273029483537,-0.35626219279533705,0.0011142366162817294,1.7461354366763173
CSX,2017-06-26,15.671734803326201,15.863573807022002,15.58319359479098,15.677637100219727,14298300.0,0.008887315321703582,0.01788408613100833,0.00037662051888938934,0.008547085235525376,15.613590431213378,15.76957015991211,15.60286384819442,-0.005829775875951707,0.46696830749511875,0.00869426017354647,0.2679428277581361,0.009922695911458073,0.054739541570890296,42.73230661275581,0.06439557299055743,-0.06299243898251036,-0.11805438995361328,0.611946574564177,912545700.0,-0.7976626405284922,-0.008937874484670743,0.4024386824571358,-0.3752761683120617,0.0005486137120725998,1.7266901297183164
CSX,2017-06-27,15.680585874036892,15.828155103455627,15.630413822163494,15.736661911010742,26725800.0,0.003757835260239107,0.012565643362635645,0.003576144247690291,0.0001880878985981653,15.597357559204102,15.75628890991211,15.615606520843594,-0.0012456612730057527,0.41670289993286147,0.008661893765372044,0.2679428289298428,0.009950808817798893,0.05300448999167087,46.073400879601515,0.06909128015222876,-0.04663738545667123,-0.16232872009277344,1.1344705290570698,939271500.0,-0.7936172604696575,0.012977305487504597,0.483735286798257,-0.3301549205548443,-0.00687344392693037,1.254479111000321
CSX,2017-06-28,15.848812363885818,16.132142823542342,15.76617515754404,16.108531951904297,17403000.0,0.023355922837593864,0.022718871408703253,0.016387321778778424,0.007126699010836956,15.638676643371582,15.762339019775391,15.662551799992231,0.02196329692532137,0.3748030281066903,0.010239972899032378,0.2864941108065627,0.01027931015069662,0.05517373276552323,55.87374377762254,0.10164773455071874,-0.011264744846545022,0.4131908416748047,0.7599621394486639,956674500.0,-0.08772934326058271,0.5536612789974417,0.9959228088875537,-0.2134374220666515,0.008520055919287601,1.629389157195307
CSX,2017-06-29,16.102630769261303,16.1557565007062,15.792737424297524,15.884230613708496,19629300.0,-0.014022234745029994,0.022854054768972034,-0.013563010832348978,-0.00036633894762186294,15.654319095611573,15.750975942611694,15.683664067965209,0.008460089811724197,0.321740179061889,0.010565743903015214,0.27911581576669764,0.010534180595461495,0.051734003487518415,55.47647195093252,0.10810356518291186,-0.0038471313714815297,0.15642452239990234,0.8649579722511763,937045200.0,0.09730899786498877,0.2634320646435491,0.6897984228145339,-0.3339204241449945,-0.009609552729371125,1.5880646390453008
CSX,2017-06-30,16.15870664981236,16.19117181134608,15.934404200283268,16.102630615234375,17623500.0,0.013655819113576339,0.01594569342104203,-0.0034703293891801185,0.01727978161353205,15.708034420013428,15.751271200180053,15.723565643895606,0.02230673388763096,0.29143418312072633,0.01104485864753289,0.2789050658223191,0.010612493687800708,0.05186789995152222,57.12316597548392,0.12935182502862652,0.013920902779386499,0.5371532440185547,0.7739773900315084,954668700.0,-0.006687257256458641,-0.17971189470830362,0.9918386266544864,-0.4006179262834422,0.0028843202409997827,1.7452627646951402
CSX,2017-07-03,16.158707039239854,16.23248996379208,16.0524572635886,16.081972122192383,10439700.0,-0.0012837502483816123,0.011194690479225678,-0.004748827790560694,0.003482438698707152,15.7443359375,15.75805950164795,15.757699594209585,0.020555362194853967,0.27515010833740305,0.010827619400728596,0.27700771527152707,0.010263388806247593,0.05410035378548977,54.41584780043048,0.14287725623170822,0.021957067185974552,0.36301517486572266,0.47220460073478776,944229000.0,-0.09286549924497556,0.06229151761214324,0.9632685927449848,-0.411432876612837,0.0025628925151011932,1.6756500681159472
CSX,2017-07-05,16.084923567323873,16.323982599034046,16.08197157492908,16.259052276611328,13810800.0,0.010950916204177397,0.014884694383638715,0.010825585123773497,0.0001835250744787327,15.831696224212646,15.774882364273072,15.805447468724036,0.03069245786800942,0.26159520149231064,0.01106624744070055,0.26899685683268526,0.010380858824983932,0.06049142796730116,63.780624958035226,0.16597192540450223,0.03604138908701485,0.8736028671264648,0.6309205332865538,958039800.0,-0.22460426023724755,-0.14287714080451977,0.9999999885531512,-0.4162359669191089,0.0014392964490614957,1.7039657378472208
CSX,2017-07-06,16.12329675442746,16.250205465271478,16.067222383388113,16.111492156982422,14384400.0,-0.00911700092201712,0.011357301986710321,-0.0007321453933915455,-0.00834953476219225,15.902529907226562,15.786983394622803,15.834594581891501,0.020555463589715915,0.2510332107543949,0.011260171748731078,0.26435832878976545,0.01035667307302685,0.06321647361553105,58.879983684582726,0.1704034438412272,0.03237832601899182,0.7083368301391602,0.6713060352159854,943655400.0,-0.16785461899541182,-0.350847491115026,0.8310901514950653,-0.44574047945853357,-0.008631726688896354,1.6165592134335138
CSX,2017-07-07,16.149855420265585,16.315131562880378,16.04655762003344,16.188222885131836,12517500.0,0.004751179531505316,0.016590699593938225,0.0023757156870956283,0.002381111749884496,15.96893539428711,15.80306830406189,15.86827346791439,0.02437213923646391,0.24203831672668485,0.011291291418917654,0.2666770663513168,0.010531281835114566,0.06702442279825789,65.00735893685655,0.17805448139939983,0.03202349086173156,0.6640548706054688,0.5888724627147409,956172900.0,-0.23698573291607333,-0.363076000565295,0.9189226554375933,-0.47876458441360525,0.006516793514448131,1.5356801906471769
CSX,2017-07-10,16.129194840714916,16.300373262523873,16.05541022293651,16.200027465820312,14888700.0,0.0007289421986842388,0.015121149646455905,0.004391578488877409,-0.0036463572830550905,16.035045909881593,15.830220890045165,15.899869086762573,0.02336079694299781,0.2465801429748531,0.010782763871509645,0.26456828583986447,0.009955396200427291,0.06989367947091693,62.44281655565856,0.18296144909790968,0.029544366848193115,0.6611051559448242,0.7188722618062989,971061600.0,-0.35225292511802936,0.13618562670037485,0.9324351804046644,-0.45893093298125265,0.001133665377315244,1.5447586169393557
CSX,2017-07-11,16.1823194352604,16.194125717569207,15.91374551154434,15.978675842285156,13668600.0,-0.013757864189617055,0.017547149012365815,-0.012584326603485234,-0.0010930864529257133,16.065149784088135,15.839370107650756,15.907374492050437,0.008794903691726485,0.23513447761535566,0.011171580233105605,0.25950853901871757,0.00987605495434092,0.0703124267641248,66.28875184937874,0.16706322933071505,0.010916917664798798,0.3010387420654297,0.6722324559235672,957393000.0,-0.14845947159907663,-0.2563827416875863,0.6790573249387503,-0.4590502363724864,-6.513156042743974e-05,1.5393545294237996
CSX,2017-07-12,16.14985166074853,16.36234950892884,16.108532212517776,16.28856658935547,13066500.0,0.01920835198706923,0.015582543437366257,0.00858923855901894,0.010712766198709919,16.120340251922606,15.858848905563354,15.943678501317583,0.027096398127695622,0.23181954383850112,0.011876655579274696,0.2740542048449323,0.009943257142577409,0.07463242876776671,70.94998968771141,0.17742413407335533,0.017022257925951245,0.5519046783447266,0.6430262909245523,970459500.0,-0.08089114952829679,-0.526566126457502,0.9999999889272398,-0.5058587855517442,0.006685629653480142,1.6509461855977419
CSX,2017-07-13,16.267899268820923,16.37414899320328,16.173455819939747,16.182310104370117,8247300.0,-0.006544748715441779,0.012402010094302678,-0.005261230293873645,-0.0012688237740975956,16.12771806716919,15.883197355270386,15.96640532065592,0.018832023704627627,0.23532301902771025,0.011563296291578035,0.27215696652243676,0.00961982209953841,0.07598265299214536,65.68201133466343,0.17504342378373572,0.0117132381090653,0.07377815246582031,0.4156184613151752,962212200.0,-0.09049176458550061,-0.3245699140204242,0.8823447320268861,-0.5439011957371088,0.0011203560495818923,1.5958992581043134
CSX,2017-07-14,16.2324852380572,16.291513249297154,16.18821549621404,16.2560977935791,11792400.0,0.004549410483228864,0.0063544003237921195,0.0014546482054726042,0.0031006162509229058,16.16490478515625,15.909611940383911,15.993995079981936,0.02177839751802453,0.23959324836731,0.011582098566679876,0.26393546457804984,0.009402277655417622,0.07803894624660063,66.62104798316352,0.17706959550188728,0.010991527861773487,0.37186717987060547,0.6047403222779147,974004600.0,-0.12492404836177837,-0.33939638689138774,0.9640480702387924,-0.5597394371910307,0.005471202366821078,1.561883823213882
CSX,2017-07-17,16.232488815080917,16.232488815080917,16.04655383182774,16.120338439941406,11731500.0,-0.0083863553314718,0.011534186080888019,-0.0069090067713655934,-0.001452315235671759,16.166675567626953,15.93735499382019,16.006027780930456,0.011481418729279075,0.2490832424163809,0.011482286730511214,0.2557134977641104,0.00937524697404596,0.07597659433463985,60.2739901873817,0.16580935885980175,-0.00021496702424966818,0.01770782470703125,0.6359105285838571,962273100.0,-0.12883999717016703,-0.2663924998726049,0.8137249946065521,-0.5418905947152279,-0.001834764095697621,1.5730513874889547
CSX,2017-07-18,16.081970027645767,16.18526779734808,15.984574553382332,16.126239776611328,22781100.0,0.0003660132058770583,0.012445135800152352,0.0027527565894886878,-0.002380124489233679,16.17110233306885,15.957719135284425,16.01747654242387,0.010560446633897968,0.2556634330749521,0.011327399382371822,0.25592435224079707,0.009229983452366298,0.07543568032506982,59.26969249732689,0.15556843269098408,-0.008364714554453867,0.04426765441894531,1.2728709704725514,985054200.0,-0.015489849141590654,-0.11971624878007954,0.8202594031374841,-0.5146229267664472,0.00016456393134471075,1.642413950959514
CSX,2017-07-19,15.656974944779847,15.686489803829284,14.957503014522418,15.3087158203125,89881800.0,-0.052025417436323336,0.047619068631452655,-0.022243065834595295,-0.029099457674694792,16.076068687438966,15.953882455825806,15.949975521270408,-0.040439475300115,0.25033558845520076,0.015548460305023118,0.3111569129234621,0.010919607690225762,0.0774748685467147,34.298899551807935,0.08055646914809067,-0.06670134247787782,-0.9503364562988281,4.2151068316847,895172400.0,-1.702496077936823,5.294742653262032,0.0,-0.34703989770464605,0.004661393882739784,0.9264284350677535
CSX,2017-07-20,15.311665475052802,15.385450086374505,14.854204600180507,15.013578414916992,66997200.0,-0.019467308369354407,0.03538433486757357,-0.019467971046094313,0.0001926781302183617,15.966277313232421,15.934403610229491,15.860794844474846,-0.05778849449510318,0.23526832580566293,0.01612024424997766,0.323173085050985,0.011791088298018173,0.08898537120460168,33.370807433277946,-0.002675334846102828,-0.11994651717765706,-1.0979137420654297,2.7888535272458443,828175200.0,-1.4141662440595284,3.774366657041965,0.0,-0.015505962587271238,-0.0018293160566770488,1.0355447010830972
CSX,2017-07-21,14.972263331440583,15.296913351638944,14.907332989644244,15.252643585205078,36099600.0,0.015797818587710007,0.025541825573934536,0.018726644566537793,-0.002751847849634541,15.872719383239746,15.920827388763428,15.802875676925344,-0.041969163237705796,0.22079294204711886,0.016455021840428644,0.32907588250506464,0.012129625468952231,0.0943648497681714,33.89265674766399,-0.04878422370921598,-0.13284432483261616,-0.9355792999267578,1.4329118898273043,864274800.0,-1.3555484609657518,3.4336571250675147,0.187503831961685,-0.081578075629474,-0.0009276810518466595,0.9761570347281332
CSX,2017-07-24,15.211322008720868,15.335278688531007,14.91913720003761,14.998824119567871,41994600.0,-0.016781031878999115,0.027744940881764664,-0.013969718676073606,-0.002709141943386862,15.752599048614503,15.893822479248048,15.726299338129394,-0.056311083180194156,0.20043518066406385,0.016825262343367477,0.3459407959543444,0.012530897662839966,0.10599065097363618,31.140791780451607,-0.10460118262762208,-0.1509290270008178,-1.2012033462524414,1.7571638740905509,822280200.0,-1.1429102238447086,2.5795811655782326,0.0,-0.1326304361454213,-0.0025524653442755892,1.0590904937899488
CSX,2017-07-25,15.046045690214777,15.282154453076494,15.022434813928607,15.21722412109375,25021500.0,0.014456146165248653,0.017067478081489906,0.011376971358680571,0.003148351515456441,15.676453876495362,15.870801830291748,15.677815984126,-0.04118113981806198,0.17969367980957074,0.017056912777498535,0.34889217519746285,0.01251348356596692,0.11227393385294482,32.11753844340626,-0.12971815963425293,-0.14083680320595893,-0.7614517211914062,1.0239923978647232,847301700.0,-1.1158733798621694,2.3907723645982877,0.1693361310095379,-0.18552751224067968,0.0048500499020691385,1.1637312896033445
CSX,2017-07-26,15.184758204754928,15.46513840228779,15.010627789651098,15.364790916442871,28435800.0,0.009650635542892335,0.02958130801183183,0.011856146094678536,-0.002133497941573879,15.584076309204102,15.852208280563355,15.648004072918082,-0.030747600302357493,0.15572333335876465,0.01720149919461701,0.36765508372699696,0.013030113660900946,0.11579979936431932,37.18327436563205,-0.13614672307730302,-0.11781229331920723,-0.9237756729125977,1.1596632075540951,875737500.0,-1.1315060175403184,2.2995786145148696,0.28375183620785255,-0.18167478290764186,0.0005967951274094302,1.4180444744931342
CSX,2017-07-27,15.373644156892603,15.379548141856935,14.553165880270429,14.756811141967773,46649700.0,-0.040373839170134956,0.05600005676269098,-0.04012275870508417,0.0005762031190581985,15.441526412963867,15.784622240066529,15.56312855568472,-0.06511470990353099,0.09362643241882473,0.018204280128502486,0.4074985350655375,0.014673009538406497,0.13057298873931744,29.220235510938238,-0.18813162831899,-0.13583775884871535,-1.4254989624023438,1.7953879592773372,829087800.0,-1.0695854365934347,1.1522196526386,0.0,-0.1977496952835537,-0.001815162213845962,1.3311247543887195
CSX,2017-07-28,14.570875765322128,14.827645093263113,14.420356222097457,14.753860473632812,29755200.0,-0.0001999729713527434,0.027605579698516052,0.012558250530567115,-0.012599969929604398,15.291302680969238,15.728103733062744,15.486055405013111,-0.06194283023336954,0.03295274734496978,0.018077152671055856,0.41909323732112974,0.01483148637242788,0.14330962044144982,28.951926952686478,-0.2269519734516603,-0.1397264831851085,-1.502237319946289,1.1232883228253447,799332600.0,-1.2092021685226233,1.4946862193993073,0.0,-0.17303434390839353,-0.001749881369164814,1.41234161631194
CSX,2017-07-31,14.74205300286751,14.786324446589575,14.54431172433002,14.562020301818848,20157000.0,-0.01308798543150767,0.01661944683797248,-0.012212186526099383,-0.0008002970332005572,15.135470867156982,15.651073217391968,15.398052061851754,-0.06958327396762351,-0.03992674827575726,0.017717737371171098,0.415931149319957,0.01484169774485966,0.15660343759562206,29.202791234508894,-0.2700839159829105,-0.14628674057308694,-1.5583181381225586,0.7573251397794075,779175600.0,-1.0952982312633168,1.4007895693307395,0.0,-0.19238554295049554,-3.607782511801304e-05,1.3197582005460429
CSX,2017-08-01,14.54726387731219,14.579729040138865,14.287544263481704,14.343620300292969,36613500.0,-0.01511152516116464,0.02037036470152467,-0.013998754593076599,-0.0010133500847279045,14.957208919525147,15.564155626296998,15.297629989322346,-0.07841963003388557,-0.11744324684143059,0.01783685309271951,0.4093962286066339,0.015014107416868271,0.17196247372409623,20.659045838910643,-0.3182210914099368,-0.15553913280009063,-1.7826194763183594,1.3111494164582045,742562100.0,-0.9564801971070543,1.0836812338703627,0.0,-0.19152272171113316,0.001191031781452814,1.2909152149480794
CSX,2017-08-02,14.272786498569989,14.355423706293914,14.163585582124067,14.207856178283691,26523600.0,-0.009510201363001325,0.013502256903688661,-0.004549239231792816,-0.004938348913316755,14.847122955322266,15.461595821380616,15.193842007318663,-0.08108733778716601,-0.20153543472289925,0.017419012378225972,0.4087637250999419,0.014988802316905026,0.18439790564027597,20.47674362559816,-0.36313913782888996,-0.16036574337523501,-1.1008596420288086,0.9286852851196806,716038500.0,-0.8817391211834523,1.2000890871475107,0.0,-0.1821271804744618,0.0004177506171768042,1.2467893474526044
CSX,2017-08-03,14.166540697255787,14.550217053040948,14.166540697255787,14.541362762451172,25682100.0,0.023202129167305838,0.0263851718750799,0.02645826339721681,-0.002907932098232678,14.799901390075684,15.383089351654053,15.131701126855093,-0.05471765585970387,-0.2662448692321764,0.018649969157092616,0.4283689544469508,0.015337203008165661,0.1882083344992379,26.20812541152111,-0.36758848784942444,-0.13185207471661559,-0.4722156524658203,0.8817809695089417,741720600.0,-0.7653765899767281,0.8212712585883589,0.1602849588246358,-0.1812191844581267,-0.0016537529305788877,1.2453259278514306
CSX,2017-08-04,14.597440922389401,14.60039122681604,14.352476149463415,14.384943008422852,19448100.0,-0.010815157658575013,0.01723434546855433,-0.014557203217765548,0.0038564583563677176,14.713131332397461,15.292925357818604,15.060581306052024,-0.05937270523141214,-0.3363667106628423,0.018547338055029946,0.4311097484184696,0.01534765211685418,0.19107353754641612,26.058724404840845,-0.3793633323424217,-0.11490153536769027,-0.8677005767822266,0.6598886596301073,722272500.0,-0.6487953734510169,0.765321048578239,0.08510883030419122,-0.20398108843016322,0.002632929349096794,1.0296716415584415
CSX,2017-08-07,14.405598315250598,14.674172211991594,14.299348540275059,14.644659042358398,19189200.0,0.017893663383322208,0.025594564587157073,0.0165949877177067,0.001435897717193075,14.677714824676514,15.215156936645508,15.020969661890726,-0.03749536706473746,-0.3907013893127438,0.019255593205716126,0.44354763611495457,0.0156041469543991,0.18702627824577567,30.89806102193745,-0.3635473208210822,-0.0792684190770806,-0.35416507720947266,0.6463879671834112,741461700.0,-0.6219698295148487,0.4547186559489078,0.2099296757737721,-0.20638627997427833,0.0017311119778817264,1.158930604205291
CSX,2017-08-08,14.591529752407954,14.82173613473455,14.529551435778192,14.798125267028809,22329600.0,0.010424803096281509,0.019744710474060182,0.014158591876685254,-0.0036278953164271335,14.63580493927002,15.156129407882691,14.999746386189592,-0.023621079711003582,-0.4271803760528563,0.019430339299308135,0.3809367744626294,0.015656859720009495,0.18302131768410862,42.056853731146646,-0.3347705494751434,-0.04039331818491343,-0.4190988540649414,0.7413579044925999,763791300.0,-0.7785134919513588,0.5451272858817052,0.2836863230785707,-0.12278815132410179,-0.0023781706977270014,0.724698079942274
CSX,2017-08-09,14.765662442450706,14.966355694004614,14.706636108264856,14.963403701782227,20280000.0,0.01110696524025072,0.017356985811244504,0.013391966672827492,-0.002193711973126201,14.595666217803956,15.089871263504028,14.996285178150796,-0.008380956968643766,-0.4726608562469483,0.018999217865576404,0.3615420672873266,0.015692547678983773,0.16988696906001904,49.186577571359216,-0.2952249925203585,-0.0006782089841028127,-0.40138721466064453,0.6653425431439207,784071300.0,-0.837142531267239,0.7056852079867958,0.3688761687916412,-0.08126257857872646,0.000266853309809619,-0.32552149463441105
CSX,2017-08-10,14.892572747017931,14.981113946945879,14.671220591589524,14.709588050842285,21245400.0,-0.017107937320351662,0.021067439433737914,-0.012286976822878833,-0.004733612497259481,14.590943908691406,15.016235160827637,14.9689806898357,-0.020421038076527502,-0.5207381248474121,0.019212650405268886,0.35585013824173056,0.01585536310965031,0.15755462279854632,41.23799761006224,-0.2811250212772549,0.010737409807200615,-0.04722309112548828,0.6824637424874588,762825900.0,-0.7365600496574962,0.42990041558728526,0.24495736555799702,-0.10478545882477829,-0.014593502479814946,0.45980522557464926
CSX,2017-08-11,14.780423167712742,14.972262185138646,14.780423167712742,14.836499214172363,14357100.0,0.008590778380230974,0.012930207770486217,0.003793940526825848,0.004815574482821834,14.599207782745362,14.945255231857299,14.956363406439191,-0.007276959543194119,-0.5662181949615483,0.01933566468346231,0.3448881843705137,0.015926767338290224,0.1378622440073962,47.26911061024572,-0.25675036386926386,0.028089653772153333,0.08263874053955078,0.4592996249361777,777183000.0,-0.7451909144246192,0.37980301607729033,0.3276941239279539,-0.12177240850145386,8.39165852267301e-05,0.356562376914466
CSX,2017-08-14,14.951598948463138,15.037188145374934,14.904375517330276,14.978161811828613,18119700.0,0.009502953168871084,0.008867084607122632,0.0017765901464475598,0.007757876883842466,14.640821933746338,14.88814640045166,14.958439445047707,0.006046112723221363,-0.6009557533264154,0.0195551058650052,0.3389852270629386,0.01589615449770733,0.11688652815375195,45.871513699805554,-0.22342675994604733,0.049130606156295886,0.4161415100097656,0.5738060788350404,795302700.0,-0.8514389471681866,0.4005809049234079,0.401538894619956,-0.09187865752534106,0.011300816334221427,0.598620522286604
CSX,2017-08-15,15.0194803406033,15.093264950105572,14.94274542754193,15.090312957763672,16530900.0,0.007459750910222677,0.009974579253918238,0.004716049793606024,0.0027585847511712976,14.715491199493409,14.836350059509277,14.970998827211131,0.017117612973254075,-0.6356342315673835,0.01969324212229445,0.3172715777720065,0.015864796408428982,0.08857070269230616,45.20120328813388,-0.18582581919148922,0.0693852375286832,0.7466926574707031,0.5287251987649038,811833600.0,-0.8842505479450331,0.37435898931320744,0.7627541491722621,-0.0532553247802585,-0.0005026502343300103,0.5840490754602918
CSX,2017-08-16,15.161144156427074,15.164096148492783,14.854202844116635,14.868959426879883,17382000.0,-0.014777231973128524,0.02084162687376277,-0.01927194455329607,0.004693819065360138,14.781601524353027,14.814362239837646,14.961280789084347,0.003685422710632691,-0.6365493392944348,0.01650239885909402,0.2803795093998381,0.014783190291645917,0.08353973457914206,52.267237762669204,-0.171906551044696,0.06664360454038115,0.6611032485961914,0.6288577776378869,794451600.0,-0.48755973717864004,-0.4073406673638872,0.5714265645906867,-0.2786439607037121,0.0015607610590864863,1.1323156715925566
CSX,2017-08-17,14.789276477842812,14.866013092996983,14.423308736761692,14.42625904083252,22891800.0,-0.030225689560531968,0.030687398235554154,-0.024545990302782036,-0.005359013146072719,14.770091152191162,14.784996271133423,14.910326336869888,-0.02426359964671147,-0.637051057815551,0.017253057932444704,0.2831196393250191,0.014586213380701893,0.08583450448146712,44.376878998011776,-0.1943572230241255,0.03535434604876134,-0.11510372161865234,0.9000004717849038,771559800.0,-0.5214891971512825,-0.5546022878683041,0.1887771656062133,-0.12618805853126966,-0.015922821354531724,1.3580423151706378
CSX,2017-08-18,14.364277661349345,14.547262337557635,14.213758144531456,14.396742820739746,20732400.0,-0.0020481024531884646,0.023165253222814958,0.002260131706988447,-0.004296427736930342,14.771271133422852,14.742201232910157,14.86141362104797,-0.023433299187316542,-0.6504504585266115,0.01673896836865566,0.289654744379778,0.014507095739151236,0.08369691228700732,46.99567794782611,-0.2120864539780989,0.014100092075830378,0.011799812316894531,0.8404927076542874,750827400.0,-0.46194369425704795,-0.40879520007950737,0.16326473274019623,-0.07679560795637379,-0.0019160180708844752,1.356246347159547
CSX,2017-08-21,14.373133659362793,14.405598822615884,14.199003250341454,14.373133659362793,17230500.0,-0.0016412421299688226,0.014373732073370954,0.0,-0.0016398960286310108,14.744118595123291,14.710916709899902,14.814910767554142,-0.02296138692089754,-0.6560581398010257,0.016416721973759558,0.2835412297810116,0.01416226307080036,0.08504469756089962,50.577364017126705,-0.2254432893484246,0.0005946053644037552,-0.27152538299560547,0.7354424082713742,733596900.0,-0.6066388349656785,-0.07295544711853018,0.14285808369234101,-0.031867159557380016,0.0012592759927724172,1.3173871982834617
CSX,2017-08-22,14.482335665315011,14.7568135931302,14.452822490722639,14.733201026916504,17530500.0,0.02474277443937529,0.020633065540352803,0.017322161797582957,0.007597647704408765,14.73762617111206,14.68671555519104,14.807128887493414,0.0031651373345372804,-0.6590094852447521,0.017125934916792002,0.29724421618083735,0.014250776178348959,0.07881539911084375,59.44805613565202,-0.20461556934256464,0.017137860296211005,-0.06492424011230469,0.7604035793036454,751127400.0,-0.45890112387720305,-0.16423448935091328,0.4540833866980817,-0.06693797357725419,0.00906364266265156,1.4394382287469603
CSX,2017-08-23,14.626953900193389,14.674175658209645,14.317060479917973,14.423310279846191,15514200.0,-0.02125785308096832,0.024759585099591974,-0.013922490064353367,-0.007211408201721365,14.683616828918456,14.639641523361206,14.770574734384155,-0.014777086117156906,-0.6765699100494391,0.017446411485174923,0.29956308698179235,0.014070687814411868,0.06740742219623752,47.85869797239956,-0.21068638312885035,0.008853637207940246,-0.5400934219360352,0.6923470839260313,735613200.0,-0.23745452266299674,-0.4708073302107791,0.2441525796288157,-0.08535615189836429,-0.002141693202352313,1.458556121023422
CSX,2017-08-24,14.488235249118956,14.517750106966949,14.201954469377936,14.27868938446045,16418700.0,-0.010077494320986586,0.02211657030180192,-0.014463173813473907,0.0045013917064160285,14.640526962280273,14.61573543548584,14.723728510581896,-0.02306049206439999,-0.6721429634094243,0.01530777122001635,0.3044116984272486,0.01231655002962444,0.07051991271135201,48.064427472534724,-0.22457844389669646,-0.004030738847924681,-0.43089866638183594,0.7857124911618292,719194500.0,0.11671843785246185,-0.841399519877037,0.08026818652332975,-0.046240301477505207,-0.002632499373436383,1.4150415462565173
CSX,2017-08-25,14.29049456240825,14.494139828141527,14.287544258650499,14.417403221130371,12877200.0,0.009667860988009586,0.014329596413606505,0.008880634478246767,0.0008267690142940462,14.598617362976075,14.598912572860717,14.694554673491275,-0.012433073410397087,-0.662757768630982,0.015512424211341441,0.2930278964247159,0.011892196717797838,0.07100845737336478,45.66926758381497,-0.2218377473406079,-0.0010320338334688928,-0.4190959930419922,0.6421686882174074,732071700.0,0.027859072850866383,-0.9738143651017663,0.23745870091856036,-0.06388734902503972,0.0018183440996980594,1.4450845877907514
CSX,2017-08-28,14.461674152008719,14.629902276059456,14.43511297211543,14.609243392944336,16557600.0,0.013218403603310456,0.013333291718454142,0.010204160278021462,0.0030706591332247406,14.561725521087647,14.601273727416991,14.686429789629663,0.0005458198836708144,-0.6412719345092786,0.015559871566189022,0.28733606470848205,0.011821719045756369,0.0709589712207991,46.45243130175855,-0.201858922972864,0.015157432427420015,-0.36891841888427734,0.8331830015088535,748629300.0,-0.1824994153632024,-0.9607334954343013,0.4548519762618365,-0.07481915438967335,2.886801737374692e-05,1.4640604519382088
CSX,2017-08-29,14.520343533397364,14.792971000619579,14.490710629109724,14.751483917236328,17739000.0,0.009689244792878426,0.02049016717271943,0.01591838259937391,-0.006085178893652142,14.527842617034912,14.62166690826416,14.692625420830298,0.008878400102165878,-0.6015292930603025,0.015262001640287737,0.290374692263489,0.011834197326156606,0.06939573181423414,45.98498892418214,-0.1725587888611937,0.03556605323127229,-0.33882904052734375,0.9371344890215955,766368300.0,-0.39157205656667915,-0.7126450549813408,0.6160389329351628,-0.09061549514131248,0.0017647682272793352,1.5250631923994136
CSX,2017-08-30,14.72481335462967,15.01225724223492,14.668509825323794,14.938173294067383,18592500.0,0.01257622047182359,0.023011342159730067,0.014489823015014926,-0.0018079918438235435,14.534764003753661,14.658182764053345,14.716010932567164,0.01910131252426911,-0.5560679149627674,0.015225986756654639,0.29279283951740126,0.012102087544433045,0.06639855483916529,54.443782368145975,-0.13274376154659784,0.06030486443669453,0.0692138671875,1.0032416157086836,784960800.0,-0.5921045252052927,-0.5155908675326433,0.8125489736546385,-0.015582931243759597,0.0060055769405376385,1.5455031453114885
CSX,2017-08-31,14.932249583770307,15.07152559864555,14.754448756287433,14.875946044921875,17758800.0,-0.004174353687814002,0.02131473463271645,-0.0037705999040913425,-0.0003965485056615371,14.579732704162598,14.67491192817688,14.731242848029517,0.013699170238902488,-0.5287945652008066,0.014469130030043504,0.29667874723609816,0.011905263774134573,0.06714836114432796,50.78664489476725,-0.10500089949068148,0.07043818119408873,0.44968700408935547,0.979187550244648,767202000.0,-0.5516822983794274,-0.47535453201011013,0.7358788886230412,0.036546562569168876,0.005538123587743897,1.4908568578474317
CSX,2017-09-01,14.929284734230686,14.988552238440224,14.745557675505651,14.751483917236328,13603800.0,-0.008401866784009594,0.016472550442918277,-0.011909533521501295,0.003585566198461642,14.615206813812256,14.693238973617554,14.733170568906356,0.003964064269515804,-0.49501383781433184,0.014374403618881412,0.29970057807409833,0.011885449313365977,0.06454733845254743,45.44838629496818,-0.09199705023670646,0.06675362435845103,0.35474109649658203,0.7623719846032668,753598200.0,-0.573841299428648,-0.3914116324953194,0.5825293183961644,0.10948220280133045,0.0027006360146936397,1.4969380320640657
CSX,2017-09-05,14.718884318743147,14.72481055869374,14.428476517925343,14.517376899719238,23197200.0,-0.015997343496535053,0.020412368075539016,-0.013690400349658783,-0.0022099199427042453,14.6296311378479,14.686874866485596,14.712618790888534,-0.011540778300844635,-0.48094703674316364,0.014301796322306175,0.31202114069890846,0.011689466614054872,0.06540898129756938,39.03277969682222,-0.09943565349792927,0.04745201687778258,0.1442432403564453,1.2855590737204718,730401000.0,-0.3806028194572617,-0.648303839934625,0.2940864708333831,0.10196814518660119,-0.006576998769074095,1.5170582535726922
CSX,2017-09-06,14.558867386064458,15.213763684167873,14.541086966407748,14.878908157348633,28098900.0,0.02459831140309802,0.04521008602555907,0.02198253221198466,0.0028579878191370848,14.644201850891113,14.690914011001587,14.728455873408542,0.012796626963187114,-0.4609333133697522,0.015210832279931254,0.3396278178469432,0.01289863260649806,0.06610828142084117,50.18074034238097,-0.07529034885183705,0.05727785721909984,0.1457071304321289,1.5327026642251558,758499900.0,-0.22831534610577625,-0.7155093503184661,0.7395285021725913,-0.036587959281656576,0.003499942274854623,1.6391114859136526
CSX,2017-09-07,14.89371950658351,15.284880171399134,14.846307891065905,15.25228500366211,25928700.0,0.02478467794430682,0.028754529582152907,0.024074946283237142,0.000995459416661706,14.727099323272705,14.705358076095582,14.77834436200412,0.03719235701275369,-0.4368017101287833,0.016027374232785885,0.3391222171480174,0.013271504800987408,0.07268789069752939,65.39431547584135,-0.025730030134285542,0.08547054074932109,0.828974723815918,1.3928670137459176,784428600.0,-0.14354004468184275,-0.8397191681058797,0.9999999897287952,0.1539578286191413,0.0038968099392420264,1.7184445963545485
CSX,2017-09-08,15.237469608268222,15.275992718571983,15.047816329459513,15.154497146606445,16887300.0,-0.006431998867934932,0.015056678351321304,-0.005445291363649657,-0.0009713557929405185,14.814680099487305,14.727603530883789,14.814168436728151,0.028985952455025055,-0.39547555923461886,0.015569389244486267,0.33159880258275237,0.013127760172457818,0.07753882887360825,63.771520085413044,0.005591758385101286,0.09343386341496633,0.8758077621459961,0.9179157534961386,767541300.0,-0.1851002409752117,-0.612631183696536,0.8995600800551566,0.13389234791350604,-0.0014865503663810675,1.919908154164225
CSX,2017-09-11,15.249321189879463,15.444900676445862,15.240430981994566,15.430084228515625,17073000.0,0.018021795843513294,0.013251366060168683,0.011853841648776396,0.006257155374782731,14.91594820022583,14.757282781600953,14.872827083565053,0.045591146884676206,-0.3567133808135985,0.01593854064896573,0.33758508526596565,0.01313552631040049,0.08821750555505688,67.59741037140725,0.05205205212512354,0.11191532572399088,1.012681007385254,0.9212099236857462,784614300.0,-0.21168987667039213,-0.7686807845298191,0.9999999913148822,0.0896214927067866,0.010501828431173784,1.910913413052108
CSX,2017-09-12,15.424163261262747,15.530842401082511,15.329336605585464,15.385640144348145,13155600.0,-0.0028845088595501173,0.01309700432393574,-0.0024975822845023665,-0.00038372877070470677,14.993587875366211,14.777656698226929,14.921666422687252,0.04114207404710946,-0.3219996547698969,0.01587436194735914,0.3245726468180828,0.013198422993064127,0.09520124826608363,62.13831603779611,0.08431398435679327,0.1153418063645285,0.7763967514038086,0.7194737990585741,771458700.0,-0.09157645005878255,-0.7567818956165605,0.9613997804393951,0.0623391004238159,0.0033055938822725037,2.072085010873065
CSX,2017-09-13,15.40341530049471,15.438974436400521,15.255247429924802,15.430084228515625,11757600.0,0.0028845088595501624,0.011907064391533355,0.0017313646032810482,0.0011553081951611779,15.061447906494141,14.794645261764526,14.970087166099479,0.042950605135044104,-0.2919733333587651,0.015815693663527572,0.3079716796378819,0.013227674572338777,0.10139936149666313,70.78331647456596,0.11217498088947586,0.11456224231776888,0.6786003112792969,0.6515217884598921,783216300.0,-0.047321737977185224,-0.7219231138809261,0.9999999913148822,0.0844725156835313,0.0014365504881285616,2.0961686806876854
CSX,2017-09-14,15.361931128444807,15.560472924691371,15.31451780786537,15.433051109313965,17144400.0,0.00019226049297989622,0.0159369080737098,0.00462962503050603,-0.004416897475184704,15.110935688018799,14.82284984588623,15.014178970215143,0.041166258160341765,-0.24724872589111335,0.015372185046893387,0.3029830710119526,0.013109575357325582,0.10827119514429413,75.31030548780691,0.13296172386749028,0.10827918823662663,0.49487781524658203,0.9506453885431162,800360700.0,-0.14808215937332983,-0.44903834788922026,0.9999999913372043,-0.036865840194261194,0.002359709294424605,2.10072677018705
CSX,2017-09-15,15.379704971121901,15.560467986510837,15.367852492555523,15.551579475402832,28107300.0,0.007650821844492156,0.012385590432146421,0.011175409710631981,-0.003456616440534475,15.178499031066895,14.879115867614747,15.065359970709208,0.0451951321416712,-0.179784450531006,0.013463731638487197,0.30135200317439803,0.012576822069740961,0.1132034304609329,75.08980914133431,0.1571876545625699,0.10600409514536499,0.675633430480957,1.536315963807019,828468000.0,0.08410399060086804,-0.7370763259816961,0.9999999921438623,-0.10203681072472792,0.0036413691878092545,2.342162668650837
CSX,2017-09-18,15.539729786160539,15.61381373329939,15.361930686914963,15.364892959594727,16939200.0,-0.012076978398304662,0.016393413676672318,-0.011250956675033012,-0.0007619604980339976,15.239839935302735,14.927523374557495,15.093886922031638,0.02929954112700873,-0.11491034507751507,0.013871167139260765,0.30416514542120815,0.012379269820713574,0.11210432956628151,66.75439034230419,0.15948440066020453,0.0866406729943997,0.6134090423583984,0.9355779427359491,811528800.0,0.11380985506544543,-0.9216263057580812,0.8533364933312843,-0.12558821955408822,0.0044753847562859815,2.2444927242970842
CSX,2017-09-19,15.394526874840595,15.462682882336884,15.166348802524121,15.344149589538574,19139400.0,-0.0013509618984606502,0.019312512438929747,-0.0032724153013337005,0.0019286769731359412,15.322517204284669,14.976074171066283,15.117721461794204,0.024577563803964794,-0.04924199104309146,0.013865829270633153,0.30374183887141587,0.012499436667937354,0.10865890587569159,63.88898201028686,0.15781161779022135,0.06797431209953321,0.8267726898193359,1.051555006869111,792389400.0,0.11090537786518512,-0.9184330022433429,0.8370402160322503,-0.07429971588737361,0.0013766202488972369,2.2434460141644275
CSX,2017-09-20,15.355995440159314,15.658255630185122,15.302655905341005,15.649365425109863,13510500.0,0.019696101096690687,0.02272294851480347,0.0191045892201376,0.0007720108925955479,15.39956293106079,15.021882390975952,15.168354220205218,0.04177126526505476,0.003152437210083292,0.01348381312252323,0.3045884322952009,0.01256737602541174,0.114235794355871,65.78947256984628,0.17905031190871057,0.07137040497441795,0.7704572677612305,0.7505814568796911,805899900.0,0.048767798449057584,-0.9273227181973075,0.9999999927043302,0.07218926264900007,0.0005660173343568158,1.9311625929472696
CSX,2017-09-21,15.634555645989053,15.708639589438505,15.521948594548757,15.661226272583008,11122500.0,0.0007576252889119705,0.011920586015449796,0.0017058768536729648,-0.0009463501374341633,15.44045705795288,15.083778190612794,15.215294415669769,0.03828272165455084,0.07759504318237376,0.012254889156683513,0.2952751574760316,0.012229893099407137,0.11334086248618609,67.83315588813414,0.19459601949901995,0.06953289005178184,0.40894126892089844,0.6255462457101785,817022400.0,0.2143674534908971,-0.958235343594313,0.9999999927669201,-0.0751964507050398,-0.0026442574148686023,1.5480508817117002
CSX,2017-09-22,15.572322439351426,15.773829839287497,15.507128719169147,15.735306739807129,11388300.0,0.0047190308988078545,0.016949216467680963,0.01046628087046539,-0.0056766840402031156,15.49853801727295,15.156609058380127,15.264819398920945,0.03818121053317256,0.15936597824096665,0.01178883120730242,0.29696848298915857,0.012086847290023163,0.10730403133906002,72.86513155707456,0.21046763941814817,0.06832360797672804,0.5808095932006836,0.6496856056327422,828410700.0,0.13460610042987284,-0.7522314544164599,0.9999999924121913,-0.05084579994141055,0.0004825718125991883,1.3835943411116918
CSX,2017-09-25,15.717524677978403,15.815315247998203,15.607881630422913,15.803461074829102,12483600.0,0.004321946977236998,0.013125834688559426,0.005467552850170012,-0.0011300740508439315,15.535875701904297,15.225911951065063,15.316118606150292,0.0379319889422872,0.23772160530090325,0.011735275517586501,0.2887132128651804,0.012063108534714652,0.10293527060910236,82.38841300362034,0.2259409907022043,0.06703756740862732,0.37337684631347656,0.7129713077537257,840894300.0,0.20896753286214934,-0.6836449004450561,0.9999999922244593,-0.068707276549998,-0.0017447718671620813,1.3154809682850597
CSX,2017-09-26,15.80643015002461,15.927927410012172,15.738272447451655,15.87755012512207,15162600.0,0.004677198268122675,0.011944850500609545,0.004499433105542134,0.00018787499658778485,15.58506669998169,15.28932728767395,15.369588274623796,0.03847277426799131,0.30599270820617797,0.011558178756072646,0.2525180827303149,0.01203603511976743,0.10187242437586846,79.40701374824062,0.24139939824781464,0.06599677996339012,0.4919099807739258,0.8694395656758704,856056900.0,0.31861615038973606,-0.4798888770318724,0.9999999926479953,-0.0901058985616826,-0.0002740561333215271,1.37487660490754
CSX,2017-09-27,15.936817955629532,16.07016940962319,15.898294842826498,15.951634407043457,15236700.0,0.004655124961275733,0.010774730815094455,0.0009296994829943986,0.003732807016221366,15.637221717834473,15.349334812164306,15.425021239616145,0.03923945905472268,0.36949234008788956,0.011486530141062457,0.23495001159944998,0.011801081100585215,0.102827526714321,75.00046024348585,0.25666955316476603,0.06501354790427322,0.521550178527832,0.8800018712753175,871293600.0,0.39177404565305357,-0.36792928799110475,0.9999999930277514,-0.1123664331417711,0.004626778618060416,1.349698415445808
CSX,2017-09-28,15.898293489428639,16.025716995502016,15.883477039276018,15.910147666931152,13649100.0,-0.002604170944480641,0.008940203397460614,0.0007456257811818537,-0.0033439155044366845,15.684931373596191,15.397933530807496,15.471223756503289,0.033265121913849116,0.40606242179870655,0.011386265336964962,0.22881169496470197,0.011446507617073758,0.1041907667991915,78.14609339866537,0.26239885705752464,0.05659428143762546,0.4770965576171875,0.7997257902207301,857644500.0,0.5887278568076331,-0.11311997063691112,0.9710744063662269,-0.08852694576131633,0.0020309116129907253,1.2877387717763238
CSX,2017-09-29,15.898296500840804,16.090913780577978,15.764946728574433,16.079059600830078,13744500.0,0.010560655807562077,0.020272768438940107,0.011369966586024767,-0.0007448809614118791,15.737679386138916,15.458089208602905,15.529112884534412,0.0401712258124105,0.44490847587585414,0.011361499469825044,0.23135194654785401,0.011420287363450212,0.10578786656996014,76.25949084757379,0.2773717838137877,0.057253766555110774,0.5274801254272461,0.8148988735666122,871389000.0,0.4076172195526387,-0.24894852935293652,0.9999999935966507,-0.14924473835517563,0.002729616981681461,1.5169233788937155
CSX,2017-10-02,15.649375974618103,15.841993257951023,15.521952442029788,15.640485763549805,24230700.0,-0.0276549858198655,0.020462332229289906,-0.0005680872568156806,-0.02672318138492335,15.765238666534424,15.50253930091858,15.539719825393021,0.00889831400866382,0.4816017246246336,0.013095495182010954,0.2567520439266571,0.011537618316034315,0.09672432457976358,57.81818224373711,0.25095583019233203,0.024670250346924077,0.2755928039550781,1.3927406568223497,847158300.0,-0.23736007526317143,0.47815476291925635,0.7191658432535815,-0.31418806867981375,0.003289658316985393,1.3501966642750713
CSX,2017-10-03,15.610849993404832,15.717530811020378,15.397490053807815,15.444903373718262,20766000.0,-0.012583723487279319,0.020721447682033354,-0.010630210382950221,-0.0018948113628311203,15.775314044952392,15.54891562461853,15.530689687138283,-0.006689357213797367,0.5190564632415775,0.012859617231230221,0.2664887404078603,0.011545355111058558,0.0760335920131697,50.41604260721819,0.21179766072807915,-0.011590335293863052,0.1007537841796875,1.2019938302743731,826392300.0,-0.21189515322696711,0.6107734154743503,0.47160315869115377,0.04491694214661118,0.001597133517823443,0.9794377852559177
CSX,2017-10-04,15.406381052138732,15.471574794262404,15.30266419756948,15.356003761291504,14476200.0,-0.005772548120005833,0.010999645436314797,-0.0032698977570877856,-0.00249417692344265,15.745977878570557,15.572770404815675,15.514052932295733,-0.013919594130607511,0.5401356506347668,0.01192733586916,0.2609855603983547,0.009929173332904415,0.06553093685815284,47.936487016649096,0.17161282769807684,-0.041420134659092306,-0.2933616638183594,0.8723145784674567,811916100.0,-0.21257177816369896,1.0249138205252768,0.21794808083006736,-0.12229627519997642,0.0011249824586842267,0.8377788302377671
CSX,2017-10-05,15.382673096488196,15.527877019792792,15.264139800617304,15.513060569763184,15098700.0,0.010175764448470627,0.017000979142023264,0.008476255879399456,0.001736736693430504,15.731161308288574,15.585809183120727,15.513958421578348,-0.004667618633258339,0.5502090358734115,0.010799029214210979,0.2660656836283671,0.009412543618497653,0.0627027356586758,48.98923114499416,0.15070203067005217,-0.049864745349693596,-0.14816570281982422,0.9405144994973109,827014800.0,-0.6258419216542694,1.4240663999789132,0.3878195763201664,-0.08498396350117918,0.005011525700523816,0.7048569428405009
CSX,2017-10-06,15.486389942329476,15.518986810648224,15.34711225990992,15.513060569763184,13344000.0,0.0,0.011079345043834087,0.0017221978481123039,-0.001719236981881712,15.70893669128418,15.603737354278564,15.513872911881666,-0.0058112221743156405,0.5530122184753417,0.010664783164548922,0.2603507910822155,0.009313873717274875,0.057229868622838465,54.310356785957836,0.13260152552650162,-0.05437220039459531,-0.2222461700439453,0.8404877776864478,827014800.0,-0.7311666742722266,1.7639012596633035,0.22983899434079208,-0.03166600727796954,-0.0013161143369236124,0.5631773903055308
CSX,2017-10-09,15.542686355473249,15.676036040335637,15.513053468977882,15.649365425109863,9181800.0,0.00874808172124343,0.0104146441041146,0.006863618501768721,0.0019097318402668687,15.693527126312256,15.614701414108277,15.526776960760541,0.0022199599007552426,0.5460661792755133,0.010068476180100374,0.25082568333542926,0.009247437524160915,0.0562618487846572,58.31967698933765,0.12778241137586122,-0.04735305163618858,-0.15409564971923828,0.5930654017085074,836196600.0,-0.9680012043054785,2.3363539061012393,0.41531048254712044,-0.004717133245562462,-0.0004630820630086155,-0.8664297709830401
CSX,2017-10-10,15.670113867657076,15.687894282420586,15.513057493724645,15.524909973144531,9039300.0,-0.00798453927631152,0.011261694206174433,-0.009266294791401836,0.001325832836258072,15.658263111114502,15.621664905548096,15.52659915241616,-0.006193637681294899,0.5337718772888191,0.010227477761502497,0.237914045039131,0.00920350715334336,0.05482693121721426,46.23669805515199,0.11262247208252951,-0.05001039274361624,-0.35264015197753906,0.5917274805382519,827157300.0,-0.8743330099236916,1.9040047033845466,0.2459626054469843,-0.036592926226499026,0.0033403691570109877,-0.9663778990642129
CSX,2017-10-11,15.450828850352938,15.735310451374682,15.415269709996462,15.729382514953613,13800600.0,0.01308463208051588,0.02034668182771723,0.018028396230297544,-0.004771758607279605,15.636037921905517,15.636629819869995,15.545911853610203,0.005931757428045919,0.5210215473175044,0.010605274553997917,0.24743902693116468,0.00947283947023173,0.05383648588689184,51.84589977120938,0.11577277970833677,-0.03748806809424718,-0.22225189208984375,0.8974091363983074,840957900.0,-0.8468510032599508,1.4993082639701318,0.5241906005554868,-0.08619085032977049,0.003559394020857478,-0.6672803251315451
CSX,2017-10-12,15.761979105817474,15.960522581585462,15.741236415610116,15.87755012512207,15402900.0,0.009375708628875207,0.01381108321165888,0.007332265734443269,0.002072337603391097,15.63277816772461,15.658854770660401,15.577496450897048,0.013966241954771376,0.5098526191711432,0.010767096932888715,0.24489895168212886,0.009413203155510676,0.05397427406642456,53.70379291558006,0.12874125994474817,-0.01961567028626865,-0.03259754180908203,1.0073051844541907,856360800.0,-0.9243215440184629,1.4105715262119476,0.7258038673171411,-0.032715459528312806,0.0009903365790245346,-0.7180345276086655
CSX,2017-10-13,15.92496262371819,15.984228418771018,15.631590833924768,15.655299186706543,11840100.0,-0.014096703829490784,0.022525125878506753,-0.01693337958671367,0.0029861343987258164,15.590402126312256,15.664040756225585,15.584906235259856,-0.000558066060672625,0.4927598762512204,0.011192409716920508,0.25527066363005446,0.009735780465785151,0.05357232893293194,46.4286912917527,0.1197051937042879,-0.02292138922138315,-0.42376041412353516,0.8178087400498762,844520700.0,-0.6635287595447793,0.562243886880254,0.42338461601212873,-0.05008046107643985,0.0007139221584172776,-0.7666630990597164
CSX,2017-10-16,15.64640977144979,15.791611994069942,15.590106245915216,15.658262252807617,19795200.0,0.00018925130031228397,0.012868972616587484,0.0007575208326356728,-0.0005678214865610274,15.592179775238037,15.67870922088623,15.591892522645356,-0.0013041231768859106,0.48196195602416836,0.010807073701798857,0.25611714831535515,0.009643115569945042,0.050432511659327675,44.52658820348124,0.11149786282077656,-0.02490297608391559,0.0177764892578125,1.3539220423736726,864315900.0,-0.8370630053929122,1.261290991871156,0.42741649204488036,-0.05779476014653196,-0.00018230325582772,-0.342855662670194
CSX,2017-10-17,15.486393265101416,16.08498611377543,15.43897993658002,16.070171356201172,29346900.0,0.025966125652359794,0.040199084557124336,0.03769619440152664,-0.010976249147659031,15.654706573486328,15.71501030921936,15.63744288774591,0.022600115430624474,0.4897527980804455,0.012173306149498882,0.28850192636494715,0.010795284987257035,0.05082030010140125,52.53172111409987,0.13665583276599058,0.0002039950890387332,0.6252679824829102,1.9395202303084857,893662800.0,-0.4403677120613167,0.9319107806579655,0.9877073747006149,-0.04477830326972367,-0.0006365848077925496,-0.8501305177207661
CSX,2017-10-18,16.087941889762746,16.29241324856273,15.883472226596277,15.90717887878418,22398000.0,-0.01019433366379226,0.025707953942220977,-0.011235931371283195,0.0011058085920606434,15.709824085235596,15.727900981903076,15.663132029749555,0.011398717291479978,0.4804623985290526,0.011744973344416411,0.30755200248926545,0.010893807081327705,0.05175135881292093,49.93972103211225,0.1418069126411865,0.004284059971387727,0.5511751174926758,1.4380382892621917,871264800.0,-0.3263146630363643,1.0164269320710995,0.7622856766104776,-0.1488587538109002,0.0012442701410907205,-0.7386199799158966
CSX,2017-10-19,15.753087585920767,16.037569158268504,15.705675968768931,16.01978874206543,15522300.0,0.007054245276033632,0.020717700766432298,0.016930087812310868,-0.009686902626645408,15.760496902465821,15.745829105377197,15.697099335684399,0.017398870193165966,0.4772628211975096,0.011826204391949946,0.307975298024696,0.011134788911652229,0.054079140800999216,48.76839188244414,0.15320974878645544,0.012549516893325313,0.5067281723022461,0.9827117114978277,886787100.0,-0.4003335829222334,0.9449721222427935,0.9180272605463702,-0.17028636362070856,0.0017106166008890814,-0.878978799191838
CSX,2017-10-20,16.1353604426063,16.277600402001156,16.03460756194346,16.156103134155273,18343200.0,0.00847312690869221,0.015040312508527475,0.0012855424967267903,0.0072143086529846655,15.824801158905029,15.766868925094604,15.740813983157816,0.02468684244854492,0.4693723392486575,0.011915442218702537,0.2865970481057985,0.011082381823405372,0.05879270898652764,62.25338616668978,0.17127169728594005,0.024489172314247937,0.6430425643920898,1.1362859224239181,905130300.0,-0.43228727171713177,0.8536175366687679,0.9999999875015526,-0.15570568800983545,0.0050070052854835866,-0.4014958978919125
CSX,2017-10-23,16.16203241160451,16.22722446000972,16.034608892121724,16.037572860717773,13544400.0,-0.00736360824666977,0.01201026923218441,-0.007700736375047344,0.00036699923242641553,15.86362190246582,15.778574514389039,15.76907673340162,0.016414559255181444,0.4570564556121841,0.012048640653279102,0.27749524886832927,0.011056537347321883,0.060708527116326856,64.61990216370006,0.17401557589552397,0.021786440739065493,0.38820743560791016,0.8362723015825974,891585900.0,-0.27963192063231174,0.5959486858606211,0.8518555494778055,-0.17980013365649636,-0.002886684212841386,0.1784807153264786
CSX,2017-10-24,16.04942282544064,16.289453375030018,16.04645885730968,16.09980010986328,12084000.0,0.0038725832986065737,0.015093014575471068,0.003138884492642681,0.0007388876624773973,15.921110916137696,15.789687013626098,15.80057419782654,0.019640230738555062,0.4457361888885494,0.012036280860819345,0.2834216715554237,0.011123538152929663,0.06314616848931044,68.59254159517006,0.17914625193577471,0.021533693423452988,0.57489013671875,0.753261859479636,903669900.0,-0.27029369281811266,0.6079091079933515,0.9296299491064864,-0.19378322917210888,0.0018483768194388227,0.27949948959127335
CSX,2017-10-25,16.14425133162375,16.29538150679695,15.61974082341289,15.681970596313477,23330700.0,-0.026295173565881656,0.043083914692640085,-0.028634386681328866,0.0027609797300052136,15.916369724273682,15.776203823089599,15.789278616730059,-0.005973124322735061,0.42041984558105483,0.01338547927554737,0.31284334757032173,0.012409107676039395,0.06270944934321737,53.73524954457435,0.14779333035153464,-0.00785538252862969,-0.04741191864013672,1.4185443727187992,880339200.0,-0.2799758735017156,0.05186660998071182,0.4074079320687015,-0.1986270085065803,-0.005640874479864155,1.5280817701264822
CSX,2017-10-26,15.539729501562874,15.687897393126999,15.018182999730955,15.513060569763184,39015300.0,-0.010829396284493012,0.04317100358013153,-0.0017161773502562246,-0.009070358465283718,15.879920768737794,15.756349468231202,15.762972136066546,-0.015440689415943083,0.3876834678649903,0.013567828409726956,0.3484033363315889,0.013670323691826738,0.06395053201972624,50.0,0.10807051695985237,-0.03806255673624956,-0.3644895553588867,2.2023579697480815,841323900.0,-0.19174340902717518,-0.15199371605665815,0.19629662493868122,-0.09738815536238256,0.0019723196651000884,1.476710005248553
CSX,2017-10-27,15.44490310171632,15.76494385329261,15.409342264592714,15.56936264038086,19315800.0,0.0036227633743130833,0.022839829536605696,0.008058291971460022,-0.004393553918026333,15.871327114105224,15.73086462020874,15.744533136477433,-0.010266567269316278,0.33933654785156264,0.013336195768301536,0.36216183757031317,0.013737216207403946,0.06183297985416517,48.29776570207602,0.08020841504174037,-0.05273972692348927,-0.0859365463256836,1.073469452403202,860639700.0,-0.15225665573383104,0.02123695865460374,0.2666654713889255,-0.020413698602111775,0.005677467609302297,1.3246212495661727
CSX,2017-10-30,15.530835577274516,15.572322644813676,15.198942428228452,15.290806770324707,18961200.0,-0.018053266778639165,0.024418608003722402,-0.01545498345890873,-0.002474543370607816,15.834581565856933,15.713380670547485,15.701321101605744,-0.026892615222822998,0.30397131919860776,0.012522724418314726,0.3763435109909762,0.013849963106488445,0.06666018642361063,45.32548061048014,0.035244095813192544,-0.07816323692162969,-0.36745548248291016,1.069421719731105,841678500.0,0.06911062230004938,-0.06487091395864203,0.0,-0.16770071273498313,-0.005024710912716593,1.9821196592699324
CSX,2017-10-31,15.284881896921156,15.290809833209606,14.932245991286218,14.944098472595215,22293600.0,-0.022935312217166694,0.023993675000263788,-0.022295456819629453,-0.0003874794504008252,15.721974277496338,15.688340425491333,15.6292046607476,-0.04743917665675015,0.26751177787780733,0.013200218869998231,0.3790951610299168,0.013940712100576414,0.07869598722002308,35.16243959959867,-0.028043643524496176,-0.11316078100745473,-1.126072883605957,1.2519774848919312,819384900.0,-0.0312654601017732,-0.2644102331146281,0.0,-0.04554170840679164,0.001576904182919673,1.9435039557866611
CSX,2017-11-01,15.032998793647847,15.101156495570137,14.748518895973788,14.861125946044922,18359400.0,-0.005567664227099441,0.0237288615194193,-0.011433038075912678,0.005948858087067575,15.617368984222413,15.663596534729004,15.556054306966391,-0.05123156657571338,0.24020938873291087,0.013196891877294113,0.3877735562416668,0.014221067058983202,0.09022295003563982,30.310066234268163,-0.08392736001217571,-0.1352355979961074,-1.0460529327392578,1.019917370660418,801025500.0,-0.033601792091456265,-0.26111625809021777,0.0,0.00047986573893386104,0.0030022646779408932,1.8560387756334795
CSX,2017-11-02,14.881868404739933,15.302662004084082,14.843345297816258,15.296735763549805,18351300.0,0.02889065017077004,0.030027106002727583,0.02787737047034597,0.0013957528366504042,15.545063686370849,15.652780294418335,15.531357302831477,-0.022746408252819667,0.2119246387481688,0.014698157188261892,0.39539349348606506,0.014618314671688707,0.09234762961623783,43.584329547327684,-0.09200496030826066,-0.1146505586337539,-0.723052978515625,1.0103394169625899,819376800.0,0.27039528262873197,-0.15528957722838616,0.33638416038562735,-0.03657594106064117,0.004065223541961722,2.210138892751909
CSX,2017-11-03,15.29969972658421,15.332298292209595,15.163387701064073,15.204873085021973,12006600.0,-0.006023482678121316,0.011108977378569031,-0.0061979413489710545,0.00019376441354685173,15.44994068145752,15.637370920181274,15.500263567802001,-0.027657963564778558,0.177991590499877,0.01474652908896682,0.3930652679854076,0.01461750462524855,0.09566721993551641,42.13776234994104,-0.10461315187227527,-0.1018070001582148,-0.9512300491333008,0.6634715966453423,807370200.0,0.33274139632948324,-0.16810407890232493,0.2654464800450937,-0.07340573156677835,0.0031269083128035685,2.171853871081204
CSX,2017-11-06,15.127824454821456,15.187090248547685,14.99151075536376,15.15745735168457,13734900.0,-0.0031233288882092877,0.012903186111369001,0.00195883399834603,-0.005067364243665817,15.361929130554199,15.612775516510009,15.467615356743199,-0.029163178855928236,0.1385951042175293,0.014574232770188192,0.362162136018465,0.014653714442413514,0.09967171125479671,31.88226091513087,-0.11708164362744,-0.09142039353070362,-0.8801155090332031,0.7495462988051103,793635300.0,0.4635295938128868,0.05990590652823332,0.22883136944191704,-0.0558476782331191,0.001972502887571109,2.2901099035232946
CSX,2017-11-07,15.15153402066195,15.533804567877123,15.080414037154533,15.356003761291504,16522200.0,0.01301387679568196,0.02952529432595411,0.013494986075384905,-0.0003907865867728664,15.287549495697021,15.604330205917359,15.456985680985895,-0.01591394448521003,0.11521458625793457,0.014841046470070856,0.3653371009296175,0.01510926582178271,0.10070546982729348,39.21123832685516,-0.10967768120341503,-0.06721314488534293,-0.7437963485717773,0.8836142927507817,810157500.0,0.26257031389728247,-0.260541476024215,0.38215175986782973,-0.038760361789448125,0.002025333903828657,2.4975820913783333
CSX,2017-11-08,15.157459420784773,15.367857086754855,15.118936310477281,15.258213996887207,11689800.0,-0.006388541283099121,0.016313886823736745,0.0066471941837609756,-0.01292942770743578,15.245173835754395,15.580771780014038,15.438055044405067,-0.02070229817117186,0.08152155876159561,0.014537773443473614,0.3594104999851891,0.015016134352146512,0.10244555176043346,35.005860071041866,-0.11042786072449573,-0.0543706595251389,-0.42375659942626953,0.6287242058657906,798467700.0,0.45172838372432683,0.08095727290875425,0.3066370986467727,-0.09657147755145463,0.002659163068104474,2.2953405541376544
CSX,2017-11-09,15.169314219435673,15.187092943327878,14.867053870024442,14.884834289550781,16366500.0,-0.024775119103276132,0.02150101687918048,-0.018753644744229914,-0.005826355395832704,15.182351207733154,15.531135988235473,15.385367353466563,-0.04161329211039375,0.03295254707336426,0.015169296876465623,0.3689353904799776,0.015172776337164542,0.1085062518829834,27.107783637264134,-0.1395424468521842,-0.0667881965222619,-0.6282262802124023,0.8779807167721595,782101200.0,0.5450692821233589,0.07896870571979175,0.018307923522093605,-0.03569055153595756,-0.005985204906739442,2.4999292818062484
CSX,2017-11-10,14.807790257235075,14.929285852165942,14.748522748587465,14.840385437011719,10387200.0,-0.0029906514452799422,0.012180485766067473,0.0022012183594184802,-0.005176008735938141,15.109453487396241,15.490390300750732,15.333464313804198,-0.04196181317055075,-0.007081928253173331,0.014951740606900613,0.36808878588644056,0.014963769967109365,0.11549670766990815,27.85085103665064,-0.1643085701251188,-0.07324345583615718,-0.7289772033691406,0.5594012416238857,771714000.0,0.46896318808183424,0.17741287816038107,0.0,-0.0245238826787958,0.0012251383951386347,2.4920307131047412
CSX,2017-11-13,14.627025366896675,14.807790164983382,14.458114748719394,14.742594718933105,14740800.0,-0.0066113064850423535,0.023718715933696472,0.007901083722599065,-0.014376989803979558,15.05463228225708,15.444606924057007,15.27719101905457,-0.0454535494866124,-0.05268752098083418,0.014962889296906026,0.37740236974216057,0.015206547601033668,0.12306644002589565,25.21649149167453,-0.1896407345859643,-0.07886049623760216,-0.5482120513916016,0.8048175049772859,756973200.0,0.5419323738288765,0.22307535358312583,0.0,-0.0495909536835726,0.0002608016891019443,2.5256085955516188
CSX,2017-11-14,14.656657333828353,14.704070653673174,14.520341919731907,14.638876914978027,13259100.0,-0.0070601116286063146,0.012550739719198123,-0.0012131291907389455,-0.005829189958968908,15.024110126495362,15.37304220199585,15.216399199618708,-0.04775666893846859,-0.12668224334716882,0.013302638080197448,0.3450175208719562,0.014275474501352076,0.12585927791337528,28.484132445286903,-0.21560050894246352,-0.08385621647528108,-0.3052215576171875,0.7571732905267251,743714100.0,0.570465739555146,1.0283148570842862,0.0,-0.0018329459605352344,-0.0020882376385837854,2.6982660082586203
CSX,2017-11-15,14.597385067992425,14.621091720171096,14.301051067942295,14.410694122314453,15861300.0,-0.015710213793963777,0.022208552170518255,-0.012789341708010962,-0.002834359987216584,14.979066944122314,15.298217964172363,15.139665382732588,-0.05801485139879981,-0.19214220046997177,0.013477271383715258,0.321311196131934,0.014176361618918382,0.133786226963907,27.804252910333716,-0.2516849935773564,-0.09595256088813917,-0.45043182373046875,0.9230014524733946,727852800.0,0.588101560790492,0.8816370775819489,0.0,0.02765830155932222,-0.007652773927921768,2.388881310319068
CSX,2017-11-16,14.434403374180127,14.861123140122434,14.324758617307198,14.852232933044434,21616800.0,0.03017964146768456,0.03611339286376857,0.02894678415401009,0.0016452539804422373,14.934616661071777,15.239840173721314,15.11229086371467,-0.025433812707908014,-0.24251894950866593,0.015458187935766084,0.3342228342830297,0.014746213439322588,0.12892773889738043,37.50000415577715,-0.24186563916096837,-0.0689065651774009,-0.4445028305053711,1.2360081547445982,749469600.0,0.8155541238947382,0.6396882470044463,0.2529715414581193,-0.11803360726539788,0.00959378836233907,2.6908549786412
CSX,2017-11-17,14.804824836169168,14.837421708382864,14.66851110572122,14.792970657348633,18522300.0,-0.00399810744808633,0.011418301744398762,-0.0008006969992359728,-0.0031919844705497855,14.893426418304443,15.171683549880981,15.081879415489333,-0.024961823866628142,-0.3034450435638423,0.015190507004697176,0.32067580647860033,0.014687928648380113,0.11870677137709187,40.60412215636548,-0.236143584170458,-0.050547608149512424,-0.41190242767333984,1.0585284395616454,730947300.0,0.9665609963364332,1.0948820830295427,0.22631885481960642,-0.09116313910752932,-0.001867291448267916,2.6388347724658794
CSX,2017-11-20,14.742593030097469,14.790008048669174,14.60924327128995,14.730740547180176,14530500.0,-0.004215608389932152,0.012271262045534217,-0.0008039618873759724,-0.0034055111997493325,14.850754737854004,15.106341934204101,15.048437618507508,-0.024863821344695024,-0.3547997856140146,0.015173565038669427,0.30818748820255,0.014693232027747364,0.10885345655710528,45.48878093319213,-0.23393362298995868,-0.038670117575210466,-0.42671680450439453,0.8280683278182916,716416800.0,0.9358969472206808,1.0669261419303042,0.18947681514964893,-0.08606002352434448,0.0020818605074820144,2.6782909597916986
CSX,2017-11-21,14.74555371178354,14.8877953445239,14.686287919139374,14.881867408752441,11388600.0,0.01020701546231774,0.013540466384347244,0.009244393234278475,0.0010055953776335852,14.803341102600097,15.04544529914856,15.032573789007026,-0.010872253173216141,-0.40562096595764174,0.015415960057064908,0.29739247575884825,0.01466855264200472,0.09047168339565781,50.42626994104073,-0.21748055763206686,-0.01777364177385493,-0.4741363525390625,0.6503053927450915,727805400.0,0.8628288511008169,0.741843126201019,0.3706300654251308,-0.04528309961463488,0.005870348061115953,2.670483229984204
CSX,2017-11-22,14.935211331918758,15.172279658772808,14.855201131927805,15.115974426269531,13997100.0,0.015608574223173848,0.02097638682782922,0.012103149418746805,0.003584491226883502,14.78911714553833,15.017145490646362,15.04051670684155,0.006581073326134203,-0.4276385784149177,0.015079302239369206,0.28723260580007537,0.013815660269455854,0.08161999109997652,45.949597229155415,-0.1834363647704489,0.01301644087021045,-0.14223957061767578,0.8211362010417097,741802500.0,0.7705189774746816,0.3212571000838663,0.608698939231615,-0.0340285036021338,-0.0012476696458063642,2.3949723515301278
CSX,2017-11-24,15.077448947883191,15.207836422438353,15.018183147182869,15.08337688446045,7338900.0,-0.002158824812746005,0.012573661502211292,0.00039316575355345277,-0.0025486599341811625,14.808971405029297,14.995661306381226,15.044598628519541,0.005849397121412484,-0.442129278182982,0.014929719225680507,0.28871422609364406,0.012624867001360337,0.07577468668401363,47.203299192851574,-0.1572734948975949,0.03134344859445154,0.19854259490966797,0.4746350696004028,734463600.0,0.7107068347055897,0.36042358909556915,0.5805653177346359,-0.02579670827112554,0.0018681443927965255,2.4204664158647344
CSX,2017-11-27,15.086337913408252,15.139679164401967,14.881868204834024,15.012255668640137,13575900.0,-0.004726356762203125,0.017173365899069846,-0.004910551864430521,0.000196310744635297,14.826158428192139,14.967805957794189,15.041518346626265,0.0029696878067023117,-0.45919815063476577,0.014901340896938398,0.2918891282300534,0.012462759584262633,0.06684871082649671,46.6937096770691,-0.14065671668774726,0.03836818144343937,0.17187023162841797,0.8946109441720702,720887700.0,0.8053120462619351,0.4945081721675072,0.6363645467669268,-0.005472854927884247,-0.0007636618116966016,2.516116578079109
CSX,2017-11-28,15.021146585548518,15.462682889471713,14.94706264165265,15.447866439819336,20397300.0,0.028603987218756823,0.03337808815397121,0.028407941553633114,0.0005922439042224663,14.896685600280762,14.975658941268922,15.080218165025606,0.03153166751475198,-0.4530046367645255,0.015880714579305056,0.29633410802265864,0.012862391032807341,0.07023552750756663,51.88792219780994,-0.09128537062655973,0.07019162200370152,0.7052717208862305,1.3377906021543247,741285000.0,0.6548744981191773,-0.13504429741959398,0.9999999903584007,-0.12471017798445437,0.00851219773009294,2.72607124108979
CSX,2017-11-29,15.441916576079443,16.277820591865588,15.32292677145674,16.194528579711914,33467100.0,0.047202543899820044,0.05896397759951561,0.0487382508462918,-0.00038515763733925257,15.05225076675415,15.038180446624756,15.186342966424302,0.07689415200139424,-0.40749071121215863,0.018169136845781284,0.3467607540320354,0.01487255619693903,0.10064480083073091,65.1911494341442,0.007998964320236723,0.1355807655603984,1.5556516647338867,2.117409690693472,774752100.0,0.9590450169609953,0.4424127028427649,0.9999999943940987,0.11204607343782583,0.0007786674743329147,2.651125812412973
CSX,2017-11-30,16.50092127202212,16.709153787302473,16.108254194574485,16.584213256835938,43613700.0,0.023777791044972747,0.036233228759302134,0.0050477172420089885,0.01891951907103028,15.2696026802063,15.124334812164307,15.31947347027303,0.09652513401762763,-0.3400333023071287,0.0185372425068044,0.3617421444509799,0.015339965027250328,0.13472842773499133,77.42631074434506,0.11678063729049448,0.19548995082452492,2.1735191345214844,2.555231467282073,818365800.0,0.7167959957130735,-0.10996906642973266,0.9999999953991664,0.27569841738378054,0.008941997112279958,2.696965579441247
CSX,2017-12-01,16.429529586869247,16.753776528173294,16.301615359188588,16.700231552124023,30976500.0,0.006971350480686704,0.027075143693273962,0.016476549972016603,-0.009327163584496876,15.454402542114257,15.194509601593017,15.450974239973124,0.09909644931042354,-0.290638618469238,0.01769103077235621,0.38112772055142485,0.015233678765954859,0.163018888445006,79.3383419283793,0.2099326309820171,0.23091355561283802,1.8479986190795898,1.750118858248932,849342300.0,0.8954866203523048,0.6102964163053944,0.9999999956323056,0.33640187759809537,-0.001423996191315971,2.5051370275566485
CSX,2017-12-04,16.792452107005108,17.32790705085323,16.78352765935513,16.953088760375977,35068200.0,0.015027460252560802,0.032110926757516006,0.009566003365515502,0.005522112348756942,15.670414352416993,15.281920385360717,15.594032765725778,0.10935591423550091,-0.22758347511291532,0.017659148478484012,0.39865663558263076,0.01575521129189801,0.1920211709815104,83.24333611858577,0.3006935129543695,0.25733955006815235,2.1601181030273438,1.8601120739245527,884410500.0,0.7256201545954063,0.3962886381781606,0.9999999960667003,0.32675014609885816,-0.0012118315304253079,2.4742086701159227
CSX,2017-12-05,17.03340276695877,17.07207423272218,16.566368092819616,16.596115112304688,24312300.0,-0.02128140638168126,0.030471356487978545,-0.02567236039896432,0.004737426183393107,15.856951808929443,15.353853273391724,15.689469179685673,0.08090879968651302,-0.1715036678314199,0.018558067970993422,0.4189033027755854,0.01617103786539062,0.20560144429159125,77.35121250543409,0.3398992290358045,0.23723621291966987,1.8653745651245117,1.2544007578319751,860098200.0,0.6191405447828383,0.12013336293174295,0.8595915632754075,0.28062920250147577,-0.0025663631334888267,2.6559826329050775
CSX,2017-12-06,16.610992385155065,16.759730920604298,16.530674052618526,16.54852294921875,17233800.0,-0.0028717885352060666,0.013841529463908183,-0.003760728708306584,0.000896431047248335,16.023617362976076,15.413479232788086,15.77128382440311,0.07363968246806726,-0.12529716491699183,0.01852140159961005,0.4111340899863025,0.015782710308291353,0.21622311095843091,81.46287882318002,0.3629459368416299,0.20822633658039622,1.6666555404663086,0.8875539889020988,842864400.0,0.7571554292772852,0.29412404891560556,0.8408721393959462,0.3106860806022533,-0.00037071577899032003,2.651616606068283
CSX,2017-12-07,16.500923413047502,16.789474270294967,16.471176393337398,16.706180572509766,14973000.0,0.009481895058111698,0.01905270181751371,0.012439131697318456,-0.0028763616134994665,16.1826379776001,15.485877561569215,15.860321609937076,0.07880102410010888,-0.06798975944519015,0.018397882264714997,0.3955579009964692,0.015839553121823235,0.22744572177354289,79.77271105260047,0.3894430147658028,0.18777873160365527,1.5902061462402344,0.7646563604287653,857837400.0,0.64027485211363,0.2396690146555093,0.9028836069748382,0.2771146812500025,0.0037392692753061346,2.7035092461759342
CSX,2017-12-08,16.765680295613258,16.88169642349676,16.71808437190836,16.795427322387695,11754900.0,0.005327921052418186,0.009741464057321672,0.0017742809268658556,0.0035615395658658176,16.353843021392823,15.58140721321106,15.949379296837135,0.0779146640970464,0.009834299087524201,0.017069614594272763,0.3949717598295964,0.015633985011574442,0.23486465351809555,81.85089181914601,0.41288413546855374,0.16897588184512496,1.712050437927246,0.6074643560603418,869592300.0,0.80173784158706,0.5352765543670975,0.9379870280530633,0.248406143330376,0.004251689217571528,2.419771424358272
CSX,2017-12-11,16.777574844968473,16.953086691109505,16.71213174046377,16.94713592529297,19396500.0,0.00899218142053551,0.014218033755551394,0.010106411796180784,-0.0010629367789544246,16.547331047058105,15.686744737625123,16.04440373764245,0.08034752963403301,0.09781029701233024,0.016940528602181332,0.39905944301438573,0.015666550041165697,0.24117946944009255,84.2780653384696,0.43864656433673055,0.1557906485706414,1.934880256652832,0.979560360644263,888988800.0,0.7114856062801919,0.5196465921114939,0.9976585676470227,0.230201677709228,0.0027320318754345024,2.412444837762945
CSX,2017-12-12,16.979864141816332,17.075056001500993,16.78055597283098,16.950117111206055,16873800.0,0.0001758954283147272,0.017374512915625327,-0.001751900389887063,0.0019311945491932762,16.69755611419678,15.79712085723877,16.130662154172317,0.07298774658921109,0.18199378967285185,0.016725402709690015,0.4057017718204919,0.015511298784862078,0.2427206002815339,83.52303343744504,0.4540697976329362,0.13697110549347763,1.5022506713867188,0.8475940180471251,905862600.0,0.6982071145738515,0.631544378675481,0.9988311574002928,0.19615613936517912,0.0004754417392790092,2.388865177104675
CSX,2017-12-13,17.04232993356825,17.357654177800594,16.97688511852339,17.161319732666016,20464200.0,0.012383255582318594,0.022187632723398368,0.006982014757465224,0.005440246917304918,16.794235229492188,15.923242998123168,16.228820018790763,0.07775280039931415,0.27378760337829533,0.01642160419821049,0.41216309608831586,0.015704192040419944,0.24218286449645163,83.3997788609783,0.4778270152021804,0.12858265845017747,0.9667911529541016,1.0096735590127064,926326800.0,0.5791187954777205,0.7107377171617926,0.9999999963644635,0.1312963245866552,0.0029193726922264423,2.3337713762577708
CSX,2017-12-14,17.18214788529659,17.348735360260232,17.00366397980897,17.04828453063965,21457800.0,-0.006608413971742244,0.02024082715366995,-0.0077908393962488115,0.0012136684681032415,16.840642356872557,16.055122518539427,16.306864258014468,0.06185951000706356,0.3718215084075922,0.01585151302344202,0.4232643893165857,0.015654625981486984,0.23068913215442496,81.26491845966382,0.4819778445867797,0.10618679026782141,0.46407127380371094,1.0442788481192293,904869000.0,0.6979466856352464,0.9440510882047033,0.9534945365136425,0.2532349464406382,-0.0037237078929631003,2.312884321612819
CSX,2017-12-15,15.48059115527962,15.941676953458797,15.35862594276298,15.745344161987305,149631300.0,-0.0795048718208151,0.03703005819989818,0.017102254303602002,-0.09195607760666628,16.745153617858886,16.09977807998657,16.253386153630927,-0.02201483251746547,0.4118313980102517,0.023990701182992305,0.5255392199100661,0.01567594538039214,0.22000908002762068,58.379741558710265,0.37579903085502053,6.381228849772214e-06,-0.9548873901367188,5.552452744911301,755237700.0,-1.686909960088809,6.364527078712511,0.4174328557948195,0.3744258930422007,0.007973488515511279,-0.06833161506035819
CSX,2017-12-18,15.379451281750468,15.977375849259467,15.319957214504836,15.941678047180176,86086500.0,0.012392227734702818,0.04123898580870648,0.0365570107235787,-0.023238163388018034,16.644012546539308,16.15721344947815,16.223699667302284,-0.013339887040047432,0.46069441795349064,0.024013239329565075,0.5356676761197495,0.016589422943480526,0.20595991253877877,55.97127233551927,0.30398985389133415,-0.05744223658786929,-1.0114107131958008,2.838618988195132,841324200.0,-1.7915185753337637,6.622122289467441,0.49820944005815454,0.16350780502909362,0.006712949803950196,-0.025759242834192786
CSX,2017-12-19,16.042812630171813,16.34623698684265,15.885149686367686,16.31648826599121,29774400.0,0.0232392060587688,0.0282589790743158,0.017059080731560407,0.00634403622330877,16.61604986190796,16.236500835418703,16.23253667670123,0.004926395864681742,0.5266393470764168,0.024311063792554103,0.5003957818387578,0.01694833529980388,0.1875784850151828,51.620493097026845,0.274164221544126,-0.06981429514806192,-0.27962684631347656,0.9577121749140937,871098600.0,-1.8843419089240117,6.666133838488194,0.62937085189041,0.17949640695042135,-0.002727599904563005,-0.333212943233945
CSX,2017-12-20,16.465226998064427,16.628837305337445,16.361109026848787,16.483074188232422,31248600.0,0.010157901031364667,0.016242618059669606,0.0010839322269952842,0.009115854444196504,16.609504985809327,16.3165611743927,16.256397392085155,0.010205153650945079,0.5875364017486557,0.024310545694379418,0.47978502802577544,0.016989646652575508,0.1697755345080598,48.571459360435355,0.2609610877580728,-0.0664139431472921,-0.06544876098632812,0.9740200841029996,902347200.0,-1.8841363122802945,6.666049094089404,0.6843995660106008,0.18108690329551347,0.0007280929868835,-0.43740369615954766
CSX,2017-12-21,16.61396748036855,16.68238597992963,16.307567668650886,16.325416564941406,27636900.0,-0.009610855801063621,0.02295918819515217,-0.01736797160389913,0.007941072802400913,16.57142858505249,16.377033281326295,16.26297064664289,-0.0031517745307230774,0.6360878276824966,0.02440317104289894,0.4742605381896353,0.017026933051872223,0.15445453410046966,44.76746755878347,0.23506616013885662,-0.07384709661320665,-0.3807640075683594,0.8435121633203191,874710300.0,-1.707774206279388,6.0604323671312565,0.6110385037712266,0.18046675315627697,0.001650832040957308,-0.3185878568696379
CSX,2017-12-22,16.319467439633836,16.447381692300187,16.24509817347578,16.361112594604492,16941600.0,0.002184144035572733,0.012363677448874538,0.0025518697301062294,-0.00036440879066727876,16.52799711227417,16.440920066833495,16.27231749882971,-0.004854197447866677,0.690303363800048,0.02436343438554405,0.44387539676786403,0.017024635115133125,0.13492170575038143,41.20240871782604,0.21494684132041186,-0.07517313234532114,-0.4343147277832031,0.509610469069581,891651900.0,-1.7448732030037364,6.199084603437318,0.62764853885325,0.17730132443316746,0.00010521892656592592,-0.3020643539825433
CSX,2017-12-26,16.38193706029339,16.47117984026364,16.292694280323133,16.32244300842285,13209900.0,-0.0023663033909262455,0.010934978290223144,-0.0036316860241600536,0.0012728025412992955,16.46552782058716,16.506429433822632,16.2770913568862,-0.011146349132464796,0.7424698543548587,0.02432295870026719,0.42050249819914576,0.016931009324664,0.10737481402001414,45.507854203049014,0.19364955227927183,-0.07717633710916894,-0.6246929168701172,0.39757821567893614,878442000.0,-1.7679097028324586,6.305127245859123,0.5104175101536298,0.20574321569245652,0.0004514741032755926,-0.3603404213766193
CSX,2017-12-27,16.387886039112313,16.48307788333756,16.28971881144336,16.402759552001953,20742300.0,0.004908553564629017,0.011788203764201406,0.0009075919160129479,0.0040093894434608405,16.410792064666747,16.55417408943176,16.289059756421032,-0.009146607774680326,0.7753245639801012,0.023630508208431825,0.4179526556211763,0.01638375978005319,0.0889521884929192,47.63282121174576,0.181163827278656,-0.0717296496878278,-0.5473575592041016,0.6239568344349884,899184300.0,-1.8232880279060486,6.945992064951547,0.46428441209383964,0.11244293159569808,0.0017379868886714537,-1.1843359231911053
CSX,2017-12-28,16.468204269785517,16.497952997547397,16.20345301850512,16.361112594604492,12932400.0,-0.0025422501737025972,0.01799999708695835,-0.006502935804452421,0.0039898602168789345,16.330771350860594,16.56250329017639,16.295921931486124,-0.012159435807710797,0.777834939956664,0.021130784610432992,0.4162528057700841,0.014435107512227695,0.08727903635722825,44.17671949565366,0.16599475465354985,-0.06951897785034716,-0.8002071380615234,0.401422503983216,886251900.0,-2.714876146546538,9.631705638270079,0.43487221179480723,-0.00566194539742589,0.0008257636128738943,-1.0105852003771087
CSX,2017-12-29,16.361116489035197,16.471183573840968,16.343269290727225,16.364091873168945,9407100.0,0.0001820785306700731,0.007816766375131078,0.00018185703498548646,2.380296989286519e-07,16.262352085113527,16.551497220993042,16.302414306884486,-0.01132256165843424,0.7576906108856196,0.020405278741096447,0.41285269377913764,0.013611700413180494,0.08797658534321708,42.502592583751735,0.15245613872559005,-0.06644607502264557,-0.6841926574707031,0.30836783462979533,895659000.0,-2.907004494823404,10.61494665685313,0.43697625836531734,-0.02940273454651741,-0.003909120966880644,-2.13157355342393
CSX,2018-01-02,16.548521433337545,16.845996774822147,16.36706220696259,16.759729385375977,17643900.0,0.023889534068236944,0.0285765096110359,0.012762950024824972,0.01127038161347624,16.363790607452394,16.55447211265564,16.345968123883676,0.012398901718129829,0.7458666896820052,0.02108611657343248,0.4300634045653854,0.013666787478709006,0.08832789345117936,46.99716448955617,0.17167239629455366,-0.03778385396294556,1.0143852233886719,0.5912940142703607,913302900.0,-2.6795732651713586,9.532838258745002,0.7163860996122919,-0.041246022546134554,0.0077100873292122365,-1.027432862643828
CSX,2018-01-03,16.70618288385732,17.03042986918458,16.67643586003163,16.970935821533203,23207400.0,0.012523274900689151,0.020858838479831568,0.015847602023542195,-0.003194950245758725,16.466716384887697,16.555364465713502,16.405488856993152,0.025101915254137564,0.7304623889923114,0.02100014545890585,0.43431297459988094,0.013280172971366995,0.088575512974752,50.312713620791115,0.20161986483782712,-0.006269108335737711,1.0292577743530273,0.7935122338008433,936510300.0,-2.7012258483476406,9.657919241748615,0.8655457595945568,0.03826448191753406,0.008123046770780901,-0.434883989889213
CSX,2018-01-04,17.060178469054172,17.24163769607946,16.848970516258788,16.89061737060547,17520900.0,-0.004743940781589067,0.023247651119255544,-0.009938999099937543,0.00525855783437324,16.52412929534912,16.57008957862854,16.451691572575278,0.01934375734397556,0.7281266117095946,0.02043733766994405,0.4332508398303191,0.013024154131998575,0.09032168242600742,45.767410678605216,0.2163781490659531,0.006791340713910576,0.5741291046142578,0.606115641754241,918989400.0,-2.9981956443911852,11.66589233186895,0.8088227115252985,0.018212140067010545,0.004474530538268165,-0.9123209029821623
CSX,2018-01-05,17.12860116704961,17.238668245296644,16.93226838004239,17.17024803161621,18926400.0,0.016419837858330125,0.01784481299804567,0.0024314224004887107,0.014089703841039046,16.5928466796875,16.601175832748414,16.520125521055366,0.034279029666393464,0.7378039073944098,0.02069938478432654,0.4334636608474557,0.013115392012543864,0.0957475006533921,51.8125435816614,0.24778177890860675,0.030555976445251376,0.6871738433837891,0.65282605343844,937915800.0,-3.0174560027624198,11.614251160007816,0.9999999929819828,0.01079257759770744,0.005601595185300175,-0.755511105581277
CSX,2018-01-08,17.057209478938887,17.542094996704567,17.057209478938887,17.473674774169922,18674100.0,0.017517329273726793,0.02774948738787624,0.024415792966912823,-0.006583396609599455,16.70767250061035,16.639550542831422,16.610939735637704,0.05012901215038247,0.7403445339202896,0.020932883804220273,0.3474084415538137,0.013400601278627772,0.10638404220827564,86.54105945897119,0.29376702073937366,0.06123297462081462,1.1482582092285156,0.6400380853867379,956589900.0,-2.9608431058873914,11.25204785293563,0.99999999421407,0.0360797941855107,0.0032383471147614394,-0.7484898974989527
CSX,2018-01-09,17.48556726291424,17.777093556338084,17.432022277206265,17.628355026245117,17587200.0,0.008813236964464781,0.019574786111243865,0.008166035518545611,0.0006805946029108349,16.834396743774413,16.681196928024292,16.707836429981267,0.05677998421262004,0.7396850299835211,0.020972958531949807,0.32509791615218425,0.013593925708756702,0.11849696990933091,86.29975489682967,0.33878673720264985,0.08500215286727264,1.267242431640625,0.5968204326296586,974177100.0,-2.9702957632519422,11.26215502093269,0.9999999946893563,0.04520242001088363,0.00013532575439946488,-0.8204128333435927
CSX,2018-01-10,17.58671746105507,17.628362633374323,17.32493978198411,17.396333694458008,19422900.0,-0.01324920987838047,0.01744177001426887,-0.010825429305875734,-0.0023619654317182342,16.94178581237793,16.703656816482543,16.773407598026672,0.04146857694609468,0.7256054973602275,0.02120280721616652,0.31383616978898765,0.013657798029190158,0.1237070883658338,74.76172064982732,0.3516889531244445,0.0783234950312538,1.0738906860351562,0.6590852638051299,954754200.0,-2.7259195869935993,9.924853678154728,0.876781730281531,0.03428803622909317,-0.0021791645929749356,-0.5384570874145379
CSX,2018-01-11,17.4379729703991,17.545062941363252,17.387401666121118,17.45879554748535,16382100.0,0.0035840876938098287,0.009030478351918298,0.0011940938962112194,0.002393566177358341,17.047389411926268,16.72909073829651,16.83868264083226,0.043618916329886945,0.707679643630982,0.02120507774807508,0.30278704378155197,0.013510970454844779,0.12942594768252055,73.49607984530661,0.36277238745709894,0.07152554349112661,1.0560359954833984,0.5563646941176051,971136300.0,-2.7518137427265383,10.02803567789471,0.9099529954511828,0.03243120447905663,0.005454259059885129,-0.507896013435254
CSX,2018-01-12,17.440948735968075,17.66108117310575,17.440948735968075,17.625383377075195,14232600.0,0.009496535855202458,0.01248951199688482,0.01057480552802528,-0.0010222246700086648,17.17381649017334,16.75229392051697,16.913606520474445,0.052117606144011765,0.6772571277618411,0.021137071152779758,0.2917380527714756,0.013285741462121633,0.1360968834116157,81.1700861713347,0.3806108892239557,0.07149123620638664,1.2642707824707031,0.4885334882075727,985368900.0,-2.760175898926837,10.105454863504916,0.9984218576692537,0.045500557023860584,0.006817168122412402,-0.3773578485796582
CSX,2018-01-16,17.809817649158667,17.860387256268,17.244615606981302,17.292211532592773,30164700.0,-0.019083900647623376,0.035609768486007616,-0.029062965537457103,0.01046412824831713,17.266628456115722,16.764490270614623,16.94966414067619,0.031478515210400335,0.6408317661285388,0.02156189532357155,0.3212729192330678,0.01383585596470744,0.1381935412467146,69.53828296978187,0.36367166638487447,0.04364161069384431,0.9281196594238281,1.020157829269233,955204200.0,-2.551792752922705,8.75172050727658,0.8214861590829451,-0.09673331365598738,-0.0012808574017140841,-0.31042161808015967
CSX,2018-01-17,17.000683078342945,17.318982705864364,16.83707274289515,17.161319732666016,33436800.0,-0.007598201104325467,0.028081171522718933,0.009448835295783177,-0.016858945641530503,17.306787490844727,16.83528904914856,16.969821816103792,0.019365909463487607,0.6743388652801521,0.011883887873005934,0.3429460908779754,0.013444574900467536,0.12657478024767493,66.9471586412156,0.3358142779397575,0.012627377798981876,0.40159034729003906,1.4073358086126335,921767400.0,-0.1221896668863388,-0.604554696510237,0.7231032932760788,0.179350427765377,0.010661719171915683,0.8151132297955299
CSX,2018-01-18,17.167272627470723,17.324933918049986,17.13157483223376,17.268413543701172,20733900.0,0.006221027363957326,0.011197269820235216,0.005891495896011181,0.00034687861408328965,17.336535263061524,16.90162582397461,16.99825912349402,0.021701327644248425,0.6994048309326182,0.011741548861434333,0.3429460918724058,0.01229595621073377,0.11762323531346794,67.30093623250282,0.31870484140077693,-0.003585646991998981,0.29747772216796875,1.011838923875273,942501300.0,-0.05712745380913229,-0.4891397993309356,0.7256264883710103,0.11150663633525344,-0.00276481231063395,0.6490292878532763
CSX,2018-01-19,17.277337807781148,17.301135770296487,17.03340741537552,17.10182762145996,22623900.0,-0.009693689719092537,0.015654955765371577,-0.01015840451080044,0.0005167969864395132,17.357656288146973,16.94089279174805,17.008122789966965,0.009499784438179339,0.6997843933105479,0.011179521383544241,0.3410338330065978,0.011866442714368387,0.11310899766291888,64.09976008318665,0.2883791427210731,-0.027129076537362296,0.2112102508544922,1.1236787130881534,919877400.0,0.016402289470118545,-0.4946552774807091,0.5968124930565258,0.036025834842266624,0.005140263013677789,0.9228583022498036
CSX,2018-01-22,17.140497273040523,17.197017640768,16.941189145421863,17.173219680786133,18000600.0,0.00416583889397301,0.014896944201579429,0.0019090699192885695,0.002261141466075734,17.357953453063963,16.975400066375734,17.023846303378313,0.011653310887337082,0.6979473495483397,0.011038543495119449,0.35017056245176875,0.011836915150912314,0.11053195854502303,65.01105440010417,0.2670284132433771,-0.038783844812046664,0.002971649169921875,0.924464521775036,937878000.0,0.08781230417853234,-0.34834761160506084,0.6514808457519405,0.06752118179034414,0.00866618283923905,0.9246960780245042
CSX,2018-01-23,17.086955768010842,17.134551697666453,16.768657775668366,16.98581314086914,29634000.0,-0.010972700615175201,0.02154114842566579,-0.005919288872454073,-0.005023164810021331,17.309167289733885,17.008419895172118,17.020224097425057,-0.0013291507642866976,0.6964151954650859,0.011117412289272589,0.3446460626992377,0.011798417857952145,0.1042925546758522,54.54553821445746,0.23230776544561493,-0.05880359408784708,-0.48786163330078125,1.5141609612270253,908244000.0,0.07989163428267107,-0.38768150573054044,0.5079745942401057,0.05529326557890236,0.001258650809537824,0.9421777007876231
CSX,2018-01-24,17.048280671486562,17.048280671486562,16.700235687731123,16.91739273071289,19671000.0,-0.004036226149378835,0.020573204706868155,-0.007677486269485424,0.003677629684216899,17.238071060180665,17.03623390197754,17.01043063392866,-0.006975788894918468,0.6835780334472652,0.01119974249975655,0.34422113231370133,0.012004725442237634,0.09800438701829987,48.85791283489208,0.19699955835005412,-0.07528944094672635,-0.7109622955322266,0.9981375304734874,888573000.0,0.16133286865758234,-0.4573175550567446,0.4555817770375966,0.0865730074222538,-0.002255965156522665,0.9813188527036858
CSX,2018-01-25,16.7448520818044,16.872768011649157,16.61991323696807,16.700231552124023,28446900.0,-0.012919663651655923,0.0151407945387995,-0.002664731193944824,-0.010199009484200838,17.168460845947266,17.055123329162598,16.98088786423298,-0.020808514262206704,0.665270538330077,0.011637615601957613,0.3374220118797118,0.012086529671301097,0.09173199126402408,46.163018567365995,0.1497680250589788,-0.09801677939024134,-0.6961021423339844,1.3897175585888408,860126100.0,0.1817043101569855,-0.6955726048748132,0.26760385098883976,0.12405959491705346,-0.0009324580346874388,1.0830776285351742
CSX,2018-01-26,16.768656231106227,17.25651361405729,16.70618508979334,17.22676658630371,18245700.0,0.03104178635470939,0.03194612996622903,0.02731944342371803,0.0040972293568888535,17.1452579498291,17.096323680877685,17.004304885382574,0.007629880426978993,0.6567874526977526,0.0134621413506691,0.35229566811128976,0.012748201527681942,0.08446998184508034,51.035959311187746,0.15305929913803595,-0.07578040424894736,-0.23202896118164062,0.8968270645093507,878371800.0,0.4537051014455231,-0.3949295071912647,0.683100536451815,-0.03501932264323912,0.013045002434472151,1.507801017505758
CSX,2018-01-29,17.122652084070502,17.256515425175476,16.967964459620816,17.024486541748047,12499500.0,-0.011811678572165805,0.016949172877964006,-0.0057330804737766245,-0.006043763448677941,17.085168266296385,17.129492378234865,17.00622694789357,-0.006130119572033595,0.6422439575195327,0.013797964684733563,0.3382717715247883,0.01271982053577082,0.0742153208652532,41.44953824660057,0.13775736730792332,-0.07286586886324803,-0.6008968353271484,0.6150396495019456,865872300.0,0.4706563191575343,-0.5400625954144419,0.5223553828557709,-0.15239526169320097,-0.006609475828131865,1.4889120113594396
CSX,2018-01-30,17.018531644463653,17.182141976745815,16.801376329164608,16.91441535949707,19206000.0,-0.006486454305429233,0.02251130999732812,-0.00611781833719206,-0.0003497842516301833,17.047388648986818,17.157008552551268,16.997482987093903,-0.014139597372767172,0.6196857070922839,0.01392554425469949,0.3408213692711732,0.013028975566160408,0.062476604315396686,36.175110101244385,0.11541818261977355,-0.07616404284111825,-0.3777961730957031,0.9227875332874486,846666300.0,0.5240534402853785,-0.5811406866739214,0.2307708090975338,-0.10992917266815151,-0.011300732157548975,1.3135617554356693
CSX,2018-01-31,17.009609007093417,17.17024567540332,16.7775784531085,16.887643814086914,18598800.0,-0.0015840189421844344,0.02325174705350388,-0.007170370168746397,0.005627959676590139,17.020021057128908,17.163404273986817,16.98702211347419,-0.016066769476370774,0.5853732109069831,0.01289487677889715,0.3471959671929307,0.01282202601261744,0.060450914011910585,39.298989522880184,0.09446504361349284,-0.07769374547791918,-0.27367591857910156,0.8915682402902674,828067500.0,0.6853357177889902,0.07902202666758418,0.2019259992546839,-0.20796547057212372,0.0014843833431408995,1.1903198952511131
CSX,2018-02-01,16.688339378237828,16.985813086551765,16.670490479132873,16.831127166748047,12237300.0,-0.003352239635099078,0.01873449141551557,0.008556141223758869,-0.011801790589805992,16.976292419433594,17.15641384124756,16.97217497569075,-0.018960062254820186,0.5376196479797386,0.012594033456129911,0.358457490919842,0.01275851758624558,0.062164198581510816,36.7629987120151,0.07246379140075732,-0.07975599815252377,-0.437286376953125,0.6024586622909853,815830200.0,0.8929542139723432,0.6218338747022423,0.14103254239706886,-0.19262039246045698,-0.0026256366823206416,1.1259262333666413
CSX,2018-02-02,16.715106763062607,16.762702680431005,16.420606811575123,16.435482025146484,27827400.0,-0.02378744375252095,0.02081447129645916,-0.01672886340959805,-0.006893204628306299,16.909657859802245,17.13365707397461,16.9210613613532,-0.04074874650600008,0.4807680511474608,0.013598401037921932,0.3720566279223598,0.012683680897264713,0.07164643213528252,27.116781440211753,0.02283910909606135,-0.1035045443657758,-0.6663455963134766,1.3360835315079662,788002800.0,0.6525995118615338,0.3133257232529518,0.0,-0.13769670038832826,-0.02001265737607561,1.1260861068153027
CSX,2018-02-05,16.328393823935656,16.37301436762285,15.456791912829146,15.465716361999512,27210600.0,-0.060816809306188165,0.05924216074755744,-0.05283296515494087,-0.006515671462935026,16.738907527923583,17.048430490493775,16.782457075700467,-0.0928363540196141,0.38386448860168443,0.018125808578624104,0.3979793752816911,0.01465872057237073,0.11322687407908999,21.783187059761246,-0.09366112634066326,-0.17600382384200033,-1.707503318786621,1.2809931361749005,760792200.0,-0.963841478845922,3.6923015645277273,0.0,0.0965732162354074,-0.04059851825235192,1.2583445575938075
CSX,2018-02-06,15.251528999385926,16.063634847152166,14.909433185563064,16.010089874267578,31691100.0,0.03459341406171437,0.07209214130922573,0.04973670999885944,-0.013849171781002105,16.641335201263427,16.975251245498658,16.708898294611622,-0.0568569712031221,0.29280293464660545,0.01964268650431042,0.44600021089739733,0.01734854883870796,0.12345197870106091,34.22980872787814,-0.14044306906496828,-0.1782286132530443,-0.9757232666015625,1.4475680194037726,792483300.0,-0.4934417332986497,2.941252861855163,0.2517172742496897,-0.33472326078994336,0.016662938331618443,1.3366419167716344
CSX,2018-02-07,15.87920377711951,16.17073006508632,15.74831584759848,15.757240295410156,19488600.0,-0.015919179688814535,0.026807626815901497,-0.0076807051172863286,-0.00817522563433176,16.525319957733153,16.88169550895691,16.618264199449577,-0.06660795492669273,0.18576992988586483,0.019555016365707212,0.4623612917310841,0.017512222034428322,0.1342229840278502,30.09400631834214,-0.1956654342528097,-0.18676078275270855,-1.1601524353027344,0.8863401935262046,772994700.0,-0.31932126394133337,2.92084255975023,0.13498559269822086,-0.34288391688347264,-0.0046210987523158985,1.338781793105642
CSX,2018-02-08,15.739389295759688,15.813756847308305,15.010575375434213,15.013550758361816,23394300.0,-0.048346783749899674,0.053497103037185204,-0.04611605468030567,-0.001132876018630499,16.356651878356935,16.7625563621521,16.46543434791741,-0.10434002821546567,0.06660488128662223,0.02163526206056634,0.5006079429420217,0.01871470416615973,0.1645832930565726,26.12239779556168,-0.2960266756402703,-0.22969761931213534,-1.686680793762207,1.0544484904866924,749600400.0,-0.39164099013959025,1.5729353131422827,0.0,-0.2434993745604509,-0.036980981468073534,1.2916521216608345
CSX,2018-02-09,15.120645592580347,15.275333213611464,14.40670665435526,15.138494491577148,36834600.0,0.008287626747902246,0.057378662041955145,0.0011804323358759038,0.007133211586132222,16.147824668884276,16.64654130935669,16.33905912350405,-0.09059220109176055,-0.0432227325439456,0.021783822191276427,0.5443792332213123,0.020262836270459734,0.18218329951433773,27.01618115725954,-0.36131673304472045,-0.23599014137326838,-2.0882720947265625,1.5870884097770188,786435000.0,-0.40601919668020886,1.4697155217910511,0.04783757268431127,-0.3155403723548692,0.014990970395653011,1.2610700873509277
CSX,2018-02-12,15.33780150119204,15.944650403998493,15.269382996417203,15.813760757446289,33434100.0,0.04363969107028631,0.04270125354358378,0.031031778329981535,0.013165576651349507,16.026752090454103,16.555960178375244,16.289030707689026,-0.04482974185323225,-0.12618850708007656,0.024425571026993154,0.5730645194572821,0.021012272488220157,0.1795489805839775,38.07505754893357,-0.35448494788719387,-0.1833266849725934,-1.2107257843017578,1.3833470078807597,819869100.0,0.0021101981455594193,0.9973785207696098,0.35117556971277836,-0.1752434592442515,0.013397132522867288,1.3585317624209579
CSX,2018-02-13,15.67394473977614,15.977369121015236,15.52818161294296,15.932746887207031,22472400.0,0.007496048904153353,0.02819272227521198,0.01651161540554136,-0.008841414753559729,15.928585243225097,16.487986946105956,16.25509891526217,-0.03367543052489243,-0.18113241195678853,0.024355609438793675,0.5802889854799133,0.02083222502600238,0.17816264597651776,40.08384127015836,-0.33560092411748244,-0.13155412896230556,-0.9816684722900391,0.9448387859676783,842341500.0,-0.160121289096951,1.0662521146898312,0.40765058111080166,-0.10627983495703641,0.0032830466488410143,1.366775002561567
CSX,2018-02-14,15.843504851780395,16.429531066926703,15.804833382140856,16.405733108520508,28346100.0,0.029254309619513433,0.038078010940053815,0.035486356207157864,-0.00560117072457179,15.880394172668456,16.45020761489868,16.26944502890582,-0.002703583287173384,-0.21302177429199531,0.02545231782771056,0.6036617134114152,0.021135733732453317,0.17438250522704862,47.17950123121214,-0.2792501422658624,-0.06016267768854841,-0.48191070556640625,1.2046873246906906,870687600.0,-0.25133039079053093,0.585513807573161,0.6174133313282899,-0.06649060197677942,0.012906016181446635,1.4645117180420781
CSX,2018-02-15,16.575294434329606,16.631814799112274,16.280794482127426,16.527698516845703,16868700.0,0.007406817929389934,0.021238305903696946,-0.0028714975575532442,0.01033549215310805,15.850051307678223,16.41317186355591,16.29404059918581,0.006977728268604221,-0.2415497207641586,0.025473902273391167,0.5890001602008138,0.02127565108011155,0.16848432156812884,42.742400186294894,-0.2221888972192403,-0.0024811461135410273,-0.30342864990234375,0.7228437071756015,887556300.0,-0.2575258399398793,0.5750448329434451,0.6841392206428079,-0.03292912170526428,0.011774651350492365,1.439322855250891
CSX,2018-02-16,16.548519453735825,16.783525336894087,16.46820113816463,16.68833351135254,22788900.0,0.009672211700340223,0.01889488836707101,0.008448735127489088,0.0012597602061109718,15.875336456298829,16.39249715805054,16.33159230510645,0.01804705838589772,-0.26406879425048757,0.025531109854500966,0.5909125339990136,0.02132496945534578,0.16487234406247167,46.479678970275984,-0.16213653874946843,0.04605696988498467,0.2528514862060547,0.9761861619896139,910345200.0,-0.3751537388628778,0.5992065291609275,0.7567191253014575,-0.020927233275453757,0.0010410860981205723,1.4662246366256693
CSX,2018-02-20,16.57827715445361,16.649671062275925,16.158836456603094,16.239154815673828,19165200.0,-0.027284593149550725,0.03022537879859875,-0.020455825151208706,-0.00659480809297479,15.952680301666259,16.34579391479492,16.322788734684295,-0.0065239473638886245,-0.3045846748352048,0.02614429843955143,0.601536205939602,0.02160672896903775,0.15922931122089726,43.39737074246965,-0.14907117904810008,0.04729786366908245,0.7734384536743164,0.8189185516765757,891180000.0,-0.2089069230698758,0.20449870332272663,0.5537661697070273,-0.038476167907217126,-0.008246204459212154,1.5083753473440706
CSX,2018-02-21,16.242126475091254,16.76865706283547,16.19750422908306,16.34921646118164,17432100.0,0.006754683322026489,0.03493456919531975,0.006593347629364817,0.00018299347787225018,15.986592960357665,16.313964080810546,16.325305661017374,0.002160871520647787,-0.329275226593019,0.026142722314107948,0.6142851781865729,0.021911305743610384,0.15521869905983054,44.819688965897676,-0.128356122899131,0.054410335854441244,0.3391265869140625,0.7648017710727849,908612100.0,-0.3172125973502074,0.24934545261993385,0.6034954566662968,-0.055842460208220306,-0.006440306949350164,1.5068903211798805
CSX,2018-02-22,16.441429133766416,16.56042062751814,16.22427382797192,16.358137130737305,15483000.0,0.0005454840454634861,0.020549210271296314,-0.005065983154593978,0.005640189106537202,16.04668264389038,16.28600130081177,16.328432467657368,0.0044293150045333785,-0.3484922027587878,0.02614019460275294,0.6157726204813821,0.021909283161156846,0.15157872516789558,45.40721021121244,-0.10995200985035325,0.05825155912257521,0.6008968353271484,0.6855870629814204,924095100.0,-0.34638745128729675,0.2651518844997692,0.6075260936257537,-0.05698730558849601,0.0035845760888891074,1.4980944966116294
CSX,2018-02-23,16.494983689825457,16.619922605085847,16.236179705740295,16.610998153686523,13704300.0,0.01533955798200331,0.023101736319222178,0.007033317888797157,0.008365656675601177,16.206427383422852,16.281539630889892,16.35534348537443,0.02023509632784185,-0.3462311172485357,0.026251369535051854,0.6138599450651413,0.02203964630185665,0.15092346618078242,51.752888462873344,-0.07410856890906103,0.07527600005109394,1.597447395324707,0.6273014338495045,937799400.0,-0.5015740488195521,0.32024729199195,0.7217765967237065,-0.02609386763911583,0.014672889782376002,1.472148047089964
CSX,2018-02-26,16.727005048077416,16.86384372341009,16.55149490622632,16.72105598449707,20032500.0,0.006603747270882532,0.01867996958286379,-0.0003556562315397529,0.006983740129135273,16.364683532714842,16.25625410079956,16.390173247195634,0.028592188631860155,-0.3669354248046872,0.025251884432049156,0.5662641382698863,0.021750992194030528,0.14344532090956158,65.13633544293754,-0.0364020167803254,0.09038604174386367,1.5825614929199219,0.9132342030313495,957831900.0,-0.5111403136502587,0.6501196735594419,0.8491097685719605,0.012611523532503747,0.011966135758548796,1.4074272310466127
CSX,2018-02-27,16.72998758167951,16.953093731861625,16.387889896046413,16.396814346313477,21040200.0,-0.01958169384404738,0.03447034429235255,-0.01991473297510875,0.0005341526988917451,16.422988891601562,16.224870491027833,16.390805732825903,0.010597548706519834,-0.38302892684936296,0.025477147325945255,0.5241928650003226,0.022106824840602786,0.13699811001195067,54.92436459654965,-0.03231043833763536,0.07558209614924297,0.5830535888671875,0.9408567170225924,936791700.0,-0.4648441758311339,0.48428920578459195,0.7277023202223399,-0.004059908825708434,-0.012326524418566088,1.4104981781476245
CSX,2018-02-28,16.43564352036738,16.552124603463614,16.02348389460833,16.044391632080078,29800500.0,-0.02172771129798804,0.0329486290896995,-0.023805084833000485,0.002368092559554519,16.434153366088868,16.181369304656982,16.357813913707254,-0.008465147170053294,-0.40645225524902173,0.025848181115458887,0.5317804715265686,0.02233059255947509,0.13161830732848587,53.566019564194754,-0.05685006846140794,0.04083397282037632,0.11164474487304688,1.3017562275213295,906991200.0,-0.3745854070854138,0.2228608669732037,0.5500478565184933,0.025144593735684485,-0.011725217988990934,1.437387741747385
CSX,2018-03-01,16.113073009732123,16.647686249736832,15.868165201941457,16.28331184387207,40043100.0,0.014781412610815274,0.047872389552542666,0.010565261762118576,0.004280709373530812,16.421911239624023,16.15115270614624,16.350718478484854,0.008182644305971805,-0.4474282073974578,0.026133708054246526,0.5300904412352317,0.02303209939947239,0.12550919884111258,68.02896678542074,-0.056369248176554976,0.033051834484183445,-0.1224212646484375,1.6709166588426752,947034300.0,-0.4508464631340813,0.13673478833938785,0.6986012101970576,-0.0011699610471305373,-0.01169356097143382,1.3857501142684243
CSX,2018-03-02,16.244489516565675,16.53121113335594,16.00257066247128,16.438623428344727,33687000.0,0.009492882954622823,0.032158439128980726,0.011950754844039816,-0.0023841788254522125,16.413003730773926,16.131527519226076,16.35909037847151,0.01903700122338967,-0.4769923019409177,0.026244187785573088,0.5058057206372643,0.023306534109692655,0.12057019158610721,68.30231761371385,-0.04296062442648463,0.03716836658740304,-0.08907508850097656,1.3454760479741472,980721300.0,-0.5226564809261941,0.13591163087295877,0.8345934406669241,0.00939921662153048,0.004150866942490475,1.3877225676960412
CSX,2018-03-05,16.375905137464475,16.86571921191847,16.062304569180693,16.838838577270508,28975800.0,0.024054385287027528,0.047711998606735695,0.028269181820487158,-0.0038153006639295634,16.42805423736572,16.151695346832277,16.404780683119036,0.04254310248447051,-0.4672714805603029,0.026251101121535666,0.5056099156598667,0.02405176721610537,0.12566353461771854,65.6416184701927,-3.97178769162565e-05,0.06407141850957714,0.15050506591796875,1.1546602254543845,1009697100.0,-0.7376400813927958,0.41693443342075803,0.9999999945214121,-0.09986468042781244,0.010319497692808035,1.412538433384564
CSX,2018-03-06,16.87467186963433,17.068805731661413,16.662619299700687,16.767152786254883,23304000.0,-0.004266257106911026,0.024225128567666177,-0.006371625132037437,0.00212801448267287,16.480854034423828,16.216767168045045,16.439292311989117,0.0339392933564691,-0.40788123130798226,0.02213710695449303,0.5025384102233275,0.023003173907944534,0.12288117342057732,62.91864545122194,0.027869700995449165,0.07358466990555404,0.5279979705810547,0.9359289860267297,986393100.0,-0.4489065245728494,0.3893039165270953,0.9607263030628519,0.07887150262771911,0.0032199412175804997,1.354755002098704
CSX,2018-03-07,16.7104045908609,16.943364864705362,16.6297644303384,16.800004959106445,16532400.0,0.0019574003607914377,0.018666687011718648,0.005361950858721187,-0.0033844860911926996,16.52593288421631,16.256262922286986,16.473645897428863,0.03344815714526866,-0.3778772449493424,0.02090736205306187,0.48031717805054985,0.020860895087718073,0.1259957742322406,57.067502181327825,0.052039137536080915,0.07820328515694863,0.4507884979248047,0.6848155802130698,1002925500.0,-0.4564995946145843,0.8215315867926621,0.9787246550658915,0.15949676580812575,-0.000787448536337026,1.301506877091725
CSX,2018-03-08,16.832858484429305,16.95531066901283,16.52224535563165,16.800004959106445,13981200.0,0.0,0.0257776896158854,-0.0019517496302395828,0.0019555664062498902,16.570119667053223,16.308401155471802,16.50472771282673,0.030144205979977363,-0.3345168590545633,0.02046898767539615,0.4861775349360023,0.02084740720446872,0.12549541113538565,55.10441075835182,0.07038226716151996,0.07723713182591015,0.4418678283691406,0.5858203420595475,1002925500.0,-0.572681235720413,1.2569008916059452,0.9787246550658915,0.04906599445682791,0.004739628537839573,1.2710589955532867
CSX,2018-03-09,16.97024671197884,17.32267189025879,16.90453965659351,17.32267189025879,18505200.0,0.030636975823631517,0.02413786027433857,0.02076723952582139,0.010133434679738991,16.64128704071045,16.42385721206665,16.582627158296447,0.054726162471248056,-0.2390653800964344,0.01756264399749005,0.5009877301090657,0.019909357213558795,0.11257668598196088,60.46971685021998,0.12564581602367042,0.10600054455044848,0.7116737365722656,0.7834027931680225,1021430700.0,-0.034183830178393645,0.4023837193408804,0.9999999954216173,0.051347918117437844,0.01633085149772792,1.2793347311755352
CSX,2018-03-12,17.319694389890298,17.33761481500628,17.131535053129898,17.200227737426758,12213300.0,-0.007093533137889315,0.011981222866483513,-0.0068977344388521196,-0.00017188459074638808,16.689204216003418,16.52694387435913,16.64144626107076,0.040738558089508596,-0.15192808151245174,0.01785142791695595,0.4778864949038469,0.0183616230245178,0.0928722819841082,67.78012001640116,0.15774398238749043,0.1104789687314148,0.4791717529296875,0.5454679439941046,1009217400.0,0.08057338054729812,0.185830829732029,0.9188526352825493,-0.01860753179037845,-0.001844399443937739,1.3972675881201675
CSX,2018-03-13,17.34358525079347,17.442145865911314,17.125558000223187,17.16737174987793,14785800.0,-0.0019120333132802275,0.01844125415938399,-0.01016015422229259,0.008334628794174308,16.766259956359864,16.59462442398071,16.691534402861922,0.03451402763111332,-0.1003727149963396,0.01550955603087665,0.4597032828992552,0.017590622103881303,0.08929582731226662,65.58120443590423,0.1784734757468449,0.10496676967261542,0.7705574035644531,0.6890549645972602,994431600.0,-0.24642694199005713,0.019141124279759947,0.8882672454106872,-0.03076496683615682,-0.004767227796135538,1.220331992866067
CSX,2018-03-14,17.283854897766897,17.298788015398458,16.874679271530407,16.97323989868164,15628200.0,-0.011372610751542642,0.02498690564675233,-0.017971395902275738,0.006785147405559949,16.85914478302002,16.646649074554443,16.718363497701894,0.019619012971590463,-0.06053102493286033,0.01586653807821048,0.46598627892224304,0.01748931722142211,0.08284823945883892,60.94229162750517,0.17719434451419147,0.08295011075196959,0.9288482666015625,0.7401161448436306,978803400.0,-0.0875367603661879,-0.27885146113820886,0.7266389771665506,-0.03190041619909472,-0.005901255115688689,1.2450726214141568
CSX,2018-03-15,16.97921277456377,17.04491814361847,16.80299756118954,16.9493465423584,15056100.0,-0.0014086992049384117,0.014273150992832927,-0.0017589880403709628,0.00035189957355126337,16.92574825286865,16.673829746246337,16.740361882907276,0.016523906043486285,-0.03714269638061651,0.01461791761279347,0.4558561134281987,0.016806610227446086,0.08305687475178979,56.552823160361534,0.17226684467348718,0.06241808872901225,0.6660346984863281,0.7361901094669674,963747300.0,-0.10238661240983031,0.07136957293210405,0.7079471793519091,-0.061237999514314856,-0.0008639035486358139,1.14969824578132
CSX,2018-03-16,16.964279314245566,17.17633368152882,16.889613727725315,17.000120162963867,26262600.0,0.0029911314308160475,0.016865760421396772,0.002112724510979039,0.0008810234571491425,16.981897926330568,16.697450828552245,16.765100766722192,0.018126679187104682,-0.014105300903320739,0.014560379001229886,0.45402548032960854,0.016714264533570677,0.08427517932432758,55.53168611509356,0.17049343026342,0.048515739455156054,0.5614967346191406,1.2553182031320578,990009900.0,-0.05626628950180176,0.12093534386906012,0.7476674362231278,-0.07552181226915122,0.0034493655691762368,1.201366484277805
CSX,2018-03-19,16.89857917216347,17.01505854859167,16.698472262156365,16.931432723999023,13749900.0,-0.0040485935327265335,0.018698139229917,0.0019441606007724644,-0.005972957239538422,16.99115734100342,16.70960578918457,16.78094190551046,0.013275414011145074,-0.002766647338866335,0.014476950192267463,0.43626708394532965,0.016710498054413075,0.0851347975878073,61.792041652923714,0.1616817180843917,0.03176322182090219,0.09259414672851562,0.6717386971203452,976260000.0,0.08733162007508678,0.2020361539713258,0.6939331803836715,-0.019577001336025784,-0.013439722782161299,1.1026475184063982
CSX,2018-03-20,17.026992879255506,17.161394303935236,16.958300222918062,17.015047073364258,10785000.0,0.004926255621220913,0.011936145703358153,-0.0007015804831751449,0.005643949736222436,17.015946769714354,16.74840040206909,16.80323763578225,0.01592072465990396,0.03913198471069279,0.0129347329480226,0.41493286045111016,0.016298744208965973,0.08209554769753939,74.290037277279,0.15960551882700713,0.023749618050814103,0.247894287109375,0.5379022858228708,987045000.0,0.2884360217067713,0.5037751477640823,0.7593447739494298,0.01424414620563294,0.0026085278759049495,0.9981609828960958
CSX,2018-03-21,17.000117343831253,17.25099640731313,16.886623620358286,16.994144439697266,11420400.0,-0.0012292345315521834,0.021441078616684782,-0.0003513448768137155,-0.0008774427404539142,17.035360717773436,16.780646800994873,16.82141923615511,0.012722849198502584,0.0809689903259283,0.01291650319558888,0.3852794132482152,0.015881143062798076,0.07972246769006794,69.9668149297456,0.15449255411542495,0.014909322671385533,0.1941394805908203,0.5782620088331238,975624600.0,0.3894332201848728,0.5778903204800189,0.7429926216184123,0.01366423004833023,-0.001052141172854319,1.0527991963754295
CSX,2018-03-22,16.85376791554836,16.916487673348602,16.47744765976168,16.513288497924805,15339900.0,-0.028703419711862226,0.02658707341315423,-0.02020197615925682,-0.0082602878095466,17.006689071655273,16.788404369354247,16.792073451561745,-0.016387255475668775,0.1110278892517087,0.014590671095812007,0.3844262924661384,0.016034240598204314,0.0776299578898873,51.773029086989204,0.11036719262888184,-0.023372831052126064,-0.2867164611816406,0.7770039767261985,960284700.0,0.07653130977253449,0.2915104657169477,0.3668185119628023,0.047432560477544544,-0.023800706909851553,1.1162983855481543
CSX,2018-03-23,16.525232841436573,16.79403397690346,16.184753453960607,16.208646774291992,15771600.0,-0.018620568942775247,0.03758984518739797,-0.01915773715156071,0.0007233170735961599,16.895286560058594,16.768286800384523,16.736509006107482,-0.03337490780988415,0.11466405868530316,0.014739215517724698,0.37055956962364384,0.016488870660639247,0.08324082662862302,34.32363340298457,0.0502363908025778,-0.06680290630274409,-1.1140251159667969,0.79470979532882,944513100.0,0.27349991086609077,0.3108822311444922,0.12849697073548996,0.14479766366096855,-0.019473118544914864,1.1219271936148358
CSX,2018-03-26,16.48939712058622,16.686516626780172,16.226570542665804,16.62080955505371,16942200.0,0.025110646588200152,0.027672905016501832,0.0079695111656587,0.017321023167678345,16.83734474182129,16.763274478912354,16.72549001076903,-0.008498633368907695,0.12641145706176715,0.01581951103100414,0.3756798139470333,0.016723295809621664,0.08360721500989016,46.886953981482236,0.0354319514746102,-0.06528587650456937,-0.5794181823730469,0.860393617053692,961455300.0,0.2924681581547672,-0.18382701274554103,0.45093234818911115,0.06159923909174265,0.025769793885821964,1.1120659338290826
CSX,2018-03-27,16.713392566978015,16.892591601673757,16.23851179251365,16.337072372436523,16410900.0,-0.017218593925801915,0.0400365374070115,-0.022516086607396388,0.005570307006866208,16.754314804077147,16.760287380218507,16.68849785473736,-0.025251059136461317,0.1491905784606935,0.015679124096257973,0.399999769289401,0.01694274988127441,0.0844635127943494,41.10213173434928,0.0007949436843794899,-0.07993830743584006,-0.8302993774414062,0.8433251086665788,945044400.0,0.3101808394847309,-0.1393140980863795,0.22896445141366045,-0.1478449078044328,-0.01548332314726628,1.0920330171395025
CSX,2018-03-28,16.38784552223111,16.426670240401755,16.0413915654064,16.220590591430664,22914300.0,-0.007155444672267202,0.023752444328315508,-0.010206035355505077,0.00310784874040529,16.67904987335205,16.769097328186035,16.64393525823196,-0.03270937761410827,0.17943294525146314,0.014958390999080626,0.39658643797612775,0.016679777058461357,0.08037053054420443,39.34057389244149,-0.03564336624500797,-0.09310129389218202,-0.7526493072509766,1.1987322293569416,922130100.0,0.36277716522355996,0.159222442472907,0.010721317554042185,-0.041763520564651435,-0.0016310739555469409,1.0503408305856172
CSX,2018-03-29,16.28331669943956,16.841825134587296,16.220596930371205,16.638731002807617,14846100.0,0.02545171130116596,0.037336273067415146,0.021826898655130263,0.0038670668404659604,16.647988319396973,16.786868286132812,16.643439614858213,-0.008824593176058151,0.20765567779540817,0.01568432974965521,0.40362698169071975,0.016193020000877315,0.07597670749086051,36.91434560415259,-0.030429777205256414,-0.07031016388194437,-0.31061553955078125,0.8314536704041506,936976200.0,0.39563278895106146,-0.1304574810735715,0.3860633108632808,-0.11557117060233686,0.013960210187430176,1.2011222016214893
CSX,2018-04-02,16.570036641553642,16.725344104035152,16.101128656686722,16.349023818969727,17373600.0,-0.017564980335434074,0.038180594404918194,-0.013338101017210122,-0.004128581755566786,16.58287868499756,16.782388305664064,16.615400015249786,-0.025822575357053124,0.2215634918212892,0.016082569530206637,0.4334938163672946,0.016408979813325744,0.07736234073302202,34.693804756116634,-0.04910882293946628,-0.07119136769292339,-0.6510963439941406,1.0195819523853538,919602600.0,0.5481944670949499,-0.16244703954523024,0.12600886766885927,-0.2612973042469401,-0.02227511690894611,1.143966195953563
CSX,2018-04-03,16.450570907398095,16.737290814535985,16.396809643070654,16.644704818725586,18300000.0,0.01792394664012376,0.02045582515120869,0.01180104401362663,0.00621120193797405,16.554205894470215,16.772681617736815,16.618190948914147,-0.007630073826471245,0.22099925994873004,0.015635384462073448,0.43861375421573257,0.015294182225736416,0.0776751320592384,41.413139937729696,-0.03959666992517796,-0.04934337174290806,-0.2867279052734375,1.1086786821990733,937902600.0,0.5312088839352646,-0.01160415547384291,0.39142568176383336,-0.3142012825606449,0.01278919152636652,1.1123296495354331
CSX,2018-04-04,16.37590432094478,16.650676722485866,16.247477476784034,16.56705093383789,18138600.0,-0.004676297572214525,0.024337418126620488,0.011672430978277871,-0.016149309988267278,16.509406280517577,16.762676525115968,16.61332047128784,-0.011670307601829924,0.223117542266845,0.015640862187757825,0.43712021863243117,0.015306453542128498,0.07849370671032291,43.0611851245572,-0.03788749618793119,-0.03810735840452903,-0.4479961395263672,1.116368212069709,919764000.0,0.5347014822067968,-0.012983366150124161,0.32171999642724447,-0.3173062600557673,0.011083162496918347,1.0583739839401993
CSX,2018-04-05,16.659628824675767,16.737283380105133,16.429655881599032,16.60586929321289,14774100.0,0.002340365384033456,0.018525227019089766,-0.0032269345270916016,0.005588073049789936,16.470578765869142,16.75296974182129,16.6126108352807,-0.00878055955901264,0.22100963592529155,0.015644253209569005,0.4418135697808004,0.015303571330416385,0.0789452016337253,44.16224006908799,-0.03302001235604024,-0.026591899658110464,-0.388275146484375,0.9142416901042392,934538100.0,0.5303875160672983,-0.019232678480106517,0.3565651345396473,-0.3195346122890026,0.005681568136716464,1.0504025673348043
CSX,2018-04-06,16.44459270815705,16.53120748991231,15.98763231493671,16.232540130615234,16215900.0,-0.022738327114802795,0.03348675996496654,-0.012894972913292661,-0.009712023032829581,16.442503929138184,16.72459650039673,16.57641362531256,-0.029421120549594244,0.20633344650268626,0.01639857261428408,0.4654933572431344,0.015565545038166958,0.08374837956869194,38.24321805581443,-0.05861140395017017,-0.041746633001792315,-0.2807483673095703,0.9965716519217278,918322200.0,0.5478542010830961,-0.24201144216460044,0.021447771478678768,-0.3629881118541425,-0.02060042609776417,1.0654194426019126
CSX,2018-04-09,16.3161701624573,16.55809073545556,16.235531680443405,16.253450393676758,13813500.0,0.0012873405189030107,0.01984557415191331,-0.0038440251698807254,0.00515199908142143,16.44698429107666,16.671135425567627,16.54565522229963,-0.025054384193309832,0.16180799484252972,0.014516491424833425,0.4661336657006358,0.015443414816761826,0.080463890965384,39.4613162370052,-0.07632564812926645,-0.04756870174471088,0.044803619384765625,0.8613465027966403,932135700.0,0.4654258464358276,0.11932100561291271,0.04518402490431447,-0.3816619277113857,0.0020443938012630323,0.989822436267908
CSX,2018-04-10,16.51926088648871,16.662620816703125,16.423687599679095,16.50432777404785,15370500.0,0.015317417695849234,0.01447700386802421,-0.0009039818756704522,0.016354096291785667,16.435336112976074,16.636340427398682,16.54171927484708,-0.007935197883629312,0.14146177291870288,0.015053328829703738,0.4789342973499326,0.015481684459891705,0.07523817201647756,42.453687368175416,-0.06932151111029938,-0.032451651780595045,-0.11648178100585938,0.9490915692289453,947506200.0,0.2776549074363975,-0.3589146888290744,0.3084106539427988,-0.34777906171471656,0.016110192619049064,0.9893197453254374
CSX,2018-04-11,16.411751613602377,16.53121829359954,16.322151176357956,16.429670333862305,14855400.0,-0.004533768892755239,0.012724973355715338,0.0010918225355711964,-0.005609205155937694,16.444595909118654,16.5994553565979,16.531047947134244,-0.010228349008337197,0.11647302627563505,0.015064255026374613,0.4678410352275568,0.01538027793720827,0.0697962815611083,41.78983654964904,-0.06899952991525282,-0.025703736468438786,0.09259796142578125,0.9170883122078423,932650800.0,0.3056749918122214,-0.35558906637694754,0.27408665036920943,-0.3483219912511187,-0.0029192408462461457,0.9922511579839612
CSX,2018-04-12,16.54614514860742,16.865718610194005,16.492385590215108,16.758197784423828,22339500.0,0.01979869155161002,0.022277635386658202,0.012815833169108655,0.007089297130025445,16.49835662841797,16.58870325088501,16.552681264971348,0.010217467331557357,0.10884527206421168,0.015669728680448653,0.46208042782727926,0.015312658897178333,0.06723338572054018,53.72732091425215,-0.041753628023453615,0.0012337323386883425,0.5376071929931641,1.3511245460491876,954990300.0,0.11304600348290997,-0.6817394105321286,0.6814866065268185,-0.3484523622401769,0.0074865968887517466,1.0148638698400594
CSX,2018-04-13,16.82390476782189,16.910517863915793,16.54315775045803,16.60289192199707,14869200.0,-0.009310666151970523,0.02212627265079348,-0.013136834098558287,0.003920886019088194,16.494772720336915,16.571380519866942,16.557463232307132,0.0019015556424131518,0.09721757888793903,0.015791232247742672,0.4448003985783443,0.015475516821818566,0.06413385619037425,56.285816117876465,-0.032320370518071684,0.008533591875256222,-0.035839080810546875,0.8998188162419075,940121100.0,0.1835018806015034,-0.7444125006831565,0.488895085070891,-0.3671662220306566,-0.0014060486809503085,1.0156907161786097
CSX,2018-04-16,16.77910852206649,16.92545410776188,16.710414126651035,16.847801208496094,25865400.0,0.01464326384833748,0.01276368224254709,0.0040939413640041986,0.010613608815699858,16.54465045928955,16.563764572143555,16.585114468134652,0.017148072536011735,0.08926815032959112,0.016158895785384153,0.43370699381238925,0.015405512583056315,0.061511755520406754,53.82303451457237,-0.005024395253041547,0.028663653712229085,0.4987773895263672,1.5671441035335176,965986500.0,0.1024033781480452,-0.9559746897852942,0.7926019211716642,-0.3808115983398985,0.007210403329218193,1.0317210601788795
CSX,2018-04-17,16.87169458983708,17.068814145860973,16.755215240592477,16.895587921142578,20811000.0,0.002832361883354221,0.018560993954881456,0.001416178510005176,0.001418189889903107,16.56973876953125,16.56197233200073,16.614683368421122,0.020143469778490127,0.07827379226684528,0.016148858302701994,0.40938692924870257,0.015400311883703976,0.0608879509379988,60.21879342558839,0.02023064387230633,0.04313495427006157,0.2508831024169922,1.234498695118685,986797500.0,0.03276106180438984,-0.9568225243099174,0.8518612147369918,-0.35975073454023626,0.008992005740867908,1.049167226654132
CSX,2018-04-18,17.678088990130714,18.269449167866505,17.678088990130714,18.221662521362305,60880800.0,0.07555861663565189,0.03245368950514284,0.030748432793559058,0.04631392956790454,16.73519992828369,16.622303104400636,16.767729002034567,0.09621767855612316,0.08348564147949489,0.023860959956272864,0.4799999700864577,0.01594172610735904,0.1059637184003917,75.37898983135473,0.1455705355820882,0.13477987678387476,1.654611587524414,3.1442398494627155,1047678300.0,1.5714612191068205,4.0583202444385,0.9999999950323291,-0.2096388669965573,0.00048787747877421467,1.0546337248135143
CSX,2018-04-19,18.248540516929932,18.34411379614346,18.021553124305278,18.275421142578125,22507200.0,0.002945915382671557,0.017649972020982865,0.0014730287950017026,0.0014750572586950637,16.902155113220214,16.686366939544676,16.911318729705382,0.09523068794966878,0.1022428512573228,0.02383385607166446,0.45866612213513985,0.015861761355440884,0.1368976742160588,72.87159610235295,0.24640081897782906,0.18848812814369248,1.6695518493652344,1.1300505573509243,1070185500.0,1.548120244648723,4.02511572346918,0.9999999951615425,-0.17308351805744174,-0.008616804179971281,1.035200058405374
CSX,2018-04-20,18.212705959201823,18.368011722379737,17.902091014875058,17.931957244873047,16460100.0,-0.018972608109639452,0.025982702342093277,-0.015414991872030446,-0.0034316682984769937,17.072096824645996,16.75730037689209,17.008522397816588,0.07009821639294479,0.12968194961547752,0.023245679139693786,0.4473593550034434,0.015843930994089556,0.15114156618924005,71.79296092348818,0.2951920882717758,0.18982351795011138,1.6994171142578125,0.8241177650122077,1053725400.0,1.7014840421779425,4.4447051040217405,0.8338164478360262,-0.25968147351438964,-0.008255816554962367,1.0161591096270854
CSX,2018-04-23,17.973772107041857,18.123106684264854,17.905079431988888,18.02155876159668,17986800.0,0.004984308194359728,0.012098135081443404,0.002658688130139417,0.002331862696179752,17.24890766143799,16.847945976257325,17.105002051509928,0.06965910188655924,0.16016738891601534,0.022616562597638695,0.4351993733398511,0.01513423487780476,0.1611206862205252,70.09610030956993,0.33720255314644376,0.18546718625982345,1.7681083679199219,0.8955894950919288,1071712200.0,1.7346573034987467,4.829437196948019,0.8764558033243952,-0.21353384551738747,-0.0005242076190022167,0.9970297505684914
CSX,2018-04-24,18.10518532018742,18.251532583021877,17.49291734517605,17.678091049194336,15606300.0,-0.019242671143125157,0.04291273507613259,-0.023589610569568206,0.004640362118339388,17.366283988952638,16.900810050964356,17.159581956051298,0.045990754045876533,0.16223953247070355,0.02274606226729881,0.4605862299215651,0.01573078051450823,0.16586907693833805,65.04867461712108,0.33887483713699496,0.1497115762002997,1.1737632751464844,0.7796538535322047,1056105900.0,1.919169099190409,5.545809505212855,0.7093044484163078,-0.17015048692543727,-0.01377426233268643,1.093599096075507
CSX,2018-04-25,17.70497217716567,17.973771675333918,17.600438659214568,17.91702651977539,18171900.0,0.013425383913209403,0.020836773094424717,0.011977106797332973,0.00152058997187695,17.515019607543945,16.979807758331297,17.23171953354883,0.05519607611483342,0.19917192459106303,0.02232678349212191,0.4652794811796544,0.01507582454168382,0.17023705582988805,66.84596843047322,0.35538358906042333,0.13297626249898242,1.487356185913086,0.9038493390453425,1074277800.0,1.8507840305703627,5.535415483659344,0.825584337911249,-0.21931147285227767,-9.948741177896821e-06,1.0640583376674697
CSX,2018-04-26,17.773669815824395,17.994682722327802,17.5795375502414,17.693031311035156,20096700.0,-0.012580612148425735,0.023463767445405168,-0.004536964263702237,-0.00800114370499872,17.60850296020508,17.053429794311523,17.27565398854753,0.037505740747646205,0.237588272094726,0.022510131779057745,0.4507729235946701,0.015064750651840495,0.16799098173106616,69.51343202033814,0.3463992773167597,0.099193560604255,0.9348335266113281,1.006640409574572,1054181100.0,1.827716122954672,5.369675749736507,0.7149173959316619,-0.21005761656692945,0.012555340104537063,0.9046169318870955
CSX,2018-04-27,17.62731700340321,18.027532348745275,17.62731700340321,18.003637313842773,13304700.0,0.017402959659220764,0.022229693831609502,0.021348700449813747,-0.003714135044284941,17.748577499389647,17.121675109863283,17.344985733813743,0.05151144372967449,0.2738755035400402,0.02217531981577863,0.4561061193447942,0.014510790769700205,0.1727092968658418,71.70388360537241,0.3601904033561887,0.0903877493149472,1.4007453918457031,0.6690129159362922,1067485800.0,1.9342353440389872,6.042609277545542,0.8669605151678341,-0.18877492119208625,0.0013734618111527026,0.8516993088042367
CSX,2018-04-30,18.090254328660826,18.239587206663987,17.73483999405077,17.73782730102539,15686700.0,-0.01487431566841821,0.02845597738929611,-0.019481596070049557,0.004811084188607499,17.837580108642577,17.191115283966063,17.38239921640533,0.03180200981894636,0.3191131019592284,0.022047203188187783,0.4629330328867121,0.014095236785138498,0.1693927546594944,65.2400552188038,0.34568646514687273,0.060707048884504955,0.8900260925292969,0.79214895533264,1051799100.0,1.9659610279875905,6.181600401481771,0.7368452466036469,-0.18504303558008287,-0.007773288424855274,0.882084603219478
CSX,2018-05-01,17.70795672966042,17.949877289123595,17.630303849703882,17.875211715698242,14810700.0,0.0077154379397808845,0.017878022621631923,0.009445188317953906,-0.0016840039570823607,17.935542488098143,17.252640628814696,17.429333740147513,0.03608555352644117,0.35690088272094656,0.021827284495227146,0.47082634161372133,0.014031315834243604,0.16957226742564188,67.5872586822412,0.3413429743853058,0.04509084649835038,0.9796237945556641,0.7545603912727828,1066609800.0,2.0904810888216385,6.807954477141647,0.8040955725873141,-0.17895183677591794,4.0145019975135427e-05,0.8541025316263415
CSX,2018-05-02,17.812489454896767,18.036489583252532,17.687049929892854,17.73483657836914,15434400.0,-0.007884059201127632,0.01970357334929621,-0.004359462315711229,-0.0035088961070257967,17.886859893798828,17.31102991104126,17.458429248549574,0.024481886375666763,0.3853765296936018,0.02190379655069775,0.464640011401434,0.013890426902476896,0.16643930075677196,62.45244364979849,0.32285198947879223,0.02127988927346941,-0.48682594299316406,0.7917903005380382,1051175400.0,2.087484897725894,6.742920241874552,0.7353812736046828,-0.18473508953728893,-0.008334711246516167,1.0074196436344216
CSX,2018-05-03,17.651209275746133,17.776648789931848,17.31371545911912,17.648221969604492,16839600.0,-0.004895833504836663,0.0262311598080553,-0.00016924087720979804,-0.004715425611815682,17.824139976501463,17.36314754486084,17.4765047457929,0.016418361014735962,0.4115140533447281,0.0219856512208858,0.4714666697839314,0.014117157567079217,0.16221247344384576,63.565907974779805,0.2977760981607993,-0.0030368016356188132,-0.6271991729736328,0.8593248271422459,1034335800.0,2.1156590999355975,6.761864726680912,0.6929830096659315,-0.18276808574677547,0.0003045932939377974,1.0331386473001432
CSX,2018-05-04,17.52875572630287,18.04246301838497,17.495902193996667,17.911048889160156,12558300.0,0.014782738761178672,0.0305152885110534,0.021809486584586,-0.00676930761112252,17.822049140930176,17.447072982788086,17.517889902304066,0.026593337852704152,0.4643812561035148,0.02125780339125641,0.48746657254275255,0.014007121013912058,0.15154158256119288,63.734562882324596,0.2957025347490223,-0.004088292037916663,-0.020908355712890625,0.6468870655811297,1046894100.0,2.1602129222242787,7.095586905837029,0.8197935050178721,-0.21053712462401752,0.012665760092020134,0.919254668932278
CSX,2018-05-07,17.99766189019239,18.144009131817203,17.955849857429786,18.06934356689453,10868400.0,0.008798997910991566,0.010413177085865456,0.003982832722355085,0.004835730256124321,17.826827621459962,17.537867641448976,17.57040929893173,0.030304478076312175,0.5260090065002458,0.02125283279236339,0.48170666807050616,0.013826780058836538,0.13941199707833377,64.74119676136635,0.3033356142342889,0.002835829957879954,0.04778480529785156,0.5641180555771824,1057762500.0,2.1031735086057366,6.918349101602664,0.8883502672224347,-0.20191346433700688,0.003579245819555702,0.9261557532959683
CSX,2018-05-08,18.018568146039172,18.269447158095073,17.96182129593484,18.090248107910156,15062700.0,0.0011562377989519966,0.01700506595184397,0.003978116423570587,-0.00281003129235899,17.86804332733154,17.61716365814209,17.619917756929674,0.026853610430611054,0.5779211807250988,0.021141673154759223,0.40554699774452807,0.013878701576396561,0.1298055147913334,47.54460928785508,0.30752672976120365,0.0056215563878357355,0.4121570587158203,0.7824458113147564,1072825200.0,2.242579065599699,7.50145388170489,0.8996760327611272,-0.19391285233601693,0.0023667736638530736,0.9795003774113168
CSX,2018-05-09,18.176863779257758,18.651744662635362,18.108169404531726,18.592010498046875,18455700.0,0.027358930813371745,0.029237034809158506,0.022839293061262596,0.004787975865832818,17.935541725158693,17.725280666351317,17.712498017988455,0.048897946837079403,0.6421342658996565,0.0216178805798918,0.4226138465221726,0.014334309731077589,0.12159567088592843,55.06698219303034,0.3473324185779738,0.036341796163684714,0.6749839782714844,0.9498165413115925,1091280900.0,1.9229286728450492,5.894434711992453,0.9999999949726477,-0.1855635906597598,0.011910325468785453,1.0704738540210639
CSX,2018-05-10,18.753292995215705,18.824972975482286,18.53825305441596,18.759265899658203,12987600.0,0.008955866340826363,0.015284175969356521,0.0003184989667692732,0.008674828211062677,18.042165184020995,17.825334072113037,17.8121901971951,0.05239351048159383,0.687890186309815,0.02139297612342051,0.40981379034800447,0.014166318727691477,0.12018393621424245,64.03248369150975,0.38790331884981555,0.06153015714842114,1.0662345886230469,0.6848840465300969,1104268500.0,2.0550790903788267,6.541346314582756,0.9999999953625855,-0.15153384444391163,0.008744385496069,0.9941771197738805
CSX,2018-05-11,18.8040614474363,19.07883377014697,18.75627309893767,18.84288787841797,13797600.0,0.004447730154299022,0.01711843074642253,0.0020647896248478744,0.0023879158181191636,18.126090240478515,17.937333869934083,17.910351881121088,0.05048431472872026,0.7486984634399434,0.021100077928427663,0.417280463128957,0.014043812946695156,0.11138466426338582,63.959377040273495,0.42193978524477416,0.07645329883470375,0.8392505645751953,0.7296599669057512,1118066100.0,2.054963111992746,6.7547623806656185,0.9999999949876864,-0.13950365111834806,0.0015787070313353516,0.9639400739439762
CSX,2018-05-14,19.051954482083104,19.051954482083104,18.726408191165046,18.786142349243164,10257300.0,-0.0030160528638292416,0.01732906548167266,-0.013951961363854619,0.011095252756059422,18.230921745300293,18.034250926971435,17.993760497132715,0.04169241213934897,0.798665142059324,0.021110671777796148,0.38634696691983067,0.014129297898284916,0.10285426137586672,70.8662163967777,0.4392713929391938,0.07502792522329871,1.0483150482177734,0.5657881128399035,1107808800.0,2.1833280610120647,7.174795465211032,0.9708593744526164,-0.1342955374509374,0.0010664223357173825,0.9486019382533764
CSX,2018-05-15,18.61590406545568,18.762251317973178,18.484489927034193,18.69953155517578,9942900.0,-0.004621015933209525,0.01485392241615291,0.004492260457835238,-0.009061907475344027,18.313353729248046,18.124448108673096,18.060976788374912,0.03172970801949495,0.8516484642028814,0.021228525565623525,0.38122692449766077,0.014051607256398745,0.08870019026669959,65.63254462761547,0.4409352228831267,0.06135340413378526,0.8243198394775391,0.5653930268818855,1097865900.0,2.1991441101169187,7.130845503373713,0.8800029941554148,-0.16548652801117342,-0.005677884287970289,1.0585013513076615
CSX,2018-05-16,18.708486845592855,19.007154203210263,18.699528345861044,18.899633407592773,13426800.0,0.010644052432408943,0.01627681610086854,0.01021710433224837,0.0004789045324825297,18.42983341217041,18.15834665298462,18.140848847348042,0.040823471914845935,0.8428973960876469,0.01257506027202124,0.37354697344500487,0.013517552450924357,0.0963859342037441,74.33730999911515,0.4531764314606903,0.058875690169079065,1.1647968292236328,0.8825802991102417,1111292700.0,-0.025949511553501958,-0.43493148742720966,0.9999999920090231,-0.3359073972508966,0.004717220238922268,1.0547798202229597
CSX,2018-05-17,18.84289026928511,19.135583046197763,18.827955447180212,18.971315383911133,9158700.0,0.0037855963058978158,0.016215406933693055,0.006815574086071184,-0.0030023406848128068,18.562142753601073,18.193141365051268,18.21994089844929,0.042772933120539834,0.8342658996582024,0.012580162480669378,0.3669335629932538,0.01348278308148636,0.10411425481492974,71.60005108991825,0.4633209384974464,0.05521615776466804,1.3230934143066406,0.6296502160948652,1120451400.0,-0.03691546174562717,-0.4394127566027424,0.9999999924419548,-0.3449134637308887,0.0014723592539806225,1.1567837387980968
CSX,2018-05-18,18.980279495986117,19.108708054987964,18.854839952802102,19.042999267578125,8107200.0,0.0037714197554848377,0.013331308719739764,0.0033044703901895303,0.0004725087266530147,18.67533779144287,18.248693466186523,18.298327409794894,0.0435267216726168,0.8449581146240241,0.011595650867208408,0.34901362653415696,0.01315699628051536,0.11077771617437694,81.89781675184734,0.47170727588717654,0.050881996123518514,1.1319503784179688,0.5738371537473325,1128558600.0,-0.037850871917007346,-0.043939254760882056,0.9999999928303968,-0.35727787963402396,-0.0017100735844542924,1.035344878066072
CSX,2018-05-21,19.129609945573293,19.314783622521748,19.081823300488868,19.11766242980957,9582600.0,0.003913100778803027,0.012185607047315205,-0.0006245561617678084,0.004548163699330066,18.780169677734374,18.303498649597167,18.376359316462956,0.04448131998143002,0.8638634872436519,0.011588754450980591,0.34560012050015054,0.013157515766296752,0.11754017821180084,81.3252954109593,0.47885822238605513,0.04642635409791768,1.048318862915039,0.6990598081098116,1138141200.0,-0.02268812236815135,-0.036362336694628336,0.9999999931946887,-0.38003021782184404,0.008083367511215035,1.0016684660575437
CSX,2018-05-22,19.14753702771255,19.275962185704422,18.94145555371137,18.956390380859375,10342800.0,-0.008471544348209398,0.017646114332547647,-0.00998283207790766,0.0015626700185058019,18.866783905029298,18.36741361618042,18.431600370214998,0.03206639633574244,0.8926552009582522,0.01073558814983803,0.34453347611682006,0.012089063379857027,0.1166338913873844,80.47728453764844,0.4661387352836144,0.026965493596381507,0.8661422729492188,0.7692865534395985,1127798400.0,0.24403855617702253,-0.061461854577870914,0.8902493416914754,-0.31350475485133705,-0.003743492117264424,0.9068393843764004
CSX,2018-05-23,18.816008259195094,18.995209021448144,18.702514557033837,18.980274200439453,9172200.0,0.0012591419408748195,0.015420981874304546,0.008730116344633564,-0.007405530211386002,18.905610275268554,18.42057600021362,18.483855020712564,0.03038440275805386,0.9095595359802218,0.010483699741380009,0.3323735570883614,0.011939391899369845,0.11753084688251984,84.30809437957173,0.4527664647820089,0.01087457847582074,0.3882637023925781,0.7058426987043929,1136970600.0,0.40630409104408494,0.31541504862447417,0.9065030246846659,-0.2366671774799576,0.005104110696108484,0.9279778953808991
CSX,2018-05-24,19.004169984394224,19.308810294314394,18.974303756476463,19.243104934692383,11097000.0,0.01375257147269133,0.017383189405929367,0.012572764319323946,0.0012589799126409677,18.95399417877197,18.498079681396483,18.55616453632969,0.04027581598349215,0.9416659164428687,0.010089442802788055,0.31722682233476335,0.011757214985418433,0.11732294787234562,84.3081252143088,0.4580964371808989,0.01296364069976852,0.4838390350341797,0.8845970348422182,1148067600.0,0.30146366203152447,0.3213234778911716,0.9999999937299475,-0.14733760798772325,-0.0008103486941060145,1.2935162258643549
CSX,2018-05-25,19.246093834277257,19.35958757062008,19.21324029433667,19.317773818969727,11542500.0,0.0038727840244942215,0.007575783713737073,0.0037243913133587383,0.0001553231453561234,19.00148277282715,18.563786506652832,18.628698753723977,0.04061603014270192,0.9600041961669916,0.009591828511447124,0.3110401818795034,0.011409696026561313,0.12041955376588923,83.60173846439751,0.4630083614565095,0.014300451980303275,0.4748859405517578,0.9266183307864876,1159610100.0,0.43301627263342246,1.030628086065227,0.9999999940103688,-0.0027114723436209675,-0.003053734704091499,1.2561791158849516
CSX,2018-05-29,19.147530150499854,19.255049246244248,19.001182910696702,19.180383682250977,11384400.0,-0.00713752184027618,0.01323572769727578,0.0017158104200851636,-0.008812799552642867,19.04090690612793,18.63591432571411,18.68124017548845,0.02921613326938289,0.988526744842531,0.00895327446656903,0.3116805423161314,0.010915831230979844,0.11577666977490067,77.60993589588759,0.45062038966688434,0.001529984152542463,0.3942413330078125,0.9299863496785925,1148225700.0,0.7928623885298989,1.173688826065626,0.9177083682977144,0.045064383749778586,-0.00957175387757659,1.116580807382744
CSX,2018-05-30,19.291270980454456,19.758793255266912,19.267295523152793,19.6718807220459,14168400.0,0.02530216801550588,0.024984786104528752,0.01972963533491747,0.005781286758413068,19.13814182281494,18.725747776031493,18.775586894208207,0.05052577645125779,1.0235512351989726,0.010162636727641146,0.3128886150511835,0.01117042257999743,0.11864241773377915,77.49290294885753,0.4749871797336702,0.020717419375462676,0.9723491668701172,1.1604544220394934,1162394100.0,0.8120817397288305,0.3752189912916682,0.9999999950584555,-0.07664607253492883,0.014352922036059573,1.2338419030606003
CSX,2018-05-31,19.647906065090456,19.749803048918228,19.32423823576354,19.375185012817383,20043600.0,-0.015197117316628992,0.021964425778291143,-0.01388041307656863,-0.0012187272429206044,19.1856969833374,18.807765197753906,18.83269147693289,0.030169443796078478,1.0583658981323225,0.010749786849328181,0.3228061073432093,0.011244245626655469,0.11090430108538595,64.71134387895586,0.46499697657422345,0.008581772972812707,0.4755516052246094,1.6112458264049747,1142350500.0,0.5220202018549729,0.3778352863941319,0.8533864875170099,-0.3498578964336982,-0.009548654116521251,1.3095536611606782
CSX,2018-06-01,19.54601505994256,19.764791807529033,19.51604615927221,19.611948013305664,13277400.0,0.012145848783565559,0.012683372813759312,0.0033732171576100326,0.008816950496842672,19.249760246276857,18.905951499938965,18.90690638515887,0.037342553923772545,1.1041961288452136,0.010644853582466548,0.3275951161648055,0.010806000024372094,0.10036940731188385,67.11693851369537,0.4707578604446674,0.011474125474605301,0.6406326293945312,1.0828347281230466,1155627900.0,0.3315258862990389,0.3264914600981232,0.9659634058854742,-0.34941367515644806,0.010399159838373083,1.266202291671246
CSX,2018-06-04,19.662889379325215,19.72582473383357,19.294264832465238,19.387170791625977,11709900.0,-0.011527425112359478,0.022260076315763284,-0.014022282401138144,0.00259746589094513,19.284177398681642,18.979757595062257,18.952645852441453,0.021465669122650542,1.1205245780944821,0.011024816458725538,0.33516751691125357,0.010417748477462664,0.0892668528675191,62.4461254565907,0.4519756650474065,-0.005846455938124495,0.34417152404785156,0.9583130273170648,1143918000.0,0.4537362694884519,0.31972179702301223,0.8223380108672677,-0.4092503252063229,0.005121659695927571,1.2368925199181722
CSX,2018-06-05,19.3841732167028,19.465090591030624,19.1024629088768,19.387170791625977,10730400.0,0.0,0.01870451785107587,0.000154640328977001,-0.00015461641904309493,19.311128234863283,19.045648956298827,18.994029179982835,0.017931751031996252,1.1228454589843722,0.010998839231512745,0.3395228926216003,0.0106276634933168,0.07856890267540595,64.76945829356123,0.43210954996354545,-0.020570056817588445,0.26950836181640625,0.8786490108197539,1143918000.0,0.5831895403521651,0.45743102405507363,0.8199898408295055,-0.3567797675324467,-0.0011342668558777331,1.2305533648419722
CSX,2018-06-06,19.405152332927038,19.581973252604392,19.222339692741176,19.578975677490234,8592300.0,0.009844773085315322,0.018368354187021298,0.008957587221216989,0.0009274969253805942,19.373386764526366,19.120085334777833,19.049738370221636,0.024000433820120973,1.13811851501465,0.011070667434137132,0.3432377285154572,0.010674408983655004,0.06650136530749448,64.64344301049628,0.4269212791837269,-0.020606662077925608,0.6225852966308594,0.7227182746208322,1152510300.0,0.45175977828324126,0.261268380865663,0.9139664640892879,-0.39000759254075246,0.007982060604084788,1.2239510737855321
CSX,2018-06-07,19.578976804025526,19.719831975017218,19.510048006172994,19.704849243164062,16923000.0,0.006408438929254687,0.010646311791347592,0.006428959000179032,5.753800966273061e-08,19.44584426879883,19.17572727203369,19.11212988193044,0.027593319597429604,1.1264049148559572,0.009595092678155113,0.3362488977887911,0.010011519106236266,0.06632851946377595,65.45059808429826,0.42803239102897805,-0.015596440186139593,0.7245750427246094,1.4326676673244594,1169433300.0,0.18338364435628135,0.49841672707945855,0.9999999900528957,-0.5264914283801584,0.0006027271813451839,1.0630352153067508
CSX,2018-06-08,19.749803915355802,20.121422677542473,19.704850572184387,20.100444793701172,15488100.0,0.019877183931811898,0.020724521752305974,0.01775414479293847,0.0022814014782343408,19.531578254699706,19.24278621673584,19.20625511162289,0.04457039470819503,1.1158667755126963,0.01025916846359601,0.3478707072311159,0.010191909694354013,0.07559476041058612,69.59890552751028,0.45558253806135696,0.009562965476991425,0.8573398590087891,1.297459089212721,1184921400.0,0.22973188795087693,0.01658464674142874,0.9999999928617993,-0.4612324637632292,0.0034081882666758133,1.1183714285966644
CSX,2018-06-11,20.100446205732926,20.277265445071347,19.95959101534616,20.163381576538086,15370500.0,0.0031262222083085316,0.015755017506330887,0.00313104346843854,7.024878146911449e-08,19.616139030456544,19.308810901641845,19.297410013043386,0.044258068466742094,1.1113984489440902,0.010256996590970537,0.35114856971551334,0.010155212657734886,0.08385492816617503,69.46618170869573,0.476996185357919,0.024781290218842733,0.8456077575683594,1.2791800863855392,1200291900.0,0.2513836616225027,0.027279925000470405,0.9999999931686991,-0.4309426398350054,0.0011664721852562446,1.1182200503534294
CSX,2018-06-12,20.154385449100886,20.286249582562693,19.980562129508073,20.00453758239746,12632100.0,-0.007909039127665742,0.015280905734287158,-0.007435000540297288,-0.0004461616422350473,19.69855442047119,19.36973066329956,19.364755495839013,0.03277314125491119,1.0992079353332507,0.010473579914095098,0.34909005693419687,0.01009598670040246,0.08540580319072087,69.52903389508863,0.47566608971457214,0.018760955660396705,0.8241539001464844,1.0409950356994522,1187659800.0,0.25340986009166394,-0.1458949452082587,0.8914888815538026,-0.45354336876225865,-0.00045579269336160305,1.1383268658879593
CSX,2018-06-13,20.004539608057588,20.103439004313245,19.737812024581924,19.818729400634766,14660700.0,-0.00933170702442134,0.018448558045280655,-0.009288402085893542,1.012600325503193e-07,19.71323928833008,19.42569055557251,19.40799110581956,0.02023294069973276,1.0916873359680146,0.010706791146354783,0.3542995223139836,0.010197681955619615,0.08099355296766049,64.73307709735671,0.4543809907113392,-0.0020193146742690238,0.1468486785888672,1.1851311140266423,1172999100.0,0.23995975674781983,-0.2968407636944409,0.727277798183688,-0.3361680279589625,-0.005562179674387875,1.1832447088944607
CSX,2018-06-14,19.899647027623043,19.97157339448147,19.67487691683298,19.746803283691406,12165000.0,-0.0036358007233264424,0.015025038401710792,-0.007680726382707793,0.0040828867155169885,19.750401115417482,19.46804904937744,19.440258932283545,0.014318550030717072,1.070450782775879,0.010641133328757048,0.3515988037290236,0.010160276629079241,0.07788413670457145,59.48734161298783,0.42678880420664456,-0.02368920094317095,0.37161827087402344,0.9884265127435112,1160834100.0,0.4328460564815882,-0.11895521674487528,0.654862188815675,-0.29626974713157517,-0.00010976162923578439,1.172773909224411
CSX,2018-06-15,19.76778502259317,20.010535465274707,19.557997619600414,19.974573135375977,24099600.0,0.011468502287426258,0.02265569544877159,0.01046086410523296,0.0010625385081489214,19.786663627624513,19.518211936950685,19.49114599924473,0.02338130151980451,1.053239593505861,0.010839234481843119,0.3734695586855154,0.010388963530409388,0.07710555111479639,61.69646896742874,0.4184769789689007,-0.025600820944731928,0.3626251220703125,1.8460781869219658,1184933700.0,0.327054936416383,-0.3915535000233879,0.8435709802409544,-0.31446990988694973,-0.000837773186436766,1.1432877358071836
CSX,2018-06-18,19.79176263144958,19.941610560730958,19.734822407560692,19.812742233276367,10431600.0,-0.00813484363236566,0.010437129335027414,0.0010600168472842816,-0.009152160733919805,19.82922077178955,19.556699085235596,19.52177421200965,0.013092349937217754,1.0201226997375485,0.011095796373793076,0.3679809743671054,0.010327836765440919,0.0745012620818736,61.16403833927783,0.39428630912546225,-0.03983319263053631,0.4255714416503906,0.7920304949507259,1174502100.0,0.4304631661095823,-0.5191438698131382,0.7094930339077753,-0.34426484019271153,-0.002662479728537627,1.1904323743040908
CSX,2018-06-19,19.5639884478309,19.635914806596986,19.390166842861117,19.429126739501953,17902800.0,-0.019551959395477873,0.012648430731383916,-0.00689336474965567,-0.012555242606834754,19.833416366577147,19.572272300720215,19.512950643199392,-0.007313691482464931,0.9721823883056651,0.012067117553993709,0.3568499613241993,0.010337755358313655,0.07171468588442374,45.54455792148217,0.3402384080738088,-0.07510487494575185,0.04195594787597656,1.3176695028930834,1156599300.0,0.33073742256532696,-0.5844577182260869,0.39166512267730297,-0.22054847526201296,-0.005442039105566546,1.3720912075180933
CSX,2018-06-20,19.480079861139505,19.54001765029485,19.35720499256695,19.441118240356445,10011000.0,0.0006170015774855715,0.009403402390116269,-0.002000075002812648,0.002622512185993261,19.81963062286377,19.596508693695068,19.506109461976255,-0.007929496818411194,0.9376829719543451,0.011867531443017127,0.3395105216508575,0.010145740424534568,0.06565416785304343,51.35134712514269,0.29497241263912954,-0.0962966963043449,-0.13785743713378906,0.7377234918617183,1166610300.0,0.24876392609371445,-0.4668804728249942,0.38952004300865106,-0.20062391766553048,-0.00020221218030578824,1.3490194580467973
CSX,2018-06-21,19.405151763730593,19.46509126023627,19.138425891630906,19.19536781311035,14091300.0,-0.012721329837920622,0.017017927022073217,-0.010810734859200682,-0.0018500209803359751,19.7686824798584,19.607263374328614,19.47651501922712,-0.021007294763916357,0.8931237030029315,0.012272009701734575,0.33501470550040857,0.010185916710394614,0.061816972834016555,41.49324002206068,0.23654206973888847,-0.12378163136366876,-0.5094814300537109,1.019920266819532,1152519000.0,0.3276862434615999,-0.6657344923463642,0.015243298886015229,-0.19645336438650032,-0.007597414591618372,1.426231732912533
CSX,2018-06-22,19.3871674836779,19.54900220472039,19.351203450175344,19.414138793945312,25937100.0,0.011332614240275318,0.010188386754849768,0.001391193958071512,0.009991976837065318,19.700051879882814,19.61581506729126,19.470574426343138,-0.010281309884606047,0.8485565757751452,0.012144723118398308,0.32944859766053064,0.010005517640001951,0.06005170488132657,50.552053244498794,0.20551949106896927,-0.12384336802687035,-0.6863059997558594,1.7816285589759917,1178456100.0,0.33712019429921664,-0.584047926223185,0.23779817909567164,-0.26516126936116624,0.002651414616302009,1.465181567168916
CSX,2018-06-25,19.38717361709552,19.456102416636053,19.018550731372567,19.204360961914062,14053200.0,-0.010864217756497,0.022783975271618517,-0.009429567135059562,-0.0013889453009474672,19.60414981842041,19.610144424438477,19.445220763064178,-0.020692527996821936,0.7908565521240227,0.012372206491780058,0.3348003121683636,0.010411638365030415,0.06150682246849131,46.55374390446487,0.16213753552657906,-0.1337802588554085,-0.9590206146240234,0.957066445467807,1164402900.0,0.47099517405511715,-0.6361824556230677,0.024391994691458432,-0.29093002048343586,-0.011607188653272208,1.4158013648413046
CSX,2018-06-26,19.177391101088766,19.348216912812706,19.177391101088766,19.234333038330078,10959000.0,0.0015594745487485626,0.008881296345629428,0.002969222296252771,-0.0014043612739201808,19.52712936401367,19.612841892242432,19.425136217851406,-0.01929903152189626,0.7458233833312988,0.012269559928183581,0.32131404444412964,0.010326852219646623,0.060717273106310816,43.08075238182766,0.12869203758749848,-0.13378060543559128,-0.7702045440673828,0.7474245260821083,1175361900.0,0.3755904151622013,-0.620842428871616,0.040252759092208774,-0.26130627231516224,0.0027961261432050506,1.481018469790206
CSX,2018-06-27,19.234327732980766,19.605948153044135,19.114450454711914,19.114450454711914,15345600.0,-0.006252243916040376,0.02571340983601555,-0.0062324652014377774,-2.758270485020583e-07,19.456701469421386,19.58497037887573,19.395547097552406,-0.02402454101596793,0.6735746192932126,0.010773391451700396,0.34143645369327225,0.010335631650489922,0.06481248987972979,38.11822545887812,0.09145844093534805,-0.13681136167019337,-0.7042789459228516,1.0424143124104608,1160016300.0,0.2713339621536572,-0.8395283124041383,0.0,-0.1399104575176736,-0.00806929714078284,1.3082319831112321
CSX,2018-06-28,19.144419280720996,19.213349787279522,18.79677603234874,19.05750846862793,15881100.0,-0.002983448055934135,0.021858773176805308,-0.004539746587173212,0.0015678622872306624,19.387771987915038,19.56908655166626,19.363352942416743,-0.026142154447917777,0.640973873138428,0.010292465843113757,0.3414364765898704,0.010340839521634046,0.0686396694730628,25.698405460491173,0.05670217753525009,-0.1372541000562331,-0.6892948150634766,1.0942607998230562,1144135200.0,0.2526755859381216,-0.6271578394129063,0.0,-0.04900136835411086,0.005098766659468665,1.1811383329960121
CSX,2018-06-29,19.162401366019456,19.351207436220452,19.0814839888305,19.114450454711914,15006600.0,0.0029834480559341276,0.01411097054707444,-0.002502343542003696,0.005504019455859009,19.301759719848633,19.544211673736573,19.33964794358771,-0.021989181564287405,0.5993184089660666,0.009877605011319568,0.33972394358039437,0.010372716235890403,0.07174782301813525,25.490246763480002,0.033367688832068865,-0.12847087100753146,-0.8601226806640625,1.0278813483570892,1159141800.0,0.31180870587617465,-0.2671720751948007,0.05149052378774839,0.02012968032645122,0.0020891102202963314,1.176547007588607
CSX,2018-07-02,19.042523593317338,19.333224913783923,18.961606218229374,19.258302688598633,9558600.0,0.0074976589370740485,0.01929654453788162,0.011331433789427962,-0.003762957327232275,19.24631576538086,19.537768268585204,19.331900776445895,-0.014303863990234944,0.5663480949401851,0.009754953060063099,0.344433318044675,0.010274347881031395,0.07263085129118907,32.44014491608799,0.02618081532815353,-0.10852619560915744,-0.5544395446777344,0.6595786083061114,1168700400.0,0.10795881700693973,-0.2696293971467602,0.18157075772866027,0.04160128532939672,0.0005609216507414652,1.434558080732453
CSX,2018-07-03,19.306255156276446,19.387172537892766,19.102464629499003,19.13542938232422,5216400.0,-0.0064007179895307215,0.014878574329602101,-0.00884820865411033,0.0024899633396146766,19.216946029663085,19.525181198120116,19.313189215100973,-0.01996149545764125,0.5314836120605442,0.009848905311109709,0.33865338437770653,0.010155383063003173,0.07471624473460652,33.43030892816837,0.010449857919113015,-0.09940572241455836,-0.2936973571777344,0.36693143353957575,1163484000.0,0.19906633847163205,-0.3588211438928949,0.07046098909026881,0.013126560588520082,-0.003537493100211285,1.4478274607566146
CSX,2018-07-05,19.267298786743478,19.36919406882009,19.138430467561175,19.28827667236328,11055900.0,0.007955926794203379,0.011963930483720095,0.001088781870878391,0.0068913742035529866,19.20166187286377,19.510646247863768,19.310816591983098,-0.011397345463368966,0.48474494934081847,0.009750695610434033,0.3341582564382336,0.009976277701568424,0.07549334855897964,39.30085254937007,0.01019889325225165,-0.07972534966513578,-0.15284156799316406,0.7710122975342167,1174539900.0,0.20473208282538993,-0.2731906319286878,0.2086751183277246,-0.06232710850252935,0.009253927005490036,1.3592791248879013
CSX,2018-07-06,19.354209103287285,19.575981686258814,19.228338363207254,19.48008155822754,8359800.0,0.009894999922630083,0.01784609176365234,0.006503621732539534,0.0034182644745278747,19.230133247375488,19.499407863616945,19.32693706495876,-0.000991122680472046,0.4422454643249516,0.009916279807289364,0.3266657905366098,0.01016136037447002,0.07495840787890472,38.264689959605214,0.02518671646536319,-0.05179002116161939,0.2847137451171875,0.600935929783701,1182899700.0,0.18618393464740782,-0.42816093828938734,0.38211715499349014,-0.10599824416194295,0.007305201731010146,1.3398944948605633
CSX,2018-07-09,19.575976826651747,19.980563697701857,19.56398995669608,19.929616928100586,13605600.0,0.02281442819901932,0.020902245261845045,0.018065004090491932,0.004922734442233678,19.281681060791016,19.490866470336915,19.384335147162744,0.022510567112621907,0.38897235870361513,0.010261105246829503,0.3452894627979694,0.010166915518177128,0.07231839699340159,52.440423182984745,0.07250265627786945,-0.003579265079290503,0.5154781341552734,0.9846875356214276,1196505300.0,0.3577075153944315,-0.0048935371277302455,0.7886152989420152,0.008986971796440913,0.009297041747623297,1.410288344904308
CSX,2018-07-10,19.98655767166173,19.98655767166173,19.56399048428265,19.794754028320312,11245200.0,-0.006789958641051715,0.021347433101442465,-0.009596632221133699,0.0028570917226640956,19.34072036743164,19.472435092926027,19.42342265965394,0.01655257464493376,0.3347186470031751,0.010321532761746723,0.34528887686681414,0.010349136930367608,0.06652372654219638,58.51958187410002,0.09798901419661732,0.017525674271565886,0.59039306640625,0.8261901665649101,1185260100.0,0.49524605127473637,0.02110730729496417,0.7784824576015876,-0.052811134571213475,0.005159403911585799,1.2911758622737828
CSX,2018-07-11,19.686865577786023,19.686865577786023,19.28527626590038,19.423133850097656,12486000.0,-0.018952132385219946,0.020675824765714872,-0.01339632897102483,-0.005450355704341367,19.359600448608397,19.443364906311036,19.423395153981915,-0.0010405120878440597,0.27194232940673757,0.010977504778273159,0.36862209863053075,0.010516999266547441,0.06144694802383663,49.64109232175851,0.08719536001039074,0.005385616068271454,0.18880081176757812,0.9178449388967116,1172774100.0,0.3388071321149345,-0.19486687185023413,0.39869094376881986,-0.026213951483095976,-0.010151815410544109,1.3564981553932527
CSX,2018-07-12,19.593961945414335,19.656897309784885,19.31824502936907,19.38417625427246,19044000.0,-0.002007745901845117,0.01747055309307624,-0.010706649922374255,0.008795084080410654,19.386573028564452,19.42163724899292,19.41966002067625,-0.0019288278449542538,0.22003538131713896,0.010822334869407563,0.36947830661699144,0.010487043300776726,0.05879085056221179,54.10695764012779,0.07463738558201527,-0.005737886688083227,0.2697257995605469,1.3777267508610793,1153730100.0,0.2638878786060719,-0.07231462544140213,0.3562101931598871,-0.026489001793321316,0.00672602397345774,1.255046819462941
CSX,2018-07-13,19.363196696481936,19.587966815429045,19.32423679404389,19.393165588378906,14811000.0,0.00046363849817002915,0.01359912182378263,0.0015477243952397442,-0.0010823032929192082,19.42013874053955,19.403955364227294,19.417136741409838,-0.0005560606405165745,0.16918691635131822,0.010809732659978867,0.3630565658866424,0.010452356604970198,0.05669226546780848,49.49797473255148,0.06466504610865442,-0.012568180929155265,0.33565711975097656,1.0613346977120144,1168541100.0,0.20265164452747114,-0.07823342919542138,0.36601248337383574,-0.01243329428471003,0.0021966582005764046,1.2509957352663035
CSX,2018-07-16,19.444109636224237,19.546004874321035,18.967596475523603,19.180377960205078,24952800.0,-0.011032939526508405,0.03015625656582461,-0.013563576885404337,0.002626907278915734,19.426731491088866,19.36424560546875,19.394588286057004,-0.009495213446980047,0.09883403778076172,0.010622762506456437,0.3731177597104957,0.010774415608055716,0.05037269783709708,49.42675670303499,0.03914052437510307,-0.030474162130165294,0.06592750549316406,1.7826318981720608,1143588300.0,0.4248068229964589,0.22796152790915442,0.14088785498373244,0.01964402428741657,-0.002510757860032276,1.2900714929703319
CSX,2018-07-17,19.105465792660542,19.357209018101823,18.949626136560095,19.312253952026367,26122800.0,0.006852039013139949,0.021104884109032853,0.010823507869944926,-0.0039056669112549087,19.432126617431642,19.33922119140625,19.386746920911232,-0.001394432542705779,0.04578552246093537,0.010695637702438312,0.3900289789831949,0.011058727378664342,0.045485838142882484,51.77595640292861,0.0292166559898277,-0.03231842441235253,0.053951263427734375,1.767168686313149,1169711100.0,0.22650939752755445,0.03361606116857602,0.2921029806676183,-0.07794863624676061,0.004213336248908347,1.2969364978081304
CSX,2018-07-18,19.97457647857347,20.711822370922636,19.86968361695092,20.678855895996094,49734000.0,0.06837190970299499,0.04072462994119394,0.035258791002557466,0.03429545449186727,19.58646926879883,19.401707649230957,19.50980491853836,0.06582658958969316,0.056081733703614134,0.0186669335584719,0.4548911733091983,0.012268163897555466,0.0766657174883055,72.73519535604933,0.13012527137798102,0.05487215278064063,1.543426513671875,3.037404153574144,1219445100.0,2.6290794913057263,9.138265942079396,0.9999999938322905,0.10690178860179467,0.0015317015280577606,1.282000509477751
CSX,2018-07-19,20.534998395336732,20.84368175744057,19.992553901568858,20.723804473876953,32689800.0,0.002171290208816713,0.041070058200201036,0.009194355651038023,-0.00695674370878593,19.730022048950197,19.46584196090698,19.6254239238087,0.0646240997690376,0.06754491806030316,0.01865848106273187,0.4859307519478361,0.013426073876683105,0.09765906483825872,74.30066185596719,0.21128746034349533,0.10882747339692395,1.4355278015136719,1.8671574196400573,1252134900.0,2.6189091231778545,9.107107640167223,0.9999999939986653,0.03742890829329971,-0.0017120330736544165,1.2736209865698402
CSX,2018-07-20,20.600928529997496,20.94857174765143,20.55297762308939,20.816707611083984,25993200.0,0.00447290066663064,0.019003683577291784,0.010474240555336481,-0.005929217486796216,19.86368465423584,19.546908950805665,19.738879513073012,0.06496160919734481,0.10411796569824361,0.018274537887726216,0.49320897744565884,0.013477701259017746,0.1141462069176837,74.5674213749914,0.27987931209830563,0.1419354601213874,1.3366260528564453,1.435859532886609,1278128100.0,2.670445891819128,9.525108275075445,0.9999999943155953,0.05746609877795085,-0.0016511863483930553,1.1884614979069537
CSX,2018-07-23,20.597937089654323,21.10741691342938,20.597937089654323,21.062461853027344,18604200.0,0.011736482171609153,0.024188996867041332,0.02255200418134768,-0.01050937187171595,19.976969146728514,19.629325103759765,19.864934974021043,0.07300998591098165,0.14047019958496065,0.01828321362135412,0.5030562008899808,0.013803965116281224,0.13268263388291407,75.29410883832023,0.3500341860544154,0.16967226726199774,1.1328449249267578,1.0489370915143232,1296732300.0,2.663561667290591,9.486039629954114,0.9999999950123529,0.07722417168802917,-0.001185268180689731,1.1445255473633458
CSX,2018-07-24,20.96655661616575,21.24527108609367,20.615915776099666,20.723804473876953,27708600.0,-0.01620938283823975,0.03036871491367946,-0.011578064378088148,-0.004553372608141197,20.06987419128418,19.70529727935791,19.946732069245414,0.051686974323699716,0.1788240432739272,0.018547664769522146,0.5276738724328551,0.014054409283262338,0.1393737907873504,70.99832873913101,0.37399443385356435,0.15490601204891735,0.9290504455566406,1.504347953554507,1269023700.0,2.55298567790221,9.009306839434865,0.8310896452274713,0.044465517991610394,0.003644723200191755,1.028072015645256
CSX,2018-07-25,20.69084089235773,21.29922012051312,20.612921075888636,21.263256072998047,19964400.0,0.02569750193804484,0.03227629118834752,0.02766514824691059,-0.0015906143855378642,20.253886413574218,19.80674343109131,20.07211530769805,0.07353619977832403,0.23072792053222813,0.01917657838662812,0.5599977551563275,0.014678323361710507,0.15335846361166247,73.68790451797334,0.43153783893830067,0.16995953370692296,1.8401222229003906,1.0580371906082267,1288988100.0,2.186087253129507,6.846084531947414,0.9999999954663897,-0.02808399277387289,0.009620077522468488,1.216759899571443
CSX,2018-07-26,21.479028964297893,21.643861276017933,21.191323527324375,21.245267868041992,13580700.0,-0.0008463340695961395,0.021300637464509647,-0.010883224592901966,0.010147688132009716,20.439995574951173,19.913284301757812,20.1838441229689,0.06688919547874887,0.28635406494140625,0.019044982875340045,0.567490214130756,0.014556127950867602,0.1617482110629857,72.09280896215606,0.47026893666987135,0.1669525051507949,1.8610916137695312,0.7231071131063863,1275407400.0,2.1953439755837727,6.972418093316895,0.9918448444242378,-0.06261404589130702,0.005026314311372731,1.181479555470826
CSX,2018-07-27,21.233288793114117,21.350170241576016,20.957570124042242,21.059465408325195,17736300.0,-0.00878405984534794,0.018642454113700933,-0.008186361824706664,-0.0005638467352955838,20.6066255569458,20.013382148742675,20.267236626336167,0.05226918927584859,0.34325527191161953,0.019222385328596783,0.5597843554207171,0.014471625014473771,0.16340880857727721,65.14054627690899,0.4804327750101294,0.14169307479284232,1.666299819946289,0.9397315166345719,1257671100.0,2.1664510214061745,6.7673182616714085,0.905160954536687,-0.051307156308400007,-0.003891082432826802,1.325258543765869
CSX,2018-07-30,21.07145364173256,21.359159179468623,21.0265002945339,21.065460205078125,20031600.0,0.00028461993492483157,0.015791674223881,-0.00028443394349240606,0.0005692563023288298,20.795133781433105,20.110932636260987,20.343257919549686,0.047463118000608207,0.3989228630065931,0.01924807797329402,0.553362333817549,0.01450235879004705,0.16330909909683652,67.63726663348618,0.48339909624264266,0.11572751682028448,1.8850822448730469,1.0474014570946109,1277702700.0,2.180320156610092,6.787934087850801,0.9070432390676906,-0.03977021036371325,-0.0033472142701052453,1.3041219638847679
CSX,2018-07-31,21.119401444526762,21.35615844857119,21.10141942235984,21.182336807250977,24276300.0,0.005532922831589641,0.01202601150804806,0.002979978523043074,0.0025606485176921812,20.982142066955568,20.207134342193605,20.423170194568854,0.04826030492711158,0.4523378181457538,0.01923972582960271,0.5377352253227726,0.014356942631187313,0.16402101454799106,76.27566732626784,0.48953780511674694,0.09749298055551098,1.8700828552246094,1.222314362922582,1301979000.0,2.200167355261175,6.861512268786837,0.9619709275565321,-0.03629150661715285,0.007422796832758737,1.253192707214895
CSX,2018-08-01,21.20032047129705,21.329188782040305,21.017507804735274,21.164358139038086,12787500.0,-0.0008491179449028717,0.014726691698253244,-0.001696310784907896,0.0008489933952857448,21.030692291259765,20.308580780029295,20.49375952261354,0.04213870817848238,0.5128503417968737,0.019107683344623858,0.5358087036720024,0.01435557884165596,0.1604377990249427,76.75669198246433,0.48733436070065395,0.0762316289115344,0.4855022430419922,0.6318095544427144,1289191500.0,2.208385934393074,6.984027597342193,0.9525186121656763,-0.032349658687275684,-0.004954139349045328,1.1755508569756863
CSX,2018-08-02,21.0055179343413,21.389126982452805,21.0055179343413,21.305212020874023,14705700.0,0.006633191612743069,0.018005408617180644,0.014267398093658224,-0.007505080175514664,21.088833045959472,20.409427547454833,20.571040712924063,0.043890720175093795,0.5667206764221184,0.019099846774668867,0.5443714912953131,0.01447060758615135,0.15804685612004798,77.64291154438168,0.49129055453021664,0.06415025819287767,0.5814075469970703,0.7200919597639308,1303897200.0,2.2225790333090876,7.039485180182617,0.9999999952937502,-0.03573316598333059,0.002865692859300854,1.255442679983191
CSX,2018-08-03,21.31420153986449,21.40710579130944,21.113406876066122,21.356157302856445,12798000.0,0.002388357758181336,0.013752423297801587,0.0019684416943080356,0.00042193989816484754,21.14277801513672,20.50323133468628,20.645813721489052,0.04159958760877025,0.613006801605227,0.019074789404837176,0.5240350996128765,0.014389238021035698,0.1564083604340162,83.00002603586586,0.49285539493055097,0.052572078874569605,0.5394496917724609,0.6199414499741691,1316695200.0,2.296248338191627,7.316330250824643,0.9999999954039458,-0.05099265055571535,0.0058771518608591936,1.2152597651621126
CSX,2018-08-06,21.38912533580715,21.703802130352006,21.36814573959755,21.62288475036621,15274800.0,0.012412136665671378,0.015523201211566832,0.010928890774590375,0.0015437249540344994,21.198820304870605,20.58789472579956,20.73886810519164,0.05027177564054958,0.6500745964050303,0.018683058348691547,0.5197538100381502,0.014262734377841011,0.16067015083782782,83.66809591092365,0.5097422270121541,0.05556712876493819,0.5604228973388672,0.7369395356713558,1331970000.0,2.487358917882311,8.533019613085086,0.9999999959058457,-0.023236495042565593,0.0028611273280398784,1.0802281786689212
CSX,2018-08-07,21.6798310604019,21.850656865475496,21.637875289213515,21.7547550201416,9259800.0,0.00608012223440036,0.009780922656448135,0.0034559291320563437,0.0026336129842584152,21.30191535949707,20.685894775390626,20.835619239948777,0.05167096982541776,0.699335021972658,0.01850453571201612,0.4360540740533657,0.01403272936154783,0.1632004568889325,74.4884005032425,0.5276831884597435,0.05880647217002205,1.0309505462646484,0.44889307412349433,1341229800.0,2.4565065140301745,8.564702333992544,0.9999999961155652,-0.06699874895866358,0.003205233318074568,1.2089916968456877
CSX,2018-08-08,21.75475724714068,21.83267707573593,21.634879928201666,21.73977279663086,9410400.0,-0.000688924554666936,0.009098399941186011,-0.0006887895985045305,1.023683823286904e-07,21.349567031860353,20.801726722717284,20.921729102489927,0.045094625384591185,0.7639791870117172,0.017712249930373253,0.38938759488640506,0.01381126866924404,0.15771695470864333,73.44412950476223,0.5345308505279682,0.05252330739059741,0.4765167236328125,0.4596202213556071,1331819400.0,2.7684074895160475,9.930823606082477,0.9941802490063697,-0.10465474868536807,-0.0019296948691591845,0.8723143928307369
CSX,2018-08-09,21.790712382825554,21.841659150737883,21.598907036155314,21.628877639770508,10171500.0,-0.005114081136430829,0.011223518789352415,-0.007426776151779072,0.002343151727997295,21.387928009033203,20.913961791992186,20.989076582230936,0.03418366423773702,0.837074317932128,0.017797306187999344,0.37847030845929985,0.013695163317429043,0.14687346219629094,68.58701317295427,0.5249579709683125,0.034360342264753374,0.3836097717285156,0.5077962943825644,1321647900.0,2.749398767823143,9.800156000832134,0.9511037478382305,-0.09882928146675496,-0.004073638712458838,1.1705653149724273
CSX,2018-08-10,21.431084617396447,21.81469198410247,21.431084617396447,21.694814682006836,10072800.0,0.0030439276808726136,0.01768198402838528,0.012305959745794147,-0.009144858354109187,21.451462936401366,21.029044246673585,21.056289734590546,0.031659567002840054,0.9057641792297382,0.017767105287935077,0.36947941866865464,0.013781146810839676,0.13262284860861442,65.76970386528625,0.516735359628818,0.02091018474020706,0.6353492736816406,0.5088876494410359,1331720700.0,2.74045946876641,9.791662281165321,0.9767165622958864,-0.11083913511109762,-0.006442829593663786,1.076949650782603
CSX,2018-08-13,21.709801127281082,21.89560966179781,21.66484606662363,21.7607479095459,11654100.0,0.0030345149942290132,0.010604580142806018,0.002346718054491765,0.0006907846641656593,21.520991706848143,21.158062744140626,21.1233809893482,0.02848489356957675,0.9918066787719724,0.017343456569424227,0.3410085818958099,0.013254133970534437,0.10642846785344298,79.93076346275177,0.509664051407217,0.01107110121488486,0.6952877044677734,0.6092428573108908,1343374800.0,2.8638682143714913,10.4949888385881,0.9999999959158569,-0.11049934855767747,-0.0035097249011240175,0.9490593106793744
CSX,2018-08-14,21.82668148048922,22.171328952720977,21.82668148048922,22.08741569519043,15935700.0,0.014900228542229658,0.015603793444554204,0.011945664526890094,0.003029931288087703,21.61149959564209,21.296820831298827,21.21519381847603,0.03712267056920093,1.0765598678588866,0.017448600865414103,0.3213144389351381,0.013112266596852438,0.07578139401406832,77.12027274861259,0.5243746839755303,0.020625387026558473,0.9050788879394531,0.8558621700832516,1359310500.0,2.741538714852462,9.843598265634956,0.99999999290055,-0.23576035513816443,0.0048106518564738805,1.0231849601869432
CSX,2018-08-15,21.85664855343835,22.04245879262197,21.76674015191594,21.925579071044922,14187000.0,-0.0073540714227717,0.012575204504867455,0.0031537551348752944,-0.010447901417562789,21.687621688842775,21.359156990051268,21.282849556815925,0.02651893430332871,1.0881278610229472,0.009176025699618217,0.31189570997663324,0.011988163252817478,0.07477121004207357,70.45062834771899,0.5170142843866685,0.01061198995015733,0.7612209320068359,0.8423523879416606,1345123500.0,0.40415947869623553,1.4035375948291797,0.8813176142663321,-0.46809807346827376,-0.006659746040078398,0.9527894117545289
CSX,2018-08-16,21.988507367580254,22.084409174405685,21.772728302223037,22.009485244750977,15801000.0,0.0038195585699864957,0.014161206803188695,0.0009540382537130173,0.0028700859544656754,21.75804901123047,21.423441028594972,21.352052955666885,0.02735527945178279,1.103801708221436,0.009175909377891695,0.30611576388012424,0.010770996786450042,0.0737625663005534,80.42195092752979,0.5120490588575706,0.004517411536847482,0.7042732238769531,0.9877057173290127,1360924500.0,0.3742316699209161,1.3864633376091393,0.9428499423810203,-0.45627176142460396,0.009057192630144966,0.8381830844588372
CSX,2018-08-17,22.03346504044932,22.207288385735108,21.943558364969675,22.084413528442383,10659900.0,0.0033985815678266593,0.011941907373984663,0.0023123230004690213,0.0010895209693313525,21.830874633789062,21.48682632446289,21.421801581645504,0.027811794769297165,1.1195957183837884,0.009170236205247519,0.30119227358231776,0.010584600225745713,0.07340104871990875,81.24974408230547,0.5083007930097843,0.0006153165512489123,0.7282562255859375,0.6998811307059969,1371584400.0,0.39431131074707304,1.4097943083636426,0.9977983631411168,-0.4768896985550344,0.0033878364769610817,0.8489871836349282
CSX,2018-08-20,22.147356445794316,22.402097257839067,22.081423489386015,22.108396530151367,18277200.0,0.0010853803608150876,0.014504614480553471,-0.001759122617559471,0.0028501059025574254,21.87942581176758,21.539123058319092,21.4871915767413,0.0264297423015281,1.1317334175109863,0.00893882348090668,0.30333338250803116,0.010247752623118613,0.07507792997746672,80.11683935766888,0.5014846897837764,-0.004960629339807232,0.48551177978515625,1.2012883622478707,1389861600.0,0.5693786880121117,2.013719282510237,0.9999999927776562,-0.43120112468210503,0.0035447048349783817,0.8843809914415195
CSX,2018-08-21,22.1293668646341,22.518969317791626,22.117379993848285,22.38410758972168,14810400.0,0.0123937545991297,0.0179408235210477,0.011511433049387936,0.0009485235373869806,21.942361068725585,21.622138214111327,21.572612149406098,0.0352402416479359,1.17033405303955,0.008058023893599137,0.31039708324626175,0.009723604319907583,0.07371533485750563,83.97294913885614,0.5124235573669154,0.004782590594665348,0.6293525695800781,1.0165167499384855,1404672000.0,1.0048222322343694,1.876329686267491,0.9999999924507916,-0.16601283870923417,0.002789179452208775,1.0060087689686241
CSX,2018-08-22,22.2852092068992,22.384108612269696,22.087412111018196,22.096403121948242,9284400.0,-0.012936383842641699,0.013427366418600166,-0.008472259928011178,-0.004418241041152417,21.978024101257326,21.66379556655884,21.622497003933923,0.01996914871451217,1.170154094696045,0.0070649037257873104,0.3041890441848327,0.00885518459921268,0.0743188174447417,70.37022850531633,0.4922035267636069,-0.012349952006914577,0.3566303253173828,0.6614820506627538,1395387600.0,-0.14553738397852928,0.10932027315530839,0.7828058930614845,-0.26757651141131783,-0.0006997361276437251,0.776850771590625
CSX,2018-08-23,22.147349995475576,22.339153656539203,22.09640321979305,22.162334442138672,13247400.0,0.0029793605778019663,0.01095328821879865,0.0006765796660167959,0.0023056636524126624,22.031369781494142,21.709648895263673,21.673910093286757,0.020851813359992217,1.1691353225708028,0.007037057765903033,0.30054987413823575,0.008515602133036582,0.07453823984453047,70.59712155190982,0.47601194397833524,-0.022833227833749026,0.5334568023681641,0.9449543443975322,1408635000.0,-0.23415644965385385,0.1910396513989306,0.8325788208895817,-0.30249021888061706,-0.0009973332200883607,0.8347190743610682
CSX,2018-08-24,22.183313996039143,22.480010520960946,22.17132712374944,22.372121810913086,12876000.0,0.009421420545145382,0.013797680873565213,0.008511253769732286,0.0009466310489648207,22.099100494384764,21.775281715393067,21.74040644734641,0.0274090642463702,1.182261772155762,0.006725912049254675,0.29840924923300094,0.008351711426418044,0.07347210527590621,69.71599681184036,0.4746367681487591,-0.019366722930660107,0.67730712890625,0.9346639010022811,1421511000.0,-0.39892163653043483,0.6524474192274313,0.9909105429872452,-0.3489974145702253,0.0069479460842331335,0.7795473184524568
CSX,2018-08-27,22.480011426697633,22.662825812792452,22.432062220746772,22.626863479614258,10893000.0,0.011322228196438366,0.010198655781592831,0.0065325613109885215,0.004822502608220139,22.1857120513916,21.853351879119874,21.824830926610012,0.0353955587578969,1.2072861289978043,0.006940438191784819,0.3029043840022924,0.008197353796083927,0.07439761048988652,71.55541266030929,0.4884716578863788,-0.004425466554432322,0.8661155700683594,0.8178452896188156,1432404000.0,-0.5251925507470202,0.4611549854194762,0.9999999931624182,-0.2641959166449587,0.007797370832667516,0.8277235719854549
CSX,2018-08-28,22.755726620623612,22.848632587363817,22.494994171409353,22.539947509765625,9406200.0,-0.0038486700845103456,0.015689407253554916,-0.009482409173540767,0.005695139369424932,22.230965232849123,21.921232414245605,21.892937267862926,0.028224466755707844,1.2206225585937496,0.007117344757540052,0.3140359031751639,0.008305880105138387,0.0733236109481484,69.09835020758977,0.486810862702729,-0.0048690093904657505,0.4525318145751953,0.7479698846341021,1422997800.0,-0.33492891471899855,0.019106839249172225,0.9405704876126496,-0.30345729617668793,0.00048226725122770637,0.8817798331984258
CSX,2018-08-29,22.587897709855632,22.629855186578894,22.387103051458457,22.423067092895508,10176300.0,-0.005198969916456087,0.010826000480431607,-0.007297297830785051,0.002127343023724084,22.28071403503418,21.984167861938477,21.943425822627933,0.019964332228235186,1.2236791992187506,0.007308590402976031,0.3140359046421545,0.008196180782774806,0.06817801166349916,68.90149238554716,0.47063817381760487,-0.016833358620471917,0.49748802185058594,0.8176966319220126,1412821500.0,-0.2872074195323098,-0.2733603591890981,0.8458017098009935,-0.21235353557436595,0.0033362052198451344,0.8616783945245369
CSX,2018-08-30,22.341911736610566,22.45312502178875,22.221680925618312,22.305843353271484,12687600.0,-0.005241532012964815,0.010375940174281452,-0.0016143821425978573,-0.003619279911562812,22.31034984588623,22.03419942855835,21.97794177792732,0.012328286561710065,1.2164162635803208,0.007470022857589906,0.30316709960389837,0.007950284676924987,0.06261175471548533,64.19576601878677,0.44325268422172925,-0.03537507857307809,0.2963581085205078,1.0278208142706986,1400133900.0,-0.08642571596239286,-0.535147145365802,0.7473687153740461,-0.13826687291908157,-0.00526353676811684,0.8848333566135241
CSX,2018-08-31,22.206656536908,22.393013039654246,22.185615066011316,22.290817260742188,14774100.0,-0.0006738662891356158,0.009304188860234937,0.003789887221172209,-0.004446674119987379,22.33099021911621,22.080932426452637,22.00773944295731,0.009505252325219342,1.201240272521975,0.0074999468944840315,0.3014981266373807,0.00783114000054637,0.056106216501165804,62.61322716598723,0.415546841012123,-0.05046473742614749,0.2064037322998047,1.1873441892536998,1385359800.0,-0.02101082951158718,-0.5865209291944509,0.6652855127950619,-0.11965316599445788,0.000641455760241418,0.9358434994475431
CSX,2018-09-04,22.290809808776853,22.507225237609603,22.251735015782778,22.495203018188477,17745900.0,0.009127275657499724,0.011357542388937275,0.00916939362746459,-3.3430651049774846e-07,22.369670867919922,22.12454833984375,22.054164545360276,0.016753095821496245,1.1832349014282215,0.007293411578441383,0.2904202108267912,0.007700406611087067,0.05481202471296388,60.303061261862126,0.40540868420814746,-0.04848231538409847,0.3868064880371094,1.4121553793468127,1403105700.0,-0.060904565598245385,-0.4769088141329078,0.8680738094168422,-0.19126543522582537,-0.0005974827629152747,0.8629593036240508
CSX,2018-09-05,22.218673675452187,22.447113067711875,22.065379182207842,22.33289337158203,14277900.0,-0.007241456539668717,0.017092898763837683,0.005140707217642652,-0.012292813828472745,22.364549446105958,22.15345525741577,22.080710147857587,0.00809978001540837,1.1495711708068832,0.007504621283286761,0.2982165174486587,0.007929364133944915,0.052987628699827066,60.28865073415341,0.3798978638010091,-0.05919450863298953,-0.05121421813964844,1.1139431899037562,1388827800.0,0.12265561037650707,-0.6603142711562184,0.7054365870235012,-0.23542754858274942,0.0005309616903590271,0.8529426335132856
CSX,2018-09-06,22.290805171763036,22.516238078224738,22.245719278437328,22.2607479095459,13761300.0,-0.003235686654347,0.012152278121410563,-0.0013484152764124087,-0.0018845833864299393,22.380983924865724,22.179504013061525,22.09785660135171,0.0036630168301567518,1.1150916290283206,0.007562068596542053,0.2952763694204274,0.008000989382402549,0.05004618484108062,56.384762724548004,0.3498262398574816,-0.07141290606121364,0.16434478759765625,1.0557204323595308,1375066500.0,0.16413216866444477,-0.7262428299695581,0.6331455199232731,-0.20440635318642789,-0.004021125159466709,0.8604351089803325
CSX,2018-09-07,22.16757816812361,22.353938095212627,22.11948755844297,22.13150978088379,15774600.0,-0.005822569092374274,0.01059351752731144,-0.0016270783829551586,-0.004185382351072468,22.377901458740233,22.204635620117188,22.10106166606905,-0.0032932690490605093,1.0798820495605455,0.007594599480782826,0.2931849777064434,0.007985482328625424,0.04431113312561053,51.16460491537607,0.3119696326026684,-0.08741561065282155,-0.030824661254882812,1.184711538894822,1359291900.0,0.1649466380049755,-0.7523538777803834,0.46853243661987354,-0.15970162938057764,-0.0016478267411135295,0.862522465521531
CSX,2018-09-10,22.266766847834983,22.47717119717416,22.137518510952834,22.338905334472656,15406500.0,0.009327417190901284,0.015204535814796041,0.0032397378178272507,0.00611151558525949,22.37457981109619,22.236840152740477,22.12371344401225,0.004589913901036006,1.0464586448669415,0.007805282565125519,0.2949698096948235,0.007891307598216088,0.03886548512683875,55.22601691829627,0.29529906273088713,-0.0832689444196823,-0.03321647644042969,1.134346820107018,1374698400.0,0.08372706175441298,-0.9840341508327693,0.6675291822843389,-0.20614116609497285,0.005856454654354564,1.0791388677263232
CSX,2018-09-11,22.326884188297875,22.453126116012683,22.140525992198665,22.275785446166992,15547800.0,-0.0028295581260257777,0.014033180763455758,-0.0022886642712853255,-0.0005381260180296667,22.339472007751464,22.262592029571532,22.13819649183651,0.0005926271558107341,1.0089838218688953,0.007854142187959037,0.28797176227866345,0.00798705834306768,0.03319569635198357,47.2821696701008,0.2738376386903667,-0.08378429476816224,-0.3510780334472656,1.1285732017760666,1359150600.0,0.19651883227516342,-1.0157605831006518,0.4993785201110174,-0.27134272637417267,-0.00028221290097527334,1.189520271774036
CSX,2018-09-12,22.290816409342085,22.468158817610817,22.21867791170347,22.284805297851562,10587000.0,0.0004048353783986797,0.011195112659629093,-0.0002696676236588321,0.0006747669217508683,22.31395778656006,22.27246150970459,22.152159235266517,0.0005542175094384058,0.9583232498168961,0.007149710238718405,0.28459921975408115,0.007849529935896202,0.032348341823492756,55.49559193183879,0.25462200815265135,-0.0823999402447021,-0.2551422119140625,0.783695404755692,1369737600.0,0.180553434074309,-0.8655188102746865,0.5122404224230228,-0.1851133786380755,0.003059668619363859,1.074630953884093
CSX,2018-09-13,22.242718843689286,22.2787872212737,21.909077321469674,21.996244430541992,15527400.0,-0.013033338361996168,0.016807864677602858,-0.011081127935815418,-0.0018885717689592937,22.271275520324707,22.275994777679443,22.137310206245132,-0.012558377299395004,0.9046402168273922,0.007570470295777822,0.29409760845343313,0.007987971395567835,0.031159850108805853,45.712147250139104,0.21364625112943259,-0.09870055781433673,-0.4268226623535156,1.1437309476694144,1354210200.0,0.014175414477530662,-0.7892852832592938,0.0,-0.14481653063533373,0.004277037664518646,0.9569059255036669
CSX,2018-09-14,22.026305699768898,22.281795963786447,21.93012104884854,22.086421966552734,12329700.0,0.0040912979712446375,0.015922674821230703,0.002729294126906964,0.0013666546269673744,22.249333381652832,22.27984161376953,22.13246370722681,-0.00868137442670408,0.8525241470336908,0.007577614240863278,0.2965260967474069,0.008045407245143285,0.03017567255277405,42.13875228953348,0.1863016722758637,-0.10083610933432452,-0.21942138671875,0.9199531730203178,1366539900.0,0.009703259299635152,-0.7984657428201142,0.14299843100747184,-0.19412418509022777,0.0023560540659792466,1.0783781050689358
CSX,2018-09-17,22.131499596567252,22.200633363499268,21.999246610990646,22.04433250427246,13281300.0,-0.001907489484233962,0.009135534154621861,-0.003938598553362899,0.0020409657156230487,22.22468490600586,22.277837562561036,22.124070259326395,-0.01048149568524511,0.7992350769042993,0.00755248057495937,0.29014629322092517,0.007978230628554845,0.030657884345036825,31.846830889642817,0.15939719701181332,-0.10219246767869994,-0.24648475646972656,0.9813575101968434,1353258600.0,0.12130244452109305,-0.7528065149319243,0.07625534471034455,-0.20403553768096575,-0.0028072205773912316,1.0213863385712487
CSX,2018-09-18,22.23069953481664,22.438097478895898,22.110468717965094,22.275785446166992,15438000.0,0.010444694496586755,0.01470784326427326,0.00202809233599422,0.008454192500864299,22.202743148803712,22.286207008361817,22.138519324739782,-0.00046762386219040074,0.76068115234375,0.00791263945700273,0.2930124759829947,0.00798781106540776,0.029801913792959902,42.448306584674036,0.15496518244595947,-0.08529958579564306,-0.21941757202148438,1.1528087672607688,1368696600.0,0.045907107987484194,-1.0397672843200252,0.443280315752344,-0.24056294353400834,0.003461754800626723,1.1114517226146263
CSX,2018-09-19,22.323878196956613,22.45012184698673,22.209658488798688,22.239717483520508,16577700.0,-0.0016204678444753575,0.010812338707369954,-0.003769986231495344,0.002158969923006531,22.193425559997557,22.27898750305176,22.14815724462366,-0.0017626483037378716,0.7045623779296903,0.007392126830632846,0.29284899191639496,0.007749658700126948,0.02956969804281932,44.50460998097469,0.1468496049830108,-0.07473213060687339,-0.09317588806152344,1.2297992471071042,1352118900.0,0.11959992662236871,-0.7885128051000866,0.38608578265411236,-0.11504599998820025,-0.00010338899101867659,1.039479936799407
CSX,2018-09-20,22.317866753174915,22.402027465356014,21.918099500500812,21.95717430114746,15951000.0,-0.012785832671702514,0.02203962851585652,-0.016161600748698,0.0035139506476336837,22.163068199157713,22.27202606201172,22.129968392864022,-0.014136646571246822,0.646920127868654,0.007378903241919711,0.3108835539653066,0.00808994226361077,0.03150378219874539,40.49187609682315,0.11627868951666542,-0.08424243685857502,-0.3035736083984375,1.154753721675468,1336167900.0,0.12699736846005127,-0.7975496554328358,0.0,-0.0517033923971363,0.007156203172406475,0.5475199159167621
CSX,2018-09-21,21.86700108424222,22.28179698027991,21.84896603139259,22.239717483520508,54875100.0,0.012785832671702555,0.0194620704695573,0.017044696611227397,-0.004106776931698807,22.173888969421387,22.275895214080812,22.14042068721226,-0.0016240752711673674,0.5936784553527836,0.00792081565234027,0.326985909339906,0.008380560369516605,0.031192747564335464,48.783946330414736,0.11354106158257338,-0.06958405183413366,0.10820770263671875,3.452410611825814,1391043000.0,0.15836589030903386,-1.0071882587615089,0.4219019617442358,-0.2319276710863254,0.0011004000848258099,0.5680620778302607
CSX,2018-09-24,22.11648246436705,22.22469107238689,21.960181523875605,22.032320022583008,14310300.0,-0.009369298988516631,0.012005524077362887,-0.0038054171552659726,-0.005541213338019018,22.143230438232422,22.258905124664306,22.130125385818996,-0.010179525938597365,0.5239052772521973,0.007878759811832642,0.32870346204119727,0.008328948132774947,0.032400016693170317,39.00024838324264,0.09355775436189973,-0.07165388724384586,-0.30658531188964844,0.8962739647266281,1376732700.0,0.36193207145735357,-0.8401747170617436,0.11220984708979304,-0.45074944344593976,-0.004219335431322438,0.5526696991533545
CSX,2018-09-25,22.10445956314934,22.146540786024794,21.939142807455315,22.038333892822266,11865000.0,0.0002729194936898279,0.009410783028249983,-0.002991508122519956,0.0032742598370208106,22.119485282897948,22.229478645324708,22.121383338866927,-0.008598706049394621,0.4373196792602556,0.007353191103703294,0.31281590079754323,0.008311369407205199,0.029583919091416624,42.43852760015277,0.0773148707823168,-0.07031741665874303,-0.23745155334472656,0.7408663171825725,1388597700.0,0.43577041497135444,-0.3996637389719077,0.13926444984422123,-0.45036627443707294,-0.0010398902961647823,0.24900763102764625
CSX,2018-09-26,22.086421727525266,22.39000431371751,22.077404201609422,22.212663650512695,12198000.0,0.007879174222224545,0.01407305837005615,0.005715816013333641,0.0021820086280960917,22.112271118164063,22.21311445236206,22.13007670188081,-2.0294400874371186e-05,0.36294729232788114,0.007603940696132797,0.3186124451623886,0.008261718617010303,0.026520438935513715,48.827184386525786,0.07761453103250915,-0.05601420512684055,-0.07214164733886719,0.7550778801736345,1400795700.0,0.24178015795990285,-0.7813043571249153,0.47486191075770867,-0.43716383079689375,-0.004168134538290254,0.04648142009431409
CSX,2018-09-27,22.311854463841797,22.510234871999717,22.023298797543205,22.305843353271484,8327400.0,0.004186116970228099,0.021829978214434814,-0.0002694133103124348,0.004465507374070039,22.143231010437013,22.20725326538086,22.146816382965635,0.0044395444457922895,0.32454635620117145,0.007602239788406372,0.3366471264257354,0.008647726230193435,0.025336632617003276,54.328276786957346,0.08439795018327345,-0.039384628780861006,0.3095989227294922,0.5184476826931338,1409123100.0,0.06364608299013307,-0.8258779776429744,0.6480491367841837,-0.4111064430392416,0.002076309459323319,0.14554504675907015
CSX,2018-09-28,22.242726452981966,22.365961981797884,22.170586233299964,22.257753372192383,9373200.0,-0.0021582638422432956,0.008777873724758389,0.0006755880059120315,-0.0028296128189325516,22.160364151000977,22.204848766326904,22.15738181051104,0.0023825699702898686,0.29146287918090863,0.0075267045998474655,0.32591243586913166,0.008615992536094859,0.025092649429971556,47.81212686547976,0.08491455700809425,-0.03109441756483218,0.17133140563964844,0.5896407124605101,1399749900.0,0.013650938491367724,-0.7337985861470775,0.5586673274826973,-0.4232886468347934,0.00021066257478578564,0.022852924999650137
CSX,2018-10-01,22.35694283861977,22.65150964797484,22.34792531181121,22.552318572998047,12462900.0,0.013147465786877264,0.013461335923443072,0.008738928921926757,0.004456400642452457,22.211162757873534,22.217923831939697,22.194994835509803,0.015050674562923668,0.2698257255554175,0.0080904363568205,0.33170930386687736,0.008715342384603348,0.02857314654798549,56.62821243122995,0.10784969738232064,-0.006527421752484636,0.5079860687255859,0.7897458319867688,1412212800.0,-0.015539263592549948,-0.9620267456133136,0.9999999831973517,-0.4255697838145073,0.004609860083282852,0.26412879707201925
CSX,2018-10-02,22.567344297273245,22.57035071246039,22.27879035632524,22.34191131591797,14474100.0,-0.009373534112750511,0.013049928988278722,-0.009989344709138606,0.0006662607317541178,22.217775344848633,22.210259246826173,22.208986881262962,0.005927534101638599,0.23657215118408104,0.008118340247001253,0.334714978883149,0.008755308324091576,0.026645400522728086,51.24826352118713,0.10780514357930215,-0.005257580444402513,0.06612586975097656,0.9267985331660831,1397738700.0,0.19022558990505478,-0.9237766513731278,0.6464600711178436,-0.45130852358018686,0.0004492154127216363,0.3448975244164275
CSX,2018-10-03,22.435085053700384,22.74167398452354,22.371964106751523,22.5402889251709,12137100.0,0.008839981107947382,0.01640218006962455,0.004689256636143786,0.0041703566210126025,22.24783248901367,22.220629024505616,22.240539456873243,0.01438572689876382,0.21061223983764776,0.008195200692727007,0.3364317426134121,0.008728957446483696,0.029423813022952255,62.38020666953708,0.12236668257911631,0.007443166844329302,0.3005714416503906,0.7825202269206145,1409875800.0,-0.02606528013021527,-1.0095984796913964,0.9797869891486775,-0.5206413467121295,0.0006983266619167184,0.32756459723787346
CSX,2018-10-04,22.552319476481703,22.65752166690632,22.17058551924081,22.444110870361328,13570200.0,-0.004276069117121895,0.021695497339060815,-0.004798114279696069,0.0005337354525819643,22.296526145935058,22.229797172546387,22.259927210538777,0.009640830105261433,0.19616329193115334,0.008223223219013889,0.34609325923681233,0.009059348985735814,0.030733517543185585,58.11735475660748,0.12470848018585201,0.007827971560851993,0.4869365692138672,0.8754563902374826,1396305600.0,-0.010708326222429263,-1.0394867759675384,0.8181823871343439,-0.5645895332383153,-0.006444866955478573,0.35677302740705624
CSX,2018-10-05,22.73867812392,22.73867812392,22.239719743818082,22.408042907714844,13015200.0,-0.001608304947830492,0.022266932554387962,-0.014540652469034408,0.013124478633175162,22.31335868835449,22.24362382888794,22.274033467412686,0.007391739767392161,0.1867344474792496,0.00810810988061707,0.3673483754934764,0.00943105461949932,0.03121698887243678,58.27662627509498,0.12224482624569788,0.004291454096558289,0.16832542419433594,0.8471923474613423,1383290400.0,-0.07168182808639566,-0.9160051519399864,0.7575786583472135,-0.5296325481238708,-0.004234667358038332,0.31441535390198333
CSX,2018-10-08,22.38098544748217,22.546302159593214,22.056361413621154,22.471158981323242,11721600.0,0.002812711125100835,0.021803091971325156,0.004029024282807679,-0.0012074887728529358,22.357242584228516,22.25023651123047,22.292807325880357,0.009928994237039511,0.16511325836181712,0.007866006805863475,0.3742180734469494,0.009667903500498062,0.032327301229465484,54.814818993039495,0.1239564100705195,0.0048024303371039245,0.4388389587402344,0.7722502223539875,1395012000.0,-0.01796312280749655,-0.7044545370680688,0.863630376448479,-0.5275016875975446,0.0016768515819025338,0.1550183128785529
CSX,2018-10-09,22.573354735700097,22.645493218789465,22.405031608491566,22.42607307434082,17420400.0,-0.002008405421596875,0.010722412680132905,-0.006524580111539562,0.004547863083599457,22.39601650238037,22.25775089263916,22.305499301924208,0.007562407473853401,0.1454153823852522,0.007850858843315989,0.37421794859765356,0.009590553648834904,0.033073791381379024,54.57225647764413,0.12028818931847951,0.0009073676680511483,0.3877391815185547,1.1406660367610806,1377591600.0,-0.033210477650948686,-0.6831919963698138,0.7878741130391619,-0.5322631339117779,-0.0021212592430817044,0.16757158592861388
CSX,2018-10-10,22.40804270587888,22.426077760399025,20.90215005179585,20.908161163330078,32506200.0,-0.07008468946401764,0.07288674009629914,-0.06693496447841471,-0.0008039913364310479,22.265566253662108,22.188918685913087,22.172419479200958,-0.05772059200866395,0.0820666885375978,0.01712210506967473,0.44850364457965164,0.013380516524720274,0.06366029398237917,33.976037987731715,-0.005043568437603341,-0.09953951207042536,-1.3045024871826172,1.985949490746935,1345085400.0,-3.002600733828945,11.334159707871516,0.0,-0.18177384034983707,-0.030991839973501398,1.789728732487081
CSX,2018-10-11,20.872088608662633,21.211739561446468,20.619603055522735,20.670700073242188,34414200.0,-0.011422326865470993,0.028646175689532746,-0.009648700673724732,-0.001725285853005155,22.10205192565918,22.122641468048094,22.029398583395363,-0.06563146615665029,0.025662631988524254,0.017077266559910317,0.4598826129393953,0.01372749650663785,0.08847591118175338,25.698125314254625,-0.12212325399781321,-0.1732953581045082,-1.6351432800292969,1.987831864157718,1310671200.0,-3.03717721200492,11.556606499025508,0.0,0.03380529714354424,-0.02266555284938086,1.4949329486006255
CSX,2018-10-12,21.226772368146477,21.446192539989237,20.97128037037989,21.100528717041016,23340000.0,0.02058085567864889,0.022507121787228135,-0.00594737857060674,0.02690147372531975,21.98632946014404,22.07334680557251,21.940934786599712,-0.04407207013509621,-0.019538364410401243,0.017831802959513067,0.4953080777324058,0.013889674119617758,0.09788948280080874,36.49817728557886,-0.17817230951547458,-0.18347553089773563,-1.1572246551513672,1.3066154545065218,1334011200.0,-2.6892693721293566,9.988851356671416,0.22843559497860091,-0.0033088503773638723,0.011251122495207624,1.5190685914841735
CSX,2018-10-15,21.061451318162636,21.404110403298183,21.022376521419204,21.298908233642578,16469100.0,0.009357716917463062,0.01792269714914371,0.011274480181485316,-0.0018519630196195311,21.860988426208497,22.036075592041016,21.879789400603798,-0.03345275139030143,-0.05566459655761591,0.018017398026051592,0.507760642254513,0.014045126130873817,0.102981766702052,39.851358921867885,-0.20422978690707438,-0.16762640663146836,-1.2534103393554688,0.9138161065145,1350480300.0,-2.696338557283836,9.862053578288869,0.33386584854647333,0.040244645358380515,-0.004940743056906719,1.4962336015705335
CSX,2018-10-16,21.386084036703846,21.77683388272595,21.26885787895475,21.701690673828125,27233400.0,0.018734353982595806,0.023407208747280153,0.014757570230371293,0.004092970499002827,21.796966361999512,22.00737085342407,21.862827617101352,-0.013889899962692992,-0.08594545364379869,0.0184076449099091,0.5189253267456524,0.014262197395980133,0.10343490052475572,43.40072275088742,-0.19018699149358653,-0.12286688897438439,-0.6402206420898438,1.4632090244494107,1377713700.0,-2.540650509212745,9.140944924532388,0.5479275396369846,0.07714143445332652,0.019835167692689823,1.3607947085381418
CSX,2018-10-17,21.942143527901653,21.957173884712017,20.995325644297093,21.253822326660156,32293500.0,-0.02085341535703587,0.045255306345927705,-0.031369824938307714,0.011079913435661946,21.668319702148438,21.958076095581056,21.80482711324981,-0.03207265362663658,-0.12522155761718778,0.018917927923334972,0.5528476243141104,0.015411156766362854,0.10751486894973823,37.55334647588306,-0.21274481775005327,-0.11633977218468089,-1.2864665985107422,1.6647940407966948,1345420200.0,-2.236887544649553,7.332332060475743,0.30990461158549565,0.012687505787758497,-0.0017608165123414806,1.363391132246823
CSX,2018-10-18,21.154630143319253,21.20572888199411,20.577522261464146,20.634632110595703,32648100.0,-0.02956591876310246,0.030444284984726407,-0.024580814185861225,-0.004667027973433279,21.487371826171874,21.891948986053468,21.693379970139894,-0.057432843291328396,-0.16924585342407283,0.01974182350839608,0.5871993612211168,0.015659225063705647,0.1206370186775959,33.082689727150736,-0.27738797729231024,-0.14478634538155027,-1.809478759765625,1.6136264225080623,1312772100.0,-1.9708070357885545,5.45686602609342,0.0,0.1116742842106568,-0.013690003973231352,1.5188248269763511
CSX,2018-10-19,20.66468878473546,20.823992653513148,20.39116179067287,20.421220779418945,29725200.0,-0.010396240161027295,0.02119515123584067,-0.011781837503227224,0.0014566130366978336,21.288689613342285,21.801024150848388,21.572221951975994,-0.06329075927268983,-0.236017551422119,0.019445420774588613,0.5899904031538181,0.015691651941125106,0.1341646391338283,27.40598169440223,-0.34189747654559,-0.16743667570786402,-1.9868221282958984,1.5665244024388605,1283046900.0,-1.8976352118020696,5.399308493736007,0.0,0.14432898608385372,-0.0030931213590035503,1.5008772752935085
CSX,2018-10-22,20.36711793376924,20.721799249777497,20.24688712494586,20.53243637084961,20345100.0,0.00543130321273563,0.023129847634929503,0.008116928355693704,-0.002649344338132397,21.09481735229492,21.72602996826172,21.47319475377348,-0.0549384125473343,-0.2877641677856424,0.019515763926304174,0.60308695806071,0.01591655826501434,0.14387356971746137,30.40368144389012,-0.37967094044419625,-0.1641681116851762,-1.9387226104736328,1.055408272918056,1303392000.0,-1.9954796820693925,5.636195428339815,0.05218699547429569,0.13824289212229882,-0.006120991359915246,1.478775715776115
CSX,2018-10-23,20.129663282567897,20.234865458158986,19.75995332032176,20.084575653076172,23575500.0,-0.02205375764541124,0.023645614726467368,-0.0022398600939723887,-0.019616429390402933,20.860667610168456,21.628342056274413,21.34094531561183,-0.0713770107381112,-0.3519286346435564,0.01992159659457609,0.6297098424837299,0.016183704684577725,0.15880254841371216,24.76846780145435,-0.44066558120772115,-0.18013020195896084,-2.3414974212646484,1.186933984207442,1279816500.0,-1.7380491373503593,4.463117238662956,0.0,0.10770986105273501,-0.008580814355944648,1.502117842998242
CSX,2018-10-24,20.093593254553543,20.352089931554392,19.78700425252543,19.811050415039062,23813100.0,-0.013712256244701376,0.02852376159721396,-0.014061339648668937,0.00044898142898975956,20.750956535339355,21.50826139450073,21.195241039366806,-0.07890972442317513,-0.4264819908142101,0.019800571884814787,0.6352919518668335,0.016511995913472372,0.1742582454115358,23.897556832405954,-0.5052512522908472,-0.1957726984336695,-1.0971107482910156,1.1648378256419287,1256003400.0,-1.6087228695739184,4.19648590609831,0.0,0.10976721850158165,-0.028144671898160216,1.2640239956419106
CSX,2018-10-25,19.88318569706272,20.28295458932968,19.76596131867634,19.955324172973633,21255300.0,0.007256099779860279,0.02590753556153838,0.003628114579323582,0.0036411639217726307,20.6794189453125,21.39073543548584,21.077153718757934,-0.06710434369315577,-0.5046028518676735,0.019892076677539658,0.6365801583347922,0.016614551886846362,0.1829200065653344,26.19602863293825,-0.5385856947880789,-0.18328571274472094,-0.7153759002685547,1.0078536079511913,1277258700.0,-1.6037260088000744,4.12440089136496,0.052630297035838554,0.0899056113631951,0.01237976512691553,1.2143660578007494
CSX,2018-10-26,19.248967023923964,19.991393207289367,19.131742651774246,19.81405258178711,18998400.0,-0.007104571252399671,0.04338590260456374,0.02935666922598069,-0.03539692680143575,20.55077133178711,21.268550395965576,20.956858372379763,-0.06838725663477141,-0.5828792381286618,0.019880808215877656,0.6629880018735823,0.017592434002670392,0.19109647361387028,24.597775177138658,-0.569834223166449,-0.17162739289847284,-1.2864761352539062,0.8807408859979612,1258260300.0,-1.5654600466228477,4.044702492025072,0.001095174409836066,0.0798840838159488,-0.015747773795015924,1.174508456081985
CSX,2018-10-29,20.126660614556894,20.285967975198528,19.429321774451207,19.74492835998535,23476200.0,-0.0034947458457585904,0.0433856322559965,-0.018966497318260972,0.015777087068857918,20.395373344421387,21.12818088531494,20.84143646643744,-0.06546955144117556,-0.6764590454101587,0.019392408096875865,0.7070011869056838,0.018433168220878236,0.1937306576407736,24.48523667496289,-0.5933370340548692,-0.15610416302951435,-1.5539798736572266,1.061234508632854,1234784100.0,-1.5964704147477176,4.418277193299459,0.0,0.08931766932072265,-0.004977887859330217,1.1495675545508885
CSX,2018-10-30,19.832094488041626,20.73382656074529,19.81706584948556,20.682727813720703,24470100.0,0.04640228035635642,0.04432494202488904,0.042891754382876325,0.004414608473987871,20.293477058410645,21.045221710205077,20.826321356654894,-0.01722452257695133,-0.7309048461914074,0.022808918885445627,0.6687847934883097,0.019329100915256504,0.18746380034915508,47.588428242518525,-0.5301790287942012,-0.07435692621507711,-1.0189628601074219,1.081723739848935,1259254200.0,-0.6252146934220987,3.134451043424672,0.3354842527508651,0.10015197056962695,0.019651903786530447,1.3300018527890218
CSX,2018-10-31,20.941223878496025,21.034403842552777,20.685733591091726,20.697755813598633,23142600.0,0.0007263327646894469,0.016845799834587453,-0.011626257677680583,0.012498161127655439,20.23787040710449,20.953095054626466,20.814077019220964,-0.012186230261550513,-0.7893044662475575,0.02264642274884266,0.6516090451246198,0.019334112970446148,0.17626967611358324,50.303890613946876,-0.47345552008069447,-0.014106734001256283,-0.5560665130615234,0.9987454508026397,1282396800.0,-0.5881421803037025,3.2665235217046535,0.3495036122991853,0.11222370167966092,0.005458238762592171,1.2995404517859466
CSX,2018-11-01,20.7789113253763,21.010355442170425,20.70076172124682,20.917177200317383,17722500.0,0.010545417437199205,0.01480093216970535,0.006654144328159585,0.003920981216927216,20.26612491607666,20.87674837112427,20.823896084087288,0.001936548186260355,-0.8420666313171381,0.02288030504158616,0.6185452709692443,0.019216405375829287,0.16364749672292359,47.83842308704188,-0.4061148197825126,0.04258717303754045,0.2825450897216797,0.758042857170354,1300119300.0,-0.6634108173892637,3.102307144970032,0.4299888743296649,0.11802435023699843,0.013652863436207958,1.2656580532217279
CSX,2018-11-02,21.055444629261647,21.187699402857874,20.61359611189216,20.793941497802734,15764100.0,-0.005909026894594364,0.027609161592879232,-0.012419739220110814,0.006610233666814566,20.30339698791504,20.79604330062866,20.821043266345903,-0.0001010674384325203,-0.8954038429260258,0.022884025993066954,0.632285943046868,0.019339097661704132,0.14893826915610237,43.939441110380606,-0.3585576910340187,0.07211544142882753,0.37272071838378906,0.6703355440998813,1284355200.0,-0.6319918844343293,3.0680433244064305,0.38478517765849557,0.1123896286835781,-0.006829848133916102,1.2645809711281546
CSX,2018-11-05,20.962261456210676,21.085496953656587,20.763879342419,20.76688575744629,16389300.0,-0.0013019829471758529,0.015487041003356383,-0.009320354064494382,0.00809466345886026,20.32684192657471,20.710829639434813,20.815885408355463,0.0027066090054036953,-0.9485127830505391,0.022842890495183715,0.6189746292944674,0.01922385761481128,0.1287370403648493,37.668396572260754,-0.3193699974727906,0.08904250799204455,0.2344493865966797,0.6900724480702515,1267965900.0,-0.606540563259928,3.0876724818203596,0.38116457801680587,0.11084092848487317,0.008751095597083015,1.2274328996345347
CSX,2018-11-06,20.775905504424383,21.184690276081902,20.760875147597616,21.151626586914062,13173000.0,0.01835712253033469,0.020036999364696075,0.018084462427385747,0.00043433315343682495,20.433547019958496,20.647107315063476,20.847860758694374,0.024435348940260768,-0.9827303695678715,0.02337745672320065,0.5805436927279933,0.01936146285728165,0.1052968582422656,48.62903778820144,-0.254336268286675,0.1232609897425282,1.0670509338378906,0.559654291437009,1281138900.0,-0.66222648005821,2.6886877902049506,0.718890694995689,0.1651580789991989,0.0065452866374810965,1.250196215373903
CSX,2018-11-07,21.3950959343457,21.79185850858188,21.26584586524222,21.7347469329834,16020900.0,0.02719541136020269,0.024201461602546295,0.01587517997956034,0.01151066781702104,20.62591667175293,20.688436603546144,20.93232610862666,0.05057464464269424,-0.9252970695495577,0.018659096034842042,0.5779673967616937,0.017214091893478504,0.1147577096517861,64.90232747051841,-0.15396877458505287,0.1789027867553203,1.923696517944336,0.7053476613887436,1297159800.0,0.5512023862313709,0.4096097825239122,0.9999999949744163,0.14785901694862333,0.018372232988300426,1.0242938068729686
CSX,2018-11-08,21.65058223755272,21.873008788329166,21.40711422175664,21.542373657226562,11694000.0,-0.008890357778223454,0.021626890981729777,-0.0049979524402105745,-0.003872356816032494,20.78462162017822,20.73202028274536,20.990425875159985,0.03908704329966508,-0.864099521636966,0.018572137787304478,0.5803290898854259,0.0170360960410756,0.12028154889981395,65.2743715312804,-0.08892466021156409,0.19515752090304722,1.5870494842529297,0.5419541772042783,1285465800.0,0.5467556899402016,0.45428838485392975,0.9033211934994655,0.13935857727766,-0.004898847726426858,1.1067579488157993
CSX,2018-11-09,21.36503625640461,21.500295712416776,21.00434380039973,21.238794326782227,16848300.0,-0.014192432812962567,0.023351227211219187,-0.0059088095197845055,-0.008232026964329533,20.927095794677733,20.738933563232422,21.014080013409725,0.02410252976729702,-0.8358452606201183,0.018374025059294953,0.584837499313654,0.017058934391866967,0.12121503687539864,59.14400634069377,-0.06116793986650393,0.1783313929984859,1.4247417449951172,0.7927535485182364,1268617500.0,0.7807711956402783,0.8909473412321904,0.7507548575338344,0.13971397987930442,-0.007191227737478034,1.0981125730734362
CSX,2018-11-12,21.23879034561201,21.422142094722567,20.89312659174501,20.932201385498047,12120000.0,-0.01454072108397692,0.025272807825366266,-0.0144353305967496,-1.8744803284735178e-07,21.045823097229004,20.720598220825195,21.006282048846707,0.010212213103972077,-0.8270082855224601,0.018537621086799013,0.567446960202919,0.017217509153267398,0.11901319872443225,61.38932315026013,-0.06318170767733022,0.1410541001501277,1.1872730255126953,0.5761707747357673,1256497500.0,0.9379032756038385,1.0269691787154247,0.596674006191981,0.14473826985441157,-0.019255407699902864,1.082438388401274
CSX,2018-11-13,21.07347573543207,21.44318568518376,20.929197045851684,21.12457275390625,13707600.0,0.009148238968737406,0.024331315256401212,0.0024247076806731215,0.006749139630956256,21.09000759124756,20.6917423248291,21.01754783028095,0.020918027215029354,-0.8284515762329114,0.018118913345255148,0.5637971716531415,0.017234018525081506,0.1122440230592144,68.04294902227099,-0.048693562383427036,0.12443379635522472,0.4418449401855469,0.6732897362069321,1270205100.0,1.029187153386247,1.5015571322455747,0.693351849112896,0.1927571050890949,-0.000983138086695124,1.1046398755661238
CSX,2018-11-14,21.377058717008232,21.593474175615675,21.070469720668388,21.19070053100586,16728900.0,0.0031254828716767843,0.02468084781727892,-0.008717671989837436,0.01195223998342375,21.139302062988282,20.688586235046387,21.03403856368332,0.024270111560783836,-0.8087638092041018,0.017546824391991796,0.5642265419598519,0.016482348046061628,0.11167096046393006,67.34181878741437,-0.03151238869639528,0.1132919760338052,0.49294471740722656,0.8543474230768642,1286934000.0,0.987512333912057,1.714838634112801,0.7265849175265879,0.10980093825712632,-0.003448824345391945,1.1024647726595702
CSX,2018-11-15,21.004345285785718,21.791859353651105,20.88712087426324,21.70769691467285,15659700.0,0.024104462941940658,0.04167823435826248,0.033486005839140034,-0.008794199368136513,21.21835403442383,20.742239475250244,21.0981965018728,0.04654547743384202,-0.7440495491027832,0.016941948709052402,0.5674471079507624,0.0169642382383225,0.11966788399514901,74.04586956426965,0.02354963711954028,0.13468320147979262,0.7905197143554688,0.8360093083892418,1302593700.0,1.0378441487467913,1.169289900460806,0.9864057816417662,0.05149949197843427,0.010498407032026374,1.072642889388757
CSX,2018-11-16,21.716710155323813,22.12549663931191,21.635555861502013,21.824918746948242,13983000.0,0.0053854845987736134,0.022448687369266994,0.004982734072080513,0.0004152094386793035,21.32145175933838,20.81242437362671,21.167408144260936,0.048648555071967324,-0.6677328300476084,0.016668943791865145,0.541253863455232,0.016996231447309718,0.12692903469167802,76.09339617043351,0.07577205835776013,0.14952449817441,1.0309772491455078,0.7792411886061262,1316576700.0,0.9602444108196408,1.216198834923872,0.9999999951922856,0.06349140160665456,0.0011517335748868292,1.06397478768783
CSX,2018-11-19,21.767807019318525,21.8820267117655,21.41613213671022,21.665611267089844,22418100.0,-0.007326109492526545,0.021503874010837448,-0.004694811569120597,-0.0026168128409505835,21.411324310302735,20.86908311843872,21.214856060720834,0.03816785548893412,-0.5976082038879404,0.016831846352830457,0.503896461619185,0.01695671788408665,0.13097860029467107,65.32320893116905,0.10311527252028085,0.14149416986954455,0.8987255096435547,1.2421355682586963,1294158600.0,1.0435304053819252,1.2302178081851123,0.9234095070385844,0.07311549919307989,-0.016041812709366252,1.0495660598107348
CSX,2018-11-20,21.59648222912002,21.68665405377554,20.718796387117965,20.80596351623535,20650800.0,-0.04048661616557781,0.04651828144860175,-0.036604049886363364,-0.00319072640589792,21.376758003234862,20.90515251159668,21.175913913626978,-0.004744715223019993,-0.5321423721313501,0.018590270422885673,0.5479094357495781,0.017746790137284193,0.1259677285587859,51.33530668368869,0.054787026881211176,0.0745327393843799,-0.34566307067871094,1.153560299400144,1273507800.0,0.3721600439460337,1.4858939358354701,0.5101154110130875,0.07417408211286412,-0.017183575081195158,1.1325130055496773
CSX,2018-11-21,20.899139559584732,21.244803344182547,20.836018600993746,21.103532791137695,10804200.0,0.014200804200802263,0.019370441301679444,0.009779983093094594,0.0044783334968685,21.313636589050294,20.96977663040161,21.169020473389903,0.006378521006378612,-0.44389280319213853,0.018408722017148296,0.5569265928478211,0.017534465457428105,0.11572902155973047,52.256153713287624,0.04003638311766977,0.047825676496670806,-0.6312141418457031,0.6262814214539731,1284312000.0,0.1829726830070381,1.549088996510848,0.6531782229072391,-0.0015861971511637893,0.0023207155534327967,1.2956656255644619
CSX,2018-11-23,20.857059010407067,21.10954457271637,20.739834614998895,20.974285125732422,6587700.0,-0.006143287760030936,0.01762682043756021,0.005620452781327543,-0.011679266365967585,21.256827735900877,21.02072467803955,21.150474249803477,-0.002209226989954495,-0.37250556945800994,0.01850090912588842,0.5423270690443756,0.017351236213362594,0.10615181816950377,52.18019488754537,0.017713000784926436,0.020401835331141975,-0.5680885314941406,0.39882019400689067,1277724300.0,0.29271933809328343,1.4947858323182104,0.5910396353474143,-0.011070179373861216,-0.006915718605630941,1.3586623933160795
CSX,2018-11-26,21.151622138346003,21.359020035945417,21.088501188634602,21.166650772094727,10809600.0,0.00912969673898149,0.012780427580326301,0.0007105192051194122,0.008454972913284849,21.24961338043213,21.08835458755493,21.152014870974075,0.003712768780263235,-0.2864802360534675,0.018407513987738756,0.5468354475426188,0.016405993939217416,0.0911373264271771,54.6470666489291,0.015366721450170928,0.014444444797109175,-0.0721435546875,0.6710481962041229,1288533900.0,0.16119986477791368,1.5420043643667463,0.6835235461593048,-0.03048836718651139,0.013129060788063468,1.3647612553911233
CSX,2018-11-27,21.025384459139275,21.259834976495444,21.00434299173411,21.16364860534668,12150600.0,-0.00014184481552146318,0.01207220879186156,0.006576057930170423,-0.006674004048939645,21.272758102416994,21.159290599823,21.15312284567623,0.00020596179740153413,-0.19793054580688363,0.018356089818840623,0.5348123658481223,0.015434427779041261,0.06838978146633257,50.15336072398525,0.013113859992039067,0.009753266671181851,0.2314472198486328,0.7817786999951745,1276383300.0,0.134907586525554,1.5910406066073783,0.4210511337684202,0.019575220713877406,0.002958886190746639,1.3608118708220707
CSX,2018-11-28,21.163639784184344,21.87600856537486,21.073468001176977,21.86699104309082,15327000.0,0.032693219969522465,0.036701005758698446,0.033233945865592224,-4.1680725758525867e-07,21.34699993133545,21.218503761291505,21.221110293049048,0.03056234733112229,-0.13054149627685518,0.01677107052757506,0.5464058403145557,0.015050998167877805,0.07093600524972085,51.636787709101554,0.06730644094897187,0.05115667810249172,0.7424182891845703,1.0160360276153382,1291710300.0,-0.4058762367921554,1.0443895901311229,0.9999999914474011,0.017447559696785877,0.021367392233018635,1.2393047370297618
CSX,2018-11-29,21.75544866329777,21.91825301779792,21.56852520906182,21.637866973876953,11766000.0,-0.010533361014344312,0.016162767298565934,-0.005404700736840302,-0.005100947797218481,21.39171657562256,21.26550931930542,21.260801405508847,0.01750993352571609,-0.07149892807007063,0.01703334912273987,0.5381082147548109,0.015038605059630838,0.06891966272829364,51.17126710953942,0.09072028727766579,0.05965641954494851,0.44716644287109375,0.8105390746173344,1279944300.0,-0.30608331971997293,0.7375235935627811,0.7917253192753448,-0.05682755315020964,-0.0013626928719096033,1.2624663895636754
CSX,2018-11-30,21.63485168026989,22.035831470224863,21.601687704766757,21.897146224975586,20461800.0,0.011911438524354745,0.019826499809501567,0.01212370431662808,-0.00013935262707289288,21.410661506652833,21.31450777053833,21.32140567402949,0.027335299539152327,-0.021299915313718998,0.01707127982593444,0.5306877796570448,0.015143509590893922,0.07178939199169615,58.163689102151714,0.12871386454843758,0.07811999745257625,0.18944931030273438,1.3964020219432849,1300406100.0,-0.31364174854601645,0.7091434191731163,0.999999991152482,-0.06661141732117029,0.009987137257595063,1.298223971046162
CSX,2018-12-03,22.252906718526123,22.28004135489639,21.954432618990136,22.053924560546875,25546800.0,0.007134251691167611,0.014764208293735991,-0.008941850181468227,0.01624688851667629,21.433562088012696,21.377506923675536,21.391169377507335,0.03164155854498673,0.0454150962829587,0.016985652010652642,0.520250610152991,0.014819797443974278,0.07406237169737055,64.44632878830903,0.16952062149221447,0.0951414035170825,0.2290058135986328,1.6871076611876679,1325952900.0,-0.4383979135800467,0.8627962433699586,0.9999999922302266,-0.06601369170310771,0.010314743537213065,1.2734408143581766
CSX,2018-12-04,22.07804025007044,22.147383735032534,21.236885629070905,21.285123825073242,20458800.0,-0.035482153917042965,0.04277626540697356,-0.03591425760692996,0.0010934874406302705,21.395513343811036,21.403418827056885,21.38106980108504,-0.005526920859676026,0.08627092361450295,0.018981823650794507,0.5485727149122448,0.015720900949873773,0.06911993916518104,51.80037994593833,0.13823103482642196,0.05108145348103199,-0.38048744201660156,1.3331821522966485,1305494100.0,-0.4850146028955464,0.16008515249076974,0.3839545370285889,-0.07317406374524923,-0.032585835228625064,1.2614978657633862
CSX,2018-12-06,20.89921716672848,21.052976624105952,20.570594689248736,21.04996109008789,27345300.0,-0.011109705068931384,0.022916048765732028,0.007212898079234979,-0.01813034594096068,21.41991310119629,21.398335552215578,21.34953563813293,-0.016280446732765453,0.10095510482788228,0.018728093038276442,0.5622530492606176,0.01579465747575663,0.06994320106700902,48.47942813902842,0.09338169849597122,0.004985693720464993,0.24399757385253906,1.703284228583281,1278148800.0,-0.30310306843478024,0.15867747257428055,0.19551697788129127,-0.08344697732103386,0.00048324369323365696,1.2378696807501315
CSX,2018-12-07,20.932382865623506,21.22482758465898,20.495223554203594,20.510297775268555,24646800.0,-0.025971621155262747,0.03557257132244785,-0.020164216040980513,-0.00558567419489201,21.360589599609376,21.337113094329833,21.269608222622036,-0.03875010248134262,0.07377996444702006,0.018370388501431675,0.5497434457654402,0.01614838440153842,0.07765852955926537,37.12615986823109,0.014129085676032105,-0.05941353527957931,-0.5932350158691406,1.4950366225376461,1253502000.0,-0.19171148547270464,0.045255874234121266,0.0,-0.012094160364258377,-0.022964202446616518,1.2050237388877043
CSX,2018-12-10,20.416838459819843,20.67310368758712,20.02791731642669,20.59170150756836,15785700.0,0.003961064675964673,0.031332348661099865,0.008564648640025506,-0.004556702027086394,21.32233123779297,21.289579486846925,21.20504567833121,-0.03278026133441138,0.06052919387817468,0.01836937495846266,0.5608324167190497,0.016448101043830727,0.08323409638134478,36.63814891860848,-0.04163068744018972,-0.0921386467166409,-0.3825836181640625,0.9457988710232599,1269287700.0,-0.3031079486214324,0.08867176308047657,0.05273537136619047,-0.04707374519678359,0.00119548722337821,1.2044174011739897
CSX,2018-12-11,20.95348768477945,21.071067641526675,20.398746701293323,20.52838706970215,11161500.0,-0.0030794918052223946,0.0327507922541869,-0.020287821362841345,0.01756951347988986,21.25850486755371,21.25405912399292,21.14060200131892,-0.034142751276700266,0.05959615707397603,0.018154537109423368,0.5755771570889119,0.016723676652155833,0.08932727051525018,37.41647148010996,-0.08989341996854705,-0.11232110339599859,-0.6382637023925781,0.6803305742809259,1258126200.0,-0.39829802262225306,0.30181980998854757,0.011718696830688404,-0.0761315576200989,-0.0005700691117485465,1.1932325901039589
CSX,2018-12-12,20.881127650293315,21.22181054258478,20.757518356289467,20.76656150817871,16614300.0,0.011535409910577733,0.02235768237859006,-0.0054865878909080455,0.017183063598395262,21.218796157836913,21.245777130126953,21.10497909721033,-0.022555805749684934,0.08702930450439439,0.01811482249289661,0.5559747146764159,0.01665023971134272,0.09073660149048754,49.49448677854615,-0.10768200540467632,-0.10408775106570228,-0.39708709716796875,0.9990132712313545,1274740500.0,-0.5974912478146657,0.5067035960813744,0.16601404801602396,-0.05905403724326277,0.003670431181780781,1.2437624538937164
CSX,2018-12-13,20.89017295799844,20.99569422526538,20.48316383436933,20.75450325012207,13566000.0,-0.0005808260682055868,0.024694900413626555,-0.0064944272193986595,0.005952427404558385,21.10754737854004,21.227273654937743,21.071600445106686,-0.022271838225711126,0.1002739906311021,0.017978348733691214,0.5612383263156201,0.016662233369620236,0.09304992939511797,45.168094297573916,-0.12135369827904086,-0.09420755515205345,-1.11248779296875,0.8160672488499804,1261174500.0,-0.5290384331009803,0.5483744167381007,0.15820240721429346,-0.06481380627904039,0.001846712826567661,1.2394849702569417
CSX,2018-12-14,20.58265445471714,20.585669988893383,19.771649999838914,19.847021102905273,17166600.0,-0.044709321743745034,0.04101471877486489,-0.03574045094282161,-0.008280072682728236,20.928462791442872,21.160089683532714,20.954973841087504,-0.0620540177412056,0.086955375671387,0.02034593330625927,0.6050342757845973,0.017208841456039743,0.11010936894537766,37.16086077548696,-0.20307392867620422,-0.14074222843937345,-1.7908458709716797,1.0313048289584312,1244007900.0,-0.5316921127939228,-0.018522500924357647,0.0,-0.07831987038855409,-0.018215758422885687,1.3464858349645392
CSX,2018-12-17,19.73849195512592,19.759595525298554,19.31037740556726,19.500314712524414,26527200.0,-0.017623320945623657,0.02303645486515031,-0.01206663827930648,-0.0054682839916700195,20.688779640197755,21.049720573425294,20.81643487646245,-0.07360695622995408,0.035462188720703836,0.019507484540762867,0.6158849034363845,0.0165304342969579,0.12827422801400243,31.665615957570935,-0.2924430072379707,-0.18408904560091194,-2.396831512451172,1.5432759183402767,1217480700.0,-0.43088442867806004,0.04086167288044969,0.0,-0.04151121643875058,-0.021531649378876316,1.2441701820872584
CSX,2018-12-18,19.64803625193747,19.813856105964824,19.093297074652845,19.262130737304688,19406400.0,-0.012289574110403908,0.03740806461854619,-0.019640920328347227,0.007575341300424173,20.409600257873535,20.921581172943114,20.668405910828376,-0.0793176396143765,-0.029758968353274184,0.01940274782725237,0.6491039781900019,0.016998816496474698,0.1449698178613719,30.107457795269497,-0.3781292633111484,-0.2158202413392717,-2.7917938232421875,1.1114738437324958,1198074300.0,-0.2987310798897812,0.0297248241815138,0.0,-0.02811972689835604,0.001119665284144217,1.2219388021436073
CSX,2018-12-19,19.16263882146355,19.765616187969506,18.601870301896437,18.70738983154297,21965700.0,-0.029222406477283483,0.06220781715420557,-0.023757113733765534,-0.005165156295427584,20.151826858520508,20.77367010116577,20.481642474705954,-0.0994663080505378,-0.10239465713501161,0.02006034102929447,0.6749043583239437,0.018628265572242928,0.17014522095685886,15.885466971400518,-0.48520604031458703,-0.25831761467416825,-2.5777339935302734,1.259686054833737,1176108600.0,-0.17682448904824777,-0.366638554968224,0.0,-0.015035347994969155,-0.016578302473788557,1.2950423051254365
CSX,2018-12-20,18.659155442111828,18.818945986268858,18.342593338437716,18.574739456176758,25472700.0,-0.007116060035516172,0.025645185977170616,-0.004524105402142266,-0.0025783602023309216,19.904304695129394,20.662108898162842,20.30003266341746,-0.10102402674741885,-0.13692918777465835,0.01854275793814065,0.6839489896878754,0.017924172549403386,0.19572283706293767,16.223445536191633,-0.574150484830092,-0.2778096473517386,-2.475221633911133,1.4408829690921787,1150635900.0,-0.20104123449229655,0.1436219034745707,0.0,0.0968198927926248,-0.014116740737429086,1.1954436193420515
CSX,2018-12-21,18.63805191620469,18.909393080812652,18.228027222615736,18.300384521484375,30012900.0,-0.014880492190484249,0.03723232467585599,-0.018117097014132395,0.003408524796663037,19.683313369750977,20.521951484680176,20.109589983233356,-0.10825320217983272,-0.22493106842041044,0.01804222141070471,0.7016077105977904,0.018405316727136793,0.2209302109158742,10.470582563143665,-0.6591791414506893,-0.2902706431778687,-2.2099132537841797,1.6102230970917384,1120623000.0,-0.03423849042001245,0.4028999289929715,0.0,0.09885489266611384,-0.017727783540298706,1.1434209373114312
CSX,2018-12-24,18.212955991475557,18.246118249409783,17.69137886699793,17.715497970581055,9111900.0,-0.032482223698235016,0.0313137899557253,-0.02731341475416367,-0.004777414917494135,19.395693016052245,20.359012126922607,19.881581220123614,-0.12984491289956987,-0.328766384124755,0.018885590145191682,0.717758462352479,0.018716742151317516,0.25318350584242305,6.420348493899837,-0.7649426384026974,-0.31682731210390136,-2.8762035369873047,0.485574878578303,1111511100.0,0.06261209283372751,-0.050509415259762734,0.0,0.12478472506666753,-0.029276540822750555,1.1252506699217601
CSX,2018-12-26,17.83910518725627,18.610918061080287,17.628062645002842,18.60790252685547,15203400.0,0.04914650949259309,0.05281924787917174,0.04309618288188612,0.006977349261109155,19.20364456176758,20.231074714660643,19.76027848743141,-0.08023163429024001,-0.40685127258300824,0.022738728472449336,0.7229268416464658,0.020011825933511848,0.26307518413874864,23.758838597699523,-0.7678995145636911,-0.25582735061191597,-1.9204845428466797,0.8008166503115376,1126714500.0,0.7082314888944861,0.9000162647669461,0.2056977421910157,-0.0923615735775625,0.04845156911923087,1.1182849597303643
CSX,2018-12-27,18.357663806260696,18.722465759618395,17.980801443016052,18.710405349731445,12511500.0,0.005493447398099643,0.03963913676584179,0.019214947348063446,-0.013447981051793498,18.99802894592285,20.108412551879884,19.660290569555226,-0.06952349910971675,-0.4777433776855453,0.022852469644968763,0.7248650688448828,0.020671222947007118,0.26913465351401966,26.45624331318315,-0.7532883004482827,-0.192972909197206,-2.0561561584472656,0.6583989877342502,1139226000.0,0.6632386134947366,0.7751072805042412,0.2293244696494874,-0.03371017244989732,0.009818247781990537,1.113083956669066
CSX,2018-12-28,18.84607866773458,18.9877794542197,18.613932552795966,18.71643829345703,10248300.0,0.000322385923608817,0.019974254479519584,-0.006878904442837773,0.007251222807157563,18.79422245025635,19.950884914398195,19.57039987659349,-0.0618742790727185,-0.5755659675598146,0.020996244042353233,0.6994538453426221,0.020229639277184686,0.2647418444826497,29.775632934121177,-0.7327750254971477,-0.13796770739685682,-2.038064956665039,0.5466057353520032,1149474300.0,0.7400182632203566,1.8805554767721506,0.23071505298346234,-0.010626017260256049,2.765154803568188e-05,1.0673519280976154
CSX,2018-12-31,18.843060766876974,18.924462932368975,18.550617803030946,18.731510162353516,10335000.0,0.0008049503554556891,0.019958088061120732,-0.005919983271483472,0.006765308197778623,18.682671356201173,19.805567073822022,19.490505618094446,-0.05423005094805589,-0.670437564849852,0.021064607853086663,0.6800723280695937,0.020291668612513494,0.25941522034734077,28.70935292129799,-0.7071503444639511,-0.08987442109092814,-1.1155109405517578,0.5533416535358452,1159809300.0,0.6473327573777099,1.7207160878778063,0.23418909329489762,0.004193749381027581,0.008226213440227647,1.0601493276997176
CSX,2019-01-02,18.318471521491908,18.767691236180845,18.095370293818654,18.677244186401367,15038700.0,-0.0029012467782457084,0.0359967956542378,0.019585294793210983,-0.022050472027168973,18.60036430358887,19.64457197189331,19.413052148409392,-0.049241479370278854,-0.792284908294679,0.020617818348394875,0.6800723282216536,0.02070293357366894,0.24597670449882336,28.76894106776126,-0.6833442437935062,-0.05285465633638664,-0.8230705261230469,0.8170420142043949,1144770600.0,0.7656618174780339,2.2659484851255223,0.22168087753931104,-0.028060290384654657,0.002706240387734218,1.0473507704875253
CSX,2019-01-03,18.49937013015674,18.635039875327614,18.197882190918,18.38480567932129,23527200.0,-0.015781349248404887,0.023778205330792,-0.006192883867364489,-0.009523570740384358,18.512631797790526,19.46111602783203,19.315123913258144,-0.055305684780434586,-0.9350125503540063,0.02038109574751564,0.6647822226931347,0.0208534171983083,0.225334107766263,23.019093450044338,-0.6802337695447775,-0.039795345670126325,-0.8773250579833984,1.285267459497375,1121243400.0,0.953236644314013,2.7593675032912146,0.18750080096571958,0.019947538149980844,-0.022748628651279943,1.0183732593593413
CSX,2019-01-04,18.390829433247646,18.94255490279065,18.24913037310893,18.930496215820312,18543600.0,0.02924963290026301,0.036630023945290066,0.029344341674826063,0.0003276484957973822,18.534942436218262,19.343384647369383,19.27849270397835,-0.021345200908529826,-1.0207051277160666,0.021143098756923863,0.6777032326063966,0.020692161759472152,0.20956475286717452,31.566050559993585,-0.6265139674976261,0.011139565101620064,0.22310638427734375,1.018345608495769,1139787000.0,0.8038960685123001,1.7328458099072177,0.36437597239797787,-0.0322210518309349,0.033889962067031265,1.0127447818482602
CSX,2019-01-07,18.821956603177778,19.01490936702796,18.496349676747492,18.827987670898438,18786900.0,-0.005429709364047234,0.027541960370092183,0.00032042724610475276,-0.005733585184725761,18.56026725769043,19.232285976409912,19.235587462732646,-0.021021853876724898,-1.1066720390319809,0.02110464996488972,0.644539406891919,0.020790948035683873,0.19452079952373294,37.700078873540335,-0.5854633630100317,0.041752135671371704,0.2532482147216797,1.0565350785066485,1121000100.0,0.7647964506001271,1.7191556434618525,0.3646235756686661,-0.04478496387923633,0.008566372530997646,0.9992261883426867
CSX,2019-01-08,19.228969361711382,19.349564851310134,18.88527092250446,19.099328994750977,15237900.0,0.014308734559917363,0.02430943667881079,-0.006741930080690885,0.021297108210492594,18.64016170501709,19.161737537384035,19.22261046578201,-0.003256935468993909,-1.1629860496520976,0.0209781623147208,0.6434632271114678,0.02051427999979872,0.18488843635528107,45.07034129055797,-0.5249837996083286,0.08178535925845987,0.7989444732666016,0.8802351314209265,1136238000.0,0.5612912062847046,1.5009735463588094,0.4535569327159775,-0.026217991125283453,0.008768842755355876,1.0128777477843596
CSX,2019-01-09,19.21389186388678,19.379709986876637,19.032997797776325,19.289264678955078,13292100.0,0.009895503633546968,0.017974360084269125,0.003922829148943262,0.005998266701792914,18.797538375854494,19.096615695953368,19.22895848608421,0.0100881216896737,-1.2147867012023923,0.021129880427716227,0.6167598812392059,0.020213449993544446,0.17186393716673554,50.33758546422392,-0.45646524037294967,0.1202431347950711,1.5737667083740234,0.7734039934855809,1149530100.0,0.5142824893307655,1.3304641977331382,0.5158092199073253,0.003458500933417664,0.003883851853415441,1.017131033337535
CSX,2019-01-10,19.238018191736106,19.590759855645384,19.10234845370441,19.503328323364258,16212300.0,0.011036427350274568,0.025042464231906366,0.013790928409773424,-0.0026567361727833274,18.887080955505372,19.045362758636475,19.255088946777548,0.024046040526065036,-1.2598251533508282,0.02136534297911508,0.5685217038011992,0.020027857438081425,0.15874270212275784,60.81982608461173,-0.3805044232940915,0.15696316149914336,0.8954257965087891,0.929656064586161,1165742400.0,0.40384771455341095,1.0579616452929668,0.58596955615392,0.025156670299187694,0.006583500739304797,1.0239489567625721
CSX,2019-01-11,19.43398207834884,19.76863390682476,19.391773226744498,19.66311264038086,11508600.0,0.008159291451616767,0.019165870987603896,0.011790201365230768,-0.003555610809891509,18.98235168457031,18.990190315246583,19.29394834616834,0.035435259676887494,-1.3133612823486338,0.021261579027670913,0.5614151346761364,0.01997427086785509,0.1384810641891008,64.68677852504459,-0.303908402592306,0.18684734576074313,0.9527072906494141,0.6697375921255815,1177251000.0,0.42713421743069585,1.1557470470185889,0.640872418518875,0.03944206069509644,0.0015512467149099095,1.020511260770353
CSX,2019-01-14,19.560612154594413,19.765623674288612,19.50935841210367,19.678192138671875,13431600.0,0.0007665988260527625,0.013022805163149452,0.00601105850615442,-0.005212831135185996,19.0785270690918,18.936374759674074,19.33054299307344,0.039174202476048234,-1.3470861244201657,0.021270155078152594,0.5310508063895669,0.019774426062532807,0.11380523744819772,69.99136547296176,-0.2392310087019638,0.20121979172086835,0.9617538452148438,0.7819514729704358,1190682600.0,0.4162291763884288,1.1416180143329475,0.9207942100739723,0.05972577600927757,-0.003258191783197688,1.0180081473132092
CSX,2019-01-15,19.67818967861122,19.726427880171656,19.391776003771437,19.62995147705078,12534300.0,-0.002454488123965505,0.017048023617962475,-0.002451353622882734,-1.2501456633725633e-07,19.168371200561523,18.925521278381346,19.359058086785566,0.03722117812808183,-1.3365835189819357,0.018927512011853647,0.5114541079548365,0.019155992689436692,0.11019180571950235,82.90161622664542,-0.18967981545620916,0.2006167879732984,0.8984413146972656,0.7396870302931591,1178148300.0,0.8324017453759417,1.7448811080004472,0.9754211979840797,-0.044080883267782665,0.006232123885723237,0.9449868544054093
CSX,2019-01-16,19.64502344383967,19.79878290930133,19.542517708576547,19.71135139465332,17377500.0,0.004138146315457442,0.013000894540102158,0.003376323321948004,0.0007678045871131372,19.27178192138672,18.936073112487794,19.39260983039202,0.0409418720322881,-1.301915168762207,0.018513016786379368,0.45955480685821776,0.01898620279117456,0.11312745705135166,76.29317279662735,-0.14220262144687013,0.19847518558611,1.0341072082519531,1.0539531202379924,1195525800.0,0.7415855456901062,1.9400617196160592,0.9999999949896121,-0.08304066636433352,0.0021238936555150086,0.9604662561862226
CSX,2019-01-17,19.28324127308199,19.67517627186286,19.036020894632614,19.623924255371094,33753300.0,-0.0044452355704465325,0.03257021220183869,0.01766730901016477,-0.021718963504828673,19.3956937789917,18.954162788391113,19.41463977562812,0.03533585072880091,-1.2604251480102562,0.01830799774751564,0.4548166771023866,0.018851974536583438,0.11669576904712398,71.92500908683905,-0.11035909170768576,0.18425497226023552,1.2391185760498047,1.9618000763719488,1161772500.0,0.7151862826709563,2.093419642203185,0.9561956064560094,-0.16356213589861796,0.008982135356589437,0.9449749522593011
CSX,2019-01-18,19.714371133457142,20.431914883602687,19.70834178895197,20.308303833007812,23062800.0,0.03428041106727695,0.03562942038884943,0.03012689045620688,0.004609010762018861,19.53347454071045,19.034208488464355,19.49975063823571,0.06693713296855085,-1.1712078094482443,0.018373230592672398,0.4858269433029478,0.017675875766234823,0.13162947320850701,78.82115191230261,-0.02955842156827515,0.2120445139197169,1.3778076171875,1.336189627827145,1184835300.0,0.7392780157352176,1.4524329716346869,0.9999999961431745,-0.2560442876163003,0.015366346188247386,0.9448308966347776
CSX,2019-01-22,20.232928396167704,20.275137248965247,19.723411803822856,19.847021102905273,18840900.0,-0.022975932731506575,0.027798904545006414,-0.019073229821518326,-0.003711557472249252,19.635377883911133,19.09782257080078,19.53282401582329,0.039229526262850783,-1.0815016174316412,0.019195499984078806,0.5009017218634426,0.0177287643019193,0.13439558131129656,67.38727018350832,-0.0027136878596145664,0.191111398102702,1.019033432006836,1.1129669519542005,1165994400.0,0.6336491905849904,1.0376399663505216,0.8220912930628325,-0.39578637154883256,-0.014694986411869327,0.9920923528217193
CSX,2019-01-23,19.922394519050183,20.02188644819472,19.331475737847445,19.62090492248535,15826500.0,-0.011458349964464059,0.035187506033734085,-0.015133200794540093,0.0037977193531514987,19.68753547668457,19.16384859085083,19.54121267360063,0.02384992395800545,-0.9731987571716303,0.01904062267563703,0.5021938481480915,0.01766998958152902,0.1300279717845247,63.96076594447862,0.00031167815053834147,0.15530941129028394,0.521575927734375,0.9757870525793018,1150167900.0,0.6433310278166748,1.1253913945518021,0.7348822263044767,-0.4651896833211138,0.0012180671566990422,1.0135902676773707
CSX,2019-01-24,19.762611703917425,19.80783438081759,19.482227311840404,19.611865997314453,21290100.0,-0.0004607844472319809,0.016602554240467048,-0.0076278231268942474,0.007222234753794629,19.719795608520506,19.2586669921875,19.547941561573374,0.018339743102169657,-0.8397702026367178,0.017147825394431333,0.49121135339765004,0.01732027972217846,0.10966259253751011,69.81501798444819,0.0019573734080999827,0.12556408523827647,0.322601318359375,1.265149860724234,1128877800.0,1.0970461995794925,1.6394570104084953,0.637931629548018,-0.2388017298582257,0.001809924787035224,1.0057099848837885
CSX,2019-01-25,19.76260596841473,20.18469106419026,19.693262480464554,19.958574295043945,24129000.0,0.0175240491509878,0.024622429260778258,0.009916117689257174,0.007686161588138377,19.765320205688475,19.326200580596925,19.587049440951525,0.03272105718916677,-0.7466322135925267,0.013861647241940923,0.4825971060543705,0.01605805960635059,0.10902284135533064,67.74196309074978,0.030882071523837595,0.12359102668321127,0.4552459716796875,1.396806431249007,1153006800.0,0.49482532129055623,0.6862224182911902,0.8181804617408185,-0.34407848928461865,0.010712794818504288,0.9743396402472101
CSX,2019-01-28,19.711349575608264,19.86812456077869,19.60281278200815,19.78069305419922,12826800.0,-0.00895247651806931,0.013412663451355444,0.0035179467709691515,-0.012386892760024042,19.777078247070314,19.379714965820312,19.60549168983226,0.020690608148061247,-0.6700876617431639,0.014129648966776718,0.4709686648226081,0.015220319164656321,0.10632456384378336,66.02435612817123,0.03900198306822489,0.10536875058207885,0.11758041381835938,0.741855054056727,1140180000.0,0.5967006008257069,0.5480582573998098,0.7257024733533463,-0.3737057956651259,-0.009135611769668817,0.9787430471786789
CSX,2019-01-29,19.85305384577673,19.92842495520032,19.69627883293427,19.723413467407227,13224900.0,-0.0028999327906449684,0.011770078371559325,-0.006529996814423729,0.003658152491383574,19.781600379943846,19.430063724517822,19.61672233531559,0.015097724178806525,-0.5917157173156724,0.01417853877794718,0.4502950178122048,0.015066624242800988,0.10205632238501272,61.31154455130643,0.040349958316824086,0.08537338066454245,0.04522132873535156,0.7583519697230345,1126955100.0,0.6247714846376723,0.527860850045742,0.6959236111358686,-0.3483673997197467,0.0017434807662010834,0.9830676525264762
CSX,2019-01-30,19.792753529630737,20.10027245998772,19.693261603593488,19.98872184753418,18750900.0,0.013361775955513992,0.02036202512090299,0.009901013399175032,0.0035156217932607947,19.817477416992187,19.492924308776857,19.65215086028879,0.02543474395650763,-0.5048155593872039,0.014369430707501423,0.45460206547605636,0.015078820266542082,0.09891155543561947,62.34050128312381,0.062110436959706306,0.08570708744593973,0.35877037048339844,1.049894469673364,1145706000.0,0.47793051257702507,0.21860661649220428,0.8338537558771927,-0.362828172132443,0.01617478679919538,0.985960798863368
CSX,2019-01-31,20.027918260420588,20.027918260420588,19.708340594272258,19.807830810546875,17815200.0,-0.009090851880066876,0.016133905282458682,-0.010989032759767765,0.0019609264256805633,19.827125358581544,19.54945363998413,19.66697752221813,0.013216592919727004,-0.41028890609741353,0.014574621232353991,0.4425425129194388,0.01442348042016337,0.09131631180596088,55.435957328720704,0.06402137953323361,0.07009442401557363,0.09647941589355469,0.9898092187067675,1127890800.0,0.4969851705342606,0.09499327950721878,0.7398110162466989,-0.4367362213864813,0.012314205389955292,0.9226259720227351
CSX,2019-02-01,19.78370953314989,20.04902134772928,19.720397113810368,19.958574295043945,13041900.0,0.007581485233267336,0.01646531606220567,0.00883882578244745,-0.001217764712738899,19.860590362548827,19.628142070770263,19.694748643439638,0.01683461547620209,-0.2942735862731958,0.013917144928714363,0.43909705247934233,0.014240794197173586,0.07350037497202666,55.291642042911946,0.07681408966288217,0.06630970731617775,0.33465003967285156,0.7463451440696953,1140932700.0,0.4354168813578563,0.3598308369626459,0.7637467221171269,-0.35887941094866854,0.00017354628088072746,0.9932393099180137
CSX,2019-02-04,19.916370252043713,20.338455449790985,19.913354717009863,20.32639503479004,15569100.0,0.018261449248339733,0.02091372976140295,0.020587324776423645,-0.002114582052622496,19.86239948272705,19.69793701171875,19.75490544261587,0.03190476356470249,-0.1976943206787105,0.013032397666004739,0.4511567289504979,0.013629563166377517,0.07179471462760868,60.30687242096937,0.11530331940616634,0.08383914964756953,0.018091201782226562,0.8986166736793987,1156501800.0,0.3134632475604345,0.6306633169930905,0.9999999933262476,-0.29138533083951484,0.006821536877412863,1.0929390582888416
CSX,2019-02-05,20.31131740733145,20.585672394880252,20.06409533000416,20.582656860351562,18077700.0,0.012528531739235188,0.025340609252482195,0.013359027756721008,-0.0007417757764119794,19.93596305847168,19.785670471191406,19.83373891097165,0.04028098973550558,-0.1054947280883809,0.012996084228290484,0.4645085281273459,0.013559315128354591,0.0695231716851385,64.20871413486746,0.1645872396839465,0.10649845594027976,0.7356357574462891,1.045547845972596,1174579500.0,0.12357515965916628,0.5947937805411097,0.9999999932584022,-0.21590281946797538,0.0048425019565634265,1.1554665983251202
CSX,2019-02-06,20.52537153550325,20.63390833992175,20.459045309333373,20.52838706970215,16152900.0,-0.0026401578254937547,0.008518108607103229,0.00014691739897043765,-0.0027831841747632184,20.02671127319336,19.857123374938965,19.899895878469795,0.033804679665251205,-0.022538909912110938,0.012873389865261396,0.45869408740331685,0.013210728904726248,0.06894005831160134,62.28473987537512,0.19699514560836207,0.11112508949175626,0.9074821472167969,0.9317590298063212,1158426600.0,0.31171711947732433,0.8025858953009615,0.9580407234476818,-0.25523320450923576,-0.00022326379138370194,1.141939578307195
CSX,2019-02-07,20.401768890794358,20.633915070952764,20.323380502257663,20.564573287963867,14533200.0,0.0017611886464372535,0.015100462545306087,0.007979915763234112,-0.0061679555474997,20.1219820022583,19.920888805389403,19.963198488897802,0.03231203631839568,0.049420757293699324,0.0127940110766788,0.43263723516577357,0.013145082703148903,0.07019655112127633,64.36470316152736,0.22302764605881364,0.10972607195376627,0.9527072906494141,0.8353385954399866,1172959800.0,0.4171533195399222,0.9647505139733986,0.9832455257130265,-0.2711911309117524,-0.010369742625753091,0.9879997445179994
CSX,2019-02-08,20.41985227828893,20.730385024927713,20.40176252310849,20.727371215820312,13010100.0,0.00788525574851771,0.015854519051040995,0.015059802262053995,-0.007037394243411884,20.19886169433594,19.982090950012207,20.035976843842803,0.03729741135061995,0.11940849304199119,0.012711258928064328,0.39839665470774704,0.01288034159559292,0.07578550977992123,57.61224766967768,0.2538685834366454,0.11245360746527844,0.7687969207763672,0.7547396385805318,1185969900.0,0.456312071666086,1.1010688616174498,0.9999999910354522,-0.2902728244825636,0.0015216796752679032,0.9690888464409052
CSX,2019-02-11,20.799732111025982,21.251965717996743,20.78767169710717,20.866058349609375,18704100.0,0.006668728653133047,0.02225116086183395,0.003188802539828552,0.0034910792329728426,20.30739822387695,20.042238235473633,20.115032225344383,0.04110419726862776,0.18550758361816477,0.012684152135587714,0.3940896884928523,0.01296231242578703,0.0835593213047984,70.96792423951052,0.28620198284191645,0.11582960549643956,1.0853652954101562,1.0628754764843467,1204674000.0,0.4765448094463216,1.1531224108668598,0.9999999920267415,-0.27998130423924,0.0016535667210741513,0.9709455671561509
CSX,2019-02-12,21.104233010958584,21.47205060655309,21.06805522089516,21.44190216064453,16452000.0,0.02722321600814682,0.018841396748812744,0.016000067356658217,0.011414453911640088,20.479247093200684,20.130423736572265,20.24140079061106,0.0651490719338221,0.28219486236572067,0.013799810107771525,0.38805979896402654,0.01309414196399075,0.10194885971737376,82.75506682228914,0.3542091156455278,0.1470693906400407,1.7184886932373047,0.9269432171217433,1221126000.0,0.37437891447170074,0.2754843061794308,0.9999999945356272,-0.23654901781396037,0.011497825036072249,1.0906174083651399
CSX,2019-02-13,21.508231835473627,21.56551319721023,21.336382574860693,21.444917678833008,13932900.0,0.00014062680351364622,0.0106846118871185,-0.0029437174159613836,0.0030934603810868952,20.624866676330566,20.221172046661376,20.356021446632198,0.060518036706664516,0.3768021583557122,0.01374422643179295,0.3811686242049088,0.012970530368976751,0.11403499891012968,83.04349769463249,0.40369504033979453,0.15724425226744593,1.4561958312988281,0.7819305567948979,1235058900.0,0.35299162476616913,0.3166121707156445,0.9999999945446165,-0.2487584189412269,0.005021843459820185,1.1051220385441072
CSX,2019-02-14,21.31225752818975,21.664999105438138,21.282109088286035,21.595657348632812,9740400.0,0.0070045665526901335,0.017729954266770383,0.013297503564238035,-0.006186088127267483,20.80364933013916,20.315387344360353,20.474082008727493,0.06301971912083028,0.4770472335815441,0.013755209641701108,0.36760183493892995,0.01307316721999575,0.12588020856954504,81.75439946547132,0.4498903676445245,0.16275166365774069,1.7878265380859375,0.5586137542378203,1244799300.0,0.31757596070976973,0.2870461030992145,0.9999999949591474,-0.25500172705105734,-0.0015076948093007787,1.0771340226041395
CSX,2019-02-15,21.767512247839658,21.897150918319046,21.55948347281074,21.870018005371094,17421600.0,0.012624412176478349,0.015439742455876223,0.0047091167959080376,0.007957845247888482,20.994793701171876,20.427692031860353,20.60702829412212,0.07060640875441022,0.5930300521850604,0.0136922038514329,0.3663094015441093,0.012473771221821646,0.13811408865097166,89.06440122848335,0.5028426523365326,0.172563158679799,1.9114437103271484,1.0482215864477757,1262220900.0,0.14206785437895916,0.27623447579435184,0.9999999955716002,-0.1984856995106187,0.0109968660975444,1.1411802700059033
CSX,2019-02-19,21.511245494739725,21.972523996231065,21.469038357453744,21.860973358154297,14123700.0,-0.0004136493165945327,0.023031254396983045,0.01625790861343164,-0.01640476521524842,21.1482515335083,20.505325508117675,20.726451633553754,0.06611198878554482,0.6591465377807602,0.011861933112541356,0.38569079558062846,0.011909696159235,0.15091611726279075,90.70037370212054,0.5378775741567132,0.1660784643999837,1.5345783233642578,0.8732782854593666,1248097200.0,-0.17530090576574564,0.2183309637090927,0.9959946641570302,0.07967806754899878,0.0010508805116433706,0.9748508967506042
CSX,2019-02-20,21.885086363354393,22.105173768450936,21.885086363354393,22.084070205688477,11590800.0,0.010153534783688013,0.00996588957772158,0.009092211884860237,0.001103016082817825,21.298392868041994,20.617177963256836,20.855748640423727,0.07114903140700833,0.7503168106079094,0.01015686892009792,0.37406147800222883,0.011398248860510548,0.1615943878030627,90.54844334336802,0.5769938275324442,0.1641557742205717,1.501413345336914,0.7330989349610928,1259688000.0,0.22581063120434494,-0.2683247084021572,0.9999999959550268,-0.17190923869405914,0.002478735250985786,0.7628366369578673
CSX,2019-02-21,22.11422241022032,22.129296632636084,21.791627495013163,21.879060745239258,9765900.0,-0.00932649436240337,0.015433438462224466,-0.010633955859663475,0.0013653372884169822,21.433460235595703,20.73008575439453,20.953206936120445,0.055425481807336904,0.8358493423461901,0.009982704468877151,0.3753537259646996,0.010581926644451898,0.16280290172643547,89.71102459702811,0.584711005525655,0.13749836177102603,1.3506736755371094,0.629746847686885,1249922100.0,0.2949418850761969,-0.2908513433753892,0.917074217038569,-0.27819903227620124,-0.004430985114231328,0.8031080053205432
CSX,2019-02-22,21.909208605482704,22.11120628570566,21.894134383469154,22.102161407470703,8269200.0,0.010145355900608732,0.0098212974846493,0.008806927053481696,0.0013779321057009138,21.587219047546387,20.854600524902345,21.062631171487137,0.05982185470676619,0.930154914855958,0.009931616768903999,0.3684623907180917,0.010429674415875879,0.16374642958726057,89.98879175072854,0.6018910581424954,0.12374273151029314,1.537588119506836,0.5566005446058877,1258191300.0,0.13933445282648962,-0.2899965811178155,0.9999999957961078,-0.2679505120213337,0.003953982073480259,0.7983494798081963
CSX,2019-02-25,22.153415407091465,22.15944475094209,21.930314158410972,21.954431533813477,15393900.0,-0.00670639363973343,0.010436644291072529,-0.00898208558912738,0.0023189587061579376,21.7099250793457,20.95439338684082,21.14756453932774,0.047724509534152,1.0014268875122063,0.00992323868284509,0.3544645235573771,0.009988521576281719,0.16418358109035755,83.08823529411765,0.5967073367027744,0.09484720805645774,1.227060317993164,1.0675485060187824,1242797400.0,0.33339268052287196,-0.14247121590805784,0.9378959491469937,-0.21297832458042706,0.0005314056392966651,0.7727881716597599
CSX,2019-02-26,21.939355866324984,22.08105665085186,21.89714701188289,21.93634033203125,20600400.0,-0.00082437387349107,0.008383788552935005,-0.00013744862484147582,-0.0006866799290736994,21.816953277587892,21.062175750732422,21.22268604339474,0.041504001848832246,1.085813674926758,0.009489302390689907,0.3303454217068685,0.00988801379066838,0.1595473584547891,80.46128860023657,0.5844027600855775,0.06603410515140862,1.070281982421875,1.391116207269589,1222197000.0,0.4041383461052168,0.11462493711676006,0.9302906029051846,-0.24539559874386624,-0.001397345606803314,0.7112294483842051
CSX,2019-02-27,21.881897312651816,22.05128978025113,21.797201944273944,21.97869300842285,10802700.0,0.0019288469711125004,0.01156064356874228,0.004423551321350442,-0.0024818642743218594,21.870632362365722,21.174939727783205,21.29468670673075,0.037957760020684204,1.174093856811524,0.009331906116133824,0.33600433637749766,0.009885295253898595,0.15138969919186365,82.81151560447603,0.5714811228459595,0.04248997432943247,0.5367908477783203,0.7355064841160094,1232999700.0,0.3747118287045467,0.27369668331962055,0.9461854326158363,-0.19561705369207819,-2.5442089233261606e-05,0.7028929707644055
CSX,2019-02-28,21.92424350147498,22.045238108160156,21.87282014456751,21.98171615600586,15549300.0,0.0001375395563978657,0.007843698934559242,0.002621420188432653,-0.0024773769271450997,21.92431221008301,21.274589443206786,21.360118082852193,0.03323808972609185,1.2310496711730927,0.009206546094318101,0.3261388645844652,0.00955427041516242,0.14466557573788302,82.54966402907513,0.555085890367458,0.020875793480744753,0.5367984771728516,1.0703466220611468,1248549000.0,0.5822191164921521,0.6178700124218258,0.9475030925790014,-0.12171221091684438,-0.001978246799600704,0.7462764345840368
CSX,2019-03-01,22.172278226457152,22.187404064197956,21.900040840612046,21.915164947509766,14716500.0,-0.003032163461843684,0.013112528437462804,-0.01159615968739672,0.008669117056141552,21.9562629699707,21.37995615005493,21.412979689010058,0.025033203702499656,1.288119373321532,0.008819992510443166,0.3231917732820858,0.009470101405358549,0.13078924125528626,78.54386180419449,0.5306059293106209,-0.002883334060873932,0.3195075988769531,1.0239406529800315,1233832500.0,0.7339881026342882,0.8678171723692858,0.9127646980127225,-0.07329643818654737,0.005706457164613014,1.1312314483032893
CSX,2019-03-04,22.02406010915541,22.241850355780606,21.83651807518407,22.030109405517578,12433500.0,0.005231266470955021,0.018399013510800713,0.0002746676285928302,0.0049689410007392465,21.97227210998535,21.483532905578613,21.47175394772506,0.025441648835934045,1.3363365554809583,0.00880046069294449,0.31467304316923617,0.009531909691495023,0.11676838703736157,78.29619532459824,0.5145490398985011,-0.015152178778395031,0.16009140014648438,0.8669296007982153,1246266000.0,0.7823345742943376,0.9570586101571308,0.9594248361406884,-0.10428431439940919,-0.0027422157702296683,1.0973054757421163
CSX,2019-03-05,22.057339964539626,22.126911219144034,21.906095397557603,21.918195724487305,11401200.0,-0.005092980154966193,0.010074543742655444,-0.006308296479811964,0.001236060998191301,21.97799434661865,21.563122940063476,21.514272212178607,0.01646666790384601,1.3517104721069337,0.008474407093835904,0.2871604406437159,0.009199195568442512,0.10593443139012834,64.94982500715417,0.48717746207293544,-0.03401900528316859,0.05722236633300781,0.8066734589913398,1234864800.0,1.0101881987777086,1.9097808528970004,0.8831054189920923,-0.21064972566966172,-0.0017072953390936203,1.0456237404475837
CSX,2019-03-06,21.76089665209874,21.903066372573274,21.627801741939017,21.794170379638672,16137300.0,-0.005674626597365735,0.01263019540727392,0.0015290605011316315,-0.007176643295179078,21.94900436401367,21.62369861602783,21.540929180508137,0.007883561764243461,1.3478975296020508,0.008460752317135011,0.29153639494362665,0.00869669317572085,0.09691228838569715,60.18833301247133,0.45028685407839575,-0.05672769062216665,-0.2898998260498047,1.149660387359314,1218727500.0,1.2286665239506884,2.533166214987233,0.8042978408761524,-0.10631627276472409,-0.007994481082829906,1.0032046612857395
CSX,2019-03-07,21.721582783452302,21.8577015338613,21.661086330312223,21.785104751586914,17881500.0,-0.00041605227049922185,0.00902521267586531,0.002924371063005768,-0.0033305968945799096,21.939608764648437,21.68653450012207,21.564183996801354,0.004545228351919828,1.3410390090942386,0.008398645723709339,0.278231051114839,0.008706244071514956,0.08423041951573798,56.024494658170205,0.4155292979522933,-0.07318819739861532,-0.09395599365234375,1.2661252806590098,1200846000.0,1.2251947219650867,2.6214406817382594,0.7937961019603595,-0.0863973257246642,-0.007428870020683986,0.9392429903214882
CSX,2019-03-08,21.618726118119373,21.72762036739492,21.34648703324474,21.709470748901367,16813800.0,-0.0034778626093630804,0.017556085938643582,0.004197501290602802,-0.00763726570814041,21.900339698791505,21.743779373168945,21.57802083033469,-0.0015778592892601296,1.3184044265747055,0.008520194251084948,0.2854417848886869,0.008792027828011367,0.0685534372395545,44.15589465016461,0.3775287361241375,-0.08895100738141692,-0.39269065856933594,1.1809898686805684,1184032200.0,1.2503850222362394,2.483502425589769,0.7143632038561785,-0.06394050409159711,-0.002737225012829135,1.1573180090167128
CSX,2019-03-11,21.667128927616755,22.069435755261328,21.54613432791751,22.0664119720459,13270500.0,0.01630802678024361,0.023714839911751138,0.01842805503964212,-0.0019503847778857086,21.911537742614748,21.810731410980225,21.624534272402425,0.011722695413000042,1.3161862754821776,0.008992607395682957,0.28685719835772233,0.009114830390238388,0.05354946231384105,55.96692042887327,0.37192783812074026,-0.07564152430785137,0.11198043823242188,0.9312592368032134,1197302700.0,1.100805335418737,1.4185465967667794,0.9710789121439062,-0.13381732849289474,0.014547593411924936,1.1086471818893846
CSX,2019-03-12,22.11783725380461,22.190434025632886,21.857698388709057,21.97869300842285,16727400.0,-0.003983147713558529,0.015139009257571192,-0.006291042102582727,0.0023304777334827724,21.915773010253908,21.8663631439209,21.65826367583294,0.005137107792576869,1.3064522552490239,0.00908876133922413,0.2931811431168074,0.00885421431775136,0.03495595272752944,46.678106819116515,0.3563036521239802,-0.07301256824368918,0.04235267639160156,1.182046077283062,1180575300.0,1.2302241867144414,1.5663891436454462,0.8130001090157265,-0.3193458063713483,0.0014427357223971205,1.104948007669141
CSX,2019-03-13,22.099681957817566,22.501990479630052,21.9393643441864,22.37494659423828,14249400.0,0.017868392866001132,0.025145362160932768,0.012455592661746102,0.005504829124659421,21.95539836883545,21.913015365600586,21.726519191871546,0.021080222001890372,1.2799343109130845,0.00787696501327036,0.3092495001040024,0.009135291194985852,0.035749602494403405,63.95018034192529,0.37161201293659474,-0.0461633659448597,0.3962535858154297,1.014835381428585,1194824700.0,0.6685748713091805,-0.5469816008829267,0.9999999892476462,-0.4190961703040387,0.00810908073070655,0.964992005866619
CSX,2019-03-14,22.411247152799245,22.429396776278296,22.018013388022148,22.08153533935547,12828600.0,-0.013200123020060727,0.01863019857695075,-0.014711890471592689,0.0016223752046993108,21.96538028717041,21.94484624862671,21.760330253536683,0.00622875590834054,1.2447646903991725,0.008581912272111329,0.32205220351755565,0.009358186622562957,0.03008985533702631,49.44183156051797,0.3559648221531262,-0.04944844538266263,0.09981918334960938,0.9172536872903242,1181996100.0,0.4459458779162365,-0.5697454459409459,0.6234886304766942,-0.5259597708365713,-0.0006816182440495431,1.0384454328353352
CSX,2019-03-15,22.042212732754315,22.293276739848192,21.960541162785187,22.024063110351562,40917900.0,-0.0026061209258085045,0.015107819814892167,-0.0008234029234180578,-0.0017807913261841776,21.97627010345459,21.966266536712645,21.785447668471434,0.002631151431324067,1.1992486000061007,0.008525290092326736,0.32945255955554764,0.009269298129873538,0.02618720200937679,51.98109797988459,0.33506436868823997,-0.056279119078039064,0.10889816284179688,2.632264065918054,1141078200.0,0.6209251217828085,-0.35196892968128934,0.47273294579699654,-0.5219958019713735,0.0037764710659356888,1.040201307220564
CSX,2019-03-18,22.199502542443796,22.423342092720066,22.030110122886033,22.344696044921875,11989200.0,0.01445334610746095,0.01759844792891693,0.006540394416518133,0.007965806818351082,22.00772876739502,21.990000438690185,21.83870941860957,0.016129858988434713,1.1437846946716306,0.00866793711941291,0.3448360840840858,0.009338594901339252,0.02996551443894632,59.911833496604636,0.34044852820496985,-0.04071596764904739,0.3145866394042969,0.7849861865294846,1153067400.0,0.6347335961409002,-0.3996303011134338,0.9545429648967637,-0.5357511810300928,0.005596860270881251,1.093753392033852
CSX,2019-03-19,22.396122039870924,22.495943233689033,22.02103791538163,22.0664119720459,13514400.0,-0.012532347314034417,0.021521637451028343,-0.014721748132915881,0.002301485544742358,22.02255039215088,22.000272369384767,21.860395376079698,0.0030063083561260914,1.0913383102416994,0.009182187960408516,0.3606087613933871,0.00925898404357325,0.02957390439959505,51.91036289833497,0.31858783223275466,-0.05006133089701004,0.14821624755859375,0.8866163211563328,1139553000.0,0.5645936351277734,-0.554653194249442,0.5363699077614479,-0.6008280173338537,0.0014250669491768628,1.0783660516860314
CSX,2019-03-20,22.02708625793457,22.278150257784027,21.887943772443762,22.02708625793457,14347800.0,-0.0017837425523927982,0.017714848018071622,0.0,-0.001782152629124599,22.04584197998047,21.99742317199707,21.876270698161115,0.0013484800335732683,1.0245071411132827,0.008902852254782887,0.37616508437535984,0.009463300591802443,0.02938691229400705,50.97269963712378,0.29469278175866265,-0.059165105096881665,0.23291587829589844,0.9328553260878045,1125205200.0,0.7676163555013048,-0.0454618127694109,0.47727578166213436,-0.5224368859704324,-0.0028427904088080542,1.0397818948697848
CSX,2019-03-21,21.875840620665848,22.32352142771917,21.854665487595586,22.275123596191406,6540900.0,0.011197632388498037,0.021048410263534992,0.018252234620340056,-0.006866347890849204,22.094843864440918,22.01722631454468,21.914256688449715,0.011713431926543762,0.9807943916320809,0.00897142484780195,0.3891288498423367,0.009665170870433547,0.030952245831480818,57.16004923050774,0.29239972040191375,-0.04916653316290448,0.4900188446044922,0.4297775123248356,1131746100.0,0.5481166952886773,-0.4637447317288069,0.8499975510060584,-0.4840418732740353,0.012311687509545874,0.9884638295560652
CSX,2019-03-22,22.21160756247159,22.23580475382406,21.90609465526018,21.933319091796875,9972000.0,-0.01546362163926932,0.01503238507514313,-0.01252896576224881,-0.0028514335036362226,22.117228698730468,22.008784198760985,21.916072155435156,-0.003428863052251579,0.9194711875915509,0.009391747042104158,0.38653575415195746,0.009781863085295958,0.030919199346126826,48.23408884329444,0.26000451562197213,-0.0652493903542769,0.2238483428955078,0.6515768984233956,1121774100.0,0.5732855126907398,-0.1620631015692345,0.3363733501378181,-0.5168486649116767,-0.019453403425356553,0.8825314618423089
CSX,2019-03-25,21.84862004304556,22.157156681695344,21.84862004304556,22.008935928344727,8603400.0,0.00344164909848027,0.014018698571084834,0.007337574866665087,-0.003861661265074665,22.11148109436035,22.01150941848755,21.924916324283686,-0.00011691565961672677,0.8720842552185069,0.00930447759160226,0.3928015267993398,0.009863200200782317,0.030828029995332896,51.67774962758994,0.2376927550703094,-0.07004892072475172,-0.057476043701171875,0.5749058546056318,1130377500.0,0.4303697368963332,-0.18737884871571617,0.45000156961629734,-0.519228747846115,-0.0006423870346508054,0.8813369738737441
CSX,2019-03-26,22.139015351358896,22.26000998723514,21.921225006781654,22.09364128112793,8594700.0,0.0038412928358762914,0.015334049111355455,-0.002049507148843526,0.005910300408782775,22.12297592163086,22.019374465942384,21.940985367792663,0.003372794050095055,0.8313387298583983,0.00933694504819078,0.39625802664971105,0.0100131349854439,0.030813018858869532,55.618794182841555,0.22426040380518586,-0.06678501759190025,0.11494827270507812,0.5983250490789859,1138972200.0,0.3461290261186642,-0.27996961539413256,0.5772869581152067,-0.507824086135545,0.00889774455066869,0.8523365382473194
CSX,2019-03-27,22.05733639264333,22.247902231467616,21.98776341846185,22.202529907226562,5966700.0,0.004916399883156306,0.01171662932525073,0.006582549769321166,-0.0016432279325369517,22.105734252929686,22.03056631088257,21.965894371548274,0.007805682065424112,0.7920438194274908,0.00938676396362138,0.400795427325189,0.010016754228154097,0.031614298741397776,57.54912167051969,0.2198670799237945,-0.05694267317863333,-0.17241668701171875,0.4224870422295862,1144938900.0,0.29373294470102546,-0.37002204981924064,0.7409121673927171,-0.49328348660407495,-0.005220661050504703,0.8059889127760673
CSX,2019-03-28,22.24790336803138,22.532241114660128,22.202531041472422,22.51409149169922,9661500.0,0.013935159523239706,0.0146446092798933,0.011964638611759311,0.0020436166956833888,22.148989868164062,22.057185077667235,22.01810362108646,0.02071462937918578,0.7609797859191865,0.009857179442142167,0.39301639083171686,0.010155894461661694,0.03705492087800986,63.407421909513495,0.2387733248758046,-0.030429142581298585,0.43255615234375,0.6986703460484611,1154600400.0,0.16800677692336013,-0.7795443606963919,0.9999999875717845,-0.43668572114055926,0.004863995661991091,0.8447917577580994
CSX,2019-03-29,22.659281797023596,22.73490406139662,22.58366126349364,22.63205909729004,11731200.0,0.0052260435293514885,0.006682679523450462,-0.0012013928763237474,0.006448863609615668,22.20978946685791,22.09302978515625,22.076575571201086,0.024398161654403262,0.7384103393554682,0.009841987360012178,0.3714100438569728,0.010043948757125382,0.04312364960097361,60.24099464333567,0.26027536766453707,-0.007141679834052894,0.6079959869384766,0.8575974594903409,1166331600.0,0.03739289460974433,-0.7853549454708042,0.9999999891609297,-0.3827734208113693,0.006613141640268568,0.8756283032611918
CSX,2019-04-01,22.792373529924678,23.224928460149776,22.72582608501533,23.20073127746582,14290800.0,0.02481635353304236,0.021512355329041215,0.017916420464283777,0.007083510693635246,22.295392990112305,22.151560878753664,22.183638019416776,0.04736327180079002,0.7254052925109882,0.011141763294958201,0.38999102428096627,0.01016324767872201,0.06189657039739322,68.84329740940689,0.31951975894990525,0.04168216916105222,0.8560352325439453,1.037669882609728,1180622400.0,0.27220984781325946,-0.6265311031945989,0.9999999932942637,-0.2858081022338482,0.011514704227779747,1.010508467622094
CSX,2019-04-02,23.26728325750243,23.33685623440496,23.025294057066017,23.04344367980957,10810800.0,-0.006802508827541909,0.013520643080440693,-0.009620357272294973,0.002868529411452238,22.39309616088867,22.207823276519775,22.26552427278752,0.0376272988525306,0.7269648933410657,0.011210093356369898,0.3720578844163442,0.010234026265264724,0.07049064218764194,61.12801286777196,0.349747895227118,0.05752824435061199,0.9770317077636719,0.7866696646677567,1169811600.0,0.27689615503880266,-0.6671666075852316,0.8945270772016396,-0.37871355628295494,-0.0007517789115523778,1.0120348274631692
CSX,2019-04-03,23.085793075461634,23.167464649981554,22.713734449690172,22.7530574798584,21575700.0,-0.012681758842533855,0.019941504595285084,-0.014413002599287229,0.0018378067202329596,22.465693283081055,22.255767631530762,22.31195600679427,0.022344313463405447,0.7167885208129903,0.01157960897307322,0.3750826567045752,0.010435797812577084,0.07130142023921765,61.189638196263545,0.34628046587296524,0.04324865199716732,0.7259712219238281,1.5395368053310843,1148235900.0,0.24072193278307816,-0.7940709247059993,0.6998017475615828,-0.30932168644806707,0.0013349937391082007,1.0336810683104436
CSX,2019-04-04,22.69558961096145,22.75911157545901,22.56249465232373,22.62601661682129,23358900.0,-0.005599109169163721,0.0086898602818627,-0.0030654852036343366,-0.002525720727766892,22.500782585144044,22.29781322479248,22.341866541082556,0.014719084276115707,0.6987318801879887,0.011698528588472073,0.36535989570973776,0.010430296613352737,0.06972687486132995,59.80312796061317,0.32948328894725876,0.02116118005716866,0.3508930206298828,1.6348293846425181,1124877000.0,0.29040842560897157,-0.8622205272730108,0.6146114942478298,-0.2535450754233502,0.0022389369459948003,1.1027916791039047
CSX,2019-04-05,22.61391140966408,22.762128706556425,22.438469679868305,22.511066436767578,13231500.0,-0.005093391986646963,0.014377774042702992,-0.004547863084514927,-0.0005350127405196524,22.558557319641114,22.33789300918579,22.35798081686208,0.007752451294783027,0.6808276557922355,0.011743285657996693,0.359958470303996,0.010336432912006158,0.06544280315885266,52.90397499597161,0.3033984973465067,-0.003938889234866738,0.5777473449707031,0.9377946887714474,1111645500.0,0.3031161504486427,-0.8869002341293906,0.45584802398541363,-0.20519305308341854,0.005328804702860892,1.0812338105029309
CSX,2019-04-08,22.547365750175643,22.91035129449919,22.495944125043046,22.874052047729492,12559200.0,0.015996139836448514,0.018116911187901163,0.014488889796419071,0.0016125097187211566,22.64506893157959,22.378275012969972,22.407130457897075,0.022154390115957472,0.6629001045227056,0.01172279515516349,0.3556371739574775,0.010122533279363279,0.06761607562004272,63.69238788653293,0.30846027919078267,0.0008983140875273854,0.8651161193847656,0.892394270122783,1124204700.0,0.30205347994266385,-0.8807981897765914,0.7422470441323902,-0.2109837251419865,0.0010273536543555692,1.0318346656978212
CSX,2019-04-09,22.713729870824164,22.783301105428706,22.417291850964702,22.592735290527344,13069200.0,-0.012374762485309918,0.016200307300438456,-0.005326935777828272,-0.007008910208422921,22.694978332519533,22.408977127075197,22.424807108623767,0.008200203088704344,0.637361373901367,0.01208319911940228,0.36039101048780076,0.010152801730268878,0.06585723620540963,58.86257941007185,0.2864696230333834,-0.016873873655897542,0.49909400939941406,0.9408603892247254,1111135500.0,0.3031142597675897,-1.0098493618286217,0.520285508521895,-0.24851389121932546,-0.008844141120722944,1.0587855156565724
CSX,2019-04-10,22.63508299746422,22.76212687912759,22.459641281753566,22.707679748535156,7667100.0,0.005074774904037204,0.013320850070273517,0.003207266837902424,0.0018743948615479067,22.74549331665039,22.425613784790038,22.4517473600439,0.012577848100479962,0.5943127059936515,0.011479981164407224,0.3485074145771177,0.009733668704099878,0.06685010292487614,57.072236705876485,0.27514522385617823,-0.0225586182664822,0.5051498413085938,0.5653546877851577,1118802600.0,0.3671976730878232,-0.672409242664628,0.6109777540286099,-0.18730957826132433,0.0047147143689799005,0.9947751886233324
CSX,2019-04-11,22.753057514449065,22.840778386625907,22.65021080217527,22.807504653930664,6002100.0,0.004386451104900959,0.008355477170440667,0.0023929592516092955,0.001998344455110425,22.774834632873535,22.4619122505188,22.485629007080732,0.015385707127579118,0.5742355155944843,0.011021519893973528,0.3357601748285042,0.009477893392297087,0.06675581450088737,65.520940782527,0.27110051354825515,-0.021282662859524237,0.2934131622314453,0.45400805582345266,1124804700.0,0.2692847409784528,-0.5052027301497457,0.6897405320235146,-0.21712737548152689,0.001148471046911766,0.9647968352067267
CSX,2019-04-12,22.925470561600843,23.237032707665715,22.84985002583218,23.188634872436523,11161800.0,0.016572649165527645,0.01669708820564363,0.011479123629264525,0.005172240868088502,22.830492210388183,22.520140838623046,22.552581946638426,0.029684274117281726,0.5648480224609358,0.011464088842899284,0.34440241876316613,0.009531202483660165,0.06985215202734266,68.89536553325391,0.29524566662315976,0.0022899921723043004,0.5565757751464844,0.9513618005454106,1135966500.0,0.09274883948496843,-0.8321003196655045,0.9904558161341407,-0.17439255396801506,0.006460658262540957,1.0262947360712713
CSX,2019-04-15,23.109996084234837,23.18561664376405,22.84985720542955,22.949678421020508,11035800.0,-0.0103583582032287,0.014630245887322047,-0.006937156658529001,-0.0033912642393262153,22.80538692474365,22.550389957427978,22.590400658484338,0.017706499282111373,0.5352750587463362,0.011451937221845754,0.3444018963741295,0.00943590482460136,0.07134772989202871,63.065625942491565,0.29173613325979275,-0.0009756329528501917,-0.2510528564453125,0.9444597777877622,1124930700.0,0.3060022475313331,-0.7203878279126371,0.8019169554283753,-0.1741615784662431,-0.00228633481280604,1.0248721844017834
CSX,2019-04-16,23.02529405489055,23.082766706344184,22.85892712867247,22.95572280883789,10317000.0,0.00026334103135477934,0.009750927014397351,-0.0030215139006176503,0.0032948450293222515,22.796614837646484,22.594855499267577,22.625193244232296,0.015971215641631824,0.5271540451049788,0.010985853966903257,0.3418090938502686,0.009085085588688667,0.06992775843689845,61.86852384164001,0.28614404394617665,-0.005254177813173055,-0.08772087097167969,0.8951917607997636,1135247700.0,0.2706482758294606,-0.4983565110251336,0.8066860335846673,-0.19162729348346227,0.0034697586542385746,1.0174479508400671
CSX,2019-04-17,24.017451565816174,24.353210933139977,23.80571058222875,23.878307342529297,24583800.0,0.03940313892476809,0.022928775606137028,-0.005793463261727554,0.04625115775354808,22.909139823913574,22.687416553497314,22.744537444070104,0.05249124712916703,0.5538020896911604,0.013853093801252688,0.4180788736265915,0.009286106222426638,0.08208114140052429,68.02566995000893,0.35209836362233204,0.04856011349038586,1.1252498626708984,2.042402800434172,1159831500.0,0.8490355333282641,0.9949326509160159,0.9999999948585808,-0.16647164404111278,-7.793144172846947e-05,0.9508765169186539
CSX,2019-04-18,24.14751747872048,24.14751747872048,23.736135896626802,23.887378692626953,18888300.0,0.00037982706665362897,0.017221713080667788,-0.010772899794886564,0.011274255428972459,23.035276031494142,22.768029308319093,22.853379467742187,0.04916320903974182,0.5672350120544465,0.013771871362535907,0.43169094594061136,0.009134056086855864,0.09242039413591809,67.07826874901718,0.4004830994034947,0.0775558794172388,1.261362075805664,1.4926654062031401,1178719800.0,0.9866059738464338,1.2777863701238164,0.9999999948824488,-0.13392958913800332,0.000861564306106559,0.9911194711968782
CSX,2019-04-22,23.802685561076522,23.97510351942714,23.654468254170546,23.842008590698242,10434300.0,-0.0019011396615928387,0.013448332762604901,0.0016520417211250713,-0.003545518017704134,23.168370246887207,22.86346378326416,22.94753462230943,0.04279949952947939,0.5971207809448238,0.013111302871301668,0.4122456532546726,0.00909260504942429,0.0944067527525096,60.17288956127081,0.4302081908228672,0.08582477666928906,1.330942153930664,0.8230767228384208,1168285500.0,1.144114469419649,1.7009335240806682,0.9758469554942671,-0.13906572687788243,0.001131093118040863,1.0756049603042652
CSX,2019-04-23,23.838985829037107,23.923681189349725,23.657493051327574,23.902507781982422,10312500.0,0.0025342899357169687,0.011136410474168017,0.002664624804128298,-0.0001267830119948401,23.2712158203125,22.958142375946046,23.03848444704019,0.041134225521042865,0.6282966423034679,0.013115854502887015,0.40900465044633044,0.009021475612610276,0.09545189985303434,64.05948475266192,0.45342056897954564,0.08722972386077399,1.0284557342529297,0.8080221615503683,1178598000.0,1.154369535181724,1.7133737374881242,0.9999999944716761,-0.13493217659715126,0.0068640037930022485,1.0210017889736374
CSX,2019-04-24,23.923680727740695,24.310865197327388,23.923680727740695,23.993253707885742,11260800.0,0.0037893137791238656,0.01613722233343611,0.0029081219122095016,0.0008858043662779807,23.41126766204834,23.053122997283936,23.129414852835005,0.04078105646304714,0.6607333564758306,0.01311593658555036,0.40576373723587217,0.009043978984703863,0.09624859080347803,71.71618731322049,0.47367871041106113,0.08599029223383153,1.4005184173583984,0.8732043781187117,1189858800.0,1.1550102662483879,1.7143771558879948,0.999999994415666,-0.13457129620469513,-0.003342337622360177,1.0695840858382524
CSX,2019-04-25,23.85410845519188,23.90855559278125,23.60304444245224,23.757312774658203,9123300.0,-0.009882305939807087,0.012859667809521696,-0.0040578200906355765,-0.005799349033187995,23.516230964660643,23.130862140655516,23.189214654913403,0.027082891687881274,0.6921642875671381,0.013483786306707617,0.4195917616857451,0.009070918359874005,0.0930221889522325,69.08159345661798,0.4653309267120598,0.06211400682786411,1.0496330261230469,0.6989010079838943,1180735500.0,1.1795702347195929,1.5435693539621578,0.8408157010701476,-0.133816138171485,-0.004360330873793216,1.3292653997894215
CSX,2019-04-26,23.79058387849008,23.99627381148372,23.784532850992598,23.9478759765625,8909400.0,0.00798924479696255,0.008841742820881156,0.006611527437737025,0.0014004573727448544,23.630268096923828,23.20255136489868,23.26146811411808,0.03212252824882704,0.7137943458557139,0.013301832397618403,0.41354190526698786,0.008931939819086689,0.09427646520746338,73.63190665970646,0.46868934673840457,0.05237794148336711,1.140371322631836,0.6844868019982829,1189644900.0,1.277071676031568,1.9381369813470684,0.9693846102302206,-0.1591645087210855,0.002468671133576059,1.2843773088674495
CSX,2019-04-29,23.920650503876626,24.065843991812876,23.81478003590108,24.008371353149414,8044800.0,0.0025229417247737127,0.010457350572381148,0.003667159856650717,-0.0011368637749969684,23.71224174499512,23.27136697769165,23.33260175593059,0.03167000787552664,0.734355678558348,0.013293496532578684,0.40187453287096303,0.008997748895948867,0.0958745069606784,70.71825321620476,0.4708052403701011,0.04359506809205088,0.8197364807128906,0.6269397526702102,1197689700.0,1.3132724201962742,2.017219911719652,0.9999999933213337,-0.18879440192025088,0.0008659325803628836,1.3406169441568392
CSX,2019-04-30,23.999301912476,24.147520946967155,23.75126168363244,24.08702278137207,10522800.0,0.003270645755169896,0.016451151598576446,0.003655142521060961,-0.0003777615957370924,23.825976181030274,23.315681552886964,23.40445137740121,0.033082508299638276,0.734330158233643,0.012238705684923001,0.39755303762595773,0.008796918027768146,0.10059338599475061,79.4751903155585,0.47337187791275426,0.036929364507763185,1.1373443603515625,0.8322725077915807,1208212500.0,1.6375634576472988,4.085125060550458,0.9999999936546466,-0.13592633121194472,0.0033870337494042377,0.9894225594932954
CSX,2019-05-01,24.062823467105364,24.13844574014955,23.87225762374712,23.935779571533203,10839300.0,-0.006298828992863199,0.011120929469078413,-0.005279675335931957,-0.0010046619080470612,23.923981857299804,23.360298347473144,23.455054062556638,0.024635011740862824,0.7374508285522445,0.012220426445562585,0.394960360413701,0.00873758859555065,0.10245966372286357,73.88257339719053,0.45792323955688374,0.017184580921514092,0.9800567626953125,0.8572086093343709,1197373200.0,1.6415548813763214,4.110253342361727,0.9040308322010455,-0.1958629835252549,-0.009189911751481436,0.9115882829687464
CSX,2019-05-02,23.893431097476277,23.950903748218696,23.609093357798134,23.869232177734375,8424000.0,-0.002784119670703766,0.01432012508300995,-0.001012785465728208,-0.0017692540128206545,23.923074340820314,23.416107082366942,23.49449959733547,0.01935100030818745,0.757556324005126,0.011793881837695872,0.4057634179829814,0.008544966775473258,0.10091487354716745,70.91790605616728,0.4352924830541518,-0.004356940464974313,-0.009075164794921875,0.7027440302420187,1188949200.0,1.7938100491913014,4.728526477084351,0.8618041591054387,-0.23302843376471274,-0.0006154724944976289,0.9545414359784141
CSX,2019-05-03,23.996273620660695,24.419755538275336,23.9357771929118,24.356233596801758,7392000.0,0.020197543632908405,0.01987082047969384,0.01500066142899533,0.0053223933631525115,23.969959831237794,23.502617931365968,23.576569502046546,0.03632002477037151,0.7945237159729004,0.012282149589596985,0.4144059398976892,0.008881746003240557,0.10137328229987218,72.0825385190337,0.45145035132599887,0.00944074224549818,0.4688549041748047,0.6606518037885593,1196341200.0,1.4329464993078873,2.9643275482257425,0.9999999945804369,-0.288077353566815,0.009772211067265914,1.161652290994075
CSX,2019-05-06,23.932752428289998,24.29573619867416,23.914602807060003,24.220115661621094,8652000.0,-0.005604303062165481,0.015736233341696867,0.012007111768365374,-0.017386972695456807,24.007770538330078,23.588070392608643,23.637859612482217,0.026795123911895036,0.8376170921325681,0.012301914989186187,0.42175259152160216,0.008927221184685164,0.09629281457687902,74.99998123335868,0.448106505697492,0.004877517293593037,0.37810707092285156,0.7894178590735836,1187689200.0,1.4289721116068088,2.9420097085359624,0.9228136801013633,-0.2980704750480865,-0.00612691571312733,1.322966562389659
CSX,2019-05-07,23.9539343295709,23.969058441253598,23.364085319727486,23.67564582824707,16264800.0,-0.022736595960403325,0.025552549903594457,-0.011617653179431326,-0.010990093349223046,23.985084342956544,23.628150081634523,23.641458299697916,0.0020101339482122417,0.8432724952697761,0.013248080551367808,0.4669090746803088,0.009245081577207258,0.0918421768563158,61.68971179498043,0.3969465657969238,-0.037025938085580135,-0.22686195373535156,1.4593474981056962,1171424400.0,1.132438741940617,2.971916335708053,0.6140695047600019,-0.13630652049180217,-0.017653340209353878,1.3514280882873024
CSX,2019-05-08,23.672614520099987,23.9297295483122,23.593968466259795,23.65446662902832,9931800.0,-0.0008949567001974238,0.01419440511249423,-0.0007666196336808504,-0.00012803486625342052,23.9512056350708,23.68123664855957,23.642697188205574,-0.0011304316547538443,0.8619965362548818,0.012848449649260959,0.39107142880533147,0.009183809365094348,0.08187649416446591,44.8610800940583,0.3506508754437334,-0.06665730275101645,-0.3387870788574219,0.9038452875468052,1161492600.0,1.1702177407008603,3.4429699909323244,0.5743135874788333,-0.08733244092842463,-0.0022299090060310355,1.317488751267565
CSX,2019-05-09,23.466922330422605,23.702862200223684,23.2703054837812,23.645389556884766,8523000.0,-0.00038380971896848434,0.018293490805125583,0.007605054636022506,-0.007928494078812343,23.940013313293456,23.72812213897705,23.642953604270257,-0.003486688984813631,0.8755480957031239,0.012845930555136567,0.3925839384016747,0.009339810118427336,0.07208210656097461,44.444444444444436,0.3096592048770006,-0.08611917865419944,-0.1119232177734375,0.7726281322578364,1152969600.0,1.240775275402941,3.5752888987049825,0.5410145535155122,-0.08662536598526539,-0.002544228010741658,1.3459856692453156
CSX,2019-05-10,23.56976850842298,23.87830514400352,23.22190884765561,23.802682876586914,8969700.0,0.006630149038210309,0.027576567723530156,0.009881911571626049,-0.003198130793314229,23.9254940032959,23.777881050109862,23.65816591591946,0.0010430629383999552,0.888887672424314,0.012876996801561071,0.41656686919391156,0.00999888719697219,0.06201842860790499,49.14129449708795,0.286561959082988,-0.08737313955856968,-0.14519309997558594,0.8023303242703649,1161939300.0,1.2048638165033554,3.455148545412588,0.6064493339396546,-0.10491739349383501,0.004875064014020917,1.3253501948185378
CSX,2019-05-13,23.351981803759116,23.466927113867143,23.116041885864586,23.221912384033203,14756700.0,-0.02470196800613206,0.015110091804661916,-0.005569952084536793,-0.018934885414581635,23.84684810638428,23.7795449256897,23.61661796050172,-0.02345009306944599,0.8644165992736816,0.013696464762688917,0.4465992158153527,0.009948831125716798,0.06155412828295213,37.89017851082604,0.21887089292575368,-0.12405136457264321,-0.7864589691162109,1.2990847591467964,1147182600.0,1.0070711238409538,3.4255400809426515,0.19354659224514326,-0.08579359101012991,-0.02337113505871957,1.2153567021587703
CSX,2019-05-14,23.273338573013373,23.832937620333738,23.26123824534081,23.66657066345215,9666300.0,0.018967199665902948,0.024156409609263452,0.01689624757553042,0.0022145544315949114,23.804802894592285,23.815389537811278,23.621375360782714,-0.006248853251921507,0.8675319862365711,0.014089802546547799,0.4610754887407505,0.010284611744972779,0.052304886298859814,44.8375141362822,0.19881364238099053,-0.11528689209392512,-0.4204521179199219,0.8561195235425563,1156848900.0,0.7424216523550768,2.422513034045639,0.5075632802315584,-0.2053846343976215,0.009969203752414307,1.2475086297304974
CSX,2019-05-15,23.463901486233123,23.748239245868387,23.391304721911997,23.409454345703125,12555600.0,-0.010923559258711432,0.015247451678509822,-0.0023204640780623603,-0.008563521099066699,23.752170372009278,23.83807611465454,23.601192406965612,-0.017980552075170162,0.860393390655517,0.01436375854404813,0.4586987214923854,0.010401763852082984,0.04317824247078349,44.539430427424946,0.16032288635162217,-0.12302211849863476,-0.5263252258300781,1.1011018385022573,1144293300.0,0.7914680646822448,2.16104339420538,0.16533408518284215,-0.3064806454828961,0.004626030807521349,1.1842943632502034
CSX,2019-05-16,23.46692348898815,23.769409096308486,23.394326735530093,23.66051483154297,10867800.0,0.010667645256026068,0.015852671146375587,0.008249540790707423,0.00245495441441481,23.731298637390136,23.827186489105223,23.60684216168727,-0.006995020483784925,0.812176876068115,0.011331976995184397,0.46842167320330497,0.010170312956911001,0.04366819383984254,45.57317743960058,0.14836688677907262,-0.10798249445694746,-0.20871734619140625,1.0140748869082277,1155161100.0,-0.3208464626893318,0.6144623974792558,0.3866651162880142,-0.4533850126112081,0.008205363971545903,1.1540480933219055
CSX,2019-05-17,23.56069368789028,23.826881784371096,23.418525694517836,23.714962005615234,10568100.0,0.0022985393152269887,0.01721934404771847,0.006547698457802478,-0.004218891446927172,23.667171478271484,23.81856565475464,23.61713928968041,-0.004349701432114731,0.764958896636962,0.01134704205447039,0.4796568256276953,0.01017349240800074,0.04381097907882483,45.47156581008784,0.14165222422766277,-0.09175772560668588,-0.6412715911865234,1.0259345011867838,1165729200.0,-0.3470235839260766,0.606603309990106,0.43466490063426455,-0.4277665439031846,-0.00836217881147757,1.0994601961224197
CSX,2019-05-20,23.59094436261647,23.760335062042955,23.445749120113565,23.612117767333984,8156400.0,-0.004346112232461929,0.013323071866285636,0.0008975225574720176,-0.0052295105077292845,23.606371688842774,23.807071113586424,23.61666104945694,-0.008188884105999177,0.7154114151000961,0.011378159759621873,0.4738230169558863,0.01017027388502562,0.04449537175999759,42.72472000397386,0.12657307958258457,-0.08546949620141125,-0.6079978942871094,0.8006631946131635,1157572800.0,-0.3109282019824783,0.5451513374322683,0.3439990149777866,-0.42912106894017255,-0.007248404741563164,1.09811203736955
CSX,2019-05-21,23.69984482010247,23.799666034502813,23.57885019545522,23.696819305419922,24703800.0,0.0035807876410133064,0.009318374597095712,-0.0001276596832390192,0.0037153403025056504,23.60848903656006,23.7967866897583,23.62429516907246,-0.004200877439532692,0.6725188446044896,0.011394941774601304,0.4705821400019694,0.01013625795205798,0.04453016480911515,46.26307494252215,0.12007332451329589,-0.07357540101655996,0.021173477172851562,2.2650280288485343,1182276600.0,-0.3233867723493914,0.5291073094433375,0.41867057748210545,-0.44062874111947875,0.009182102491316303,1.077474708453105
CSX,2019-05-22,23.636320626207237,23.636320626207237,23.38223107302345,23.424579620361328,11738400.0,-0.011554950417753035,0.010847133963630382,-0.008958289625295428,-0.0025530295198245415,23.58550033569336,23.76835298538208,23.60527464062378,-0.014463491232740364,0.6151674079895031,0.011611297055067638,0.46863770014310574,0.010010103768881581,0.04596249867629383,43.46671225352271,0.09189544096985003,-0.08140262764800466,-0.2298870086669922,1.0739124468231096,1170538200.0,-0.1399573979042923,0.21256443964077165,0.17866829277289908,-0.4398514541181911,-0.005581273202595256,1.101494891676176
CSX,2019-05-23,23.140239425639592,23.170487643069144,22.62601107512073,22.801454544067383,24498300.0,-0.02696155247650599,0.02387902784430391,-0.014640508913526312,-0.012138539915336585,23.501106834411623,23.72056007385254,23.528720345713644,-0.0387472103071587,0.5588443374633805,0.012815392077542473,0.486355213335937,0.01036419929849043,0.058751289325184246,28.03426339309773,0.019063526797324926,-0.12338763345642381,-0.8439350128173828,2.0940060260273095,1146039900.0,-0.32633132923230895,-0.040437669670385624,0.0,-0.264808912713769,-0.012539173900544124,1.1803744144412733
CSX,2019-05-24,22.91942405613343,22.958747085690685,22.54433992200628,22.656261444091797,13645200.0,-0.006388072544603997,0.018291065571741656,-0.011482077882808242,0.005173771341562983,23.38646469116211,23.655979347229003,23.445629021749657,-0.042260685489409276,0.4827690887451155,0.012627315504620387,0.48441066861755494,0.010582216969927314,0.07051143912581807,27.96256019300465,-0.0497981179432756,-0.15379942255761947,-1.1464214324951172,1.1431932198618637,1132394700.0,-0.18245527006249232,0.06731390531271528,0.0,-0.22740172186329233,0.0005339880681686997,1.154278077529689
CSX,2019-05-28,22.801451965890696,22.88312352839046,22.492915336634496,22.54131317138672,22530600.0,-0.0050864906586288285,0.017310801229241706,-0.011408869702382349,0.0064084060010157085,23.318404769897462,23.58262643814087,23.359503702667475,-0.044155949698206874,0.39907117843628015,0.012576260085556597,0.4511376578934375,0.010739394816231315,0.0808283343476419,31.81374776539029,-0.11235171186816117,-0.17308241318600404,-0.6805992126464844,1.779621858198009,1109864100.0,-0.08851415619337573,0.10345404535408426,0.0,-0.23851171231286145,-0.011682436427269929,1.105546878200066
CSX,2019-05-29,22.305374539073075,22.447544268368848,22.142031404957724,22.368896484375,16341000.0,-0.007678322387037366,0.013657931835150176,0.002847831368652959,-0.010466942654127962,23.188637351989748,23.496720123291016,23.26516015806819,-0.04799919448323625,0.31268085479736385,0.012523161448036476,0.4556748496346226,0.010666956903074367,0.09063584391054051,30.342313334674927,-0.1738346141992082,-0.18765225241364086,-1.2976741790771484,1.261732467315871,1093523100.0,0.04537632241957237,0.15625281762276377,0.0,-0.23080233591181076,-0.006075272086488369,1.1093350504146149
CSX,2019-05-30,22.444764799617964,22.836241791533237,22.399243007665856,22.763408660888672,13039200.0,0.01748291933362199,0.019197422950905305,0.014196801085486606,0.003391687886613411,23.1240327835083,23.43810157775879,23.21737430119395,-0.028786158922971684,0.24012237548828352,0.013368986990091545,0.45815974897146206,0.010876533064345084,0.09316366807963442,37.93567670122373,-0.18855290121305046,-0.1618964315419865,-0.6460456848144531,0.9983129466700508,1106562300.0,-0.02620998331324275,-0.28683231422506755,0.1985129609172343,-0.24268557048060693,0.0011303280069204348,1.1638138458681173
CSX,2019-05-31,22.47511107474497,22.772512585086826,22.308200734900986,22.59953498840332,17481000.0,-0.007225033129120476,0.02054519486458887,0.00553607558354471,-0.012664956748724797,23.017934799194336,23.374616718292238,23.158532461880554,-0.033159120392436764,0.1651885414123555,0.013411650858391706,0.44443943138845704,0.011055569438673814,0.09695241760849697,33.5721138771203,-0.21100811532571484,-0.1474813165237207,-1.0609798431396484,1.2935392962231627,1089081300.0,0.026316141475948084,-0.32695087326595235,0.1160540410711421,-0.2755598146362918,-0.012848219423928114,1.1303613110984883
CSX,2019-06-03,22.61167830320946,22.927288604354747,22.52063817254617,22.614713668823242,13186500.0,0.0006714113997646059,0.01798167501758759,0.00013423884654119352,0.0005373258703052829,22.907909965515138,23.28754072189331,23.106740195875094,-0.02889214714018833,0.07132074356079343,0.01230737231660256,0.42444010575176044,0.010989742088000746,0.0929255133016622,40.19481803492877,-0.22498574600355425,-0.1291671577612481,-1.1002483367919922,0.9552797379853823,1102267800.0,-0.0809940147951673,0.017653681067193318,0.13278664468356347,-0.2901542860357063,0.003773552665740162,1.0389951045738572
CSX,2019-06-04,22.80589628574165,23.282347893152277,22.78768930448331,23.26413917541504,13175700.0,0.028312342038287912,0.02126270759210847,0.02009317607744647,0.008453903936974127,22.87311210632324,23.23974189758301,23.1217305748789,0.0010498084677337664,-0.003094482421872158,0.014256331493418527,0.4284836048966533,0.01116165777494354,0.08511333078272668,43.90455290809941,-0.18156691770674982,-0.06859866357155492,-0.3479785919189453,0.9391093867104016,1115443500.0,0.2280549248578662,0.09589916431592585,0.6243905575188472,-0.23466798546996234,0.021967154830973223,1.1023911931777723
CSX,2019-06-05,23.2884166559276,23.792179598468795,23.28234766223501,23.679895401000977,14113800.0,0.01771330904834742,0.021530159977490138,0.01681001979899459,0.0010435580843762753,22.87141971588135,23.2399543762207,23.17488912974767,0.018930373857808682,-0.03630119323730696,0.014046481821770202,0.4407054548321795,0.011011778343921962,0.08514663717398122,53.90842117856035,-0.11231443973280264,0.0005230515219138143,-0.016923904418945312,1.013744353093153,1129557300.0,0.10315498040382337,0.02680793300019093,0.9143613822836427,-0.05141610521239194,0.005700731523333602,1.1097936014196899
CSX,2019-06-06,23.728452338902258,23.78611212386144,23.397668719066097,23.522090911865234,9966600.0,-0.0066863744254759706,0.016513982802413216,-0.008696792529477318,0.002050555421762083,22.88117084503174,23.23333559036255,23.20795596613982,0.012428491827168505,-0.07148897171020252,0.014127052754731653,0.4416598151191045,0.011070122835111496,0.08431397210919203,47.944076990455514,-0.06936525595512322,0.03477778823967459,0.09751129150390625,0.7157761836689185,1119590700.0,0.1630709911460354,-0.03703098135718867,0.8043000168722425,-0.08100156727922099,0.007066568711303511,1.0507752853096501
CSX,2019-06-07,23.6495395550512,23.810379112849848,23.56760209419562,23.69202423095703,7832700.0,0.007198442769563081,0.010247204556586762,0.0017964271907678004,0.005418253150347082,22.970227813720705,23.235667324066164,23.254057705646222,0.019640361540991746,-0.09894712448119947,0.0142235488353945,0.43308353734277255,0.010877707884560831,0.08467931389766749,49.67061909149372,-0.021369189011384293,0.06621908414673082,0.8905696868896484,0.5639226849881963,1127423400.0,0.07887215341870576,-0.14209934003832658,0.9228206827326799,-0.09271708938268479,0.008566578673136349,1.0435607778605327
CSX,2019-06-10,23.786108511759757,24.089579007432317,23.673822587693458,23.874114990234375,7642800.0,0.007656356045205069,0.017414526984934207,0.003699910745429759,0.003971137285930636,23.09201316833496,23.239238929748534,23.313110780368902,0.027319141664021367,-0.12257598876953324,0.014250098911959138,0.4403100000434489,0.010477535307749846,0.08545321362071596,53.678497172611564,0.031003849237450254,0.0948736979164523,1.2178535461425781,0.5528915799925127,1135066200.0,0.06939732143115307,-0.16622729857951207,0.9999999933564464,-0.03698965082930411,0.0045873897848151815,1.0463213173884494
CSX,2019-06-11,24.01371821631973,24.189731216987358,23.692037188314387,23.85287857055664,7960500.0,-0.000889912374312433,0.020865155842754803,-0.006697823482153781,0.005847472299704518,23.22316970825195,23.270787239074707,23.364517236577257,0.02501382207235885,-0.11544406890869041,0.01302727824632098,0.46008701358811877,0.010652689388191547,0.08852459398923078,52.23086235290268,0.06998946282862306,0.10708744920610008,1.3115653991699219,0.5903875955194176,1127105700.0,0.1851249218175777,0.2148874337345048,0.9858914639608922,0.10236271030056864,0.0004546551664661401,1.0420741039707084
CSX,2019-06-12,23.834668446000865,23.94695265486321,23.70417551773407,23.74059295654297,8306400.0,-0.004718538856010995,0.010226245720717437,-0.003947002227911467,-0.0007634350924107501,23.36033935546875,23.274488353729247,23.40033397181209,0.020026416724174247,-0.1225401878356962,0.012395612180800198,0.45495764964045243,0.010233325115320761,0.08906902113396346,54.733885041812435,0.09077888930690037,0.10230150054750192,1.3716964721679688,0.6191634763318903,1118799300.0,0.35859062523537905,0.8369199718878079,0.9112939136181337,0.1870293781922585,-0.003894679504467055,0.9910847450844261
CSX,2019-06-13,23.76183302491044,23.76183302491044,23.473534116932502,23.561540603637695,11366100.0,-0.007570618685287043,0.012235995634913127,-0.008429165420982947,0.000894673035604128,23.44015254974365,23.282092666625978,23.41568698436691,0.012002698426344452,-0.12529781341552493,0.01226066279231956,0.4185098184074053,0.010162298396469177,0.08958807683339061,63.13343035825398,0.09174900566858568,0.08261729352734978,0.7981319427490234,0.8510079143938194,1107433200.0,0.35382309971884074,0.9708436582624955,0.7923395219343143,0.25057241975021777,0.0052418864865992785,0.993513119454315
CSX,2019-06-14,23.576716981080274,23.65258374800022,23.294487051405316,23.41891098022461,8396700.0,-0.006071889767263013,0.015290920098602785,-0.0066932983494818275,0.0006441165158884274,23.52209014892578,23.27001247406006,23.415994031591456,0.006398729108140016,-0.15069507598876797,0.012089487930727907,0.4144876421867268,0.010144303825595967,0.08852247219212078,63.189408573207935,0.0800856339341749,0.0567631374343512,0.8193759918212891,0.6345517737024551,1099036500.0,0.5554092668763216,1.3498452232162859,0.6975827660810592,0.2576869121265621,-0.003554811984649316,0.9845033334795157
CSX,2019-06-17,23.394628810500148,23.48870427814974,23.24289356908902,23.276275634765625,8949600.0,-0.006109228784649675,0.010560568748961507,-0.005058989253182882,-0.0010368616091912153,23.58824634552002,23.24807815551758,23.402687517608044,0.0012128950642465869,-0.18563457489013757,0.012134743329143837,0.4041735362799237,0.009975648538993624,0.08676185797496941,62.59001455916064,0.05865668967335225,0.028267354538822842,0.6615619659423828,0.6804969598675139,1090086900.0,0.6579556101172841,1.3830829570035552,0.6028222087558993,0.27049970968905473,0.0008590828210598876,1.0487330859923978
CSX,2019-06-18,23.485673226151924,23.78004112015125,23.358215678844527,23.591888427734375,10408500.0,0.013468313519926358,0.01788010496060287,0.004522552986225553,0.00899618111900777,23.621021270751953,23.247066688537597,23.42070665190579,0.01483291392486945,-0.20826248168945227,0.012518891877147392,0.4116366590625401,0.010103798096417042,0.08663677298985954,69.97029994069955,0.06637626737336078,0.028789545791065095,0.32774925231933594,0.7847079764508447,1100495400.0,0.4512188115815079,0.7315231362619761,0.8125012617594143,0.2400522167504257,0.011951324649511244,1.0906369762229609
CSX,2019-06-19,23.564576032509,23.625271179371353,23.252001148780618,23.485673904418945,7638900.0,-0.004512328093217532,0.015893520114000324,-0.003348336417392039,-0.001157702797257554,23.60159912109375,23.23650941848755,23.42689400928799,0.01072297398219173,-0.2310521888732886,0.012528634882081243,0.4049169964505757,0.010251521223329728,0.08533810041681261,63.01974993003184,0.06319499143369711,0.020486615881121148,-0.19422149658203125,0.6154980390261,1092856500.0,0.5537103095164357,0.7987661507199838,0.741937073107517,0.23129382762756653,0.002407647829448339,1.1147396258660291
CSX,2019-06-20,23.816461543389195,24.059238699038122,23.73755940192309,23.98944091796875,15308700.0,0.021223157618007527,0.013409203583151702,0.007263017399306703,0.014084656046766052,23.648334121704103,23.26475248336792,23.480469905352827,0.031149630116155836,-0.23074323654174833,0.013140569660347443,0.41272077819581404,0.010307981758065562,0.0898169905636769,72.31975545733827,0.10016891032330122,0.0459684278165802,0.4673500061035156,1.2159953103553454,1108165200.0,0.36308320195759897,0.20339652366225763,0.9999999938292344,0.09761340214471703,0.013507495760425202,1.1561228488097828
CSX,2019-06-21,23.943912752754592,24.19276057352142,23.85894163909862,23.874114990234375,15156300.0,-0.004818954577193105,0.013982463205833818,-0.0029150524912511344,-0.0018978418617524378,23.666543197631835,23.318385505676268,23.517959913436783,0.02383224535089827,-0.2004389190673841,0.011509779144990458,0.40751852838254415,0.009976913256190587,0.09046311997719915,69.59383147540478,0.1187957652429219,0.0516762261889607,0.18209075927734375,1.2502784115938013,1093008900.0,1.0458305796537612,-0.22341306019570803,0.9288350663937202,-0.061134683689658346,-0.0022749011034396732,1.0313924361375368
CSX,2019-06-24,23.874117830619397,23.916604260741504,23.473534714357555,23.52512550354004,8069100.0,-0.014725796849924226,0.01883388661698219,-0.01461801979680955,1.1897341633219187e-07,23.631644248962402,23.36182870864868,23.518642350589474,0.00698989779130199,-0.1713481330871609,0.011977514024161915,0.39147819424360947,0.009993060290820718,0.08651261351635937,54.47916953096255,0.10419603992805193,0.029661200699272583,-0.34898948669433594,0.6813084100312956,1084939800.0,0.8988750719109627,-0.2971226146157937,0.7134818324395743,-0.03496994391734246,-0.004141105117379078,1.0715505978079056
CSX,2019-06-25,23.56153875134341,23.619198528406066,23.027429142896324,23.091157913208008,13604400.0,-0.01861925042699971,0.02562753187752676,-0.019963926936163362,0.0015478449965289607,23.55547218322754,23.389320945739748,23.477929547029333,-0.012747827661326297,-0.1419063568115213,0.012739384449009754,0.3960302629904656,0.010302292673915896,0.08074656687405445,39.958580951922414,0.05695159220555368,-0.014066597618580534,-0.7617206573486328,1.1936589827787027,1071335400.0,0.6919325273935986,-0.3809488532241658,0.4456906021233871,0.06666452636916423,-0.009387360255171692,1.2302889713854188
CSX,2019-06-26,23.176130923086813,23.30055309969708,23.115435780745237,23.118471145629883,8106600.0,0.0011821447676143137,0.008007333953259088,-0.002487894879791713,0.0036798938450029396,23.493260002136232,23.42679967880249,23.44369541356272,-0.013161359528403449,-0.10780347824096737,0.01256538529802541,0.38324110454001775,0.010193042784289069,0.07050457235727021,42.79521626301702,0.021466523873083787,-0.03964133276084034,-0.6221218109130859,0.7379360348022235,1079442000.0,0.6248817707927378,-0.33946653992103554,0.37336062999256914,0.12210508753847203,0.002933576468584013,1.2397126522851714
CSX,2019-06-27,23.127577707034487,23.412841256609884,23.127577707034487,23.200410842895508,6834000.0,0.003538072562389361,0.012295624914019632,0.0031491899749997733,0.000393908461646919,23.45714702606201,23.44864978790283,23.420525454451557,-0.01058649206895441,-0.09084712982177834,0.012008897045580507,0.3836755266825454,0.009993786982772524,0.06596582619345703,40.93987380705485,-4.3300524311007393e-05,-0.04892092572658811,-0.3611297607421875,0.6401726611426717,1086276000.0,0.7758018536837749,0.2700291667202105,0.43231404182649824,0.17988116244758867,0.003863582853875045,1.2654919905190778
CSX,2019-06-28,23.306629163804907,23.57368403097713,23.191309582497112,23.4796085357666,13873800.0,0.011962335318323079,0.016285384311137265,0.007421895751030836,0.004578294825409319,23.46321678161621,23.492653465270998,23.426152414576798,-0.000555276973019679,-0.03886947631835724,0.012085985880150954,0.38129110016405676,0.009851188289230173,0.05636904907107886,42.980730138454405,0.005376947034676505,-0.034800542534080485,0.06069755554199219,1.3219582682421007,1100149800.0,0.557890588187392,-0.06337424166554904,0.62913924284949,0.18423091992953883,0.006173677672842962,1.4872381623057211
CSX,2019-07-01,23.840736183684303,24.095653032472978,23.685965549862424,23.86197853088379,10433700.0,0.016154013154020153,0.017169049166661045,0.0008910105390966698,0.015380479932942406,23.521787071228026,23.555016708374023,23.46765966374889,0.013031696233127214,0.024001770019530966,0.012494331177876876,0.3897447050235857,0.009827199571482795,0.045604677708308713,50.14347361931827,0.04006475374084317,-9.018866233105605e-05,0.5857028961181641,1.0073817892692507,1110583500.0,0.38421839750495634,-0.5226771477012955,0.858104411426603,0.27184155205310795,0.006580183503141874,1.5152509464992916
CSX,2019-07-02,23.822526063867,23.852872766291625,23.58885159305691,23.755760192871094,8983500.0,-0.004461300222699548,0.011113985454102514,-0.002802636077169523,-0.0016533610976863606,23.5381742477417,23.579597759246827,23.495097809379573,0.007470968564558491,0.0503077888488761,0.01097700936070048,0.39191254793056707,0.009512690116666497,0.04460981498434185,50.23959110427636,0.05831197415359668,0.014525625400337958,0.16387176513671875,0.8852801662653417,1101600000.0,0.284537855595955,-0.6969665996549576,0.7398584507802397,0.06738797038745786,0.000937109301566123,1.5663872277860775
CSX,2019-07-03,23.783072376843506,23.953016335131384,23.767899026199064,23.87714958190918,3918600.0,0.005096881647658047,0.007752906530877376,0.003955637168109196,0.0011497078498295668,23.577321815490723,23.589460468292238,23.53148369247763,0.012195663143870506,0.06067766189575252,0.010301119840743984,0.38540949323644924,0.009116743026502134,0.045871442021210594,55.07806602007535,0.08162718956658566,0.03027267265066154,0.3914756774902344,0.4065834014240691,1105518600.0,0.3022660963881974,-0.31894936180058375,0.874993354862132,0.12215097189412417,0.00810904156882237,1.4800365880977109
CSX,2019-07-05,23.74665731471347,23.837699164139714,23.491742220094594,23.792179107666016,7467600.0,-0.003564999406173913,0.01454078428375863,0.0019169768759133919,-0.005465152645128901,23.557595634460448,23.602964878082275,23.556311827257478,0.008016544979035437,0.07820356369018455,0.010211013995389533,0.387360255037855,0.009059807236156988,0.04638455133120253,56.11932719295173,0.09218560039706247,0.03266486678491068,-0.19726181030273438,0.7849951513335803,1098051000.0,0.27597203322554853,-0.2418324087384314,0.7804012576645735,0.13892366468587594,-0.00321004345165601,1.5273859002674943
CSX,2019-07-08,23.70114263207864,23.74666269887326,23.33090789334056,23.4340877532959,8682900.0,-0.015165213813304301,0.017741454666790935,-0.011267595108317334,-0.0038263193621488776,23.5135929107666,23.590068054199218,23.544671439261137,-0.006612117461677008,0.07177124023437287,0.010657828101328938,0.4027502911281933,0.009263484093882243,0.04669047365893891,52.416452637364756,0.070841619355555,0.00905670859472256,-0.44002723693847656,0.9086870456447038,1089368100.0,0.39254673933083195,-0.32134924302578405,0.3817614654321723,0.1382689205942234,-0.0032473473853234,1.6109762650751105
CSX,2019-07-09,23.36124674482354,23.382489088218357,23.163989715454015,23.276275634765625,10184400.0,-0.006757075198426609,0.009387213667378524,-0.0036372677788158894,-0.003108335568220036,23.48870792388916,23.56017608642578,23.51910993407109,-0.012050013998992354,0.055311279296873295,0.010562725204581468,0.3860597591607832,0.00905184500481174,0.04674829122317615,44.92186636878092,0.040722814276684005,-0.01684967718731875,-0.24884986877441406,1.0518341567247766,1079183700.0,0.5919342813449208,-0.059806140989922554,0.2060795078118262,0.17098936312837137,0.0017327062035480685,1.5939257034948584
CSX,2019-07-10,23.336973292063757,23.40373743559092,23.154889579985856,23.2398624420166,9112800.0,-0.0015656157923848017,0.010707802433251853,-0.004161244426678921,0.002607704868706453,23.50357837677002,23.52952527999878,23.492514934827806,-0.01231061122293041,0.04003065109252901,0.010562710891036048,0.377172460947521,0.008729411526519758,0.04677890394417717,45.954074431267365,0.013756626097851665,-0.03505269229292088,0.14870452880859375,0.9355932621022512,1070070900.0,0.6025815888032039,-0.05035948148238715,0.1655430709086726,0.17162681681783146,0.00399858846433005,1.5866697178082243
CSX,2019-07-11,23.258077948150458,23.604035018287707,23.17614042745068,23.443195343017578,8190000.0,0.008711262564704144,0.018252400518621002,0.00795927312995532,0.0007838043869366221,23.53605079650879,23.51465539932251,23.48781783084588,-0.0030389582620458564,0.03803731918334918,0.010757550823851249,0.3667674463916532,0.008964692036003075,0.04612810934619722,40.022297320837545,0.00869278841824439,-0.03209322397802252,0.3247241973876953,0.8413539326362115,1078260900.0,0.4105405993752516,-0.4023372185526628,0.3919003521438458,0.1571223017452313,0.0020117097495655715,1.642218526956702
CSX,2019-07-12,23.512986442735833,23.9014280805516,23.4674646495114,23.846803665161133,10250700.0,0.017069914608188255,0.018197970559643506,0.014197142640229341,0.0029770301657722716,23.60069007873535,23.528918552398682,23.522006957923523,0.013510400490975532,0.05407999038696332,0.011323315127904146,0.3756541466138835,0.009150579547732724,0.047786023518675454,49.54866471704786,0.03682300637965241,-0.0031704048132916024,0.646392822265625,1.059116354326169,1088511600.0,0.22654883811260118,-0.7748946389225339,0.8412112213369539,0.19756824941465795,0.006964870975615408,1.775358109078996
CSX,2019-07-15,23.83163146171615,23.852875545071242,23.65561848337391,23.822528839111328,10299300.0,-0.0010184672984852384,0.008280273812639053,-0.0003819554955540558,-0.0006362363551115667,23.634982109069824,23.549099445343018,23.55062808946522,0.011611033976179625,0.07519495010376076,0.0112216462715489,0.35809611199341085,0.00898774849532572,0.048782710282325496,55.50563575130522,0.056506262175872735,0.013210280786342975,0.34292030334472656,1.0537802074348734,1078212300.0,0.17030079996523198,-0.7056042116351993,0.8141876378438715,0.1540551772394494,-0.0001590408963782905,1.8013724202349384
CSX,2019-07-16,23.792178205868638,24.347531903488147,23.792178205868638,24.141170501708984,25891800.0,0.013286979729034734,0.023004422986871942,0.014668362552625113,-0.0012740307062977115,23.662901306152342,23.592344188690184,23.606870223964627,0.023262898702618086,0.12274095535278207,0.011424454705782485,0.35549499142982277,0.009401315227814695,0.05227042553504364,70.30521878008388,0.09670237855191388,0.042725117729907294,0.2791919708251953,2.437843548213973,1104104100.0,-0.03394727783145747,-0.8550392331131993,0.9999999904763048,0.18257499018521295,-0.0020336648709055752,1.6415436732166124
CSX,2019-07-17,22.25965208587532,22.35069221567474,21.26122865887499,21.66181182861328,103769400.0,-0.10836781587981613,0.050294202785044394,-0.02685757418649834,-0.07793816027687925,23.453506469726562,23.49584035873413,23.4216265672645,-0.07805758390076417,0.07740320205688533,0.025758903513074978,0.5462483240258885,0.01129787213685976,0.09030875972338631,35.5421835002232,-0.07069055693947135,-0.09973425420918235,-2.0939483642578125,6.787271095064533,1000334700.0,-3.157389804944212,12.252618713266878,0.0,-0.14010719397878735,-0.00820799353440341,3.1036756517215296
CSX,2019-07-18,21.67697990731423,21.828716893004867,21.091281254953568,21.798368453979492,41013000.0,0.0062842387621000985,0.033829854725511484,0.0055998827873758915,0.0007002220691859804,23.245628356933594,23.411475086212157,23.26703055647545,-0.06890239193781857,0.03058347702026154,0.025859304904786835,0.5778958616738384,0.012015282831104191,0.11145732607818427,36.23352778000433,-0.19013987181729775,-0.175346855269607,-2.0787811279296875,2.418571572628797,1041347700.0,-3.1867931797056945,12.335973694016298,0.05507739815834459,-0.14217231373042694,0.0046722041809751326,3.1091135184458665
CSX,2019-07-19,21.849962600395212,22.053288664413056,21.306748553402862,21.337095260620117,23911200.0,-0.021388005946700525,0.03498789792573189,-0.023472229639689115,0.0023668811050994573,23.000119972229005,23.278857803344728,23.08322719496542,-0.08341313646606907,-0.055686378479002485,0.025457694997420423,0.6039076947117081,0.012747037366614436,0.1348547373447281,29.689164627676703,-0.318355403208173,-0.2428499093283858,-2.4550838470458984,1.3751825648714562,1017436500.0,-3.1345556097343423,11.959468428299687,0.0,-0.15847145980455601,-0.003509085178566902,3.4758305859155048
CSX,2019-07-22,21.303711672744615,21.588975215141303,21.243016526148367,21.5222110748291,17126100.0,0.008638355641542785,0.016074495682162807,0.010256400642336344,-0.001564579783130778,22.808932304382324,23.161262607574464,22.934558993047673,-0.07076693358717591,-0.13081800460815174,0.025655196647223197,0.5846158513036054,0.012794989014326514,0.14907925126799565,26.957442971778917,-0.4004141118173017,-0.2599268943500116,-1.9118766784667969,0.9794096983640477,1034562600.0,-3.140435559085879,11.896533840479547,0.0660167069828461,-0.1736496477538983,0.003983312791913463,3.562814010066735
CSX,2019-07-23,21.65270020240845,21.65270020240845,21.155008075188938,21.22480583190918,20502600.0,-0.013914891057348699,0.02344860684055287,-0.019761709463454145,0.0060629982266069225,22.60378532409668,23.04624662399292,22.771725358653534,-0.07903416212631698,-0.19427644729614002,0.02563978204267954,0.6006562219745076,0.012928930818795667,0.1666223862798334,25.979145403984035,-0.48386663381730344,-0.27470353308001066,-2.0514698028564453,1.1322511489511162,1014060000.0,-3.150567251744874,11.957493230254064,0.0,-0.19554154740413912,0.0077411552125139955,3.2315644708976414
CSX,2019-07-24,20.997205150738587,21.349232822828846,20.721045975485403,21.006309509277344,23083200.0,-0.01034773865195074,0.029904674453454422,0.0004335985895930742,-0.01072333395994699,22.380430030822755,22.942004203796387,22.6035905158558,-0.08437339115292852,-0.25420680999755874,0.02547570395196651,0.6314369866233042,0.013100846519878613,0.18526426105823027,23.24648265599332,-0.5611654202800445,-0.2816018556342013,-2.233552932739258,1.2422504649721016,990976800.0,-3.256774621680731,12.610187407924862,0.0,-0.1853175726485397,0.006238948900719505,3.674742523079604
CSX,2019-07-25,20.942582316864296,21.285505684735732,20.842437830032516,21.091285705566406,18660000.0,0.004037110018708436,0.02100715247464888,0.007100527836166816,-0.003033716721392805,22.145239067077636,22.840644931793214,22.45956148630443,-0.07658974741959995,-0.30406038284301573,0.02551668974840428,0.6355555932582063,0.013359053606801475,0.19943672313207628,24.830251916820245,-0.6085533721320111,-0.26319184598893436,-2.351909637451172,0.9764812451234809,1009636800.0,-3.2582979577046998,12.597421377271218,0.027106846594840535,-0.19313182861627917,-0.005071615833104974,3.095489098729733
CSX,2019-07-26,21.097352385791506,21.164118269316038,20.890992686806143,20.927410125732422,17419200.0,-0.007800166448560916,0.013051093320623491,-0.008055146302316863,0.00028763918472257064,21.853299713134767,22.726994895935057,22.3136423091071,-0.07918269786405015,-0.36806953430176037,0.025460133000052048,0.6221166195570947,0.013371491832936629,0.21332951988270651,25.76281726651291,-0.6518182994998583,-0.24516541868542518,-2.919393539428711,0.8869838059463233,992217600.0,-3.207815373839463,12.384422536102202,0.0,-0.2088684870720512,0.005369164570001534,2.9769271764288034
CSX,2019-07-29,20.878847282586488,21.22177054779058,20.86974292533132,21.127695083618164,12546900.0,0.00952495403922915,0.01666190377445447,0.011918656124240241,-0.0023205376515377267,21.58381633758545,22.609399223327635,22.20069495429863,-0.06553487445967594,-0.4350088119506843,0.025380147297858254,0.6279687327440503,0.013379827251537331,0.22092746290618934,29.3945164234745,-0.6623100459595683,-0.20452573211610814,-2.694833755493164,0.6410524645871509,1004764500.0,-3.2285233772090893,12.501907239968292,0.06232106125885978,-0.24908409088780464,-0.0016153627850563226,2.746622092568415
CSX,2019-07-30,20.954719747227575,21.352267494963204,20.915268682617327,21.306747436523438,13571400.0,0.00843906057967272,0.020509879025307518,0.016799446308149165,-0.008187137106342925,21.300374031066895,22.48163766860962,22.115557095462897,-0.05225999321778244,-0.5146060752868671,0.02509486135308994,0.6414080867969655,0.013469507784051036,0.22143740681037424,31.95459470931577,-0.6486990038263301,-0.15273175198629585,-2.834423065185547,0.6878829026779049,1018335900.0,-3.3144607716562184,12.955958257055048,0.11803534340838753,-0.2335155804644408,0.0005441811012686586,2.6201312583617553
CSX,2019-07-31,21.385650840951428,21.622358979206542,21.155013433366747,21.364408493041992,19799400.0,0.0027025793118788046,0.021874958344482165,-0.0009932991082393643,0.0037032120769750205,21.270633697509766,22.362070083618164,22.044019133327573,-0.044614008758832716,-0.589219474792479,0.025159008222655828,0.644226012154306,0.013704159092241793,0.2201067303090825,30.052254062730512,-0.6260427582865447,-0.10406040515720827,-0.29740333557128906,0.9767822190648506,1038135300.0,-3.3346888408409905,13.021842654663548,0.13597727111717448,-0.22343124773372935,-0.012464068427379136,1.6362532189175585
CSX,2019-08-01,21.23391943121391,21.367446010117725,20.42364865069033,20.56931495666504,23556600.0,-0.03792598284024591,0.045883752639101834,-0.03129918980345664,-0.0061077778900633225,21.14772834777832,22.196678352355956,21.90357111650257,-0.073315627223935,-0.6920611190795896,0.026031321570534234,0.6789091994324041,0.014950632305115145,0.22317360855760873,20.747500251949546,-0.6645840131639424,-0.11408132802768489,-1.2290534973144531,1.1084454702338729,1014578700.0,-2.853470053272746,9.87876881859343,0.0,-0.23818805055746575,-0.012361820660159381,1.8596023283543257
CSX,2019-08-02,20.52985817240584,20.560204876923525,20.159623515149327,20.3690185546875,18967200.0,-0.00978535192057903,0.019666208300547293,-0.007834424201455317,-0.0019182352130989373,21.050920677185058,22.02552032470703,21.757423253472563,-0.07520829227182241,-0.8021079254150401,0.026023889198586468,0.6940830837051456,0.015054850960197054,0.2257122595097504,20.115455891663714,-0.7031846065941423,-0.12214553716630772,-0.9680767059326172,0.8689825699062693,995611500.0,-2.816548773773516,9.727706773560833,0.0,-0.22179820823579324,-0.0065449979045989854,1.8182083241218345
CSX,2019-08-05,20.010920373905137,20.013955738719293,19.61033904237317,19.7590389251709,24290400.0,-0.030403994412597585,0.02042693968439725,-0.012587199590414617,-0.017580531915218595,20.874603462219238,21.841767883300783,21.567100936491453,-0.09535532880203546,-0.9250120544433571,0.026463880545896698,0.7086063561833471,0.01511645865351585,0.23702367705831956,13.899948053613201,-0.7740730806493943,-0.1544272089772477,-1.7631721496582031,1.0744503540452457,971321100.0,-2.6193114408642035,8.533962660578444,0.0,-0.21309488957887593,-0.030502674530689344,1.2313974592111856
CSX,2019-08-06,19.932026719187004,20.28405451855918,19.79850013079029,20.177839279174805,16497900.0,0.02097388305630457,0.024063745431356552,0.012332542166982768,0.008754868830980306,20.7699068069458,21.68684606552124,21.4347903024613,-0.06958166170347498,-1.0303654289245614,0.027266822543470733,0.5403973383657963,0.015411172897964223,0.23958098442565673,31.49137335075966,-0.787382562502632,-0.13418935266438836,-1.046966552734375,0.7197108749722713,987819000.0,-2.492704163514525,7.879468438390708,0.09557000873512368,-0.25048334934193434,0.011141774054524246,1.3349881064273736
CSX,2019-08-07,19.792422474094057,20.117137074371218,19.664964926016324,19.99574851989746,22192200.0,-0.009065259851245523,0.02261341444182218,0.010272923694385266,-0.019100994895847444,20.668850708007813,21.524640369415284,21.297738704121887,-0.07102984408930012,-1.1416598320007303,0.02724322741772551,0.5243572465877379,0.01564491883331807,0.24109159208437966,27.76959213877575,-0.8033629571447882,-0.12013579784523565,-1.0105609893798828,0.9412677861934922,965626800.0,-2.4539823616293313,7.751428938613774,0.0540169983607372,-0.2558272939751584,-0.0009243373399841368,1.3408593184405853
CSX,2019-08-08,19.971468473433983,20.31742711558511,19.944157137170603,20.253698348999023,10826400.0,0.01281773444355734,0.018429719450865464,0.01413165366084431,-0.0012142604433795958,20.585091972351073,21.365165519714356,21.19830628934828,-0.05202239925030043,-1.2588307189941403,0.027385914573377836,0.4976950942594746,0.0156501920672151,0.23291022608094955,35.93384888320091,-0.7861508815982603,-0.08233897783896615,-0.8375873565673828,0.4566416316004917,976453200.0,-2.42962013156783,7.620947087652492,0.1128810064370772,-0.2923457850418985,0.018573377294655292,1.2573292189528407
CSX,2019-08-09,20.09286161834978,20.28708332730386,20.020028477492,20.202112197875977,11877600.0,-0.0025502482033803345,0.01321915486836756,0.005437283230300265,-0.007941104280206328,20.51256217956543,21.182930946350098,21.103430661589016,-0.046302315338620316,-1.3898393630981438,0.02682021196128876,0.49205910574654055,0.015557650179453078,0.21194096842169463,32.24503428821805,-0.7678217873810453,-0.051207906897400846,-0.7252979278564453,0.4992667114752403,964575600.0,-2.5060761339393083,8.078050304824586,0.10110907533361158,-0.29932493444233643,-0.00673751604094796,1.1674474048888108
CSX,2019-08-12,20.041269747611025,20.10196489663361,19.80456161843717,19.977540969848633,13603500.0,-0.011178472128025686,0.014886881155458567,-0.003179877251539371,-0.007961665032325779,20.397546768188477,20.99068155288696,20.996203071899455,-0.04826620710174063,-1.529648876190187,0.026778867353557233,0.48490613804791877,0.01564619428509767,0.18382944402368043,32.88940174160595,-0.7626257940064249,-0.036809530818224245,-1.1501541137695312,0.5678701581695909,950972100.0,-2.455937749718413,7.917924768411327,0.049862045528019504,-0.31804245619648486,-0.012369455363189579,1.117775284834907
CSX,2019-08-13,19.85312105278409,20.393299779486075,19.777252541938427,20.13534927368164,15162000.0,0.007868249683576557,0.030595309233243134,0.014215811214125082,-0.006227989583519084,20.280406951904297,20.790390491485596,20.91421699587871,-0.03150692230009906,-1.6803526496887216,0.02657163957570961,0.4840390230625048,0.015879867735555032,0.12236156918995238,37.849416357735926,-0.7372752701848526,-0.009167205597321426,-1.1713981628417969,0.6474282852117592,966134100.0,-2.4981928989622446,8.129088850696183,0.18452650312248614,-0.29189456112828577,0.013356959376459504,1.116426452139359
CSX,2019-08-14,19.85615415805721,19.995751450279762,19.56178795561819,19.598203659057617,13392000.0,-0.027039028759267263,0.022143024034807876,-0.012990959726958014,-0.013865918680107553,20.10378646850586,20.687210083007812,20.788882392371942,-0.052641531631405926,-1.7102143478393543,0.015575547924917757,0.493359984731093,0.014690758195671557,0.12651325890734716,31.50384499243667,-0.7518609741102118,-0.019002327618144466,-1.766204833984375,0.7085736780116763,952742100.0,-0.45987079592217306,-0.44908110747054275,0.0,-0.33045756411449656,-0.029549569924472704,0.8388895129301805
CSX,2019-08-15,19.59820257743294,19.695313429884017,19.413085232007944,19.546611785888672,9120600.0,-0.0026359507615618424,0.014438727333799221,-0.002632424649170306,-5.5189990707309876e-08,20.001516151428223,20.574622249603273,20.670570906040204,-0.04996497390052561,-1.7401365089416494,0.015364670532378336,0.49401017154296284,0.014081058641213607,0.1257330440347397,32.40533525174261,-0.7588358947135276,-0.02078179857716822,-1.0227031707763672,0.5270402396488478,943621500.0,-0.40445296648048773,-0.3612187234214708,0.0,-0.29736600738640456,0.0008664083664559381,0.825711254388535
CSX,2019-08-16,19.73779829673757,19.877393833706765,19.61640974079987,19.752971649169922,11379300.0,0.010501982051074827,0.013212396470880496,0.0007687459464443152,0.0097810563254201,19.939911460876466,20.49541606903076,20.58318050062399,-0.036224901088136294,-1.7439603042602556,0.01528065987502805,0.4924926304971652,0.013417859898069347,0.12596673387661128,32.50982190740349,-0.7391911181186046,-0.0009096175857961075,-0.6160469055175781,0.6822643817198257,955000800.0,-0.6276683112203545,-0.05681897628057565,0.10445431084730931,-0.24611072744100873,0.016646347928243186,0.8170915770209167
CSX,2019-08-19,20.06857836620724,20.156584836729163,19.777245883178015,19.813661575317383,10707000.0,0.003067735048326573,0.01914532314530418,-0.012702284448763118,0.015977682884518382,19.945373725891113,20.409988594055175,20.509892983928122,-0.029217410680547104,-1.7518205261230477,0.015091277178427577,0.4901079430124055,0.013484885975792655,0.12047380352214962,30.414048516079703,-0.7105347193487859,0.022197424947218103,0.054622650146484375,0.6545513233160755,965707800.0,-0.6168789001177323,0.03180230741905414,0.1469085002237832,-0.1907385134217539,0.014631389880551333,0.7776563227656808
CSX,2019-08-20,19.743865662441564,19.825803148003246,19.643721197349635,19.661928176879883,9933900.0,-0.007687492277891474,0.00926063552951628,-0.004150022440516794,-0.0035226155756473564,19.89378261566162,20.33184471130371,20.42913443087591,-0.03294912704361643,-1.7457206726074226,0.014942850527334068,0.4697319719276781,0.013176724284566396,0.11901425023652414,28.205165770543687,-0.6920899518762944,0.03251375393576772,-0.5159111022949219,0.6275626866194948,955773900.0,-0.6885125851560664,0.22932908242722008,0.06343745145045539,-0.2156162373167651,-0.008354860958219855,0.8193949411783417
CSX,2019-08-21,19.79546008975047,19.898639938664328,19.683175881156117,19.828842163085938,10251000.0,0.00845336663389896,0.0108661945935162,0.0016863499602492872,0.006791394601247983,19.87709197998047,20.27297134399414,20.371963738705436,-0.021907453691526847,-1.724113311767578,0.015096718347139429,0.41922585781032445,0.012636377466286118,0.11700887769313106,38.70375467814426,-0.6564367824284005,0.05453353870692934,-0.16690635681152344,0.6749529636597976,966024900.0,-0.8396173159333414,0.33240980542800325,0.1552595923042704,-0.2141132509794611,0.01069282871500363,0.8544507210037063
CSX,2019-08-22,19.95023046714626,20.25977000978839,19.844015254252565,20.071619033813477,16617900.0,0.012169276220490332,0.020713563506532685,0.006084569642797787,0.006121804947658623,19.858884048461913,20.221988010406495,20.343359481096677,-0.007435914634883399,-1.7017171669006323,0.015399793025100991,0.42074274389509164,0.012627418225498394,0.11116497421368417,45.52108856825239,-0.601655810610012,0.08745160842025435,-0.18207931518554688,1.1015722257355018,982642800.0,-0.8306377239151629,0.20242467599296685,0.2888151590167733,-0.15893774764217838,0.0017959814424238286,0.8745440665665986
CSX,2019-08-23,19.938090279919038,20.104998904036577,19.50412507884705,19.610342025756836,15991800.0,-0.023249747451405133,0.030640660137407134,-0.016438297227106997,-0.006652615001783886,19.79970703125,20.156134605407715,20.273548294873837,-0.027078236494037282,-1.6885466003417982,0.01604321100521117,0.40947090910046285,0.013153407335455041,0.10955704573440309,47.655580896292236,-0.5886767956045631,0.0803444987405626,-0.5917701721191406,1.065108147260103,966651000.0,-0.6984368024633466,-0.3485578594212509,0.035059057631023766,-0.20206472125929814,-0.026121497813916688,0.8914903114719326
CSX,2019-08-26,19.79849461417755,19.922916806074912,19.583028829342393,19.734764099121094,11856000.0,0.006324674165315784,0.01722280413514834,-0.003218957617657397,0.009594559247033433,19.775429344177248,20.086488056182862,20.222235514325956,-0.017510475503631082,-1.6845102119445805,0.015924677615792217,0.3962475079107656,0.013164573011433678,0.10141046660696493,42.299478961210816,-0.5618740766213293,0.08571777417903714,-0.24277687072753906,0.7914708600736797,978507000.0,-0.6977097047744747,-0.30838372506109324,0.10350569536018826,-0.27404070908423944,0.010302777436914932,0.8826348429781675
CSX,2019-08-27,19.886499769467452,19.922917207376113,19.546611785888672,19.546611785888672,10580700.0,-0.009579794389809965,0.01925169567030066,-0.017091393031398318,0.0076887501458969085,19.71655559539795,19.998481273651123,20.15789039733193,-0.02259519018365705,-1.697923717498778,0.01573286714988837,0.386492584219977,0.013120675396464533,0.08675861340973322,42.21054295999169,-0.5494809733268404,0.07848870197882074,-0.5887374877929688,0.7134577688590218,967926300.0,-0.5606203466738005,-0.3541864383951859,0.0,-0.3059443490330988,-0.0045461923533971944,0.8778618510025469
CSX,2019-08-28,19.49805626879697,19.850082207700982,19.443430117053502,19.844013214111328,11109600.0,0.01510039911145724,0.020492431962215413,0.017743150422024345,-0.002484088681126666,19.74113655090332,19.92246150970459,20.1279973322633,-0.003937680871163844,-1.6989859771728533,0.01626092862819584,0.38887702080804637,0.013086943708363413,0.05857871136954464,42.99067677417038,-0.5097850551230607,0.09454769614608038,0.24580955505371094,0.7717315194558367,979035900.0,-0.5412042441188644,-0.513555099221496,0.29079935783214167,-0.3051040513276045,0.008581886541401545,0.9389370347418263
CSX,2019-08-29,20.072451958361842,20.407498839158478,20.057222713132486,20.258251190185547,14009700.0,0.02065981640458532,0.017290541159628307,0.009256429269783541,0.011511721030707063,19.81230049133301,19.906908321380616,20.140402461589225,0.017649293558436602,-1.6499907112121583,0.015077488031088927,0.4100506476105671,0.01182669251960229,0.05269735793298919,50.85445347549743,-0.43983012333784544,0.13160210234503655,0.711639404296875,1.0065643627632184,993045600.0,-0.4300049101387344,-0.6399790927177562,0.8653131548067549,-0.2941911357175565,0.014302365661370676,0.9060390171032878
CSX,2019-08-30,20.450148866938992,20.61158275670738,20.380093966002523,20.413599014282227,11693100.0,0.00763912036327363,0.01133993033481745,-0.0017872658480180743,0.009472568730237354,19.87836322784424,19.909137344360353,20.166421180893323,0.025338198295405907,-1.576244850158691,0.015027786492351296,0.4068921466879262,0.011627113239084585,0.05355311303673518,56.779807785836134,-0.36761740023530365,0.16305186035806274,0.6606273651123047,0.862664639315127,1004738700.0,-0.6047069079111327,-0.45888415116643794,0.9999999884658048,-0.34725793285293727,0.0015683549187190087,0.9030385866527666
CSX,2019-09-03,20.20647188619137,20.322216250115048,19.932341965635732,20.209518432617188,11383800.0,-0.010047594147709404,0.019291616758669382,0.0001507708244653906,-0.010146526731809607,19.917948913574218,19.931661319732665,20.1705256810575,0.013940489376539786,-1.4804289436340348,0.013505254420474061,0.39726427605212955,0.011596193918117188,0.05462099871158453,51.13682076085075,-0.3231310407836858,0.1660305758477445,0.3958568572998047,0.8818293788199205,993354900.0,-0.45356258135367244,-0.4701940849456485,0.7646094629452895,-0.23786266510622517,-0.005920775051242397,0.8903606556678284
CSX,2019-09-04,20.27043824418474,20.575028442837194,20.27043824418474,20.559799194335938,18197700.0,0.017183970768500804,0.014814843071831544,0.014275021914447848,0.0030144118362181987,20.007736015319825,19.95075931549072,20.207599348988783,0.030527152837352342,-1.4020244216918947,0.013229262082039346,0.3824034683490264,0.011309142502151445,0.060571001589117046,65.63434791372707,-0.25665202556871236,0.1860076728501744,0.8978710174560547,1.4004381924676146,1011552600.0,-0.5295972706422926,-0.4626583348995795,0.9999999901301578,-0.23604190221394267,0.012109642430783498,0.8791068600669727
CSX,2019-09-05,20.715138413165068,20.949671959645052,20.69990916580768,20.73036766052246,17301600.0,0.008261988237619986,0.012048160357184833,0.0007351747815363051,0.0075554832691131155,20.097888565063478,19.987490272521974,20.257386807230084,0.03716711692521826,-1.3180776596069315,0.013103350554209255,0.3900923660228151,0.011007763505280975,0.06982397911340724,68.5295243395396,-0.18803591633903594,0.2036990256638807,0.9015254974365234,1.3570137790829004,1028854200.0,-0.7292965965197513,-0.15861714425599283,0.9999999915523123,-0.16135141791804586,0.0127101960417718,0.8646990427669402
CSX,2019-09-06,20.846114328164525,20.891802075269368,20.450146881752534,20.56589126586914,16259700.0,-0.00796572225353114,0.021475130243919855,-0.013442460205487014,0.005583435351341321,20.147315788269044,20.00309991836548,20.28676818424333,0.028135206533010694,-1.2514164161682118,0.013009588044251978,0.39801187642986796,0.011099699839287653,0.07356950084398685,62.89382989743118,-0.14525462103070907,0.19718425677776608,0.49427223205566406,1.248688219607301,1012594500.0,-0.5383045915105782,-0.339571224940371,0.8610554703141321,-0.1680181692788338,0.001232559332366671,0.881443516598753
CSX,2019-09-09,20.684680469499988,21.038003200505692,20.56588954834666,21.031911849975586,14672400.0,0.022406956474325022,0.022447491009219833,0.01678688636199136,0.005776029936907609,20.289472770690917,20.044589900970458,20.357734247646402,0.049256280816068344,-1.1665564537048354,0.013856999169597262,0.40290476675842435,0.01137218266279391,0.08633273177856705,67.1213679209373,-0.07290575764355012,0.21562649613194007,1.42156982421875,1.1148253213146404,1027266900.0,-0.5205197586704818,-0.4442411467581644,0.9999999932673538,-0.23101837944380374,0.0037020122583753365,0.9025223615113579
CSX,2019-09-10,21.028864945504118,21.567988672949134,21.025820141728712,21.53143882751465,19832100.0,0.02347324191835961,0.025180320533321483,0.023899239607698297,-0.0001448705421172333,20.469140243530273,20.12228479385376,20.469515636205283,0.07002952438538732,-1.0498981666564973,0.014292418590025724,0.4286252367989109,0.011705074579598577,0.1083199347505594,73.93443439581402,0.024456965527779317,0.2503913754426156,1.7966747283935547,1.4720326707660996,1047099000.0,-0.6336762071213381,-0.21836586249732967,0.9999999949617777,-0.07726119025384752,0.0021112402777391194,0.897576327105051
CSX,2019-09-11,21.531436239710636,21.695914881586734,21.24816669297938,21.616722106933594,24364800.0,0.0039530486875556745,0.020713047352527922,0.003960992953440966,-1.201872309926425e-07,20.676151275634766,20.196353435516357,20.578773395322266,0.07032797658014059,-0.930924396514893,0.01426078059134633,0.44369926728626147,0.011308544282123432,0.12661445911490868,73.37799281723863,0.10726281405694138,0.2665577791774222,2.070110321044922,1.7487449520858611,1071463800.0,-0.5932107446560896,-0.23131319530649885,0.9999999951693397,-0.04392277923900544,0.00571393308609487,0.9158871409556086
CSX,2019-09-12,21.638051373250427,21.87258498778431,21.46443476582221,21.793392181396484,20018700.0,0.00813962611137682,0.01872816395744528,0.007179057183406735,0.0009867021563825253,20.87108917236328,20.306112861633302,20.694451374948382,0.07324293575523613,-0.7819176101684562,0.01236265134141954,0.4420722940905219,0.011207128597833162,0.14087050032963677,72.90965468968972,0.1850101621317357,0.2754441018017732,1.9493789672851562,1.4034353448910444,1091482500.0,-0.517300785857695,-0.10161829225085724,0.9999999955491867,-0.14038409611407365,0.0012981352626545495,0.886197384031408
CSX,2019-09-13,21.924362777956052,22.158896359754095,21.924362777956052,22.073612213134766,16533900.0,0.01277606470913448,0.010625065781416856,0.0068074696943428254,0.006009647120073768,21.052625274658205,20.432462882995605,20.825800026204227,0.0803206808467992,-0.6194968414306636,0.012318417333951828,0.42526017645967074,0.011130351391008134,0.15522161964224102,84.43506477923864,0.26616868338733113,0.2852820984458949,1.8153610229492188,1.1297710549593143,1108016400.0,-0.7035809672896108,0.13073632578651528,0.9999999960427391,-0.12131262059268749,-0.0012465694979716152,0.8487093171565513
CSX,2019-09-16,21.842120255756118,22.18935162872028,21.793385966818143,22.049240112304688,15570000.0,-0.0011047383396274267,0.01795824526765293,0.009482589333056462,-0.010487271188034178,21.21618938446045,20.547276306152344,20.942318129642366,0.07309795146438067,-0.4698246383666991,0.012375654736883302,0.42926572540035784,0.01125084016833794,0.16610929456094123,83.28611556101735,0.32477694489302067,0.2751122879612676,1.635641098022461,1.0488895715316415,1092446400.0,-0.5511727520977281,-0.07581049096143117,0.9903553198998895,-0.132209765715896,0.0010320040257169967,0.9075090456121752
CSX,2019-09-17,22.040102747578942,22.040102747578942,21.549711595621577,21.680686950683594,9330600.0,-0.0168562772854301,0.022618801381747853,-0.016307355778313205,-0.0004144072393971711,21.36330623626709,20.640627574920654,21.01263896974153,0.050388941517779326,-0.34140535354614343,0.013340558528079107,0.43806737505719134,0.01136672791588772,0.16874292720290218,79.17763236814298,0.33759368452008687,0.230343222070667,1.4711685180664062,0.6314934570520695,1083115800.0,-0.4651427279076048,-0.6259641956793299,0.8445092186531717,-0.08613454057331857,0.0011124185645163638,1.0250235637755605
CSX,2019-09-18,21.60149792181591,21.698968262001515,21.345643725316183,21.671554565429688,10958100.0,-0.0004213108743452913,0.016303608290701595,0.0032431382243648197,-0.003652514749547076,21.474481773376464,20.741108894348145,21.075392835997544,0.044859977150743614,-0.20882961273193246,0.013086385238485087,0.43425826405989504,0.01151206937814081,0.1673592894670831,77.1247521523537,0.3430595588000145,0.18864727708047568,1.11175537109375,0.7390808179320224,1072157700.0,-0.5402364094059732,-0.37943775218560916,0.8408952955531589,-0.030092730325120456,-0.0012001511204167566,1.0178871246017245
CSX,2019-09-19,21.7294224857802,21.759880980725086,21.49488719465276,21.56189727783203,8553600.0,-0.005072809043774722,0.012289910421972305,-0.007709602409258652,0.0026702247028842323,21.55763473510742,20.82776165008545,21.121726592362734,0.035247936868125725,-0.08861755371093594,0.013243774599249258,0.412937418418836,0.011536795716405309,0.16485530265550086,71.27227955117839,0.33468483839843444,0.1442180453431165,0.8315296173095703,0.5802280455765548,1063604100.0,-0.3769633090360483,-0.6205278385699833,0.7975010459988692,-0.02272912389646582,0.00016955076158034883,1.0573202408848066
CSX,2019-09-20,21.54057689143418,21.62586276956799,20.84002104356976,20.900938034057617,38414700.0,-0.031133702092553176,0.037598395092015485,-0.02969460198769898,-0.0009887991823321416,21.59113941192627,20.869227600097656,21.10069911061939,0.0015194828753419347,0.0036935424804696027,0.015213638494297204,0.4438310012385787,0.01224958177207354,0.16095879896968596,56.82585632430792,0.27158328201748816,0.06489319116973616,0.33504676818847656,2.4264526141654397,1025189400.0,-0.4919556966184959,-0.36680772897059666,0.5359422294540163,0.13145246078261497,-0.004576981509702685,1.1752180088318154
CSX,2019-09-23,20.897892841067073,21.0349578099878,20.702955686535255,20.97403907775879,12180900.0,0.0034913985869703475,0.015829193519745436,0.003643727971562724,-0.00014569647475068086,21.58535213470459,20.937412452697753,21.088636250346955,0.0017493386608198847,0.12933368682861257,0.014017869681883732,0.43316993515329677,0.01174791983231361,0.15012465994500687,61.11602594217312,0.22488119680610197,0.014552884766679958,-0.057872772216796875,0.7787758969406534,1037370300.0,-0.6082017420438595,0.32774520869305324,0.5648702195816463,0.14319540361269364,0.0019349325903173463,1.5076025238329616
CSX,2019-09-24,21.083691975972293,21.44006124166824,20.818698193774853,20.90398406982422,16158600.0,-0.003345672408391537,0.029724623106192925,-0.008523550161559739,0.005228029651655499,21.522606658935548,20.99587345123291,21.07105032839241,-0.004376544830207839,0.246165580749512,0.014080135003956855,0.45144515212996666,0.012176691405084742,0.1397164034255968,55.44838389047436,0.1801400616422164,-0.024150600317764503,-0.6274547576904297,1.0190704402027848,1021211700.0,-0.49257385338646525,0.17015138271961092,0.5371476252749687,0.15608801913150425,-0.009524892211424791,1.4086790163063796
CSX,2019-09-25,20.970993763313523,21.074553688417666,20.776056613528976,20.97708511352539,9144900.0,0.0034908907228311955,0.014229673630690866,0.00029046550109247443,0.0032055943625614973,21.458642959594727,21.067397117614746,21.062101260309838,-0.004286813581438798,0.38097095489501953,0.01376881371660117,0.4449183170999364,0.012057537676353801,0.12332806028877423,54.02984460839934,0.14886500981029016,-0.04434052171975261,-0.6396369934082031,0.5793622510797828,1030356600.0,-0.6407382297521416,0.5993212627168342,0.5081953727232535,0.20539834240014962,0.005859099368288179,1.3529497131708432
CSX,2019-09-26,20.983175442496254,21.248167464009242,20.919211911195724,21.144607543945312,8801400.0,0.007954253645284183,0.015557420591980365,0.007693406648171923,0.0002903324717377682,21.39376449584961,21.132426834106447,21.069959001608453,0.0005763990068195501,0.45634475708007827,0.01354163882801645,0.4368683427639853,0.011918387381260024,0.11020828777403648,59.44326521465786,0.13602890940783396,-0.04574129769776708,-0.6487846374511719,0.5617072930238436,1039158000.0,-0.6192216115683264,0.75861488184847,0.5016320080485281,0.1542066760751686,-0.0003777836459982787,1.2891988486571258
CSX,2019-09-27,21.223808413385562,21.32127526981549,20.87962176850787,20.989273071289062,7793100.0,-0.007373409434182384,0.021041867424734764,-0.01105057761210196,0.003745676966368129,21.28533058166504,21.16897792816162,21.06227462729232,-0.008489066287583589,0.5090777587890614,0.013072473733555476,0.4346926177031702,0.012022634345601184,0.1032290045207082,49.2257316844241,0.1120305946423592,-0.05579168997059347,-1.0843391418457031,0.5074232404414974,1031364900.0,-0.501247245508417,0.8397134087689273,0.4183022563770093,0.11189236938818507,-0.00478908992352243,1.2630472019747587
CSX,2019-09-30,21.00145034876002,21.29690259313161,21.00145034876002,21.098918914794922,9287700.0,0.005210301815319171,0.014003193507910619,0.004641039757554483,0.00058016670847047,21.19029846191406,21.203243923187255,21.06576455943543,-0.004920238090467207,0.5481072807312017,0.01302661075239381,0.4179398313190362,0.012073225732850613,0.09756142797045059,40.850428216018095,0.1006984712209622,-0.05369905071359238,-0.9503211975097656,0.609512521890298,1040652600.0,-0.47946906871441,0.8762124873683308,0.4771221741642015,0.125382397045044,0.0033077133396360596,1.2622427141936725
CSX,2019-10-01,21.202485693853774,21.321274893583265,20.316130416696183,20.413599014282227,12217800.0,-0.0330205057977321,0.049238964485578476,-0.03720727328684068,0.004908629654300872,21.063589668273927,21.213447952270506,21.003653555135124,-0.037704805922540795,0.5804835510253881,0.014924208243637908,0.4577538519104455,0.013455461511510178,0.09393677655145638,29.701963505026058,0.03600307224624899,-0.0947155597506445,-1.2670879364013672,0.7996143881897548,1028434800.0,-0.7434843325097168,0.6680989253126951,0.0,0.1376168667385545,-0.015584250001851213,1.510118951270935
CSX,2019-10-02,20.28871389598291,20.501926859243454,20.133373122343126,20.18515396118164,20848200.0,-0.011253915325544178,0.018258653741710307,-0.005104312443469993,-0.006117741325865313,20.91494960784912,21.194715690612792,20.925701212853838,-0.04763270921715122,0.5825443267822266,0.014601350123684537,0.45492553154889037,0.013526720787032237,0.10003908695410964,23.333088754342327,-0.03331803457382776,-0.13122933325657699,-1.4864006042480469,1.3527128614196342,1007586600.0,-0.5859602005441302,0.5977499191359721,0.0,0.17215790551584964,-0.018150371644001774,1.214382318858535
CSX,2019-10-03,20.14250964458881,20.477558314995424,19.911022644787852,20.39531898498535,14746200.0,0.010358031219043395,0.0277777303029506,0.012551034844084494,-0.00211265748454736,20.798291778564455,21.177963256835938,20.875188619723506,-0.036955596832379985,0.5780117034912102,0.0146783097660063,0.46928492382388753,0.013948948824243019,0.1039620899500431,21.50957862841993,-0.0704844493052299,-0.1347165983903833,-1.1665782928466797,0.9647895202746335,1022332800.0,-0.5886288549929101,0.5462088496694827,0.11128920772988078,0.15694696183538054,0.009961904539715074,1.3024697149246938
CSX,2019-10-04,20.206470445829034,20.41663681946559,20.081589937280718,20.319169998168945,19512600.0,-0.00374063767028783,0.0164892011935067,0.005577399211903177,-0.009259406008572097,20.740114974975587,21.165627193450927,20.822234465289736,-0.03999206768339436,0.5811179542541502,0.01459936472106699,0.46493358241551136,0.01383031277804462,0.10722477839781391,21.137991491473983,-0.10487475666925761,-0.13528552460352883,-0.5817680358886719,1.263195510588939,1002820200.0,-0.6396229423669428,0.6748614160951936,0.07096584536038383,0.20422119405867417,0.01306402301136676,1.0545779026763664
CSX,2019-10-07,20.279576649194627,20.535432561893497,20.172971907018898,20.34354019165039,10388400.0,0.0011986508663851428,0.017816990133475607,0.0031540866736142347,-0.0019485711757855177,20.677065086364745,21.131208610534667,20.776644534466943,-0.03727512388910853,0.5583767700195317,0.013559048774075343,0.4551430208577606,0.013700611322680122,0.11283073465218324,24.79894515404979,-0.12867951473464245,-0.12727222613513092,-0.6304988861083984,0.6819750650158884,1013208600.0,-0.8254229125457603,1.1353362358565273,0.08387065452266873,0.04444783572120824,-0.00453320616959135,0.9553616572518514
CSX,2019-10-08,20.118140582251417,20.34658275652812,19.990213522376617,20.06026840209961,12152700.0,-0.014022263786255734,0.017764928514825102,-0.002876616748710053,-0.01107966495878059,20.592693519592284,21.057650089263916,20.708418236146247,-0.04736433946505808,0.5061667823791502,0.012425117689751025,0.45536049924820154,0.013477713340156605,0.12036714143359727,22.47638211387411,-0.1684607127872475,-0.13364273935018878,-0.8437156677246094,0.8184272918196668,1001055900.0,-1.115830485867619,0.8876540905934505,0.0,-0.03128284539876789,-0.015069444897541596,0.874784546464568
CSX,2019-10-09,20.157735526077598,20.367903635941154,20.115092594882434,20.169919967651367,12078600.0,0.0054512216585210944,0.012534062676707697,0.0006044548782776888,0.004858714849886422,20.511977005004884,20.985309982299803,20.65713268676578,-0.0388552761591886,0.4565632247924789,0.01247687272088898,0.458406316946003,0.013289837672275331,0.12368279901568047,26.222518781289935,-0.18896140446208776,-0.12331474482002322,-0.8071651458740234,0.8485419439412668,1013134500.0,-1.1130050267229554,0.8574088512338051,0.05446241442029544,-0.09724874974982617,0.008531121494294571,0.8697258983209079
CSX,2019-10-10,20.179060663617197,20.416640770481788,20.169924508974024,20.38922882080078,11431200.0,0.01081437836138523,0.012100323346024145,0.010415160580914327,0.0004531845431458944,20.43643913269043,20.91510181427002,20.631618032864353,-0.02514321938946741,0.4058586502075201,0.012622260162456045,0.41989767957687363,0.013148635843831564,0.12098539338581443,39.70586768189691,-0.18537507028701228,-0.09578272851595819,-0.7553787231445312,0.8280382117990664,1024565700.0,-1.0712626725374257,0.7807906701620628,0.16339008532185906,-0.12247955894174349,0.007718092141679437,0.893834332251979
CSX,2019-10-11,20.71209416119899,21.211619762181336,20.578073992282558,21.031911849975586,13137300.0,0.031034133755958232,0.030123070808682227,0.01544110828617832,0.015835093285569833,20.440703010559083,20.86301679611206,20.669741253541613,0.008095428169093966,0.3445216941833493,0.014435242950582815,0.454925452286017,0.01369037986783095,0.10970609779030006,50.947174023794545,-0.12918456602436734,-0.031673779402650606,0.04263877868652344,0.9634750314073807,1037703000.0,-0.19608286129511407,1.333703662863864,0.48851546656268835,0.04278470568272554,0.013189194805436054,1.0914664236363052
CSX,2019-10-14,20.897892809649093,20.998406190506174,20.715138356112448,20.882661819458008,8133300.0,-0.007121659521092435,0.013564737907587205,-0.0007288289938999442,-0.006372175828924857,20.41907730102539,20.804687881469725,20.690019402676505,0.003747902320502118,0.27591991424560547,0.014470934829437562,0.43316905556957075,0.013598024810573442,0.09609229972651862,49.65984738621973,-0.09559446322711906,0.0015330587156781456,-0.21625709533691406,0.6132094142607208,1029569700.0,-0.127754589044411,1.2700632408812902,0.5075191301666241,-0.00010650142029059016,-0.0008618951217856828,1.0928063947129811
CSX,2019-10-15,20.882663266153017,21.19943790661192,20.833928974217148,21.068464279174805,12626100.0,0.008858101887858658,0.0173486271970976,0.008897381078922881,6.927732784399492e-08,20.48456382751465,20.774076747894288,20.726061771866817,0.014170908043379435,0.21912027359008945,0.014289572951553111,0.4379556168200051,0.013462187051626513,0.08867235734185876,51.40716703841403,-0.053366186890311695,0.03500906804198842,0.6548652648925781,0.9402625952561275,1042195800.0,-0.34548791094561787,1.5675956583689057,0.6257087622067384,-0.00918902928393246,0.00889762654081217,1.1111741483411732
CSX,2019-10-16,21.29690663040136,21.29690663040136,20.87352550569172,21.01668357849121,13712100.0,-0.002460760123160983,0.020145001618758426,-0.013157922733723675,0.010842857277089692,20.567716789245605,20.741333198547363,20.753740039164377,0.013275442678059517,0.16959983825683622,0.014289984039555151,0.44470030052687093,0.01355143905538874,0.07990120134318898,47.957254914143725,-0.023803847514120235,0.0516571259345439,0.8315296173095703,1.0107718062180588,1028483700.0,-0.32174914019496054,1.5552629339154007,0.6369184726525213,-0.011017221192556655,-0.004332876718511701,1.1036820623284735
CSX,2019-10-17,21.613676812766773,21.967001258640593,21.181159587652036,21.254261016845703,34422900.0,0.011240815280254854,0.03697337067450684,-0.016629090877715445,0.028405682183202958,20.65361099243164,20.725951385498046,20.801408703705455,0.025490247541413966,0.12904777526855327,0.014537875551842206,0.48103345615842535,0.014313156661009695,0.0747007548849815,54.12314409547247,0.018580844772021265,0.07523345457654831,0.8589420318603516,2.316568564013369,1062906600.0,-0.4531217027683868,1.3588101437607598,0.999999991624739,-0.049402276568031124,0.0032000054965798603,1.1218244642857556
CSX,2019-10-18,20.879618365545802,21.080646883131696,20.80347038117011,20.916168212890625,60796800.0,-0.016034935108667023,0.013251782025292778,0.0017505036109824157,-0.017626707934139254,20.71331081390381,20.726712894439697,20.81233818077071,0.009140635054666732,0.11655988693237163,0.013251308396359365,0.4912592500036429,0.013539491933570017,0.07477080312676432,47.345181293744076,0.024606111122047025,0.06500697674125927,0.5969982147216797,3.8049033265867847,1002109800.0,-0.19278526848354718,1.804945909967672,0.7168384402483436,-0.08282413768352258,-0.0033151225553318237,1.0770452201350154
CSX,2019-10-21,20.9892706604772,21.56799083810399,20.9892706604772,21.549715042114258,25796400.0,0.029840134758162728,0.02685511973108733,0.026701470036897244,0.0034950210211792745,20.833928298950195,20.75549669265747,20.882564548517713,0.03826544655699581,0.11839162826538185,0.014866540439943182,0.46602197488409175,0.013859813699907955,0.08214167150352403,66.75640519279436,0.07958569807369997,0.09598925095432978,1.2061748504638672,1.5484670288064064,1027906200.0,0.0503233168973407,0.9699328280341966,0.9999999932860972,-0.19695121262772877,0.009679214691347835,1.1800135510591108
CSX,2019-10-22,21.55276310345676,22.027923375321503,21.31518471040034,22.01878547668457,22770000.0,0.0215333809509154,0.03236957213992897,0.021622395745307874,0.00014144323191948467,21.029780006408693,20.811236763000487,20.990776065485985,0.05802388043707901,0.13330680847167997,0.015487003700211686,0.4906066125998656,0.0140002132250862,0.09823659477798118,75.25162289478094,0.159172637638882,0.14046095241560946,1.958517074584961,1.3402091891734405,1050676200.0,-0.0927186927117277,0.48545606351403553,0.9999999948940962,-0.034759164312083195,-1.281668602857348e-05,1.2121856625644605
CSX,2019-10-23,21.930450771478462,22.061424389872602,21.793385802731848,22.0096435546875,21026100.0,-0.00041527360069714965,0.012178233894372587,0.0036110877990721364,-0.0040117882659624834,21.213752365112306,20.862864685058593,21.087811064457558,0.05496746908636177,0.14744884490966825,0.01550130590058177,0.46928539238080724,0.01396534845334302,0.11056662179826898,73.53450687345709,0.21898387414586296,0.1602177511380723,1.8397235870361328,1.1957555599724634,1029650100.0,-0.05088604580869885,0.46625863028941616,0.9953322173857843,-0.04729239553836519,5.461838513303605e-05,1.2301555704901537
CSX,2019-10-24,22.091882987192946,22.155848266255934,21.70505348056502,21.82689094543457,9004800.0,-0.008337961479248243,0.02065318358065119,-0.01199499571457971,0.00373651814492612,21.357518577575682,20.896978855133057,21.158199624550605,0.04449983400701454,0.13698926925659194,0.015626390007370667,0.4775530997740959,0.014080524386777812,0.11738525159876588,71.3177709218787,0.24877043107963814,0.152003446457478,1.437662124633789,0.5118074992689317,1020645300.0,0.10229689185703324,0.3590426115352364,0.9020204915441596,-0.029042058938182576,0.001993730949313693,1.2239038716904158
CSX,2019-10-25,21.909130592205035,22.079700605461067,21.79947756938832,22.02791976928711,8026500.0,0.009167989949008639,0.012721266420420445,0.005421902826410572,0.003767813151953551,21.457119369506835,20.94891119003296,21.24103011452551,0.05150666635922918,0.13929544448852482,0.01556006563154951,0.47167898414539217,0.01390330675159338,0.12667080286478674,72.68244069329005,0.2853089738156527,0.15083359135479402,0.9960079193115234,0.4559012847197668,1028671800.0,-0.05583182265409091,0.41292918896281483,0.9999999949177989,-0.03863275839323177,0.006091743900158939,1.2176525560028033
CSX,2019-10-28,22.091885271382473,22.116252418300697,21.72028671659856,21.784250259399414,16538100.0,-0.011123485652407778,0.018176696328177953,-0.01392524939379282,0.002903837619045138,21.547278213500977,20.983177757263185,21.292765366418266,0.03817689157491616,0.132936439514161,0.015835510904708482,0.4745073032561515,0.013988147365501457,0.13130030658924677,73.46602648012848,0.29124662931504375,0.12541699748334806,0.9015884399414062,0.9204040113967344,1012133700.0,0.08130864430541832,0.18309489362553705,0.8761622497192623,-0.042105079918028025,0.002742807390287688,1.2025112082718632
CSX,2019-10-29,21.65936938390788,21.75988452504903,21.52839574286066,21.574085235595703,11802900.0,-0.009694406732678127,0.010729946584545404,-0.003937517607301137,-0.005732622146940825,21.597840309143066,21.041202068328857,21.319557734911356,0.025325699812034006,0.155752277374269,0.013951047633337977,0.4708086805916665,0.012477081278813897,0.13062855800559375,68.60378197660461,0.275814287658541,0.08798772466147625,0.5056209564208984,0.6576325695526299,1000330800.0,0.6753493472373402,-0.2655232949895796,0.7693521581347895,-0.1444248399537081,0.0006102467041404321,1.02893348823376
CSX,2019-10-30,21.5893170077979,21.711152764532006,21.339552399335865,21.641096115112305,8098800.0,0.0031012681715360604,0.01717105100497413,0.0023983670857074275,0.0007060216938915294,21.660281562805174,21.11399917602539,21.35018043778764,0.02496433454849347,0.18896602630615433,0.013553820914455878,0.47972864933207504,0.012454641300689049,0.1266556944094347,67.2834769455857,0.26592583614940324,0.06247941852187078,0.6244125366210938,0.46786585165068467,1008429600.0,0.6256619551277951,-0.13395018007463175,0.8034084347158497,-0.11538547662489707,0.0016285873445073772,1.181800953565015
CSX,2019-10-31,21.543624314084052,21.641091154252546,21.211620428073342,21.40351104736328,11595600.0,-0.011039128761031173,0.02006543343420803,-0.006503699873246152,-0.004504014053160007,21.675206565856932,21.16440877914429,21.35525954346151,0.011297375264014345,0.2078822517395018,0.013827117516298216,0.4516632740219614,0.012172458277701895,0.12270433923841174,55.77649836126234,0.236195325019537,0.026199125913603627,0.14925003051757812,0.6760273685094237,996834000.0,0.7724066265231454,-0.06507289568231099,0.6826629253723093,-0.09907962607246497,-0.004214597614802774,1.237347466152604
CSX,2019-11-01,21.607584171720607,22.01877903278878,21.473564021435145,22.01268768310547,13941900.0,0.0280640237878084,0.024768216366967345,0.01874820934008208,0.009534562993227481,21.78485851287842,21.249084663391113,21.417871747237125,0.03593580767410307,0.25373676300048587,0.014895357257503267,0.47298430913355843,0.012432551267797791,0.12115590694869015,65.36864206510737,0.2588057920850382,0.039047674383283826,1.0965194702148438,0.8262344046544912,1010775900.0,0.5698766012255999,-0.6963405529074833,0.9922587423980498,-0.1834423066887716,0.012475918520993945,1.6278554567811605
CSX,2019-11-04,22.14366405245762,22.39342684941861,22.04314892719099,22.38429069519043,12687000.0,0.016740404587109615,0.015648381581413292,0.010866613680679637,0.0059500398696281966,21.868316078186034,21.351122188568116,21.509911647042202,0.048389424101347514,0.3002953147888192,0.015144458413592393,0.4740721829848705,0.012382716977927501,0.12255571016400174,67.0346672882593,0.3032147368515652,0.06676529531984868,0.8345756530761719,0.7467793045540471,1023462900.0,0.4049177993463003,-0.9681173823297728,0.9999999956971153,-0.11326742940760087,0.00709225626372762,1.7204036373421923
CSX,2019-11-05,22.32946569762455,22.64623861193181,22.28682275421038,22.503082275390625,10254900.0,0.005292885266560297,0.015971850136924905,0.007775223111789259,-0.0024492622219948407,21.916745758056642,21.473262882232667,21.604499325932526,0.04795821663460596,0.3670696449279802,0.014482440811027168,0.4695032353428556,0.012341657954976987,0.11698277577689803,68.91471472142032,0.344028882461231,0.08606355274361155,0.4842967987060547,0.6070119891216235,1033717800.0,0.3697725858588189,-0.8285851624979444,0.9999999957139716,-0.1200915694854767,-0.0017047712738263658,2.041503176355725
CSX,2019-11-06,22.478711704077572,22.478711704077572,22.171074991834956,22.429977416992188,9375900.0,-0.003253948135419704,0.013715426748916851,-0.002168019579011023,-0.0010829881442376787,21.95877914428711,21.586265754699706,21.68311628698583,0.03908557746301212,0.42240520477295007,0.014625339481608164,0.42533820701473324,0.012366397921662284,0.10800340669055304,65.61484197044494,0.3662534935086903,0.08663053103285667,0.4203338623046875,0.5594569581709572,1024341900.0,0.4442518804091923,-0.8640192884696428,0.9654163026798916,-0.11754684517554014,6.771895545553788e-05,2.1623402975177304
CSX,2019-11-07,22.512216271684203,22.75893424845267,22.466526789203627,22.563995361328125,10401900.0,0.0059571685892303395,0.01295902851275155,0.002300044074694231,0.0036664706862216383,22.032489585876466,21.695004081726076,21.767009532161286,0.04005490279368095,0.4767438888549833,0.014570216526780241,0.41663579242793986,0.012380541524500905,0.10134928556051509,73.13931650394737,0.39018299922214794,0.08844802939705143,0.7371044158935547,0.6225899620319421,1034743800.0,0.5022936272615396,-0.7853260397184172,0.9999999940523402,-0.17248297233316948,0.004002428321884145,2.202562670429455
CSX,2019-11-08,22.557910711099765,22.603600207150347,22.41779916133809,22.54877281188965,6776400.0,-0.0006748665902202982,0.00823996265172747,-0.00040508623902038153,-0.000269661916292888,22.084574890136718,21.770847129821778,21.8414631778497,0.03573244887665695,0.5067765045166013,0.01322311003148839,0.3833485367564321,0.011744135300869228,0.10251689420909939,66.97726097052185,0.40327032312537625,0.0812282826402238,0.5208530426025391,0.41346185527004614,1027967400.0,0.6125590909484564,-0.36826086363703286,0.9909461394965058,-0.10371725629252806,0.0031001469741861747,2.095020383343656
CSX,2019-11-11,22.436071001666626,22.554860184689645,22.302052570272128,22.509172439575195,4007400.0,-0.001757753589940439,0.011231315371374345,0.0032582103124535063,-0.004998134983363544,22.157067108154298,21.852172660827637,21.905054536109272,0.030065650173325804,0.5461905670166018,0.01304915600247087,0.3504963188633146,0.011699974221097083,0.09883576722474348,59.757504546599996,0.405769247216778,0.06698176538530043,0.7249221801757812,0.247628316533426,1023960000.0,0.5971331083322857,-0.2898350753393044,0.9667301685906708,-0.0797159622620085,-0.002636404629414243,2.0058933188261032
CSX,2019-11-12,22.399516560098565,22.423885445841996,22.091881599250854,22.158891677856445,8154600.0,-0.015684044027959483,0.014982872402545132,-0.010742414087219966,-0.004871608664023355,22.21554775238037,21.90669403076172,21.929229501989955,0.011512355389662415,0.5617244720458991,0.013680833264396756,0.3611571940907137,0.011638178318756095,0.0932895728742965,52.61470952461467,0.3751603178952472,0.029098268851015685,0.5848064422607422,0.510954256229029,1015805400.0,0.6473005278502414,-0.33895402422902365,0.7541588683027858,-0.03610266988108439,-0.00013085104187123082,2.234965741074186
CSX,2019-11-13,21.994418781986305,22.040108276114157,21.860398589712595,21.915225982666016,7371300.0,-0.011057200493210132,0.008200220547290029,-0.0036005861352948715,-0.007422433317569747,22.242960739135743,21.95162115097046,21.927895833482914,-0.0016579717759403745,0.5795430564880384,0.013977461565976559,0.3502785014087806,0.011374732887950396,0.08492737422514329,51.5152209147795,0.32746591248119117,-0.01487690925043228,0.27412986755371094,0.47123511508063604,1008434100.0,0.6576026650936596,-0.44682787020792664,0.606287962095925,0.050171634932150974,-0.0006842294174321024,2.4559113032259097
CSX,2019-11-14,21.91217617819169,21.967003562995032,21.753790603095098,21.881717681884766,4818900.0,-0.0015301664689641435,0.009743885877681666,-0.0013900260777036833,-0.00013916372465145398,22.29078140258789,21.98299398422241,21.92349791428309,-0.004607029525201749,0.5878888893127439,0.013830712329089383,0.34549206739643673,0.010352183441691802,0.0794912752095984,47.33926674673535,0.283693668718616,-0.04691932241040597,0.4782066345214844,0.34026228772001177,1003615200.0,0.8156377004820029,-0.1574945318471506,0.5859531226015794,0.11241491754983123,0.0008152041110054987,2.434876270799626
CSX,2019-11-15,22.024877741808687,22.024877741808687,21.735518492098148,21.81166648864746,8582700.0,-0.0032064924512926274,0.013266260506098663,-0.009680473856002323,0.00654245073468066,22.27067928314209,22.027768898010255,21.91284730231779,-0.009810453812338388,0.6077482986450207,0.013267178841845634,0.3378773208256085,0.010351937048550655,0.06556943561371033,50.532605505838134,0.24057807008549048,-0.07202793683482522,-0.2010211944580078,0.7429876627533577,995032500.0,0.894758214057676,0.008977750910701647,0.3517112923074216,0.32001098848123893,0.008402529851693739,2.011528773956586
CSX,2019-11-18,21.67154659918699,21.7811978594156,21.552755700584743,21.631948471069336,13538400.0,-0.008273668889616746,0.010560406018735435,-0.0018271943784177686,-0.006424079954340098,22.19544506072998,22.031880569458007,21.88609503267508,-0.018152426758480274,0.5998592376708984,0.011672307966767973,0.338095625934463,0.009789091303252883,0.06459481496546522,51.13754564318932,0.1897199322033245,-0.09830885977359294,-0.7523422241210938,1.2376602166344188,981494100.0,1.0110435833635512,0.5987166557026113,0.1968466260066216,0.14580350115176455,0.0002954604497024932,1.7006425619654684
CSX,2019-11-19,21.793384902854655,21.793384902854655,21.59235466364316,21.62890625,7097700.0,-0.0001406454446620046,0.009294517110013107,-0.007547182486237375,0.0074628705778041465,22.108027458190918,22.01238660812378,21.8616008628965,-0.017421116798950583,0.5784159278869652,0.010518148777891496,0.32591204550698827,0.008824152995353237,0.06669779782210893,49.75417396528818,0.14746907796871156,-0.11244777120656468,-0.874176025390625,0.6989302901303681,974396400.0,1.229872416260398,2.0157129874067743,0.19422511617101945,0.15185580838780402,-0.0022645611133645235,1.7603186896933423
CSX,2019-11-20,21.488799542705145,21.516213238599143,21.147659460556532,21.187255859375,10098000.0,-0.020630810130481306,0.01739506902115082,-0.014032597899704955,-0.006477752766386648,21.9837553024292,21.971267223358154,21.797377529227784,-0.03568348407094398,0.54588586807251,0.011390524000919914,0.32960998139302433,0.008975200774565954,0.0747926862839719,45.97055068903654,0.07745462735932662,-0.14596977745275969,-1.2427215576171875,1.0509242419748384,964298400.0,0.9648928463424287,1.4853170445439559,0.0,0.13668974830911385,-0.000378868524304965,1.8908969460161151
CSX,2019-11-21,21.199438023803854,21.278630812918482,21.07150919960818,21.138519287109375,8388000.0,-0.002302927407064971,0.009798302827985172,-0.00287360149009969,0.0005749760379404387,21.841207695007324,21.936848640441895,21.734629125216507,-0.03639216217505151,0.5245647430419922,0.011289918992667541,0.3004566690990819,0.008640557843412585,0.08214068035093532,29.411891542234926,0.017829509266864108,-0.1644759164361778,-1.42547607421875,0.8757711155275534,955910400.0,0.9132406211316485,1.533276454321133,0.0,0.16794915666644586,-0.000805946578923351,1.8607026908025117
CSX,2019-11-22,21.06541529663036,21.497932523269682,21.059323946561637,21.47661018371582,7578000.0,0.015867509704902732,0.020422616649279725,0.019519904131737494,-0.0034583307130502693,21.733991432189942,21.90928316116333,21.710055892692633,-0.019748385844703092,0.5089393043518058,0.011723502947996367,0.3045901984130036,0.008909540866679687,0.08422867158675462,28.27976521921697,-0.0021182981619531915,-0.1475389790919961,-1.0721626281738281,0.7930577619822049,963488400.0,0.8697197221904129,1.0026938735611937,0.23717752991397276,0.20570945308761684,0.0012162786871743971,1.8049901267217952
CSX,2019-11-25,21.44006160140139,21.915221792218905,21.354777466796712,21.866487503051758,10466700.0,0.0179907692796072,0.025630285858392908,0.019889210655182826,-0.0017017854308378389,21.669722938537596,21.91339502334595,21.724954141298266,-0.0021405866249486604,0.5167062187194844,0.012239039261306444,0.3189493746773438,0.009251854047473827,0.0840655116622503,36.51606272376672,0.01337854255351445,-0.10563371070122277,-0.6426849365234375,1.131308873360463,973955100.0,0.6264126809276543,0.21879767893705315,0.5106842717332258,0.27265276945567624,0.007358990742457998,1.9885596845925702
CSX,2019-11-26,21.82689528452016,22.055337526531442,21.753793836791587,21.915225982666016,13681500.0,0.00222643180757209,0.013759551919672788,0.00404687414286088,-0.0018106345852791066,21.645356369018554,21.930452060699462,21.743075269047576,-0.0006942892919536528,0.5290724754333489,0.01201921689051296,0.3167734036905,0.009324784028441762,0.08272998923572347,38.983150479816985,0.02925544983482098,-0.07180544273593299,-0.2436656951904297,1.4639227544410418,987636600.0,0.5295912242116904,0.3186692644336188,0.5448752905471048,0.2789611332713514,0.0009751230320091204,1.9551611785789025
CSX,2019-11-27,21.912166133539262,22.000794193924484,21.82659656487918,21.970232009887695,5918400.0,0.0025068010472202498,0.007928802434444408,0.0026499377557911087,-0.00013962206591770874,21.650856971740723,21.94690885543823,21.764709244365683,0.0010627079468498845,0.5395557212829587,0.012014073567242203,0.3057191749465587,0.009094857119716058,0.08173681303225583,36.8472820654089,0.045749171957975676,-0.04424937649022265,0.05500602722167969,0.6407441570420797,993555000.0,0.5383093857663767,0.33176511701150074,0.5834631194350419,0.2981612682417833,0.0036885182485342917,1.9447961494621735
CSX,2019-11-29,21.881606767484573,21.967176340326123,21.780755227523446,21.863269805908203,4502700.0,-0.004880395672396186,0.008526680339109173,-0.0008380080023930601,-0.004033878311491486,21.649012184143068,21.96989679336548,21.77409596451259,-0.004853322182627406,0.5565162086486808,0.011773456710861076,0.30598172755741515,0.008762449596197293,0.07839345533410752,35.40817610828938,0.04961764826740733,-0.03230472014463279,-0.0184478759765625,0.5069400700171074,989052300.0,0.5377735239787653,0.5145640503105606,0.5084269927938053,0.5132895338290555,-0.004579103922680672,1.8183241827724674
CSX,2019-12-02,21.826593051657916,21.924387827933373,21.386516558418364,21.39568328857422,13357500.0,-0.02161886477944963,0.025139242447201674,-0.01974241981164193,-0.0016775511886321659,21.607413864135744,21.939046573638915,21.73805666204227,-0.024766950707765953,0.5157710838317868,0.010928715586166397,0.326343417207236,0.008750416523423152,0.08187302953065072,29.950965139847924,0.014782713528582292,-0.053711723906766276,-0.4159832000732422,1.50882846797573,975694800.0,0.02021199791219765,-0.013527253123885977,0.18040569344647106,0.385323685558241,-0.008639007769749395,1.6291038060229996
CSX,2019-12-03,21.261220915543873,21.316230051845626,20.811975846876926,21.304006576538086,20441400.0,-0.0042940289820462265,0.023669454060534792,0.0020123802468433203,-0.006284556151667815,21.574619674682616,21.885032367706298,21.69671855866092,-0.026549003054049752,0.455157527923582,0.010059175372772828,0.33823031730530395,0.009078717424365161,0.083631464319175,33.02661476005818,-0.019991320215872577,-0.07078860612097693,-0.32794189453125,2.2121254916474715,955253400.0,0.027606192745389915,0.5146547087285261,0.11609264529990927,0.3262446872817113,-0.007648791113194941,1.218346078143166
CSX,2019-12-04,21.432362289752053,21.6126716698844,21.355959446891397,21.5301570892334,14706000.0,0.010559450433480597,0.011923379004112162,0.0045629500919787255,0.006024956514767697,21.564744758605958,21.836386108398436,21.680855561572585,-0.014023795771190348,0.3939878082275392,0.010339962155808879,0.3389568891054799,0.008965620262305473,0.08055827545548072,42.301071512740464,-0.028967615496195975,-0.06381192112104025,-0.09874916076660156,1.5540247084222305,969959400.0,0.03263345857549606,0.2423943159729591,0.274741755726239,0.30886515163903894,0.007650189655984397,1.3428925090763428
CSX,2019-12-05,21.56071954300217,21.61573043438612,21.334569485231874,21.591279983520508,14499000.0,0.002834921068140848,0.013021967635491747,0.0014174128306519492,0.0014195183826156688,21.60514717102051,21.794451236724854,21.672324554139053,-0.009322155029165906,0.3397690391540529,0.010395573150880673,0.3438103169093592,0.008947016833866847,0.07703324154353455,44.25651490063103,-0.03079430979837383,-0.05251089233857449,0.4040241241455078,1.4917702618237378,984458400.0,-0.058959048548328195,0.1674346507258448,0.3176206892725766,0.33453508258654163,0.00035347564149148115,1.340288075634682
CSX,2019-12-06,21.780752182006836,21.988566970493657,21.734911533184537,21.780752182006836,13095300.0,0.008737123641266524,0.011645852961802964,0.0,0.00877540371070832,21.669370460510255,21.75528907775879,21.682650994888363,0.0011704328155344402,0.28788398742675625,0.010524608568420591,0.35151944099954563,0.008914109886444425,0.06962466593148879,49.416233379867535,-0.016759956910306073,-0.030781231560405388,0.6422328948974609,1.3289330875446963,997553700.0,-0.06500891809154961,0.04479689152497715,0.45540243584464757,0.34979354622086795,0.01045614486551613,1.2640561502218268
CSX,2019-12-09,21.713524424828215,21.722692907118454,21.478205875076103,21.517934799194336,11342700.0,-0.012139888245848239,0.011362011936735882,-0.009007732775533807,-0.003086567287339056,21.673502922058105,21.703747177124022,21.666963738155598,-0.008561304018761068,0.22576885223388388,0.010770885844123265,0.35463626377583246,0.008974582111001871,0.06124381694372288,47.91254887225397,-0.026538873853013456,-0.03244811880249022,0.041324615478515625,1.1250100423414873,986211000.0,0.06379154043368881,-0.21660890761442,0.27681365532501906,0.281847419437988,-0.0014698742389518222,1.3064224524994374
CSX,2019-12-10,21.362071630426158,21.569886458014786,21.21843617145667,21.514877319335938,10450800.0,-0.0001420999331915136,0.016335221500066787,0.007153130630464579,-0.0072434074283938225,21.638341903686523,21.65403242111206,21.65247931731563,-0.006426290451124019,0.1677349281311038,0.01078107337574588,0.3653805528720197,0.009116942210724026,0.05077697247157178,47.912281167368114,-0.0341418826845441,-0.03204090210721669,-0.3516101837158203,1.004451928400074,975760200.0,0.03910776208566943,-0.2309462494444179,0.3688437985494416,0.28102776896498793,-0.0007019631753896919,1.3290221053037825
CSX,2019-12-11,21.64322728795516,21.9396683636363,21.554600989249426,21.92133140563965,15489000.0,0.01871553536851941,0.01756587532305676,0.012849475449498172,0.005965637949693118,21.638952445983886,21.64215440750122,21.678084278108393,0.012899686088630116,0.12570226669311424,0.011275139740217223,0.36134799964751224,0.009206539420564633,0.04739475207764728,63.61542690446592,-0.00728588690514087,-0.004147925062250768,0.0061054229736328125,1.4380013368983957,991249200.0,0.0008967581982533647,-0.22516995688498423,0.941204922900849,0.22600142878853247,0.0025364192388112345,1.3721374965739743
CSX,2019-12-12,21.872436875629095,22.43170192666589,21.76241861068635,22.089418411254883,19882800.0,0.007638489395799324,0.030298820164433644,0.00992031829190258,-0.0022304543964868145,21.650871086120606,21.650864028930663,21.717258957455677,0.02025574507041419,0.09632659912109176,0.011130237580815761,0.3943595498381721,0.01000489439524286,0.04967035065136047,66.88926183818532,0.02724681549993946,0.024307821874263648,0.1191864013671875,1.744598800976592,1011132000.0,-0.20696053813337997,-0.05829310978413558,0.9999999894836374,0.2634035108279634,0.010147331344829104,1.265435047812965
CSX,2019-12-13,22.17804232425615,22.346126433216863,21.89382473741708,22.242219924926758,14104800.0,0.00689359222987377,0.020335276664218666,0.0028937450714672094,0.004012052800634733,21.688766098022462,21.668889141082765,21.767255240071968,0.02645870677131279,0.0774136924743658,0.011210952653517518,0.39533762977329623,0.010291884994170558,0.054616710530649884,64.55636803024127,0.06618114109028284,0.05059371797168562,0.3789501190185547,1.1891675877471426,1025236800.0,-0.31662681921350344,-0.10230932062092887,0.9999999909395723,0.27522311115773446,-0.0017784046885804092,1.2074662918899455
CSX,2019-12-16,22.35835031881604,22.477537034556487,22.223881640711408,22.24527359008789,9321600.0,0.0001372819605985791,0.011402664607285562,-0.0050574719116458135,0.005221169212482038,21.77372512817383,21.690569496154787,21.812780797216345,0.025573514518899085,0.0605719757080081,0.011171814922559963,0.3734241346606453,0.010251418158303922,0.05931563194359637,58.44378815463987,0.09617463851904162,0.06446977232035553,0.8495903015136719,0.7834584172233772,1034558400.0,-0.3669492963328185,-0.029921991865020436,0.999999990964571,0.2597321506458573,0.007286997322426872,1.286893631350619
CSX,2019-12-17,22.220827565846786,22.45614601354994,21.91521803397087,22.034404754638672,23307600.0,-0.009524478831933709,0.024549244039151742,-0.008389553028827986,-0.001098931156863683,21.846764945983885,21.71069231033325,21.833887840780374,0.014910277372930651,0.046877498626706426,0.01122932709306966,0.3905230125063035,0.010668107177926859,0.06084759481842819,52.4776085787653,0.10175636457675097,0.05604119870245189,0.7303981781005859,1.881697577397928,1011250800.0,-0.3580242593705381,-0.08931174122623507,0.8094709521558358,0.2580043706613887,-6.416881349545291e-05,1.2940922899880603
CSX,2019-12-18,22.09553284714179,22.48671202590509,22.037466969205504,22.291122436523438,14110800.0,0.01158341788955901,0.020153541302321696,0.008851996950458171,0.0027742112021541887,21.92286148071289,21.743803119659425,21.877433992755904,0.025171278173005504,0.035371227264406,0.011474149243503748,0.4103879869506685,0.010936363191245833,0.06511724377695072,56.154804646714894,0.12544879848083923,0.06378690608523212,0.7609653472900391,1.1078476862527116,1025361600.0,-0.45996313160516406,-0.22544856735380306,0.9999999913239871,0.2133244794346954,2.6474864393686702e-05,1.287518159173012
CSX,2019-12-19,22.269733471091083,22.367528278912744,22.098590808694073,22.184162139892578,9431400.0,-0.004809885034349269,0.012122949179813951,-0.003842494626601044,-0.000959528417344709,21.9821496963501,21.793648433685302,21.906646197245113,0.01791869348519358,0.044931697845459695,0.010377689735924955,0.4160637503688415,0.010810157805802183,0.06266910059558711,56.15484573375244,0.13404918544390654,0.057909834438639535,0.5928821563720703,0.7424077834978511,1015930200.0,-0.3301289718847518,0.04267946653580203,0.9072010988715026,0.14063219716485945,0.004008684075514146,1.1708894310855027
CSX,2019-12-20,22.181101513924837,22.382804581283846,22.046634551060958,22.36446762084961,35541600.0,0.008094815328010558,0.015031434502357156,0.008266771909846725,-0.00013796446079148968,22.040521240234376,21.854945850372314,21.950248237588397,0.023313796976011065,0.06672433853149329,0.010393557680669484,0.40165651899083293,0.01092080494799523,0.05992243051104423,70.88306156515446,0.1536430975232932,0.06200299721442096,0.5837154388427734,2.527586000904599,1051471800.0,-0.48070676075409374,0.1232607309572234,0.9999999905701393,0.15781224687021023,0.00558347835837835,1.1683358289462644
CSX,2019-12-23,22.278901356982814,22.37669791857387,22.15360284592117,22.223892211914062,11421600.0,-0.006305496556829042,0.010038523878958563,-0.002469113902311453,-0.0038259915378904296,22.11111698150635,21.892309951782227,21.976309568476555,0.015146060916465396,0.08024883270263672,0.010103267495227962,0.37589849263050495,0.010649500648338138,0.059304838237160915,69.41961607316144,0.15602954191515295,0.051511553285024575,0.7059574127197266,0.8013099793316243,1040050200.0,-0.3258818477699522,0.12818017384271355,0.8674393384235957,0.020554842231175534,0.001775722068836874,1.1856977022253878
CSX,2019-12-24,22.26667461744755,22.340020716363046,22.239169174588387,22.303348541259766,2586900.0,0.0035688900698900663,0.004521811672722169,0.001647031918429337,0.0019250635813717338,22.18996410369873,21.914153003692626,22.00745613731305,0.017760008223980137,0.07367815017699897,0.009356584418273787,0.3621458791378385,0.01008356558322317,0.061550142425784195,67.40050324637696,0.1624595455099751,0.04635324550387737,0.7884712219238281,0.18664946567991877,1042637100.0,-0.46416257235265584,0.5372447412189584,0.942365550020577,-0.0036304913348248822,-0.00042823617239278844,1.0557383718006306
CSX,2019-12-26,22.309458691508553,22.379749796420302,22.123037574006393,22.269731521606445,5034000.0,-0.0015084004058007524,0.011527405355778246,-0.0017807321303241013,0.00027395663200455584,22.22480411529541,21.931878280639648,22.032434745340993,0.01540466514740041,0.06737808227538977,0.009368702876120695,0.3603995415135289,0.010032994095524314,0.06318741270345858,65.4597988901406,0.16296420720866678,0.03748632576205524,0.3484001159667969,0.37490797662522496,1037603100.0,-0.3971743736789634,0.47415776135913135,0.9106651688357674,-0.008670164745227932,0.002869483934020731,1.0473629118384278
CSX,2019-12-27,22.29112200312749,22.343076142562698,22.190270467297562,22.26361656188965,6152700.0,-0.0002746238501432338,0.0068634704896375414,-0.0012339191016936387,0.0009605181589320966,22.242223930358886,21.946547508239746,22.054452061202767,0.014447331796988113,0.057108650207521094,0.009363337712623225,0.34293659067724214,0.010018517227531833,0.064572641166917,62.006252584692554,0.16101465241161605,0.028429416772003613,0.17419815063476562,0.45782390220708225,1031450400.0,-0.348718161933252,0.45586479655559736,0.9048988470157108,-0.001348843212485565,0.00012513265739260806,1.0490200773655383
CSX,2019-12-30,22.257506511937017,22.306403912038824,22.031356473643406,22.107757568359375,5676600.0,-0.007025233615397751,0.012441218316464008,-0.006728019758068096,-0.00027444103412609577,22.22877769470215,21.958771896362304,22.059528776170062,0.006784790729656062,0.052263107299804545,0.009441943945024915,0.34097238578186256,0.010091424694081065,0.06475369350012057,65.48962289384868,0.14521910256067017,0.010107093536846162,-0.1344623565673828,0.4205603841541951,1025773800.0,-0.32220311346349995,0.3287279958629748,0.7579259875254009,-0.08868695788162882,-0.005560881127827319,1.0622415382675863
CSX,2019-12-31,22.05885783255747,22.242223937878023,22.031354140855534,22.113868713378906,6238500.0,0.0002763871694586766,0.00953563574766604,0.002493822719154666,-0.0022118813113768147,22.21563720703125,21.99468116760254,22.06470400828519,0.005418925824300009,0.0642183685302733,0.007904480229763295,0.33093092224360354,0.009609731564923075,0.060203078416201886,65.70521540135707,0.1316762519660628,-0.0027486056462089625,-0.13140487670898438,0.4747082866786057,1032012300.0,0.2493748753475266,-0.3119010527352384,0.763688712139082,-0.21436876432822619,0.0030515754847896238,0.7707557215522226
CSX,2020-01-02,22.25444834011084,22.367525100708008,22.080250707664362,22.367525100708008,8490300.0,0.011405179342119333,0.012843369650876237,0.005081085761778258,0.006357079738240637,22.248949241638183,22.047857093811036,22.09354411232546,0.014498824331853306,0.10103809356689553,0.008062071561070663,0.3211083042966951,0.009220879247169548,0.054068608911732846,62.71797916272516,0.139799869982685,0.004300009896330587,0.33312034606933594,0.6768307265509159,1040502600.0,0.03661546409482035,-0.5180515302815312,0.9999999882718279,-0.18349678792350652,0.009067424772177837,0.8840823520050116
CSX,2020-01-03,22.003848348594346,22.291120976358258,21.89077334322859,22.275840759277344,9978900.0,-0.0041074174656897736,0.017972279361124947,0.012361129124959331,-0.016259141343364373,22.247421073913575,22.085141277313234,22.110905697749452,0.008634741320853775,0.13318117141723818,0.007950197224640753,0.3073560501181148,0.009400690154100272,0.0499255923599855,55.55561871263391,0.13725751646297724,0.0014061251012982279,-0.01528167724609375,0.8107755663156304,1030523700.0,0.251693665763844,-0.3458738871407509,0.8924710151619266,-0.23439606098106938,-0.005390837940112052,0.8195338698018243
CSX,2020-01-06,22.058858395051057,22.23305602467669,21.924391429934733,22.159709930419922,14636400.0,-0.005226945157885146,0.01392909003372078,0.004571929043775474,-0.009740703687510354,22.24497585296631,22.113562774658202,22.115553719908544,0.00208682591005206,0.15860134124755731,0.008093876790716931,0.3001523096568882,0.00942371691988851,0.04525380559327996,47.486154936861865,0.12443745808183593,-0.009131146623874459,-0.02445220947265625,1.188529332591132,1015887300.0,0.3673527769329376,-0.4575685819749341,0.7562707809825293,-0.20586191888598818,0.0034561015714667112,0.8071896519479868
CSX,2020-01-07,22.217772670885033,22.47142809630772,22.052743544924247,22.3094539642334,14360700.0,0.006734761200498751,0.01876713576471696,0.004126484445873729,0.002620194066051603,22.239474487304687,22.13999786376953,22.134020409844243,0.007653844481221517,0.17538516998290987,0.008008320569152922,0.3119401066239162,0.009631076507211617,0.04352754372121642,51.794952220312524,0.12492055511783562,-0.006918439670299814,-0.05501365661621094,1.1601807563993656,1030248000.0,0.39247194889795245,-0.33933718733995794,0.9318931602682485,-0.16216480902562924,-0.0017466742821517216,0.6997725984493227
CSX,2020-01-08,22.453095958271106,22.563115982099692,22.330852458855425,22.42559051513672,8612700.0,0.005192207280239063,0.010357075016040046,-0.001225017840992002,0.0064386154079788425,22.259644317626954,22.18538064956665,22.161788991300668,0.010827394371291129,0.21281454086303597,0.007407726932303409,0.29142110935871784,0.009611351513673524,0.03597095623481368,61.552560901971034,0.13313990808000753,0.0010407306334976885,0.20169830322265625,0.7035666016010312,1038860700.0,0.4526707466620653,-0.28532768956558424,0.9999999890195947,-0.1861687063080694,0.0028691658831772266,0.5975336375237013
CSX,2020-01-09,22.431701764661852,22.538663285863617,22.376692632587762,22.535608291625977,6462900.0,0.004893908480611343,0.007187321113317439,0.004632128585438623,0.000272512312262578,22.282870292663574,22.23641719818115,22.197390829426887,0.01345500449907453,0.24882392883300497,0.0074135282020351785,0.27068277950224917,0.009404752169552479,0.02534739206894714,57.905156134558055,0.14683865501440962,0.011791582054319821,0.23225975036621094,0.5366925508777961,1045323600.0,0.34287254303357,-0.3618310133346895,0.9999999837206964,-0.16410606900710725,0.007016091254438083,0.587836173069675
CSX,2020-01-10,22.52949173002015,22.57227737856409,22.391966306221182,22.419471740722656,6109500.0,-0.005166793571822592,0.008042610210810186,-0.004883376447898077,-0.000271417639438571,22.297844314575194,22.261324214935303,22.218541392407438,0.007104138292063073,0.2568232154846193,0.006480061027779373,0.2643523225111232,0.009162701366791294,0.02254347958865977,57.563570284738965,0.14663346231244745,0.009269111481886111,0.14974021911621094,0.5279045442821574,1039214100.0,0.07524047336981589,-1.2528876119060766,0.7682846388430247,-0.36567368672878303,-0.0028997339111938593,0.6214675022396949
CSX,2020-01-13,22.422536643192515,22.850388038213563,22.355302277970523,22.82594108581543,10656300.0,0.017967800715430336,0.021689610009144263,0.0179910261288563,0.00013670716711366318,22.354076766967772,22.29815034866333,22.27638898225582,0.023669709321147234,0.2699524497985841,0.007392494105001969,0.2757034460839911,0.00872132451608962,0.030829715604663237,62.950299155684064,0.17722656721360863,0.03188977310643781,0.5623245239257812,0.9590084045864797,1049870400.0,0.4836349291580796,-0.42985793480750917,0.9999999873663412,-0.4830295696493466,0.006694615079222672,0.7946013235076774
CSX,2020-01-14,22.761755709968515,23.018466109788264,22.67924115325261,22.81676483154297,9249600.0,-0.00040209072672900214,0.014867355606290497,0.002416734555777806,-0.0028119487212205645,22.424977493286132,22.32687759399414,22.327853348854596,0.02194159194390022,0.2704146194458019,0.007299488097133141,0.28399843778991624,0.008514461961752155,0.037002970300683745,67.96245657264244,0.19844383917753206,0.04248563605628897,0.7090072631835938,0.8510051034912959,1040620800.0,0.6465347566941556,-0.14774205219225858,0.98840702088445,-0.43973826438843966,-0.000311927517973188,0.8897627360592579
CSX,2020-01-15,22.770923883172813,23.097925388403272,22.731194973477788,22.917617797851562,14355600.0,0.004410385534413258,0.016002117591814635,0.006442159107437578,-0.0020090906273786528,22.505352401733397,22.360494804382324,22.384021391616212,0.024915503808978823,0.28593322753906136,0.007326318895423438,0.3018985742525234,0.00864827176269774,0.043630010820026675,68.37251385123726,0.22085084057356852,0.051914109961860355,0.8037490844726562,1.2908864795746322,1054976400.0,0.546744345659398,-0.28082566530454417,0.9999999886777036,-0.4872724810939174,-0.0010634492731562716,0.9591161562648975
CSX,2020-01-16,23.119326907550636,23.486057446499803,23.119326907550636,23.45244026184082,21106500.0,0.023068600893248893,0.015637201709276686,0.014408436526817352,0.00880148676351446,22.61384391784668,22.431396579742433,22.48577556973284,0.045518506993919475,0.33547201156616424,0.008339104438794693,0.32416481898354704,0.008278746768655894,0.059505057114460344,77.21482542625208,0.27855326511292944,0.08769322760097703,1.0849151611328125,1.9169124508715405,1076082900.0,0.8878392752763864,0.3866294053742318,0.9999999925633014,-0.28725567353978,0.00838931025453435,1.1970673536198044
CSX,2020-01-17,23.073482394549828,23.589960057750186,22.978742594858595,23.348529815673828,31339800.0,-0.004440532610322799,0.02617798498307514,0.011920498883556873,-0.01615856870585831,22.72111282348633,22.48426694869995,22.56794264077484,0.038438561014498614,0.3714334297180173,0.00825177101302402,0.3569085180997225,0.00858028394473456,0.06927794136617214,73.88931587855573,0.31229816880294337,0.09715050503279277,1.0726890563964844,2.6397801573012414,1044743100.0,1.1329712546330415,0.993157115355108,0.9227249254430334,-0.3082208645617346,0.0016608143609425086,1.265559893307529
CSX,2020-01-21,23.14071727646154,23.24462381818,22.813715683112868,22.868724822998047,14781300.0,-0.02076377035647681,0.018842683114267324,-0.011753847135073938,-0.008900455011637762,22.79201431274414,22.518495082855225,22.596588562891338,0.01555298162040476,0.39688661575317496,0.009610025395574774,0.3754632819686898,0.008791858726228112,0.06958331833358478,64.6641369181076,0.2969024880183895,0.06540385939859109,0.709014892578125,1.217608129414265,1029961800.0,0.22371291981308009,1.267688324238096,0.565908412942691,-0.12069454168750558,-0.0034459012543355317,1.5588186794977918
CSX,2020-01-22,22.957353381280857,22.97874533927114,22.682304178598145,22.80149269104004,12779700.0,-0.002944246127342106,0.013000954134440622,-0.006789140178845913,0.003875535648305164,22.841218185424804,22.540346336364745,22.61610324176264,0.011585729463880578,0.41398792266845774,0.00953052957275941,0.3815755222294402,0.008729683759588307,0.07007172919659266,62.945824843740006,0.27609359382280374,0.03567597216240426,0.4920387268066406,1.161629864950541,1017182100.0,0.3978605996463059,1.5038117095835903,0.5159099026741044,-0.019728084433256732,-0.0012103689472325522,1.5557006348790086
CSX,2020-01-23,22.780099087571692,23.446327516243695,22.596734700328007,23.421878814697266,13105800.0,0.02684457488924395,0.03627346988844325,0.028172824211976942,-0.0009382545150982063,22.94084701538086,22.600245666503906,22.69284377251832,0.036355053848423975,0.45642513275146257,0.011008940822666093,0.4217411238631575,0.009948009719025742,0.07669315831658725,67.44172104731416,0.30613345474395715,0.05257266646684611,0.9962882995605469,1.1822220177552503,1030287900.0,0.5519701317297867,0.9894841235389962,0.9772723653956211,-0.06553664816223753,0.0020810926415318174,1.6267719227144766
CSX,2020-01-24,23.434094950055318,23.54411494690347,23.238505398955066,23.440208435058594,10812300.0,0.0007822793380239742,0.013037834061719154,0.00026087992799830173,0.0005215694033215936,23.031307029724122,22.657088661193846,22.76402135942692,0.03456400712268226,0.49464740753173686,0.011014774486492292,0.40951668032522803,0.010083257705220972,0.08221399496470187,69.74073278817025,0.32764244991335545,0.05926532930899553,0.9046001434326172,0.9404449245694857,1041100200.0,0.5930200928952899,1.0157818645700314,0.9909035516329929,-0.07417068735083028,-0.00936477865302195,1.2904314738543115
CSX,2020-01-27,22.920671603900765,23.174327013001154,22.801484880992206,22.972625732421875,11033700.0,-0.020149535400960403,0.016229844004412006,0.0022666931152344,-0.022164343486842826,23.086622428894042,22.69223337173462,22.783888442569296,0.012356313990517613,0.5135174369812034,0.012091165042087178,0.4300362678054978,0.010198816369429176,0.08133428965274454,62.31465975061053,0.3034603650076697,0.02806659552264784,0.5531539916992188,0.9352979022615091,1030066500.0,0.32870186552756386,0.5381247612874613,0.64317638787449,-0.054885490975113214,-0.01655463415185916,1.3200130375896968
CSX,2020-01-28,23.14071619597754,23.41882037450772,23.01236095933559,23.293521881103516,10960200.0,0.013871969511012988,0.01744946158192862,0.006603325663383654,0.007316989599427193,23.133380508422853,22.743728637695312,22.832424960524936,0.02417339971674562,0.5374467849731452,0.012389229807711545,0.4320012742842389,0.010425676862944192,0.08239243986185457,64.17248883226505,0.3066546024834267,0.025008666398723844,0.46758079528808594,0.910514884279076,1041026700.0,0.17177321495513226,0.15482849065331736,0.8818171823539801,-0.150427506177751,0.007183071722266029,1.343534982081084
CSX,2020-01-29,23.44938149183909,23.959747420613507,23.379090390246795,23.693866729736328,14831100.0,0.01704093581492738,0.02450663865843285,0.010426084712823807,0.006691114015781956,23.221090698242186,22.82303409576416,22.91446703378316,0.03815586614462401,0.5805092620849628,0.012608434768771094,0.46147009725878874,0.010806145243227577,0.08569510955824107,66.8835053315905,0.33759891204929104,0.04476238077167055,0.8771018981933594,1.186954235623753,1055857800.0,-0.0384864028077064,-0.035783273871678414,0.9999999936708782,-0.09815592225368244,-0.0030347111122911792,1.2462305158763363
CSX,2020-01-30,23.351582902919706,23.791661188969282,23.33324769206204,23.770267486572266,9677400.0,0.003219307550082282,0.01928516358371638,0.017929601834409725,-0.014446094034413074,23.306355667114257,22.90585403442383,22.995971838810696,0.037737665264493604,0.6241571807861348,0.012585414604617694,0.482644586089602,0.01104367129292271,0.08776885529531854,66.5844256528425,0.3640903954504964,0.05700309133830067,0.8526496887207031,0.7639830473350709,1065535200.0,-0.07671660545130556,-0.007098989643127066,0.9999999937909702,-0.08938619059749921,0.004659112418604307,1.2375289345496083
CSX,2020-01-31,23.617467137933936,23.644972581438218,23.1896140098708,23.3301944732666,13947000.0,-0.018687112667007066,0.01951799296354766,-0.01216356787921268,-0.006428213259469888,23.294131088256837,22.953987503051756,23.027802565901737,0.0163896129230195,0.6383257293701163,0.013371526107210915,0.5112404721152133,0.011214664973215856,0.08614903865666386,61.25382232724636,0.34559111334499804,0.030803047386241844,-0.12224578857421875,1.0778315392658504,1051588200.0,0.032043701613068624,-0.31203898530016144,0.7267573463039835,-0.065013890590082,-0.019643522787623095,1.2198563246692957
CSX,2020-02-03,23.586910557237594,23.71220907337184,23.431049849308586,23.562461853027344,10319100.0,0.009906424479269378,0.011932506281262452,-0.0010365369449687656,0.011003598116816228,23.315524291992187,23.018318557739256,23.07872249800894,0.0236395761889886,0.663985671997068,0.013392702252075242,0.503163960676799,0.01106396520057479,0.0842983323350705,59.510660883657586,0.34568746548433893,0.0247195196204662,0.21393203735351562,0.7964185822512827,1061907300.0,-0.12573104516669228,-0.3178592993088805,0.8709728556667652,-0.12308981296634003,0.004399675685205322,1.2206805048083293
CSX,2020-02-04,23.91390793864112,24.005591006994234,23.699983110762624,23.767215728759766,8813400.0,0.0086522944398873,0.01285838020403063,-0.006134179752541541,0.014915507887331488,23.40537338256836,23.09869384765625,23.144293281889972,0.02894197765088559,0.6927617645263666,0.013310168214453825,0.5105856890647446,0.011038432259427307,0.08108368754134865,61.68302523088927,0.3581571392646481,0.029751354720620238,0.8984909057617188,0.6958461928368913,1070720700.0,-0.284292751637944,-0.1936848471371793,0.997910912142487,-0.10369727455753217,0.015033719418001648,1.1006152430838136
CSX,2020-02-05,24.085043443003237,24.085043443003237,23.80693932580835,23.889453887939453,10797000.0,0.0051299609576622735,0.011641292366891905,-0.008120788967088313,0.013372526166743216,23.5141695022583,23.177693843841553,23.21526095865659,0.030708837941054223,0.7167430686950667,0.013294845874544403,0.5070926390160293,0.010858196835988598,0.07961108004509328,61.88341832117755,0.3735964560440195,0.036152537199993284,1.087961196899414,0.8646215088714395,1081517700.0,-0.2657354104052355,-0.18672958437013104,0.9999999931971963,-0.10251335392974165,0.014419349230782629,0.9779524696747194
CSX,2020-02-06,23.99641596804131,24.036146627481173,23.773322719418925,23.93529510498047,6786300.0,0.0019170505667260812,0.010980600277101241,-0.002547082995320675,0.004477376527885167,23.56551113128662,23.25317907333374,23.283835639258864,0.029334312933966305,0.7430545997619618,0.013293109625464731,0.485262943259887,0.01086966546788592,0.07830891655542242,56.70620285684162,0.3850921266061249,0.03811856620967896,0.5134162902832031,0.5474489209416576,1088304000.0,-0.2248494032269247,-0.1999760760444575,0.9999999934029253,-0.1040831494696312,0.0025050101740175523,0.9746768711693284
CSX,2020-02-07,24.118661231584877,24.201175795820756,23.7366488419866,23.797771453857422,9293100.0,-0.005762212300809917,0.01951976699729419,-0.013304626432052128,0.0076609093725463736,23.601267433166505,23.316287231445312,23.33278190731587,0.020650123994130614,0.7675370788574227,0.013439915718704882,0.47478504975578445,0.01113487480726488,0.07508374865536478,56.181643721143125,0.378739644175095,0.025412867022919172,0.3575630187988281,0.7412104339420158,1079010900.0,-0.10359830109162725,-0.3616039551365844,0.9092746137455612,-0.0962093329942156,-0.004548848247940803,1.0082051655324722
CSX,2020-02-10,23.65108466822665,24.115609979106086,23.626635967654046,24.106441497802734,9853800.0,0.012887146948901834,0.020283956530730975,0.019253105553667136,-0.0061638874848088734,23.71464900970459,23.400635719299316,23.406463773076524,0.030161820685978863,0.808061256408692,0.01348535595004247,0.47151075539086157,0.01141896362110193,0.07142455096606391,67.87296019319498,0.39406975809314204,0.03259438475277299,1.1338157653808594,0.774368465102024,1088864700.0,-0.2898616429562566,-0.3307487821204504,0.9999999923368642,-0.08658539491604263,0.006289494210012281,1.0118610091996862
CSX,2020-02-11,24.133947286772404,24.27758274892422,23.96280638031727,23.996421813964844,8935200.0,-0.004574358701657964,0.013117637748131425,-0.0056984243469752165,0.0011410140717856188,23.784939002990722,23.459159755706786,23.462650253161126,0.02290201626370532,0.8260614967346172,0.013159896949608589,0.47282041310042977,0.011171902558445523,0.070774299420934,67.0444732590743,0.3928132086561895,0.025070268252656347,0.7028999328613281,0.7069605372938061,1079929500.0,-0.11510344461020199,-0.20423477820738872,0.9156904145015998,-0.09514416139438577,0.0050393171515082415,0.9388172074895953
CSX,2020-02-12,24.170618596889845,24.29591884038775,23.978085739799152,24.292863845825195,8284800.0,0.012277910173299066,0.01308339365032163,0.005057597034404405,0.007259281582707751,23.84483871459961,23.5329647064209,23.54171821436723,0.03229083750747991,0.8512745666503889,0.013315655531055872,0.43483757629135183,0.011133881616007129,0.07239734497109417,63.688779294000284,0.41100002621260856,0.034605668647260335,0.5989971160888672,0.6580118349680775,1088214300.0,-0.24715098665494356,-0.2972323733970852,0.9999999932947611,-0.11281990698107969,0.00707713518314778,0.9520467880591369
CSX,2020-02-13,24.234796882780774,24.43955671859186,24.112553379190654,24.399826049804688,7331400.0,0.004393364846112769,0.013401871748336618,0.006809595633176914,-0.0023902889100660837,23.907794570922853,23.607075119018553,23.623442770123177,0.03358107375815782,0.8653021240234366,0.013315575213310579,0.43636570425226623,0.011073223971572139,0.07487223422649562,64.6729816907077,0.42909779383252555,0.04216274901374184,0.6295585632324219,0.5989977486724275,1095545700.0,-0.24694327033860164,-0.29723277911281487,0.9999999937434829,-0.1235707067990037,-0.002315821303479158,0.9468841481729651
CSX,2020-02-14,24.347868266231075,24.433437825455538,24.185894129694052,24.32341957092285,7025100.0,-0.0031363485966751756,0.010177174925577046,-0.001004141103479346,-0.002129432540525379,24.007117080688477,23.650624084472657,23.690107227342192,0.028447261435773485,0.8484628295898453,0.012501684936670676,0.4084242858019161,0.010955345587922957,0.07914966495185126,73.4607355130484,0.43229184942071797,0.0362854436815474,0.99322509765625,0.6090049088131075,1088520600.0,-0.1953701358719507,-0.040818517250838605,0.9521961498301882,-0.08900031968179312,0.0008211340736465764,0.8749851781686755
CSX,2020-02-18,24.253136235595438,24.476231307398866,24.1370062072722,24.29897689819336,8205000.0,-0.0010054080655608013,0.013960468440623383,0.0018900921576749676,-0.0028895334853094876,24.080768585205078,23.698146438598634,23.7480948150423,0.02535347906434216,0.8406087875366239,0.01243367744906455,0.40078360423340315,0.010540601214405755,0.08164139942471692,69.4675585007615,0.4279180689439208,0.02552933056380019,0.7365150451660156,0.7905663895107594,1080315600.0,-0.23754665531950284,0.0463210868650598,0.9369035499213318,-0.14931117351885984,-0.005011462295953831,0.8751555291863552
CSX,2020-02-19,24.387596393143614,24.525120081240633,24.326473782484623,24.50067138671875,6755400.0,0.00826627420960938,0.008107790011978686,0.004636578027301052,0.003647046347735055,24.154114151000975,23.77974376678467,23.81976877424958,0.030316879231519128,0.8640182876586913,0.011292424830405021,0.3693491502003519,0.010294793319682468,0.07972441476669563,66.92311508412789,0.435704347496106,0.02665248729278824,0.7334556579589844,0.6770742502510689,1087071000.0,-0.26548399592560995,0.6071315136739878,0.9999999941148039,-0.23643299172899065,0.004434158467767508,0.828310724187628
CSX,2020-02-20,24.47317162930081,24.6382007928003,24.32647942812548,24.58624839782715,6725700.0,0.003486757701809777,0.01267868768064547,0.0046204378508486665,-0.0011224083203224275,24.223793601989748,23.868981552124023,23.89276683363792,0.030050165489331423,0.8971461486816388,0.011190104611428204,0.35887114075517906,0.01028911699428463,0.0749670930923279,67.0499571568061,0.4436660726325776,0.02769136994340793,0.6967945098876953,0.6951886581826301,1093796700.0,-0.35745750778134383,0.7968528887916386,0.9999999938027644,-0.19682526928347416,-0.0007991392640084022,0.8210076490076962
CSX,2020-02-21,24.415102635904613,24.583188521270962,24.28369241922104,24.314252853393555,11560200.0,-0.011124562839067534,0.012317717671843698,-0.004130631110382886,-0.0069610360699707335,24.261689376831054,23.91360025405884,23.932908359328934,0.016754173151602866,0.8858384895324711,0.010212295263450409,0.3390070337483679,0.009165666310813189,0.07441823047193043,72.11531702064548,0.4231502175837427,0.005740411915658439,0.37895774841308594,1.2045187426542299,1082236500.0,-0.7206809401676011,0.09824939961587148,0.831437944831012,-0.19844908324142368,-0.007675936200052311,0.8341777359496046
CSX,2020-02-24,23.828333336311836,24.017811171327235,23.715258333609874,23.855838775634766,22547700.0,-0.01903371580922093,0.012682548727918718,0.0011543165413509787,-0.01998496602020402,24.26749610900879,23.934381771087647,23.92556839897711,-0.0032815970015051847,0.8598007774353036,0.011221556130551025,0.35450559943968507,0.009155829110576308,0.072050241276212,55.984887394748725,0.365685672894255,-0.04137930621906344,0.05806732177734375,2.2140035525862296,1059688800.0,-0.6217688886111221,-0.5274979342665321,0.5473479374545013,-0.06623578562264615,-0.03248003735722603,0.7754047143926185
CSX,2020-02-25,23.877229777662933,24.03309043019686,23.04291738724857,23.094871520996094,26703300.0,-0.03241841896694624,0.04287415247355252,-0.03276587208616356,0.0008966778418210604,24.166339111328124,23.940494060516357,23.846454410597968,-0.03532184997447062,0.8424422645568832,0.01262297667124004,0.3935801629383567,0.010536009768238687,0.0697421028704422,38.82107220690128,0.2557922950849374,-0.12101814722270487,-1.0115699768066406,2.434741935572107,1032985500.0,-1.0434953486439615,0.8460912438695349,0.0,0.3597281606629356,-0.03181424496188123,0.8189336988333992
CSX,2020-02-26,23.266015667577424,23.452436778600003,22.83816256132845,23.01541519165039,20587500.0,-0.0034463636492025516,0.026689686549491495,-0.010771095468497425,0.007410482731014067,24.06823844909668,23.9265887260437,23.767307818317246,-0.03808204942318051,0.8100169944763174,0.012227896925851635,0.4147549131546483,0.010871207545908946,0.07420939354301673,35.257810097245795,0.16044008625421924,-0.17309628484273848,-0.9810066223144531,1.7981959083673429,1012398000.0,-0.9929026315303382,0.9391339375078364,0.0,0.2574314540251406,-0.007263779585413816,0.7983086799797267
CSX,2020-02-27,22.589146014200093,23.135015394931585,22.135277307776562,22.162878036499023,26091600.0,-0.037745488412829944,0.04510867611636904,-0.018870477769859343,-0.018521029227617017,23.855239868164062,23.850039291381837,23.61450498195361,-0.07074039729118876,0.7350543975830099,0.013979754102268474,0.4673916402327037,0.011938178019513886,0.0994680936318192,26.5000528539355,0.015896900733700647,-0.25411157629060566,-2.129985809326172,2.1721278721278723,986306400.0,-1.1703816263433393,0.8241836517666526,0.0,0.2205747868595025,-0.044607410059441105,0.8166155128407969
CSX,2020-02-28,21.491277213710337,21.761144585538613,20.9822087781607,21.60474395751953,34584300.0,-0.025505810500858386,0.03605392449498593,0.005279664985978988,-0.030302960729317655,23.575731658935545,23.7417631149292,23.423099170102745,-0.0900109712604232,0.6395888137817387,0.01471231485876299,0.5185446619830013,0.01263546183108313,0.13098148739737292,23.840953228604135,-0.14205386232186257,-0.32964987147693514,-2.7950820922851562,2.6086897489655736,951722100.0,-0.8802315695599241,-0.1241075437396349,0.0,0.3943901356957969,-0.008216680323029048,0.8309036580666409
CSX,2020-03-02,21.56487563911718,21.899142932488715,21.153940826993068,21.696741104125977,31953900.0,0.004249151496537252,0.03434626895897905,0.0061148261281693825,-0.0018453501916404643,23.31306381225586,23.660090446472168,23.258684116200197,-0.08298148085223978,0.5646694183349616,0.014462846298797752,0.5368466687004018,0.013208000807447072,0.1520211947933508,19.689655188959676,-0.2568468090056619,-0.3555542545285876,-2.626678466796875,2.256999552893163,983676000.0,-1.1244554520027665,0.45364240795261185,0.030855948109335705,0.39580903870698747,0.04017517443381851,0.6349604365303703
CSX,2020-03-03,21.53727683745495,22.399013087000345,21.022075487372014,21.132474899291992,24367200.0,-0.026351117692232612,0.06515742269612078,-0.018795409522664296,-0.007349687490196479,22.99641361236572,23.5385910987854,23.056188000304175,-0.1022200602149703,0.46634302139282013,0.014927126673798544,0.6127153280590719,0.01563563819751925,0.18054530804726454,17.67038077705648,-0.3888699623884868,-0.39006192632912995,-3.166501998901367,1.6397741737182703,959308800.0,-0.86209885146359,-0.3294621792505794,0.0,0.29571890947805457,-0.026760455677306786,0.6469509784610731
CSX,2020-03-04,21.426874805167245,22.153676401519533,21.276607105065523,22.080076217651367,16728900.0,0.04386472124658038,0.03972220420837402,0.030485146267182107,0.013931160797693213,22.754354095458986,23.45423412322998,22.963224973384857,-0.058588905455565235,0.384067764282225,0.018479120201707153,0.6629559281761394,0.016460247406921823,0.1891826707195971,28.222531742515827,-0.41228321143880464,-0.33078014030355823,-2.420595169067383,1.0965549654002034,976037700.0,0.36263142936390313,1.4714574930813882,0.27436695429437113,-0.005186759272953107,0.03851406988373863,0.7558038083180227
CSX,2020-03-05,21.445278268375283,21.64461280171877,21.046610956455496,21.147811889648438,14684100.0,-0.04313922990326434,0.02827724439690077,-0.013870949819546539,-0.02874980788194068,22.410510444641112,23.31715202331543,22.790328489219483,-0.09303623922414762,0.27131877899169865,0.020260670406696425,0.7134174940186154,0.016812582396814813,0.2087486493756416,22.46740965715385,-0.5002972052483905,-0.3350353072905152,-3.438436508178711,0.9504133434949976,961353600.0,0.2542344271575985,0.9223934126235075,0.004440647401615564,-0.27653568949310525,-0.03505278774295789,0.8124727688926018
CSX,2020-03-06,20.22167174259916,21.107941384863167,20.154206215584516,20.93007469177246,15568500.0,-0.010349338287958013,0.04556769067114517,0.03503186868971733,-0.043793662998421634,22.072092628479005,23.166891002655028,22.613161460891195,-0.09655228708186256,0.14693410873412915,0.020197182696067763,0.7667076353259323,0.01786155967749323,0.2275425108809907,21.94230785001581,-0.5809219944710939,-0.3325280772105749,-3.3841781616210938,0.9798081543374849,945785100.0,0.35348961193176653,1.0226006975282325,0.0,-0.23347438949978852,-0.01917069854495961,0.800836459081996
CSX,2020-03-09,19.304733227099952,19.543934259509015,18.27432891478144,18.519662857055664,25397100.0,-0.12235408030841827,0.0685544523421969,-0.04066724780957902,-0.07765578903124627,21.538475036621094,22.90298557281494,22.223304451002097,-0.19138652040903048,-0.041297607421874716,0.03159056927693494,0.9321733979591007,0.019839868776925448,0.2911559931919765,15.734157154298387,-0.8297529358683278,-0.465087214886247,-5.336175918579102,1.5212822639264885,920388000.0,-1.7049482724764482,5.632378682440548,0.0,-0.11871184026900351,-0.09190461748458936,1.0040358506894473
CSX,2020-03-10,19.11153419242313,19.369135743452212,18.200731152567197,19.283267974853516,24698400.0,0.04040475079949696,0.06059162753993155,0.00898587108189732,0.03195907722164457,21.157314682006835,22.66182689666748,21.943300977083183,-0.14908590279236478,-0.22272701263427663,0.0333477664228916,0.999477784233225,0.021351004336331518,0.3221615133394002,20.99819930313116,-0.9543357103481789,-0.4717359914928785,-3.811603546142578,1.4164554032815146,945086400.0,-1.3778004508161974,4.565584926902251,0.12587065844653658,-0.3662259996602827,0.051175581964825245,0.9712292533850733
CSX,2020-03-11,18.67299722780628,18.961265038492957,17.80512646353857,17.881793975830078,32617500.0,-0.07545467665826616,0.06465450706551484,-0.04237151874033423,-0.031647682739412354,20.643952560424804,22.35609550476074,21.55649078648765,-0.200137878637075,-0.4408219528198245,0.036071255392641194,1.082793508993234,0.0228947459571394,0.3728178248156713,17.488388991133874,-1.1528661722092117,-0.536213162683129,-5.1336212158203125,1.7516626496706922,912468900.0,-1.0720600318049491,2.443406172152049,0.0,-0.46955520365327796,-0.05576868423438762,1.0098977626492043
CSX,2020-03-12,16.42205948076104,17.296061574865355,15.909923695097651,16.379125595092773,36770100.0,-0.08777540440385165,0.08462831985261741,-0.002614403249395358,-0.08163244118806474,20.06557731628418,21.96040859222412,21.063408387307188,-0.2541520561283,-0.7219362258911133,0.038713424310439955,1.2020302448593994,0.025433944460233865,0.4409189556624036,15.623603556914048,-1.4151428872621779,-0.638791902188876,-5.78375244140625,1.8343643810009855,875698800.0,-0.8152067098201728,1.1007023648024035,0.0,-0.2771079303328605,-0.10512689849748212,0.9290770099338245
CSX,2020-03-13,17.32672858614663,18.028998675570158,16.563125875940525,17.76833152770996,36818700.0,0.08141005058696334,0.0824991810482365,0.02548680435361641,0.057854308861137245,19.681936073303223,21.628833866119386,20.749591543536024,-0.17848869533630898,-0.9666002082824683,0.04492465783058357,1.277092999194664,0.027808312285356872,0.4662403091590791,25.595942922341962,-1.4936835111289462,-0.5738660208445154,-3.8364124298095703,1.7109450912218727,912517500.0,-0.11188850070832299,1.0400332150826475,0.1692683251262746,-0.4377474854650079,0.10081549312404453,0.9114504691141267
CSX,2020-03-16,15.032852612514587,16.363790638277326,14.585117704665294,15.00525188446045,33835800.0,-0.16901747966079175,0.11853669283979427,-0.0018360273173409795,-0.15395249187743693,19.01278715133667,21.162925481796265,20.202511576005016,-0.29096514102610566,-1.28526312828064,0.05470562328786776,1.433738769201548,0.03178388636493516,0.5364062397195529,22.055497893632236,-1.7586127633506905,-0.6710362184530076,-6.691489219665527,1.4801283199573754,878681700.0,-0.5911677791483745,1.1418118389448983,0.0,-0.6142811050422466,-0.12706892253574653,0.9825313871479299
CSX,2020-03-17,15.18311910099661,16.845258903166062,14.772186026726333,16.63979148864746,26466300.0,0.10339663913100013,0.12458526766120168,0.09594025957125214,0.011853664164102514,18.563518810272218,20.77996621131897,19.863204901018584,-0.1992387610532462,-1.5555014133453362,0.062002212614842886,1.5379386734278462,0.03630024406429397,0.5598510394115517,30.112870096760076,-1.8157466220126253,-0.5825360616919539,-4.492683410644531,1.1132872392379458,905148000.0,-0.14936953670308484,0.7502217166466418,0.1706022541810343,-0.7311698867211667,0.05391069989559011,1.0513942527919753
CSX,2020-03-18,15.538851088847697,16.093920606600765,14.738449411018191,15.630851745605469,23637000.0,-0.06255026735502531,0.08671767973000302,0.005920685913761123,-0.06616311271393538,17.91859636306763,20.336475229263307,19.460123648122096,-0.23138835174773306,-1.8684152317047094,0.06244347074001099,1.602338958461721,0.03815901518674425,0.5874017839330599,29.821893155454703,-1.9203025691612226,-0.5496736070724408,-6.449224472045898,0.9601827015999795,881511000.0,0.014006333672695962,0.6244826284801506,0.06529590733273617,-0.7222925058122227,-0.06256656235015202,1.0453760002101515
CSX,2020-03-19,15.495922682912399,17.23473026940938,14.962320791151727,16.869794845581055,18277500.0,0.07627809835259579,0.13470285199424914,0.08866023603638953,-0.008632227142132834,17.49079465866089,19.950652551651,19.213425666927712,-0.15442390659121533,-2.145444726943971,0.06615275312448063,1.6803204027416732,0.04258765157701222,0.5826079340121604,35.963645249940456,-1.8815027640042565,-0.4086990415323797,-4.278017044067383,0.725447890396344,899788500.0,0.017436565868917408,0.10409099778178833,0.20029463584118115,-0.7277707049786503,0.019181565101660684,1.0795021004716172
CSX,2020-03-20,16.716458695105107,16.921926105746408,15.210719542991455,15.293519973754883,29585400.0,-0.09809552802518393,0.11189095549563108,-0.08512201940037022,-0.009089390350002575,16.92713918685913,19.499615907669067,18.840101315196964,-0.21570147606138004,-2.453839960098268,0.06832295620575243,1.7493207211173376,0.04489947563346547,0.5934386636831281,32.55349246430934,-1.9554051541380133,-0.38608114533290916,-5.636554718017578,1.1337122413975453,870203100.0,0.13360224491513922,-0.21141658487986284,0.032570505494520986,-0.7480759631117242,-0.0361235052834508,1.096058036423333
CSX,2020-03-23,15.158590627463434,15.575658454085524,14.35512041010129,14.615788459777832,22893600.0,-0.045326861780926944,0.08350819029319663,-0.0358082212934879,-0.008822648188448436,16.536751747131348,19.03761339187622,18.43778580515705,-0.23226781850635128,-2.7574460792541515,0.06852458109266875,1.7381493242856167,0.04618604689520535,0.6089976073717812,32.353449312852106,-2.045086120125447,-0.38060968905627424,-3.903874397277832,0.876701501359363,847309500.0,0.1919522367562889,-0.23460525855363837,0.0,-0.7029624331016052,-0.03535543109069356,1.1010817828711568
CSX,2020-03-24,15.633923596055546,17.07832853388115,15.183120423129122,17.020061492919922,22836000.0,0.15229039034302932,0.11135142558329808,0.08866218952317896,0.06965995293921966,16.31043109893799,18.733872890472412,18.302764442086843,-0.09148195931360742,-2.9531983757019056,0.08011265041563091,1.8411020794196007,0.048484434978680824,0.5906297317667669,37.299891932715454,-1.9002493002908665,-0.18861829537735497,-2.2632064819335938,0.8810195382170581,870145500.0,0.4463962076785112,-0.046507177769058564,0.2862356991599006,-0.6387616818423383,0.10408131044904564,1.1792312229638096
CSX,2020-03-25,16.900463323567404,18.57486924006513,16.86979525656849,17.33592987060547,22974600.0,0.018388482802902437,0.098354919304775,0.02576654489884984,-0.007026894080392637,16.25584468841553,18.449898624420165,18.210684959088617,-0.06037804198773505,-3.1273724174499513,0.0803884409748152,1.8890741310125125,0.050052198969493755,0.5613903528858891,40.12708904532543,-1.7399204192912414,-0.022631531502183666,-0.5458641052246094,0.8823039767735915,893120100.0,0.3993773852785364,-0.121215161255166,0.36042256813985873,-0.4987516978236453,0.025429710377941356,1.172667586270946
CSX,2020-03-26,17.516863937865313,18.13326447356397,17.12126223214995,17.961530685424805,19098600.0,0.03545106779431757,0.05634276160189548,0.025385066021908063,0.010436940424328404,16.41408519744873,18.239831256866456,18.186955980644445,-0.01525784792207898,-3.2403351020813,0.08080392784993727,1.89038817153752,0.05029417603897871,0.534728437725971,42.470446308730025,-1.5445729926046248,0.13817271614754656,1.5824050903320312,0.7434348624496028,912218700.0,0.25583645750753436,-0.257491464022429,0.4482332849018929,-0.4879703614344602,0.06683960341299143,1.1408220605176724
CSX,2020-03-27,17.256194283599996,17.731529074131128,16.875925749268298,17.262327194213867,16765500.0,-0.03970577850340139,0.04956477277001323,0.00035540342865170816,-0.039269281342328266,16.36348476409912,18.022710418701173,18.098896096222486,-0.042190281418398555,-3.3443501281738257,0.0810217378777831,1.7782352543350544,0.050494079182705716,0.5133651662314305,46.50767404095944,-1.4296979596834518,0.20243819925497553,-0.5060043334960938,0.6760627104568036,895453200.0,0.27921415001653926,-0.28003128610750694,0.35456011567865836,-0.4925737034227018,-0.033657375575844216,1.1402018441458759
CSX,2020-03-30,17.2071278772003,17.86646403915238,17.093661131833436,17.792863845825195,15087900.0,0.03027096116267802,0.043433306409539546,0.034040310085740946,-0.0031976752840178796,16.642245960235595,17.827516555786133,18.06975016761322,-0.0019437766248878087,-3.4263524627685555,0.08144835798806717,1.749977991223192,0.0506290022514738,0.48135373734257453,45.806011704722565,-1.2810812869279715,0.2808438976083649,2.787611961364746,0.629832019330895,910541100.0,0.22677438578708572,-0.3644981008129984,0.42563677672256534,-0.49651385061496467,0.028474208492502203,1.1632612784540648
CSX,2020-03-31,17.70086334699658,17.83273058073929,17.271528004135,17.572063446044922,16772400.0,-0.012487132635096954,0.03193720409259081,-0.007276475640015222,-0.005170640298593692,16.735473155975342,17.649495983123778,18.02235143222576,-0.004387237865200003,-3.488843708038331,0.08133550285718515,1.6844823530295743,0.050091388729127016,0.4531380083571679,49.06638300397138,-1.1676582129632394,0.31541357725847785,0.9322719573974609,0.7114275952416249,893768700.0,0.20061656289532245,-0.3559297905346034,0.39605587005781917,-0.49343818572223047,-0.015037261844110392,1.163794520078305
CSX,2020-04-01,16.59072557155499,16.937260472579652,16.33005843998142,16.82072639465332,14111100.0,-0.043698496763177615,0.03609844297754214,0.013863216657182782,-0.05584647912882469,16.854460620880126,17.386528491973877,17.90791095245696,-0.03254255716325126,-3.6308512306213387,0.08080861964923367,1.632349119124651,0.05003755406574049,0.39366066882371087,51.394264585441064,-1.125423054122244,0.28611898887957854,1.1898746490478516,0.6018860041702202,879657600.0,0.36534196338771513,-0.2067202271968344,0.3375581785908543,-0.4831005772243554,-0.04707185547263629,1.159900414970732
CSX,2020-04-02,16.612194633245974,17.516864839035744,16.446593747471958,17.437129974365234,16377300.0,0.03598999927140545,0.06137885610402735,0.04965842017455769,-0.012397310111032494,16.911194133758546,17.200994396209715,17.863074668829174,0.013728019015432741,-3.7090980720520044,0.08109848958819416,1.5909489770593939,0.05060909848547213,0.3407525447270499,48.90065106882078,-1.0303357004763818,0.30496507402035267,0.5673351287841797,0.6960336752238098,896034900.0,0.21417670129276836,-0.3185681080430924,0.4468187545606366,-0.49213652885144493,0.029794661470865038,1.158738775653144
CSX,2020-04-03,17.36045608147473,17.682455703537773,17.142721165372134,17.409521102905273,15815400.0,-0.0015845928594828795,0.031002262209014426,0.002826251868054338,-0.004397162434599296,17.122794246673585,17.024966716766357,17.819879091122136,0.02258767329983694,-3.7648785972595213,0.08110025541084126,1.4021290281394632,0.05039898849686158,0.2764962014063025,59.751205798694805,-0.9462977612922288,0.31120241056360465,2.1160011291503906,0.6718005115154697,880219500.0,0.19627640158201373,-0.3242951111264829,0.5985527366790411,-0.5167633636922823,-0.013913589561430179,1.1591505712141226
CSX,2020-04-06,18.602468557768592,18.91833719475945,18.160867336432386,18.789535522460938,19460400.0,0.07628284733028431,0.040313389195895055,0.010056029075465047,0.0685227036293515,17.540168952941894,17.038460350036623,17.912227322678213,0.10277191345053377,-3.6583715057373034,0.07895516656844404,1.361824972097638,0.04988798244364181,0.2808379925447331,58.902711054168954,-0.7595854306131109,0.3983317929941781,4.1737470626831055,0.8371873921137795,899679900.0,0.02826711795056476,-0.26803996325789137,0.8942186120496003,-0.49341651037600853,0.0702221126749428,1.1424411638340701
CSX,2020-04-07,19.727934200344453,19.8782019007786,18.645397502184483,18.752731323242188,16942200.0,-0.0019606813387405353,0.06573999154278794,-0.049432589707504124,0.049942622411382004,17.713435935974122,17.011933517456054,17.992275322731924,0.10232803954940746,-3.6005004501342768,0.07846335285624594,1.314072280737984,0.04992915841626358,0.2701173682735149,64.06074671698224,-0.6075805443422198,0.4402693434120555,1.7326698303222656,0.7412205319426097,882737700.0,0.11414094150299763,-0.17975136301242306,0.9911819742361412,-0.4729067937758119,0.0005814018500145424,1.1560067019304672
CSX,2020-04-08,19.083937969020983,19.589939145876603,18.95207071914983,19.479537963867188,11314800.0,0.0380251670653818,0.03274556244146866,0.02072947394234791,0.017661781639685587,17.92779674530029,17.09182071685791,18.133919383792424,0.13969940865657673,-3.444333572387695,0.07685667842638248,1.2115578767648958,0.04940958222299431,0.2954427086631531,62.32258983714182,-0.4235855248568505,0.49941149031793974,2.1436080932617188,0.5192173468924189,894052500.0,-0.061365652918343394,0.029956318436190767,0.9999999979439731,-0.5701919856237386,0.04249490105389189,1.1396795579156727
CSX,2020-04-09,19.593001896804058,19.872069487577058,19.35073352158308,19.626733779907227,15451800.0,0.0075280257934298885,0.02656254330650228,0.0017216291449791059,0.005824775369279077,18.094317054748537,17.254201126098632,18.276092183422406,0.1375046364922634,-3.20061050415039,0.07380898214880935,1.1265671198533975,0.04825151895543069,0.3176459712495641,73.65243645336096,-0.2628605809621938,0.5281091473700772,1.6652030944824219,0.745523220343031,909504300.0,-0.16630291121783872,0.5083561686766936,0.9999999980043686,-0.5393532557393282,0.012589029794570262,1.1982780149779537
CSX,2020-04-13,19.41513644456496,19.589937570873083,18.688334716891607,18.881534576416016,12558300.0,-0.0387081672944398,0.047750507265846044,-0.027483807269267024,-0.010781077366978252,18.25623779296875,17.309861278533937,18.333753363707512,0.09079641209089989,-3.04717569351196,0.07250035392884452,1.1064143354984963,0.047313363132167885,0.32676722676506015,73.11392899571564,-0.19338700775100648,0.4780661764650116,1.6192073822021484,0.6435831937475833,896946000.0,0.028687925401159844,0.7025544855435613,0.8512857027175014,-0.494738950673335,-0.014897515514803686,1.2712141755629587
CSX,2020-04-14,19.05020096052299,19.43966797505536,19.02873314168349,19.179000854492188,9734100.0,0.015631537061449804,0.021426289955851437,0.006761077966374489,0.008932874784322168,18.39485149383545,17.518548727035522,18.414253124734625,0.09478251613926045,-2.7554643726348864,0.061802648051920143,0.9703852872510697,0.04481075020417524,0.31124089811907574,65.15929022916,-0.11302280134014353,0.4467443063006996,1.3861370086669922,0.531685311511191,906680100.0,0.6163591955582193,0.5824990848039104,0.9106490081376566,-0.3797112359556333,0.024196940710054904,1.283501524680893
CSX,2020-04-15,18.5135361570399,18.70980337669165,18.369403075645913,18.673004150390625,9541800.0,-0.026737122502369245,0.01822954133701168,0.008613589105724942,-0.03469756858039965,18.50494556427002,17.62020936012268,18.438896079559004,0.059749278158441575,-2.556014585494996,0.05817533224361722,0.9064227012046151,0.04126836868867445,0.31099211423322676,59.14429635257089,-0.08913579207090194,0.37650505245595295,1.1009407043457031,0.5464389808945649,897138300.0,0.8555017986240635,1.5975947192543354,0.8096707154671803,-0.30973216353505084,-0.03182997009792779,1.2161175225114793
CSX,2020-04-16,18.77113366242939,18.77113366242939,18.084198543607997,18.596332550048828,14782500.0,-0.004114465954755651,0.03693927912789386,-0.009312229912380123,0.005255153977819404,18.68250617980957,17.76848340034485,18.453890029129465,0.0465908727859077,-2.30432288169861,0.05603291865463304,0.8832036210194273,0.0398565960407894,0.2931236627978751,54.693860166492776,-0.07552135928527548,0.31209558819326355,1.7756061553955078,0.8685849864798644,882355800.0,0.893032748722226,2.029588541821383,0.7943698899162025,-0.23724976939620476,-0.0056264325002719825,1.2518278592823027
CSX,2020-04-17,19.295535824609164,19.522469315918535,19.022601115624223,19.249534606933594,20512800.0,0.034522497629247154,0.025967807040605636,-0.0023840342187803525,0.03759898747124202,18.863746643066406,17.887470388412474,18.52966570320605,0.07614627384112772,-2.0925375080108672,0.0540005281530938,0.871813037427513,0.0352159046156133,0.2961155426344443,64.794479971123,-0.011886852031821604,0.30058407635737394,1.8124046325683594,1.1974204394709538,902868600.0,1.0172632975092957,2.9177650016622843,0.9247249454697418,-0.1327706462055485,0.0437619382755355,1.2186651576858558
CSX,2020-04-20,18.712866461561504,19.188201245583876,18.48286564640442,18.70673179626465,14391300.0,-0.028603435993281877,0.0377049078834977,-0.00032783140463576717,-0.027879538717719685,18.993467712402342,18.058130979537964,18.546529140640203,0.03591738355766869,-1.8173056507110594,0.04932097134765913,0.8713748983711008,0.03256516118307668,0.26246553393616906,56.7912150340234,-0.005195803017301159,0.2458201002975155,1.297210693359375,0.879066307008928,888477300.0,1.5994284650386337,3.911426123561003,0.8164015104872794,-0.31086772842622695,-0.020267523936331647,1.1490734374575395
CSX,2020-04-21,18.194599366072,18.495133065202435,18.03206581700384,18.2406005859375,13695600.0,-0.02523353722035417,0.025386622881024765,0.002528289793029379,-0.027376905585127887,18.93857421875,18.239371585845948,18.517393087811374,6.738171245470695e-05,-1.5249216270446766,0.048352679768261575,0.8794794271322807,0.030854463457823517,0.18960958306493825,54.79331523802335,-0.03707857281245097,0.17114986440189256,-0.5489349365234375,0.8607510926252041,874781700.0,1.694769771186716,4.2519669557717386,0.5060122769760912,-0.10790783605234905,-0.029134577567193915,1.132292602281768
CSX,2020-04-22,18.599403943021223,19.13913879706352,18.23753581809648,18.673004150390625,15820800.0,0.023428941539144394,0.048283766859666254,0.0039571272065962275,0.01967058899147982,18.930601501464842,18.322018718719484,18.532213189009397,0.019156482539368965,-1.3336057472228973,0.03273894388651087,0.8551649966253907,0.027285081420552713,0.17896286849402218,63.91704975346684,-0.02714167138148227,0.14486941266628903,-0.0797271728515625,1.016730867853521,890602500.0,0.30240883405702595,-0.3698885573790497,0.6601115017979838,-0.30058220752843007,0.022780603017446024,0.9203136656754722
CSX,2020-04-23,19.596072421874982,19.666607047871636,18.798735996254614,18.85087013244629,13986600.0,0.009480221197260556,0.046038779404842176,-0.03802814530307759,0.049433302967752384,18.867734718322755,18.397765731811525,18.56256146933672,0.02462822971222547,-1.154947700500486,0.03260625257313784,0.8496886970480497,0.02477949208056841,0.17249834484065227,61.371473948186946,-0.0048583036418783365,0.1337222243247144,-0.6286678314208984,0.9255869541911685,904589100.0,0.3483663154479741,-0.2977615226410704,0.7234990689000903,-0.3248326393825307,0.0009203508053499755,0.919989690881695
CSX,2020-04-24,19.19127208139942,19.626738639549984,18.82326930615944,19.5715389251709,11972400.0,0.037517341568175246,0.04105294614094989,0.0198145720699798,0.018057625274667106,18.86221523284912,18.478266143798827,18.658654560368547,0.05916533363380342,-0.9800207901000988,0.03271816523710114,0.8685268967069716,0.02420864319965261,0.17918122824247906,65.64586826618404,0.0701447890625353,0.16698025362330243,-0.055194854736328125,0.8114268286484013,916561500.0,0.34520251555252385,-0.3290543737858973,0.9803297507947824,-0.2546595989346864,0.011768859891664636,1.018297889866002
CSX,2020-04-27,20.08673720864825,20.47927332378971,19.862871052976573,20.365806579589844,21594900.0,0.03978093121372095,0.030266528772343388,0.013893215610021695,0.026323851458341627,19.010642433166502,18.63344011306763,18.82124046696105,0.0929708339421075,-0.7441664314270007,0.03194613273287498,0.8255924900473026,0.023638792994286534,0.1883098939581681,62.463631027536955,0.19146890775539305,0.23064349785292815,1.4842720031738281,1.4400228857672133,938156400.0,0.18594216372068204,-0.3895702477231092,0.9999999971791893,-0.14206069702795435,0.02099030416774559,1.0207091348993464
CSX,2020-04-28,20.595811898862312,20.743012316151443,20.187942540535552,20.500743865966797,18006900.0,0.006603825147740337,0.027075591951439392,-0.004615891491064093,0.011293700466691776,19.142816734313964,18.768834114074707,18.981193171628263,0.09227583031347347,-0.5323189163208006,0.03152623703545157,0.7771828741202865,0.023168953812108102,0.2017936102071044,63.6103797817259,0.29510566282111483,0.2674242023349199,1.3217430114746094,1.1891888679099496,956163300.0,0.30122044061075376,-0.19050790259870504,0.9999999972826216,-0.11849797989818865,0.005119468900849118,1.021348467978919
CSX,2020-04-29,20.969946941403727,21.245947299439592,20.78287995407864,20.8994140625,12202200.0,0.019259951659929934,0.022156953490473058,-0.0033635220489978625,0.022887124413853686,19.3654577255249,18.93520164489746,19.16388087552081,0.10373337735919187,-0.29796012878417955,0.03126710426254602,0.7706111320373138,0.022959066799617744,0.21448951553756035,61.65078325671776,0.40474227391718287,0.30164865074479036,2.226409912109375,0.8181894987548328,968365500.0,0.1572807700479268,-0.14963181019918065,0.999999997548231,-0.19448622645205454,0.029731086125226736,1.0046579799220186
CSX,2020-04-30,20.55287456502333,20.79820855277497,20.24313887006568,20.31060791015625,25137300.0,-0.028577816577834425,0.02732905313147868,-0.011787482772816963,-0.016581302061404124,19.536885261535645,19.109695720672608,19.27309297405752,0.0628430827490629,-0.03966478347778235,0.030142211109356044,0.7802496482116241,0.02272176108694886,0.19446689002498643,55.23232414034041,0.4390571647722368,0.2687708332798754,1.7142753601074219,1.625434772909356,943228200.0,0.2826726901367676,-0.11925184454041825,0.8312824583809152,-0.140527023232879,-0.01370988137757605,1.0444028956342426
CSX,2020-05-01,20.11433526237484,20.11433526237484,19.795401137009737,19.93340301513672,22737900.0,-0.018746438687842582,0.01599998380220961,-0.008995188997200781,-0.009663553579962712,19.605272102355958,19.23450937271118,19.335979644636488,0.03633540262883382,0.17820577621459677,0.03009197775705101,0.7500216275066879,0.02119447212434745,0.17831383819016586,58.528070406583424,0.4308481313406247,0.20844943987861064,0.683868408203125,1.4406576696445543,920490300.0,0.5002293159547244,0.0737577067690474,0.72319751184935,-0.05884150793908281,-0.03298346137629277,0.9939539334469389
CSX,2020-05-04,19.847536451410736,19.847536451410736,19.335400718729826,19.5470027923584,11614500.0,-0.019574903200583495,0.026200217911726192,-0.015142113974098596,-0.004307672084930934,19.689299201965333,19.341383457183838,19.35607708727667,0.010631056233890485,0.380424861907958,0.03062204064888825,0.7528694059186556,0.02107606701789213,0.1537971989815105,52.94117826400986,0.3886826528310827,0.13302716909525492,0.84027099609375,0.7458122109773001,908875800.0,0.5349776316131712,-0.059941003809296234,0.4913478185000132,0.025898112525809234,0.004139381195190605,1.0154667036069083
CSX,2020-05-05,19.737139803746174,19.9242085243913,19.494873123543307,19.55620574951172,13024800.0,0.0004707008793604052,0.02195392124357828,-0.009167187142288664,0.009727169602805152,19.820859718322755,19.37971696853638,19.375136959870485,0.009106881244028272,0.5047510337829593,0.025347232823455947,0.7257078074902069,0.020558371629365236,0.15137650961398458,57.66769840549654,0.3519517286112652,0.0770369959003499,1.3156051635742188,0.854019444403464,921900600.0,0.06689465440097976,-1.251861409582587,0.4948091207688002,0.06163655299711834,0.0056908310423181355,0.9559795743976659
CSX,2020-05-06,19.611404030253567,19.694204465663354,19.17286845585237,19.206602096557617,15869700.0,-0.018038586580367055,0.027143583606827698,-0.020641150071228017,0.0028225455105587898,19.874219512939455,19.40241050720215,19.359086020507355,-0.010091963087362132,0.6052099609375006,0.02573513859231738,0.7138792997037492,0.019018519882378803,0.1484112746517435,55.05845994094086,0.2912744825781921,0.013087799893821417,0.5335979461669922,1.0442275235153033,906030900.0,0.13909746285412036,-1.3460331765394482,0.36332052455060754,0.08213746280298254,-0.011450602012799951,0.9636735140511932
CSX,2020-05-07,19.500998654178666,19.75553281609597,19.378331693903252,19.60219955444336,10083900.0,0.020387702982092068,0.01924279574570565,0.005189523985891262,0.015327883409101978,19.94935245513916,19.408543586730957,19.38223969040602,0.009977872211122485,0.6796073532104501,0.024649228469127153,0.6869360106800809,0.018672033379754253,0.14861440316817628,53.05360732530172,0.27197359434854107,-0.004970470668663685,0.7513294219970703,0.6662193888017347,916114800.0,0.10652459893263934,-1.2757280102110984,0.5121077410609308,0.024379793162472633,0.012181909187570929,0.9790293159591317
CSX,2020-05-08,19.856736111420457,20.332072655939914,19.835270046923583,20.273805618286133,8488500.0,0.033687907074991204,0.02450465484231712,0.021003930581814087,0.012985101813199312,20.019579124450683,19.4408971786499,19.467150731156508,0.04284310708411831,0.7497423934936513,0.025744762178457243,0.6843077350348938,0.01862620161771455,0.1533890433863869,63.27271423143431,0.30732781414070587,0.02430699929880087,0.7022666931152344,0.5740189236561932,924603300.0,0.049993575924464385,-1.4613767452224966,0.7647038961643385,0.11142745079356323,0.02294598406805673,1.0126588114053936
CSX,2020-05-11,19.991676095816583,20.45474518996353,19.976342937764592,20.21247673034668,9438000.0,-0.0030296155285697702,0.023668660628841747,0.011044628447951938,-0.013915962685125113,20.004246139526366,19.507444286346434,19.538134159650813,0.036141712550921336,0.8441348457336417,0.024022093996195128,0.6702888973876172,0.01780453984845826,0.15426270573143516,67.93082910514005,0.32663234497825044,0.034889224109076356,-0.15332984924316406,0.6450323182514827,915165300.0,0.08622275532345346,-1.4227255422411815,0.7416376343714727,0.140546123754985,-0.003731326133731648,0.9665681287660796
CSX,2020-05-12,20.30141058910022,20.30141058910022,19.669673286228527,19.67580795288086,8679300.0,-0.026910215242137586,0.03210731190223873,-0.03081572255650289,0.004399948603033796,19.921752548217775,19.532284641265868,19.551245949482247,0.007348004304205658,0.9093938636779768,0.02475478748059335,0.6510127776665211,0.018077368397665324,0.15340700601262144,58.949084526412975,0.2952234869479611,0.0027842928630295583,-0.8249359130859375,0.5953254268014763,906486000.0,0.25101498233112324,-1.4599248811725603,0.5397924202644601,0.19236560827110352,-0.02393176366496722,1.001590849968288
CSX,2020-05-13,19.654333907819787,19.654333907819787,18.91526473921748,19.114599227905273,12432300.0,-0.02893745784766991,0.03866516685965061,-0.027461356993623242,-0.0010913933045340837,19.7432710647583,19.5543643951416,19.5096605474273,-0.02248936136965872,0.971831130981446,0.0248862374437272,0.6343656573938331,0.0186334228284607,0.1490544599513461,52.2028193283496,0.22248224989543175,-0.055965555351599805,-1.7848148345947266,0.8443785185834181,894053700.0,0.24086419407284215,-1.4590839562923479,0.3287175450195794,0.24886626422229174,-0.022936261742818237,1.0371790190990327
CSX,2020-05-14,18.98886958383372,19.347672102496464,18.400067970309333,19.310871124267578,11679900.0,0.010215807458763828,0.04907101943196627,0.016957383324597557,-0.006577676182088249,19.643297386169433,19.59009132385254,19.490728221412088,-0.014253134146699403,1.0629421615600592,0.02492449877523828,0.6446610001650177,0.019173333796673356,0.14211396392872747,47.613707913588165,0.17861285932311688,-0.07986795673913172,-0.9997367858886719,0.8017239959144674,905733600.0,0.14684155067114937,-1.4986522941431237,0.40253689991387803,0.24516686176751806,0.011787426845140697,1.0350741069799685
CSX,2020-05-15,19.025663034842232,19.200464102737552,18.896863171533326,19.013397216796875,15777000.0,-0.015524360658894967,0.015967737261388403,-0.000644698585426129,-0.014769302098802313,19.55129680633545,19.578284454345702,19.445268125734447,-0.028852744420282544,1.093823585510254,0.02395129474250709,0.6093948254589778,0.018975378346004938,0.1438418231071468,36.380518462744135,0.11847666771667775,-0.11200331867645669,-0.9200057983398438,1.100847143637631,889956600.0,0.34313819539794543,-1.2967779803415302,0.290654697956456,0.3452797592017857,0.0002731433632202289,1.1038535491618038
CSX,2020-05-18,19.7770056531869,20.516073179801186,19.6420710852344,20.35967254638672,11988300.0,0.06841226100762696,0.0429281017450302,0.029461835801514565,0.04016159909158352,19.63256378173828,19.660931491851805,19.532354261034662,0.03553957017878308,1.187878665924071,0.027811782919260054,0.6770809817010078,0.0192080643255774,0.14104822717208282,48.85796607343036,0.17740643941434087,-0.04245883758303487,0.8126697540283203,0.8435609370975982,901944900.0,0.6572322327628112,-0.12413485275941492,0.7969991017267267,0.14124801173369012,0.047024950462290584,1.186672273923323
CSX,2020-05-19,20.436341016313193,20.71847598698555,20.227807998657227,20.227807998657227,13604700.0,-0.006497817056869516,0.024257101331043595,-0.010204029062223332,0.003765702505862792,19.699724006652833,19.760291862487794,19.59858795033205,0.02365937403267551,1.2530761337280296,0.027077499201951634,0.6588998784764026,0.01917588942568188,0.12494616968463314,44.317585814354835,0.21103565343933894,-0.0070636988464294614,0.6716022491455078,0.9576057428048648,888340200.0,0.6703950514222009,0.03923934945761838,0.6983457236812566,0.10184920891350209,-0.013157149323918827,1.205843280274022
CSX,2020-05-20,21.11100844269909,21.408476541396098,20.887140535505438,20.963808059692383,15504300.0,0.03573923387510138,0.02486838290095994,-0.006972683631208329,0.04366268673800414,19.875444602966308,19.87483205795288,19.72860891312827,0.054791708355782134,1.3340055274963376,0.027667564412234984,0.6963565463552991,0.018348995685594272,0.12425927654506919,55.39237004792063,0.29369061911484096,0.060473013463258035,1.7572059631347656,1.0925314826050283,903844500.0,0.6165651655307485,-0.23221099927758085,0.9999999952672534,0.06740890876940603,0.01850303233349511,1.2451258097911007
CSX,2020-05-21,20.884074881225747,20.939274585959677,20.522206835632353,20.79207420349121,10072800.0,-0.008225659006860753,0.02005897758181784,-0.00440530300038533,-0.003803372852852106,19.994432067871095,19.971892261505126,19.829891321734266,0.04106681185973285,1.372860126495361,0.027837280298706142,0.691099007134836,0.01752859504440287,0.1202310874109701,57.337519269115006,0.341402314586837,0.08654776714820328,1.1898746490478516,0.7197180804088177,893771700.0,0.7033520583239066,-0.20477905836695257,0.9119499022750914,0.028608317289322876,-0.00634551285045979,1.249750440538124
CSX,2020-05-22,20.700072892839593,21.046607774009548,20.67553949651164,21.015939712524414,8170800.0,0.01070931755159526,0.017656516081304273,0.015259212917751766,-0.004424826005871506,20.068645477294922,20.044112300872804,19.94284831133333,0.04848443258868054,1.3523438835144042,0.02678351413884193,0.6748894343556228,0.01677647380938691,0.1268134732777734,62.91100338707093,0.39275086515487345,0.11031705417299176,0.7421340942382812,0.5918553609457169,901942500.0,0.8523000404970265,0.3805742025347546,0.9999999950063482,-0.07515344783910219,0.0012633386994789504,1.2207701254999481
CSX,2020-05-26,21.61394969970877,22.129151176998764,21.479015102082425,22.123018264770508,17253600.0,0.05133743319590103,0.02938731357247215,0.023552778281361417,0.028455067694544818,20.259699630737305,20.131972885131837,20.15048354499401,0.09889966527369638,1.3531107330322278,0.027773606928395297,0.7237377246146482,0.016752385584898177,0.15615864847463237,68.91095047076814,0.5168193762901474,0.18750845224661256,1.9105415344238281,1.2697361376504186,919196100.0,0.8738092877065493,0.22030319580041316,0.9999999967841741,-0.05244770158121068,0.022456123211212237,1.251065110314841
CSX,2020-05-27,22.322342288243867,22.67194446918432,22.29781064898498,22.570743560791016,16760100.0,0.020035918010086248,0.0165760520556917,0.011127921494061582,0.009009802418812348,20.54919319152832,20.235472869873046,20.38098449887944,0.11540479957820825,1.3053008842468259,0.027994189179530882,0.7257084528005647,0.016503578475836087,0.1888067281796736,74.43201604625489,0.6438503487847775,0.25163153979299413,2.8949356079101562,1.2391029273631995,935956200.0,0.7826093277745861,0.01151861022833231,0.9999999971889159,0.002031292156891738,0.02355854068149568,1.224653117186418
CSX,2020-05-28,22.767706723327404,22.773863136025735,21.761348087639597,21.927536010742188,16439400.0,-0.028911335832601474,0.046175504985608615,-0.03690185940968713,0.008726480897977352,20.830486869812013,20.286878967285155,20.528275119056843,0.08087281666651507,1.2509520912170409,0.028751376363000458,0.7588216191468352,0.017346732679631795,0.20078768719167073,66.30142825663265,0.684728709581119,0.23400792047146846,2.812936782836914,1.1966496953126962,919516800.0,0.8998178215130371,0.09710928737032369,0.8191889414066631,-7.769198681566365e-05,-0.007688789968793572,1.319669300601889
CSX,2020-05-29,21.83521387918089,22.266071289213627,21.545924054815025,22.02910041809082,15854400.0,0.004621126471026692,0.03269072366691836,0.008879534681123189,-0.004210328580286822,21.102309799194337,20.372803592681883,20.671210861821987,0.08129940574324761,1.2089117431640624,0.027812395975968924,0.7581269143541244,0.017527291581067507,0.21408890017037785,63.37414889269581,0.7170547431606984,0.2130671632408383,2.718229293823242,1.1944211527899886,935371200.0,0.8779482124639003,0.21813805918581985,0.847739551114542,-0.05254492197889803,0.0009330264320230557,1.2944229078712672
CSX,2020-06-01,21.844445775574094,22.029099446295998,21.644404592456684,21.80751609802246,8249700.0,-0.010109640064603648,0.01764047093259733,-0.0016905751663851807,-0.008382305178702774,21.381721687316894,20.46650924682617,20.779430408126792,0.06552201135150813,1.2038629722595218,0.02750528376408714,0.7514335981709243,0.01755551690919964,0.22093502525616243,61.8633988341167,0.7165336015647625,0.1700368173159219,2.794118881225586,0.6573832803423298,927121500.0,0.8817510250967167,0.2896150775296884,0.7854503338108719,-0.09662325623283527,0.004912152331152217,1.4434381432056635
CSX,2020-06-02,22.0598777461428,22.303005056655568,21.89061156268679,22.213754653930664,9104400.0,0.01845699051189354,0.018564781163449406,0.006975419789657283,0.011572232572751506,21.56712989807129,20.599846839904785,20.91603271725097,0.07834562201207795,1.1987958717346174,0.027051720761039746,0.7417015735824537,0.01738255754522174,0.22772178906323326,69.24993236703793,0.7403661691439325,0.1550955079160734,1.8540821075439453,0.7328195611727335,936225900.0,0.7420389698761084,0.21291079909549548,0.8996474109248516,-0.122697468560036,0.012130423144354708,1.4442419143941554
CSX,2020-06-03,22.592291161578984,23.041614299031288,22.466111086926542,22.98006248474121,11758500.0,0.033915315484928384,0.025043587783404875,0.017163877731076707,0.017040636017889,21.84235534667969,20.77103967666626,21.112606980821468,0.10635109471946755,1.2027032279968246,0.027697862676215407,0.7465098901136855,0.017468061694055178,0.2424748871453707,78.43426721658417,0.8117311568088681,0.1811683964648072,2.7522544860839844,0.9512980078443556,947984400.0,0.5457266213051498,-0.24937673611970151,0.9999999974789907,-0.11138458153892317,0.02242793954023394,1.4505040156037683
CSX,2020-06-04,22.80464049218172,22.92158769160604,22.681538640416065,22.786174774169922,9408900.0,-0.00847300901914471,0.010534855172887119,-0.0008097351071211746,-0.0076336603817318965,22.024592018127443,20.950018310546874,21.271994389711796,0.0876446233318408,1.266359596252439,0.02730310748555576,0.700147012409258,0.017150864095888455,0.2442538647360386,75.5732313506825,0.8429265730043767,0.16989105012825256,1.822366714477539,0.7816362947603477,938575500.0,0.5507309453324627,-0.15638247267577987,0.9511207256005809,-0.12170782574182025,0.0019149678923434848,1.4541151377188843
CSX,2020-06-05,23.373988873378032,23.669433338552423,23.06007868888326,23.10624122619629,17776200.0,0.01394878149705222,0.02637186393511375,-0.011454940302752343,0.0257969626334319,22.25600872039795,21.125220394134523,21.446684564615083,0.09377515571917074,1.3261554527282726,0.02719485754967948,0.7336649132412758,0.01731234807409546,0.2507213773018315,80.01763151805916,0.8832937918604671,0.16820661518747437,2.314167022705078,1.4310192637208579,956351700.0,0.5932524068187562,-0.0704456083089625,0.9999999975567112,-0.15420886374246304,0.03484704919024782,1.296931623611487
CSX,2020-06-08,23.026223860409374,23.386296557248524,22.718468350032893,22.875423431396484,13896000.0,-0.010039642334721167,0.029194135322498038,-0.006549073349024952,-0.0034630195800170625,22.441957092285158,21.25530128479004,21.58275493287998,0.07622202691456453,1.3579584884643552,0.02679450801027884,0.6740329306849416,0.017430391481821964,0.25655761976558084,72.06047245990915,0.8864416886228241,0.1370836095598651,1.8594837188720703,1.0948258134967064,942455700.0,0.8252586901690304,0.3780487043378403,0.9436045440027117,-0.1449515923330402,0.01795685827818104,1.2280479699588784
CSX,2020-06-09,22.641529023048985,22.84157019276231,22.48457394174877,22.669227600097656,10312500.0,-0.009054729169185472,0.015748055351122756,0.0012233527612235918,-0.010224702902175769,22.496578025817872,21.37813882827759,21.686228520234042,0.06039294543790224,1.37265802383423,0.02693833645703525,0.666903037922041,0.01726826832155296,0.2572768974605912,71.133170939011,0.8623574196165293,0.09039947244285618,0.5462093353271484,0.8097027713623146,932143200.0,0.8407280003410669,0.3468609539121659,0.893224947242734,-0.15367516091999903,-0.014037054093393429,1.2013928466684252
CSX,2020-06-10,22.669231714972398,22.813875756843885,22.269151063911682,22.555362701416016,12241500.0,-0.005035540997732175,0.024150562336025087,-0.005023064521466543,1.8151808319098677e-07,22.49503993988037,21.522116565704344,21.769003204156135,0.04800857446140576,1.4213857841491695,0.025978394562985906,0.6214784772215646,0.017050026124915973,0.24860823764274473,65.4395794916316,0.8245773033251247,0.04209548492116122,-0.015380859375,0.9479052814852413,919901700.0,0.9106392589892621,0.5756519265321964,0.8654044639450712,-0.2525421945271729,-0.015529151316785119,1.1654118816322463
CSX,2020-06-11,22.09065168062544,22.281460022978752,20.99504413642431,21.016586303710938,14913000.0,-0.0706609015226557,0.06120955458533716,-0.0486208099445301,-0.02060312782118993,22.403944969177246,21.61721591949463,21.697344451732782,-0.027784781260478512,1.447594680786132,0.030046978823439457,0.7013868587166845,0.018110401773919677,0.22572793570393568,51.721406724877056,0.6628292112192007,-0.09572208574781027,-0.91094970703125,1.1437840822806655,904988700.0,-0.016590590708292177,1.4377891234785125,0.4894369483467419,-0.13639131749070307,-0.06697290854339721,1.090686397799265
CSX,2020-06-12,21.699800988126533,21.74904349544188,20.94580228011245,21.410512924194336,12513600.0,0.018570109577119926,0.037516206088727216,-0.013331369448525674,0.032508356711335146,22.342086219787596,21.722198009490967,21.670027163395787,-0.014348689997229927,1.4607810401916517,0.030181957706471717,0.732256354276079,0.017551266849243154,0.2016223364669801,52.94843019288295,0.5599742345796805,-0.1588616499098644,-0.6185874938964844,0.9566983448375515,917502300.0,-0.05814848490765276,1.354649830047178,0.5856845987864485,-0.16575716746063382,0.01992570691792444,1.088258950974836
CSX,2020-06-15,20.89963978849147,21.715190311769728,20.75499399520731,21.58901023864746,11766900.0,0.00830234042723109,0.04447616198928501,0.03298480055793103,-0.02386085459566774,22.320235633850096,21.850978660583497,21.662311265800707,-0.01198886448086625,1.5065240859985352,0.029776293298073683,0.7213267008537981,0.01844858523372312,0.1633363802434667,45.36665415547113,0.4872474804215656,-0.18527072325438354,-0.218505859375,0.9136160776677319,929269200.0,-0.17293116516296225,1.6299130518819274,0.47289692956505885,-0.09485883969916371,0.009333680536247922,1.0799062171025173
CSX,2020-06-16,22.330698027452364,22.33377623425275,21.41358787059126,21.653636932373047,11663700.0,0.0029890280114495266,0.04249578796094849,-0.030319746129161225,0.03435487688440548,22.264223861694337,21.915676879882813,21.661485138807596,-0.011956735306236524,1.4863399887084974,0.02568288961925721,0.7478454265143463,0.018387377895979058,0.15014544042544334,41.47601083518884,0.42987055765560456,-0.19411811681627567,-0.5601177215576172,0.9067459623345577,940932900.0,-0.732455065576801,2.390478282282108,0.4953489680152676,-0.057143310029697324,0.021463964570521358,0.9538985700326074
CSX,2020-06-17,21.872146120377444,21.872146120377444,21.490529442601687,21.51207160949707,9175800.0,-0.006559180201272009,0.017739652633328065,-0.016462696842762307,0.01009110795968492,22.117424774169923,21.979890060424804,21.64725527887326,-0.02128393043102838,1.4961024475097666,0.025684127356529373,0.7027812571850333,0.018257148013809486,0.1326140306438498,45.741377591219326,0.3687253581348351,-0.20421065306963615,-1.4679908752441406,0.7258298953353576,931757100.0,-0.7320155601266144,2.38894534192864,0.3111259454613522,-0.030755863844336175,-0.008257698897217435,0.9641641815787143
CSX,2020-06-18,21.30895318068646,21.57977728492975,21.259712434460408,21.379737854003906,8368500.0,-0.006170603527666521,0.014970475908309742,0.003321827811870365,-0.009442067342363246,21.97678108215332,22.00068655014038,21.6217774288857,-0.028224059950188743,1.4643588066101074,0.024544719944283713,0.674203944047229,0.01806625500770398,0.12794003152535208,43.38558117974003,0.30606103775147986,-0.21349997876239313,-1.4064369201660156,0.6811957494557394,923388600.0,-0.6945632166273913,2.9754578921853465,0.25394176055898743,0.003547057276181978,0.0013733348335353704,0.9338836826626326
CSX,2020-06-19,21.665952504731354,21.687494673850836,20.850400109819798,20.92426300048828,21278100.0,-0.021534249498574198,0.04000592823802221,-0.034232951636033765,0.01338719177390882,21.75858325958252,22.007295989990233,21.55534748332404,-0.049212451633974336,1.4420737457275372,0.024982030140515556,0.7065181396470077,0.01862878837761572,0.1258257005371507,41.41235438264249,0.21714300882023707,-0.2419344061549088,-2.181978225708008,1.6564917230297822,902110500.0,-0.6112032742136678,2.4929008200996106,0.0,0.027079151007656944,-0.0060547784554683005,0.9484985921010278
CSX,2020-06-22,20.85039885623633,21.133534050148526,20.641126548551775,21.11199188232422,9680100.0,0.008931819944533629,0.023323592787519706,0.012546188103718138,-0.0035300714892672353,21.582240104675293,22.012098598480225,21.51312314037168,-0.04089145394879125,1.4171711921691887,0.02494684285929976,0.7062980355729823,0.018744302254835563,0.12453692389228302,38.812479397714085,0.15997884557247133,-0.23927885552213962,-1.7634315490722656,0.7491905459011845,911790600.0,-0.603542870175813,2.5150991216654246,0.08603609273628858,-0.04281688955561222,0.0010970050019391054,0.9487557183194506
CSX,2020-06-23,21.33357268680099,21.49976063880702,21.158153636117216,21.3674259185791,9317100.0,0.012026394342406502,0.015987279141226655,0.0015868524356004866,0.010495494963802478,21.452059936523437,21.974318981170654,21.499247214486672,-0.027618287652581498,1.3296737480163578,0.02195253625984422,0.6748629721002809,0.018437448826144644,0.1273435308368842,31.72938206039798,0.1337454915545493,-0.21240976763204938,-1.3018016815185547,0.7439443880190867,921107700.0,-1.3522191119090126,3.57435304465047,0.20310143833630995,-0.17163396215761106,0.0005316354314276744,0.8665112043006653
CSX,2020-06-24,21.059675883266028,21.192010638033388,20.754998478729977,20.77346420288086,11214600.0,-0.028191196281580583,0.021037038167317605,-0.013590507373980603,-0.014402765989958731,21.273870086669923,21.884455013275147,21.430125022905166,-0.05076620869564076,1.207920513153077,0.022076159806642532,0.6972846574948507,0.01851421947464469,0.1340743957036512,29.09206907756564,0.06428656744999728,-0.22549495338928116,-1.7818984985351562,0.9157283484578838,909893100.0,-1.1201479490706576,2.7939654137912115,0.0,-0.14942702674385377,-0.02972884570331118,0.8512228368468033
CSX,2020-06-25,20.718062163848586,21.035048775757765,20.438005227439238,20.995040893554688,8755800.0,0.01060984915366354,0.02843736058174649,0.013368949639962368,-0.0026669619708681144,21.271715545654295,21.83783025741577,21.3886884391575,-0.03859309070208043,1.1148550224304188,0.0215095631872024,0.6768407277759955,0.01790054238103046,0.1391747175702708,27.61083262571387,0.026810205456591518,-0.21037705230614953,-0.02154541015625,0.7381096593330307,918648900.0,-1.409775845233154,3.9456724396066862,0.09498408442358294,-0.16560853435505982,0.011250838896056626,0.8398322475004558
CSX,2020-06-26,20.927341780369336,21.0165886667291,20.117945778198994,20.28413200378418,28192200.0,-0.03444735621979603,0.04430275292837059,-0.0307353787851122,-0.0032245287603195395,21.159077453613282,21.75058183670044,21.28349258816957,-0.06742117723222807,0.993850612640383,0.022585237855966087,0.6933274907270294,0.018313242772945618,0.15325180207109368,25.059140280414695,-0.05956782669037963,-0.23740406756249657,-1.1263809204101562,2.2591071413546615,890456700.0,-1.0994603576706836,2.3830919242002127,0.0,-0.1952122881686407,-0.025569932616932675,0.8635969149677352
CSX,2020-06-29,20.487249461897118,21.087371319241328,20.416464783556076,21.081214904785156,10683300.0,0.03854344937641739,0.031824851590169234,0.02899195638695742,0.010013613502172296,21.108297920227052,21.714266777038574,21.264228046894864,-0.029153730068510957,0.9209019470214841,0.024489557146087068,0.7227839068562746,0.018671641648298275,0.15592322655177057,36.27653949160745,-0.06297912670640926,-0.19265229406282097,-0.5077953338623047,0.8478113107375703,901140000.0,-0.8782861264798782,1.7955174350480423,0.2824422569638437,-0.2864433027438642,0.018570072997072723,0.9165128244251031
CSX,2020-06-30,20.976578798728152,21.638252475195145,20.924261602650656,21.462833404541016,10864200.0,0.017940405318806196,0.03326638468867889,0.023180834705149637,-0.004963476086629772,21.089217567443846,21.676720714569093,21.283142842861164,-0.009867143321375279,0.8282338523864752,0.02446718196281057,0.7348743482571523,0.019043407900159532,0.1549580323479942,40.976071465480956,-0.03449158540846042,-0.13133180221189772,-0.19080352783203125,0.8561887142629162,912004200.0,-0.8795769044416711,1.8070993815959764,0.4176668242388966,-0.27363098281546894,0.01577831962474686,0.9140379135500147
CSX,2020-07-01,21.49975794004074,21.63209264365729,20.887325160001925,21.001195907592773,9850200.0,-0.021743376303014834,0.03546309871744507,-0.02318919281967613,0.001720394264995463,21.038129997253417,21.57777738571167,21.256290753787983,-0.026721078256220034,0.6740786170959474,0.02331689833677561,0.6766206995902707,0.019319674447487112,0.14707680126316933,49.845365349036605,-0.048605003402705904,-0.11635617616491456,-0.5108757019042969,0.7821585708942869,902154000.0,-0.865185215370559,1.9428543902211728,0.2540879337954279,-0.30157016720032914,-0.00012288720604020992,0.8755641288144065
CSX,2020-07-02,21.284335824676358,21.505919214103546,21.13661356505823,21.19200897216797,7629600.0,0.009044791262356888,0.017426646502949998,-0.004337784052502518,0.013482085416917521,21.019357109069823,21.498069095611573,21.250168679347983,-0.014236633163770072,0.5439902305603042,0.02347912553547004,0.6552979918175093,0.019407775054274656,0.13846036398018835,47.7111665120918,-0.043887066441740785,-0.08931059136315955,-0.1877288818359375,0.6101412715035093,909783600.0,-0.9608202756900015,1.965994762661119,0.32170156915145687,-0.3140654429941234,0.005232351662722874,0.8818638857337419
CSX,2020-07-06,21.45975390835502,21.7521201825434,21.447442841142745,21.619787216186523,8323200.0,0.019984794828193646,0.014092522667038379,0.00745736919980234,0.012634240412916335,21.088909530639647,21.423746395111085,21.285370444761178,0.009150632081799446,0.41428918838500906,0.02375707128469805,0.6267204842327246,0.019182872375010537,0.11993313487835078,50.30638851187388,-0.005565779368943424,-0.04079144343228976,0.6955242156982422,0.6917556066138658,918106800.0,-0.93665273658588,1.8201124557788186,0.5154399821708427,-0.2672654816953454,0.01245426622046062,0.9589829744456064
CSX,2020-07-07,21.36742688438442,21.5520788030801,21.035050965349,21.087369918823242,8724000.0,-0.02493469095913396,0.02451836524523545,-0.013106723943716809,-0.011672655668560974,21.086447334289552,21.334343719482423,21.266513251814708,-0.011576348628603236,0.2945698928833025,0.024203467690117796,0.6027596190310128,0.019065113071547547,0.10256410281211131,44.84305275463216,-0.017950586387964762,-0.04254100036104888,-0.024621963500976562,0.7409927213008652,909382800.0,-0.8250234144648091,1.3499059689331905,0.33677388567269523,-0.30597770629972476,-0.015560611933374394,1.0352661174848583
CSX,2020-07-08,21.124299646658972,21.312029772809254,20.979655613998855,21.265867233276367,8927400.0,0.008429030850335764,0.01562946646682282,0.006701646397057489,0.0017512723482298992,21.076291465759276,21.264175701141358,21.26645172623963,7.954844611814705e-05,0.206400661468507,0.024319745960700294,0.599242296247773,0.019064604692903653,0.08423577410633257,47.772818593467356,-0.013210115675693856,-0.030240423719022382,-0.10155868530273438,0.7627557428397131,918310200.0,-0.9250388589937659,1.4151681785987893,0.43224813146165236,-0.3216410927252223,0.0032552213021427674,1.0472693975625114
CSX,2020-07-09,21.016581676269936,21.250476062685618,20.76730154031267,20.884248733520508,12826200.0,-0.01810808434365658,0.023135834500832366,-0.006296596886583477,-0.011722332048436477,21.087369918823242,21.180620002746583,21.230051441218762,-0.013992568167864925,0.11517486572265767,0.02454956229835291,0.6119923564259412,0.019038553954644915,0.06349143342080593,45.711200812263186,-0.03978803044659429,-0.045454670791938254,0.11078453063964844,1.0931381635718622,905484000.0,-0.8249636284825027,1.1294255990977617,0.4381997558582638,-0.4392308311081741,-0.013956389413172308,1.0698853488022355
CSX,2020-07-10,20.831938542931777,20.955040439883696,20.66882874959404,20.78577423095703,11002500.0,-0.004726404205008432,0.013769594873372037,-0.0022160353382191175,-0.002504767648393777,21.066443252563477,21.169079399108888,21.187739325955743,-0.01810684163091155,0.10590705871582173,0.019287575628818582,0.5726435797301281,0.01738105380888069,0.06536785680831365,48.72232178176704,-0.06801327407049129,-0.058943931532668206,-0.20926666259765625,0.953600540828664,894481500.0,-0.05059067618207272,-0.6000690638935053,0.3662945733439573,-0.37021541134517594,0.014971784956845867,1.082648570642712
CSX,2020-07-13,20.991961349093728,21.53360942371277,20.798074858129915,21.12429428100586,12059400.0,0.016154944353282852,0.03481936749215904,0.006303981305579361,0.009919626560246891,21.150459480285644,21.154768466949463,21.18169694072242,-0.0014405350732726748,0.07532239913940586,0.01916681766199277,0.5908884148129131,0.01727267857923238,0.06453775660455839,50.11042773369419,-0.062347540449191996,-0.042622558329095124,0.8401622772216797,1.047264731475258,906540900.0,-0.04981094157348948,-0.5574802313727617,0.6134788225644369,-0.4117140538207985,-0.005800097636365631,1.043850496910189
CSX,2020-07-14,20.945801446786867,21.373580633610107,20.86578567743533,21.3397274017334,11623500.0,0.01014670587123589,0.023795756460015964,0.01880691726918671,-0.00844964720925549,21.176310729980468,21.14230432510376,21.196747460818706,0.009337822102731994,0.03473176956176616,0.019216432462621807,0.5994617147909113,0.016489000658528787,0.06223653956607079,49.74957664968667,-0.040012513987580434,-0.016230025493986847,0.2585124969482422,1.0100391294033613,918164400.0,-0.06116872955696815,-0.583177619188352,0.7707861200098339,-0.37977742463188047,0.014464017545964197,1.0311322206941962
CSX,2020-07-15,21.69672901585831,21.85676059392594,21.352043720494418,21.745969772338867,13189500.0,0.018857970801267367,0.023209674193216654,0.0022695013817321044,0.01672943648267562,21.204624366760253,21.14692096710205,21.24905434763015,0.028327944582038536,-0.0046309280395497865,0.01969466743820686,0.5926478399582982,0.01580525058022847,0.06375546608287687,59.10139371690328,0.010349220228508926,0.027305366977682013,0.28313636779785156,1.1385707848408098,931353900.0,-0.13671168198948083,-0.777623521962685,0.9999999931592958,-0.3361636554809288,0.014406155192027856,1.1546131716818704
CSX,2020-07-16,21.632095627771154,22.118348423279798,21.604397048430073,21.87214469909668,8338800.0,0.005785453141427282,0.023497987139365958,0.011096893960534843,-0.005236563177447375,21.291719245910645,21.16492462158203,21.308396285865058,0.03341472224254892,-0.03294605255127081,0.01965923343849405,0.5867126847105266,0.015943241139626287,0.06916453813827407,58.35779972250626,0.05975371589155287,0.061367890112580765,0.8709487915039062,0.7224487780281588,939692700.0,-0.23832129166192184,-0.7295204738747634,0.9999999937028212,-0.3238225213900208,-0.0033523746451491,1.1513708794494908
CSX,2020-07-17,22.05063695184758,22.296840620125266,21.85059757198917,22.207592010498047,8843400.0,0.015220317187572076,0.020094166351991127,0.007117937635688868,0.008160711041668966,21.39327754974365,21.206317329406737,21.394033973925342,0.04721586806129914,-0.05157314300537408,0.019833409634184326,0.5543984103966688,0.016047769416490935,0.08154915584538447,69.74093288591392,0.12453931749556446,0.10092279337327388,1.0155830383300781,0.7645929005793196,948536100.0,-0.3880765087022642,-0.7288143433859998,0.9999999948010357,-0.34903095274158896,0.0021046842564101127,1.1578010079313976
CSX,2020-07-20,22.115272249355755,22.170667652142324,21.813673099753203,22.022945404052734,8920500.0,-0.008349330118988915,0.016210118394219243,-0.004174800303700081,-0.004157126135001509,21.433593368530275,21.26125144958496,21.453930300604142,0.035825452526814565,-0.045053939819336364,0.01923058103235261,0.5251612386315043,0.015308210200349875,0.08716442704762621,61.05494131502702,0.1591483721697884,0.10842547843799824,0.40315818786621094,0.8147858909280229,939615600.0,-0.44234631825324483,-0.4470625722826383,0.9040028829084934,-0.3566262738323591,-0.0023308964384751965,1.133737301784
CSX,2020-07-21,22.133736279009256,22.339932121332318,22.03525478780946,22.290691375732422,7594500.0,0.012084281470488475,0.01366836624253635,0.007091215633214905,0.005030701975773553,21.55392551422119,21.320186424255372,21.533621831568738,0.04552047210867416,-0.02645668029785142,0.019298008031589334,0.4968037989697253,0.01509035046145012,0.09669034216288865,59.98514774952517,0.20580872474461387,0.12406866481025898,1.2033214569091797,0.700341525424901,947210100.0,-0.4604108345698571,-0.46852172582883067,0.9999999950163448,-0.37841594857549893,0.012845901912971665,1.1216332458541984
CSX,2020-07-22,22.312238440038303,22.70308625282699,22.24760841148586,22.546131134033203,12627300.0,0.011394318671671405,0.02020203992575863,0.010482708609602785,0.0009666395690776775,21.681951904296874,21.379121685028075,21.630051288946305,0.05458640753340171,-0.01419450759888008,0.019282482585025892,0.4761402530901369,0.015182208099223734,0.10924506848451501,69.60951454533746,0.2603975432389767,0.14292598664369743,1.280263900756836,1.1469452986305924,959837400.0,-0.45723121520377086,-0.4633271410839657,0.9999999955791319,-0.3473482338949321,0.005528488814368653,1.1290205467482408
CSX,2020-07-23,22.179897972285296,22.45072382375058,21.829058113504757,22.013710021972656,15308400.0,-0.023898040816122578,0.02823993364250347,-0.007492728348899474,-0.01624372534563506,21.79489803314209,21.441133975982666,21.666590215901195,0.026704559872223296,0.0010597419738758163,0.018952260760115965,0.491308089805685,0.015391218819453285,0.10858358451229459,59.597389415978064,0.2577267277839894,0.11220413695096812,1.1294612884521484,1.3650912972353344,944529000.0,-0.4301791656160381,-0.4405058123930658,0.7646236408374883,-0.35246203386787006,-0.006519163243335972,1.2442833010029923
CSX,2020-07-24,22.081416491070364,22.346084146808927,21.927537858422923,21.955236434936523,8862600.0,-0.0026597690515702617,0.019063620181287932,-0.005714309867071578,0.003075650084884711,21.91184425354004,21.489143753051756,21.6940803319998,0.02168968141499707,-0.007743225097659234,0.018905457302777866,0.481196309663583,0.015112420971890184,0.10850248984527731,54.28792947073796,0.24803259217638285,0.08200800107468922,1.1694622039794922,0.7899257856943269,935666400.0,-0.32129741934283,-0.47713909369306934,0.7387732388653215,-0.3021598070521692,-0.005508233507715192,1.2408028172118488
CSX,2020-07-27,21.847525052656326,22.222985304264878,21.82598112545695,22.032176971435547,10236300.0,0.0034983014006960225,0.018019289665412566,0.008451846071084812,-0.004905954103450235,22.002632522583006,21.576546001434327,21.72628001194606,0.021116955882138473,0.02523290634155373,0.01686921900865326,0.4677868759471835,0.014135298016018184,0.09647849381241837,63.66878424087696,0.2437485960543775,0.06217920396214707,0.9078826904296875,0.9917223258869144,945902700.0,-0.2417791479716057,-0.22137099852140094,0.7080397908060949,-0.10304858473194292,0.005580091132780196,1.2076319280335202
CSX,2020-07-28,21.94292733147456,21.952160191137967,21.52745921254882,21.57362174987793,8943600.0,-0.02103262131094768,0.019686123336780492,-0.016830278659625577,-0.004050877045727129,22.02602195739746,21.601166343688966,21.71174112984433,-0.001275143821994781,-0.0013512420654286927,0.015609281102917535,0.4800971330954926,0.013705365150471953,0.09392675083034838,54.11862304154053,0.20103452334388194,0.015572105001321224,0.23389434814453125,0.8738460275795561,936959100.0,-0.5582219449928543,-1.199545093019231,0.44754987643054617,-0.2578218294279353,-0.003999835160919119,1.11162488096318
CSX,2020-07-29,21.755200964914916,22.198367739233476,21.65979590593703,22.133739471435547,11649000.0,0.025631764143322126,0.02433261826323981,0.017399908515260687,0.008416723772308376,22.06479892730713,21.63471164703369,21.751931448091113,0.023066072362941708,-0.00328727722168054,0.01614515574326994,0.489110011409196,0.013357126678109493,0.09607431918135283,65.95923299364888,0.20995984560842018,0.019597941812687564,0.3877696990966797,1.1338335282429084,948608100.0,-0.44269298187829437,-1.1367958029701593,0.7657340568072563,-0.28511786374704645,0.01327878158754796,1.176745972817025
CSX,2020-07-30,21.844444839418856,21.942926323319952,21.561309692709287,21.61670684814453,9651000.0,-0.023636636347031944,0.017653782016450913,-0.010425441934938318,-0.0130703007682022,22.039255142211914,21.665487194061278,21.73905291476287,-0.0022515231473824323,-0.0002897071838390275,0.016289625205091827,0.5095541605832393,0.012721148348963757,0.0919274103093908,59.58799915487006,0.17331514699920803,-0.013637405437219696,-0.25543785095214844,0.9402734889349071,938957100.0,-0.4557277258879978,-1.12750132156581,0.4720250825359442,-0.3630248743329345,-0.009362248355798927,1.2234977931585982
CSX,2020-07-31,21.515146222266242,21.970623946003716,20.948877714449882,21.955236434936523,16729200.0,0.015539192113961289,0.046537701134840376,0.020454902240674862,-0.004698246897260685,22.014019584655763,21.703648567199707,21.759641821446074,0.011591961920957204,0.018043098449705752,0.016514039816034453,0.5291192347831031,0.014046827504595133,0.09010106039362084,59.58808809579879,0.1696350208585926,-0.013854025262268088,-0.25235557556152344,1.5607031056491665,955686300.0,-0.47296021324100895,-1.177517222633796,0.6643324403662502,-0.44910568695991226,-0.0021443645508865787,1.1786511385713485
CSX,2020-08-03,21.909071467241997,22.05063903009111,21.62901454805769,21.650558471679688,8228100.0,-0.013974423451459826,0.019474069575846308,-0.011799358815768756,-0.0021026859734047704,21.976780891418457,21.705187129974366,21.74925293099213,-0.0025168480680471776,0.0024119758605962716,0.016283879538603212,0.5229642009158633,0.014157916823863173,0.09005238964604417,53.51424437222762,0.14051377372669904,-0.03438021791532936,-0.3723869323730469,0.7679578430988234,947458200.0,-0.2793192724300241,-1.3269369175807055,0.49125505986821233,-0.4189737809725752,0.004001523797248364,1.1113950305868292
CSX,2020-08-04,21.595161766789595,21.782891865302123,21.481292777248605,21.776737213134766,9359700.0,0.005811050148774269,0.013849599464864117,0.008408154025704466,-0.0025586732537433337,21.92538547515869,21.73965549468994,21.751870481672384,0.00170571785067531,0.021664390563966407,0.0152302310873786,0.5075760506202186,0.013903925385510071,0.08585108485359294,50.371373804506035,0.1261622258764561,-0.03898541261245786,-0.5139541625976562,0.8709902108170959,956817900.0,-0.41965911433916064,-1.0318540203959845,0.5629329909274227,-0.4146173039165584,0.007847952182769201,1.027168394543551
CSX,2020-08-05,21.899837176520336,22.0106297109357,21.792122848417588,21.98293113708496,6515700.0,0.009423995096740563,0.009939842014493374,0.003794272984536766,0.005652819436665738,21.869065475463866,21.775508689880372,21.773876258378344,0.009525492614598877,0.0603193283081076,0.015255262612708062,0.4875718451167335,0.013807917801478949,0.08370752712844404,51.31188921623632,0.12992890766643583,-0.028174984657982516,-0.5631999969482422,0.6132158043040019,963333600.0,-0.42595525787097405,-1.0393864891770168,0.6800648761823722,-0.3922269331041065,0.005618147403275992,1.033243038186823
CSX,2020-08-06,21.989090989582426,22.35839656042678,21.91830632121984,22.2414493560791,7129500.0,0.011691341327468052,0.0197869406872377,0.011476525637928068,0.0002802106988850666,21.89183940887451,21.8433687210083,21.818407029587938,0.018224324286021845,0.1347652435302713,0.014669539548473231,0.4871323587646508,0.013720280690957449,0.0760403715714891,50.408365429431285,0.15202187630864472,-0.004865612812618908,0.2277393341064453,0.6894650951949229,970463100.0,-0.6573176214505753,-0.5914602872203507,0.8269204468191175,-0.4323766042322573,0.0012648011128397298,0.9750787436745867
CSX,2020-08-07,22.14296762080984,22.536893558601435,22.106036183647955,22.44456672668457,10284300.0,0.009090932121332673,0.01919651112895972,0.013620536824128655,-0.004427847020785219,21.940772438049315,21.926308345794677,21.878041286454284,0.023636372011036317,0.20736425399780245,0.01460015748910228,0.489770820493839,0.0138403326666324,0.06458647357057838,55.06276610607369,0.18380183428108054,0.021531476127853527,0.4893302917480469,0.9980188680618532,980747400.0,-0.8116047697650753,-0.3678967685497196,0.9285681641898185,-0.4012361642022718,0.008007359933793371,1.2016220552536323
CSX,2020-08-10,22.573825016262717,22.90619914608228,22.444566747066585,22.798484802246094,11712000.0,0.015645509441493146,0.0202483806717811,0.009952225013772667,0.0057590013276785585,22.017403221130373,22.01001787185669,21.96570257367255,0.03582309360128166,0.27568609237670927,0.014577577237814334,0.5001026563594194,0.013313418524258868,0.06403372175221413,55.97387945163184,0.2348388349107644,0.058054781406029904,0.7663078308105469,1.1384861691719292,992459400.0,-0.8137420932008025,-0.36120631897784455,0.9999999931448507,-0.40680114090531816,0.010851859255478817,1.4196232594001668
CSX,2020-08-11,23.11239901479459,23.534023604545773,22.98006427669029,23.124710083007812,16438200.0,0.014207668658630603,0.023955298287719373,0.0005326607681591879,0.013769082255745784,22.17251205444336,22.09926700592041,22.07608424122829,0.04640167824628235,0.3385913467407242,0.014699199029860716,0.5201070107136017,0.013306131508315997,0.0718356810643196,56.69512085304291,0.29817253204708294,0.09711078283387875,1.5510883331298828,1.5613673148380331,1008897600.0,-0.8242402916369834,-0.39413942754472864,0.999999993552914,-0.40054119565111185,-0.002669464290049499,1.4209462006317448
CSX,2020-08-12,23.26012289206283,23.48478449399957,23.06008342827231,23.090858459472656,9073500.0,-0.0014649448511281716,0.01839260616804968,-0.00727702228297058,0.0058557624536240685,22.26822395324707,22.166511440277098,22.17272940487061,0.04170015754107328,0.38829370498656957,0.014314560335358262,0.499223299656374,0.013161156849208905,0.08028283868517797,64.0902054987969,0.3416945580451305,0.11250624706554102,0.9571189880371094,0.8790209139841197,999824100.0,-0.722922532614804,-0.42361944908512916,0.9781755606087218,-0.42974401658277317,0.0120959412462388,1.246529558344307
CSX,2020-08-13,22.93081998173887,23.069311113039355,22.69692557073066,22.773866653442383,7675800.0,-0.013823122356710495,0.016351441236370255,-0.006844645260024687,-0.006930815414016444,22.383939933776855,22.211597537994386,22.229980571401256,0.02531421319363448,0.4375037193298361,0.014779315860189941,0.4974651996818021,0.012962401732824166,0.08265310151269084,60.03014666704058,0.3466119607472251,0.09393891981410851,1.1571598052978516,0.7460105956480285,992148300.0,-0.5229862253906534,-0.8827245044349201,0.7738082159411528,-0.4147088828587999,-0.008145218869668793,1.3418492332000291
CSX,2020-08-14,22.672304235255016,22.98005796318775,22.61690884598515,22.850801467895508,7149300.0,0.0033725127454681697,0.015892182937776167,0.00787291978743528,-0.004459603620802584,22.473496437072754,22.24375801086426,22.289106371067376,0.027290508048808934,0.46837165832519645,0.014455068218132715,0.4950469809957071,0.012854140995433463,0.0864404531432248,60.03009062241036,0.3526518829830536,0.07998307363994961,0.8955650329589844,0.700607824546704,999297600.0,-0.4656125525560937,-0.7958813590703182,0.8234087527473808,-0.38858466220322085,0.002859150580327668,1.3469427739703788
CSX,2020-08-17,22.90311812499424,23.167785741075267,22.881574203938083,23.07853889465332,8966100.0,0.009916941605258663,0.01240163159564195,0.007659252714050459,0.002289488934216815,22.61629447937012,22.296537685394288,22.364290420932704,0.03507276422434391,0.521705379486086,0.014377696398516876,0.4816374463023522,0.012777458194246935,0.09186986524013144,69.54425069431991,0.3715322790860114,0.07909077579432588,1.4279804229736328,0.8784519587859158,1008263700.0,-0.6547989996572663,-0.5712634583791295,0.9702330311751779,-0.36556766769505944,0.000704531736489636,1.308462831344068
CSX,2020-08-18,23.14009639049492,23.14009639049492,22.872348720952285,22.900047302246094,7244700.0,-0.007764157353448628,0.011692013820267308,-0.010373728968018943,0.0026673047250778265,22.72862548828125,22.327005481719972,22.415314885819694,0.025665861057601044,0.551680698394776,0.014358251116324184,0.45613756631571584,0.01273991497468849,0.09487314499606524,61.046996326521636,0.36785198058050383,0.060328381831054656,1.1233100891113281,0.7110165012711971,1001019000.0,-0.4651131040523685,-0.7508114584156299,0.8551579658522995,-0.4141104056700508,-0.002492702718546687,1.371842213397849
CSX,2020-08-19,22.99545083591393,23.035458721151773,22.746168903676647,22.78925323486328,8141700.0,-0.004849900666056283,0.012694133260697056,-0.008966886647362915,0.00416608456780249,22.80925769805908,22.339161586761474,22.450928061919083,0.020148099397272745,0.5614362907409678,0.014221962617072708,0.43591328336920626,0.01256100541721082,0.09625836159580595,69.14573696910657,0.35193823728119966,0.03553171082540041,0.8063220977783203,0.8170349329925384,992877300.0,-0.31285260128686265,-0.772991737460908,0.7837280773655836,-0.36326495209401427,-0.0038888457548316023,1.3395405867225194
CSX,2020-08-20,22.558436261521532,22.82618390437396,22.543050510320555,22.74616813659668,7644600.0,-0.0018923778380253882,0.012447520494578009,0.008322025201514812,-0.010128325441951852,22.85972957611084,22.375784492492677,22.47904616426933,0.016552878591955974,0.5942430877685574,0.013054241675742415,0.383155223547747,0.01209826874197242,0.09638838303983738,64.29369152242313,0.332022524723083,0.012492798613827016,0.5047187805175781,0.7978296228922811,985232700.0,-0.3082405734753681,-0.43244244018072225,0.7559507438194738,-0.42358265692067826,-0.004000866538683067,1.1822079030248074
CSX,2020-08-21,22.74309418420549,22.853884997085615,22.59537192637318,22.81387710571289,9075000.0,0.002972298144320055,0.011331395777866298,0.003112281949593225,-0.00013514154879760727,22.896660614013673,22.418716526031496,22.510934825359193,0.01762636943210171,0.601229305267335,0.01301558760016193,0.37150440845339106,0.011927060524141773,0.0960137856932712,72.9927860328911,0.3180365990332845,-0.0011945016607772252,0.3693103790283203,0.9460649172545039,994307700.0,-0.3808637354770234,-0.3594207029755534,0.7996032987600799,-0.4230967987323614,0.001750983233579602,1.2176559741173283
CSX,2020-08-24,22.949286744598123,23.137016866716106,22.8908131391863,23.115474700927734,7807800.0,0.013133297919082302,0.010651034889624189,0.007241530343801629,0.00593540669381986,22.928359603881837,22.472881412506105,22.568510051603816,0.028594165413253495,0.6212949562072758,0.013253793189573638,0.37304302794979805,0.01176685506322379,0.09816710004542899,74.7440925173061,0.3275136836634509,0.00662606637551133,0.3169898986816406,0.8243954665534783,1002115500.0,-0.4475386029908279,-0.4748632719300493,0.9940458632669225,-0.44026104238307046,0.01592311730109413,1.146404414077144
CSX,2020-08-25,23.263203603617818,23.367839777554945,23.026232668088824,23.337064743041992,7600500.0,0.009540564437094735,0.01463796382396258,0.003175020116863343,0.006390909319467896,22.949595069885255,22.561053562164307,22.64170573650269,0.034396052415702934,0.6745060157775882,0.012137246252754117,0.38073692878302573,0.011639890734645934,0.09592719463886805,74.88701994870853,0.3488830988139924,0.022396385220842252,0.2123546600341797,0.8082383848631163,1009716000.0,-0.5771012113185842,0.07315806244440874,0.999999994187256,-0.28266292720993763,0.0018569661356260044,1.026962255729326
CSX,2020-08-26,23.22934016665761,23.324743436173772,23.072385094140152,23.20779800415039,8460300.0,-0.005554515089890746,0.010873859811624068,-0.0009273686791216302,-0.00461602937518094,22.96128902435303,22.614756488800047,22.695619285802472,0.026223652491860653,0.6971257209777804,0.011141051189135857,0.3682076009040901,0.011257996035184884,0.09721865741315011,68.64594473841687,0.3513377657147849,0.01988084169730786,0.11693954467773438,0.9151860325496114,1001255700.0,-0.7560177572420239,-0.19515232423603718,0.924860548770922,-0.08330192335916227,0.0030718559060625163,0.8672758351779251
CSX,2020-08-27,23.386295562480782,23.614035299647522,23.167788683941257,23.447847366333008,7626000.0,0.010290350868997003,0.01903145345218328,0.0026319604012434725,0.007691275074803307,23.02868709564209,22.70631351470947,22.76726005537681,0.032657606490950654,0.7499672317504853,0.009456239055858011,0.36930683238643197,0.011302902627890491,0.09278038342999778,69.08653106485258,0.3684063254753909,0.029559521166331038,0.673980712890625,0.8340715949732586,1008881700.0,-0.6163526700589743,-0.7779657006784341,0.9999999944360642,0.06144361822364398,0.004146517419901803,0.5995750553776794
CSX,2020-08-28,23.460202660352373,23.83386157875738,23.39844008167426,23.79989242553711,7963500.0,0.014902366797950267,0.018295103578531948,0.014479404551726693,0.0005269265799258307,23.12359619140625,22.798546314239502,22.865605995392073,0.04392148944479795,0.7937969398498552,0.009415712111169245,0.36743462364967555,0.009643126285528082,0.09636723496319288,69.06448487771011,0.40566413256935263,0.053453862608234204,0.9490909576416016,0.914838511789165,1016845200.0,-0.6300151953630656,-0.7745163565001788,0.9999999953473959,0.2684588349254072,0.009696414079771728,0.7747484551102835
CSX,2020-08-31,23.833860956668808,23.95120684916385,23.515787130463593,23.61151885986328,9645900.0,-0.00794638049374455,0.018440987269159416,-0.009328832504719062,0.0014272556583176156,23.176894187927246,22.896594333648682,22.936645315817902,0.031224055237068622,0.8380998420715322,0.008897211102221855,0.34599754624971674,0.009609296920443494,0.08856175197309311,59.78109910324212,0.41520481798728426,0.05039563842093264,0.5329799652099609,1.0991595547024426,1007199300.0,-0.5207590613956395,-0.9553444654891109,0.9068911897673632,0.19317796522509745,-0.0076994445414777695,0.8441596926461421
CSX,2020-09-01,23.534318814550705,24.105615208959904,23.39226646111098,24.099437713623047,9957000.0,0.020453828601438545,0.029600223719978204,0.02401254540339372,-0.0032695925141777733,23.29683322906494,23.012729358673095,23.047387448942203,0.047222054281900745,0.8944859504699707,0.009613762819913392,0.36661523782983557,0.010252116937159536,0.08741733653152205,67.13764015447619,0.4568703368569551,0.07364892583248278,1.1993904113769531,1.1307615520630692,1017156300.0,-0.3866242075939711,-0.9510936223310791,0.9999999952752332,0.04135025034397182,0.0037833998791669265,0.8846642588933851
CSX,2020-09-02,24.0716445027086,24.28781088310862,23.830773443606237,23.988265991210938,24348300.0,-0.00462371508332823,0.019052541758117766,-0.0034637646583839153,-0.0011532721735965975,23.416734504699708,23.112996101379395,23.136994929158273,0.03786916616056135,0.9423358917236335,0.009792809481102751,0.3711227057412917,0.010479449222297457,0.08418521414241902,72.18676756434283,0.47543936282331956,0.07377436143907778,1.1990127563476562,2.510858804603391,992808000.0,-0.18830162172507298,-1.176942055959223,0.9401655390560566,-0.06543631625603612,0.015233805805775626,0.6113973609305025
CSX,2020-09-03,24.18590227149658,24.213695696347703,23.185361948089074,23.36138343811035,14156100.0,-0.026480415027875116,0.04401852959534351,-0.03409088584459946,0.008238873137310334,23.478256034851075,23.168992805480958,23.158365263344187,0.008303797849334264,0.9465742111206055,0.011764987662939066,0.41863589367386517,0.011689959198866888,0.07654888370707345,57.76736552799933,0.43456190756018387,0.026317524940753623,0.6152153015136719,1.4087732235461305,978651900.0,-0.6052972293059105,0.17315070995418258,0.5540109852199349,0.050042556512436415,-0.025460838962749522,0.8212250552435061
CSX,2020-09-04,23.540493587614243,23.76901319631564,22.978461691999037,23.318151473999023,12536700.0,-0.0018522882266656807,0.03390283767553831,-0.009445091403359713,0.00766693248190525,23.528683471679688,23.21267204284668,23.173582997692268,0.004544045207619605,0.9437912368774413,0.011696480957890153,0.452462124469354,0.01227066142845803,0.07065879630164722,53.86196931968397,0.3941344351307876,-0.011287957990914144,0.5042743682861328,1.2337875142085295,966115200.0,-0.4729779661947392,0.12706640460735855,0.4226676952514704,0.05076375962575268,-0.0024807356987297875,0.8172008736929269
CSX,2020-09-08,23.27491687687974,23.645487050848676,22.89508222768433,23.240947723388672,12302400.0,-0.0033163795133866183,0.03228804746241783,-0.001459474750039224,-0.0018541176888525088,23.541230773925783,23.23479518890381,23.179998685853832,0.0002647983093821336,0.9067780685424829,0.01128311375850036,0.4869376354423332,0.012722054991516607,0.06856779829920143,55.679933085284475,0.35181022522851535,-0.04288973431454918,0.1254730224609375,1.207221900032088,953812800.0,-0.35718798788954437,0.32860957356498793,0.36561790166230335,-0.021196105094692018,-0.02629835270814242,0.5941874597493209
CSX,2020-09-09,23.386087164879566,24.05002468383018,23.3706469629293,23.67327880859375,10989900.0,0.018431224642499362,0.02869808303251414,0.012280448699664425,0.006244988079588166,23.574852180480956,23.262223625183104,23.226977745162394,0.017670502615478593,0.8823652267456055,0.011585963600955082,0.5240652885113606,0.012900628912667808,0.07033771676021829,63.30379511390853,0.3491289481963271,-0.03645680907738996,0.3362140655517578,1.108047736219728,964802700.0,-0.2755724179343946,0.22016127124247864,0.6850894166876792,-0.03797613614350101,0.01510972182133148,0.659773862076428
CSX,2020-09-10,23.5775494266484,23.7782755909494,23.247122382159215,23.41387939453125,11175000.0,-0.011017952584589479,0.022685399537602638,-0.006941774531163209,-0.0040437736875974795,23.59546031951904,23.278374671936035,23.24477790224514,0.005821056001756719,0.8594953536987298,0.011892846367443817,0.5417809895639876,0.013023966516239932,0.07016074481574619,59.434226164008116,0.32235672434907414,-0.05058322633971435,0.20608139038085938,1.114898940771181,953627700.0,-0.18402195825051565,-0.12286602053726742,0.4934059438975337,-0.13812820760504896,-0.017928055423748406,0.713262144772537
CSX,2020-09-11,23.546671375386914,23.90797709362544,23.487995773447146,23.830774307250977,8678100.0,0.017648800497214043,0.017623486117717416,0.012065524138627593,0.0056715069988222625,23.63375301361084,23.331220054626463,23.300587083674266,0.021411407181231145,0.8557491683959952,0.011960795176994254,0.5586084630198273,0.013058025816349015,0.0699439534634365,63.07752762080622,0.33096432862474856,-0.033580497651231944,0.38292694091796875,0.8614828392868576,962305800.0,-0.34980958978079085,0.02668888314563712,0.8014708828545959,-0.20120899412170265,0.006649116773923483,0.7163412067671934
CSX,2020-09-14,24.03767372140929,24.516327059742512,23.855476507435906,24.3835391998291,10494300.0,0.022930498137508363,0.027102322878183222,0.014388475458495106,0.008682026504500171,23.69211769104004,23.407856941223145,23.40372538045092,0.04168182764684028,0.8685554504394517,0.012839978369768109,0.584495105268993,0.013394093537127295,0.07763274887206414,65.31803014893832,0.37803170997374735,0.010789506958213457,0.5836467742919922,1.0247644324921306,972800100.0,-0.2899250939160789,-0.28979146599739863,0.9999999938926489,-0.07068841555197966,0.014201834513879078,0.768564051934068
CSX,2020-09-15,24.624410044972763,25.044389551111475,24.473095003764836,24.78807830810547,14988300.0,0.016454542527503148,0.023047149530741603,0.006646586165264097,0.009878420157535997,23.809773635864257,23.493333911895753,23.535568516418017,0.05511113923061072,0.8906665992736826,0.01310293628281646,0.6072981939701538,0.013646158013738125,0.09220185300303019,66.78608356270115,0.44287073579374336,0.060502826222567585,1.1765594482421875,1.4217963621979348,987788400.0,-0.30407424466867117,-0.43913690604375616,0.9999999951026249,0.04678383553553277,0.0031679991144630735,0.7787058600134528
CSX,2020-09-16,25.07527512104441,25.13703593798558,24.43912739763447,24.503978729248047,14956500.0,-0.011527322730509403,0.028481437568262536,-0.022783255180195514,0.01158608623747288,23.850227737426756,23.57353048324585,23.62779806049707,0.03947004232834295,0.9025309944152831,0.0132985692782767,0.6382431147879589,0.014073815514247431,0.09624408337054087,64.47630100358387,0.46596036812797337,0.06687396684543806,0.404541015625,1.3687159656990526,972831900.0,-0.29333194927148337,-0.5576597732864665,0.8608657758650786,-0.04919579141083462,0.006386959493585494,0.7292890129063069
CSX,2020-09-17,24.083989171790922,24.704694666366535,23.895614517448777,24.550289154052734,13855800.0,0.0018881308624586401,0.032956033382775696,0.019361409728915677,-0.017139647487361874,23.906430053710938,23.661582279205323,23.71565435512142,0.037559063648437405,0.9248943519592281,0.013161615734518071,0.664159795731637,0.014669265685796322,0.09731764225671251,62.869470385146506,0.4824347251477299,0.06667865909215565,0.5620231628417969,1.2356796960697756,986687700.0,-0.373171051701342,-0.4013415557446265,0.8835457278159858,-0.054207188005523946,-0.006811262000361413,0.7121542493421302
CSX,2020-09-18,24.627498068653438,24.883811089537254,24.473096040685732,24.652204513549805,20217300.0,0.004142696747890388,0.01666037812666112,0.0010032056373527453,0.0031449289300104957,24.035512161254882,23.75688409805298,23.804849608305073,0.037686777937776916,0.9448370552062997,0.013093024032369078,0.66239504942938,0.014743578674711546,0.09663201494832041,60.566628185841104,0.4979741534832236,0.0657744699421195,1.2908210754394531,1.707292047998034,1006905000.0,-0.4511608322101677,-0.2906147432199237,0.9311753008240758,-0.0565882642193721,-0.010713098128647978,0.6788614940805595
CSX,2020-09-21,24.179724279078027,24.321774836297504,23.56519437873376,23.957382202148438,13075200.0,-0.028589818815435805,0.031580264119837546,-0.00919539339503449,-0.0191658411000154,24.099435234069823,23.814059352874757,23.81937652200444,0.0060184132049867735,0.938580150604249,0.014956839529981438,0.7089372220090792,0.01526592340526777,0.08907917045201375,53.809498999579,0.4490465792925953,0.013477516601192896,0.6392307281494141,1.0858226943021962,993829800.0,-0.5429132712892323,-0.4297863432980278,0.503351477047081,-0.04710904073646985,-0.019848043313731453,0.7843419723766055
CSX,2020-09-22,23.979000578884,24.173549253431574,23.821508037433038,24.065467834472656,10902900.0,0.004501432745136899,0.014628480045347536,0.003605957441979395,0.0009023680698146181,24.181887245178224,23.861559009552003,23.842813789858557,0.008545494652676561,0.9272563362121602,0.014755423713691514,0.683129541162623,0.015325323878356882,0.08490287456646996,49.59167409494254,0.4142178855190508,-0.017080941737881328,0.8245201110839844,0.8939367851432788,1004732700.0,-0.48900313583412014,-0.35466655384034856,0.5427327182072624,-0.08137512903569431,0.005445893217995347,0.791650198836384
CSX,2020-09-23,24.293987863950914,24.3928065838567,23.497260609446933,23.623872756958008,13460700.0,-0.018520184767650917,0.037908516678155556,-0.027583577910124377,0.00949576509586543,24.17694664001465,23.875899410247804,23.821962262915648,-0.010555692539968721,0.8959138298034688,0.015322745012707336,0.7144515793702934,0.016005790242400068,0.0828905603151354,45.94223762612607,0.34698305788311856,-0.0674526154990509,-0.04940605163574219,1.077760456575158,991272000.0,-0.2781042267243491,-0.7685612794197235,0.26329173953086704,-0.07838925553944753,-0.0222591720696477,0.8074287187545135
CSX,2020-09-24,23.491084185388104,23.94812163492371,23.27800654777999,23.648576736450195,12737400.0,0.001045174599826724,0.028336381280436657,0.006704354291150802,-0.005620948475977267,24.200416374206544,23.897938346862794,23.805449355633225,-0.010434440276532644,0.8799006271362302,0.0152516953828252,0.6888645321477996,0.016388317767041426,0.07913211717522868,53.69342683251095,0.29232266356508063,-0.09769040785367111,0.2346973419189453,1.002679211374309,1004009400.0,-0.3499305172121687,-0.6851360886764898,0.26347421119685127,-0.06205466789291919,0.002671025045707298,0.8189902778001377
CSX,2020-09-25,23.852389570246384,24.18899057451027,23.67019058892625,24.111787796020508,10377600.0,0.019397908233068716,0.021516446228414702,0.010875146282940925,0.008618397464996123,24.228517723083495,23.931135368347167,23.834624445193917,0.007548844837185739,0.8683047866821276,0.015682077863405884,0.6709975559866191,0.016446583345767377,0.07734007381807655,59.21145610847228,0.2831175654917111,-0.08551640474163258,0.28101348876953125,0.8081648196452831,1014387000.0,-0.33577869226642476,-0.8119608371788963,0.562874314298751,-0.09163691597934073,0.011691379326480386,0.8380851776683225
CSX,2020-09-28,24.445296873856467,24.618229578387886,24.241483770984534,24.497793197631836,8690700.0,0.015882198844608855,0.015378765114229642,0.002147501993788921,0.013831785542298226,24.23994312286377,23.966030406951905,23.897783373997527,0.02218818810000678,0.8573958015441896,0.015728669540440634,0.6535716245011215,0.016390497325620965,0.07983670943194537,63.61201073015189,0.30347163675374844,-0.052129866783676204,0.11425399780273438,0.6748850011706642,1023077700.0,-0.3345538339156961,-0.8260858644714646,0.8123719345574899,0.0013042181766392857,0.017209493560524633,0.8190208150743186
CSX,2020-09-29,24.38354350268916,24.537949086637283,23.95429944266904,23.963563919067383,11407500.0,-0.022048533206522912,0.02435571127647853,-0.017223894614638774,-0.004663672928454606,24.15749168395996,23.98363265991211,23.904048187813704,-0.000836768188093218,0.8361856842041036,0.016459106743544255,0.6374696733244597,0.016523587492968044,0.07855885231171307,53.07598186340315,0.27334361182565203,-0.06580631336941811,-0.8245143890380859,0.8798427505237986,1011670200.0,-0.30745288327099196,-1.0696431852984458,0.4670686483392737,-0.030273310911074568,-0.008751250975644822,0.8426578765369647
CSX,2020-09-30,24.207512408929446,24.46691234441268,23.89561615064683,23.985170364379883,14632800.0,0.0009012311627332775,0.023818725699537895,-0.009184836541384894,0.010179975344483628,24.105610847473145,23.97791929244995,23.911774109391434,0.00030240621971796915,0.7965827369689933,0.015787677620683137,0.6403370293941502,0.016334711288105132,0.07844641059652044,56.37490044572222,0.24834759805420958,-0.0726418617126885,-0.5188083648681641,1.10861474296689,1026303000.0,-0.2547268716364907,-0.9115679322030358,0.48103414380958665,-0.015257699748431691,0.006453851100754918,0.8071091090895809
CSX,2020-10-01,24.195166974445836,24.195166974445836,23.552843585637756,23.735042572021484,12747600.0,-0.01048319224331165,0.02706223874926778,-0.019017203018698765,0.0087552686462389,24.02408618927002,23.96525812149048,23.894942534403818,-0.009606220317007638,0.7601433372497546,0.015927736230867708,0.650924578659428,0.016533913278784024,0.07900618402609273,48.89045697052818,0.20598044031802942,-0.09200721555909497,-0.81524658203125,1.0101797745329713,1013555400.0,-0.20175184325407874,-1.0115010890918736,0.31936208250296855,-0.046388788480652934,0.00016173223935171704,0.8861824705112801
CSX,2020-10-02,23.710333827974832,24.04693657596987,23.565194522834375,23.824594497680664,10647600.0,0.003765883720368428,0.020220367367947967,0.004819024081854998,-0.001041023793055191,23.941325187683105,23.988418674468996,23.888242721382564,-0.006829302882006577,0.7470862007141115,0.014745660155993419,0.636366671562568,0.01570962469673777,0.07556146506148774,42.74249231028317,0.1775831861292403,-0.0963235757983073,-0.8276100158691406,0.855660869764375,1024203000.0,-0.28172229535072607,-0.7103915672886861,0.37724467235348613,-0.07576721485066552,-0.00045172705862498737,0.8451201160872714
CSX,2020-10-05,23.929593096575395,24.176639893284314,23.87400800907041,24.00679588317871,8595900.0,0.007618522703289059,0.012606092278476706,0.0032262473620733737,0.004407151563689907,23.94626655578613,24.022850894927977,23.899533498696485,-0.0006683224992524057,0.740487232208249,0.0147989740122099,0.6143091747283734,0.015133417832469367,0.07073550156890292,39.23398345529582,0.1678454686007811,-0.08484903466141319,0.04941368103027344,0.701896637250519,1032798900.0,-0.3801412647554031,-0.6964599832637719,0.4950119675774546,-0.07512840156101681,0.018053357465046736,0.7924906054326167
CSX,2020-10-06,24.077822942583126,24.210610826441755,23.61460972298664,23.69181251525879,9891600.0,-0.013207427100686132,0.025156416507654673,-0.016031782783885045,0.0029586230394945175,23.908901023864747,24.045394134521484,23.879750547892893,-0.014704754568986858,0.7298377609252924,0.015127834730986445,0.6070300720929451,0.014881798455228265,0.06518045679630616,38.902860645496894,0.13317655550537566,-0.09561435820545491,-0.3736553192138672,0.8157257032022157,1022907300.0,-0.29926713914558256,-0.9290104857950652,0.20225101035929335,-0.07628462245529578,-0.012304500938265841,0.9566792573392052
CSX,2020-10-07,23.81224353519065,24.442213700274536,23.790627604827158,24.300161361694336,10489200.0,0.025353465759762713,0.02681406455491726,0.020490208147864043,0.0050832337059183025,23.97652988433838,24.076738262176512,23.91978967301684,0.00927962488460538,0.7066510963439931,0.015633686316433772,0.6028387175285158,0.014826535261147083,0.06404708452803294,47.03737490528519,0.15302587281858848,-0.06061203271379367,0.6762886047363281,0.8667972333093685,1033396500.0,-0.2010179048060086,-0.9033795460013893,0.644944448695909,-0.10477993578888986,0.0176691371073773,0.9856682650542974
CSX,2020-10-08,24.371190841050737,24.45765633813172,23.840039333917165,23.99753189086914,10333800.0,-0.012532003544083497,0.025736688548773347,-0.015331993935733607,0.00292300443191166,24.011425399780272,24.10592088699341,23.92719369376468,-0.004496364052316764,0.6985578727722199,0.015699498537779796,0.6176174286258753,0.014913743462222843,0.058649581161208816,42.59772132734946,0.14269206537344203,-0.0567566721271521,0.3489551544189453,0.8569338852844007,1023062700.0,-0.1943226213883378,-0.93590189854805,0.32095632110093,-0.13129585251961143,0.0127099950684598,0.9288630392395623
CSX,2020-10-09,24.077820863781213,24.377365763555744,24.077820863781213,24.235313415527344,6372000.0,0.009859814385436837,0.012359852527535941,0.006540980292076072,0.003345717937877663,24.023777961730957,24.126147842407228,23.956538429170646,0.004524782565090324,0.6664126968383819,0.015359455013195102,0.5671048384737725,0.014815945082624675,0.05776560899518443,53.50475314527278,0.15193798383931423,-0.038008602929023944,0.12352561950683594,0.5335014549468822,1029434700.0,-0.18361191905812724,-0.8145864689188468,0.5251999122617913,-0.2631305491117444,0.0024125559776445728,0.9094725926746411
CSX,2020-10-12,24.374276227426186,24.76955285128757,24.219872428226232,24.56882667541504,14095500.0,0.013667629469697094,0.02237308400288324,0.007981793845839103,0.005733897866978292,24.030881309509276,24.135412216186523,24.014851595479637,0.017957615778273067,0.6234052658081062,0.014774172970660365,0.5812219246925441,0.014667280249885358,0.05932403845972858,56.00596807589179,0.1840554964308012,-0.004712872270029589,0.07103347778320312,1.1626310078651116,1043530200.0,-0.2612658171822853,-0.7363401858147501,0.8116727406160718,-0.3446699633876073,0.010019025304363039,0.8748614561336037
CSX,2020-10-13,24.862197133085235,25.010426989678233,24.38354370628937,24.454570770263672,12970200.0,-0.004661289016274016,0.02563460586890132,-0.016395427992126926,0.01194075979068872,24.079981994628906,24.118736839294435,24.056729612125736,0.013924192349165384,0.5506496429443359,0.01431149907161102,0.5620317324767653,0.014735903535110905,0.05519933546846525,60.7515640097304,0.1980068600567222,0.0073907930847130765,0.49100685119628906,1.0787922038711157,1030560000.0,-0.1256718988255864,-0.5621469823532108,0.8078112923213965,-0.32006247488901074,-0.008246487461697996,0.8519443048542168
CSX,2020-10-14,24.537945732501502,25.090711356892484,24.537945732501502,24.849842071533203,12395400.0,0.016034255233973446,0.022244230880815313,0.012710776298546542,0.0034093815434786696,24.16644916534424,24.136030006408692,24.132264132069302,0.02957454332526836,0.5064807128906246,0.014537298159059568,0.5596049824399864,0.014553317697050684,0.05993404730382938,64.18688761073071,0.23821254094688982,0.03807717917990455,0.8646717071533203,1.0420825509559402,1042955400.0,-0.32375086490525223,-0.5608819544663358,0.9999999918431891,-0.32815582303721114,-0.003978041045348815,0.8499184182408834
CSX,2020-10-15,24.568832573804716,25.059837515286677,24.47927654641013,25.022781372070312,8218500.0,0.006935267558191991,0.02320129646037479,0.01847661246833504,-0.011308301152158952,24.295223045349122,24.15965461730957,24.217075297783683,0.035725955872826974,0.46930831909179815,0.01460132659575055,0.5624726346411629,0.014202521320510829,0.06675204036935865,61.550732018992974,0.28079377312935705,0.0645267290898974,1.2877388000488281,0.7077000973911066,1051173900.0,-0.37301985862066034,-0.5809833014012334,0.9999999928515703,-0.29401861538665963,0.0028776436987552273,0.873962521133764
CSX,2020-10-16,24.99807420868351,25.118508870966966,24.729409687178364,24.73867416381836,15868500.0,-0.011418890073534377,0.015728376598196214,-0.010376801136746853,-0.0009873867744527114,24.38663101196289,24.163978099822998,24.266751380263177,0.023783172688754052,0.4236873054504393,0.01483799157224241,0.5540910204569646,0.014181387381098231,0.06772986276178633,53.13520783962083,0.28829138545587085,0.05761947313312893,0.9140796661376953,1.3925196985133645,1035305400.0,-0.215862645319171,-0.8082713421508443,0.7969079515617792,-0.31721717135788463,-0.001244980739411694,0.9483787907178046
CSX,2020-10-19,24.646028562490862,24.970278142585858,24.33722095317777,24.411334991455078,9325800.0,-0.01332020147692656,0.025932919671524852,-0.009522571575404546,-0.0037449703534636627,24.427084922790527,24.18667573928833,24.28052124799574,0.009288554350683959,0.4070495796203595,0.013658028806899855,0.5576201308455249,0.013964045257475596,0.06775346742220781,56.159743325879894,0.26476768466326916,0.027276617872421777,0.4045391082763672,0.8320619268633466,1025979600.0,0.013313603165237461,-1.0570133067573255,0.5629118445344153,-0.2579559968599843,-0.014327481905473718,0.8633887797875119
CSX,2020-10-20,24.488536971363835,25.081451067870166,24.44530510593558,24.744848251342773,8412900.0,0.013569742627398964,0.02570821835207917,0.01046658198808123,0.0031625464127947546,24.532388496398926,24.220644760131837,24.324742867362122,0.021642838017004278,0.4020913314819339,0.013931418329794805,0.5646786938918991,0.014248355514364087,0.07050304494554017,59.62454860386171,0.26992518557562306,0.025947295027820533,1.0530357360839844,0.7590431233286056,1034392500.0,-0.05426072135316217,-1.1976851026728041,0.8013214546409516,-0.29254649565424573,0.004586573495183399,0.8751185332389987
CSX,2020-10-21,24.457653417313487,24.729404866714386,24.281631929501646,24.309425354003906,14052900.0,-0.01775316609433629,0.01841972529963523,-0.006060600368335052,-0.011606247535330974,24.533314895629882,24.25492238998413,24.3232840565661,0.002247088782369468,0.4126746559143051,0.013875883062509066,0.5518853319656881,0.01355751608823973,0.06651694866752914,56.95065836243078,0.23615530205170998,-0.0062580707968740434,0.009263992309570312,1.264526683205602,1020339600.0,-0.04523243137143382,-1.2026978508967974,0.48089534528934696,-0.3611428044501444,-0.007512632901724314,0.9493896804019146
CSX,2020-10-22,25.371730975208873,26.190074158871965,25.019687961652593,25.238943099975586,21454800.0,0.03752401299285266,0.04637223486670106,-0.005233693962900535,0.04369933084535044,24.65745601654053,24.3344407081604,24.410489679747954,0.037169639633914675,0.44923128128051815,0.016119308137018822,0.6518072428037284,0.014386538934648937,0.07120361399070946,64.22363722576101,0.28115575136773074,0.030993902815317387,1.2414112091064453,1.857712848860165,1041794400.0,0.275795299074524,-0.5791497080752985,0.9999999935364215,-0.47059384847496283,0.008081023070899291,1.0374394725554128
CSX,2020-10-23,25.229677632765302,25.501429100769162,24.815873819277645,25.103065490722656,9535500.0,-0.005398193000965218,0.02730962406742228,-0.005018381284357634,-0.0003671099528051488,24.74423122406006,24.384004592895508,24.47644928079316,0.02948904045222552,0.45221118927002024,0.0157611640723638,0.6756293775100046,0.014556355509899952,0.07580433249469345,61.12850892257959,0.30236922002116273,0.04176589717499951,0.8677520751953125,0.8286741864797186,1032258900.0,0.4860422381203169,-0.23609291613927055,0.9121744345843008,-0.5351771756383785,0.0029125707636254144,0.9986881010753204
CSX,2020-10-26,24.806605188369478,24.825134136202216,24.18589957211453,24.355745315551758,9995400.0,-0.03022220083682087,0.02624574020650148,-0.01817499288572966,-0.011809725089660526,24.72292308807373,24.376902198791505,24.464953665055887,-0.000867906966488809,0.4150099182128919,0.016921513052680463,0.6985697214495055,0.014828040858088677,0.07570336179047817,56.19590252932486,0.2559283712884657,-0.0037399612461580523,-0.21308135986328125,0.8637446563609072,1022263500.0,0.42237001526298734,-0.041798692013646555,0.4291381752517809,-0.4029749702474805,-0.022108329970561457,1.0865095081418628
CSX,2020-10-27,24.392801030818593,24.541029076933057,23.969732819901928,24.1148738861084,16386300.0,-0.009938945127317723,0.02369061765486693,-0.011393818379408442,0.0015214363094515405,24.688953399658203,24.384467697143556,24.431612733727555,-0.011055964574807528,0.40184871673584155,0.016317997569326316,0.685776512307747,0.014813014556979863,0.07470673326636575,48.14354609755594,0.19741171342219843,-0.049805295289940266,-0.33969688415527344,1.3861896217867866,1005877200.0,0.473409569271276,0.1938444726483767,0.27344903674860815,-0.31431206076142815,-0.01275472362579687,1.012509526188109
CSX,2020-10-28,23.614604370312183,23.95120535837005,23.389175307246365,23.447847366333008,18601800.0,-0.02805012988684355,0.02396936666905557,-0.007061604817263779,-0.02074526776125505,24.548753929138183,24.35760154724121,24.33792079397569,-0.03734990816496225,0.3640265655517574,0.017483720623030947,0.6934966247825669,0.014816435775566766,0.08118977715098764,44.86732551243394,0.09610553017255796,-0.12088918283166461,-1.4019947052001953,1.5476273673911525,987275400.0,0.41498715454681817,-0.11196903127998181,0.0,-0.2376546971754963,-0.03276453289358081,0.9768891077695455
CSX,2020-10-29,23.367555001678987,24.377359620091383,23.281087762229085,24.053110122680664,16518600.0,0.02548561328731806,0.045577135441980894,0.029337905525521138,-0.0034242957743450056,24.45178680419922,24.37350492477417,24.31079596813807,-0.01314520841718767,0.35465280532837085,0.018312200517031564,0.7446707665808309,0.015641384025432258,0.07847313291636215,48.40793693278993,0.06392243804547704,-0.12245781996699642,-0.9696712493896484,1.3530841383309948,1003794000.0,0.22152635623330127,-0.5541249755888005,0.3379287559004101,-0.32342326242622094,0.013240666639463093,1.0328283429879819
CSX,2020-10-30,23.979003381944306,24.398982952568343,23.932681001386197,24.37736701965332,17652300.0,0.013390813446617375,0.019128478920886243,0.016613018955115286,-0.003080962934039858,24.415656089782715,24.401143550872803,24.31713606828238,-0.0009744023336411199,0.3496674537658677,0.018521925492210996,0.7387151614466028,0.015619940482354674,0.0754742803413311,48.324345763689685,0.06384595094606027,-0.09802744565313054,-0.36130714416503906,1.4056231135551698,1021446300.0,0.14513212805617523,-0.6957947097753883,0.5189670382611342,-0.2569946929696585,-0.004058874699621941,1.019674291558884
CSX,2020-11-02,24.806609705621202,25.356290144637054,24.47309741898837,25.248205184936523,17485500.0,0.03509995074246335,0.03498041619907344,0.01780152485791943,0.017608246437025847,24.49934310913086,24.463214015960695,24.405809317487538,0.032088635960249204,0.3630513572692884,0.020030062335928214,0.7638608644176649,0.01624152430316422,0.07968620027082482,56.13360004599172,0.13252700756088842,-0.023477111230641945,0.8368701934814453,1.3447462378367778,1038931800.0,0.17546228118726412,-0.9327487203068237,0.9999999944455487,-0.16239606308506524,0.018577822836143565,1.1782709508666467
CSX,2020-11-03,25.516866982127354,26.183893251981637,25.393343598821005,26.00787353515625,16795200.0,0.029644249043248284,0.03039655095569436,0.019242431030925905,0.010640827544886967,24.625645637512207,24.579017066955565,24.558386862027415,0.05813318182368095,0.4210064315795883,0.020555618186504043,0.7852571130188293,0.016417448514341806,0.09172090636913391,58.47262210839964,0.2454269971477494,0.07153830268497524,1.2630252838134766,1.2582554471623288,1055727000.0,-0.024506849110715174,-1.065912477861903,0.99999999609379,0.013633350847222883,0.017577881575128202,1.1930069098766196
CSX,2020-11-04,26.39697518810249,27.036208095923772,26.112870495503238,26.19624900817871,19347000.0,0.007216912437326243,0.03524693936648183,-0.007604135644081317,0.014960917601366811,24.814328002929688,24.673821449279785,24.71437373308944,0.06170213892600591,0.4586271286010728,0.019978902729808904,0.8172409410110417,0.01667758192183066,0.10774850953950336,58.56621045001514,0.3461116193483882,0.13777833990849123,1.8868236541748047,1.4028821189632725,1075074000.0,0.06128285741583299,-0.8562007125735741,0.9999999963615216,0.07375237748048907,0.009989848825476575,1.165245015159876
CSX,2020-11-05,26.406229370863908,27.14119554411588,26.24873687188384,26.875619888305664,18312000.0,0.025603318902371754,0.03320699860844422,0.017775749458560402,0.008015665243510224,24.977995681762696,24.81772584915161,24.92020670025289,0.08292033088214656,0.5291750907897956,0.020162901081131536,0.856944323307368,0.016926435657185483,0.1300466458601617,64.74841698459491,0.47524611869691924,0.2135302714056178,1.6366767883300781,1.2905039921267416,1093386000.0,-0.15142433113985088,-0.885948804991058,0.9999999970826535,0.09166304094182674,0.016195011558911197,1.293405452962976
CSX,2020-11-06,26.921947693830365,27.07944023498807,26.4402073623638,26.613140106201172,8671800.0,-0.009814469022985444,0.02401944566005275,-0.011470477215879956,0.0017237855616814807,25.12900314331055,24.936617183685303,25.081438453200345,0.06723136944223244,0.5847605705261252,0.02043373962601493,0.8573854435370952,0.017147563610069857,0.1423882431862154,65.33332766603158,0.5500654034465882,0.23067964492422938,1.5100746154785156,0.6062163071893026,1084714200.0,-0.011538523043214342,-1.0210151618202201,0.9234255512417456,0.04376201285463494,-0.0032522050773185034,1.3023789555659047
CSX,2020-11-09,27.900872071322613,28.938470300540796,27.181347671510355,27.2369327545166,17890500.0,0.02316879138248805,0.06451250017273195,-0.02379636432541581,0.04838707345253801,25.41712188720703,25.07002248764038,25.286723624754273,0.08643431683974426,0.6494250679016105,0.02076680361828746,0.9756150233888479,0.01886050430140336,0.1627600351031134,66.68043755684322,0.6521771864813601,0.2662331423672011,2.8811874389648438,1.2342919353453317,1102604700.0,-0.05155194116041469,-1.1336626096925282,0.9999999973608407,0.01949065746630023,0.039938775749533924,1.0459725359410368
CSX,2020-11-10,27.09797361636049,28.373354356865647,26.9219520963951,28.225126266479492,21492000.0,0.035638709441827475,0.051422347831770424,0.04159545898437508,-0.005101864420951265,25.82814712524414,25.258550262451173,25.56657149539477,0.11744838770253446,0.7456806945800807,0.02172206076121543,1.0461997332909494,0.019844891414851268,0.1944172207987813,74.40342249752453,0.8035773287138355,0.3341066276797411,4.110252380371094,1.4404212689339295,1124096700.0,-0.18584802874147183,-1.223517422710025,0.9999999979067582,0.09395754788487032,0.007962331141110906,1.0746210933680842
CSX,2020-11-11,28.28688162587894,28.373348878752193,27.576621721489047,27.805139541625977,13177800.0,-0.014991704387262652,0.028653952844595387,-0.017030582961546064,0.0021879568869383617,26.263876342773436,25.40631513595581,25.779768452178693,0.09441843072611793,0.8193315315246572,0.022168821304924455,0.9687767584620269,0.01998748398696707,0.2122089001757928,67.0776442800771,0.8795348828539389,0.32805134545587555,4.357292175292969,0.8808834101895385,1110918900.0,-0.0041506329834797235,-1.3742662870306157,0.9120866202805317,0.017140548295781627,0.002595753075375011,1.0929893755679807
CSX,2020-11-12,27.635299487000594,27.96263606161395,27.459277975944556,27.709413528442383,12211800.0,-0.0034486851740888527,0.01816559867471467,0.0026818613446418795,-0.006108225221136595,26.62950668334961,25.540646743774413,25.963544173727616,0.08491432524889414,0.879240188598633,0.022263650346855648,0.955762673046161,0.01988824163866806,0.22528160873426983,67.43803682046342,0.9213863343866251,0.29592223759084935,3.6563034057617188,0.8055585240068551,1098707100.0,0.0695057430675174,-1.4051804086954223,0.892048850875802,0.03979145040402317,-0.01300121334134948,1.07160569268972
CSX,2020-11-13,27.826758213145826,28.302322819554465,27.709410551714726,27.97807502746582,10227300.0,0.009648974676840155,0.021192032234443693,0.005437816836619851,0.00423483104696513,26.98957748413086,25.70261678695679,26.155404255036014,0.08853021695688783,0.9488763999938996,0.021927626798293843,0.9326016979912762,0.01998074974334483,0.23706251845120538,75.89408961429868,0.9651074905307802,0.2717147149880035,3.6007080078125,0.6874405136395166,1108934400.0,-0.061081283953523885,-1.3000204391618766,0.9482861993908376,-0.0009335698546715764,0.019542329191099567,1.0147523678048702
CSX,2020-11-16,28.481434981163705,28.74392197990892,28.1880658077876,28.71921730041504,10768500.0,0.02614532232758381,0.019354851015152393,0.008348677635399766,0.017991228960667984,27.33667869567871,25.918010902404784,26.399576926024494,0.10807952850079042,1.056249198913573,0.02185478316825984,0.9464981762349883,0.019854853335748185,0.25183853027112973,80.71699567163024,1.0474860421549899,0.28327461328977055,3.4710121154785156,0.7203253354043063,1119702900.0,-0.27767981271073505,-1.2088677038787554,0.9999999981029599,0.01840446110373555,0.02063533851710235,1.0114761601322033
CSX,2020-11-17,28.354820921186956,28.69451068304142,28.237473259761572,28.564809799194336,7367700.0,-0.005390957409704717,0.016000016331028995,0.007405755747534075,-0.01268824200243148,27.592372322082518,26.109008979797363,26.6057895806121,0.09405951873919166,1.1407700347900374,0.022026779274243836,0.9290728520772336,0.019671349066100345,0.2618220937485904,86.64310627798673,1.0877730720520198,0.2588493145494404,2.556936264038086,0.4945682873365427,1112335200.0,-0.1421389761219817,-1.3157771502590494,0.9707082764331404,0.006644727942813351,-0.00043824261835552914,1.0184825408338893
CSX,2020-11-18,28.669812284901816,28.91685911726819,28.191158826314673,28.203510284423828,7898700.0,-0.012729085259530178,0.025730849941551545,-0.016264564129132908,0.003675938556763709,27.79309844970703,26.303713226318358,26.7579534571656,0.0722254322710839,1.2448696517944313,0.021756988001575116,0.902603454440892,0.019813889193866917,0.2607962502430765,80.79754707159309,1.0781190963252456,0.19935627105813292,2.007261276245117,0.5413952818888894,1104436500.0,-0.1423450189135684,-1.2705924479894195,0.9021683108069135,0.13738777159154975,-0.010708124732343696,1.0042931470754957
CSX,2020-11-19,28.05528120788421,28.364090621096015,27.851468020035014,28.31777000427246,8326800.0,0.004043074569792595,0.018102505987712247,0.009356127797945046,-0.005255696012474076,27.93731346130371,26.457654571533205,26.90650741403292,0.07030537902405852,1.3007331848144545,0.020538794424173713,0.9059120722893815,0.01899728572401691,0.2648987023376703,80.17984852708042,1.0673839181075735,0.15089687427236864,1.4421501159667969,0.5976261606782398,1112763300.0,-0.08401769594079027,-1.128055490123946,0.923843837484169,0.1943310047303944,0.006388519413151705,0.9808482535015032
CSX,2020-11-20,28.26526934260996,28.496875939877807,28.083072105638774,28.268356323242188,6396300.0,-0.0017464950084969315,0.014638411569009564,0.00010921461935521549,-0.0018539829108922827,28.10283508300781,26.61591911315918,27.036207310148086,0.062084544330690654,1.3702460861206056,0.02044883839813266,0.8655464086647601,0.01874468771657121,0.2654430253666787,76.46109034273118,1.0428674145430712,0.10110429656629305,1.6552162170410156,0.4643019301815854,1106367000.0,-0.10791859639046032,-1.0866579794196654,0.9144698641993404,0.15693274425353784,-0.006842980644931534,0.975030558873476
CSX,2020-11-23,28.398055597970824,28.61730895913775,28.178802236803904,28.428936004638672,9232800.0,0.005664471941064278,0.015424661769342849,0.0010874127125117042,0.004588143479074453,28.22203540802002,26.819578647613525,27.16884813819481,0.06000680988209154,1.492997684478759,0.018626326299740353,0.8300334554710981,0.018530814500456006,0.2574692828326332,73.70017551066134,1.0245845739182684,0.0662571647531921,1.1920032501220703,0.6720611790550832,1115599800.0,-0.0415034745166322,-1.0311005815836087,0.944932473179528,0.07407113901686488,0.017477465598352563,0.8801393567960153
CSX,2020-11-24,28.861270353329086,28.861270353329086,28.478346928323518,28.69451332092285,23313900.0,0.00929843113186544,0.013344830794755335,-0.0057778826214071885,0.015207545882824159,28.268974113464356,27.048560619354248,27.31414958416891,0.06085176674395248,1.643850955963135,0.01814849465524804,0.7874620117513046,0.01834674120216041,0.2441145538794334,74.09177391207103,1.0197698884153148,0.049153983400190726,0.4693870544433594,1.655297717370583,1138913700.0,-0.1663102779881581,-0.8030052142911899,0.9953135542080628,-0.03827554414835913,0.019950311606891893,0.8418334178948107
CSX,2020-11-25,28.716126518972825,28.75627139695951,28.27452932708363,28.484519958496094,7125600.0,-0.007345150643472506,0.016912416659217337,-0.008065383063544727,0.0007532170979256073,28.336912155151367,27.3003942489624,27.425613429342928,0.043373941736343125,1.8160737609863276,0.016486345697562004,0.7543759784612123,0.018209394226545713,0.21153081832190726,67.05964962805695,0.98762478238989,0.013607101899812735,0.6793804168701172,0.5274079140053314,1131788100.0,0.15377992477163863,-1.27662999535551,0.9497016801208756,0.08059446948076018,-0.005086054844502565,0.8281725117173452
CSX,2020-11-27,28.64245733751724,28.71368516057659,28.22438637785977,28.27083969116211,4140600.0,-0.0075299065421231695,0.017307543322449714,-0.012974363266952227,0.005544674063360422,28.39305477142334,27.511280727386474,27.506111168563802,0.02760900051517857,1.952549228668211,0.01647736925513886,0.7436664006106801,0.0172837415353769,0.17996600666202087,67.76088792178206,0.9341391676551289,-0.031902810267958825,0.5614261627197266,0.32118327249964224,1127647500.0,0.3706483630514645,-1.1436872181108428,0.8967312115281921,0.11779775665427838,0.0003791733999618779,0.8320632130844687
CSX,2020-11-30,28.208901809524505,28.44116305405965,27.85896297566186,27.88683319091797,19928400.0,-0.013676225023972659,0.020877238889476974,-0.011417268945145274,-0.0021908752026550834,28.383930587768553,27.686754035949708,27.542370408788006,0.007226529867259606,2.063329963684083,0.01712285183095341,0.6191571066148348,0.017312630101975562,0.14376224284738684,57.340310256205875,0.850956025975595,-0.09206876155799415,-0.09124183654785156,1.5323043848338127,1107719100.0,0.4715776912907898,-1.162410018885072,0.7601897978439596,0.1569884139838307,-0.010520168401994063,0.912296694309762
CSX,2020-12-01,28.15625743822047,28.515486939010735,27.97973839399669,28.063352584838867,14906700.0,0.006309897890307357,0.019090682176850133,-0.003299616562515566,0.009661342521683223,28.318344116210938,27.827511405944826,27.591987758888088,0.008475108515943632,2.121967926025391,0.015721480258227685,0.5603893557307076,0.016838898761943458,0.11711396246984866,47.76262323035252,0.7901678634798941,-0.12228553924295615,-0.6558647155761719,1.1576607745696252,1122625800.0,0.5608927844477898,-0.8255803379168423,0.7581034424476212,0.00041230004245559535,0.008179371219856048,0.8493491142191579
CSX,2020-12-02,27.880642314770213,28.292518341545758,27.877544836368585,28.08193588256836,15218700.0,0.0006619717848236362,0.014777239963529877,0.007219832510512412,-0.006510635873468747,28.27005672454834,27.93121452331543,27.638649484952875,0.005396162029657413,2.1453416824340827,0.014630014966899765,0.5331212377245667,0.016447988634605837,0.0993866681350572,54.30630457399274,0.735019476574454,-0.14194714091871707,-0.48287391662597656,1.1891704358853845,1137844500.0,0.7499522404061834,-0.21484024828753626,0.7474080719596036,-0.021460417214881455,0.004195927513307245,0.7983200556949027
CSX,2020-12-03,28.1779381905034,28.366843628383833,27.862062710500673,28.0045166015625,15363000.0,-0.0027607141028915517,0.018024982364987365,-0.006154516621068739,0.003418649922729653,28.250157356262207,28.02162790298462,27.67349397224903,-0.0006106462294539495,2.1481421852111815,0.014682132347615545,0.5332228685969785,0.01595540308329548,0.08010173989747159,54.61741629535898,0.6772598635446556,-0.1597654031588125,-0.19899368286132812,1.2194265290158506,1122481500.0,0.8493325908303004,-0.12547588872434542,0.6606483810647794,-0.03780077555475557,0.002558966635780987,0.8016715359436002
CSX,2020-12-04,28.069546422484432,28.48142420192596,28.0138042179632,28.44426155090332,14024400.0,0.015580632906359098,0.016439870767111155,0.013349525595423644,0.002322119029839062,28.262806510925294,28.100059986114502,27.746900408311344,0.012249139858025348,2.130660572052001,0.014020637703892584,0.5249368209201014,0.015471183390170134,0.07098705045150923,56.92364434060287,0.6593679135280439,-0.14212588254033942,0.12649154663085938,1.1324461520013662,1136505900.0,0.8947223060425441,0.28014287523306886,0.8694464956167877,0.02064404696872812,0.017325047383647745,0.7688256839839152
CSX,2020-12-07,28.320392905550975,28.58981507456104,28.21200418780771,28.50310516357422,13369800.0,0.0020665971758969314,0.013255078160261538,0.006451614517940934,-0.004354785063787739,28.286281394958497,28.194558238983156,27.81891990881257,0.010943492073035965,2.137332477569583,0.013702591365267391,0.497219959085118,0.015239994950416889,0.05144120716107367,45.974558055822214,0.6425299170781997,-0.12717110319214697,0.23474884033203125,1.0594921256051855,1149875700.0,0.8609699082298885,0.3949014799978523,0.8542033336441052,0.0955557720071409,-0.006392453891318166,0.7242315964682308
CSX,2020-12-08,28.227485848157393,28.518586801349034,28.174841118716447,28.335874557495117,11121300.0,-0.005884380382704407,0.012131112520811995,0.003839828666313885,-0.009669799617799391,28.276975250244142,28.24950532913208,27.868153684877576,0.0030573713541797425,2.11551794052124,0.013010366677232967,0.487362933512198,0.012812001553299028,0.04031846982096621,45.75598054995319,0.6086751431117214,-0.1288207017269003,-0.09306144714355469,0.9055987062526643,1138754400.0,1.1512054349135659,1.4604055549108343,0.6203789689012057,-0.15404026090033723,0.004022840124728981,0.8025430114697548
CSX,2020-12-09,28.391618870837014,28.58052431357287,28.242971790781294,28.4071044921875,8512500.0,0.0025106179936283785,0.011882679661505429,0.0005454293191570012,0.0019672699082849444,28.248234367370607,28.25860424041748,27.919482333192807,0.005255045525483688,2.035746040344236,0.010229374663178607,0.4596380929292024,0.010815339031049606,0.04059989801054488,54.229067419754614,0.5808964387190088,-0.1252795248956904,-0.28740882873535156,0.7318406792513173,1147266900.0,0.7342740722264322,0.8678193117364184,0.6909173605808594,0.07877554656211934,-0.0015269863662784736,0.7293153541029784
CSX,2020-12-10,27.731994840257663,28.041675339383197,27.728897361901545,27.87135124206543,13001400.0,-0.019039947991568353,0.011222203572591231,0.005025112784366582,-0.023765521477752346,28.18691749572754,28.261914825439455,27.914898419752106,-0.013819431053640642,1.9613330078125024,0.010574557874163658,0.4714655593024134,0.010227961015348754,0.03986284765068836,42.108769592201696,0.5097744430885562,-0.15712121642091437,-0.6131687164306641,1.1186107318281895,1134265500.0,0.551126316601659,0.8458977797195131,0.16036552498021034,0.023731146168959605,1.8482364460649806e-06,0.749244567866014
CSX,2020-12-11,27.626705725801628,28.085033324853256,27.561672851450407,28.0045166015625,10037700.0,0.004766480298388446,0.01868843090023732,0.013675567384352312,-0.00877766973474057,28.160285186767577,28.27666997909546,27.923433484686427,-0.009624661522525746,1.890698680877687,0.010586424226838986,0.4792910335284003,0.010248983730338378,0.036484030602385004,45.47029336602707,0.4588655641574704,-0.16642407628160027,-0.2663230895996094,0.8717742282183462,1144303200.0,0.4269303557966151,0.7335535166697161,0.1570594277422609,-0.001850974654409099,-0.003340255227200283,0.7868353918717027
CSX,2020-12-14,28.24606966415534,28.28323054868206,27.527606995166828,27.536897659301758,7836900.0,-0.016838965946681595,0.027440402432551723,-0.025106926849845255,0.00862550373675658,28.125291633605958,28.254611110687257,27.886620548935507,-0.02540163970312179,1.794393749237063,0.011026593456253663,0.5019422357556422,0.010496781616153052,0.04249854029317368,36.14574538991335,0.376447517587728,-0.19907369828107413,-0.34993553161621094,0.6877740611000752,1136466300.0,0.5206511873869661,0.6827985760108615,0.0,-0.18982084010369,-0.008676476922224492,0.860245553634916
CSX,2020-12-15,27.83418873472697,28.03238482224306,27.512120092513314,27.939481735229492,11945100.0,0.014513966033816812,0.018621130293685194,0.003782865795228169,0.010796099077805441,28.11290454864502,28.21562433242798,27.891654947630173,-0.009786868223969014,1.6767532539367664,0.009726808110451082,0.5082229772584517,0.010470657950585632,0.04069005916761015,38.752268844909324,0.33969994279840066,-0.1886570184563212,-0.123870849609375,1.042929117647444,1148411400.0,-0.09028861695894853,-0.6104762981111183,0.3477700637586968,-0.29540238818622416,0.01333911641030632,0.7723231354186374
CSX,2020-12-16,27.886842373350913,27.985940442475723,27.552387276061303,27.5926456451416,9122400.0,-0.012491529369180547,0.015712634880691773,-0.010549660813891566,-0.0018840493312445932,28.063975524902343,28.167016124725343,27.86317787120269,-0.020391598351788224,1.5501283836364763,0.010004215216493528,0.5047809127254903,0.010458574141028687,0.04351737125385465,37.23419299779246,0.2793700471838143,-0.19918953125672606,-0.4892902374267578,0.7904238312473194,1139289000.0,-0.0413463289210668,-0.8325344141230273,0.04815759427459701,-0.40187035513196745,0.0005264728357178691,0.7782285509800815
CSX,2020-12-17,27.663862836043467,28.171741163255025,27.663862836043467,28.04167366027832,8842200.0,0.016142473614251904,0.01811155544296126,0.01365719698922886,0.002581020747983453,28.067691230773924,28.158924293518066,27.880177470162273,-0.0041638889333118255,1.4672063064575198,0.010417407829528137,0.5111949652538191,0.010183351963420606,0.04368901598253615,46.92688561371487,0.2647392293521378,-0.1710562792707221,0.03715705871582031,0.7630265806317996,1148131200.0,-0.13479445065180845,-0.7549737623700685,0.4360480022438603,-0.4471456233122819,0.0037920179587943715,0.7801016222477637
CSX,2020-12-18,28.020000510852643,28.17484254460736,27.701029323582752,28.075742721557617,16911600.0,0.0012142064856708822,0.016876248857373762,0.001989372223008487,-0.0007728907228664284,28.030839347839354,28.146822929382324,27.898802732199925,-0.002525336802773103,1.3735407257080077,0.010375191216884645,0.5034530468700203,0.010143432283784021,0.04344874223277276,52.79565625082916,0.25297712648804094,-0.14625470570785515,-0.3685188293457031,1.4072401522271776,1165042800.0,-0.09484766721201254,-0.7194035828667181,0.46547837547955384,-0.40019021529584803,-0.005261182841190397,0.7388034864032339
CSX,2020-12-21,27.493542293767725,27.98593686937347,27.42850941570929,27.775354385375977,8289300.0,-0.010756860589388156,0.02006913920629124,0.010250119413391618,-0.020736777422556203,27.95806427001953,28.122172832489014,27.88704574678812,-0.01233256225181734,1.2780898094177253,0.01062741966788284,0.5047801581382748,0.010311661471603872,0.04482596673277571,45.88867057739518,0.21691627119839652,-0.1458524487979997,-0.7277507781982422,0.6843752360736661,1156753500.0,-0.001185186630918558,-0.92833968465113,0.20598954551149987,-0.3980258812978717,-0.0054040194925607625,0.7943433608438202
CSX,2020-12-22,27.642185477391255,27.93019071388019,27.592638228160546,27.73199462890625,14629200.0,-0.0015623071920785828,0.01217195121507052,0.003248988817778196,-0.00479449896973543,27.897676277160645,28.087325763702392,27.872278973656517,-0.012650942200248228,1.179979381561278,0.010516872874154391,0.4992500853198799,0.010232130212769686,0.045282317550656294,45.039490489945955,0.18273258609697507,-0.14402890711953692,-0.6038799285888672,1.181485918913975,1142124300.0,0.09972111415635632,-0.8201995895891161,0.16853345578095333,-0.4372590555579376,-0.004856649748697113,0.8407651141944775
CSX,2020-12-23,27.83729158560102,28.02929452544134,27.629804794936767,27.769161224365234,12081900.0,0.0013393090808006564,0.014386092805498667,-0.002447449351395421,0.003796948546391728,27.83388195037842,28.041058158874513,27.86245823562878,-0.00969638638345137,1.067419967651368,0.010243885269528626,0.49172928622140943,0.01025648717763775,0.04153286741149692,46.62526351026856,0.15683293061427506,-0.13594285008178958,-0.6379432678222656,1.02211974432413,1154206200.0,0.17553259069529475,-0.5776340255552752,0.24038683371073485,-0.4212132819678656,0.0046175388023796315,0.9458569545982335
CSX,2020-12-24,27.8063164792695,27.939479687310328,27.608120406280865,27.88683319091797,2629200.0,0.00422855231054917,0.011882284329702196,0.0028956266720367406,0.0013380042200074112,27.835430145263672,28.011173820495607,27.864779659942034,-0.004438965334850011,0.9767958068847662,0.010229537716601587,0.48133297769755246,0.01012991893717541,0.03903786044793802,41.19371341549034,0.14414084538144678,-0.11890794825169432,0.015481948852539062,0.22674088437741335,1156835400.0,0.008866660557618667,-0.5892631038296887,0.3621743015315989,-0.43740102674631304,0.0015180379787006334,0.9465004017305586
CSX,2020-12-28,28.044771236435967,28.258452930639752,27.979738370726736,28.06954574584961,5016300.0,0.006530558544577631,0.00992942894183556,0.0008833913888894717,0.0056635346307243786,27.841933059692384,28.00110912322998,27.884281191933233,0.00244406828024013,0.9057958221435563,0.010242818925102131,0.48089075290958483,0.00995287459310988,0.03813287302024366,43.40857607148698,0.14712963375048105,-0.09273532790612804,0.06502914428710938,0.4309758234960565,1161851700.0,-0.18180063470238586,-0.5718922070627296,0.5512771104341153,-0.48352593738753624,0.0031399698558367494,0.9561220924672567
CSX,2020-12-29,28.165549302195227,28.252259202907467,27.465668051813907,27.663864135742188,8220600.0,-0.014558189638399163,0.02843388570858657,-0.017812014282779797,0.0034202034195659637,27.854629707336425,27.98996067047119,27.86328909134361,-0.011650482062771484,0.8361435699462874,0.010303804070197004,0.5125225720853687,0.010282204270117485,0.039507175174914,40.474059686271,0.11543252031309237,-0.0995459530748134,0.1269664764404297,0.7436758244293248,1153631100.0,-0.1907503330454438,-0.5881319347669325,0.13140704720769372,-0.4847642366810801,-0.003545461836583543,0.9792917199223667
CSX,2020-12-30,27.775348999946658,28.02309409309195,27.71650754681038,27.97354507446289,5934900.0,0.011132227084231222,0.010959874605290989,0.007135682598141726,0.0040299816272026225,27.858036041259766,27.985470294952393,27.873789661164494,-0.0004261218540841477,0.760408992767335,0.010524850188655647,0.5140709602680962,0.01007068693474315,0.03943833614929398,44.243334413874145,0.11398702175937458,-0.08079316130282496,0.03406333923339844,0.55961008616349,1159566000.0,-0.19379566189596012,-0.7177479023188801,0.4519188773748271,-0.5344089106958367,0.004700279563497281,1.0182821334382555
