ticker,date,open,high,low,close,volume,log_return,high_low_pct,open_close_pct,gap_pct,sma_10,sma_20,ema_20,dist_sma_20,sma_20_50_cross,rolling_std_20,atr_14,parkinson_vol_20,bb_width_20,rsi_14,macd,macd_hist,momentum_10,vol_ma_ratio_20,obv,skewness_20,kurtosis_20,hurst_proxy_20,autocorr_lag1_20,market_return,rolling_beta_20
VICI,2018-01-04,12.77017706753533,12.991991803500042,12.738489766165971,12.801865577697754,447800.0,0.001982411885436499,0.019801960565474088,0.002481446419641486,-0.0004958378615676023,12.748628330230712,12.743558263778686,12.747800578335784,0.004575434326282007,0.0030420398712163177,0.0007818014718121377,0.3983604680035854,0.018879702194623142,0.005065530662893517,100.0,0.007397655999469066,0.005432804884934228,0.06337738037109375,1.0685693150227291,679100.0,3.1142228655801567,9.073434233124916,0.9999998422150244,0.5208697994617016,0.004474530538268165,0.08883083979229642
VICI,2018-01-05,12.801865577697754,12.801865577697754,12.77017706753533,12.801865577697754,78300.0,0.0,0.0024753040851817876,0.0,0.0,12.754966068267823,12.746727132797242,12.752949625894066,0.004325694299883575,0.004943361282348846,0.0007818014718121377,0.37119958222708566,0.01838520876241969,0.006487918896595095,100.0,0.010732759055214203,0.007014326352543491,0.06337738037109375,0.19497740204439906,679100.0,3.1142228655801567,9.073434233124916,0.9999998422150244,0.400378210326402,0.005601595185300175,0.08183607815077315
VICI,2018-01-08,12.801865577697754,12.801865577697754,12.706801256003548,12.801865577697754,59200.0,0.0,0.0074258178323492645,0.0,0.0,12.761303806304932,12.749896001815795,12.757608287970609,0.004076078414644119,0.006844682693481374,0.0007818014718121377,0.34856554013142765,0.017901947972085303,0.007511956147949801,100.0,0.013223420890282611,0.00760399055008952,0.06337738037109375,0.15450867806342164,679100.0,3.1142228655801567,9.073434233124916,0.9999998422150244,0.40037821032640203,0.0032383471147614394,0.08265680003113321
VICI,2018-01-09,12.80186434355308,12.80820083618164,12.675112732708813,12.80820083618164,224700.0,0.0004947475348739351,0.010390850766242632,0.000494966393840299,-9.640350204939823e-08,12.76827507019043,12.753381633758545,12.762426625895468,0.0042984052384967015,0.008936061859131428,0.000781354789943348,0.32864748244852826,0.017432992812817343,0.00848924446823081,100.0,0.015529476612879733,0.007928037018149314,0.06971263885498047,0.6024290195447599,903800.0,3.017686115366025,8.62182562642784,0.999999856554009,0.3896235185433176,0.00013532575439946488,0.08208160781080256
VICI,2018-01-10,12.61173407220631,12.801861445431133,12.61173407220631,12.67510986328125,367500.0,-0.010445438943657624,0.015000057220458928,0.005025144893802259,-0.015339138298045339,12.761937236785888,12.750212717056275,12.754110743741734,-0.005890321631619383,0.007034711837770047,0.0025115879838016114,0.31325647194437906,0.017012018249382255,0.010082111895986744,34.37445627894948,0.006542297627273541,-0.0008473135739655033,-0.06337833404541016,0.9933237830094332,536300.0,-3.6858277539459277,15.93270580620844,0.0,0.059165216401026545,-0.0021791645929749356,0.24169655951921507
VICI,2018-01-11,12.67510986328125,12.67510986328125,12.580046781065176,12.67510986328125,37800.0,0.0,0.007499980926513588,0.0,0.0,12.755599403381348,12.747043800354003,12.746586850364546,-0.005643185839743917,0.005133361816405113,0.0025115879838016114,0.29062234131456866,0.016489171982526196,0.011365665285771027,34.37445627894948,-0.0005734955680267717,-0.0063704854154126534,-0.06337833404541016,0.1078567046638038,536300.0,-3.6858277539459277,15.93270580620844,0.0,-0.004144827694794471,0.005454259059885129,0.23899584726666723
VICI,2018-01-12,12.675114214308321,12.675114214308321,12.358236358950613,12.668776512145996,1109300.0,-0.0004997932182359316,0.025012506539515183,-0.0005000114440918144,3.432733221260445e-07,12.748628234863281,12.743558216094971,12.73917634196278,-0.005868196517871034,0.003042011260987465,0.0025114937386252435,0.2838321230520179,0.016276185333443077,0.01262435056053338,33.33348533488983,-0.006647236246724475,-0.009955380875288286,-0.06971168518066406,2.8847829196302026,-573000.0,-3.6531979794672087,15.755248927782587,0.0,-0.005226953377104348,0.006817168122412402,0.21936902235737268
VICI,2018-01-16,12.99198833731718,14.5700394585996,12.99198833731718,13.625743865966797,2005000.0,0.07282051079036271,0.1158139428427053,0.04878048780487795,0.025512473510074875,12.837353801727295,12.787920999526978,12.823611344248876,0.06551673774578444,0.029659681320191922,0.017139442462628256,0.390212268439174,0.021985401530957186,0.06295289183801683,88.04358048953628,0.06500916308469229,0.04936081476490278,0.8872556686401367,4.3268089514232075,1432000.0,4.301709872473812,19.030620338213737,0.9999999895503228,-0.020741281922004935,-0.0012808574017140841,-0.8185469764523439
VICI,2018-01-17,13.467305486522225,13.498992780620457,13.467305486522225,13.486318588256836,233000.0,-0.010285201064235788,0.002349588131917882,0.00141179701861215,-0.011627870082036822,12.912136840820313,12.825312519073487,12.88672631986868,0.05153917833973382,0.05209459304809627,0.01740033100420008,0.3721049447542564,0.02156199111651867,0.0792554532731214,78.6408823716331,0.10928712715284483,0.07491102306644426,0.7478303909301758,0.5136174762203926,1199000.0,4.1808432798459085,18.33542188639179,0.8543050756158604,-0.18228436773702084,0.010661719171915683,-1.015790580443945
VICI,2018-01-18,13.467304422741844,13.530680214725049,13.298724985297493,13.308865547180176,634400.0,-0.013245338007044938,0.017428625197637597,-0.011764705882352879,-0.0014098855362610788,12.96537218093872,12.853831386566162,12.926930055803108,0.03540066357876616,0.06920591354370131,0.01776442836466839,0.3592488246395518,0.02125496341904494,0.08558046466062409,69.23074944373707,0.1285766042468186,0.07536040012833442,0.532353401184082,1.3673297842532923,564600.0,4.008837966492427,17.36805974285301,0.6688723766697242,-0.14022896624994652,-0.00276481231063395,-0.6915557260808862
VICI,2018-01-19,13.213806490618799,13.308869603168533,13.150430679321289,13.150430679321289,955700.0,-0.011975886288378066,0.01204819277108433,-0.004796181277704024,-0.007142536396088066,13.000228691101075,12.874428510665894,12.948215829471508,0.021438013223401716,0.08156418800354004,0.018044057105302908,0.34114153984053935,0.02087635034954784,0.08738902748739368,62.5483760576498,0.1295855030610813,0.06109543915407768,0.34856510162353516,1.9489762623378741,-391100.0,3.9067167775409204,16.757694540514425,0.5033130547443478,-0.09928533637219325,0.005140263013677789,-0.8959983608665987
VICI,2018-01-22,13.150425760207861,14.570037841796873,12.865235320445347,14.570037841796875,3600.0,0.1025127080777845,0.1170074189142448,0.10795179619846579,-3.740648156443249e-07,13.177045917510986,12.966005992889404,13.10267506874059,0.12371055896373388,0.136510677337645,0.029807411933693694,0.43348879772040416,0.026391939585044356,0.14490703808931457,79.9172637338432,0.24214420879041043,0.13892331590672544,1.768172264099121,0.007673533768877426,-387500.0,2.901770592409368,7.963700387501456,0.9999999947403339,-0.20247958298026525,0.00866618283923905,0.979944016995224
VICI,2018-01-23,13.308865547180174,13.625743298303512,13.308865547180174,13.308865547180176,127300.0,-0.09053682178940647,0.023809523809523815,1.3347169472131434e-16,-0.08655930123934151,13.227745914459229,12.99452486038208,13.122312257163408,0.024190240903417898,0.1536219978332518,0.03644377478804492,0.4941481822620672,0.02622939996507608,0.1454405427836783,56.59823412806984,0.2269654138933621,0.09899561680774169,0.5069999694824219,0.2803254682184028,-514800.0,0.9920980043860911,5.230519462660196,0.33666546606986536,-0.5615713516298689,0.001258650809537824,1.4420307142905602
VICI,2018-01-24,13.150426671618506,13.37224133916338,12.358232293810163,13.308865547180176,20000.0,0.0,0.07619049435570123,0.012048192771084409,-0.011904761904761975,13.277812385559082,13.023043727874756,13.140079237165006,0.021947389971028214,0.17073331832885685,0.03644377478804492,0.5394164296219329,0.02795691494423423,0.14541238521432462,56.213024073961535,0.21248669522594987,0.06761351851226355,0.5006647109985352,0.04611269943742507,-514800.0,0.9920980043860911,5.230519462660196,0.33666546606986536,-0.44850440079200365,-0.002255965156522665,1.3827855284700161
VICI,2018-01-25,13.403934079380182,13.403934079380182,13.26450824737549,13.264508247375488,73500.0,-0.0033384801904433378,0.010511194942509738,-0.010401858975058536,0.007143248375527313,13.336752223968507,13.049344730377197,13.151929619089813,0.016488453745682627,0.18651391983032184,0.03646491627293079,0.531268129241263,0.027659045235749136,0.14449603173848632,55.37559438749277,0.1951829949154842,0.040247854561438284,0.5893983840942383,0.17668269230769232,-588300.0,1.0053540986020182,5.232785080319544,0.3133350070321653,-0.4478451754692947,-0.0009324580346874388,1.3954242603766278
VICI,2018-01-26,13.308869026349162,13.372244834899902,13.308869026349162,13.372244834899902,5000.0,0.008089362445537703,0.004739354486341506,0.0047619229271298105,0.0033443214136831194,13.40646572113037,13.08103256225586,13.172912020595534,0.02226217779507017,0.20552661895752067,0.03647914856307614,0.5367001347671195,0.027329320375767657,0.1439333199315806,56.465545758455136,0.18799602877771804,0.026448710738937703,0.6971349716186523,0.01266287624571045,-583300.0,0.9672878364840592,5.164908841411852,0.37000085579138814,-0.4490227987711009,0.013045002434472151,1.2056995695585042
VICI,2018-01-29,13.055367000939208,13.372244834899902,13.055367000939208,13.372244834899902,24900.0,0.0,0.023696682036039474,0.024271844210729414,-0.023696682036039474,13.476812553405761,13.112720394134522,13.19189609814833,0.0197918077229397,0.22453931808471772,0.03647914856307614,0.5525439570718687,0.02717950565593718,0.14268535794418644,56.465545758455136,0.1802228099657608,0.01494039354158433,0.7034683227539062,0.06645227579028835,-583300.0,0.9672878364840592,5.164908841411852,0.37000085579138814,-0.4499008764162113,-0.006609475828131865,1.0473785242141884
VICI,2018-01-30,13.34055519104004,13.372243697015444,13.30886789385754,13.340555191040039,40100.0,-0.0023726197699253156,0.004750612118487301,-1.3315464116465788e-16,-0.002369807332360193,13.448293685913086,13.142823743820191,13.20605410699516,0.015044822259966931,0.24260132789611966,0.036493422403769384,0.5475645883268354,0.026843891233374745,0.14052719877476172,56.00002493677667,0.16955091127280575,0.0034147958789034205,-0.2851886749267578,0.11285760522353405,-623400.0,0.9768188759555789,5.166915271187398,0.3533331609306267,-0.44941730664741597,-0.011300732157548975,0.8962389689095293
VICI,2018-01-31,13.340557575048065,14.557368619715485,13.245494457719525,13.942625999450684,643200.0,0.044142108177873646,0.09409089521928257,0.04513067921004416,1.787038089133513e-07,13.493924427032471,13.203030633926392,13.276203811038544,0.05601709077488872,0.27872546195983894,0.037678691411775975,0.6272365453283089,0.029375106041550456,0.14669147814776815,62.92000136093438,0.20728597352307432,0.032919886503337575,0.45630741119384766,1.756993006993007,19800.0,0.7698058546904729,3.978347907154843,0.6700023088559721,-0.4438606433645704,0.0014843833431408995,0.9009062516745002
VICI,2018-02-01,13.359566799974168,13.518005685746534,13.09972712401091,13.239152908325195,24638300.0,-0.051772197589743184,0.03159405776426961,-0.009013308099870826,-0.04181846371691296,13.486953163146973,13.226162672042847,13.272675153637273,0.000982162143658424,0.2918442058563233,0.03968458928811013,0.6806533877014304,0.02941013742103378,0.14325575436778204,55.02826818473195,0.178370736124835,0.0032037192840785877,-0.06971263885498047,15.530656883694837,-24618500.0,0.7224777873955684,3.052024597025806,0.2999989450603015,-0.48654240704762136,-0.0026256366823206416,1.3146182976720406
VICI,2018-02-02,13.150428027729816,13.372242718148883,12.92861333731075,13.315204620361328,4923100.0,0.005728018077118101,0.03331750382264074,0.012530131512377652,-0.006701703742660595,13.503430557250976,13.251829624176025,13.276725579039564,0.004782358208838146,0.30597682952880945,0.0396908446547488,0.6897070680928892,0.029639180264505387,0.13983684022776813,55.691952420739725,0.15975043614761653,-0.012333264554511919,0.16477394104003906,2.7196517502258044,-19695400.0,0.7063787221852945,3.031156071465817,0.33999960696304543,-0.46760872300496764,-0.02001265737607561,0.7315202285919341
VICI,2018-02-05,13.169440262343501,13.372241837208897,11.718139527924823,13.061701774597168,4454000.0,-0.01922216711240343,0.1266375804492051,-0.008180946615810182,-0.010947211265152242,13.352596950531005,13.264821434020996,13.25624712147362,-0.015312656897353826,0.3125043678283692,0.03998631532731002,0.6720527368664941,0.03453685120531571,0.13676225613249873,44.331206357196656,0.12311891500880812,-0.039171828554656285,-1.508336067199707,2.1951916726631113,-24149400.0,0.760822169207326,2.930238732514412,0.20666557208980182,-0.4664751111326988,-0.04059851825235192,0.6268148624460661
VICI,2018-02-06,12.827213484690708,13.251829794501402,12.358234475298627,12.991990089416504,9323000.0,-0.005351399096014051,0.06878048036156628,0.01284586125602863,-0.01795235367894412,13.320909404754639,13.274327659606934,13.231079785087228,-0.021269444105223356,0.31694055557250955,0.040016420684207986,0.724563946849223,0.03577269783926508,0.13416389660272693,44.96124166648683,0.08745489461488809,-0.05986867915886107,-0.3168754577636719,3.740916550636594,-33472400.0,0.7810152392861109,2.93623200821831,0.16999955268109446,-0.4577769558931308,0.016662938331618443,0.5226613027672662
VICI,2018-02-07,12.871573578325288,13.264502511395834,12.871573578325288,13.156764030456543,15743200.0,0.012602980720966935,0.02986516533708113,0.022156611264025506,-0.009268519315551928,13.305699253082276,13.291755819320679,13.22400209417002,-0.010156053925389921,0.326003198623658,0.04009327456782671,0.736062068538008,0.03597255563259252,0.13020775651134522,48.44559050212817,0.07166072128820034,-0.06053028198843907,-0.1521015167236328,4.817240624890036,-17729200.0,0.7271386466486541,2.8306507463301402,0.2566651454660905,-0.4606920865469365,-0.0046210987523158985,0.5088747151660089
VICI,2018-02-08,13.023674901004416,13.118739192013164,12.61173407220631,12.67510986328125,7726200.0,-0.03729578416381311,0.040000057220458955,-0.026763954135271266,-0.010115643112853566,13.246759414672852,13.291755819320679,13.171726643609185,-0.04639311498207653,0.327270765304565,0.04094260220605776,0.7636757138525072,0.03630429614758777,0.13020775651134522,45.44345351501619,0.020047167923815223,-0.08971506828225936,-0.5893983840942383,2.1248999595712905,-25455400.0,0.7418416877867602,2.484296857531708,0.0033311312880410617,-0.4639971185087216,-0.036980981468073534,0.6777948911321946
VICI,2018-02-09,12.67511060418789,12.86523677973361,12.047692774335719,12.618072509765625,5664400.0,-0.004510104688103635,0.06479151271045258,-0.004500007629394462,5.845366605445075e-08,13.171342182159425,13.288903951644897,13.118997678481227,-0.05048056967830196,0.3268272113800048,0.04095949647480657,0.7003001055701048,0.03734591163391743,0.131573226859975,24.671060284535756,-0.02516924730507064,-0.1079451868089162,-0.7541723251342773,1.445973819102661,-31119800.0,0.7591097647921223,2.494740901776416,0.0,-0.4467492620266446,0.014990970395653011,0.6203746695305112
VICI,2018-02-12,12.649760217023921,12.675111019283023,12.263170152914881,12.408933639526367,2149100.0,-0.016713444457546325,0.03319712058544496,-0.019038034979781827,0.0025112953847564123,13.075011062622071,13.275911808013916,13.051372531914097,-0.06530460438613363,0.320426158905029,0.04113868277449951,0.6396407178380648,0.03745455651151991,0.13853397643321302,33.93666021055614,-0.07699182726354081,-0.12781421341390908,-0.9633111953735352,0.5414236587854434,-33268900.0,0.8101436711690281,2.4675373431599548,0.0,-0.4874682382399158,0.013397132522867288,0.5420881408970994
VICI,2018-02-13,12.484989166259766,12.516676471277364,12.294861709774567,12.484989166259766,1396400.0,0.006110387982323156,0.017766516137814794,0.0,0.006129094484890917,12.989454460144042,13.218874073028564,12.997431258994638,-0.05551795884539044,0.2684584045410148,0.03714281854899121,0.583055411848749,0.034229047100484085,0.14652300619972974,35.68293736300633,-0.11064905641165801,-0.12917715404962105,-0.8555660247802734,0.3545134199222122,-31872500.0,0.9167555366703005,4.59968505884101,0.03519290106491102,-0.5245931091819913,0.0032830466488410143,0.5341734050531218
VICI,2018-02-14,12.465969198904023,12.535682682136585,12.244154559448855,12.453293800354004,2311500.0,-0.0025419057931341054,0.023409720140019713,-0.0010168000857192726,-0.0015234268209974161,12.840521240234375,13.167222833633422,12.945608643886006,-0.05422016793517072,0.22251105308532715,0.03711159883874753,0.5939198611832517,0.03437314468171432,0.1545250731976033,35.840661414995026,-0.1382861277377181,-0.1254513803005449,-1.4893321990966797,0.5717508338805964,-34184000.0,0.8848357602498162,4.58083263031538,0.02052661809447443,-0.5272994509065713,0.012906016181446635,0.5483035443049318
VICI,2018-02-15,12.55469966106712,12.643426278096054,12.332884931684324,12.580050468444824,2318700.0,0.010127112866594191,0.024685222622172834,0.0020192285010463586,0.008142894750482311,12.774610996246338,13.130782079696655,12.910793579558273,-0.0419420265989635,0.18923905372619565,0.03715319971048061,0.6084059153894886,0.034456835704489625,0.15958356023844153,36.26385147134987,-0.14825155052168526,-0.10833344246760965,-0.6591024398803711,0.5618285171526461,-31865300.0,0.7810379291952917,4.416107321110405,0.07918027642853817,-0.5311747126962966,0.011774651350492365,0.5612236636150917
VICI,2018-02-16,12.611738401478162,12.681451916470646,12.453299473799307,12.668776512145996,1168600.0,0.0070281608716309,0.01800903524129592,0.004522620819755444,0.002518903490317622,12.709968185424804,13.106699371337891,12.887744335042818,-0.03341213884477714,0.16655057907104442,0.03713343665109725,0.6020683874402489,0.03450551901239513,0.162936107407753,38.16641330218095,-0.14729188054981002,-0.08589901799658753,-0.646428108215332,0.2824270942466899,-30696700.0,0.6991291879511525,4.339442163460897,0.12023616035925994,-0.6689659935301008,0.0010410860981205723,0.5831006168448084
VICI,2018-02-20,12.580046781065176,12.725810254382669,12.580046781065176,12.67510986328125,2273500.0,0.000499793218235809,0.011499977111816379,0.007556655700132814,-0.007003812167319507,12.671308994293213,13.011952972412109,12.867493432970289,-0.025887206159216258,0.07307174682617124,0.026859341563493604,0.6079531397456154,0.030228690287309578,0.12774647310264664,38.70971291212614,-0.14435623782544482,-0.06637070021777786,-0.38659191131591797,0.5347901768912308,-28423200.0,-1.402876072586505,3.8114925291048602,0.17355255132945463,-0.3467323744940535,-0.008246204459212154,0.3398741378438308
VICI,2018-02-21,12.668773533048995,12.675111233720992,12.421609250805133,12.465971946716309,2484500.0,-0.01663752915379187,0.020335516877417206,-0.016007988918867202,-0.0004999033776118045,12.618707180023193,12.969808292388915,12.82925329142229,-0.038846861442684046,0.03637739181518462,0.01941862671846731,0.5323551269541796,0.030185247570042623,0.13152386541606897,21.09189526659432,-0.15709451407420794,-0.06328718117323277,-0.5260181427001953,0.568657789089644,-30907700.0,-0.24380109301677888,2.539840680729322,0.03719018775111732,-0.45639883138340837,-0.006440306949350164,0.4124124484758893
VICI,2018-02-22,12.497662086030191,12.675114118859735,12.472312486364872,12.573713302612305,2713600.0,0.008605700890320108,0.016129016752173663,0.006085235467129748,0.002542131447859547,12.560402107238769,12.933050680160523,12.804916149630863,-0.027784425069906124,0.00291527748107967,0.019586354971188873,0.4870867910044406,0.028349516010727906,0.13218191032060936,33.009909206192134,-0.15668964212841274,-0.05030584738195004,-0.5830507278442383,0.6025214599421814,-28194100.0,-0.29882037876615386,2.372079407003747,0.10743984016434074,-0.46826731192184023,0.0035845760888891074,0.4236398307671604
VICI,2018-02-23,12.58004825844315,12.643424056960828,12.45329666140779,12.56103515625,2631500.0,-0.001008814347855856,0.015136284007487713,-0.0015113695752628376,0.000503825375875907,12.548994636535644,12.897877025604249,12.781689388356495,-0.02611607078324335,-0.02870931625366069,0.019589008700043906,0.46897950634121954,0.028387735033039603,0.13261469298712195,30.10047347951074,-0.15559815991911385,-0.039371492138120925,-0.11407470703125,0.5681572833812645,-30825600.0,-0.31844027426611726,2.377926499280888,0.09917341945903964,-0.4641526577417221,0.014672889782376002,0.4060830266386634
VICI,2018-02-26,12.542027282326005,12.542027282326005,12.377250636889448,12.484989166259766,2092200.0,-0.006072518551999202,0.013197980650384567,-0.004547758889555018,-0.0015132410416459161,12.53568630218506,12.853514242172242,12.753432224347284,-0.028671153193525045,-0.06800211906432985,0.019438905446854674,0.36395680706096795,0.028436079625645892,0.13126156355163612,33.21056240855343,-0.15903615841624585,-0.034247592508202335,-0.13308334350585938,0.4417652027027027,-32917800.0,-0.21426084797305214,2.5068073194538196,0.04958981880906898,-0.4737299486053561,0.011966135758548796,0.3681937865260026
VICI,2018-02-27,12.523013183636152,12.567375890669572,12.28852303515408,12.3328857421875,1665000.0,-0.012257723847265046,0.02261051154975116,-0.015182243974404831,0.0030455787241806466,12.528081512451172,12.80154628753662,12.713380178427304,-0.03660968251979066,-0.11185802459716854,0.01952253269820081,0.32004663108330483,0.028413351467859446,0.1307759714210048,31.69030614488672,-0.17205097558738736,-0.03780992774347505,-0.07604789733886719,0.3455787198228312,-34582800.0,-0.11335490930374731,2.3814967227052706,0.0,-0.468791332495218,-0.012326524418566088,0.38303815243070544
VICI,2018-02-28,12.31387119516981,12.494491439974485,12.237819993192282,12.389921188354492,2408600.0,0.004614002569604946,0.020716148462950126,0.006175961399897814,-0.0015417759813217474,12.518574714660645,12.754014587402343,12.682574560325131,-0.02854735632868736,-0.15241838455200174,0.019612983751316114,0.3103139534912803,0.02854262075840463,0.12794234152019887,27.341029353499366,-0.17573723862738078,-0.03319695262677477,-0.09506797790527344,0.48792345885589383,-32174200.0,-0.1665365969840336,2.2876061538453714,0.03543145892968285,-0.5967210023229196,-0.011725217988990934,0.3689360313647317
VICI,2018-03-01,12.38992319611358,12.49132400932016,12.256835082077338,12.351898193359375,2674800.0,-0.0030735835826649757,0.018984039827084048,-0.0030690265106835036,1.6204776909810648e-07,12.508435153961182,12.674478197097779,12.651081572995059,-0.025451146684071658,-0.22422297477722175,0.015939422910538893,0.28813245127646525,0.025696637045201424,0.09671449587872857,37.05608804451112,-0.17965580626655964,-0.029692416212762918,-0.1013956069946289,0.5309239163876213,-34849000.0,-1.4636163711948689,2.2732680785983863,0.01935466313512503,-0.3357398496790971,-0.01169356097143382,0.3252180039165322
VICI,2018-03-02,12.35189703567705,12.37091013966867,12.14212431944577,12.294858932495117,1471400.0,-0.0046285490950812615,0.01860825093472381,-0.004617760576953048,-9.372505399510976e-08,12.479916000366211,12.627263498306274,12.61715560723316,-0.026324354905220976,-0.2625650882720958,0.01200904146492078,0.24607829519253727,0.0254712647751406,0.09091424646341036,37.05603143394457,-0.18522868996999975,-0.028212239932962402,-0.28519153594970703,0.37925954947141055,-36320400.0,-1.083138694731555,1.5513238059791208,0.0,-0.29094282641848046,0.004150866942490475,0.3206436629815089
VICI,2018-03-05,12.269507758907443,12.367739094922348,12.224510447882206,12.33922004699707,1797100.0,0.00360160917659782,0.01160759322668842,0.005681751009042546,-0.002061932855583388,12.446960353851319,12.578464269638062,12.590685553877341,-0.019020145664242948,-0.3033789539337164,0.011930572859428154,0.22688456524053727,0.02511384338282324,0.07745221568178033,46.78363499405126,-0.18394526276917844,-0.02154305018571287,-0.3295564651489258,0.48265480284635,-34523300.0,-1.0900946397740887,1.6199787847047715,0.051468675718694644,-0.2509774848702347,0.010319497692808035,0.3852325136294097
VICI,2018-03-06,12.421611250029159,12.49132355105552,12.358235441901831,12.427948951721191,2350600.0,0.0071650727886915545,0.010708775009512544,0.0005102157493471598,0.006677180787625184,12.422244262695312,12.546776628494262,12.57518682986247,-0.009470773274404857,-0.32885581016540577,0.011596217445959152,0.22190518970879822,0.017842377524503305,0.06923707272469286,47.39876398777035,-0.17376539706097915,-0.00909054758201086,-0.2471609115600586,0.6496609497276957,-32172700.0,-1.38242525749422,2.745652168326531,0.15441377246372068,-0.2450632152970492,0.0032199412175804997,0.39082662006076024
VICI,2018-03-07,12.383586248669962,12.475479901221938,12.288521932082473,12.427948951721191,1433500.0,0.0,0.015043348654370896,0.003582379301149047,-0.003569591669837467,12.4184419631958,12.518574571609497,12.561164174801396,-0.007239292250879143,-0.3508470821380616,0.01158693837964525,0.21443589302677932,0.01531562341135463,0.06116114514998588,48.80977759465439,-0.16380948635442927,0.0006922904996312373,-0.03802299499511719,0.4446726142468949,-32172700.0,-1.4610662201041829,2.9275542494174838,0.15441377246372068,-0.22456476791441457,-0.000787448536337026,0.4344586508792856
VICI,2018-03-08,12.415269587551103,12.453294576779363,12.16810534437849,12.225143432617188,2447900.0,-0.01645311597920578,0.023328088866423933,-0.015313896616836804,-0.0010202298238706704,12.383584976196289,12.471993541717529,12.52916219935528,-0.019792353826567768,-0.3871612167358407,0.011446534753638523,0.2126250277402895,0.015097708813450229,0.042366873782887636,34.44426516900147,-0.17032071468831234,-0.004655150267401459,-0.3485698699951172,0.9566014251911424,-34620600.0,-1.329001141501529,2.2519637945830686,0.0,-0.0334759619400568,0.004739628537839573,0.44710927516956367
VICI,2018-03-09,12.142758011109443,12.45329813081568,12.092057608071546,12.421610832214355,2827700.0,0.015942996709537423,0.029081616516860205,0.02296453745102961,-0.0067390147168283464,12.369642543792725,12.459318590164184,12.518919212008525,-0.0030264703223494257,-0.39349862098693933,0.009314044029338888,0.2221313191740606,0.014681709550588057,0.03963763601744766,40.10150112897854,-0.15780851452974787,0.0062856399129304075,-0.13942432403564453,1.221980700336642,-31792900.0,-0.2823338697328341,-0.5571140732587299,0.4366267833379318,-0.27660794815926837,0.01633085149772792,0.17055269215665758
VICI,2018-03-12,12.421610118814757,12.459635116711082,12.168108118184433,12.288520812988281,3098800.0,-0.010772205354433037,0.02372352238021368,-0.010714336108882345,-5.743213248159571e-08,12.349995708465576,12.442841005325317,12.49697650733993,-0.012402327753845694,-0.40097685813903894,0.009539005111658479,0.23254299954614321,0.012162401267147044,0.03958988316906116,35.94484841844526,-0.15682398870811198,0.005816132587653039,-0.19646835327148438,1.417728468489077,-34891700.0,-0.21361002545797228,-0.7943876005965197,0.14084912705392236,-0.40844183859123623,-0.001844399443937739,0.23535173214568703
VICI,2018-03-13,12.294859220223133,12.472311235252251,12.294859220223133,12.421610832214355,2115800.0,0.010772205354433117,0.014285749040608479,0.0103093178800076,0.0005157990397145465,12.358868217468261,12.443474864959716,12.489798823994636,-0.0017570681005616153,-0.3940054512023927,0.009188075043959696,0.22756360235672254,0.011486557532343364,0.0395392714265391,48.29276528275295,-0.14364860097559884,0.015193216256132958,0.08872509002685547,0.9687351911670105,-32775900.0,-0.33635831636794117,-0.6232523666325168,0.4366267833379318,-0.4236143765966817,-0.004767227796135538,0.303125121722904
VICI,2018-03-14,12.440622329711914,12.516673536231318,12.415272733400725,12.440622329711914,2741500.0,0.0015293478328550552,0.008150782183011674,0.0,0.0015305178816465532,12.363938331604004,12.441256523132324,12.485115348348664,-5.09750296709167e-05,-0.39026647567749073,0.009085998856329297,0.21986779026294873,0.011285772717129446,0.0394213649525147,44.5025526282617,-0.13017239596057095,0.022935537016928687,0.050701141357421875,1.2177192249948918,-30034400.0,-0.2803790913825963,-0.5443652297452072,0.4788777064723357,-0.390824771794853,-0.005901255115688689,0.2798657958969259
VICI,2018-03-15,12.453297720668614,12.516673524576953,12.168108416270458,12.307534217834473,3091200.0,-0.010755499675076736,0.028321278831091937,-0.011704811536964932,0.0010188711320676508,12.359501934051513,12.433968544006348,12.468202859728265,-0.010168461157384963,-0.38893537521362376,0.00937791250715497,0.23118476974533855,0.011479055160443221,0.0405794273349332,40.47626042697481,-0.1287473850477312,0.01948843834381475,-0.044363975524902344,1.3496774475238231,-33125600.0,-0.1923976846184556,-0.8413514682102514,0.18310428905696272,-0.38685517735840375,-0.0008639035486358139,0.3353714083168856
VICI,2018-03-16,12.19979571382817,12.377247723012939,12.180782610017792,12.307534217834473,19539200.0,0.0,0.015962995472355117,0.008831172794490636,-0.008753865892177023,12.360769462585449,12.42034273147583,12.452901084309808,-0.009082560447827015,-0.3931816291809067,0.009035158969943594,0.23209052643352393,0.011190758968936313,0.04001008346926483,42.92920119258337,-0.12616371683912142,0.017657685241939614,0.012675285339355469,6.200263379186698,-33125600.0,-0.12497180591650185,-0.6124426950380683,0.18310428905696272,-0.4650911316429781,0.0034493655691762368,0.2775757754819957
VICI,2018-03-19,12.313874937531576,12.317043184546794,12.13642288484904,12.18712329864502,2324000.0,-0.009831685871694648,0.014820585241624292,-0.010293399886678163,0.0005151900929038522,12.345559787750243,12.396260070800782,12.427588914246495,-0.016870957124268567,-0.4049694442749008,0.009024246428762461,0.2250739153036855,0.01110066796023241,0.03877252606881785,44.04151985822183,-0.13230714166128976,0.009211408335817017,-0.15209674835205078,0.7241860697013511,-35449600.0,0.09114361613313038,-0.6118995305827336,0.0,-0.4857279370366884,-0.013439722782161299,0.311451284930862
VICI,2018-03-20,12.256835327345788,12.256835327345788,11.939957477536007,12.060371398925781,4471100.0,-0.010454940261469224,0.026274302782914784,-0.016028927791963028,0.00572013813206596,12.308802032470703,12.365523147583009,12.392615817549284,-0.024677625444166743,-0.420876483917235,0.009199306386755542,0.22937437266279823,0.01154140808720899,0.03999798384443793,37.25508420190755,-0.14572385519858067,-0.0033642441611790863,-0.36757755279541016,1.3471226272973786,-39920700.0,0.23655153941097276,-0.7357216174758038,0.0,-0.43061623887754075,0.0026085278759049495,0.32422582202416333
VICI,2018-03-21,12.035020947386085,12.079383654267282,11.89559512450331,12.022345542907715,1937400.0,-0.0031579400041319722,0.015287243999769618,-0.001053210005515077,-0.002101962758953991,12.268241691589356,12.343341827392578,12.357351981869135,-0.0260056222191386,-0.42746740341186573,0.008589783165973043,0.22575291570002332,0.011405387175362675,0.046328970067174166,37.25500175927381,-0.15760825625404173,-0.012198916173312119,-0.40560340881347656,0.5885810893945125,-41858100.0,0.28733243961386706,-0.5294429241960867,0.0,-0.347699127460523,-0.001052141172854319,0.268468809383946
VICI,2018-03-22,11.94629460308796,12.041357711684764,11.889256496171274,11.914606094360352,1527200.0,-0.009001996389764622,0.012765945790309024,-0.00265258055158102,-0.006325798867478005,12.237187957763672,12.310386466979981,12.315185706868299,-0.03215011760038786,-0.442550868988036,0.00836509142422473,0.22027544393506546,0.011327199110626627,0.05257083583881636,35.849169101300646,-0.17371789108185354,-0.022646840800899126,-0.31053733825683594,0.4724772416140085,-43385300.0,0.5131852068005066,-0.15177259813888366,0.0,-0.3639883875182775,-0.023800706909851553,0.25491388856094327
VICI,2018-03-23,11.946295064582232,11.996995471711989,11.578716810693228,11.705467224121094,2140000.0,-0.017709033588382838,0.03573361515692656,-0.020159207449607745,0.002659674182336601,12.165573596954346,12.267608070373536,12.257117279939994,-0.04582318272867069,-0.4659364128112795,0.008988492569683273,0.23992187350496685,0.01211925525132126,0.0653776967411162,28.991829885598165,-0.20104315142378937,-0.039977680914267955,-0.7161436080932617,0.6671342841555608,-45525300.0,0.4547083428234657,-0.31620321576093363,0.0,-0.2653950380951706,-0.019473118544914864,0.3570003132129429
VICI,2018-03-26,11.832217752063402,11.996994362194348,11.730816947181735,11.82588005065918,2106900.0,0.010234337724073847,0.022508042857899327,-0.0005356308966775778,0.010828318555377022,12.119309520721435,12.234652614593506,12.216047067627535,-0.033411047850001194,-0.48190727233886754,0.009472119378078951,0.2498807045060243,0.012361254196271718,0.07076002594834574,30.452719493745818,-0.21055515952997617,-0.039591751216363796,-0.46264076232910156,0.6566650615477398,-43418400.0,0.2810890982389097,-0.7846893385875656,0.16379240786662289,-0.3797209872638736,0.025769793885821964,0.43549461402896583
VICI,2018-03-27,11.882921612304132,11.882921612304132,11.616744119836788,11.711807250976562,1420000.0,-0.009692854810071998,0.022727277418704915,-0.014400024414062452,0.004823451734720846,12.048329162597657,12.203598690032958,12.16802422794649,-0.04029888654549551,-0.49382181167602646,0.009354213470120321,0.25553924188658705,0.0123683634078475,0.08009130377636856,28.352594907333994,-0.22470792301201215,-0.0429956117587198,-0.709803581237793,0.44427271461579015,-44838400.0,0.2839411785827521,-0.7187134121715376,0.008624066841150219,-0.3857328698115575,-0.01548332314726628,0.4219191126809853
VICI,2018-03-28,11.743769394679347,11.78851954362642,11.60951772848802,11.679840087890625,4879900.0,-0.0027332134863022493,0.015325707697315455,-0.005443678655482306,0.0027290530844519953,11.972250938415527,12.168094635009766,12.121530500322121,-0.04012580126672797,-0.49040779113769517,0.009201098449730587,0.24795442636783896,0.01222410556006815,0.0875870012114153,31.618164259656226,-0.23578558350180678,-0.043258617798811544,-0.7607822418212891,1.4699379480691608,-49718300.0,0.40404422912436655,-0.48614068087492407,0.0,-0.38589388760694515,-0.0016310739555469409,0.4656931798804218
VICI,2018-03-29,11.57755582563606,11.769342562116423,11.41453600221245,11.711806297302246,6687600.0,0.0027331320578484275,0.030294776988046657,0.011595752479026476,-0.00875733413170712,11.912678146362305,12.13609004020691,12.082509147653562,-0.03496049728528789,-0.4869221401214592,0.009286884765134952,0.24749485759354162,0.012643178359416845,0.09269355147136024,23.088298889375807,-0.23922763602933017,-0.03736053626106792,-0.5957279205322266,1.8996489075229233,-43030700.0,0.30184395200970826,-0.642214732833849,0.042017554083438435,-0.3824148609498273,0.013960210187430176,0.4768238167697908
VICI,2018-04-02,11.730985008754153,11.756556003607283,11.596733322886791,11.692627906799316,5131100.0,-0.001638868483490712,0.013668670720938109,-0.0032697255964621312,0.001637553675757515,11.85118751525879,12.10597848892212,12.045377600905539,-0.03414433475997414,-0.48470893859863295,0.009276979571406337,0.23808740632167322,0.012527753544751332,0.09754922740142075,25.271157315172545,-0.24072806006076597,-0.031088768234002945,-0.6149063110351562,1.3855012589697375,-48161800.0,0.24991973152060437,-0.6519310200578243,0.0168087765955078,-0.37305246418470134,-0.02227511690894611,0.40889840224276514
VICI,2018-04-03,11.718197184223815,11.730983289451581,11.596731623260254,11.679840087890625,1757600.0,-0.0010942635743577756,0.011494306872447317,-0.0032732933001699206,0.0021867862065147723,11.80045919418335,12.073009490966797,12.010564504427927,-0.032565981445665804,-0.48826612472534237,0.009173927494282962,0.2345489237450559,0.012525449382057977,0.10088183168757818,15.802890343684467,-0.2401803771486435,-0.024432868257504348,-0.5072832107543945,0.4748409407124235,-49919400.0,0.32708890725103223,-0.4978439557570979,0.0,-0.4299585849573111,0.01278919152636652,0.3846938962406937
VICI,2018-04-04,11.60951595453262,11.72458844529901,11.507229567040257,11.590336799621582,3282400.0,-0.007692569770230286,0.018753456609289412,-0.0016520202036115102,-0.006020984262525586,11.75345573425293,12.031128883361816,11.970542818255895,-0.03663763292818,-0.47055271148681577,0.008928860234597585,0.24283164341849592,0.012693797823891904,0.10327865698474284,13.192492100489531,-0.24415404598655144,-0.02272522967632984,-0.4700345993041992,0.8757643995261524,-53201800.0,0.5431322073323542,-0.0857430876282646,0.0,-0.47190748913977104,0.011083162496918347,0.33922145294077793
VICI,2018-04-05,11.615911863172412,11.69262728233526,11.539196444009564,11.622304916381836,3853800.0,0.002754373014675797,0.013201412235316049,0.0005503703269041184,0.002206585019312406,11.713451671600343,11.99084668159485,11.937377303791699,-0.030735257901237323,-0.4771037006378158,0.00900583546158455,0.22889348127701034,0.01265572401970391,0.10297977761133717,17.49150996408531,-0.24193477384179474,-0.016404766025258505,-0.4000406265258789,0.9960571767524629,-49348000.0,0.4941117976736801,-0.22691498748467012,0.03759691921475896,-0.48028723860029193,0.005681568136716464,0.34667120193293555
VICI,2018-04-06,11.615912106754067,11.724591574892777,11.558375846012972,11.686234474182129,2187100.0,0.005485519022642484,0.014223206734985384,0.0060539686235378184,-0.0005500466279075548,11.69061450958252,11.963901233673095,11.913458939066977,-0.023208713785554905,-0.4715965270996101,0.00866166417601631,0.22673281098305736,0.01241631694665653,0.10387571754228687,22.21013621077094,-0.23233914263500388,-0.005447307854774097,-0.22837162017822266,0.5671917770029422,-47160900.0,0.39292950303764285,-0.3344234155302991,0.11278290649322222,-0.32036549177916157,-0.02060042609776417,0.2951606771625979
VICI,2018-04-09,11.69262767527545,11.727787640083521,11.571162098914916,11.596733093261719,2919500.0,-0.007688179912247602,0.01350600551974524,-0.00820128585950821,0.0005470710952655422,11.679741096496581,11.922657346725464,11.883294572799809,-0.02733654452908179,-0.4794849109649668,0.00758297330110093,0.22501889965954674,0.011907912378930637,0.10109876146362819,22.8417283545501,-0.2293131697386066,-0.0019370679667014279,-0.108734130859375,0.7562286221978162,-50080400.0,0.2698548392312435,-0.501443733427783,0.007522524303373657,-0.2667187651879807,0.0020443938012630323,0.21406652817633365
VICI,2018-04-10,11.692625557586302,11.71819654730186,11.51362375217723,11.609517097473145,1523700.0,0.001101772617253076,0.0176211287176756,-0.0071077671737496,0.008268920527307957,11.658104801177979,11.888707160949707,11.857220527530604,-0.023483635326943315,-0.47818054199218807,0.007442323183289174,0.21699711003917876,0.011716799191444449,0.09964328048227833,26.831164070379586,-0.22330933115346774,0.0032534164947499444,-0.21636295318603516,0.4028980525404233,-48556700.0,0.08865911651293121,-0.4095634324535848,0.02255747857305069,-0.20575827292276383,0.016110192619049064,0.21625551755415282
VICI,2018-04-11,11.539191330227899,11.644674832411296,11.494441196943917,11.615906715393066,1926700.0,0.0005502261773657774,0.012933440251228346,0.006648246221917206,-0.0060575962509717305,11.648514747619629,11.848421955108643,11.834238259707982,-0.019624152532424263,-0.4833389854431154,0.00677568774119453,0.2146003318751363,0.011688503981301303,0.09243713357737417,28.411676625473888,-0.2155509202210304,0.008809461941749835,-0.0959005355834961,0.5107365480019987,-46630000.0,-0.09928222022054307,-0.2512704922313551,0.030072151725369686,-0.29063242350709334,-0.0029192408462461457,0.22681222095620007
VICI,2018-04-12,11.615906715393066,11.711800032337267,11.449691063659936,11.615906715393066,896800.0,0.0,0.022564658541032564,0.0,0.0,11.642121410369873,11.807186174392701,11.813444779297038,-0.01620025772224032,-0.49008179664611795,0.006726418917371278,0.22245802852969643,0.012027744559035923,0.08128432951895935,32.08377140647505,-0.2070159723939522,0.01387552781506246,-0.0639333724975586,0.24368505717142733,-46630000.0,-0.07849266152109687,-0.17466096753175347,0.035652548051098534,-0.23802716223418435,0.0074865968887517466,0.2370613034633104
VICI,2018-04-13,11.635089874267578,11.663858001195084,11.5264104191359,11.635089874267578,1426600.0,0.0016500938489420688,0.011813194701930652,0.0,0.001651456002921472,11.634449768066407,11.773563957214355,11.796458597865662,-0.01176144143353685,-0.4775532913208007,0.006586810512645818,0.20239866574686957,0.011524567127345217,0.07187925458192282,44.53290068305403,-0.1964396105976327,0.019561511689105582,-0.07671642303466797,0.3966160030915253,-45203400.0,-0.2911524797068768,0.09846745898819279,0.062399937430773565,-0.19652512048867396,-0.0014060486809503085,0.23695452257335076
VICI,2018-04-16,11.635090325641578,11.74376978498939,11.596732008683421,11.654268264770508,2935700.0,0.0016469663718121713,0.012616645933099555,0.0016482845076557387,3.87941996484892e-08,11.630613803863525,11.740900659561158,11.782916661380408,-0.007378683910429053,-0.478518896102905,0.006633632731908266,0.19207799704920628,0.011448213918803673,0.058396958217291794,34.18061811877811,-0.18438475911483998,0.02529309053751866,-0.038359642028808594,1.0610625082452187,-42267700.0,-0.31332030327020205,0.0269727200285161,0.10712619032481346,-0.14768852571864785,0.007210403329218193,0.24022725312750673
VICI,2018-04-17,11.679840087890625,11.775733438398655,11.660660930048977,11.679840087890625,1570000.0,0.002191798629786861,0.009852233205571265,0.0,0.0021942023762588185,11.630613803863525,11.715536499023438,11.773099844857573,-0.0030469292751371967,-0.4711757659912106,0.006500017757860935,0.18174140284640647,0.011351873899257629,0.04633868373496487,46.47868089201148,-0.17079890657469576,0.031103154462130328,0.0,0.5752907141849468,-40697700.0,-0.5404668066635258,0.42691187851223633,0.19041850641921096,-0.21188083729466495,0.008992005740867908,0.2313024287883459
VICI,2018-04-18,11.692623289399904,11.769337463015267,11.660658034268666,11.750158309936523,1460400.0,0.006002427484390346,0.009249188468779737,0.004920625518550511,0.001094467168478836,11.64659595489502,11.700025844573975,11.770914936769854,0.004284816634469029,-0.46045555114745973,0.006433575166365279,0.17671837524699235,0.010864825585667759,0.03740646526060336,57.14238664631169,-0.1525988630073929,0.039442558423546575,0.1598215103149414,0.5663714068535439,-39237300.0,-0.7420341042080151,0.9105414772618521,0.36994970379474384,-0.18987197610843273,0.00048787747877421467,0.23783109345419026
VICI,2018-04-19,11.750161618465599,11.756554671291958,11.635090325641578,11.654268264770508,1343600.0,-0.008194226114177092,0.01042230562149949,-0.008161024231734227,2.815731489165089e-07,11.649792289733886,11.681621980667114,11.759805729912774,-0.002341602556723345,-0.45210497856140286,0.006605366341391159,0.1600510742288787,0.010758731067659117,0.027086192623070444,44.82742656476926,-0.14424989956468792,0.03823321749300124,0.031963348388671875,0.5271438267754225,-40580900.0,-0.6239181274037621,0.4211572058823299,0.1971554637292259,-0.269226219773997,-0.008616804179971281,0.24800692007725578
VICI,2018-04-20,11.667055069497572,11.724591329032153,11.548786633498809,11.622304916381836,1074800.0,-0.002746398125767712,0.015126491414413367,-0.0038355997163955127,0.0010971778267466913,11.643399333953857,11.667006921768188,11.746710414338398,-0.0038314887173802274,-0.4360308551788332,0.006379771335091025,0.161192646715511,0.01081445301830376,0.019875226154672028,43.82013620356449,-0.13861459816833488,0.035094815111483435,-0.06392955780029297,0.42545948278250817,-41655700.0,-0.7631397190717306,1.0432413278544264,0.13572078699866147,-0.5294112861655773,-0.008255816554962367,0.23432582054867462
VICI,2018-04-23,11.66066311333569,11.66066311333569,11.238731316619786,11.564769744873047,931100.0,-0.004962703612481051,0.03648423669679698,-0.008223663399809185,0.0033003949930609845,11.64020299911499,11.659972047805786,11.729382731532175,-0.008164882603698386,-0.4208589267730716,0.005194001081700522,0.18174122746726656,0.010896625137057114,0.02109386097580137,40.62511654504544,-0.13720952274262466,0.02919991242975495,-0.031963348388671875,0.3776110051038927,-42586800.0,-0.024444075802399167,-0.2571418463335406,0.0,-0.3024935112284677,-0.0005242076190022167,0.15264458007593587
VICI,2018-04-24,11.55837357077721,11.6542669133526,11.475266332371874,11.53280258178711,1068500.0,-0.002768012416593719,0.015520995847393512,-0.002212334532494361,-0.0005530740548182994,11.632531547546387,11.645318174362183,11.710660812508834,-0.009661873629419842,-0.4138074016571043,0.004533133794609122,0.17900134909026466,0.01067607588604989,0.018678944156129446,44.82773402469491,-0.1370951259715838,0.023451447360636674,-0.07671451568603516,0.44265476863676,-43655300.0,-0.36807431778700966,-0.7076395504184199,0.0,-0.08296967090996901,-0.01377426233268643,0.075487213689664
VICI,2018-04-25,11.475266332371874,11.603123716022392,11.475266332371874,11.53280258178711,1006700.0,0.0,0.01108641050115899,0.0050139358642095596,-0.004988921730620666,11.624221134185792,11.63636794090271,11.69372193339248,-0.0089001447566436,-0.40523501396179107,0.004082964083360299,0.17717467375632331,0.010341042340717208,0.019766521101526168,41.46315283912705,-0.13544316125385691,0.02008272966269084,-0.08310413360595703,0.42065369090498833,-43655300.0,-0.38819385797296,-0.4200178525631868,0.0,-0.1516537884073951,-9.948741177896821e-06,0.023923931726662885
VICI,2018-04-26,11.526410296304617,11.577553497036275,11.494445033753525,11.51362419128418,1440300.0,-0.0016643269795147135,0.007218271319439389,-0.0011092876872981193,-0.0005542699128993647,11.613992881774902,11.628057146072388,11.676569767477403,-0.009841107018196966,-0.3941185092926016,0.004062828259706282,0.17123844049939077,0.010180920766313299,0.021557661020282004,31.999538538958646,-0.13413527519029955,0.017112492580998562,-0.10228252410888672,0.6484332793084819,-45095600.0,-0.4317443068535029,-0.3349370666548527,0.0,-0.1346234789375592,0.012555340104537063,0.015958748442152674
VICI,2018-04-27,11.494443963002867,11.56476631471439,11.392157571067912,11.539194107055664,1188900.0,0.0022183774605593013,0.01495847474659743,0.0038931978090313915,-0.001665872358056635,11.604403305053712,11.61942653656006,11.66348637124676,-0.006905024895329139,-0.38446712493896484,0.004041377980705402,0.17238009781923885,0.009530567678646984,0.021485743241357616,43.07642168945684,-0.1295422056465938,0.017364449699763446,-0.09589576721191406,0.6108623440281771,-43906700.0,-0.43133887732817233,-0.29852700744395894,0.10810243712892216,-0.13431349983106702,0.0013734618111527026,-0.0027822059388204474
VICI,2018-04-30,11.545589497218987,11.63509102280068,11.50083934410325,11.622304916381836,1640800.0,0.007176665548030188,0.011551209477235423,0.0066445649380940785,0.0005542319597009709,11.601206970214843,11.615910387039184,11.659564327926292,0.0005504974754098154,-0.3688283634185794,0.004404496943661483,0.16735716093158168,0.00948061503168268,0.020663560062536026,51.31600900566682,-0.11783746032397602,0.023255356017904988,-0.031963348388671875,0.9260900239875829,-42265900.0,-0.32621316606499007,-0.4019322349540781,0.45947164460733886,-0.05467567071982568,-0.007773288424855274,-0.05626077675724582
VICI,2018-05-01,11.571159313821196,11.660659601518331,11.443300714811029,11.641480445861816,3781900.0,0.0016485308408841905,0.018671069175275428,0.00607727628091896,-0.004400641949132569,11.597371006011963,11.613992404937743,11.65784205344396,0.0023668037627083607,-0.3502004241943375,0.004420919890388507,0.17215182173443339,0.009689053146529632,0.020130340259940357,52.56433795403776,-0.10579452690387825,0.02823863155040221,-0.038359642028808594,2.0192048436569823,-38484000.0,-0.4207498835058133,-0.38909840562728465,0.5405404087186039,-0.031111995483447702,4.0145019975135427e-05,-0.05564484315701061
VICI,2018-05-02,11.583947383929502,11.609518376462146,11.398552505829581,11.424124717712402,3561000.0,-0.01884729758209338,0.018466698836496015,-0.013796908853265562,-0.004942074352129834,11.564767646789551,11.605681800842286,11.635583259564765,-0.01564381018241484,-0.33349132537841797,0.005856834109438472,0.17078174825978362,0.009676156223447693,0.024880967596036654,36.60735929928688,-0.11249246305783878,0.01723255631715334,-0.3260335922241211,1.8872274291892235,-42045000.0,-1.5912472320417044,3.692300659329919,0.0,-0.038746149015068766,-0.008334711246516167,0.09328570208039556
VICI,2018-05-03,11.398552699993134,11.539196209693849,11.392159646913528,11.411338806152344,2176800.0,-0.0011198295040381952,0.012885128141234955,0.0011217306701768648,-0.0022384224919761568,11.540474700927735,11.59513349533081,11.614226644954059,-0.015851019675838792,-0.32294696807861456,0.005800043449816898,0.17146667545415045,0.009666820820646262,0.02900149133231285,34.234010240971955,-0.11747812719969097,0.009797513740240932,-0.24292945861816406,1.2072909993926941,-44221800.0,-1.5394626876139161,3.7070672567184646,0.0,-0.05910612742764653,0.0003045932939377974,0.08047842071995609
VICI,2018-05-04,11.411334387632376,11.699014348722434,11.37297730335698,11.520013809204102,2616400.0,0.009478360782360029,0.02830179292883853,0.00952381359444803,-3.8720434497167306e-07,11.530245590209962,11.586822462081908,11.605253993930255,-0.00576591667788468,-0.31018401145935215,0.006095882962419562,0.1842523375298281,0.010206749839485463,0.028582618104480147,41.599615234976376,-0.11137626123035105,0.012719503767664703,-0.10229110717773438,1.434028862543916,-41605400.0,-1.2114184952292562,3.117698764963043,0.3207459978854149,0.012876271451586676,0.012665760092020134,0.3095467634099483
VICI,2018-05-07,11.50723069991083,11.679839453053502,11.49444459537803,11.609517097473145,3572200.0,0.00773934719053515,0.015969213544276047,0.008888880411783833,-0.0011096435737827592,11.534720325469971,11.58746166229248,11.605660003791483,0.0019033879742995667,-0.2905144500732426,0.006144696725227536,0.18881874353320846,0.010273005830509897,0.028625843415625605,45.92580150748494,-0.09818648841546995,0.020727421266036647,0.044747352600097656,1.9234900882806674,-38033200.0,-1.3655229032340224,3.7671542259095627,0.584908139166494,0.14365006173656522,0.003579245819555702,0.3321476363228757
VICI,2018-05-08,11.59673081102737,11.890805113918539,11.590337758861256,11.769339561462402,3328100.0,0.0136726064993668,0.025529669994494394,0.014884259473445526,-0.0011013624717049547,11.5583740234375,11.595452785491943,11.621248533093475,0.014996117804733207,-0.26821033477783196,0.006866467573087675,0.20251788112682853,0.010571360193998547,0.03185036282549599,51.0068552056812,-0.07398431613782286,0.035943674834946995,0.23653697967529297,1.7090273266696279,-34705100.0,-0.823287297906186,2.5939763370136055,0.9999999720670988,0.25513719875351115,0.0023667736638530736,0.42332888715638045
VICI,2018-05-09,11.986695447706941,12.427806181600477,11.986695447706941,12.07619571685791,4145400.0,0.025738411133931965,0.0365272925543731,0.007466634114583318,0.0184679764832557,11.61271333694458,11.618467235565186,11.664576836309136,0.03939663227620729,-0.2400620841979979,0.008904963462558162,0.24087518644737813,0.011500668420590374,0.048821116002137566,68.13183750718227,-0.029700820434182873,0.0641817364308696,0.5433931350708008,2.0139921294271974,-30559700.0,0.4931127433202266,2.8663189615771554,0.9999999849591698,0.461338841060099,0.011910325468785453,0.6275937047357701
VICI,2018-05-10,12.146521627706512,12.261594132959743,12.133735522822803,12.223237037658691,2574200.0,0.012102596556766515,0.010460290489583,0.0063158336438630495,0.005823515326969237,11.683674621582032,11.648833751678467,11.717782569770998,0.04930993936602963,-0.2063618850708,0.009174443134840723,0.2415604522022702,0.011180705039124135,0.06727828587393328,73.50003915908658,0.017062488918124785,0.0887560366265418,0.7096128463745117,1.2016786716273684,-27985500.0,0.3101917859069006,2.1181776596916544,0.9999999876831854,0.5009528395142372,0.008744385496069,0.6980593231439185
VICI,2018-05-11,12.197665725922745,12.210451831747807,12.053825083766194,12.146522521972656,1535400.0,-0.006295898726547666,0.012894781012284058,-0.004192868135531693,-0.0020920245314038923,11.744407463073731,11.674405384063721,11.758614946171157,0.04044035840603956,-0.17668273925781186,0.009385998018958688,0.22352332057202684,0.01120177926278006,0.07716873634520861,72.41379310344828,0.04738628856770433,0.09526386902089708,0.6073284149169922,0.7149342757763281,-29520900.0,0.38129159859600137,1.7475202408388266,0.9055121420835897,0.42208223563543634,0.0015787070313353516,0.6970253608612993
VICI,2018-05-14,12.21044811207671,12.347895659450057,12.19766201014668,12.338305473327637,3418500.0,0.015665772583715754,0.012176197908873736,0.010471144062638426,0.00526287173867373,11.816007518768311,11.708607244491578,11.813823567805109,0.053780796954505945,-0.14334980964660637,0.009863141226012092,0.22512136032178923,0.011194615099431772,0.0920952215166157,77.63166762083912,0.0859031614660033,0.10702459353535684,0.7160005569458008,1.5740762058247957,-26102400.0,0.24233551723969757,0.9288787651662621,0.9999999892121256,0.3269739181141956,0.0010664223357173825,0.7261907308045404
VICI,2018-05-15,12.32552629300241,12.478955929095756,12.306347131234357,12.37027645111084,5147500.0,0.0025878454476499176,0.013953511754048025,0.0036306894362665917,-0.0010357322043008477,11.888887119293212,11.743129062652589,11.866819080500893,0.05340547524533367,-0.10944911956786996,0.009862041439630402,0.2283178899082807,0.011272930705664095,0.10466438526542796,78.111772912333,0.11765163662012945,0.1110184549515864,0.7287960052490234,2.1898431268279714,-20954900.0,0.2357272388835577,0.9284925894762407,0.9999999895717934,0.31083541482838084,-0.005677884287970289,0.7561501246822832
VICI,2018-05-16,12.344700512055013,12.645167859043475,12.344700512055013,12.56205940246582,3603900.0,0.015384578095631516,0.023918637650247314,0.017607465665007347,-0.0020675317287294805,12.002680587768555,11.783724117279053,11.933032444497552,0.06605172332959286,-0.07153627395629769,0.010239603481438646,0.2438435244586887,0.011660024963778264,0.12143434086261032,81.5385727596954,0.15648396356840166,0.11988062551988687,1.137934684753418,1.4663113353405484,-17351000.0,0.16299969752488475,0.41420702139109167,0.9999999913097933,0.3286730384489489,0.004717220238922268,0.7927268858722846
VICI,2018-05-17,12.651561864814907,12.817776351800832,12.590828475964203,12.594025611877441,3875400.0,0.0025414309578665763,0.018020280633905823,-0.004547758889554875,0.007124824002306342,12.120949268341064,11.8307119846344,11.995984174724208,0.06451966950378177,-0.02786993980407715,0.009877082527918742,0.24977982486501255,0.011822280396300245,0.1349565329387127,81.60934387672576,0.18767486932346422,0.12085722501995955,1.1826868057250977,1.4995414778729217,-13475600.0,0.09441954678622702,0.8424963104181804,0.9999999915446762,0.2774429438775231,0.0014723592539806225,0.7492913081101714
VICI,2018-05-18,12.632380916307731,12.651560071017604,12.434201195038684,12.504522323608398,2095400.0,-0.0071321789533840664,0.017382421363553353,-0.010121495982936544,0.0030455158352319903,12.219400119781493,11.874822854995728,12.044416379379845,0.05302811471817088,0.010653352737426403,0.010078438163914436,0.2557160532422619,0.011877116585248848,0.14247030532618937,76.33584961094301,0.20283358024601483,0.10881274875400812,0.9845085144042969,0.7950914844692687,-15571000.0,0.10121175938258334,0.5996963772731977,0.9243220630525343,0.25284462749778497,-0.0017100735844542924,0.7805750924309676
VICI,2018-05-21,12.555666984426598,12.753847948210558,12.53009599450773,12.6323823928833,3213100.0,0.010173183487836714,0.01771256970726931,0.0061100225541070065,0.004090093127479055,12.32168664932251,11.92820348739624,12.100413142570652,0.05903478308624768,0.05981855392456126,0.00996246289159774,0.2579993916633231,0.011055329304927235,0.15035590571301774,77.77781936434575,0.22259823301642712,0.10286192121953633,1.0228652954101562,1.1686039745119148,-12357900.0,-0.09481784272813223,0.7555577411972351,0.9999999918102843,0.1797397313167871,0.008083367511215035,0.7716657563228969
VICI,2018-05-22,12.670738148734364,12.709095239235145,12.568451761165663,12.625988006591797,3009900.0,-0.0005063182087345581,0.011139205739468012,-0.0035317707316867416,0.0030363042107299752,12.40735149383545,11.982862758636475,12.150467891525047,0.05367041757127681,0.10772848129272461,0.009888666934058665,0.2506933586659836,0.010960517847354717,0.1548849166473433,88.2111733219005,0.23503653433732552,0.09224017803234777,0.8566484451293945,1.0573703975634003,-15367800.0,-0.11956267289248221,0.8748016124231549,0.9947631711851868,0.14461185280423608,-0.003743492117264424,0.8793249411224036
VICI,2018-05-23,12.6132033682961,12.734668924898033,12.600417263527463,12.721882820129395,1862500.0,0.007566337361159137,0.010552813861651675,0.008616324391190412,-0.0010125653761925378,12.471920204162597,12.042316770553589,12.204888360915938,0.056431504213334704,0.16117705345153688,0.009849093832723033,0.24978015142242999,0.010951914795289345,0.15917839793674868,89.57510055010975,0.24975289190128613,0.0855652284770467,0.6456871032714844,0.6446019561289965,-13505300.0,-0.24203188273318182,0.977275329629636,0.999999992369581,0.12059403033860815,0.005104110696108484,0.872071277215705
VICI,2018-05-24,12.734668664491496,12.749372806609756,12.632382267134139,12.689918518066406,1574500.0,-0.002515706658926368,0.009219171841730909,-0.0035140408913714254,0.0010050276789116918,12.51858835220337,12.101131486892701,12.251081709215981,0.048655535377947756,0.2150058460235602,0.009880963241759046,0.23484825814458446,0.01097911578577279,0.15968271152682953,87.04439406146535,0.25588675601729705,0.07335927407444609,0.46668148040771484,0.5436640435898056,-15079800.0,-0.23306003836372613,0.9232501347212358,0.9756098906422178,0.09857464037344656,-0.0008103486941060145,1.1530837918464545
VICI,2018-05-25,12.689917945044371,12.773025181888196,12.632381696710192,12.696310997009277,1921300.0,0.0005036178432236241,0.011077507884859875,0.0005037898584208611,-4.515569066415908e-08,12.573567199707032,12.158987331390382,12.29348449852963,0.044191481656676156,0.26508615493774457,0.009913075443854552,0.23165173153762236,0.010893742491502064,0.1584116758996351,86.32461523357563,0.2582863429638351,0.06060708881678731,0.5497884750366211,0.6551278510319807,-13158500.0,-0.2059268044027361,0.8587300287397471,0.9804876199103061,0.11876776763065566,-0.003053734704091499,1.144787237787104
VICI,2018-05-29,12.709095379301745,12.792203832210951,12.657952184953748,12.747453689575195,2400300.0,0.00402006244530856,0.010531644242566938,0.003018177858348689,0.0010069367626139025,12.614482021331787,12.215244770050049,12.336719659581588,0.043569239056923614,0.312545204162598,0.009898594088901508,0.21977918098047386,0.010874371816990715,0.15759200803538115,85.25327311286868,0.2613026860700707,0.05089874553841828,0.4091482162475586,0.8079954623260291,-10758200.0,-0.15421050662798416,0.869954924459166,0.9999999925156138,0.12427474879712601,-0.00957175387757659,1.1288017870639218
VICI,2018-05-30,12.804991275566387,12.817776160978761,12.696311823785791,12.7538480758667,5212400.0,0.0005014949028353625,0.00952374032295471,-0.0039940050406184644,0.004513653266945811,12.652839183807373,12.270863151550293,12.376446175418266,0.03936030565668778,0.35682909011840813,0.009920384061955789,0.1814218750558235,0.010653730885724367,0.15506731670164542,81.17634464082948,0.2611982029535369,0.04063540993750761,0.3835716247558594,1.7133596957474992,-5545800.0,-0.1366041153541045,0.8288025290658386,0.9999999925512619,0.10272384599735938,0.014352922036059573,0.8561377307240672
VICI,2018-05-31,12.709095656971707,12.798597163548594,12.351093288714043,12.383058547973633,12951500.0,-0.029503743626271856,0.036138396107945434,-0.02565384019430391,-0.0035089346077184775,12.634939098358155,12.318809843063354,12.377075925185444,0.005215496117626714,0.3983220386505124,0.011372162095347284,0.20014369353673192,0.011414050653309511,0.1403395742776147,56.09748110739586,0.22856107346673404,0.006398624360563765,-0.1790008544921875,3.68806302297867,-18497300.0,-0.9565850363075806,3.0518817343780476,0.72380858479283,0.09863186397447256,-0.009548654116521251,1.0001592483846131
VICI,2018-06-01,12.568452468905786,12.747454266905713,12.450184055247794,12.70909595489502,3060900.0,0.025988661709850012,0.02339035071518385,0.011190199138452728,0.014971577515676935,12.646446132659912,12.383697700500488,12.40869688039588,0.026276340255090447,0.44947488784790046,0.012325489546191533,0.21407110532527351,0.011719876460988902,0.12386025217306222,68.0326280271623,0.22639467030736604,0.003385776960956599,0.11507034301757812,0.8607850526161859,-15436400.0,-0.7766155877913685,2.3242806547407318,0.9637292205135282,-0.20111185056143555,0.010399159838373083,1.107566031503668
VICI,2018-06-04,12.894490756746764,13.092670490662012,12.785811311822275,13.02234935760498,7235800.0,0.024349108690575653,0.023564041357908506,0.009915754198460072,0.014587568030780205,12.69822883605957,12.458814477920532,12.467139973463413,0.0452318220712848,0.5024368000030517,0.013030924272627541,0.22708549091738725,0.011536559574692266,0.11274124046373847,70.34214019126273,0.24710622508179014,0.01927786538830456,0.517827033996582,1.91073989083448,-8200600.0,-0.6662715054140973,1.6554004469316934,0.999999992922019,-0.04374502132786482,0.005121659695927571,1.25244332031779
VICI,2018-06-05,13.028742917230408,13.099065278958859,12.763437931405146,12.856135368347168,4659500.0,-0.012845904750086245,0.0261063949575433,-0.013248212047761589,0.0004909682154774987,12.720604133605956,12.521145391464234,12.504187153928532,0.026753940347286377,0.5417543506622327,0.013695071298890199,0.23872967303826684,0.011858545165925185,0.09560638711521513,63.38019439180074,0.24725796571831538,0.015543684819863818,0.2237529754638672,1.2130087015379007,-12860100.0,-0.47963824846115705,0.7618869484826384,0.8673482055423761,-0.14773107394555726,-0.0011342668558777331,1.307100737379262
VICI,2018-06-06,12.83056463643008,12.939244108291257,12.74106432525627,12.773028373718262,2291800.0,-0.006485368524322743,0.015515489141381823,-0.004484312603706744,-0.0019889905624396265,12.735308170318604,12.571329832077026,12.529791079622791,0.016044328192438402,0.5729958248138427,0.013776078981721692,0.2314234184701615,0.011537269127439905,0.07826682850332688,56.17983617429375,0.23792947843216794,0.004972158026973095,0.14704036712646484,0.6047827394932259,-15151900.0,-0.2755730038301141,0.5435422035886,0.7364899520391236,-0.14932712544280446,0.007982060604084788,1.179809081040273
VICI,2018-06-07,12.830561950868494,12.894491253761743,12.72827555397931,12.792204856872559,4128300.0,0.0015002004149840833,0.012993514538123859,-0.002989510057534115,0.004504301992205205,12.74234037399292,12.607130289077759,12.554782867932293,0.014680150323752895,0.5871883296966551,0.012781644181218724,0.22503047207354868,0.010610919969717518,0.07010500093197213,55.849017517273516,0.22943913544328254,-0.0028145479695298736,0.07032203674316406,1.0896622899457715,-11023600.0,-0.3175757279968176,1.122776639845957,0.7372260146167778,-0.22463623646220862,0.0006027271813451839,1.0444045758647413
VICI,2018-06-08,12.817775420170527,13.348386543644194,12.773025275438409,13.067099571228027,6319600.0,0.021261598175006072,0.044031291341243985,0.019451436999368445,0.0019989175895843074,12.780058479309082,12.649323415756225,12.603574934912839,0.033027549517108006,0.6016362667083737,0.013294369596604473,0.25060207151832475,0.012067251506056888,0.07093983811899711,64.96601659719457,0.242101389398373,0.007878164788448466,0.3771810531616211,1.5894865910019806,-4704000.0,-0.26021804400102766,0.7348879854598234,0.9999999891372483,-0.19798409476381326,0.0034081882666758133,1.070850623136878
VICI,2018-06-11,13.105457492837223,13.201350840378213,13.047921240442616,13.12463665008545,3007800.0,0.0043935362608400795,0.011690197909943535,0.0014634481290491865,0.0029354579721466664,12.8228910446167,12.698229122161866,12.653199860167373,0.03358007827874094,0.6222853660583496,0.013097121092865,0.2437523554707132,0.01204480618031574,0.0678493722953416,63.60425201731507,0.25385282098829975,0.015703677102700153,0.4283256530761719,0.7427592823302659,-1696200.0,-0.38432450356702447,1.0402087642927238,0.9999999872827121,-0.15429204910646663,0.0011664721852562446,1.0726690820343763
VICI,2018-06-12,13.099064506128984,13.210941094946396,13.041528253445762,13.169386863708496,3311800.0,0.0034038348529076617,0.012864140392708256,0.005368502273319466,-0.0019484077645912131,12.865084362030029,12.739783191680909,12.702360527171288,0.03372142724596123,0.6343042564392096,0.012797825347014255,0.24580731000150977,0.012057323631760087,0.06981418369080582,64.70594308042915,0.2637366910302408,0.02047003771571293,0.4219331741333008,0.8189092419686659,1615600.0,-0.29674189819764235,1.3409659384550021,0.9999999874860848,-0.15489481820706022,-0.00045579269336160305,1.0735860993976951
VICI,2018-06-13,13.17577991615664,13.246101054386076,13.118243663473418,13.169386863708496,5153400.0,0.0,0.009708682130449075,-0.0004852124495723539,0.0004854479949831396,12.906638240814209,12.779738712310792,12.746839225889117,0.03048952409507044,0.6444688415527349,0.012818928795181143,0.24535057639737318,0.01198236199547907,0.07018959766650062,62.77375918882456,0.26847491751859565,0.020166611363254233,0.4155387878417969,1.2741889821990848,1615600.0,-0.2626126580804485,1.2952856597908953,0.9999999872826659,-0.1556089552712645,-0.005562179674387875,1.0999905948749207
VICI,2018-06-14,13.201350840378213,13.262084228655894,13.086278335588997,13.12463665008545,5072000.0,-0.00340383485290757,0.013395105537321882,-0.005811086397167965,0.002427142356779076,12.98079605102539,12.807867574691773,12.782819932955434,0.02473238215076558,0.6419117069244393,0.012559231787433718,0.2495516730824646,0.01167729923684677,0.07204952067867233,62.318872696199065,0.26555784239830693,0.01379962899437237,0.7415781021118164,1.2317077316858758,-3456400.0,-0.09124893433500826,1.5664084058560397,0.9430896456881093,-0.15332449969559792,-0.00010976162923578439,1.0657561308921681
VICI,2018-06-15,13.10545520751711,13.271670883300285,13.079883002312071,13.118241310119629,8947200.0,-0.0004873962453448609,0.014619938485219456,0.0009756320860327487,-0.0014614837027289512,13.02171058654785,12.834078359603883,12.814764826018692,0.022141282182768042,0.6382037639617923,0.012574002998984573,0.2532048442117653,0.01159419070130486,0.07320120996466495,61.95647708944995,0.25973591491478665,0.006382161208681625,0.4091453552246094,2.046735065024191,-12403600.0,-0.05135345830114958,1.5383695965789315,0.9349564782102068,-0.14843665828153096,-0.000837773186436766,1.0675529493862006
VICI,2018-06-18,13.060707410790195,13.26528021173051,13.060707410790195,13.169386863708496,5838900.0,0.0038912310982524615,0.0155339654805088,0.008321100036933246,-0.004385793641793341,13.036414337158202,12.867321586608886,12.84853835341772,0.023475381031431687,0.6417839431762697,0.012388587134343943,0.25822778376055894,0.011548394517418114,0.0723726645969085,61.95653877648088,0.2562946094528513,0.0023526845973970145,0.14703750610351562,1.280846746551866,-6564700.0,-0.1775540334429919,1.8497966162426975,0.9999999872826659,-0.1277905785047286,-0.002662479728537627,1.017148319015361
VICI,2018-06-19,13.1054540288792,13.329205926900745,13.1054540288792,13.201347351074219,5068100.0,0.0024239372900269223,0.016949171328587004,0.007317054562452294,-0.004854655383044402,13.070935535430909,12.895769834518433,12.882139210337385,0.023695949949249177,0.6381399059295649,0.012260221517832815,0.26553403810545717,0.01152754276967738,0.07360865678375637,62.499900104583844,0.2532272482175131,-0.00057174131035298,0.3452119827270508,1.089591787374701,-1496600.0,-0.09084663888392057,2.0460160158564182,0.9999999877793758,-0.1214458159816025,-0.005442039105566546,0.9644425942049287
VICI,2018-06-20,13.214137640291897,13.43788960922391,13.169387490375522,13.386746406555176,5324700.0,0.013946246928196395,0.020057309722167405,0.013062431386893442,0.0009688624105960925,13.1323073387146,12.933807754516602,12.930197038548602,0.035019745200743656,0.6406332397460943,0.012515446914194012,0.2527481983921599,0.011747228004625717,0.07802461186436692,81.27492099868832,0.26272793260748095,0.007143154463691903,0.6137180328369141,1.1169648728843335,3828100.0,-0.23014224218835883,1.698708911184907,0.9999999900367432,-0.1141755360363571,-0.00020221218030578824,0.9597437247009447
VICI,2018-06-21,13.412317850025822,13.425103955961255,13.329210600145853,13.405924797058105,2542700.0,0.001431614909370123,0.00715305786561221,-0.0004766553431854599,0.0019102060122782696,13.193679332733154,12.968009853363037,12.975504444120936,0.033768862658714136,0.6390349769592287,0.012472252795638484,0.23356945816954003,0.011700362926959697,0.08264296984703069,76.84732973643484,0.2687073383365224,0.010498048154186645,0.6137199401855469,0.5296050404853029,6370800.0,-0.15320964520928043,1.7466101878857143,0.9999999902235509,-0.10905197261227358,-0.007597414591618372,0.8973106134037517
VICI,2018-06-22,13.482640594960548,13.482640594960548,13.322817924294208,13.412318229675293,2493700.0,0.0004767972854848726,0.011916110841504363,-0.005215770960440791,0.005722529334140226,13.228201198577882,13.00412983894348,13.017105757030874,0.031389135281424986,0.639226732254027,0.012424369013124452,0.217587182090922,0.011744375639634947,0.08520548932890243,69.67747027051999,0.27083988345168386,0.010104474615478476,0.3452186584472656,0.5144741633373461,8864500.0,-0.1911168778910298,1.8365807390097226,0.9999999902842791,-0.11285897451362797,0.002651414616302009,0.8752247892933825
VICI,2018-06-25,13.393139208363078,13.393139208363078,13.226923497966506,13.322816848754883,2902900.0,-0.006695437671179046,0.012476018569008943,-0.005250625601224497,-0.0014299557305299413,13.248019218444824,13.035455131530762,13.046221099099826,0.022044624780997245,0.636797485351563,0.012597986503667676,0.20685628095914158,0.011769963304633884,0.08462628783896144,75.524334000628,0.2622844752097784,0.0012392530988583617,0.1981801986694336,0.5928926006374377,5961600.0,-0.11319752607038465,1.547148004530527,0.9130429456802697,-0.10226869380043924,-0.011607188653272208,0.8681803793001781
VICI,2018-06-26,13.278069299945772,13.354783507859512,13.226926088219827,13.290855407714844,4620800.0,-0.0024018824683493473,0.009619954150239939,0.0009629493174225484,-0.0033587153015087147,13.26016607284546,13.062625217437745,13.06951960468221,0.01747200018970357,0.6312358283996584,0.012638500586846558,0.20183325500233426,0.011755580342630903,0.08349582569380931,80.00004420050675,0.25004289254173173,-0.008801863655350628,0.12146854400634766,0.9228329661946122,1340800.0,-0.03082095504100568,1.474641140393644,0.8819901012934487,-0.08503239982593255,0.0027961261432050506,0.9596485168775347
VICI,2018-06-27,13.27336977101944,13.364016779142402,13.195671453361996,13.260419845581055,4161100.0,-0.002292588598786054,0.012695323959633575,-0.0009756320860328048,-0.00131561409397734,13.269269371032715,13.087953805923462,13.08770058000591,0.013177463965340142,0.6249528217315667,0.012673207031211593,0.20198537114504664,0.011809185928258142,0.08127195348688739,76.77647574699517,0.23517450922655847,-0.018936197576419123,0.0910329818725586,0.8398415621767541,-2820300.0,0.0037372740438492633,1.4202293765855176,0.8524197582797527,-0.1170833203246261,-0.00806929714078284,1.2936116474051536
VICI,2018-06-28,13.292795128333289,13.32516870809898,13.130924759559019,13.253945350646973,2350000.0,-0.0004883763963309537,0.01465555677204295,-0.0029226191565616426,0.002441497564122976,13.282200241088868,13.13149814605713,13.103533415305058,0.009324694199237968,0.6384214210510262,0.010387118596483653,0.17476270545463063,0.010977338763069996,0.06390792020045558,65.41930446991566,0.22032895564612076,-0.02702540092548547,0.12930870056152344,0.5311274592896452,-5170300.0,1.1136463767856817,0.7332719253257386,0.774789718050808,0.27260432398654244,0.005098766659468665,0.8766332058548624
VICI,2018-06-29,13.279845436712812,13.448190771404647,13.072651558622223,13.364017486572266,1727000.0,0.008270562554251256,0.028100772328362646,0.006338330537097676,0.0019541416069423175,13.306777858734131,13.164244222640992,13.128341422092412,0.015175444982073986,0.6369725131988524,0.008985334169450796,0.1906276778008326,0.011177067812964724,0.05792598294352854,68.1784933683468,0.21496763584185707,-0.025909376583799326,0.24577617645263672,0.3962958840989432,-3443300.0,1.1002674294207087,1.5250072452612058,0.9244462399998785,-0.06459952991251683,0.0020891102202963314,0.5732095247256813
VICI,2018-07-02,13.31869213666913,13.435238985707048,13.253943749984423,13.402865409851074,1466900.0,0.002902687676076295,0.013526602721040105,0.006319935344867528,-0.003391596123596614,13.330125713348389,13.183270025253297,13.154486563783712,0.01665712559760441,0.6203871059417736,0.007335270359637362,0.19147642024526057,0.010867933505444627,0.059067748649918705,67.89065377397648,0.21141637761469667,-0.023568507848767795,0.23347854614257812,0.3604699452746221,-1976400.0,0.9220400771236043,2.4103362844588117,0.98521354658099,0.2859399904258958,0.0005609216507414652,0.3135532994852529
VICI,2018-07-03,13.525886703396855,13.564736478451643,13.389916195623565,13.506463050842285,1087900.0,0.0076997947364921895,0.012943453972368861,-0.0014360354319463671,0.00917873080000943,13.360637283325195,13.215786409378051,13.188008133979766,0.021994653398602685,0.6140696239471435,0.006641350114832203,0.19483091252493345,0.010440145694643837,0.057944245736489416,72.29006535980687,0.21448894862559875,-0.0163967494702926,0.3051156997680664,0.27960615087269297,-888500.0,1.3480447873201795,2.6243913427613097,0.9999999863655207,0.1710641937713848,-0.003537493100211285,0.26783685234052185
VICI,2018-07-05,13.577686327233508,13.597111216418647,13.474089388191963,13.590636253356934,1705700.0,0.006212729437396626,0.009051955032369913,0.0009537653036991619,0.0052732737003845735,13.381026268005371,13.256666803359986,13.226353669158543,0.02519256574452797,0.6137933444976813,0.006340242764999408,0.1910606221792039,0.010304862441356649,0.053950416577772144,79.2884029825697,0.22116658652846333,-0.0077752892539424134,0.2038898468017578,0.44171667929121267,817200.0,1.3912606683201392,2.8315272982764355,0.9999999874754425,0.17878579572514788,0.009253927005490036,0.5064965168148702
VICI,2018-07-06,13.61005914306948,13.674807529201404,13.529123969147763,13.661857604980469,3062500.0,0.005226788721569838,0.010663524995351397,0.00380589543120142,0.0014291376320036812,13.406619548797607,13.30014944076538,13.267830234474916,0.02719579699656914,0.6146948814392097,0.006344940535318697,0.18776745639816297,0.010257842011796135,0.04966132544346563,81.59229844095526,0.22955941251887246,0.0004940293891733671,0.2559328079223633,0.8041783135757116,3879700.0,1.293070332528819,2.617845970402278,0.99999998318644,0.30666445092908107,0.007305201731010146,0.4812819551092916
VICI,2018-07-09,13.681281743297939,13.739555169393524,13.642433204225144,13.668333053588867,1757800.0,0.0004738678050560427,0.007105618862782922,-0.0009464529677868085,0.0014217787126099988,13.432221031188964,13.330211114883422,13.305973360104817,0.025365085053148616,0.6016623783111559,0.0047044683110655985,0.18009239670016772,0.008433408400147434,0.05248348544670414,80.58422920210683,0.2340354867591028,0.003976082903522943,0.2560148239135742,0.49098570029984817,5637500.0,0.5442216236436603,0.9317182274546393,0.9999999818212144,0.3078433533125535,0.009297041747623297,0.2630429083116612
VICI,2018-07-10,13.713658298396071,13.73955691607945,13.616536320880744,13.687758445739746,1695900.0,0.0014201879253352531,0.008987636338439058,-0.0018886173253532359,0.003316076995599909,13.468715190887451,13.358367204666138,13.342333844451002,0.02465804660307216,0.5868471813201896,0.004680234248870429,0.17289730364139352,0.008373567409110034,0.055425186844023984,80.28120179868459,0.23642491538945087,0.005092409227096806,0.3649415969848633,0.48253688238892606,7333400.0,0.653011118297447,1.1163861631584877,0.999999982441266,0.30495163629031985,0.005159403911585799,0.24077889868797336
VICI,2018-07-11,13.623010563779996,13.694232684873398,13.474088888825682,13.571210861206055,1349300.0,-0.008551188668301802,0.016221382034303823,-0.0038023682306804465,-0.004730349546744283,13.496750736236573,13.378458404541016,13.36413165557053,0.014407673203933066,0.567960262298584,0.005233232716932533,0.16944313772705982,0.008476378692954211,0.055406344566518745,62.56047274262151,0.22630543061692698,-0.0040216604363416675,0.28035545349121094,0.39494500830546553,5984100.0,0.3578966242161553,0.7619153660477493,0.7953571803237128,0.2934376370682053,-0.010151815410544109,0.34778001441583983
VICI,2018-07-12,13.545310993216747,13.655382881069244,13.506462454849032,13.558260917663574,912700.0,-0.0009546772330542468,0.010983740991899587,0.0009560448226927018,-0.0019084419403830701,13.526534843444825,13.39790210723877,13.382620156722249,0.011968949253492797,0.5490683555603031,0.0052521057564784935,0.17323078561311764,0.008504166952845088,0.05451689141896987,60.46154007366617,0.21476503616079867,-0.012449643913976016,0.29784107208251953,0.2848280015853251,5071400.0,0.37965168976368857,0.7198237333351329,0.7726187190814617,0.302412564029364,0.00672602397345774,0.30489755522044676
VICI,2018-07-13,13.590633184346768,13.716891848106359,13.590633184346768,13.70718002319336,1259200.0,0.010923761453809628,0.009211133402053095,0.008575526781255968,0.0023876415183173745,13.571858310699463,13.427029275894165,13.413530620195687,0.020864685817149044,0.5325344181060796,0.005527924882860964,0.17314566131143508,0.008405437148806977,0.05457055892767449,66.93435046604586,0.2151555385390207,-0.00964731322860321,0.4532346725463867,0.41781833264205726,6330600.0,0.22752124872462062,0.23586129170477174,0.9999999830203047,0.2199162257174188,0.0021966582005764046,0.3271328242561201
VICI,2018-07-16,13.713654984792909,13.73307863461891,13.616533030744966,13.70718002319336,896100.0,0.0,0.008502522304131203,-0.00047215433133831087,0.0004723773663578629,13.606174564361572,13.456476211547852,13.441497230004988,0.01863071785690544,0.5160645294189461,0.005516574168737161,0.16822786646608914,0.008254705644068152,0.052970189841816,74.60392848247469,0.21300957272664078,-0.009434623232786515,0.34316253662109375,0.34317620859414943,6330600.0,0.2172284351837985,0.25991750158329713,0.9999999814054907,0.17745434887475153,-0.002510757860032276,0.32879166185545555
VICI,2018-07-17,13.707183762754383,13.758982234709665,13.564738273620605,13.564738273620605,1460000.0,-0.01044613314770021,0.014319772130569307,-0.01039203176956269,2.7281767782873446e-07,13.622361850738525,13.476243782043458,13.453234472254094,0.006566703081986615,0.49493761062622177,0.00617309806041536,0.17296976228390154,0.008211565371593437,0.04933102188163024,65.35938414210855,0.19753792635242817,-0.019925015685599318,0.16187286376953125,0.610304107012227,4870600.0,0.04367541089767939,0.05334007282198337,0.7184014307339593,0.19835377127915965,0.004213336248908347,0.27024149547417264
VICI,2018-07-18,13.551786157394364,13.61653454562064,13.376965879675254,13.428764343261719,2624800.0,-0.010074652584666301,0.01783996351574945,-0.009077904027102731,-0.0009548371641957441,13.614591979980469,13.487614631652832,13.45090398377863,-0.004363283649356573,0.4699235153198238,0.006681404693499396,0.1780571437242573,0.00824278864017972,0.04558619748093645,58.441537325595185,0.17231819840836415,-0.03611579490373068,-0.0776987075805664,1.1562562635319822,2245800.0,0.045903655646295276,-0.33295086404463914,0.3857140667889071,0.3624568769444125,0.0015317015280577606,0.2790044729657317
VICI,2018-07-19,13.435239810286312,13.525886816224649,13.312217991532261,13.448189735412598,3539800.0,0.0014455057278024753,0.01588829640986858,0.000963877482586573,0.0004822087020867625,13.600347328186036,13.490686798095703,13.450645483934245,-0.0031501037211170415,0.4394186782836922,0.005925710492510962,0.17944463487800202,0.008072771352690546,0.04512645175877374,59.61538461538462,0.15214501607780306,-0.04503118178743343,-0.14244651794433594,1.623136039324297,5785600.0,-0.22020058730103279,-0.32770772260552156,0.428573523266823,0.33235758118123654,-0.0017120330736544165,0.29101030180528736
VICI,2018-07-20,13.512937128875043,13.532360780158259,13.33811685748966,13.42228889465332,1076100.0,-0.0019278293578335274,0.014471743544871489,-0.006708255456026772,0.004814580604254013,13.57639045715332,13.491505002975464,13.44794485638368,-0.005130347452480508,0.413315019607543,0.005937880435392476,0.1664949712984431,0.008246976078919784,0.044994359575327415,53.146745825419515,0.13253980597388626,-0.05170911351308019,-0.23956871032714844,0.5106025594184607,4709500.0,-0.1278800420195448,-0.3772363236138973,0.3714268799125239,0.3268000853409201,-0.0016511863483930553,0.342472656931798
VICI,2018-07-23,13.454663491553639,13.4740871425286,13.279843222942663,13.338116645812988,1302800.0,-0.006290825922077759,0.01456306949054252,-0.008662189568235164,0.002412002688544024,13.543368816375732,13.48779492378235,13.437485026805518,-0.011097312704943407,0.38730734825134405,0.006103414203433878,0.16741987728867955,0.008321707044265853,0.04587173615106654,46.66664048185294,0.10895457813912479,-0.060235473078273316,-0.3302164077758789,0.6361436840961637,3406700.0,0.0008732640545241364,-0.6469267926210301,0.18571238788064512,0.35014043227290925,-0.001185268180689731,0.3593018144288124
VICI,2018-07-24,13.376966704580786,13.402866555457553,13.260419845581055,13.260419845581055,1147200.0,-0.00584220272782488,0.010742247344752659,-0.008712502735005035,0.0029127094776152927,13.500634956359864,13.484675073623658,13.420621676212713,-0.016630376840243738,0.3619095516204833,0.006059306461127978,0.16510747922070962,0.00827630678357505,0.04709209886048552,36.98628893217909,0.08303644032257118,-0.06892288871586152,-0.4273386001586914,0.5852523747819078,2259500.0,0.001597024094601832,-0.6014940408813038,0.014285082725149554,0.3749172159583184,0.003644723200191755,0.2832097802678123
VICI,2018-07-25,13.273370123702136,13.37049209712489,13.215096692653907,13.31221866607666,1300300.0,0.0038986633625315305,0.01167314092180406,0.0029268032167017056,0.000976611470216558,13.474735736846924,13.485743236541747,13.41029758000928,-0.012867260441003727,0.3434994506835931,0.00610368444198756,0.1674198775238739,0.008324234525400417,0.04670092921069146,34.75173822934599,0.06591602241098471,-0.0688346453019584,-0.25899219512939453,0.7247422881523614,3559800.0,-0.15006758633548048,-0.6558159301750964,0.1285720569800469,0.32469271674714023,0.009620077522468488,0.31158536433852607
VICI,2018-07-26,13.27984475185156,13.43524015240553,13.253944900939464,13.273369789123535,804900.0,-0.0029225536737928813,0.013658570080268774,-0.000487578194550919,-0.0024318947154615715,13.44624662399292,13.486390733718872,13.39725683802016,-0.015795252325200633,0.3260850811004641,0.00611822217627601,0.16996356976761856,0.008350052448766432,0.04641643443610568,27.941270437785846,0.04865235412033719,-0.06887865087408475,-0.28489112854003906,0.4949134408750911,2754900.0,-0.13541422660159266,-0.6841857048166827,0.0428573523266823,0.3015678655258509,0.005026314311372731,0.3068581391459549
VICI,2018-07-27,13.253946091638278,13.328406317240557,13.105025640433718,13.156824111938477,746900.0,-0.00881918861526445,0.016978312920071913,-0.007327778386021547,-0.001463358423207121,13.391211032867432,13.481534671783447,13.374358483155238,-0.024085578367022412,0.30933372497558587,0.006430780927996649,0.1789820491703656,0.008425340801665737,0.04905865697617595,24.183070714538758,0.02527515424116089,-0.07380468060260885,-0.5503559112548828,0.48305835634689137,2008000.0,-0.053620264635800746,-0.9926500562947086,0.0,0.3449827360738589,-0.003891082432826802,0.3947167603521859
VICI,2018-07-30,13.169774869986096,13.302508538782531,13.111501431492728,13.21509838104248,706400.0,0.0044194247853749265,0.014453703013199592,0.003441479562393795,0.00098433770471005,13.342002868652344,13.474088716506959,13.359190854382595,-0.019221361897906464,0.2894663143157974,0.006210951807369161,0.18383822860544388,0.007764847526866525,0.051667043635433646,27.044086913990128,0.011320307948208708,-0.07020762151644883,-0.4920816421508789,0.4724577971588325,2714400.0,-0.08699946149055247,-0.8808035319707953,0.10588469543696562,0.23684966095091672,-0.0033472142701052453,0.32444303662456586
VICI,2018-07-31,13.55178678384563,13.55178678384563,13.14711088244065,13.176247596740723,2481200.0,-0.002944208484012381,0.030712530136810783,-0.027711414966517026,0.025477555527406506,13.303153800964356,13.46275782585144,13.341767686988131,-0.021281689295528695,0.2647009181976312,0.006177593449820128,0.19701909327381983,0.008575471824190396,0.055232608060713104,29.251738168978378,-0.0028411904073557537,-0.06749529589761064,-0.3884906768798828,1.6050456861001052,233200.0,0.05585379526713617,-0.8336815108848723,0.035292588036407474,0.18577390868626872,0.007422796832758737,0.29650032669650017
VICI,2018-08-01,13.137397105772108,13.23451906069713,12.917253349289968,12.949626922607422,2346500.0,-0.017348805528485084,0.024499988555908122,-0.01429279952892541,-0.002948524660254958,13.255240058898925,13.434916019439697,13.304420947523301,-0.036121483463691526,0.23051422119140597,0.0068383487336672695,0.20904375650145912,0.00900677714092831,0.06488830884204554,23.888884797513754,-0.03198200568337839,-0.07730888893890661,-0.4791374206542969,1.4585359941074276,-2113300.0,-0.260515152379447,-0.05542771766522381,0.0,0.11760482062281712,-0.004954139349045328,0.5659230835604527
VICI,2018-08-02,12.92372799528294,12.9690527301132,12.677685609639559,12.72300910949707,4717200.0,-0.017654883518621413,0.02290080262979223,-0.015531036080234012,-0.0019999747853173726,13.182721996307373,13.391534662246704,13.249048391520803,-0.04992150411515827,0.18519244194030726,0.007359183885672091,0.21852491293223458,0.009430979916453372,0.07954288594671582,10.416813700370383,-0.07252643572686068,-0.09428265518591114,-0.7251806259155273,2.6811717764212393,-6830500.0,-0.2888512273027086,-0.1123678577738799,0.0,0.269457989945151,0.002865692859300854,0.4742139868828379
VICI,2018-08-03,12.787759229556132,12.949629599550514,12.49639206957708,12.651788711547852,2626800.0,-0.005613489847038318,0.03582398823652055,-0.010632865036590135,0.005089214312573967,13.105671977996826,13.341031217575074,13.192166517237666,-0.05166336055935726,0.1360908794403084,0.0070940022322498264,0.24257433622505534,0.01047686760893488,0.09152643482970634,9.852376516068361,-0.10914690199930455,-0.104722497166684,-0.7705001831054688,1.511744681585755,-9457300.0,-0.1702573607327134,0.1685213095045563,0.0,0.2392059702844137,0.0058771518608591936,0.3768310869206612
VICI,2018-08-06,12.658261097282395,12.833081374731787,12.642074308993996,12.787757873535156,2844800.0,0.01068969183793391,0.014936712723744082,0.010230218452403619,0.000511578708916931,13.050636100769044,13.297002458572388,13.153651408313618,-0.03829769804313521,0.090105333328248,0.0077610074588985575,0.24234312941425046,0.010626032625008875,0.09589430973248735,20.29699974260801,-0.1257477683277397,-0.09705869079609533,-0.550358772277832,1.5875487249887692,-6612500.0,0.025015707510830255,-0.10808543787764327,0.12883293542276725,0.1739809715055598,0.0028611273280398784,0.39747269516439987
VICI,2018-08-07,12.781281872401873,12.904303676345883,12.716533489538044,12.858980178833008,2521400.0,0.00555411672567441,0.0146022611588534,0.006079069940465475,-0.000506421938648473,13.010492134094239,13.255563545227051,13.125587481696417,-0.029918257721818397,0.0454130363464369,0.007946905019301653,0.2386432380472828,0.010739104289840826,0.0963143252467422,27.083307762175963,-0.13163957066012877,-0.08236039450278751,-0.4014396667480469,1.3753941152725806,-4091100.0,0.0052311173681122295,-0.32142897217261807,0.19631719821432184,0.29108841922508766,0.003205233318074568,0.40444187181023666
VICI,2018-08-08,12.904304993029456,13.16329731593823,12.820131716226097,13.124448776245117,2219900.0,0.020434395731932318,0.026147048578013678,0.01705971637640128,0.0035247596283767913,12.991715145111083,13.233225440979004,13.125479033558198,-0.008219966116275805,0.015535030364990376,0.009434503296090163,0.24789300769155037,0.011098453516687926,0.09414540148266876,39.130426429687994,-0.11357850693143412,-0.05143946461927428,-0.18776988983154297,1.1828426801651792,-1871200.0,0.4256788247501969,0.4427330564442342,0.4478529006286694,0.3841694545276079,-0.0019296948691591845,0.09839211313111555
VICI,2018-08-09,13.092068945167439,13.169767229740772,12.94314857095525,13.027321815490723,767800.0,-0.007427979455078808,0.01739564447667603,-0.004945523121509048,-0.002467138363653411,12.967110347747802,13.206678485870361,13.116130727075582,-0.013580755416400081,-0.016481399536132812,0.009519925001309552,0.2502054888427591,0.011244569436353994,0.0923340981389521,37.34431465445324,-0.10588177857817449,-0.03499418901281172,-0.2460479736328125,0.41069694919243327,-2639000.0,0.514178826507662,0.38805153181630375,0.3558235663311696,0.24935996370117544,-0.004073638712458838,0.1778096962164573
VICI,2018-08-10,12.904307433887222,13.066177820694694,12.897832470218159,13.0467529296875,908300.0,0.0014904550196923275,0.012903237409629368,0.011038600601393776,-0.00944279901470036,12.956103229522705,13.173657131195068,13.109523317800527,-0.009633179324749538,-0.0627766418457032,0.009066903421854887,0.2483555910492305,0.011310652431740007,0.0858553260674989,40.259904217625305,-0.09709488795433074,-0.02096583871117437,-0.11007118225097656,0.4904533575239206,-1730700.0,0.6031853033411323,1.0693702371869298,0.3742348549198245,0.2241481265382763,-0.006442829593663786,0.03918833456315412
VICI,2018-08-13,13.072647170555502,13.117970661802566,12.936675461841798,13.001423835754395,1302200.0,-0.0034804078687058282,0.013944257356044334,-0.005448271790087716,0.001984726851773248,12.934735774993896,13.13836932182312,13.099228129034227,-0.010423324441128028,-0.10391100883483873,0.009051226638136362,0.2511304831981069,0.011406737100236583,0.07775195383055045,41.15042488726915,-0.09272007358610601,-0.01327281947435971,-0.21367454528808594,0.6955212002574422,-3032900.0,0.6690909980267166,1.1614405426629297,0.3829730961073063,0.23879871297472696,-0.0035097249011240175,0.06949299434390664
VICI,2018-08-14,13.130927341042845,13.28632277741947,12.98848059813441,13.01438045501709,1853000.0,0.000996057641663155,0.022885621049309322,-0.008875754392568243,0.009960717143326362,12.918549060821533,13.110851430892945,13.091147398175451,-0.007358101522570946,-0.13126952171325712,0.008892112882306033,0.26130525282768374,0.01165066126855038,0.07198127323269572,39.545738773684825,-0.08720229699077464,-0.006204034303222666,-0.1618671417236328,0.9794308940940792,-1179900.0,0.5351016294089722,1.2632830742767072,0.45528788644292206,0.2019477155826244,0.0048106518564738805,0.17514268130183536
VICI,2018-08-15,13.001429518224484,13.21509838104248,12.994954554505993,13.21509838104248,1237100.0,0.015305057745045685,0.01665850833560887,0.01643425921114989,-0.0009951251108241221,12.945096206665038,13.100168132781983,13.102952253686597,0.00877318879388236,-0.14913208007812528,0.009488788866107085,0.26408015104699956,0.011625184770851681,0.06881818982830379,48.16335118822179,-0.06587380787285291,0.012099563851759254,0.2654714584350586,0.6787816935798039,57200.0,0.3895046555258668,0.5485978331933352,0.7073191087673758,0.23374862915747288,-0.006659746040078398,-0.09518589466181804
VICI,2018-08-16,13.266896009173992,13.415816460276588,13.156824102930123,13.383442878723145,2095200.0,0.012658344222870675,0.019351698938261084,0.008784788052047797,0.0039195794566173866,13.011139583587646,13.09693078994751,13.129665646547222,0.021876277226382315,-0.16457771301269375,0.00995160327619054,0.2666238425141157,0.011722861544265656,0.0673541925248615,56.91691044841287,-0.03498356378744205,0.03439184634973609,0.6604337692260742,1.1970519339541792,2152400.0,0.2935967107162512,-0.024945072625428298,0.9495833663926695,0.32962463393074337,0.009057192630144966,0.14480062321004253
VICI,2018-08-17,13.383442878723145,13.525888366520457,13.357543025502011,13.383442878723145,1596900.0,0.0,0.01257862737891455,0.0,0.0,13.084305000305175,13.094988489151001,13.153834906754454,0.022027845981775644,-0.17834477424621475,0.009943279580595933,0.26500514492330446,0.011682658972916829,0.06648938351816784,55.32777583271964,-0.010383132509273807,0.04719382210232347,0.731654167175293,0.898983302746096,2152400.0,0.26236027281919416,-0.026556802479993147,0.9999999863323407,0.31215798434410197,0.0033878364769610817,0.13666396110579918
VICI,2018-08-20,13.344594068386998,13.477327726072268,13.143873914835263,13.24747085571289,1299600.0,-0.010211681502431446,0.0251711300118245,-0.007278094198772963,-0.002902751607951929,13.130276298522949,13.090456199645995,13.162752616179066,0.01199459007938481,-0.1864844894409181,0.010107012959402601,0.2599178527684491,0.012000036583619561,0.06515868338629663,52.12353543642473,-0.0018377351097118577,0.044591375601508346,0.4597129821777344,0.7316825997365132,852800.0,0.2695752388021826,-0.16522838910009371,0.814158058202848,0.2899455791974589,0.0035447048349783817,0.06271518279134126
VICI,2018-08-21,13.2150975377047,13.46761493174588,13.18919891945654,13.383442878723145,1275800.0,0.010211681502431472,0.02080301868601854,0.012738864812622762,-0.0024437357410172686,13.182722568511963,13.096607351303101,13.18377073642136,0.02190151385973282,-0.18550946235656696,0.010282245113907953,0.25714287426003324,0.012239751562974811,0.06721288860906283,63.67341246008944,0.015725090729620916,0.049723361152672896,0.5244626998901367,0.7156921592496396,2128600.0,0.06706871681201373,-0.39160454168759795,0.9999999863323407,0.23645846513826907,0.002789179452208775,0.12016611706355854
VICI,2018-08-22,13.376966270271057,13.409339847843082,13.279844302582159,13.292794227600098,1291200.0,-0.006796235891467689,0.009741785138902457,-0.00629231179703448,-0.0004839269320142141,13.199557113647462,13.095636129379272,13.19415392605743,0.015055251709270759,-0.1889488315582284,0.010373593836874435,0.24558061888769625,0.01220840576139308,0.06692437643115813,69.64262348331474,0.02207470472236217,0.04485838011633132,0.16834545135498047,0.7245161055014856,837400.0,0.21474888811975246,-0.4514849344679018,0.8761044986129712,0.19971476971059662,-0.0006997361276437251,0.09534369170980952
VICI,2018-08-23,13.279841225681796,13.435236584973948,13.273366264673056,13.396388053894043,1076300.0,0.007763021395959147,0.012083131635906871,0.008776221509851917,-0.0009744378568207224,13.236463737487792,13.101787042617797,13.213414319184727,0.02248555943688909,-0.18733794212341337,0.010492024786948778,0.22476867533965755,0.012180567518754539,0.06899072519868824,75.10868104084246,0.03506180490853161,0.04627638424200062,0.3690662384033203,0.5993679433098053,1913700.0,0.0626480470933267,-0.6040073988598874,0.9999999865699587,0.15984041569046695,-0.0009973332200883607,0.10339018283029316
VICI,2018-08-24,13.409339137044062,13.480562485894515,13.35754067469085,13.402865409851074,956400.0,0.0004833982477852042,0.009178769422935851,-0.00048277749759525297,0.0009667593307925167,13.272074985504151,13.114089107513427,13.23145728020057,0.022020309605201543,-0.1806004524230964,0.0102620914595814,0.21991258573007716,0.012030387889842047,0.07186796682092907,72.72686270654555,0.04535403082978107,0.04525488813060005,0.3561124801635742,0.5295094673901007,2870100.0,-0.04016692439812445,-0.3883938759287598,0.9999999866857806,0.17677483500017935,0.0069479460842331335,-0.005219992548414673
VICI,2018-08-27,13.42876421431757,13.48056267740666,13.402865600259412,13.474087715148926,2284500.0,0.005299891820272317,0.005766407254414153,0.0033751058629083158,0.0019323333984581678,13.319341373443603,13.12703857421875,13.254564940671841,0.02643773300184963,-0.17476791381835888,0.01027964928108269,0.21205023435491618,0.011897924807541363,0.07564328122967144,72.72686270654555,0.05858243696472165,0.04678663541243251,0.47266387939453125,1.2118688348924862,5154600.0,-0.05212943000281745,-0.4075393447939325,0.9999999878389736,0.18330566740992127,0.007797370832667516,0.09104189698042368
VICI,2018-08-28,13.506465772029882,13.590637831661338,13.444954233286635,13.551789283752441,2949700.0,0.005750176595839268,0.010750137515004471,0.003355689970089604,0.002402986945420708,13.373082256317138,13.145815658569337,13.282872020965232,0.03088234581461391,-0.16363887786865128,0.010287434504535141,0.1979443771165283,0.011273010817230065,0.08086131826924514,68.33302103167557,0.07447738243523006,0.05014526470635273,0.5374088287353516,1.5455350452966419,8104300.0,-0.18407687514834284,-0.3915867123785042,0.9999999888888961,0.16934336891529592,0.00048226725122770637,0.1486002260155553
VICI,2018-08-29,13.597110375894617,13.603585338556071,13.499988405918511,13.53236198425293,1395000.0,-0.0014345882681813373,0.007655495231217674,-0.004761922927129852,0.003344288432562376,13.404808616638183,13.174952411651612,13.306632969849774,0.02712795928471313,-0.14112241744995124,0.00934341506348033,0.18915711096310237,0.01084052263142126,0.08345927150205625,73.21395538450074,0.08453218610663527,0.04816005470220635,0.3172636032104492,0.749615116969513,6709300.0,-0.06386489769002078,-0.09291139077450794,0.9784141145198776,-0.06839021403704773,0.0033362052198451344,-0.1686254928325277
VICI,2018-08-30,13.499989240927295,13.525887858202154,13.357542523510318,13.364017486572266,1074700.0,-0.012518167824006582,0.012596910686549424,-0.01007198983113337,-0.002392246332407108,13.402866077423095,13.20700283050537,13.312098161918584,0.011888742516525002,-0.1086174201965342,0.008835342722716556,0.18961954741067924,0.010537295263255924,0.0775819689206106,62.826982484334295,0.07801736083640876,0.03331618354558387,-0.019425392150878906,0.6401481984477285,5634600.0,0.21315073931758172,-0.5164880132493707,0.7913647936535544,-0.15685008146506063,-0.00526353676811684,0.14632740720352558
VICI,2018-08-31,13.364018081005828,13.551788313235553,13.364018081005828,13.538838386535645,1248200.0,0.012996639581266359,0.013869006104427902,0.013081417914144227,4.448015445402375e-08,13.418405628204345,13.251355314254761,13.333692469024971,0.021694616547760354,-0.06692320823669462,0.008921404605532405,0.1900820921751449,0.00957367148174221,0.06956881635390601,69.66823122736577,0.08596989304814073,0.03301497260585268,0.1553955078125,0.775327660103112,6882800.0,-0.0019249283817918987,-0.6267688123385057,0.9830492478789501,-0.207538972924449,0.000641455760241418,0.24414071661541242
VICI,2018-09-04,13.499990808216221,13.600349659895295,13.435242405052678,13.551789283752441,1364300.0,0.0009561165109215427,0.012183428430411628,0.0038369267262533934,-0.002869343529357508,13.4488374710083,13.289556884765625,13.35446359423711,0.019732215397446698,-0.03151105880737326,0.008766130082350691,0.18060102614354193,0.009502118268005413,0.06386287686828652,69.66810418845171,0.09225391557834861,0.03143919610884844,0.3043184280395508,0.8882884349312281,8247100.0,0.1490144450826944,-0.4340215616807921,0.9999999855660097,-0.23254490753754553,-0.0005974827629152747,0.21622007707803978
VICI,2018-09-05,13.538836946914383,13.587398549388862,13.419053225109614,13.53236198425293,1161200.0,-0.0014345882681813373,0.012440202565904175,-0.0004782510260550284,-0.0009557658082528666,13.46372938156128,13.323225975036621,13.37140629804814,0.015697099907196744,-0.002032871246337109,0.008795472092514639,0.17690113312516761,0.00944556251436257,0.057883309454514385,63.387744162593435,0.09457621229489277,0.027009194260314076,0.14891910552978516,0.7910809236544233,7085900.0,0.2715457905745194,-0.4310404014682827,0.9647010741368498,-0.2967810698411636,0.0005309616903590271,0.20410800041865265
VICI,2018-09-06,13.525886178238016,13.598405014540964,13.467612752891194,13.474087715148926,2385800.0,-0.004315588327658036,0.00970694746945428,-0.0038295799925057534,-0.00047854218077000344,13.481858730316162,13.340707921981812,13.381185480629167,0.0099979546773032,0.011784429550171893,0.007814984469573004,0.16774398343254657,0.008849824743618838,0.056863975758943676,54.21669429055122,0.09066922429762236,0.018481765010434928,0.18129348754882812,1.6162204639063515,4700100.0,0.1629190332064874,-0.6477328657739486,0.8588182134719083,-0.17187523826424242,-0.004021125159466709,0.38176281487784774
VICI,2018-09-07,13.467616112830253,13.51294085994213,13.425530700114562,13.493515968322754,2018700.0,0.001440858947874912,0.006477937998722609,0.00192312100935418,-0.00048029985075698906,13.491571521759033,13.364017629623413,13.391883622314271,0.009690075416563904,0.03043221473693869,0.0075394866181374715,0.1619628990617696,0.00858171331930215,0.05308509331025761,55.02956207687535,0.08812475846408319,0.012749839341516606,0.09712791442871094,1.3119473843264304,6718800.0,0.07698640184026388,-0.3827574214622573,0.8941188539672227,-0.17618002810617897,-0.0016478267411135295,0.29255494866129195
VICI,2018-09-10,13.564738604403175,13.648910660268212,13.551788677355319,13.60358715057373,4019600.0,0.008124247613482538,0.007139439166881629,0.002863936217535755,0.0052782859743614975,13.5116436958313,13.391859340667725,13.412045863100886,0.01581018770582818,0.05128108978271584,0.007671931457076034,0.14924439054094485,0.008457709662201688,0.05030290081300975,66.66648813620446,0.0939075674810308,0.014826118686771361,0.20072174072265625,2.3724671982623784,10738400.0,-0.03834651070851732,-0.5681097408807714,0.9999999833932097,-0.17936331912151574,0.005856454654354564,0.39130499198546864
VICI,2018-09-11,13.597108333858605,13.629481907331106,13.480561493401334,13.577683448791504,2564300.0,-0.0019059969643065422,0.01096802812434307,-0.0014286041259766041,-0.00047625796368364846,13.522003269195556,13.42067232131958,13.427820871261897,0.011699199839824823,0.07582075119018583,0.007619527052452358,0.13999470494383295,0.00837955071975061,0.043481347372965176,60.134727648724876,0.09530169443212344,0.012976196510291194,0.10359573364257812,1.4591649477203215,8174100.0,-0.05896031249781381,-0.498768424573064,0.9560362916139004,-0.20791056836571986,-0.00028221290097527334,0.3548251934826049
VICI,2018-09-12,13.558259798697069,13.713655174315877,13.532359951940935,13.577683448791504,2363000.0,0.0,0.013352441383590982,0.00143260642463139,-0.0014305569994831292,13.524592685699464,13.4488374710083,13.442093497693287,0.00958045467208281,0.10048954010009759,0.007631049288211154,0.1436946818805486,0.008008800625621116,0.03398640687557027,66.41741500785895,0.09530789994158795,0.010385921615804553,0.0258941650390625,1.3253873659117998,8174100.0,-0.0380976170628054,-0.5182173737714271,0.9333218534304081,-0.19982561898858553,0.003059668619363859,0.3654523207642983
VICI,2018-09-13,13.629483279543283,13.713656555002592,13.613296491177351,13.668333053588867,3210800.0,0.0066541792831918,0.007342524024821673,0.0028504216373260644,0.0038150713225229738,13.538189792633057,13.47149920463562,13.463640122064295,0.014611131690934252,0.11991387367248585,0.007059503260280672,0.141844880874134,0.007747562027276869,0.03276549987119841,65.90881449470385,0.10145793939931558,0.013228768858825748,0.1359710693359375,1.7064563447352197,11384900.0,-0.214710430855796,-0.4027251739494732,0.9999999762392541,-0.42213006571039485,0.004277037664518646,0.9048416611551277
VICI,2018-09-14,13.700708288855028,13.823730118279494,13.610061275054337,13.771931648254395,4007300.0,0.007550881015215884,0.015514805670142878,0.005198516594744543,0.002368630844685166,13.57898120880127,13.490923643112183,13.493001219796685,0.020829411875419004,0.1357124042510982,0.006721498613456332,0.14831966887566914,0.007586022592017059,0.03764722326348375,69.38738908438003,0.11338440590618859,0.020124188292559006,0.4079141616821289,2.026790884928673,15392200.0,-0.3401010214691472,-0.2806860178222544,0.9999999809327981,-0.3794213098997335,0.0023560540659792466,0.7688614279947197
VICI,2018-09-17,13.817255733497332,14.08919802125491,13.78488215149145,13.933802604675293,4252900.0,0.011685147687965908,0.021840116326992554,0.0084348783453009,0.003291047792027195,13.618477630615235,13.51844162940979,13.534982304070837,0.030725507173983202,0.1577914905548088,0.007091407705674939,0.1654317478360213,0.00795723667624241,0.04682256168109486,72.04933089868521,0.1343491564633137,0.03287115107974728,0.39496421813964844,2.0156258516136525,19645100.0,-0.3867943331871009,-0.48600854761993495,0.9999999854297869,-0.33099398411129494,-0.0028072205773912316,0.5563789526118513
VICI,2018-09-18,13.953225655919063,14.082722448283258,13.940276964660995,13.985600471496582,3466100.0,0.0037105325002542186,0.010185153216165033,0.002320238801827559,0.0013939519451246372,13.661858749389648,13.555348110198974,13.577898320016146,0.03174041402698382,0.188352622985839,0.006488048283010927,0.16566290820982577,0.007339111513046919,0.052146427794397064,71.33710338047143,0.15337550987742254,0.041518003595084896,0.4338111877441406,1.5625098611993924,23111200.0,-0.47308161042033414,0.0708221038846614,0.99999998556595,-0.21717070199754768,0.003461754800626723,0.6925817422864189
VICI,2018-09-19,13.985600572335548,14.121571093822682,13.888478594848603,13.914377212524414,6841400.0,-0.005105625136756895,0.016751917488931598,-0.0050926207596703535,7.210199220804971e-09,13.700060272216797,13.581894826889037,13.609943928826457,0.024479823314279964,0.21036696434020996,0.006458723146824276,0.17491259151957714,0.007140637745253996,0.0556581357278628,67.87856011740152,0.1608527004704392,0.03919615535048124,0.3820152282714844,2.740319718653993,16269800.0,-0.2780485798779397,-0.12076064931057717,0.8971959785703525,-0.14464417021089007,-0.00010338899101867659,0.6821215877440265
VICI,2018-09-20,13.96617197766069,13.985596861993887,13.830201492246164,13.869050025939941,5194800.0,-0.003262896719692767,0.011204471067382357,-0.006954085333912362,0.003722391907677662,13.739556503295898,13.61070761680603,13.634620699980122,0.018980821306815762,0.2332229709625242,0.0062528937075914505,0.17352515644851366,0.007179266686183826,0.054810170719916666,76.71157561297937,0.16126197507680118,0.031684343965474565,0.3949623107910156,1.9298969072164949,11075000.0,-0.2745615395343504,0.14314889978312745,0.8124941375353555,-0.01814898228759864,0.007156203172406475,0.4178554497835417
VICI,2018-09-21,13.920850884856668,13.946750735103825,13.80430402869012,13.875527381896973,14810800.0,0.000466927715603668,0.010266039084002705,-0.0032557997592660565,0.003734996904607068,13.77775764465332,13.634664583206177,13.657564193496011,0.017665472973018053,0.2508346080780033,0.0061175777902209485,0.17028771928782913,0.007126910934550723,0.055237817504844744,71.66594660408668,0.1602616006700739,0.02454717564699782,0.38201141357421875,4.383871421277352,25885800.0,-0.1406258335742694,0.3565975226181962,0.822914879431327,0.0031495736595259084,0.0011004000848258099,0.48918618225197463
VICI,2018-09-24,13.927327058329697,13.956463774904623,13.648909818829926,13.771931648254395,4303500.0,-0.007494086047374146,0.022331940350116385,-0.011157590356317708,0.003733168117293014,13.794592094421386,13.653117895126343,13.668456332044428,0.008702316499476202,0.2679928874969484,0.006454953372928741,0.18046248366154913,0.007630960197851702,0.053428423567025124,62.686196405332204,0.1493874413922338,0.010938413095326172,0.16834449768066406,1.2136791667959266,21582300.0,-0.08537397090194972,-0.14992624157505513,0.6562505168465818,0.02667176249106663,-0.004219335431322438,0.7111785470051818
VICI,2018-09-25,13.810778112156926,13.901425112306377,13.758979649932561,13.791353225708008,3734300.0,0.0014092355651079411,0.010328606630732085,-0.00140650195746899,0.002820698279275566,13.815959072113037,13.668981170654297,13.680160798107625,0.008952536661359208,0.28217269897460895,0.006388378996777969,0.1786124935254469,0.007716352035143824,0.05260187293176429,64.92504830806365,0.14071467957379014,0.001812521021505975,0.2136697769165039,1.0320535497136794,25316600.0,0.0001395722741713629,-0.024488510255994175,0.6874958655967967,-0.0017178454503742463,-0.0010398902961647823,0.7285613396082745
VICI,2018-09-26,13.784878924022358,13.914374456699944,13.629482308852932,13.65538215637207,3667700.0,-0.00990807684759484,0.020862993403232707,-0.009394117160116582,-0.00046944644080184467,13.823728942871094,13.674160814285278,13.677800927466144,-0.001373295090517712,0.2855394649505616,0.006743997736789102,0.18961962825382134,0.008072494389683512,0.05197523124462015,59.588885627037186,0.12146949963141473,-0.013946127136695546,0.0776987075805664,1.0036888857266393,21648900.0,0.11301004936212139,-0.25141593397982875,0.4687462047369572,0.006331036573240511,-0.004168134538290254,0.8746329296919555
VICI,2018-09-27,13.84443986451657,13.975729504883544,13.713150224149596,13.88382625579834,2877600.0,0.016590842847413745,0.018912602037517358,0.0028449248699990897,0.013844922535271463,13.845278263092041,13.691734027862548,13.697422387307306,0.014029795462348733,0.29401144027709947,0.007646287225292966,0.2062579988741003,0.008402311579178713,0.05266781246425069,66.90603143025677,0.12323056031875623,-0.009748053159483239,0.21549320220947266,0.7718159507556962,24526500.0,0.24981334378593606,-0.3112013753486098,0.8362660714187746,-0.212255976590787,0.002076309459323319,1.048937022960467
VICI,2018-09-28,13.870696625568979,14.20548407160568,13.854285734032729,14.19235610961914,3287500.0,0.02197893359730964,0.024745597902163664,0.023189857923734063,-0.0009456780852380624,13.887320709228515,13.733150959014893,13.744558932289385,0.03343771229011436,0.32054504394531236,0.00826849329635111,0.22024397356177833,0.008892209010508903,0.05695184237070029,71.76094887294902,0.1478180399618516,0.011871541186889711,0.4204244613647461,0.8563450282496178,27814000.0,0.7030700514661526,0.1315885826463397,0.9999999860776279,0.2574812971911884,0.00021066257478578564,0.7687250488031078
VICI,2018-10-01,14.212048041785923,14.257999036856644,13.9363408192909,13.94290542602539,3308500.0,-0.017732710241219238,0.023069669321958333,-0.018937637627540107,0.001387502682055462,13.888230991363525,13.75335431098938,13.763449074549957,0.013782173479276485,0.33033606529235904,0.009108778799533042,0.23258238810720488,0.009216846772229578,0.056792823184964834,61.58436135567667,0.14549799894013837,0.007641200132141174,0.009102821350097656,0.8392937096731232,24505500.0,0.335751838933704,0.7886248994941532,0.6527054621346716,-0.0809053485456667,0.004609860083282852,0.3425050750593932
VICI,2018-10-02,13.929780204166308,14.198922897050286,13.873982909040368,14.126714706420898,1614300.0,0.013096857519666164,0.023001808613167907,0.014137660420204525,-0.0009413548652911025,13.902342414855957,13.782100582122803,13.798045801394808,0.025004470272485545,0.3433103752136226,0.009472637500003735,0.24284272850970318,0.009587761005209198,0.05980465574911464,65.59599798230343,0.15668505470749494,0.015062604719598194,0.1411142349243164,0.40821796912635083,26119800.0,0.19251629722206753,0.23182994024254872,0.908611581980056,-0.205316261339821,0.0004492154127216363,0.3195534298574029
VICI,2018-10-03,14.14640359167937,14.231742229359913,13.965881284068479,13.982292175292969,2753400.0,-0.010275980407337116,0.019014117424982498,-0.01160092848495628,0.0013937341885670218,13.909133911132812,13.804597091674804,13.815593075099395,0.012872167324994084,0.35136943817138544,0.009842953988733636,0.2521204313011565,0.009774203856095082,0.05849539296132729,58.654065552292415,0.15214337164655944,0.008416737326930157,0.06791496276855469,0.6825288817993538,23366400.0,0.20790445358755852,-0.09745604033106461,0.7075411600749552,-0.2841711498731459,0.0006983266619167184,0.3232871853985495
VICI,2018-10-04,13.956032852590564,13.982290024095894,13.831307844746227,13.91008186340332,1550500.0,-0.005177793264676476,0.010854154621971899,-0.0032925538132932983,-0.0018780413378005115,13.91323709487915,13.826396799087524,13.824592007318817,0.00605255769321759,0.3612118816375727,0.009872260697396234,0.24764296610984107,0.009796745367261954,0.054193057953085634,53.87506881503322,0.14109087859455371,-0.002108604580060458,0.041031837463378906,0.38836775332824025,21815900.0,0.21409104086179345,-0.12676929617054827,0.5960817996902638,-0.22561891775713266,-0.006444866955478573,0.3708395562223146
VICI,2018-10-05,13.942906649163088,13.982293040954477,13.719715008893846,13.765666007995605,3745700.0,-0.010436369551031955,0.019074851293654518,-0.012711886095724644,0.0023597837943807043,13.902250957489013,13.840004301071167,13.818980007383272,-0.005371262281313572,0.36497345924377456,0.010232207785976343,0.24373665604270642,0.010084545808844622,0.049435707958043223,45.237184453744746,0.11930329154300168,-0.019116953305290008,-0.10986137390136719,0.9183563390295928,18070200.0,0.29026023423210645,-0.38918256040543375,0.30582547122355247,-0.17370952360891134,-0.004234667358038332,0.5700116822293679
VICI,2018-10-08,13.818182238693618,14.074196927081081,13.732844843945047,14.02824592590332,2011400.0,0.018895341611560913,0.024333197816679496,0.0152019769012369,0.0038150156096704016,13.927882385253906,13.861237239837646,13.838910094861372,0.012048613206452174,0.3687779617309559,0.010900802081477978,0.25748181600899706,0.010566445418504503,0.04803354982079049,51.07915162180438,0.12182020919561154,-0.013280028522144133,0.2563142776489258,0.505594112043114,20081600.0,0.3212310069760978,-0.6667415106923794,0.7330120542127709,-0.2461007554060588,0.0016768515819025338,0.5695856655249374
VICI,2018-10-09,13.995422184241255,14.189073716662216,13.936341970819889,14.113582611083984,1735800.0,0.0060647762554610985,0.017906987389852844,0.008442791170371226,-0.0023398322096318657,13.960105323791504,13.88803219795227,13.86506938212067,0.016240631496013545,0.3776032352447505,0.010912189654026372,0.2588846193567291,0.010737689246521496,0.04650392063018034,55.0051805326987,0.12921137359089307,-0.0047110913014900835,0.32222938537597656,0.4409092005948896,21817400.0,0.20417209549477763,-0.7253636992171908,0.8718447845922769,-0.1977098700682805,-0.0021212592430817044,0.5003634353837935
VICI,2018-10-10,14.126713045687103,14.126713045687103,13.923213958740233,13.923213958740234,2459800.0,-0.013580123357216877,0.01461581266724156,-0.014405267969182449,0.000930340294519293,13.98688850402832,13.905308723449707,13.870606960846342,0.0012876546394350972,0.3799404335021972,0.011445672601209716,0.26232059915666817,0.01076572713237204,0.04143865624873516,51.26845621095748,0.11834357429948028,-0.012463112474322302,0.26783180236816406,0.624044671024341,19357600.0,0.22915867015622346,-0.9345438262655942,0.49877986773993793,-0.21118901405461218,-0.030991839973501398,0.5089793567715285
VICI,2018-10-11,13.890389475115033,13.890389475115033,13.509651058578633,13.542472839355469,1937800.0,-0.02772663313412063,0.028114393955433605,-0.025047291609991557,-0.002357536393714357,13.952753162384033,13.899015712738038,13.839356092132924,-0.025652382927793083,0.36179050445556626,0.013026655027298108,0.28168604156723226,0.011351561433807035,0.04521443366445778,43.3635896167094,0.07810776106554762,-0.042159140566603984,-0.3413534164428711,0.49968347535040114,17419800.0,-0.03384658657733685,-0.4578549214920357,0.0,-0.04387646286540953,-0.02266555284938086,0.7298589905102644
VICI,2018-10-12,13.627816759041712,13.680332379898339,13.411189666499235,13.549042701721191,1531700.0,0.00048501254826813786,0.019864334279861222,-0.005780387182580533,0.006301945050849764,13.888421821594239,13.887871265411377,13.811707197807996,-0.024397444159355044,0.33412538528442326,0.012894378610857474,0.27894238137611843,0.011471785119688742,0.050010340289096816,45.380102393801025,0.04621795041781773,-0.0592391609714671,-0.6433134078979492,0.4079882267548328,18951500.0,0.04307721582265058,-0.3403297187288228,0.01010929587703367,-0.08507100129415113,0.011251122495207624,0.6434865361284753
VICI,2018-10-15,13.667201393912539,13.77223262204076,13.585145668682928,13.706587791442871,1158700.0,0.011560682436427987,0.013649418528120514,0.0028818187714622786,0.008720814805339488,13.864790058135986,13.876510524749756,13.801695825773223,-0.012245350371321066,0.3016686630249019,0.012887988137300653,0.28470984265795785,0.011241747422464725,0.051267315474013544,48.338190086838225,0.03327405521100957,-0.057746444942620226,-0.23631763458251953,0.3219000073620007,20110200.0,0.04317598472711918,-0.3364092781939396,0.2525298881682528,-0.099322238002156,-0.004940743056906719,0.625580541581482
VICI,2018-10-16,13.752536564549093,13.956034360974238,13.686891750584975,13.844438552856445,1832200.0,0.010007025514039298,0.019440485748967583,0.00668254818854689,0.003352313048686558,13.836562442779542,13.869452428817748,13.80576656168591,-0.001803522964564162,0.27347695350646894,0.013080001457154697,0.28358487569669005,0.011460873533306798,0.05078441860564733,53.70368432891646,0.03375027719637558,-0.04581617836580339,-0.2822761535644531,0.5208265228675306,21942400.0,-0.008896122769402092,-0.4915476467951468,0.46464607210461306,-0.045870923165331756,0.019835167692689823,0.5926612256135717
VICI,2018-10-17,13.857568376075713,14.212048383773114,13.828028271095036,14.08076000213623,6290700.0,0.016925723236688426,0.027272683620757493,0.01610611761049251,0.0009483824980796372,13.846409225463868,13.87777156829834,13.83195641315737,0.014626875275969203,0.25736049652099524,0.013592565908592003,0.2881329302800189,0.011827405985781551,0.05250070337934859,53.846133788089766,0.05259062054972041,-0.021580668009966844,0.09846782684326172,1.8023198346290543,28233100.0,-0.153235739663473,-0.7216861217547176,0.8282828303605022,0.00463390485367747,-0.0017608165123414806,0.5960320317819041
VICI,2018-10-18,14.08732418197635,14.179227431782259,14.031526898228845,14.113582611083984,2718800.0,0.0023283127559132785,0.01046513402184772,0.001863975639975031,0.0004661807913154504,13.866759300231934,13.889998197555542,13.858777955817047,0.01609679211965559,0.2498044490814202,0.013564723516027312,0.2735973728500519,0.011815816945564332,0.054596731597996155,48.27587214569173,0.06937057778763744,-0.0038405686176398446,0.20350074768066406,0.8075959406333219,30951900.0,-0.221319439845743,-0.6799480375911537,0.8787882210122467,0.010623917421429424,-0.013690003973231352,0.5934031173458992
VICI,2018-10-19,14.139845568978226,14.21205376800983,14.041377680357577,14.205489158630371,2297300.0,0.006490810925365026,0.012014798346353302,0.004642454497251556,0.0018608285803787248,13.91074161529541,13.906496286392212,13.891798070370696,0.021500230257906858,0.24273919105529806,0.013620350919898015,0.2628129349990882,0.011846743674708683,0.05815955928428836,56.17291949617458,0.08905829647873453,0.012677720058765801,0.4398231506347656,0.838167582437629,33249200.0,-0.28864066859699183,-0.6967883624189427,0.9999999849174152,0.011569631907217,-0.0030931213590035503,0.5980750635693098
VICI,2018-10-22,14.231739938217089,14.244869149911331,13.92320972375512,13.956032752990723,2528800.0,-0.017716580181889423,0.02304805612377778,-0.01937269697333341,0.0018479321122687011,13.90352029800415,13.915701341629028,13.89791565919165,0.0028982665243786907,0.23375864982604888,0.014138079333617073,0.26257860915239484,0.011865839599035128,0.05746841056261525,46.10767998823864,0.08356858165317149,0.005750404186562211,-0.07221317291259766,0.9534995522458406,30720400.0,-0.2632985056710808,-0.9312240574966997,0.6237552461001034,-0.01522726247536492,-0.006120991359915246,0.6176987737210781
VICI,2018-10-23,13.890389760994553,14.054501172397675,13.706584529477604,14.015114784240723,2685400.0,0.004224504485439231,0.02482438768973088,0.008979231352917692,-0.004703556745530147,13.893673515319824,13.926889419555664,13.909077480624894,0.006334893745991516,0.2246729087829582,0.014158999306290302,0.26843973041158314,0.01225626591815727,0.057115853769722245,50.7788177502651,0.08302827103025656,0.00416807485091783,-0.09846782684326172,1.032973289020187,33405800.0,-0.294508351748184,-0.9326521928772766,0.7128662206587755,-0.02992420059437544,-0.008580814355944648,0.6021154688327355
VICI,2018-10-24,14.146407280196609,14.251438513903963,14.054505263720442,14.126714706420898,4563100.0,0.00793129012710874,0.01394048469698415,-0.0013920547730361156,0.009367921560194285,13.91402359008789,13.950456047058106,13.92980483546261,0.01263461629987088,0.22599285125732393,0.014006192446573518,0.2745354017770474,0.01208263656476646,0.055289707333591946,55.045960006575235,0.0905613175135116,0.00936089706733828,0.20350074768066406,1.7255383917260678,37968900.0,-0.48261841981598697,-0.7191543880811188,0.881187749484808,0.021976157130617232,-0.028144671898160216,0.41851211318257314
VICI,2018-10-25,14.1529740303778,14.507455436831986,14.087329186359849,14.428681373596191,3910900.0,0.02115032289957304,0.029117439050317398,0.019480523501747105,0.0018588415284529211,14.002644443511963,13.977698802947998,13.977316886713428,0.03226443615690716,0.22896394729614222,0.014302402069328844,0.2857888459492978,0.012452963506829002,0.06283048314378645,64.38743184190551,0.11951974826493306,0.030655462255007787,0.8862085342407227,1.4505686886501503,41879800.0,-0.42388646927284396,-0.7457733806345712,0.9999999887159742,-0.03252769379436053,0.01237976512691553,0.4616148203676135
VICI,2018-10-26,14.422109297836274,14.494318714081208,14.08732189352423,14.310513496398926,3805000.0,-0.008223511039015086,0.028440406464757137,-0.00773782802035001,-0.0004554869284135891,14.078791522979737,13.983606672286987,14.009049897159665,0.023377861790106685,0.21633040428161543,0.013643418525395754,0.29047775576507956,0.012585862064309833,0.06496082647263912,56.534771202752566,0.13141943174658088,0.03404411658932449,0.7614707946777344,1.3978743492812244,38074800.0,-0.32947862759961954,-0.7739931321411054,0.8666590522454188,0.028382791435612138,-0.015747773795015924,0.44876559887252987
VICI,2018-10-29,14.39585336183038,14.540270954656732,14.133275351204869,14.146403312683105,3929400.0,-0.011534067740050237,0.0287702530781776,-0.017327909841640506,0.005963438380665283,14.12277307510376,13.993781566619873,14.022131174828564,0.010906397626449262,0.2112460899353028,0.01328093347236669,0.30149660273718926,0.012788645773113,0.06566365721549539,50.73309285303166,0.12615347757684958,0.02302252993567455,0.4398155212402344,1.4272975098391412,34145400.0,-0.3291664813577525,-0.6268772868146092,0.6814766989693904,0.1385395840240639,-0.004977887859330217,0.5205146114754734
VICI,2018-10-30,14.212049705981055,14.33021013689674,14.047938274613905,14.120147705078125,6683500.0,-0.0018577162200932866,0.01999071597397807,-0.006466484624258943,0.004640500616795924,14.150343990325927,13.993453216552734,14.031466082471379,0.009053840146871363,0.1934642028808593,0.012965438139417007,0.307123229546901,0.012689427632846867,0.0656093440092969,54.746772884042656,0.11849561911552797,0.012291737179482343,0.2757091522216797,2.2230204939639013,27461900.0,-0.21158326867598312,-0.4810514805436619,0.6518498038377536,0.19156999592805835,0.019651903786530447,0.40358685528959704
VICI,2018-10-31,14.179227342220795,14.382725158236342,14.074196130595299,14.172662734985352,3532500.0,0.0037122568878016704,0.02176930569859935,-0.00046297355116778225,0.004184066510963099,14.15953426361084,14.002971744537353,14.044913382710805,0.012118212729679749,0.1871983337402341,0.012756757226356627,0.29962081008114694,0.012770616861766955,0.06654581496214643,68.04491772765802,0.11533472818697277,0.007304677000741694,0.0919027328491211,1.1599271043688124,30994400.0,-0.3724994272366304,-0.2299773194052521,0.7111078986152305,0.17294307631319383,0.005458238762592171,0.41903995144346673
VICI,2018-11-01,14.159536045149826,14.35647054111402,14.146406828338009,14.323647499084473,3529800.0,0.010596893123940578,0.014665518178204067,0.011590171698518384,-0.000926197855758042,14.180540752410888,14.02365002632141,14.071459489032106,0.021392253243626844,0.1872595500946037,0.012860432886883134,0.2954008814652117,0.01284060738672405,0.06915242577653696,70.4858501368528,0.12358825945954877,0.012446566618654148,0.21006488800048828,1.1225617483697286,34524200.0,-0.5364546099354301,-0.18143667375929082,0.8814794946468173,0.16035463822914914,0.013652863436207958,0.4252279673864383
VICI,2018-11-02,14.330209754258622,14.651868000900976,13.91664950916726,14.067631721496582,2462900.0,-0.01803530690752696,0.05226313186819044,-0.01832339074339141,0.00045814134804480084,14.16675500869751,14.03874831199646,14.07109493974301,0.0020574063198668334,0.18893296241760282,0.013326748007526888,0.3319743508519365,0.014359530069904695,0.06690429754733603,59.07576248659907,0.10822337709390695,-0.0023346525975901367,-0.13785743713378906,0.7995714668333185,32061300.0,-0.5273672152050112,-0.4277641820746204,0.5925906329317259,0.174828913011737,-0.006829848133916102,0.4383638331295011
VICI,2018-11-05,14.04794065510485,14.30395538282871,14.008554255482359,14.126714706420898,3274000.0,0.004191128995370251,0.020910815676916314,0.00560751595198573,-0.0013997428125477026,14.183823204040527,14.04367175102234,14.076392060379,0.005913193990205156,0.17937941551208603,0.012674000661615318,0.3338499592060141,0.014254048305911704,0.0671084642956374,57.38831460719032,0.0996652215923497,-0.008714246479317914,0.17068195343017578,1.0415457123724114,35335300.0,-0.5813537987681053,-0.21998058739475404,0.6592600250384528,0.11388723002666074,0.008751095597083015,0.41430423824285645
VICI,2018-11-06,14.139838743208262,14.356465739872455,14.093886499734733,14.310513496398926,3870800.0,0.012926811860558014,0.018348694489809667,0.012070487951826409,0.0009290225689486442,14.213363075256348,14.053518295288086,14.098689339999945,0.018286894122236004,0.17249744415283175,0.01292883676412134,0.3251756111674173,0.014265268166945401,0.06907772098048634,56.18359883532306,0.10648633974074428,-0.0015145026647386678,0.2953987121582031,1.1909585850520976,39206100.0,-0.587946299313367,-0.3399276510890416,0.8666590522454188,0.15998181009803863,0.0065452866374810965,0.4325057121938524
VICI,2018-11-07,14.382723979909205,14.54027078444018,14.323643771701251,14.527141571044922,3289300.0,0.015024255546931226,0.014911881437894405,0.010041045864291748,0.005045974313112521,14.25340576171875,14.08371467590332,14.13949431438518,0.031485080843073894,0.18318677902221658,0.012851253670945601,0.33103680791654877,0.014274603828241344,0.07452607410899281,60.12845078949262,0.1278978731365683,0.01591762458486827,0.40042686462402344,0.9992921440137561,42495400.0,-0.8099355470914203,0.08460395444589645,0.9999999898443003,0.0785450212953015,0.018372232988300426,0.44285074912369626
VICI,2018-11-08,14.546835409386697,14.566529229504289,14.231741799929463,14.277692794799805,2361600.0,-0.017320357350889597,0.02344828638537184,-0.018501798295814997,0.0013556581826825477,14.238306903839112,14.120475673675537,14.152656074424668,0.011133981939246092,0.2050411605834963,0.011776362488836952,0.34275904662530404,0.014127418604964847,0.06582395666749433,51.64165369652337,0.12331671774181707,0.009069175352093617,-0.15098857879638672,0.7128669834159417,40133800.0,-0.533186545494089,-0.6360126974932508,0.7449656762539293,-0.05739781572824166,-0.004898847726426858,0.3299104812327878
VICI,2018-11-09,14.231742878793671,14.349903304315184,14.205484449979647,14.244872093200684,2622900.0,-0.0023013860228839667,0.01013830474507882,0.000922530326666862,-0.003218301210603803,14.231742763519287,14.155267143249512,14.161438552403336,0.006330148985842568,0.22221553802490313,0.011820448828354467,0.3300990057809702,0.013939483864569622,0.053874624009743945,57.28480867124821,0.11570399908284479,0.0011651653544970664,-0.06564140319824219,0.7789141706608699,37510900.0,-0.4920541956714719,-0.7066123243077147,0.6560012379186837,-0.005938657821359016,-0.007191227737478034,0.35573949090859547
VICI,2018-11-12,14.218614313484244,14.303952958954842,14.090607597349203,14.120147705078125,1598300.0,-0.008794296133301294,0.015109286819210211,-0.006925190193304392,-0.001843314530635437,14.22911720275879,14.175945138931274,14.157506090753316,-0.003936064460345085,0.23126734733581422,0.01187731143145343,0.3204867714013679,0.013964528355158878,0.04494164082970659,52.564130621542375,0.09847153043617496,-0.012853842633738219,-0.02625560760498047,0.471563953076687,35912600.0,-0.27491225510773065,-0.9023367933602127,0.4038493178406754,-0.01685531505847675,-0.019255407699902864,0.39271370411615153
VICI,2018-11-13,14.139844359197753,14.179230760033452,13.982296251712743,14.093892097473145,1465600.0,-0.001861173753760252,0.013973039310838533,-0.0032498421168771024,0.0013949325836403162,14.22649164199829,14.18841781616211,14.151447615202823,-0.006662174733907991,0.23289796829223697,0.011726256008901191,0.31767325559118703,0.01384547261328669,0.03964393194677084,49.16387244858048,0.08175366145464125,-0.023657369292217553,-0.02625560760498047,0.4347632622670222,34447000.0,-0.13988513901501243,-0.8396623120357906,0.2413889222341679,-0.06369235902783854,-0.000983138086695124,0.38886941493468524
VICI,2018-11-14,13.85757165245365,14.238310177739768,13.824748610230946,14.074198722839355,8609200.0,-0.001398275656527845,0.029384377445069148,0.015632397639260897,-0.016767578706088113,14.216645240783691,14.188089752197266,14.144090577834874,-0.008027227861331547,0.22173316955566413,0.011101270285400849,0.317204349665236,0.013922416698256859,0.039721468289480207,39.4530722408171,0.06615296884641886,-0.03140644952035196,-0.0984640121459961,2.4689736460608183,25837800.0,-0.06625872606032845,-0.5830457658098293,0.20690622179879636,-0.08208736941558657,-0.003448824345391945,0.38896750097825994
VICI,2018-11-15,13.956031825054978,14.038087514582298,13.814895938902351,13.87069320678711,23564000.0,-0.014565031361919025,0.016090873927680542,-0.006114819694998284,-0.00839599469294248,14.171349811553956,14.175945281982422,14.118052732973181,-0.021533101964162266,0.20165658950805643,0.011544551496710475,0.30665477562095206,0.014017431716079649,0.04435116718639942,37.54642563769937,0.036942265734994706,-0.0484937221054209,-0.4529542922973633,5.202667570428871,2273800.0,0.06773042238898504,-0.8514441342843021,0.0,-0.07858113855956753,0.010498407032026374,0.346717920485812
VICI,2018-11-16,13.864133007234186,14.061066206069567,13.791923583361532,13.982292175292969,6878900.0,0.00801347246445549,0.019248819816797713,0.008522651073610502,-0.0004729539796694423,14.162815856933594,14.164785432815552,14.105123156051256,-0.012883587851588748,0.18072121620178372,0.011600666445832412,0.29680813413925006,0.01416304388428907,0.0459717923334193,45.21075057540683,0.022537874565713878,-0.050318490619761375,-0.08533954620361328,1.4456648862670347,9152700.0,0.05601153563842211,-0.8922229180254528,0.17000418141340412,-0.07842220761773595,0.0011517335748868292,0.35827257321691214
VICI,2018-11-19,14.008549122542624,14.126709530185442,14.008549122542624,14.061064720153809,10284500.0,0.005617926008885689,0.00840337556184196,0.00374882488912979,0.0018778714477195235,14.156250858306885,14.170037031173706,14.100927114537214,-0.007690333538307717,0.17682326316833574,0.01097161814588297,0.2869613836113671,0.013872884270842906,0.044405873620588746,48.327062258353884,0.01727939076596563,-0.044461579535607705,-0.06564998626708984,1.9985114883561856,19437200.0,-0.06492136368141363,-0.6813144794701209,0.29000226191729894,-0.030927998411958417,-0.016041812709366252,0.27848761989808457
VICI,2018-11-20,14.034807885876926,14.113581917256466,13.936341285705566,13.936341285705566,7044500.0,-0.0089097010984086,0.012717873932428353,-0.007015885145848398,-0.0018673432488542795,14.118833637237548,14.166098356246948,14.085252273696105,-0.016218796789594776,0.16571143150329526,0.01112287553698908,0.2775836410334997,0.013564885342318042,0.045827247450378424,43.57142152989174,0.0030131321547255396,-0.04698227051747824,-0.3741722106933594,1.313283750012817,12392700.0,0.09773439643621411,-0.7994187066873347,0.10000493792475218,-0.06597544626161539,-0.017183575081195158,0.31310399674514805
VICI,2018-11-21,13.949468918721214,14.133274136395666,13.949468918721214,14.061064720153809,12763200.0,0.008909701098408582,0.01307192743455644,0.008000003590303327,0.000941971263943768,14.072225952148438,14.162815856933594,14.082948697168268,-0.007184386057661849,0.15276130676269517,0.011163208937038361,0.27664572231307755,0.013550078530877394,0.046260231135088564,42.75350799714918,0.0017509740858958622,-0.03859554286904633,-0.4660768508911133,2.2104453727372864,25155900.0,0.09133103560688723,-0.8289141480684403,0.29000226191729894,-0.20237862301845672,0.0023207155534327967,0.4955590110648006
VICI,2018-11-23,14.021675232514085,14.2448667859957,14.001981418240883,14.212043762207031,18510000.0,0.01068014698632674,0.017090108348857175,0.013576732204687761,-0.002801316146654731,14.06566104888916,14.151983976364136,14.095243465267197,0.004243912792948611,0.13105521202087367,0.010302654888370563,0.2414790706002992,0.013166798599766284,0.04296980672882663,54.23060095671643,0.012786061869993759,-0.02204836406795875,-0.06564903259277344,2.8459431472502668,43665900.0,-0.1772227647974531,-1.162404945870645,0.519996040520104,-0.07259231899899089,-0.006915718605630941,0.38066115152233504
VICI,2018-11-26,14.5993532097232,14.684691857681296,14.12671272435453,14.363032341003418,9646500.0,0.010567949738326601,0.038848282178816355,-0.01618707797016592,0.027252199190809543,14.077477073669433,14.15460991859436,14.120747167718266,0.014724702666320828,0.12185914039611845,0.010441310327847642,0.26023464245604316,0.013630764042293096,0.04389443150494549,56.56926469473228,0.033330748763003015,-0.0012029417399595926,0.11816024780273438,1.4194232843393315,53312400.0,-0.37517409663633566,-1.1050162219176964,0.750004346911442,-0.05471816574066995,0.013129060788063468,0.3991295660236757
VICI,2018-11-27,14.441805264023095,14.559965689241883,14.379443373855754,14.4943208694458,12283800.0,0.009099201394176014,0.012454692911254136,0.003636360168456943,0.005484421475178148,14.114894390106201,14.172005796432495,14.15632561550184,0.022743080806136937,0.12804465293884348,0.010240569019470246,0.25554565017752484,0.013193542070044114,0.04878728203532005,55.263215385052305,0.05952033479409202,0.019989315432903526,0.3741731643676758,1.7028219562809563,65596200.0,-0.6085299930477218,-0.7713300911913996,0.95000260053012,-0.029991228977675713,0.002958886190746639,0.3824168477083663
VICI,2018-11-28,14.481194180106792,14.599354625928799,14.369598342616122,14.468066215515137,7478400.0,-0.0018130177630252358,0.015880234434253036,-0.0009065526246232902,-0.0009056436280971225,14.1523118019104,14.189401721954345,14.186015196455488,0.019638917765618814,0.13579126358032134,0.010239858073156192,0.25554557841119785,0.013094648096078928,0.05200393943288437,48.101420233904285,0.0772665584673522,0.030188431284930962,0.3741741180419922,1.0310007465325528,58117800.0,-0.60931291814711,-0.7699407129837003,0.910007598698715,-0.0383499068679336,0.021367392233018635,0.3704680418942695
VICI,2018-11-29,14.487753868103027,14.5993496676935,14.422109059154998,14.487753868103027,6533900.0,0.0013598409967220065,0.012233822451161629,0.0,0.001360765999728295,14.193667316436768,14.205156278610229,14.214752212802871,0.019894014817586132,0.14007828712463244,0.010223708922421916,0.24429223405146047,0.012871689595921987,0.05520875000041354,57.92075683116506,0.09186028937543611,0.035825729754411895,0.4135551452636719,0.8825295244681476,64651700.0,-0.5745627799872682,-0.7864814282775975,0.9399987653462822,-0.0522733119863213,-0.0013626928719096033,0.3680669735959471
VICI,2018-11-30,14.546832518386548,14.60591271492717,14.290819168090819,14.29081916809082,11600700.0,-0.013686416895854718,0.022048669368086773,-0.017599250556582565,0.004077833653261554,14.23567991256714,14.203514862060548,14.221996684735057,0.006146669108184903,0.13000148773193487,0.010472034727245033,0.25648328351580435,0.013051425370818494,0.05495916598411399,51.54171319955329,0.08653739262865656,0.02440226640610587,0.42012596130371094,1.485907149215783,53051000.0,-0.3538313245569242,-1.1166856113216788,0.6399984793605586,0.040614789591243504,0.009987137257595063,0.2713224471424586
VICI,2018-12-03,14.349905580192347,14.42867837498609,14.231745135930733,14.284260749816895,5666400.0,-0.00045903062444105727,0.01378672949931139,-0.0045745827391411135,0.004134571392062511,14.265876770019531,14.214346313476563,14.227926595695232,0.004918582592436635,0.13265827178955192,0.00960088710673246,0.2553109890479271,0.011222715867366208,0.054372296764769595,55.98095104368178,0.08085767215130701,0.014978036743005047,0.3019685745239258,0.711204827216161,47384600.0,-0.3889638224281205,-0.8595460249950234,0.6300077191864005,0.08914641365149202,0.010314743537213065,0.20684072796386893
VICI,2018-12-04,14.323641239147687,14.356464266832411,14.054498672485352,14.054498672485352,2735300.0,-0.016215749501042653,0.021485333727215828,-0.01879009409470174,0.0027569147623755824,14.265220165252686,14.210735511779784,14.211409650627624,-0.010994282397622741,0.12339612960815316,0.010271746500564337,0.2628132094783807,0.011235902527203146,0.05505712927279739,48.749788892379605,0.05715769498561407,-0.006977552338150325,-0.006566047668457031,0.3444793013945159,44649300.0,-0.2496039749131424,-1.1685199292785788,0.2799998795123144,0.0727741451528345,-0.032585835228625064,0.29284320556431115
VICI,2018-12-06,13.988855226702967,14.369593620300293,13.887106961182596,14.369593620300293,5475700.0,0.022171885220184824,0.03357691747357947,0.02721726598975337,-0.004670635880516735,14.308545398712159,14.213689517974853,14.22647479059645,0.010968587862305661,0.11478532791137575,0.011091657868503966,0.2677364303075861,0.011880079711263826,0.055614673855423014,57.89457586891717,0.06307374637680851,-0.0008492007575647137,0.43325233459472656,0.6827015566722585,50125000.0,0.05772185508448493,-0.7173063979402062,0.75999946542216,-0.22871879700650485,0.00048324369323365696,0.27781810520787403
VICI,2018-12-07,14.448369612614503,14.4877560029589,14.061066560027399,14.133275985717773,4183900.0,-0.016582404015211823,0.030190413274508134,-0.021808247943880744,0.005482130837918817,14.315766525268554,14.193996238708497,14.217598713941337,-0.004277882843531616,0.08553417205810554,0.011110948834980454,0.2796926202357644,0.012376954423753736,0.051821925590442214,56.89669855792979,0.04813849104564305,-0.01262756487098414,0.07221126556396484,0.5187489964806304,45941100.0,0.19534142885789677,-0.6290031160682299,0.42105697107891876,-0.2639363521657766,-0.022964202446616518,0.28012137420385846
VICI,2018-12-10,14.093886057452682,14.133273693479678,13.588423915811946,13.732841491699219,8461100.0,-0.02874186261243898,0.039674948407222584,-0.025617105479758522,-0.0027870345350148413,14.267846298217773,14.166753673553467,14.171431359442089,-0.030628907077298647,0.06131130218505909,0.012178336959634951,0.29938615217846387,0.01308860147466714,0.05913115840015635,44.311325153630406,0.00394500098076378,-0.045456843948690734,-0.4792022705078125,1.0108430481915909,37480000.0,-0.2082640752990709,-0.04489263752986192,0.0,-0.057000965950936094,0.00119548722337821,0.23829558633571254
VICI,2018-12-11,13.818180805406719,13.962599653638016,13.68689242309824,13.745972633361816,8339400.0,0.0009557284824850236,0.020057309722167495,-0.00522559178098533,0.006214250252512081,14.206140327453614,14.141808700561523,14.130911480767779,-0.02799048379037888,0.04529399871826101,0.012194084145481,0.3087640004389855,0.013290571166870234,0.06462412614382904,42.592617503230656,-0.02967698706827271,-0.06326306559818179,-0.6170597076416016,0.9634058500502243,45819400.0,-0.2512160979171516,-0.047598635747578145,0.017244250959249415,-0.07707607467296021,-0.0005700691117485465,0.2404238473770101
VICI,2018-12-12,13.837874869778505,13.851004083861696,13.539192135775146,13.55560302734375,2831200.0,-0.013945912409240768,0.02300244020554285,-0.020398496524291286,0.0066857572663602685,14.112268543243408,14.113581466674805,14.0761201994893,-0.03953485801237356,0.024812812805176776,0.012400415834160143,0.31837623733438913,0.01348762697442049,0.0746753021989097,41.31735615340216,-0.07086698061162977,-0.08356244731323108,-0.9387178421020508,0.3247604616296983,42988200.0,-0.2145488499242551,-0.24068746934597163,0.0,-0.08713740204885488,0.003670431181780781,0.20207975792275862
VICI,2018-12-13,13.549038906783293,13.726279547057924,13.503087907913013,13.56216812133789,3947800.0,0.00048419127710796356,0.016456929094821864,0.0009690144551894569,-0.0004842367061956518,14.021678733825684,14.086995267868042,14.0271723825225,-0.03725614558324333,0.009517545700074237,0.012412531984116975,0.3202518650811613,0.013536435258574508,0.08262031013171935,37.97472428097434,-0.10180703095391053,-0.09160199812440946,-0.9058980941772461,0.446486735912562,46936000.0,-0.2449432579539938,-0.24274567027111052,0.0069936818389461225,-0.09480391047811235,0.001846712826567661,0.20378314309028586
VICI,2018-12-14,13.476834505587808,13.647510586389634,13.450576069123912,13.549042701721191,2500000.0,-0.0009682651747150775,0.014534939596928498,0.005357949309494299,-0.006292033470358153,13.9278076171875,14.060737466812133,13.981636222446184,-0.036391744479882825,-0.008075265884400551,0.012413723467834308,0.3169696614747974,0.013091101533809086,0.0895815119558174,32.88157428834407,-0.12593465907236912,-0.09258370099429444,-0.9387111663818359,0.29286144373663087,44436000.0,-0.25062120975203944,-0.2418917280483475,0.0,-0.09469404858946404,-0.018215758422885687,0.18340835951678977
VICI,2018-12-17,13.555602122466727,13.64422243350644,12.945107481129162,12.958236694335938,4673200.0,-0.0445842713788047,0.053951395461302475,-0.04406779003499449,0.00048412429497341787,13.794549369812012,14.015114641189575,13.884169600721398,-0.07540986812534069,-0.03466118812561092,0.015340542141326543,0.32705079140697685,0.014718574527049354,0.11381996824597779,20.441912011696132,-0.19053274255690944,-0.1257454275830678,-1.3325824737548828,0.6155491627941285,39762800.0,-0.9637676752969724,1.2887184196738952,0.0,-0.044782195076373134,-0.021531649378876316,0.43155553361775145
VICI,2018-12-18,12.997625350952148,13.089528607372953,12.872901559926115,12.997625350952148,3454600.0,0.0030350513331684815,0.01666666345564186,0.0,0.0030396617645846655,13.665885829925537,13.965881299972533,13.799736815029089,-0.06933010013641526,-0.06853371620178272,0.015186027546423734,0.328457484207575,0.014660246950308002,0.13153837138406402,17.241386508051463,-0.23583034826279814,-0.1368344266311652,-1.286635398864746,0.46553528269888106,43217400.0,-0.9585989871931136,1.3877190888531008,0.02564225125030748,-0.1259056392768112,0.001119665284144217,0.42516992049008084
VICI,2018-12-19,13.023882685343134,13.109220074758246,12.82694947772623,12.86633586883545,3506500.0,-0.010152397668648852,0.021938693339704173,-0.01209676256413037,0.00202016396703278,13.547069549560547,13.906144857406616,13.71084148682017,-0.07477334654811607,-0.10503195762634299,0.015093399423320877,0.3322085066160993,0.014906215686253003,0.14955214025008073,16.48349893994738,-0.27910563508712016,-0.14408777076438978,-1.1881628036499023,0.49514212831333254,39710900.0,-0.8203624580472089,1.2688653236894925,0.0,-0.12542902553482083,-0.016578302473788557,0.47896092590043765
VICI,2018-12-20,12.866337435093767,12.964804050888858,12.374003104047354,12.538114547729492,5236100.0,-0.025841108941348136,0.047120397934830784,-0.02551020358513415,1.2173305078275727e-07,13.363921642303467,13.836233520507813,13.599153206906774,-0.09382025613070728,-0.14343393325805565,0.0157995034254243,0.36174853078059943,0.016079319619137094,0.17432943154919658,13.868790908065833,-0.3360129807489578,-0.16079609314098192,-1.8314790725708008,0.7489360119632948,34474800.0,-0.6791894262940295,0.4989167703508536,0.0,-0.07874035095766656,-0.014116740737429086,0.5356505423272201
VICI,2018-12-21,12.524981920103015,12.623448509077146,12.203323728349861,12.24271011352539,6262900.0,-0.02384250177551177,0.034316321862684906,-0.022536703715681082,-0.001047416465728156,13.17486505508423,13.745315790176392,13.46996815039426,-0.10931765407127968,-0.20074158668518116,0.015944000625886454,0.36925076177280897,0.016616705416105267,0.2028547792741789,13.380440676463266,-0.40033432630942656,-0.18009395096116054,-1.8905658721923828,0.9394768067178989,28211900.0,-0.450276685767921,0.12607532607158267,0.0,-0.05492680211226286,-0.017727783540298706,0.5544171321206953
VICI,2018-12-24,12.144247708694314,12.223021758256563,11.766790860163237,11.829154014587402,1384100.0,-0.034363503515311755,0.03856834542273384,-0.025945921201963755,-0.008042533386647644,12.984496307373046,13.62617130279541,13.313700137460273,-0.13187983977857,-0.28561969757080163,0.016468854229046547,0.3891783342232945,0.017230109042810453,0.23717048472831748,11.680467080550073,-0.4791565584865083,-0.20713294651059377,-1.9036874771118164,0.23822411930999168,26827800.0,-0.28327613102589094,-0.22979172332976291,0.0,-0.03728473549423767,-0.029276540822750555,0.6338291906430327
VICI,2018-12-26,11.881667039175756,12.20988987864431,11.743812795522166,12.203325271606445,5455900.0,0.03114131428302431,0.03819262969303692,0.02707180998845789,0.004439288263860302,12.83023157119751,13.518185949325561,13.2079501502361,-0.0972660594141861,-0.3666907024383548,0.01834914636838413,0.4009005834215148,0.017237490956427435,0.2508077574609205,22.353013899436604,-0.5056029756324278,-0.18686349092521065,-1.542647361755371,0.9741730492300303,32283700.0,0.16770657988001647,0.1767690760846178,0.14039318211279161,-0.28975992096867736,0.04845156911923087,0.6640468045638259
VICI,2018-12-27,12.101976860580457,12.235332489013672,11.761921152671936,12.235332489013672,4592000.0,0.002619393914466578,0.03869215133849612,0.011019326013388068,-0.008304983172233892,12.698204517364502,13.405236530303956,13.115319896786344,-0.08727216701067467,-0.4502150154113771,0.018085550712558476,0.4002523460803747,0.017955641168663956,0.2569441042884722,15.180932163702295,-0.5180079634534991,-0.1594147829970255,-1.3202705383300781,0.8803756934252692,36875700.0,0.1975344594508001,0.36390005544761983,0.1527790924841001,-0.19904449395344748,0.009818247781990537,0.6555989705184956
VICI,2018-12-28,12.275336971035655,12.40869258102449,12.155317176400372,12.382020950317383,3207300.0,0.011917625331965262,0.02046317040172855,0.008690920626737566,0.003269586834514197,12.58018980026245,13.300934267044067,13.045481901884537,-0.0690863738048454,-0.525268926620484,0.0186012163124501,0.3878727719155616,0.018042806688120902,0.2561849832632902,20.568712175607743,-0.5101221027141172,-0.12122313780611482,-1.1801471710205078,0.6411522469214777,40083000.0,0.13104168071060082,0.014175142820207206,0.20795417291524704,-0.16693397045900793,2.765154803568188e-05,0.7079532837494811
VICI,2018-12-31,12.37535370233595,12.522045135498047,12.25533390130275,12.522045135498047,3522000.0,0.011245204719094024,0.021299334997540623,0.011853514387585364,-0.0005384620174836664,12.477490043640136,13.202648830413818,12.9956307812763,-0.0515505413843866,-0.5923800659179701,0.018982236354772242,0.3680055693648094,0.01819920947619301,0.2486046354468718,27.69965783982407,-0.48696034402680866,-0.07844910329504501,-1.0269975662231445,0.725915406740378,43605000.0,0.08751724692817212,-0.2122420258362653,0.27274457405916636,-0.09270607786248482,0.008226213440227647,0.7239850791547789
VICI,2019-01-02,12.408694442333163,12.435364805267483,12.221996814698752,12.322012901306152,3745600.0,-0.01610337220675142,0.017316001231106777,-0.006985548836732568,-0.009052091087226053,12.413867664337157,13.104208517074586,12.93147669746962,-0.05969041279747985,-0.6549889850616442,0.01903256140736974,0.36974421866906076,0.018111748754999143,0.24450390304068495,25.462926444488275,-0.4792212487056009,-0.05656800637906978,-0.6362237930297852,0.8399995514739687,39859400.0,0.1040635734134434,-0.24195287882575867,0.19400535390424756,-0.10845590966962823,0.002706240387734218,0.746313073152113
VICI,2019-01-03,12.328678498374524,12.672067464325318,12.315342683521036,12.515376091003418,6180600.0,0.015570646045217565,0.02850292138329829,0.015143358037401107,0.0005409503399939623,12.365642738342284,13.015764284133912,12.891848068282362,-0.03844477989974528,-0.7096309566497787,0.0196662464867048,0.3729522781488987,0.01842100114408606,0.23371186726763518,32.09372175357113,-0.4522716603304495,-0.023694734403134743,-0.48224925994873047,1.3781339469670617,46040000.0,0.047369965622072956,-0.5384437777713587,0.27011942034428166,-0.12423161169583845,-0.022748628651279943,0.6602393274520668
VICI,2019-01-04,12.615393146590296,12.79208825602691,12.598724012604967,12.655399322509766,4943600.0,0.011125972372909613,0.015279189419018327,0.0031712191173591856,0.007991534162427203,12.344549083709717,12.945809316635131,12.869329140113544,-0.022432741516762025,-0.7535732555389405,0.01990371357128624,0.37677517285451156,0.018313046806120194,0.2235003530343809,35.076718314457196,-0.41483327307498996,0.010994922281859831,-0.2109365463256836,1.0758240981029015,50983600.0,-0.13595165327801556,-0.6317353756375452,0.32523713723087444,-0.031087067190233266,0.033889962067031265,0.6487801459195717
VICI,2019-01-07,12.728743085370231,12.828759145711464,12.628727025028997,12.688736915588379,3441000.0,0.0026307949099628205,0.01576454157834443,-0.003142978808947257,0.005795452280198822,12.359611320495606,12.861766481399536,12.852129880634957,-0.013453017208902832,-0.8110885334014881,0.018935217522959954,0.3769964302414219,0.0178545736003715,0.1997630476901948,35.93496345662474,-0.3781143494460668,0.03817107672862641,0.15062236785888672,0.7657830081185016,54424600.0,-0.15803323138963962,-0.3704938472895669,0.3730631051830324,0.03452741516639564,0.008566372530997646,0.6398236329727011
VICI,2019-01-08,12.835430346859264,13.108808242115423,12.818761211153115,13.075469970703125,4063500.0,0.030023210593152955,0.022182531994045847,0.01870133040787349,0.011560916760017996,12.442887306213379,12.808876180648804,12.873400365403354,0.020813206896096115,-0.8429539394378658,0.020425084538964033,0.3570647426806908,0.01765496738733786,0.17856247947467233,52.05366856360812,-0.31418646642911163,0.08167916779646528,0.8327598571777344,0.9055314635135556,58488100.0,-0.1688936076827831,-0.47935041015333635,0.6502002523382189,0.03909252486367995,0.008768842755355876,0.690035035598856
VICI,2019-01-09,13.128811937321176,13.272168793251138,13.048798305635849,13.248831748962402,2874200.0,0.01317142512836317,0.016859636520992358,0.009141711543604863,0.004079544883477912,12.584855079650879,12.784675693511963,12.90915573526612,0.036305657380577304,-0.8435574340820313,0.01989365476051518,0.3575464169784373,0.017000619553305982,0.16894925458137508,54.20328726045352,-0.24669061603982811,0.1193400145485991,1.419677734375,0.6830201457911278,61362300.0,-0.38520788133551265,-0.1625436604155807,0.7406427050861465,0.11811822098943081,0.003883851853415441,0.7053377045814594
VICI,2019-01-10,13.282168904922177,13.488868967739066,13.278835586778072,13.382184982299805,4687400.0,0.010014964827417925,0.015694999078162356,0.007530101303000557,0.0025162336265901497,12.702741050720215,12.766486310958863,12.95420613974552,0.048227731291453385,-0.8431802463531497,0.020058922110548,0.3545297471030549,0.016920092317512028,0.1601907705201164,58.62543943884501,-0.18036009793538454,0.14853642612243412,1.1788597106933594,1.1644340108931244,66049700.0,-0.4400748494847002,-0.21907863768462263,0.8961444414685059,0.1445969629917105,0.006583500739304797,0.7120508433959807
VICI,2019-01-11,13.388853275517015,13.59555334428002,13.368849550756675,13.535543441772461,2794300.0,0.011394729628723066,0.01674877661902423,0.010956141144939226,0.0004982962966085065,12.832762145996094,12.765483331680297,13.009571597081418,0.060323615650423025,-0.8319660282135022,0.02001374169857362,0.32852280758032926,0.016794030199792497,0.1596981222225648,67.71371354553386,-0.1141026343009166,0.17183511180552163,1.300210952758789,0.6944724042717646,68844000.0,-0.6245545678588873,-0.027158586275171044,0.9846367728294374,0.16206423536656211,0.0015512467149099095,0.723837818980092
VICI,2019-01-14,13.475530905102842,13.668896391333828,13.45552845602599,13.635558128356934,2933900.0,0.00736187585444197,0.015647906253584993,0.011875392842110121,-0.004433699830951213,12.95811586380005,12.76915283203125,13.069189361964801,0.06785143131440312,-0.8186047363281261,0.020079842543042393,0.3137544614789402,0.01678262536883177,0.16161436648700428,76.58081858701013,-0.052912821591380776,0.18641993961204598,1.2535371780395508,0.7384716840320821,71777900.0,-0.6729469465913986,-0.017198502369359246,0.9999999944641402,0.17101344239620958,-0.003258191783197688,0.7204072489593978
VICI,2019-01-15,13.622223425462687,13.762245667513483,13.608887610474998,13.72223949432373,2544500.0,0.00633688846068555,0.011175876729299341,0.00734212512430922,-0.000977935979497242,13.078135299682618,12.777812671661376,13.13138461266565,0.07391146254295176,-0.8009364318847663,0.020119134447038993,0.2907143760272496,0.01673651844266626,0.16620508297331799,91.27696667390298,0.002545662820466532,0.19350273921911465,1.2001943588256836,0.6401000211312249,74322400.0,-0.7282061948107973,0.01866973413037559,0.9999999947176184,0.19507754310347786,0.006232123885723237,0.7541026218362885
VICI,2019-01-16,13.868930190746534,13.988949986821718,13.795585748968762,13.915605545043945,2642100.0,0.013993074034716238,0.013895495760284949,0.0033654617663699555,0.010689996810176846,13.237494564056396,12.825681114196778,13.206072320511202,0.08497984794279094,-0.7449071502685545,0.01735975208566566,0.2764739052683812,0.015287685686736835,0.18342381013527043,90.53032252588541,0.06139224396617138,0.2018794562918556,1.593592643737793,0.682077806074703,76964500.0,-0.6861256877337557,0.1383123688878828,0.9999999952071736,0.2307099924145171,0.0021238936555150086,0.6469345992445076
VICI,2019-01-17,13.928941959117102,14.015623499821102,13.908939504934285,13.995619773864746,2603100.0,0.005733495903429314,0.007622670279028101,0.004786997816729385,0.000958378277537959,13.38551893234253,12.875580835342408,13.281267316068682,0.08698939122403888,-0.6935671901702882,0.017364788891536715,0.25027909516445845,0.015157306521196595,0.19983409217176984,90.74075627302958,0.11318038996670232,0.20293408183390924,1.4802436828613281,0.6794778427733534,79567600.0,-0.7114450765513397,0.16099341179936852,0.9999999953841874,0.2344745158643181,0.008982135356589437,0.6441115193799892
VICI,2019-01-18,14.03562559811296,14.07563304901123,13.905604562127346,14.07563304901123,2973100.0,0.005700742488667706,0.012079633384292339,0.0028504216373262128,0.0028584532085474293,13.527542304992675,12.936045694351197,13.356921195396543,0.08809394938653153,-0.6320806980133042,0.017053385280684782,0.24432574389729897,0.014962044745493787,0.21549924760053896,90.44588656446108,0.15884816858317308,0.198881488360304,1.4202337265014648,0.7814980706347454,82540700.0,-0.8737540872562519,0.5889276400566854,0.9999999955485898,0.17478238354893982,0.015366346188247386,0.6249722522468112
VICI,2019-01-22,14.08229884198362,14.088965477691666,13.908937062788205,13.975613594055176,1769900.0,-0.00713122522483749,0.012881610792390533,-0.007575840359983228,0.00047356967528065433,13.656229972839355,13.00792064666748,13.41584428098308,0.07439259307256073,-0.553507747650146,0.015790615698594586,0.23813411394788211,0.013697295388760676,0.2236164147747046,85.38950168359237,0.18483877173538588,0.17989767321001343,1.2868766784667969,0.4874347640489666,80770800.0,-0.9120515782356127,1.3730192867860476,0.9554772321583318,-0.014437563689268998,-0.014694986411869327,0.5673172695193851
VICI,2019-01-23,13.975616592852983,14.115640136460263,13.93894500149672,14.015624046325684,4114100.0,0.0028587860268167843,0.012607011602160177,0.0028626610644971393,2.1457360617662823e-07,13.750245380401612,13.096566343307495,13.472966163396661,0.07017547034286875,-0.45463170051574586,0.014256769843206393,0.22932317210247127,0.01303137738809653,0.22509735616413096,94.71816586725865,0.2062870721441925,0.16107677889505606,0.9401540756225586,1.1675809751930548,84884900.0,-1.0510732743877809,3.0062780403059426,0.9732875261692291,-0.43885098276819123,0.0012180671566990422,0.49738282698329406
VICI,2019-01-24,14.042290385047934,14.202316337747336,14.00228421481639,14.088964462280273,3783600.0,0.005219118039025483,0.014197787457444605,0.003323822250680493,0.0019026151553516862,13.834258651733398,13.20955686569214,13.531632668052243,0.06657358801127776,-0.3378666114807114,0.010600670574683023,0.218130839397233,0.012138771206977329,0.2134810791071622,94.3607399357882,0.22659096379824994,0.14510453643929078,0.8401327133178711,1.0384278121685098,88668500.0,0.12265454319029177,1.8447098864246647,0.9999999946967586,-0.14290988543171998,0.001809924787035224,0.2951421269117973
VICI,2019-01-25,14.175648031347766,14.33567400718728,14.148976399487811,14.302335739135742,3546100.0,0.015031033634203134,0.013053644600762946,0.008936995861340615,0.006152586252848206,13.926273727416993,13.314507389068604,13.605032960536386,0.07419188117152266,-0.2340653610229495,0.009295089600559723,0.2159877951031983,0.011096497034503315,0.21136470371223645,94.584689166177,0.2569374085322256,0.14036078493861312,0.9201507568359375,0.9994377264419357,92214600.0,-0.3662586021414608,2.744047118743757,0.9999999951620783,-0.10009781325976799,0.010712794818504288,0.11443580426911834
VICI,2019-01-28,14.275662704158297,14.402350399494471,14.202316995525784,14.309000968933105,3720100.0,0.00046591531083940816,0.01397955066206149,0.002335321691587591,-0.0018649425844800749,14.003619480133057,13.418190813064575,13.672077532764645,0.06638824624562623,-0.1341590023040773,0.009373041570849729,0.21598788676649974,0.009928695989127568,0.20532992781857243,94.50534021121942,0.2783167507032811,0.1293921016877349,0.7734575271606445,1.061520901697817,95934700.0,-0.3382192865154155,2.5397125595068353,0.9999999949672572,-0.11817721553896067,-0.009135611769668817,0.15998532963746043
VICI,2019-01-29,14.375679689942297,14.409019228623288,14.255659894237455,14.342341423034668,4460500.0,0.00232732335499727,0.010692768346703033,-0.0023190741326097808,0.004659914493958073,14.07429780960083,13.516206836700439,13.735912188980837,0.061121777456899576,-0.04111196517944293,0.00940008307719935,0.19693703018498468,0.009642008393182598,0.19913114335635837,93.1816246220339,0.2945548840624568,0.11650418803752846,0.7067832946777344,1.2504345193375122,100395200.0,-0.18087528464856759,2.4087207275931872,0.99999999505031,-0.10240304722291801,0.0017434807662010834,0.17073588613514792
VICI,2019-01-30,14.342345606988069,14.392353021937689,14.235661595633731,14.26233196258545,5763600.0,-0.005594167640132152,0.010986381940555609,-0.005578839514481792,2.9172038771211224e-07,14.128307056427001,13.60322117805481,13.786047405514608,0.04845255222299408,0.042139711380004385,0.009782800182068471,0.19217424009131814,0.0093150653021355,0.1910342152673122,86.89324298053157,0.2975377964412207,0.09558968033303389,0.5400924682617188,1.566519172437786,94631600.0,-0.012790081005060778,1.6874485787767481,0.9603977921448421,-0.008406428799383064,0.01617478679919538,0.09540746173402666
VICI,2019-01-31,14.222320100466064,14.389013960655198,14.202316379405007,14.35567569732666,4443500.0,0.006523449631682471,0.013005140627755948,0.00937650087458138,-0.0028054221584765428,14.172314071655274,13.704904317855835,13.840297719020517,0.04748456205002093,0.13412320137023848,0.00822263358668727,0.18836426598228442,0.009189373255217478,0.17379961567430174,86.50001036953445,0.3039303157892217,0.0815857597448279,0.44007015228271484,1.1963754683122718,99075100.0,0.7247621945587859,2.203311680209846,0.9999999945661022,0.15377991627935514,0.012314205389955292,0.07796222115927427
VICI,2019-02-01,14.375683645231806,14.502371383529393,14.242329269137143,14.429025650024414,3684100.0,0.005096464999115743,0.01802215344955123,0.0037105716923800415,0.0013937308369867923,14.215654659271241,13.800586795806884,13.896367045782794,0.045537111103744664,0.2208710098266593,0.008019154584004618,0.19074557461577765,0.00869739969167689,0.158244735567912,85.63835938260785,0.3113263848293375,0.07118546302795495,0.43340587615966797,1.02640897554126,102759200.0,0.9417426262433235,3.0093504623914824,0.9999999943618338,0.1328518501040473,0.00017354628088072746,0.23345215498737434
VICI,2019-02-04,14.389018558008967,14.409022285461301,14.322340738274816,14.34901237487793,3028000.0,-0.005560732198372814,0.006040941698415843,-0.002780327439967744,-0.0027726814676068755,14.24299259185791,13.885267448425292,13.939476124744237,0.03339834311259378,0.29979270935058544,0.008439740616738606,0.18312535864733195,0.008492210694123956,0.14034269270006236,78.91900709647541,0.30719032141797875,0.05363951969327696,0.2733793258666992,0.8667450973657017,99731200.0,0.9331530169128802,2.5428338119577405,0.9540229830237661,0.15927626602340855,0.006821536877412863,0.2730916358588272
VICI,2019-02-05,14.335676556576372,14.37568273970741,14.235660462861961,14.34901237487793,5649700.0,0.0,0.0097583215616008,0.0009302538494731891,-0.0009293892815163994,14.280332469940186,13.96828122138977,13.978479577137923,0.027256836217267908,0.37455306053161586,0.008520671143331117,0.1821728029192579,0.008330158735583154,0.11669129640158407,77.32567083580375,0.30044907149263445,0.037518615814346123,0.3733987808227539,1.5676345358514858,99731200.0,0.9391180593027522,2.404276585399228,0.9408865953741399,0.37134532766446804,0.0048425019565634265,0.2888284028058057
VICI,2019-02-06,14.369010862946384,14.372345452487833,14.215652810145018,14.309000968933105,4181200.0,-0.0027923381472903593,0.01095063468672741,-0.0041763413352290685,0.0013937187832848608,14.309670162200927,14.02995777130127,14.009957804927941,0.019889097471314402,0.43127088546753,0.006551580026987097,0.1743143850510313,0.007907630069773507,0.10128387187912355,69.79840904313168,0.2885517513162963,0.020497036510406352,0.2933769226074219,1.1582752745958973,95550000.0,-0.1952561606009217,-0.6807947018843687,0.8983008724529828,0.2667884853636684,-0.00022326379138370194,0.20737760901051827
VICI,2019-02-07,14.309000968933105,14.375678770256002,14.24232443938349,14.309000968933105,3786100.0,0.0,0.009319611562123983,0.0,0.0,14.33167381286621,14.082966232299805,14.038438106261767,0.01605022215525032,0.4823402023315442,0.006288241099163081,0.17621940905000955,0.007674739267816117,0.0876505660367024,67.15299281107299,0.27594215002353906,0.006309948174119284,0.22003650665283203,1.0357425703300145,95550000.0,-0.04599750794205964,-0.5343158052808495,0.8853457898176142,0.2384093124889303,-0.010369742625753091,0.21818642284799847
VICI,2019-02-08,14.302335364110958,14.475695879561318,14.302335364110958,14.462361335754395,6124200.0,0.01066072698671495,0.01198701314575594,0.011188800120363017,-0.000465832998168064,14.347676372528076,14.136975049972534,14.078811747165826,0.02301668388263107,0.5343624401092537,0.006323639145102844,0.1764574110904721,0.00755500070239193,0.07691194897288933,69.59436474894953,0.27515206830101313,0.004415893161274664,0.16002559661865234,1.643072638663263,101674200.0,-0.043187889893320286,-0.5674466292271702,0.999999989210394,0.1352712138483855,0.0015216796752679032,0.19455331713124144
VICI,2019-02-11,14.48903333448418,14.502369151573339,14.402353066951674,14.47569751739502,3809300.0,0.0009217054020408178,0.006909241126479609,-0.0009204076477221518,0.0018442353990870018,14.364346027374268,14.183982753753662,14.116610391949559,0.020566491704465544,0.5817426109313963,0.0060961854391001664,0.17074224464177234,0.0072692862632868765,0.0682458766290644,77.77774246247927,0.27246127724414393,0.0013800816835243812,0.16669654846191406,1.008275465949892,105483500.0,0.12259360373251237,-0.27372116450366063,0.9999999880972134,0.06612714648000576,0.0016535667210741513,0.20408525436463631
VICI,2019-02-12,14.515705417353605,14.53570787183212,14.335675696405648,14.37568187713623,3118600.0,-0.006933189538664031,0.013914621729673393,-0.009646347607052928,0.0027637977313707198,14.367680072784424,14.220988941192626,14.14128386672924,0.010877790326910351,0.6205964851379395,0.006430615115939683,0.1724091761034101,0.0072001068809799985,0.058479659216738304,68.7499379220062,0.25926968015906837,-0.009449212321240963,0.0333404541015625,0.8234427437177703,102364900.0,0.22286155436797722,-0.4187032545107981,0.8672578353818864,0.07561166690274691,0.011497825036072249,0.15508960389724655
VICI,2019-02-13,14.37567729296056,14.44235508743141,14.31566740511411,14.382345199584961,3851900.0,0.0004634060987699899,0.008808555250151824,0.00046383251992347966,-3.1888405081262015e-07,14.379681396484376,14.253994226455688,14.164242088905976,0.009004561885611724,0.6557099437713632,0.006387459898036966,0.16717028748814972,0.007139811272604897,0.04889440712803827,66.41786265506221,0.24651129015773243,-0.017766081858061555,0.12001323699951172,0.9998079239171062,106216800.0,0.3676201169110528,-0.27428069311851716,0.8333267913991599,0.04132443523805014,0.005021843459820185,0.14458695531572327
VICI,2019-02-14,14.369014198656968,14.449027833173952,14.222324019111669,14.442359924316406,3006300.0,0.00416412318490945,0.015697144736061097,0.005104436855960064,-0.000926900358946848,14.38834981918335,14.280331945419311,14.190729501802208,0.011346233373032246,0.6790168476104732,0.005786359188066997,0.16574130671352666,0.0072106261406356216,0.04470161214359717,59.459511697308,0.23849365449244253,-0.020626974018681188,0.0866842269897461,0.7766511231383287,109223100.0,0.29674314809539504,0.15871443569089866,0.9333359845097083,-0.0377229510800155,-0.0015076948093007787,0.14533449568239765
VICI,2019-02-15,14.375678892440204,14.475694959387981,14.188982573277231,14.255659103393555,3451200.0,-0.013011591831215832,0.02011218029494675,-0.008348808424606976,-0.004617045429253716,14.371013164520264,14.293333911895752,14.196913273382336,-0.0026358307120246055,0.6925908470153814,0.006580752906292743,0.17193266258081685,0.007626107723475364,0.040608453015877524,47.101487577951964,0.21460064192331352,-0.03561598927024817,-0.17336654663085938,0.8819256603518043,105771900.0,0.0005942547506788417,0.3459098043538999,0.55999701383741,-0.108831296513761,0.0109968660975444,0.03909889761528127
VICI,2019-02-19,14.235656187264645,14.325671026104267,14.168978387556788,14.215652465820312,3014600.0,-0.00281031408100523,0.01102254285719396,-0.0014051843610994367,-0.0014031561770544716,14.357677173614501,14.300334882736205,14.19869795837643,-0.005921708659992571,0.6963687419891347,0.006531009304136385,0.17217075573522017,0.007594424758000414,0.03838076336387898,43.16543653476319,0.19024404113626225,-0.047978072045839565,-0.1333599090576172,0.7699478715714895,102757300.0,0.18452950170883176,0.4772212323733045,0.47999716799942194,0.013172171002553183,0.0010508805116433706,-0.0032677621408329304
VICI,2019-02-20,14.202319431675527,14.349010874102804,14.182316978088897,14.329007148742676,2095100.0,0.007942310773572903,0.011633317946144922,0.008920213186065704,-0.0009379122187211226,14.355676651000977,14.31800456047058,14.21110835745893,0.0007684442497295742,0.7148501491546622,0.00647508269311734,0.1728852178573594,0.007560098442934533,0.03184402075794345,53.47204840625658,0.17803574979962988,-0.04814909070597756,-0.020005226135253906,0.5328887294962089,104852400.0,-0.015910256255532863,0.5035650429798005,0.6811588046513888,-0.0006063711701306938,0.002478735250985786,-0.17482664008235055
VICI,2019-02-21,14.322340108427717,14.462363650889046,14.242327745684308,14.442359924316406,2342300.0,0.007879595138648209,0.015235453648698069,0.008379902654180493,-0.00046528278238340434,14.369012546539306,14.339341354370116,14.23313231620726,0.007184330674636839,0.7300052642822266,0.0066368288161787435,0.1752665267112555,0.007650644642472748,0.025741038602013544,54.421853427684376,0.17548433840160094,-0.04056040168320521,0.13335895538330078,0.6094977881863127,107194700.0,-0.08381080262798214,0.19966952906253094,0.9137968638168505,0.04751971737980265,-0.004430985114231328,-0.21622190010627115
VICI,2019-02-22,14.435695581006648,14.542379605530687,14.262333723211611,14.315675735473633,2241200.0,-0.00881040762384626,0.019562183964892007,-0.008314102002187405,-0.00046144420611880164,14.369680023193359,14.350676918029786,14.240993594232629,-0.0024389917462484434,0.7296841430664074,0.006955790943046743,0.17669536727745733,0.007856376964625976,0.019924861405390938,44.51628560197395,0.16137968661908886,-0.043732042772573865,0.006674766540527344,0.5951331428510733,104953500.0,0.06555674254565408,-0.1507960666290339,0.38463822019010013,-0.10791162061259328,0.003953982073480259,-0.2184298702562607
VICI,2019-02-25,14.288997952973126,14.379012790428707,14.202316433153722,14.242323875427246,2692400.0,-0.005137055981139064,0.01240642740752754,-0.0032664346163034296,-0.0018635363774271616,14.347676277160645,14.347676324844361,14.241120287679735,-0.007342823118659795,0.7167565250396741,0.006193935892518568,0.18169618481498492,0.007834588737928678,0.02085418399084249,44.805072380989536,0.14263851833428376,-0.04997856884590318,-0.22003746032714844,0.7231423548860589,102261100.0,-0.13149632173527112,-0.48225339564532615,0.10256456879213335,-0.05894056041082154,0.0005314056392966651,-0.34998397383844065
VICI,2019-02-26,14.275662849034099,14.288998663788671,14.175646781921387,14.175646781921387,1241600.0,-0.004692609241206971,0.007996240567438917,-0.007006054161574648,0.00234083804710925,14.317671203613282,14.341008615493774,14.23488471570275,-0.01153069759638335,0.6976879405975343,0.006271619218410719,0.17979115660225897,0.007680951300210138,0.023381855762224676,42.07311914980086,0.12101078622652928,-0.05728504076292615,-0.3000507354736328,0.3449588388756609,101019500.0,-0.011313254052982695,-0.6281280963483876,0.0,-0.030174541128619087,-0.001397345606803314,-0.372044399188939
VICI,2019-02-27,14.122306148499996,14.208986409167668,14.06896415614141,14.155644416809082,2101400.0,-0.0014120336623880715,0.009891619830460616,0.002360681602460993,-0.003762835956763345,14.295667457580567,14.331673765182495,14.227338020570018,-0.012282539447769235,0.6764835643768308,0.0062400697542574855,0.17860041450821917,0.007661650621491388,0.026098715327066823,42.85730783854565,0.101091311304355,-0.061763612548080354,-0.22003746032714844,0.6036224817346318,98918100.0,0.08308480276355873,-0.5667042440298771,0.0,-0.005825578751103761,-2.5442089233261606e-05,-0.35904892005517414
VICI,2019-02-28,14.168980106380111,14.24232582213357,14.055628214658135,14.208986282348633,5454600.0,0.0037611579708432706,0.013139403738278115,0.002823504279641641,0.0009420757669777177,14.278331565856934,14.329006481170655,14.225590235977506,-0.0083760307443323,0.6606174087524419,0.006200335844323882,0.18241064855128503,0.007725271610415087,0.026885453966147874,45.5622498626863,0.08858803890062639,-0.059413507961447176,-0.17335891723632812,1.57380625038771,104372700.0,-0.11647334386913072,-0.5039883494487245,0.16666566821330098,0.03935388596176461,-0.001978246799600704,-0.37212174899691575
VICI,2019-03-01,14.2089893758285,14.222325194645855,13.938946039532324,14.042295455932617,2898100.0,-0.011800721989301403,0.020180401131910976,-0.011731581711184364,2.1771291811129873e-07,14.238325119018555,14.313337469100953,14.208133590258946,-0.018936325210905543,0.6232672214508064,0.00649837643902938,0.19026912281294006,0.007994292666819353,0.0322365081396325,31.579176281952087,0.06448520355511178,-0.06681307464556943,-0.40006446838378906,0.8552512176875666,101474600.0,-0.02307275591058765,-0.56143248104258,0.0,-0.08374144994082701,0.005706457164613014,-0.6855216610424623
VICI,2019-03-04,14.06896403057211,14.215654190305619,14.00228622277564,14.208986282348633,2229000.0,0.011800721989301424,0.015016410269537647,0.00995256306521592,0.0018991606267781066,14.233657836914062,14.302335500717163,14.208214799029392,-0.006526851391777899,0.5880380344390872,0.006994401774629593,0.19836568587781972,0.007882212780915205,0.03194614633543847,39.69070682838106,0.05816361553633875,-0.058507730131473965,-0.046672821044921875,0.6722278517660684,103703600.0,0.1511367113042549,-0.5703677326161595,0.3846101285431352,-0.20532113026710805,-0.0027422157702296683,-0.7576134593969681
VICI,2019-03-05,14.175647988084012,14.282331971651425,14.03229114670779,14.068964004516602,1810500.0,-0.009903364339994112,0.017772511527029574,-0.00752586292048794,-0.0023462823879304754,14.218988990783691,14.288333082199097,14.194952818599601,-0.015353020987157216,0.5499830532073986,0.007213015998423042,0.20193773227190284,0.008191353914589397,0.034957716706917386,38.49998533968661,0.04137810286795052,-0.06023459423988976,-0.14668846130371094,0.5562271790940917,101893100.0,0.1368425693819826,-0.7317924442562248,0.061533043656201984,-0.3001389847816533,-0.0017072953390936203,-0.6750370330200954
VICI,2019-03-06,14.028957183761184,14.095633716595884,13.942275656238726,14.022289276123047,1597600.0,-0.003323082162207962,0.010936734889522938,-0.0004752960288349542,-0.002843622369250066,14.188317203521729,14.271996927261352,14.178508671697074,-0.01749633582539043,0.5039634037017819,0.007227901755714793,0.20384275927474985,0.008217584388081749,0.038473006364720064,36.89338521184653,0.024032174690463037,-0.0620644179339018,-0.3067178726196289,0.523398288537394,100295500.0,0.2103462818799597,-0.7345385766571593,0.0,-0.2645966123728913,-0.007994481082829906,-0.5652184424669245
VICI,2019-03-07,14.042291667533819,14.118970697386237,13.925606463796084,13.962279319763184,1822100.0,-0.004288795672394914,0.013849044927532084,-0.005697955124776835,0.0014264711714963602,14.140309143066407,14.254660844802856,14.157915400084322,-0.02051129298851561,0.4522359371185303,0.007253596550972519,0.20146136066959766,0.008294029844328832,0.043020140921675734,32.52423308474792,0.005381070058989579,-0.06457241805230021,-0.48008060455322266,0.6209435984467039,98473400.0,0.238281571373797,-0.7604551857431427,0.0,-0.25392748101614016,-0.007428870020683986,-0.4690053381500753
VICI,2019-03-08,13.92893999550833,14.195651216899744,13.902269636433202,14.108969688415527,2577400.0,0.010451384181284645,0.020793976239627882,0.01292486671385273,-0.0023878138727437617,14.119638538360595,14.244659280776977,14.153253903734914,-0.009525646748501844,0.3966380596160892,0.007711132300554975,0.20193773169501142,0.008665419419201733,0.04382767569351795,44.500042550787406,0.0024088542993716544,-0.05403570704953451,-0.20670604705810547,0.896808247824438,101050800.0,0.17529799302786,-1.0770794458968185,0.28571321872077643,-0.30434859809892867,-0.002737225012829135,-0.6224343837606062
VICI,2019-03-11,14.17565343020104,14.349015287996075,14.17565343020104,14.315675735473633,2336700.0,0.014544398907203224,0.012109931867585657,0.009877661439879549,0.004726336738838167,14.126973724365234,14.23732500076294,14.168722649614791,0.005503192116952731,0.3470567703247074,0.008059258217753964,0.20789151462594482,0.00866811664014082,0.04174245296099319,53.333553701356415,0.01654211517269033,-0.03192195694097267,0.07335186004638672,0.8704106205964028,103387500.0,0.3091555230908288,-0.8616531156841863,0.6883207694181819,-0.12814627254876831,0.014547593411924936,-0.15909781420598948
VICI,2019-03-12,14.335672598171575,14.382346677565618,14.235656532073872,14.309000968933105,2542300.0,-0.0004663645099248868,0.01025159938211141,-0.0018605076989461563,0.001396850771660813,14.140309143066407,14.228990173339843,14.182082489549868,0.005623083199760328,0.2972485733032215,0.008052533051313142,0.20646267530293333,0.008727420023398349,0.03903494746592117,49.28219678305906,0.026894208666529806,-0.017255890757706553,0.13335418701171875,0.9698826321080251,100845200.0,0.338359604999943,-0.8389622519105362,0.7222154751917892,-0.1082689158538167,0.0014427357223971205,-0.15992374848605284
VICI,2019-03-13,14.355678599764731,14.435690956639446,14.168980980767923,14.322339057922363,7793100.0,0.000931712587789094,0.018621956566793666,-0.002322393999745472,0.0032621166867602943,14.156978607177734,14.22632303237915,14.195440257966297,0.006749180749282846,0.25577507019042933,0.007916262018234883,0.20979653749341803,0.008886880053611872,0.03834617712204258,45.36081410153857,0.035762343617637526,-0.006710204645279064,0.16669464111328125,2.7296609071198645,108638300.0,0.2216270646909556,-0.7526506608754315,0.7499984945117228,-0.10658522945729927,0.00810908073070655,-0.05193192103384608
VICI,2019-03-14,14.342339448918677,14.369009804419132,14.248991297007306,14.282329559326172,2799200.0,-0.0027974122142639594,0.00840328651662122,-0.004184107467699754,0.0013964472503708008,14.164312934875488,14.22132225036621,14.20371542952438,0.004289847869693738,0.21556859970092646,0.007936320022381035,0.19836601071432877,0.008879496016496532,0.03716293115778844,48.618497265125576,0.039111123607353804,-0.002689139724450229,0.07334327697753906,0.9988812900670334,105839100.0,0.2861859640512705,-0.7542873920855382,0.6666593689912612,-0.11208911498116092,-0.0006816182440495431,-0.05094536144864164
VICI,2019-03-15,14.302335795348256,14.40235187166937,14.299001205465952,14.362345695495605,4205200.0,0.0055868215354724984,0.0071959461493697275,0.004195811160220932,0.0014007684067911918,14.196317958831788,14.217321538925171,14.218823073902591,0.010200525898874623,0.17076123237609941,0.00798519481070081,0.19431786464777265,0.008675869628028965,0.03549415159146371,54.94509207901963,0.04767215442070771,0.0046975128711229455,0.3200502395629883,1.469178417205864,110044300.0,0.26456040950144555,-0.8195972497649139,0.833331660568581,-0.07938627805750882,0.0037764710659356888,-0.005568940505320059
VICI,2019-03-18,14.342342783027783,14.415688503307509,14.242326701047649,14.322339057922363,3146500.0,-0.0027894093212086405,0.012104293967539162,-0.0013947320467819135,-0.001392732976347691,14.20765323638916,14.220655536651611,14.228681739047332,0.007150410261234319,0.13795597076416044,0.007441082129221183,0.1986042875329566,0.008407927621469514,0.03602947692589882,56.17977257241299,0.050644829645603906,0.006136150476815309,0.11335277557373047,1.105180985899415,106897800.0,0.38645329736103334,-0.7090712706878703,0.7499984945117228,-0.14156997135044902,0.005596860270881251,0.2140722166678298
VICI,2019-03-19,14.329009787625344,14.362349336032157,14.215657866589643,14.26233196258545,2306700.0,-0.0041985568729239085,0.0102852373530031,-0.004653344929492479,0.0004657570021211404,14.226990032196046,14.222989511489867,14.231886522241437,0.002766116860579799,0.10815129280090297,0.007477423143962861,0.19908066013411777,0.008391217808672321,0.03611606189240478,54.34792409652415,0.04760980884455002,0.002480903740609136,0.19336795806884766,0.8204079455124216,104591100.0,0.4033922320942049,-0.7389425765493584,0.6250047048900393,-0.10624697043485745,0.0014250669491768628,0.21021560436754852
VICI,2019-03-20,14.248993747189237,14.449025899045278,14.148976399487811,14.302335739135742,2309400.0,0.0028009289742953816,0.02097905580110499,0.003743562029215381,-0.0009352057876090918,14.254994678497315,14.221655941009521,14.238595971469467,0.005673024186555734,0.07454574584960838,0.0072809832675367996,0.207177223854263,0.008711571150943072,0.03583130088419755,53.84615989123687,0.04788056607457847,0.002201328776510067,0.2800464630126953,0.8182499428670637,106900500.0,0.4865721281549166,-0.4424657184098667,0.7083319114832938,-0.1929923344995673,-0.0028427904088080542,0.1624950865209439
VICI,2019-03-21,14.295669971761479,14.522373789423424,14.23566006286428,14.509037971496582,2682000.0,0.014348901300920995,0.019761043228531172,0.014925358528601563,-0.00046606145288730343,14.309670543670654,14.22498984336853,14.26435235242443,0.01996824822061095,0.04920828819274803,0.007787583114440477,0.20741540752894963,0.008878243801054893,0.037727223623669905,68.61679263871824,0.06403611729982828,0.014685504001407897,0.5467586517333984,0.9445823868138835,109582500.0,0.5737548474365611,-0.5130767654620302,0.9999999817103948,-0.0681407389062041,0.012311687509545874,0.4576317037780688
VICI,2019-03-22,14.522370315040677,14.629054289384781,14.467027828480846,14.60238265991211,3254400.0,0.006412947654062942,0.011095891997731677,0.00550959265847702,0.000918899210980521,14.359011840820312,14.239325189590454,14.296545715042305,0.025496817123543552,0.03647261619567921,0.007599487895530003,0.2037481570556607,0.008616347166743882,0.044280698801033816,66.66642424947638,0.08341014406159175,0.02724762461053709,0.49341297149658203,1.126086068906336,112836900.0,0.41227983287489306,-0.6011105560175638,0.9999999843775227,-0.0430701138136827,-0.019453403425356553,0.19706716668683244
VICI,2019-03-25,14.60237998356341,14.635719514293724,14.489028122626458,14.609047889709473,2251900.0,0.0004563439576649216,0.010041132918086663,0.0004566314637455496,-1.8328164398402826e-07,14.388349056243896,14.257661390304566,14.326307826915368,0.024645451297072806,0.030271558761597817,0.007463288841725333,0.19636605467877719,0.00856237817177037,0.04994111469281898,75.79568571040747,0.09817038114867138,0.03360628935809337,0.29337215423583984,0.7851854176364241,115088800.0,0.3431756302898265,-0.4887614546402542,0.9999999845385191,-0.08586301487313078,-0.0006423870346508054,0.19955901020764846
VICI,2019-03-26,14.642390085693885,14.729071617126465,14.595716001894836,14.729071617126465,2781300.0,0.00818214657526894,0.009053905004886235,0.005919903166442137,0.00228229767169824,14.430356121063232,14.285332632064819,14.364666283125949,0.031062558814040558,0.03407223701477058,0.007476581000821259,0.19493730859838226,0.008582667230735669,0.05753730845374622,81.54719894978176,0.11819046104048958,0.04290109539992926,0.4200706481933594,0.9444238820768972,117870100.0,0.1293295346099528,-0.6034901040139616,0.9999999869586589,-0.11192380955827315,0.00889774455066869,0.22727703022776513
VICI,2019-03-27,14.735735852569006,14.762406205904403,14.549038292128884,14.642386436462402,2918600.0,-0.005902698612721371,0.014571935708798897,-0.006334900207262395,0.0004524545481055203,14.462360858917236,14.309669733047485,14.391115821538945,0.023251179770174848,0.03827277183532729,0.007647221051215373,0.19636614289733703,0.008701491854056779,0.060874455645992295,79.65048595357996,0.12561375183107337,0.04025950895241043,0.32004737854003906,0.9774836477629336,114951500.0,0.16060388233694836,-0.7640504424329903,0.8869508863982462,-0.14735011037351642,-0.005220661050504703,0.2580554241000954
VICI,2019-03-28,14.647792863035297,14.776164100469167,14.620766796765528,14.72886848449707,2279200.0,0.005888907245864368,0.010550525579558469,0.005535006005332912,0.0003692312449446062,14.507014751434326,14.335663843154908,14.423282741820671,0.02742842226521044,0.044134302139282156,0.007692180143320523,0.1865101231285582,0.00863665110039405,0.06569188286195451,78.52299045768532,0.13689707748650548,0.04123426768627403,0.44653892517089844,0.8062085700338868,117230700.0,0.11980091452167847,-0.8322054542102093,0.9997350747686905,-0.15989554748472287,0.004863995661991091,0.27518990045390623
VICI,2019-03-29,14.789677354659492,14.823459940945227,14.684954558858461,14.782920837402344,2699500.0,0.003663106479705173,0.009369283892553421,-0.00045684007129606435,0.0041285500122719195,14.549072265625,14.372695112228394,14.457533989018927,0.02854201817896539,0.06381926536560023,0.007003565068973748,0.17925725045043098,0.008299171439229732,0.06816177592236769,75.01281420324246,0.14848907784731935,0.042261014437670316,0.4205751419067383,0.9582447384394757,119930200.0,0.21596924958992222,-0.8312434363619018,0.9999999878144114,-0.028606791160537798,0.006613141640268568,0.33914713300029836
VICI,2019-04-01,14.789677157310418,14.847106908892894,14.590364411242797,14.722114562988281,2262700.0,-0.004121761568827154,0.017439240575912413,-0.00456822644629138,0.0004570355197316798,14.589049816131592,14.398351526260376,14.48273213892077,0.022486118368301517,0.07494578361511195,0.006798547021369452,0.18711813274745598,0.00838087700863553,0.07044920839051262,70.90353358561512,0.15102830321552574,0.03584019184470136,0.39977550506591797,0.8027131968575447,117667500.0,0.4251811464743325,-0.5382482563480895,0.9259039637087445,0.10393935651005413,0.011514704227779747,0.2924028162345438
VICI,2019-04-02,14.742382825815369,14.77616541165032,14.566717245495273,14.722114562988281,1469900.0,0.0,0.014226771925930016,-0.00137482950121171,0.001376722259589168,14.635028076171874,14.43100905418396,14.505530465022437,0.020172221340261826,0.09467368125915598,0.006244138169516857,0.1830280034819934,0.00826371207835276,0.0695668481693775,70.5054115952833,0.15129660453573912,0.028886794531931784,0.45978260040283203,0.5246298341949864,117667500.0,0.6637650085065092,-0.5074386267170983,0.9259039637087445,0.037741350088645126,-0.0007517789115523778,0.2664672568756825
VICI,2019-04-03,14.735627561049693,14.877511856267665,14.654551925502847,14.809947967529297,2709100.0,0.005948359579293073,0.015054740992585226,0.0050435861093594105,0.0009178707313814607,14.68578929901123,14.470391988754272,14.534522608118328,0.023465568799996006,0.1173699283599845,0.006149692982703566,0.19038096229292137,0.00838108424586788,0.06778015423593771,75.79716199883615,0.15678928764703137,0.027503582114579206,0.5076122283935547,0.9481129434163004,120376600.0,0.49954171777688783,-0.5908529214147772,0.9999999882029376,-0.032085568749736566,0.0013349937391082007,0.23763943398524354
VICI,2019-04-04,14.843729532834947,14.843729532834947,14.722116077341314,14.816704750061035,2486800.0,0.00045612865640224867,0.008207861163807893,-0.0018206194551128373,0.0022810049960821205,14.716555976867676,14.513113260269165,14.561397097827157,0.02091842627749462,0.14406958580017104,0.005952623467157185,0.1904946153750953,0.008248254316679724,0.06219722947640122,73.92951784354577,0.15984490193736356,0.024447357123929092,0.3076667785644531,0.8603073069731318,122863400.0,0.5112618811567172,-0.4333479032382404,0.9999999858704189,0.0391454920019605,0.0022389369459948003,0.1933895568231456
VICI,2019-04-05,14.823458407050126,14.992367454978812,14.823458407050126,14.945073127746582,2964900.0,0.008626445252159996,0.011301988721292676,0.008204206964186962,0.0004558136983233504,14.750825023651123,14.554918432235718,14.597937672105198,0.026805694399960573,0.1687525844573976,0.005843453544242522,0.19065896556494646,0.007904674256002128,0.06164261167829464,80.0045949969673,0.1706575198783522,0.0282079800519342,0.34269046783447266,1.018876483262714,125828300.0,0.5221133560400857,-0.2895096636860072,0.999999985353161,-0.14987688085030618,0.005328804702860892,0.2518002285584577
VICI,2019-04-08,14.972099708944134,14.972099708944134,14.850484973597151,14.918048858642578,2966300.0,-0.0018098761739085503,0.008152187762579059,-0.003610104885239729,0.0018083940417377338,14.781725120544433,14.585037088394165,14.628424451775425,0.02283242532947707,0.18655697822570794,0.005227855197771789,0.1888677702724085,0.00781146128659978,0.06330668761386261,82.63090204118437,0.17502834699899772,0.026063045738063784,0.30900096893310547,1.0084482143160687,122862000.0,0.5514409860810086,-0.03980938268180988,0.9604179737693043,-0.14851547728814338,0.0010273536543555692,0.13652029227435744
VICI,2019-04-09,14.91804432655829,15.002498835039411,14.884263038635254,14.884263038635254,2777300.0,-0.002267329769420348,0.007943678239040195,-0.0022644582080303772,-3.0379872939446055e-07,14.797244262695312,14.613800191879273,14.65279003147636,0.018507359017148346,0.2038148403167721,0.005288995291662025,0.17588107719002924,0.0077622565464324335,0.06308196284934099,79.13918827928389,0.17376299403596818,0.019838154220027382,0.15519142150878906,0.9404374915346065,120084700.0,0.5633854449364921,-0.12496940868699989,0.9109324275088925,-0.11676810645057838,-0.008844141120722944,0.16530677192995064
VICI,2019-04-10,14.904535020960516,15.032906266763808,14.904535020960516,15.02614974975586,4264600.0,0.009487517034728457,0.008543189568929839,0.008159578854644866,0.001361974205416953,14.835620594024657,14.648990726470947,14.688348099883932,0.02574641695986471,0.22532920837402237,0.005542370999237021,0.1660188987307014,0.0074368964511962316,0.0647836915004719,77.69109696845274,0.18211001360975487,0.022548139035051262,0.38376331329345703,1.5358104275643507,124349300.0,0.3784575789615082,-0.6542814862221549,0.9999999869078724,-0.18154013560956386,0.0047147143689799005,0.20203227668996507
VICI,2019-04-11,15.02614972890596,15.086957093219256,14.914670420114149,14.985611915588379,2220300.0,-0.002701464797233234,0.01149680600802766,-0.0026978177410010677,-1.3875743242181672e-09,14.861294937133788,14.684154844284057,14.716658939474831,0.020529412451794363,0.24602772712707477,0.005537676772710665,0.16675177103078515,0.0075111622332187525,0.06322783637314341,71.75194516828535,0.1833405861785966,0.019022969283114394,0.2567434310913086,0.8080194189596882,122129000.0,0.37917478256457665,-0.6501553143287236,0.9469273374911472,-0.21188947761292526,0.001148471046911766,0.19326118674603637
VICI,2019-04-12,14.992368589945432,15.032906403688493,14.924804707924418,14.96534252166748,2532600.0,-0.001353505916332982,0.00722346953352794,-0.0018026550051655232,0.00045087744131586805,14.879537105560303,14.714304685592651,14.740343090159845,0.017060801814212125,0.2639842319488519,0.005545733254549746,0.1639953641805572,0.007511424560944188,0.061769019990874,69.91558311406408,0.18059842686785998,0.013024647977902204,0.18242168426513672,0.9506043089858118,119596400.0,0.5573697331880629,-0.5189575328035584,0.9203903885014967,-0.1496594170479676,0.006460658262540957,0.16562365507102683
VICI,2019-04-15,14.978855683943182,15.032906532287598,14.89777876708962,15.032906532287598,1737400.0,0.004504537897721383,0.008988798334357487,0.0036084764740978155,0.0009029637815597554,14.910616302490235,14.749833059310912,14.768206275124394,0.019191639107941878,0.2874349880218503,0.005448513203887115,0.16412194632101076,0.007433169438210672,0.0591401323847006,68.04132935276503,0.18178163136768788,0.011366281982184062,0.3107919692993164,0.6698422551176002,121333800.0,0.4108091753103751,-0.5132913134089022,0.9999999870226707,-0.23418424990585135,-0.00228633481280604,0.1773162845644315
VICI,2019-04-16,15.032908450473437,15.03966496846285,14.816705029508407,14.863999366760254,2313400.0,-0.011299427654808422,0.014999996532093416,-0.01123595505617968,1.275991329674157e-07,14.924804782867431,14.779916429519654,14.77732942670876,0.005688999504263971,0.3072186183929446,0.006089698900482936,0.16480709097664814,0.0075745815980087505,0.050474118628724626,61.988480888841195,0.16716298201502688,-0.002601893896381574,0.14188480377197266,0.8917997902917412,119020400.0,-0.09935992972510654,0.07883521904404299,0.7688010870422987,-0.24868285493851308,0.0034697586542385746,0.1490606126382333
VICI,2019-04-17,14.897782028207398,14.897782028207398,14.654553801751915,14.76941204071045,2365900.0,-0.006383851388543467,0.016468375706835788,-0.00861671806272196,0.0022727841016120707,14.920751190185547,14.803270244598389,14.776575389947016,-0.0022872110910962013,0.32216444015502965,0.006371292293269874,0.17108072831606563,0.0073701844857682495,0.04026941606710959,52.174197659539864,0.14625920529298675,-0.018804536494737373,-0.040535926818847656,0.9110460336438954,116654500.0,0.017039908236042366,-0.33282483849104394,0.49702174119878045,-0.07366996909512252,-7.793144172846947e-05,0.16960615337835788
VICI,2019-04-18,14.83697221878835,14.850485253787175,14.708602252321349,14.79643440246582,2017500.0,0.0018279449114805338,0.009588999458016846,-0.002732216231502828,0.004574330913896782,14.918724155426025,14.81764006614685,14.778466724472617,-0.0014311093795210908,0.3267855930328363,0.005614205978314488,0.1713219868431414,0.006986492270684004,0.03564804398247447,50.746317395041544,0.13037046087537085,-0.027754624729882632,-0.020270347595214844,0.786954690132934,118672000.0,-0.2958351048578183,-0.4567721936558505,0.4507339789908928,-0.2200329188621735,0.000861564306106559,0.025650245982224918
VICI,2019-04-22,14.77616626220697,14.796434526200755,14.536314399330877,14.695089340209961,1842700.0,-0.006872853506569674,0.01770115994859016,-0.005487006613101016,-0.0013697989466619012,14.893725776672364,14.822275400161743,14.770526021209507,-0.008580737877154432,0.3236991596221923,0.005721756389963864,0.17156324607312584,0.007228214397025406,0.033886626984534825,48.57143721341028,0.10835180474571438,-0.03981862468763128,-0.2499837875366211,0.7391214534544411,116829300.0,-0.0916663012339643,-0.6494349968914481,0.20299562124576245,-0.2275680347363088,0.001131093118040863,0.34994767069787724
VICI,2019-04-23,14.742380208952307,14.972096597158373,14.72211194972296,14.951827049255371,2235600.0,0.01732012353650951,0.016719337818174064,0.014207125127316804,0.003218140948142763,14.897103595733643,14.839414358139038,14.787792785785303,0.00757527813452271,0.33104880332946784,0.006887383221348231,0.17638889541550906,0.007451833270025731,0.03183553304814037,59.55045220432261,0.1103464434882575,-0.030259188756070532,0.03377819061279297,0.8970099667774086,119064900.0,0.4346493938764042,0.21607927439180477,0.7923807460286837,-0.3567501514333327,0.0068640037930022485,0.515301863480065
VICI,2019-04-24,15.032905073598375,15.195057602897462,14.999123779913722,15.188301086425781,5065100.0,0.015691963118935177,0.012900312014412963,0.01033705807803719,0.005422616518764619,14.927507400512695,14.862375831604004,14.825936433465348,0.021929552752172773,0.3397582054138173,0.007480002209133509,0.1778367970496,0.007554841695833152,0.037253176747788226,63.99994071589788,0.12951571106950688,-0.00887193693985694,0.30403804779052734,1.9432796080522698,124130000.0,0.5590277580790989,8.085737013279396e-05,0.9999999816821185,0.04355394946237686,-0.003342337622360177,0.2327129975060719
VICI,2019-04-25,15.195063698476863,15.269384120805627,15.107231526458177,15.262627601623535,4864200.0,0.004881733727558797,0.010624159782959096,0.00444643763839203,0.0004452513821395016,14.951155185699463,14.89338788986206,14.867526068528031,0.024792190634665246,0.3530313491821282,0.007301297786967303,0.1807324498248726,0.007436981061787369,0.04163494826504803,65.71438365648177,0.1489875861866068,0.008479950541794373,0.23647785186767578,1.7990568654646324,128994200.0,0.4221965484626371,0.08551684722031039,0.9999999823800428,0.11181821971441992,-0.004360330873793216,0.05708151252475402
VICI,2019-04-26,15.215329593949718,15.384238666825695,15.208573076393805,15.370725631713867,4051700.0,0.007057567479262867,0.01142858148931147,0.010213123337528033,-0.0030989426531500717,14.989666557312011,14.9254807472229,14.915449836450492,0.029831192176091925,0.36535659790039077,0.00733820095849968,0.1807326559330236,0.007461324484652105,0.04906273728199097,65.21745949377532,0.17116866924924246,0.02452882688354402,0.3851137161254883,1.450987062984019,133045900.0,0.39928003957265995,0.006923247749016484,0.9999999851991375,0.11927915171036504,0.002468671133576059,0.037413602057201546
VICI,2019-04-29,15.397756635172483,15.411268385939339,15.225468603982794,15.26938533782959,2149400.0,-0.006614901852872395,0.01216812450834088,-0.00833701300679474,0.001758602951238915,15.020070838928223,14.949803972244263,14.949157979438978,0.021376960271764105,0.373139314651489,0.007581888962554165,0.18531730211942093,0.007532280839325481,0.05218998133806261,61.926835095689086,0.17851224456681614,0.02549792176089416,0.3040428161621094,0.777396405617624,130896500.0,0.49750941558121287,-0.17060225092615597,0.8500076096285785,0.08357778909399888,0.0008659325803628836,0.03370561278839304
VICI,2019-04-30,15.228842384413682,15.438289270586468,15.174790244834705,15.40450668334961,3067800.0,0.008810242889279963,0.0171053206161138,0.011534973867463202,-0.0026551791391015564,15.057230854034424,14.98392357826233,14.992524522668562,0.02806895689840768,0.3842819690704342,0.0076174836738519165,0.19569324707282135,0.007522796037908586,0.05661367717203245,66.52387763397907,0.19301034117258808,0.031996814693332876,0.3716001510620117,1.093641103337641,133964300.0,0.28094632840697636,-0.3768436702359006,0.9999999859039252,0.01491052620945224,0.0033870337494042377,0.3281065095907593
VICI,2019-05-01,15.438286248497088,15.53287489689642,15.313293921873157,15.424773216247559,4501700.0,0.0013147589488519682,0.01423560476026765,-0.0008752935417844337,0.0021928365407500997,15.113308238983155,15.019056510925292,15.033691064914182,0.02701346153316198,0.39523248672485245,0.0076022828422330786,0.20076022899387194,0.007521471661375351,0.05972959527594507,63.72105604208096,0.20378640420119076,0.034218302177548426,0.5607738494873047,1.5225342990447168,138466000.0,0.2552761714777216,-0.363586457164547,0.9999999862954353,0.016095127253188783,-0.009189911751481436,0.2581196028674253
VICI,2019-05-02,15.370722375923128,15.549765542871489,15.147762498500642,15.424773216247559,4473600.0,0.0,0.026062168871786102,0.0035164801629035004,-0.0035041578612965687,15.178844356536866,15.049797773361206,15.070936984088789,0.02491564661088505,0.4040584278106696,0.00757037410919782,0.21716854122713908,0.008051891567657727,0.06270741140397422,65.55037915729017,0.20990683644068042,0.032270987533630446,0.6553611755371094,1.4691915111627816,138466000.0,0.3818480493138816,-0.2511800989012828,0.9999999862954353,0.0238845750343585,-0.0006154724944976289,0.2574299213309026
VICI,2019-05-03,15.478823901780776,15.532874741564688,15.296401834257447,15.445042610168457,2106100.0,0.0013132178661398536,0.015310602455156492,-0.00218241979020338,0.003504147826062302,15.24370517730713,15.081214666366577,15.106566091334471,0.024124578281699817,0.4154216670989985,0.007563218267141613,0.2263379134802224,0.008237517338892214,0.06496150388917483,66.98582786502163,0.21392687789333742,0.029032823189029944,0.6486082077026367,0.696023173232471,140572100.0,0.364532680990898,-0.24933881049581108,0.999999986665836,0.036415184771820236,0.009772211067265914,0.20217135255750548
VICI,2019-05-06,15.377482149269781,15.407885833934415,15.255867410611245,15.370725631713867,2287800.0,-0.004823317851399452,0.009890126658009958,-0.0004393773629732179,-0.004374248916231322,15.31126880645752,15.10249729156494,15.131724142799175,0.01776052893575009,0.4156032943725574,0.007548477213748061,0.23019844450588195,0.008204544459427844,0.0664506632640352,61.90499236086045,0.20871014994797754,0.019052876194936064,0.6756362915039062,0.764626259587908,138284300.0,0.581682283816817,-0.022921390624059235,0.9009045090666145,0.06276148355867739,-0.00612691571312733,0.21797218760619022
VICI,2019-05-07,15.357213438768202,15.370726474621065,15.026151792417247,15.13425350189209,2000700.0,-0.015504148727387475,0.022767867748530818,-0.01451825474491782,-0.0008790862103338809,15.329511451721192,15.113307523727418,15.131965034141357,0.0013859294619518337,0.4085749340057383,0.008415823438667836,0.23888521188083736,0.008682464762066173,0.06541443520849229,59.09103158002798,0.1833806330825194,-0.005021312536417688,0.18242645263671875,0.6796386945991025,136283600.0,0.22596199732613223,-0.07685051051033714,0.5855886938802816,0.1354531417066089,-0.017653340209353878,0.5066024337437048
VICI,2019-05-08,15.086960414058996,15.188305613997294,14.958589140177612,15.012639999389648,2399900.0,-0.008068105736489627,0.01530153749300731,-0.00492613572446915,-0.0031249039027383078,15.311945343017578,15.119726371765136,15.120600745117386,-0.007082560209255023,0.3982539176940918,0.008621170676028946,0.23792008669256579,0.008856902684881849,0.06415965219633242,58.035791366793134,0.15174440020388857,-0.029326036332038813,-0.1756610870361328,0.8205066839891962,133883700.0,0.2623537778989312,-0.28402616322446156,0.4234272556248589,0.2519302652074667,-0.0022299090060310355,0.5429602183482322
VICI,2019-05-09,14.9923699533181,15.01263821769585,14.71535917164768,14.911293029785156,3803200.0,-0.006773665547916204,0.019936503524835673,-0.0054078790601748685,-0.0013501986374396815,15.276811885833741,15.113983535766602,15.100666676990507,-0.013410793091165355,0.3773981094360348,0.008487594124531915,0.2490199314265759,0.009183261553114929,0.06515392063439093,53.617073929605844,0.11714423840513,-0.0511409585046379,-0.3513345718383789,1.3106212286729408,130080500.0,0.48847511917221437,0.02502384473277558,0.28828954463291423,0.30872725832731124,-0.002544228010741658,0.5107163053371697
VICI,2019-05-10,14.904539444524671,15.1477689743042,14.803194236674612,15.1477689743042,2801800.0,0.01573441135295917,0.022747556964600135,0.016319157709289763,-0.0004529174798587203,15.254516220092773,15.122091388702392,15.105152610068,0.0016980181472114723,0.3667303085327145,0.009201607210027458,0.25505240362369797,0.009565656512110625,0.06464641920040022,63.13745157203043,0.10756505036596664,-0.048576117235041016,-0.22295665740966797,0.9559504658117544,132882300.0,0.3666314880668718,-0.5304371329701455,0.6036104463991283,0.2077428886292092,0.004875064014020917,0.6165375620734408
VICI,2019-05-13,15.032906786048846,15.191681719535572,14.938318122017893,15.168034553527832,2267900.0,0.0013369648753470916,0.01670378562387637,0.0089887983343574,-0.007582779249551448,15.244381141662597,15.13222599029541,15.111141366587983,0.0023663777725356863,0.3543501281738273,0.009191552392103388,0.25336357080721694,0.009780771994755041,0.06390158801022516,57.27291975439339,0.10045080337459211,-0.044552291381132425,-0.10135078430175781,0.7772983236623744,135150200.0,0.3196227228749771,-0.5422653906491868,0.6306329020176361,0.2034692439066907,-0.02337113505871957,0.3837319163632336
VICI,2019-05-14,15.168035526969806,15.168035526969806,14.830217375266017,15.039664268493652,5739400.0,-0.008499227865404028,0.022461814683688068,-0.00846327517152112,6.417719914230887e-08,15.207896900177001,15.132563877105714,15.104334023912331,-0.006139052798092628,0.33807445526123203,0.00936548711898052,0.260119827811624,0.010165717561691028,0.06386277301952512,44.6079011371853,0.08349186002107878,-0.049208987787716596,-0.36484241485595703,1.8408670299605165,129410800.0,0.47456974621034587,-0.5712617352150333,0.45946185914776033,0.23361748786840594,0.009969203752414307,0.26659716651558407
VICI,2019-05-15,15.039663756491839,15.113984159712224,14.958586835826516,15.066688537597656,1504400.0,0.0017952540805051727,0.010313966701968205,0.00179690061848305,-3.4043433699741764e-08,15.172088432312012,15.142698335647584,15.10074873950141,-0.005019567607114778,0.32825442314148034,0.008983488162417149,0.25963730849292815,0.010062061876783147,0.06177786661747731,42.63930039014499,0.07140924655273473,-0.04903328100484852,-0.35808467864990234,0.4888669361652347,130915200.0,0.412285871347637,-0.4052005407550715,0.4954964626706617,0.1797432358592644,0.004626030807521349,0.31281399374656554
VICI,2019-05-16,15.080202377157567,15.336944899069099,15.03290804119334,15.296405792236328,2396800.0,0.015131635481816822,0.01987635932292495,0.014336904085998912,0.0008969349519762343,15.159251689910889,15.169048023223876,15.119382744523783,0.00839589727829107,0.3291217803955071,0.009378150451715186,0.26880668473891883,0.010177844050010359,0.057697012615221886,47.44183481468156,0.07945405407375539,-0.0327907787870623,-0.12836742401123047,0.7784686889486873,133312000.0,0.219248558919088,-0.7418470486142449,0.8018052165324822,0.18200068585170137,0.008205363971545903,0.39234602097000676
VICI,2019-05-17,15.19505749609048,15.293025051230606,15.073442777802564,15.28964614868164,2404000.0,-0.0004420082511988393,0.014361501325325017,0.006224961808502408,-0.006625628106524746,15.143712043762207,15.193708610534667,15.13559830682453,0.006314293672872888,0.3272350311279286,0.009391469550139529,0.27146120134443447,0.010280975714190592,0.05310706581057628,50.74596888876091,0.08431227581863965,-0.022346045633742442,-0.1553964614868164,0.7759369180069654,130908000.0,0.2578395495348746,-0.7432462838800227,0.7927917969831182,0.15690704386567358,-0.00836217881147757,0.38972114998569507
VICI,2019-05-20,15.289648458584878,15.289648458584878,15.019394204157024,15.066688537597656,1996900.0,-0.014689627230617962,0.017937203238353107,-0.014582409895894875,1.5107630452082996e-07,15.113308334350586,15.212288570404052,15.129035471660066,-0.009571211598606199,0.3266606140136705,0.009906289417146998,0.271943717678441,0.01028401484248007,0.04407198170510347,38.31771200918151,0.06937195891327264,-0.029829090031287572,-0.30403709411621094,0.6429376348240445,128911100.0,0.12839090703306336,-0.7832723020229676,0.29113934813684084,0.2742980229651197,-0.007248404741563164,0.46108630795262934
VICI,2019-05-21,15.066687535328516,15.147764450600425,15.039662756020444,15.113983154296875,1375500.0,0.0031341022423241344,0.007152429209188813,0.0031390854066270435,-6.652219152667886e-08,15.111281299591065,15.220396375656128,15.127601917625476,-0.006991488180258726,0.31880227088928237,0.009165299301715018,0.2639809119324923,0.010078359336903358,0.04152127249847828,39.44960959732095,0.06064880872224521,-0.030841792177852018,-0.020270347595214844,0.44908493435132446,130286600.0,0.10233104319912964,-0.4895093733061465,0.37974759730712143,0.09215986407239217,0.009182102491316303,0.36969751245438326
VICI,2019-05-22,15.053174623013417,15.188301086425781,15.032905073598375,15.188301086425781,809200.0,0.004905114119239919,0.01023129657116741,0.00897660904071236,-0.004023329301261668,15.128847408294678,15.220396375656128,15.133382790844554,-0.0021087025881717713,0.30121626853942907,0.008512473523787633,0.24636612396510366,0.010022125070466905,0.04152127249847828,42.35807241183979,0.0590517732868836,-0.025951062090570895,0.1756610870361328,0.2839198624609663,131095800.0,0.013818132457061486,-0.2067223171626927,0.5189850477293998,0.0519994190251137,-0.005581273202595256,0.372040400595444
VICI,2019-05-23,15.147770560207308,15.26938533782959,15.080206651675555,15.26938533782959,3885100.0,0.0053243993539494085,0.012389410704394805,0.008028559525568748,-0.002668535867694704,15.164656639099121,15.220734262466431,15.146335414366938,0.0031963684881569704,0.282613229751588,0.008526411058684175,0.24298796531130318,0.01005933823532851,0.04154722549774208,44.53807777345492,0.06359583938783686,-0.017125596791694106,0.3580923080444336,1.3869685432207186,134980900.0,0.008307350359726169,-0.2254233629975532,0.6708994526577103,0.04587824263481406,-0.012539173900544124,0.32017056426215645
VICI,2019-05-24,15.316676257050748,15.445047525645071,15.293029087661541,15.38424015045166,3319400.0,0.007493753073411927,0.009881439479418636,0.004411132824578073,0.003097106934880728,15.188303756713868,15.22140998840332,15.168993008279768,0.010697442758088467,0.2612507438659666,0.00854600965348905,0.24202275018689384,0.010028770583922628,0.04172989866068963,50.409889884215,0.07559347350073864,-0.0041023701430338705,0.23647117614746094,1.2007104281740477,138300300.0,0.006167056094242619,-0.24678781102117642,0.8860842784476276,0.11402485897760563,0.0005339880681686997,0.31528683808030517
VICI,2019-05-28,15.458560002500617,15.485586076605319,15.249113082885742,15.249113082885742,3643200.0,-0.008822275705557625,0.015507327700584323,-0.013548928204243735,0.004830908210099335,15.196411609649658,15.220396375656128,15.176623491575576,0.0018867253204748868,0.2425017833709706,0.008649419633421654,0.234301201009448,0.01010907909476211,0.04166491144970958,53.71182969081595,0.07335249798848587,-0.005074676524229313,0.08107852935791016,1.2831693211515838,134657100.0,0.01209570661022192,-0.3479647611492087,0.6329186179946062,0.10899843979143094,-0.011682436427269929,0.3629688384578703
VICI,2019-05-29,15.235598160209966,15.255867713279844,15.032907784207103,15.120739936828613,1600700.0,-0.008454035687933232,0.014745305454906515,-0.007538806299139721,-0.000886275982236923,15.204519176483155,15.206208038330079,15.171301248266342,-0.005620605826648385,0.21234542846679716,0.008577888738438531,0.23381859067038085,0.01003781885207499,0.040463130177708216,53.47818749213694,0.0605202291924094,-0.014325556256244626,0.08107566833496094,0.5787339584542268,133056400.0,0.22954736010984664,-0.22652624523662884,0.392406684364942,0.1425829960512418,-0.006075272086488369,0.34822705416873145
VICI,2019-05-30,15.120739071372025,15.242353805482546,15.053176475687433,15.107227325439453,2815900.0,-0.0008940470374335975,0.012522306424591382,-0.0008935903112139317,-5.723639132664285e-08,15.208573055267333,15.190330743789673,15.165198969901876,-0.005470810330064422,0.17957022666931088,0.008562143353422591,0.2260969122456055,0.00999575409036055,0.03851889669507305,56.682000372067854,0.04869883900840044,-0.02091755715220288,0.040538787841796875,1.0500918303608886,130240500.0,0.2728177516904809,-0.18639116088254237,0.367090296994122,0.13751047205381928,0.0011303280069204348,0.3612565951443425
VICI,2019-05-31,14.99236843258695,15.13425142353541,14.904535000279365,14.985611915588379,3664900.0,-0.008082724994828597,0.015329132006754346,-0.0004506637512913246,-0.007602910208353658,15.177493667602539,15.168372678756715,15.148095440919638,-0.012048804907351194,0.14394663810730002,0.008700525943301752,0.21789274693320962,0.009579229886814603,0.03748243882677918,43.999847556026694,0.029180579371743676,-0.03234865343108772,-0.3107938766479492,1.3876204972095383,126575600.0,0.38318806760413315,-0.2936538862753797,0.13923923716709954,0.13310075212993108,-0.012848219423928114,0.37965344276234847
VICI,2019-06-03,15.019397453165256,15.110608525391873,14.86400138433808,14.931565284729004,2594200.0,-0.0036130875110986552,0.016515826462347297,-0.005847915584505824,0.002254531731315736,15.141685581207275,15.142698812484742,15.127473521282436,-0.013942925918969225,0.10982222557067978,0.008689087957370839,0.217410142900075,0.009612503349304595,0.03586247160880706,41.4635456258056,0.009244541247442228,-0.04182775324431134,-0.3580808639526367,0.9732343667054955,123981400.0,0.47636875506115584,-0.21688409574983372,0.04286368101076931,0.14749766452306043,0.003773552665740162,0.375841419142391
VICI,2019-06-04,14.965342757742333,14.972099274918403,14.620768113806056,14.762652397155762,2530600.0,-0.011376942899330599,0.023798647537080508,-0.0135439838477277,0.0022621521835941736,15.111281967163086,15.112295150756836,15.09272865231799,-0.023136310541391446,0.0762131690979011,0.008931659257216742,0.21837535785782908,0.01003969596611913,0.039547138330626556,40.28436336002054,-0.019954745080827507,-0.056821631658064864,-0.30403614044189453,0.9450700885279635,121450800.0,0.4885829733317802,-0.3887352885582785,0.0,0.13470257139614827,0.021967154830973223,0.15983447928915842
VICI,2019-06-05,14.80994785513436,15.127496454518575,14.789678302064482,15.120739936828613,1854100.0,0.023966802442691514,0.022341377066560777,0.020985359620054708,0.0032037236064510525,15.11195764541626,15.111619472503662,15.095396393699955,0.0006035398351279495,0.06530364990234361,0.010119479460241793,0.2333358388204794,0.010036111674018017,0.039529321660786834,51.53846947301102,-0.014038886531288597,-0.04072461848682076,0.006756782531738281,0.6943271587485559,123304900.0,0.8291950289509596,0.2928226612294066,0.5760852462315749,-0.10556730724686912,0.005700731523333602,0.15454595143588543
VICI,2019-06-06,15.147769508198447,15.249114719620492,14.999129950691065,15.201820373535156,2160400.0,0.0053478749232707505,0.016444396972656296,0.0035682392254156683,0.0017875825841035511,15.113309574127197,15.121078491210938,15.105532010827117,0.005339690708645526,0.06530769348144538,0.010002051736930044,0.22947497532431274,0.010072840472225947,0.039343435396780736,47.05895609844046,-0.002776012243447923,-0.02356939535918407,0.013519287109375,0.8126753887706046,125465300.0,0.6745006149670428,0.19158618116872814,0.7065260970562809,-0.058997233142926805,0.007066568711303511,0.16385795402026973
VICI,2019-06-07,15.249109795216645,15.266000443553432,14.96534252166748,14.96534252166748,2075700.0,-0.015678152871865872,0.020090280022033977,-0.018608776339073718,0.003110773612600706,15.082905292510986,15.123780965805054,15.092180630907151,-0.010476113380364565,0.06155104637145925,0.010526104817914507,0.23502461157089755,0.010068930540034056,0.038393734921641366,41.17657742838268,-0.012784517582950627,-0.026862320558949423,-0.3040428161621094,0.8070357561513294,123389600.0,0.5243666375078009,-0.013387327717944682,0.32608448312588617,-0.03552031637507318,0.008566578673136349,0.08407148701882719
VICI,2019-06-10,15.005877720580168,15.073441590827924,14.911289075437493,15.059929847717285,1760600.0,0.006300534948469286,0.010767149450899325,0.0036020636808859366,0.0027086048217071397,15.050474262237548,15.119389009475707,15.08910912774621,-0.003932643159135436,0.05053786277770911,0.009982949739124242,0.2273030587825102,0.009692503086524456,0.038554030516996705,49.8023049452496,-0.012934818918097335,-0.021610097515276906,-0.324310302734375,0.6986660423144156,125150200.0,0.5630802661687357,0.5093957053358129,0.4782549916768688,-0.10733710853192131,0.0045873897848151815,0.061131802273881916
VICI,2019-06-11,15.168038694899844,15.26262738475661,15.059936966870897,15.1274995803833,1827200.0,0.004476687600876226,0.013398805057549259,-0.0026726668709101996,0.007178575748740626,15.038312911987305,15.117362260818481,15.092765361330695,0.0006705746273669361,0.04161953926086426,0.010033903748232278,0.2340599046724634,0.009595147383901218,0.03844517975511133,50.3907277355766,-0.007514992926203945,-0.012952217218706812,-0.1216135025024414,0.7314915269165022,126977400.0,0.5081353383022552,0.3898804202103321,0.586960047754123,-0.08318208945882993,0.0004546551664661401,0.10591089856602723
VICI,2019-06-12,15.168036886047998,15.228844261897029,15.012639542948202,15.154523849487305,1497200.0,0.001784839532982341,0.014266678458270494,-0.0008908889569699936,0.002679709587780432,15.041691303253174,15.123105239868163,15.098647122107515,0.002077523704345737,0.038714332580566335,0.00984346686569172,0.2384033836811363,0.009306198324478236,0.038175087655955585,48.99613168593644,-0.0010272674151252659,-0.0051715933661025055,0.033783912658691406,0.6550004374835944,128474600.0,0.40093986440070306,0.5396014066601675,0.6304362400149082,-0.07421617039086655,-0.003894679504467055,0.15830879085660854
VICI,2019-06-13,15.134257516275971,15.22884750366211,15.07345012748287,15.22884750366211,1630300.0,0.004892399961753283,0.010204145529848588,0.00625005800809273,-0.001337312436379792,15.05385332107544,15.131213188171387,15.111047158446048,0.006452510732387732,0.03668762207031229,0.009890650685120001,0.2359904329686509,0.00930463504223702,0.03847543854307041,48.79034392400172,0.009996367633595682,0.004681633346094754,0.12162017822265625,0.7112706934049418,130104900.0,0.3481316584927137,0.43627718852364694,0.7500068920829475,-0.08741496281578111,0.0052418864865992785,0.1681890317201463
VICI,2019-06-14,15.188308658714126,15.370730828376715,15.188308658714126,15.357217788696289,1132000.0,0.008394086494038343,0.011878594949461545,0.011120996667739778,-0.002661977207286032,15.09101390838623,15.134253787994385,15.134491980374644,0.014732407941961116,0.02878282546997113,0.009467050596596988,0.23647328881487287,0.009050788444796025,0.039579651138544086,49.20010004748303,0.02875956463878282,0.018755864281025512,0.37160587310791016,0.5078840929535569,131236900.0,0.33299699238540337,0.8637298519322705,0.9565268601619696,-0.06218065138967612,-0.003554811984649316,0.0720713767889857
VICI,2019-06-17,15.370725384786684,15.482205989657418,15.360591252952595,15.40450668334961,3418200.0,0.0030745306198345654,0.007894750491184068,0.0021977686620021355,0.0008795601049779809,15.138308048248291,15.139996814727784,15.16020766637226,0.017470932910931485,0.022769813537598438,0.009486406046522193,0.22851008933212658,0.008903165811618811,0.04174384197178345,54.85219653447715,0.046904664263184515,0.029520771124341767,0.47294139862060547,1.4994966144856585,134655100.0,0.2706801369043771,0.800823712861241,0.99999998442014,-0.057772411711199824,0.0008590828210598876,0.07263864832424806
VICI,2019-06-18,15.424776483487221,15.539634704589844,15.33018781505234,15.370725631713867,3773500.0,-0.0021953410364076885,0.01362635015131353,-0.003504157861296571,0.0013158357196547694,15.199115371704101,15.155198669433593,15.180256996404795,0.014221322133834412,0.029458618164062145,0.008837737560390158,0.22754487222246667,0.008766507955912838,0.04356133267257393,58.295919846417455,0.05789159957331691,0.032406165147579324,0.6080732345581055,1.5932730815594527,130881600.0,0.38509164799319084,1.4496174045203811,0.947369579301624,-0.04561674906770119,0.011951324649511244,-0.037159638961253946
VICI,2019-06-19,15.330190004058686,15.573418227432494,15.326811100461274,15.4585599899292,3251500.0,0.0056981272254212605,0.01595278778436527,0.00837367220083556,-0.002637196748313929,15.23289737701416,15.17242751121521,15.20676204340712,0.018858714500529672,0.035877237319946076,0.008888601211326893,0.23164700059218862,0.008973363559464794,0.0469254732665673,61.111087652966376,0.0728465934252327,0.03788892719959609,0.33782005310058594,1.3205696543125138,134133100.0,0.3379757590572879,1.3157968240717905,0.9999999856302761,-0.06144134967513408,0.002407647829448339,-0.04632495795490713
VICI,2019-06-20,15.526120029246552,15.72205515164694,15.451800921330733,15.54638957977295,3883900.0,0.005665535728600307,0.01738372944595626,0.001305512934861706,0.004370396683867489,15.26735429763794,15.190331935882568,15.239107523061007,0.023439754008883918,0.04053913116455021,0.008907208720362004,0.234542558239343,0.009167095236547245,0.051796395609951286,68.12216926820729,0.09073965738876844,0.04462559293050546,0.34456920623779297,1.4847109823275089,138017000.0,0.3248108654727362,1.2708165985110778,0.9999999872406208,-0.057796862066855186,0.013507495760425202,0.01080809972679585
VICI,2019-06-21,15.566660882207785,15.566660882207785,15.350456184948815,15.397751808166504,3838500.0,-0.009606918022068292,0.014041315898097637,-0.010850694013276716,0.0013039234820932362,15.310595226287841,15.196750259399414,15.254216502594863,0.013226613936276789,0.03952541351318395,0.009162567129025193,0.2323709551111413,0.009206547357548302,0.053025351631180405,64.19737238013474,0.09186722535297598,0.03660252871577041,0.43240928649902344,1.46866391184573,134178500.0,0.4698551160917653,1.0254753632857794,0.810347418743662,-0.1081763819703362,-0.0022749011034396732,0.09873911935930252
VICI,2019-06-24,15.080204527306822,15.195062769028256,14.965346285585388,15.053179740905762,8832300.0,-0.022632264935593022,0.015260329538126245,-0.0017920702834053018,-0.020622963976550397,15.30992021560669,15.18019723892212,15.235070144338758,-0.00836731539236419,0.021621036529541726,0.010316091451159084,0.23816198093033908,0.009337071594488242,0.052389529535095014,57.992653810835634,0.06421649716335764,0.007161440420921664,-0.0067501068115234375,3.0569577865497735,125346200.0,0.16268202021313927,0.9631993557399553,0.37069485343654807,0.06829186303919266,-0.004141105117379078,0.2120760512269572
VICI,2019-06-25,15.066686580826579,15.120737424692349,14.661305896170182,14.72886848449707,6605000.0,-0.021779836894473274,0.031192588147945198,-0.022421525430774254,0.0008972748717078826,15.270057106018067,15.154185009002685,15.186860462449074,-0.028065945100508253,0.00033828735351448813,0.011178989790064951,0.24491822887029294,0.010003977440597679,0.05860031489999847,39.015137946023515,0.015950025880618668,-0.03288402468945385,-0.39863109588623047,2.174603723329827,118741200.0,-0.02326499835905766,0.4939810271477823,0.0,0.23893977536501532,-0.009387360255171692,0.32447880209330754
VICI,2019-06-26,14.830217670824387,14.97885719661373,14.580231666564941,14.580231666564941,36192700.0,-0.01014279465632169,0.027340136917227937,-0.01685652967530244,0.006880989292150482,15.21262788772583,15.127159595489502,15.12908629141249,-0.036155361849136515,-0.017633628845214133,0.011238215564003052,0.2555354260931045,0.010454235945501005,0.06782839165510642,33.21160268724394,-0.03390442029708929,-0.06619077669372944,-0.5742921829223633,7.592446718908481,82548500.0,-0.010017199910163985,0.4221685171826588,0.0,0.2922917021301427,0.002933576468584013,0.2932632391353216
VICI,2019-06-27,14.654187550864668,14.928097342206035,14.654187550864668,14.866467475891113,12567300.0,0.019441555992050538,0.01842467228920156,0.01448595661066995,0.0050723394518703375,15.17638988494873,15.115121603012085,15.10407497564855,-0.016450686514584232,-0.029720983505249876,0.012215981789029898,0.2589074085041861,0.01061428265209599,0.06961587184172617,47.39939779646885,-0.0497441706006434,-0.06562442159782685,-0.3623800277709961,2.3917191057958838,95115800.0,0.025396549079576957,-0.09148065117660602,0.2962619282526414,0.20083764599480686,0.003863582853875045,0.3131393961818329
VICI,2019-06-28,14.880166951223838,15.099294838183518,14.852776618406494,15.092448234558105,13201500.0,0.015086330018532492,0.016333878768095115,0.01426605521497914,0.000921501718881198,15.149912929534912,15.120463418960572,15.102967666973269,-0.0018527993240826466,-0.030839891433714683,0.012583697812740288,0.26493353024608546,0.010645698390348086,0.06914447492955635,50.80000112616734,-0.04356039113739385,-0.047552513707661836,-0.2647695541381836,2.3033900478684286,108317300.0,-0.15543568822235435,-0.29920150183215855,0.5301582232979183,0.27886918119127985,0.006173677672842962,0.3083382712027274
VICI,2019-07-01,15.277329188438362,15.277329188438362,14.880159758772836,15.26363468170166,9347600.0,0.011278679288830803,0.026020632565430864,-0.0008963940337860473,0.01224989816144759,15.135825729370117,15.137066888809205,15.118269287423592,0.00836144768482371,-0.023580427169799023,0.012773819444787117,0.2788243797193855,0.010998224624458694,0.06851573769774202,53.186663642549334,-0.02456323604633326,-0.022844286893281,-0.14087200164794922,1.540219525276384,117664900.0,-0.3055803266170199,-0.3899449090868377,0.7073409001993831,0.30672396299800325,0.006580183503141874,0.3356125807675486
VICI,2019-07-02,15.263642339839864,15.438259469809983,15.243098610270627,15.400596618652344,6241700.0,0.008933069047232527,0.012672292143733485,0.008972581757567365,5.017244164498979e-07,15.138812828063966,15.168964099884032,15.145157604683472,0.015270160654548724,-0.005793361663819496,0.012532935970082707,0.27732124690442334,0.010663557260071562,0.06588874356281547,55.478142714592046,0.0015262364005224072,0.0025961484428597336,0.029870986938476562,0.9979439001304649,123906600.0,-0.52196663679567,-0.04648588290865551,0.8491002685808154,0.47203034558532925,0.000937109301566123,0.8835010210628295
VICI,2019-07-03,15.427988504227212,15.571790695190428,15.36635862064147,15.57179069519043,4560000.0,0.011054738417769588,0.013192578719440913,0.009320864539393221,0.0017786249619506783,15.150135898590088,15.191516637802124,15.185789327588898,0.025032000849871887,0.004359903335570792,0.011627087661486514,0.28089515393083175,0.01037756003993242,0.069820839955678,57.31902210592903,0.03560582078898378,0.02934058626505688,0.11323070526123047,0.713631216983797,128466600.0,-0.8383272866169958,0.0038222869420102665,0.9999999899148718,0.49802540184479144,0.00810904156882237,0.8347895136214937
VICI,2019-07-05,15.496461531970146,15.496461531970146,15.154073946759002,15.284181594848633,3867500.0,-0.018642577674466004,0.022401433998045533,-0.013698607045457889,-0.004837540183708607,15.123915100097657,15.195634698867797,15.195160019708874,0.005827127180639108,0.0065603542327874464,0.012409156511944842,0.2977019095571774,0.010572071135784377,0.07001427865660527,48.54047873151395,0.038957409433145074,0.02615373992737454,-0.2622079849243164,0.597277926121315,124599100.0,-0.6152165145833177,-0.6890889116346113,0.7099425257214292,0.4318997995957547,-0.00321004345165601,0.9614823172996705
VICI,2019-07-08,15.243093200300466,15.31157096845569,15.071899432964797,15.167767524719238,7738200.0,-0.007645792181264181,0.015801371896048376,-0.004941626649618788,-0.002688295365583409,15.10091667175293,15.205755949020386,15.192551210662243,-0.0024982923853644266,0.01857880592346106,0.011993803612801298,0.30589357630930347,0.010446158691376856,0.0685396666613143,45.396302710265225,0.03185274640120106,0.015239261516344423,-0.22998428344726562,1.1449861541341173,116860900.0,-0.6726006525728885,-0.38139784833643053,0.592537443830623,0.5165640282575177,-0.0032473473853234,1.2079992511306379
VICI,2019-07-09,15.195158590314211,15.256788448755472,14.989725293475093,15.22939682006836,5444200.0,0.004054942697636801,0.01753602972170636,0.002253232801135271,0.0018058732473538322,15.11853837966919,15.214229297637939,15.196060316319969,0.0009969300536817492,0.029878730773925,0.011949070830675779,0.310009023862366,0.01061304009157825,0.06791097339351025,47.28112739809869,0.030839717769824304,0.011380986307974131,0.17621707916259766,0.7841826773150652,122305100.0,-0.6533949842007247,-0.368077239683724,0.654691378138511,0.4933641559145584,0.0017327062035480685,1.1974508067569618
VICI,2019-07-10,15.304722981796084,15.393743165663661,15.143800423380132,15.277331352233887,4696800.0,0.0031425573626627456,0.016360366645250674,-0.0017897501049040946,0.004946102765440114,15.173384666442871,15.221720886230468,15.203800414978438,0.0036533626137977455,0.03721139907836779,0.011930044786218334,0.3102472820989596,0.010688589207107035,0.06775260595735352,46.45917972636677,0.033518421917763774,0.01124775236473088,0.5484628677368164,0.6628285794726075,127001900.0,-0.6392446951326105,-0.3664347380635062,0.7030339682398273,0.49478303647418825,0.00399858846433005,1.209470368852933
VICI,2019-07-11,15.291027718855656,15.380047905935896,15.07874780650675,15.119833946228027,7774700.0,-0.010362730463668634,0.019927474104589154,-0.011195700889125063,0.0008965156483148584,15.22734489440918,15.219986391067504,15.19580360843078,-0.006580324204380074,0.041170358657836914,0.01216884148700389,0.3124648441784553,0.010845178499308388,0.06791587415737069,41.88687965672386,0.0226712497948256,0.000320464193434164,0.5396022796630859,1.0506535925631126,119227200.0,-0.47827924405728595,-0.7000614375221602,0.5441958155220786,0.4741671144134847,0.0020117097495655715,1.297840039482891
VICI,2019-07-12,15.112988173326086,15.277334061530171,15.05820621059139,15.249943733215332,7009100.0,0.00856842512263607,0.014369092422387559,0.009062109909605329,-0.0004527677305377814,15.265692520141602,15.221041202545166,15.200959810791213,0.0018988537174009566,0.04572175979614279,0.012275716766805583,0.3126736408698704,0.010930911197542484,0.06793248417309332,47.16872421969478,0.02429351960296522,0.0015541872012590253,0.38347625732421875,0.9139749191856363,126236300.0,-0.4995215869640647,-0.7464209829119107,0.6754132034122284,0.4183430721247733,0.006964870975615408,1.3118788515754438
VICI,2019-07-15,15.277336853447432,15.414292438365168,15.243098610270627,15.400596618652344,9295300.0,0.009830436718693695,0.011116051691607887,0.0080681447550263,0.001796276806742303,15.296507358551025,15.22321014404297,15.219972840111321,0.011652369830734276,0.04837423324585011,0.012331378748884757,0.29401566269225793,0.010916208331732732,0.06828567660337172,57.18886495843482,0.03730557348063712,0.01165299286314474,0.3081483840942383,1.1508392684142268,135531600.0,-0.5013383580108585,-0.7688825180978242,0.8273485694050075,0.4331037425901391,-0.0001590408963782905,1.4185096279562415
VICI,2019-07-16,15.338962213173962,15.407439985441343,15.136953503342871,15.222550392150879,6852300.0,-0.0116283432721095,0.01776880188473154,-0.0075892892495101495,-0.00400207907554264,15.292398929595947,15.214112329483033,15.220218321257946,0.0005546207682122911,0.043726263046265146,0.012584253811664128,0.28051958794770826,0.011122013585454792,0.0674011339654637,60.87362379067713,0.032871950062963506,0.005775495556376898,-0.04108428955078125,0.8307147325390244,128679300.0,-0.3261848053414703,-1.0513982606623598,0.6477866678279972,0.3808571511713888,-0.0020336648709055752,1.4702770547036235
VICI,2019-07-17,15.256788264978486,15.304722308498796,14.962334790662602,14.989725112915039,7780000.0,-0.01541293295262944,0.022841480764793698,-0.017504546004382997,0.002249154835792864,15.251311779022217,15.195062303543091,15.19826658713005,-0.013513415511312044,0.03229624748230009,0.013009828845378853,0.2765025870753801,0.011384640008481191,0.06798541873330584,58.69679608885706,0.010450747616477685,-0.013316565512087142,-0.4108715057373047,0.9208184869105889,120899300.0,-0.2127719963295843,-1.3149312886524187,0.41297938942470097,0.4204305011968205,-0.00820799353440341,1.7390847402848242
VICI,2019-07-18,14.94864452369945,15.078752194467512,14.86989552210713,15.058208465576172,6039100.0,0.004558281591027251,0.013869954904518587,0.007329356297356614,-0.002740583226585955,15.199953556060791,15.175044727325439,15.184927718410632,-0.007699236730345963,0.013799571990965376,0.012980392368703358,0.26657337255532926,0.011336830635532825,0.06647934575272564,54.48721582603114,-0.0017717589041446047,-0.020431257626167546,-0.5135822296142578,0.7031706193888606,126938400.0,-0.20318724859615708,-1.3022382639522752,0.4820457283852789,0.36747635677173124,0.0046722041809751326,1.7307408943444942
VICI,2019-07-19,15.058205462242597,15.08559709530117,14.760328636307865,14.818533897399902,5574500.0,-0.016044567833010406,0.021950110668530944,-0.01591634311562919,-1.994482664780869e-07,15.153388786315919,15.138651943206787,15.150033068790563,-0.021145743161796647,-0.018711090087890625,0.013270236171269096,0.2721983896422065,0.011474770410692885,0.06560314936144593,43.63054782344895,-0.030446944563658818,-0.03928515462854541,-0.46564769744873047,0.6427481417724029,121363900.0,-0.005795985154261281,-1.4452631821557784,0.24033085429315285,0.35103797411219445,-0.003509085178566902,2.1650118681540356
VICI,2019-07-22,14.777445365043375,14.873313453040751,14.743207135359953,14.770597457885742,3715500.0,-0.0032401411773138283,0.008808466824159325,-0.00046340263749728024,-0.0027727798607483428,15.113671779632568,15.10729422569275,15.113896343942484,-0.0222870331891989,-0.047254896163940074,0.013163291316470122,0.2531224530718688,0.011381335087089018,0.06709112516821585,37.83806672623106,-0.05639027386425255,-0.052182787143311316,-0.3971700668334961,0.4287066742896571,117648400.0,-0.07630031767433687,-1.3787230112683815,0.19198634060629233,0.323841156888365,0.003983312791913463,2.104339076043792
VICI,2019-07-23,14.791141844089307,14.811684260380664,14.500111654282026,14.695272445678711,7584000.0,-0.005112706771259657,0.021202234068838845,-0.0064815414131739945,0.0013908974408205878,15.060259342193604,15.089398860931396,15.074027401250696,-0.026119424563236578,-0.056100330352784056,0.012293335482809514,0.2614375778261032,0.011554264274460676,0.07145098422418475,32.055852096273284,-0.08208245279303661,-0.0622999728576763,-0.5341243743896484,0.8814146332959492,110064400.0,-0.06268580260799633,-1.2638071514393052,0.11602010029906087,0.21239435599294776,0.0077411552125139955,1.7682657953325975
VICI,2019-07-24,14.647341425503656,14.722667117079546,14.517235075097208,14.68842887878418,3808700.0,-0.0004658070093147444,0.013985977920284018,0.002805113370879905,-0.0032616625756502577,15.001369094848632,15.087376880645753,15.03730373244436,-0.026442502564733284,-0.04853019714355433,0.011315797017411732,0.2614375754999161,0.010949554626126692,0.07225118209191768,25.47554470136079,-0.1018221658052596,-0.06563174869591942,-0.588902473449707,0.4499597438016382,106255700.0,-0.048431369068489695,-1.1840463137279875,0.1091182753668633,0.14547663686450732,0.006238948900719505,1.6522128032181786
VICI,2019-07-25,14.647341099799293,14.729514698428025,14.565168807275604,14.572016716003418,5203400.0,-0.007957006438094247,0.011278184369081238,-0.0051425295063898925,-0.0027972888948138794,14.946587371826173,15.086966133117675,14.99299068325951,-0.03413207218539999,-0.039587993621825746,0.011224898957084048,0.24333965712284414,0.010442353848230246,0.07246779733733597,28.15156414483019,-0.12541382669700063,-0.07137872767012836,-0.5478172302246094,0.7524724984707313,101052300.0,-0.06023971613072673,-1.1332285500697143,0.0,0.2584010986540433,-0.005071615833104974,1.610125302109342
VICI,2019-07-26,14.613101333643781,14.667883291630721,14.54462355963388,14.633645057678223,4914700.0,0.00422030725577643,0.00842303687912445,0.0014058428505620089,0.002819418783348161,14.88495750427246,15.075325012207031,14.958767290347007,-0.029298204461340932,-0.04256824493408118,0.010299624663699419,0.23502452830184037,0.0102050126924234,0.07636068469036304,33.04371888446062,-0.13755188331109203,-0.0668134274273758,-0.6162986755371094,0.7523528727397419,105967000.0,-0.22729567499979364,-1.2204581947146613,0.06164227349515177,0.09950774938670814,0.005369164570001534,1.527733660310829
VICI,2019-07-29,14.661036487909143,14.688428122018243,14.534353445417072,14.565168380737305,4350700.0,-0.004690382547502921,0.010578296973548047,-0.006538972005894711,0.0018718118502231023,14.801414680480956,15.04896101951599,14.921281679907988,-0.032147909623215044,-0.05430748939514274,0.009617083064723588,0.22695392268189693,0.010062849060656945,0.08225792389089087,29.004645846169794,-0.1509567408323953,-0.06417462795894324,-0.8354282379150391,0.7144123877239363,101616300.0,-0.20364822493047322,-1.2239303423412566,0.0,-0.029631620895781367,-0.0016153627850563226,1.4151014382690736
VICI,2019-07-30,14.476142141136844,14.797987206124777,14.36657825274657,14.715813636779785,8510600.0,0.010289722190534426,0.02931601092718172,0.016556309913665947,-0.0061122698532067535,14.750741004943848,15.021569967269897,14.90171329484816,-0.020354485660041974,-0.07022189140319846,0.00954789943959364,0.23991579490294526,0.01022419676053935,0.08353010150070284,33.33337107517836,-0.14772153196014237,-0.04875153526935225,-0.5067367553710938,1.4071642926232422,110126900.0,-0.22253661850171638,-1.2313024437432967,0.14965419739158142,-0.1473563645167621,0.0005441811012686586,1.3126970918298542
VICI,2019-07-31,14.743210566972074,14.784296713376293,14.503538985088223,14.613102912902832,4356700.0,-0.007004087150280087,0.0192127387291696,-0.008824920018487078,0.001861733973296235,14.713078784942628,14.982195281982422,14.874226591805746,-0.02463539969496062,-0.10052486419677642,0.009264223114725618,0.23844848267858257,0.010404069492723714,0.08357422214075817,34.45391231279309,-0.15169683595115124,-0.04218147140828889,-0.37662220001220703,0.7317511505257147,105770200.0,-0.05770538854559294,-1.1451328501069635,0.047619182488893325,-0.29361718838304546,-0.012464068427379136,1.0197089741947996
VICI,2019-08-01,14.647339179887837,14.818532957328713,14.339191164157182,14.359733581542969,6887900.0,-0.017490575395276247,0.03338096702487889,-0.019635347745601283,0.002342847182358193,14.643231296539307,14.921592426300048,14.825227257495005,-0.037654080657422005,-0.14604272842407262,0.00923504675755238,0.25703519283806475,0.011160771149109815,0.08315258469885232,24.609383712738378,-0.17329445000186183,-0.05102326836719957,-0.6984748840332031,1.1347081930646379,98882300.0,0.030114978031936076,-1.1663737539683414,0.0,-0.12405310068347142,-0.012361820660159381,0.9707688245908814
VICI,2019-08-02,14.366579380018644,14.551468945973786,14.19538562771307,14.537773132324219,3537700.0,0.01232229515970205,0.02449366316420064,0.01191611084150448,0.00047673575813929103,14.615155220031738,14.884272003173828,14.797850674145407,-0.023279530955610358,-0.1703525924682605,0.009269357700975813,0.2702415849927915,0.011252993443078188,0.0830868122740495,25.769054829873227,-0.17403820681685467,-0.04141362014575392,-0.2807607650756836,0.5843859256438826,102420000.0,0.01564645127602432,-1.164173855823611,0.17104992945584072,-0.3087990758733309,-0.0065449979045989854,0.7384054489964164
VICI,2019-08-05,14.414514462136927,14.421362369455997,14.150877213928943,14.277560234069824,3696200.0,-0.018061215431646963,0.018944774253629705,-0.009501133626584819,-0.008478511052922607,14.565851497650147,14.839761638641358,14.748299203662018,-0.037884800191642795,-0.1950264549255376,0.009838164368225807,0.2785565447282775,0.011340465773411194,0.0888461500369673,24.632269361924372,-0.1933953049592425,-0.04861657463051339,-0.49303722381591797,0.6316557594027622,98723800.0,-0.030166765915951937,-1.2651545941964635,0.0,-0.388647894673747,-0.030502674530689344,0.613770181855931
VICI,2019-08-06,14.352886948860654,14.448756360896144,14.18854106464908,14.28441047668457,2851100.0,0.0004796757769598419,0.018216733317191893,-0.0047709197752386166,0.005275881422029044,14.524765300750733,14.792512321472168,14.704119324902262,-0.034348583509378555,-0.22027917861938384,0.009735363047570517,0.27268710032905397,0.011355103961059518,0.09151488354929403,28.451938922258975,-0.20581072939259748,-0.04882559925109467,-0.4108619689941406,0.4982741897430072,101574900.0,0.010748838114837553,-1.1879549395825717,0.006099751217138979,-0.42970123761293993,0.011141774054524246,0.5708264654846661
VICI,2019-08-07,14.236474637440914,14.435058732823794,14.037889235953212,14.366580963134766,6495900.0,0.005735976845097724,0.027645373515781873,0.009138942681194513,-0.0033558150209908135,14.49258050918579,14.746974802017212,14.671972814257739,-0.025794703251979013,-0.24816605567932193,0.009840941292189063,0.28613801636549685,0.011753436389921143,0.08976918915984647,29.04534054528854,-0.20663758176010916,-0.03972196129488506,-0.32184791564941406,1.1176886064035803,108070800.0,-0.00572579921884741,-1.25200953076086,0.07926789327075567,-0.3838123392383895,-0.0009243373399841368,0.5641504710862917
VICI,2019-08-08,14.428210973936695,14.510384559631346,14.311799156097091,14.510384559631348,2871200.0,0.00995982664005541,0.013685743662971518,0.005695341289581379,0.004289817525831256,14.486417293548584,14.716502332687378,14.656583456674273,-0.014005894090623331,-0.2664314174652098,0.010094633653432161,0.2770892266898504,0.011597790196379187,0.0877313281703694,40.087991400868255,-0.19345904435874317,-0.021234739114815243,-0.06163215637207031,0.5157785629983851,110942000.0,-0.19414873006833738,-1.2793789048925246,0.2073168124244755,-0.2707406993017941,0.018573377294655292,0.592344822152194
VICI,2019-08-09,14.530925163297486,14.558316790479369,14.325493183852052,14.496686935424805,2420300.0,-0.000944433513532465,0.016060470069087167,-0.0023562317944600367,0.0014155795514395261,14.472721481323243,14.678839492797852,14.641355216555276,-0.012409193346818762,-0.291883449554442,0.009787457425414647,0.284426175900316,0.011637519831882695,0.08186676413485458,40.9908847386812,-0.18202200593986184,-0.007838160556747131,-0.13695812225341797,0.4534698320683343,108521700.0,-0.12472099835061339,-1.1315284756487074,0.19511985756831968,-0.3490537453891928,-0.00673751604094796,0.5557184531131351
VICI,2019-08-12,14.537776092927967,14.5857101443585,14.42821217362819,14.524080276489258,3816900.0,0.0018878445907474996,0.010843920422641843,-0.0009420847006559228,0.002834382620400979,14.468612670898438,14.635013675689697,14.630186174644226,-0.007579999695163332,-0.3264786338806154,0.00941216691671538,0.2734208448025784,0.011632203041286236,0.06809808038826119,44.18605103091782,-0.1688018146613537,0.004305624577408823,-0.041088104248046875,0.7538260091599074,112338600.0,-0.1253377044296049,-0.976719009756068,0.2608704838908851,-0.2976111001436939,-0.012369455363189579,0.49518003853374243
VICI,2019-08-13,14.414515638569492,14.68842672926834,14.414515638569492,14.558319091796875,2192600.0,0.0023546084140362838,0.01881474701658293,0.009976294509862146,-0.007543654113308818,14.452863216400146,14.601802110671997,14.623341690563526,-0.0029779213925479582,-0.3522252750396735,0.009249943604847167,0.27831220542518625,0.011663672029029553,0.05684338119905934,45.66199214497207,-0.15378914603215854,0.015454634565283204,-0.15749454498291016,0.4539182694547122,114531200.0,-0.3244116855053571,-0.7667417754974402,0.35964835735144335,-0.38257590436860806,0.013356959376459504,0.47751463558232266
VICI,2019-08-14,14.613097624842805,14.626793437389772,14.14745044708252,14.14745044708252,7969000.0,-0.028628161675441622,0.03388193456483193,-0.03186505624712094,0.003762696276989539,14.406297969818116,14.559688377380372,14.578018714993906,-0.028313650650538407,-0.3820349693298333,0.010571363305719646,0.30081199822196,0.01211741526612041,0.0577169398447292,38.16774537861939,-0.17305034715707102,-0.003045253247703411,-0.4656524658203125,1.6465437354785855,106562200.0,-0.7753023547360663,0.30764349758212084,0.0,-0.348305063938354,-0.029549569924472704,0.5698746800951516
VICI,2019-08-15,14.161149693927738,14.366581707534394,14.037889963321788,14.085824012756348,2642900.0,-0.00436552496139732,0.023334931908487348,-0.005319178371773738,0.0009683191255173394,14.378907012939454,14.51106915473938,14.53114302906652,-0.029304880119335998,-0.40995587348938045,0.010429860176499908,0.31548571338022885,0.012368655917972413,0.05539548845323761,34.732736780891884,-0.19108501690594615,-0.0168639383972628,-0.2739095687866211,0.5659284479205143,103919300.0,-0.6856718027759285,0.3423615996398601,0.0,-0.23959272663711936,0.0008664083664559381,0.5578253502420492
VICI,2019-08-16,14.106367649883063,14.287832637657436,14.020086361431007,14.195387840270996,2803300.0,0.0077482093921500735,0.018861497779360265,0.00631063875530499,0.0014584618626578864,14.34466848373413,14.479911851882935,14.499166344419328,-0.019649567934002327,-0.42098452568054157,0.010263356556070679,0.32360511335346154,0.012282873375221832,0.0549951321687291,39.925283357332944,-0.19429700249827064,-0.01606073919166981,-0.34238529205322266,0.6186299574199514,106722600.0,-0.9238705663038582,0.9487654286610232,0.16000010907833057,-0.2570076187162095,0.016646347928243186,0.5527408130607647
VICI,2019-08-19,14.291257722951574,14.482993925928673,14.243322366102374,14.45560359954834,3418700.0,0.018165019875344163,0.016579837581724162,0.011499748992198808,0.006753593755896122,14.362472820281983,14.464162158966065,14.495017511574472,-0.000591707927750245,-0.42653944015502887,0.011225150176241884,0.31333347994485233,0.012429738607230024,0.051704432665093635,43.30997484344581,-0.17384135226502728,0.0035159288332588523,0.17804336547851562,0.7569147316857167,110141300.0,-0.6749668793675506,0.6335771212819069,0.5869613828887782,-0.13973639935956478,0.014631389880551333,0.6084893427568673
VICI,2019-08-20,14.47614553332394,14.47614553332394,14.195387840270998,14.195387840270996,3828900.0,-0.018165019875344184,0.019778092448905063,-0.019394506113981993,0.0014210360455818231,14.353570556640625,14.439167928695678,14.466481352402713,-0.01688325044964714,-0.43424283027649047,0.011826690799201055,0.31333347742805756,0.012380010348283453,0.052040299316662535,40.0651247104636,-0.17659169994754365,0.0006124649205939969,-0.08902263641357422,0.8845033461388306,106312400.0,-0.5659112380984211,-0.023597855619023,0.17391369888884922,-0.25166042693955126,-0.008354860958219855,0.6566854704250644
VICI,2019-08-21,14.291255740270527,14.390547128992194,14.229625881833773,14.352884292602539,1804000.0,0.011033806141456099,0.011211770671164712,0.004312325904178755,0.006753454085105214,14.352200889587403,14.422390699386597,14.455662584802697,-0.004819340165775277,-0.43552775382995534,0.01216589143671629,0.2930347271101766,0.012328196205478386,0.04970221811892896,49.82931341308531,-0.1641702701686789,0.010427115759567007,-0.013696670532226562,0.426615207980826,108116400.0,-0.6110145397961934,-0.1874050436864132,0.4239121811268659,-0.3075445603790205,0.01069282871500363,0.6808141302190062
VICI,2019-08-22,14.393974585870449,14.578864197791855,14.393974585870449,14.565168380737305,1667600.0,0.014682032976835157,0.012693956368257705,0.011893434564967517,0.002862859647596262,14.357679271697998,14.42204828262329,14.466091708225042,0.009923701218394592,-0.424083061218262,0.01254793420450144,0.2837416261765052,0.012355230126453318,0.049621677918533384,50.67124224914524,-0.13563315125803577,0.03117138773616815,0.05478382110595703,0.41156559542628113,109784000.0,-0.7315878527281743,-0.13904522157807345,0.7608765955712915,-0.21425732992822183,0.0017959814424238286,0.6879194652355789
VICI,2019-08-23,14.530930582055502,14.61310418814,14.332346435351132,14.380280494689941,2384600.0,-0.0127750929935635,0.0195238022577195,-0.010367545733898222,-0.002350662744625915,14.346038627624512,14.409380054473877,14.45791921169789,-0.0020194872835559816,-0.41977994918823214,0.012819064967359396,0.27616032863319034,0.012575945183749541,0.04774001772646946,52.61333087471734,-0.12647822391862462,0.03226105206046345,-0.11640644073486328,0.6074887780421568,107399400.0,-0.5252841779219155,-0.5551597533994651,0.4673989317142305,-0.2571910516363293,-0.026121497813916688,0.6652756340667381
VICI,2019-08-26,14.674726831727451,14.85276846871735,14.654183113807823,14.84592056274414,4779800.0,0.031867259937512174,0.013376425804666997,0.0116658887746081,0.02047570192711031,14.37822265625,14.423417663574218,14.494871721321342,0.02929284230858383,-0.39551639556884766,0.01475956417463919,0.2913226627603578,0.012626026271568351,0.054146823586770844,61.58181265972581,-0.08071913611369652,0.06241611189231325,0.3218402862548828,1.211058593111626,112179200.0,-0.09981033608602827,-0.06598263291751928,0.9999999868437768,-0.32033646266333476,0.010302777436914932,0.7369099750268654
VICI,2019-08-27,14.9554919731672,15.037664273993792,14.907557913334161,14.914405822753906,3916500.0,0.004602461680979568,0.008723536304821276,-0.002747228274871201,0.007380573670724701,14.413831329345703,14.433347272872926,14.534827350029206,0.033329659488282176,-0.37578476905822633,0.014624861476951053,0.27664939235886277,0.012041269041547831,0.05957144133956104,61.363692113886174,-0.03848491112485419,0.08372026950492446,0.35608673095703125,1.0536468043550196,116095700.0,-0.05140967500784161,0.04414009729498851,0.9999999879311858,-0.2319805763740727,-0.0045461923533971944,0.729436161392738
VICI,2019-08-28,14.921248263086515,15.010268440704273,14.907552449266953,14.928094863891602,1828100.0,0.0009174192365149404,0.00688071668714883,0.0004588490643925978,0.00045878061881414944,14.491895771026611,14.449096870422363,14.57228139896848,0.03315072199770209,-0.35118255615234517,0.014510720592914018,0.2698015772090817,0.01179886694100184,0.06616637980648109,59.159096488560984,-0.00386484084483385,0.09467227182795585,0.780644416809082,0.5091264558604824,117923800.0,-0.1344491656286672,0.16431970408514784,0.9999999881273347,-0.2844719625170566,0.008581886541401545,0.7093040026691346
VICI,2019-08-29,15.003422128597046,15.133529761503397,14.983564110721142,15.119833946228027,2309900.0,0.012762389451658146,0.009918472075526125,0.007759017684978414,0.0050460065662932,14.59529676437378,14.487101888656616,14.624429260612246,0.043675544110505636,-0.306403017044067,0.014046944947601614,0.26784524085083017,0.011022845477715613,0.07753855197412671,62.67411912896502,0.03859861498366968,0.10970858212516751,1.0340099334716797,0.687110323164057,120233700.0,-0.3404748183181998,0.5805883997523253,0.9999999903289132,-0.2466117863959388,0.014302365661370676,0.6811616860006752
VICI,2019-08-30,15.195163402704262,15.2088579152802,15.130108917021634,15.174619674682617,2782700.0,0.0036168857088550287,0.005189520393051536,-0.0013519912538741497,0.004982161625857482,14.693219947814942,14.518944215774535,14.676828347666566,0.04515999573823721,-0.26712529182434075,0.013863123511479773,0.26295424073096313,0.010531858338664376,0.08822067993389723,63.085443839286945,0.075798205552422,0.11752653815513588,0.9792318344116211,0.8371515127812491,123016400.0,-0.26881849265670915,0.7357198106526301,0.9999999908155404,-0.19762041842179864,0.0015683549187190087,0.702366554638008
VICI,2019-09-03,15.11983770606339,15.195163402704262,15.085599465465807,15.174619674682617,3520200.0,0.0,0.007220209770479598,0.0036231849629747613,-0.003610104885239799,14.765121555328369,14.563797187805175,14.724237045477619,0.04194115579890849,-0.21780967712402344,0.013048593059247226,0.2512151583409351,0.01026642211390219,0.09513566621244618,62.56987717178444,0.10407938670397954,0.11664617544535473,0.7190160751342773,1.0618331870379252,123016400.0,-0.33674986806230134,1.573038084513433,0.9999999908155404,-0.22898246825314017,-0.005920775051242397,0.7109490943559481
VICI,2019-09-04,15.243091617108036,15.26363533725231,15.150646835615788,15.188309669494629,3884100.0,0.0009017572438097864,0.007439175530076069,-0.0035938869219891228,0.004512267450080289,14.864413738250732,14.60899214744568,14.768434438241144,0.039654858884309876,-0.1753173160552972,0.013044415318063404,0.2250469805787401,0.010021913982584006,0.10032245019128033,75.33343236882054,0.12614299674557294,0.11096782838955851,0.9929218292236328,1.1536268214300565,126900500.0,-0.3422706667912342,1.58224512279075,0.9999999909295874,-0.22439254712842427,0.012109642430783498,0.7074950087557956
VICI,2019-09-05,15.215704239234096,15.338963982310707,15.133531947919703,15.195161819458008,3680700.0,0.00045104458073775373,0.013519568717454526,-0.001350080118087418,0.0018036615222883337,14.948641490936279,14.650421190261842,14.80907514121418,0.03718259168946325,-0.14321413993835463,0.013042683626090127,0.21624271559148284,0.009469944297909958,0.10483601189016387,77.73975461146816,0.142538384134264,0.10189057262259965,0.8422775268554688,1.140913176900902,130581200.0,-0.2756369233595698,1.5539039377219501,0.9999999909856134,-0.23039274453103697,0.0127101960417718,0.6798754686364309
VICI,2019-09-06,15.19515907575686,15.291027167014986,15.19515907575686,15.277331352233887,2556900.0,0.00539304293026599,0.006275185701467929,0.005407793104853239,-1.805641282249578e-07,15.019857788085938,14.688768529891968,14.853670970835106,0.04006890170160829,-0.11880879402160538,0.012950707588504714,0.20396570237946118,0.009325698761508365,0.11079659373402442,77.43054716023114,0.16031423858747473,0.0957331416606483,0.712162971496582,0.7964465321137496,133138100.0,-0.23161303172887343,1.6707037391785,0.9999999916072696,-0.2260214489601231,0.001232559332366671,0.7009455154730336
VICI,2019-09-09,15.256791840675117,15.31842171281805,14.921252151288606,15.030816078186035,3518100.0,-0.016267619852383296,0.026423685810769145,-0.01481148624487507,-0.0013444436783631416,15.084911346435547,14.71547498703003,14.870541933439956,0.021429215939950414,-0.09538930892944286,0.013602250540812209,0.21179166494173035,0.009732750621010386,0.11174700866465906,64.68539879547173,0.15274921108588835,0.07053449132724952,0.6505355834960938,1.0774283942393825,129620000.0,-0.16672063679101404,0.9331807192647009,0.7931063671945076,-0.2305641946760212,0.0037020122583753365,0.6941218535405267
VICI,2019-09-10,14.989724893655952,15.037658936475117,14.79935752011429,14.921248435974121,2968000.0,-0.007316232301623615,0.01597060845031559,-0.004568226446291332,-0.0027337959773001516,15.092444133758544,14.735333395004272,14.875371124157496,0.012616955177470244,-0.07210690498352079,0.013756553151653127,0.20875907374943634,0.009859125557482782,0.11155858615865664,70.07577476052664,0.13634102479183596,0.04330104402655771,0.07532787322998047,0.9209297418728261,126652000.0,-0.0673446395291894,0.729976333286063,0.7011491986046888,-0.17000031250554332,0.0021112402777391194,0.7430717069164094
VICI,2019-09-11,14.907554269893538,15.078748045231485,14.880162638909137,15.037660598754883,2047200.0,0.007771494519301209,0.013205871020841541,0.008727543533019386,-0.0009177627555324024,15.104769611358643,14.759300470352173,14.890827264595343,0.018859981132701202,-0.04362034797668457,0.013829344345567235,0.20900379643523273,0.009694416232794777,0.11221732366096462,69.37989935968925,0.13121830464320006,0.030542659102337444,0.12325477600097656,0.6366542686188409,128699200.0,-0.12623297088570765,0.653120413819979,0.7988507888062155,-0.20301446922051156,0.00571393308609487,0.7751454458481909
VICI,2019-09-12,15.099291220489745,15.181464811463973,15.023966843710365,15.06505298614502,1826800.0,0.0018199286169666038,0.010454524647105813,-0.002267539174174207,0.004098418190124926,15.118465423583984,14.805180597305299,14.907420190457216,0.017552801003117822,0.008970651626587056,0.01190442745604965,0.2041122294755393,0.008713256782567009,0.10617900580844204,65.8008699767584,0.1278945598781771,0.021775131469851577,0.13695812225341797,0.628100878474789,130526000.0,0.30889786939796454,0.8839564956128042,0.8218404811502434,-0.33022876183091887,0.0012981352626545495,0.679998322633567
VICI,2019-09-13,15.12668298946186,15.19516076487467,14.85277319391556,14.900707244873047,1713600.0,-0.010969011820887348,0.022977940934777882,-0.014938882816956088,0.004090925094888202,15.096552753448487,14.845924758911133,14.906780862306343,0.0036900689483173495,0.06313648223876989,0.012210009583126739,0.20851435934484236,0.008696399407282937,0.09561924641389632,66.66662594487286,0.11072279689951614,0.0036826947929524817,-0.21912670135498047,0.5987452764427487,128812400.0,0.29918921960420386,0.6098831814405566,0.6519003906252349,-0.3015046557450507,-0.0012465694979716152,0.6991049658887795
VICI,2019-09-16,14.88701302856976,15.17941207694131,14.880165119681998,15.133532524108887,2159300.0,0.01550430075482287,0.019773767742765173,0.016559365875883237,-0.0009190312968533227,15.092444038391113,14.892831993103027,14.92837625866849,0.01616217326008446,0.11305669784545813,0.012498142230982926,0.196140001004264,0.008736310935941344,0.08732548485967738,60.82493838841466,0.1145802949390422,0.006032154265982831,-0.04108715057373047,0.7630615046726165,130971700.0,0.23270915763478237,0.27235342254612827,0.8670921030479334,-0.38886265877080123,0.0010320040257169967,0.7184909591800435
VICI,2019-09-17,15.174613788898524,15.342384237405861,15.140375561580937,15.297873497009277,5012800.0,0.010800852936588789,0.01320501675376102,0.008122757509711894,0.002714585290922119,15.104769420623779,14.934945487976075,14.963566471843802,0.024300591476908388,0.15256807327270572,0.012130804996994466,0.19736200115050131,0.008629577297879498,0.08571189396203645,63.461382659541634,0.1294066140909642,0.016686778734323865,0.12325382232666016,1.7229136377853163,135984500.0,0.259732396188192,0.6269096991169061,0.9999999909295874,-0.25417808380971374,0.0011124185645163638,0.66151154776522
VICI,2019-09-18,15.338961658723381,15.434831058874313,15.277331796520933,15.380047798156738,4562500.0,0.005357240269992561,0.010240492384702175,0.0026785476323288983,0.0026858740675386275,15.12394323348999,14.99417848587036,15.003231360064081,0.02573460844487068,0.2087880516052234,0.011092130912863325,0.2012750919302199,0.008333633133304846,0.07562534866478428,65.13765511954387,0.1461031717620287,0.026706669124310675,0.19173812866210938,1.5486207516877846,140547000.0,0.3793758141813,1.220038372067791,0.9999999902644517,-0.20617911744966597,-0.0012001511204167566,0.5484574356662804
VICI,2019-09-19,15.448524401658359,15.592327837975866,15.380046637035962,15.558088302612305,5569000.0,0.01150957958788411,0.013644427053692731,0.00709219198580444,0.00445230108516486,15.16023588180542,15.05443868637085,15.056074878402006,0.03345522385350851,0.2634331130981433,0.011108670328161933,0.20176411359651336,0.0083998573306605,0.07111334124261756,64.81478257673791,0.17172218827841235,0.04186054851255544,0.3629264831542969,1.776724242443578,146116000.0,0.37371309358842963,1.1912200719967514,0.9999999915096506,-0.24180379591028886,0.00016955076158034883,0.522122842353147
VICI,2019-09-20,15.564943407279596,15.71559482033456,15.517009341709501,15.708746910095215,10972400.0,0.009637033774517023,0.012641713547338288,0.009238935154005307,0.0004406135595811305,15.203377437591552,15.111617612838746,15.118234119515645,0.03951458490778322,0.30883378028869757,0.010906821180633568,0.2095899357088624,0.008398587752231266,0.07398485230428133,66.95658650274206,0.20185546975537427,0.057595063991613904,0.4314155578613281,3.0481767722507125,157088400.0,0.42565474309433265,1.5342081673882069,0.9999999924725234,-0.1494955796136263,-0.004576981509702685,0.4827142159694092
VICI,2019-09-23,15.749823599378232,15.749823599378232,15.53754373396545,15.69504165649414,4173000.0,-0.000872840832062451,0.013525282064157308,-0.003478257552437201,0.002614892805779363,15.269799995422364,15.177355670928955,15.173168170656455,0.03410910284963358,0.3656698799133302,0.01026493424026236,0.2169267877213143,0.008189632808219764,0.0663290914394249,66.37896776563724,0.22207052225199142,0.06224809319058483,0.6642255783081055,1.1311763366476195,152915400.0,0.5572617325014467,2.258095821054989,0.9841158496326535,0.09223977961647968,0.0019349325903173463,0.3502922453561895
VICI,2019-09-24,15.68819857027778,15.763524254675024,15.65738363630663,15.736132621765137,4780600.0,0.0026146645567219685,0.0067450256628867125,0.003055421007875958,-0.0004360030617394851,15.351288414001464,15.221866273880005,15.226783832666804,0.03378471066767864,0.4034697628021249,0.007880648756997278,0.21643765320216232,0.008039018415636022,0.07046547516844158,66.94901551640098,0.2386557199019883,0.06306663267246537,0.8148841857910156,1.2958645964349222,157696000.0,-0.739935180553901,0.7380129864694072,0.9999999880300501,0.07932660400365121,-0.009524892211424791,0.024856564901806964
VICI,2019-09-25,15.695046181270367,15.790914282429519,15.49646076474936,15.777219772338867,4143400.0,0.0026076041254665685,0.018663206948311924,0.005235638692580692,-0.002610961758033328,15.425244331359863,15.265006971359252,15.279206303111762,0.033554704687698264,0.4355170726776123,0.007871061189178595,0.22279633057995912,0.008345870997003338,0.07467124538424137,67.63463801046177,0.2522077047743707,0.061294894035878233,0.7395591735839844,1.1196971191458371,161839400.0,-0.700807681984067,0.7133741142816417,0.99999998859115,0.08249969253673413,0.005859099368288179,0.04130439501255883
VICI,2019-09-26,15.810520632636164,15.859082790373618,15.526082679909047,15.609333038330078,4232400.0,-0.01069810604756945,0.021333397759331563,-0.012724918994178698,0.0021106925540633724,15.47967233657837,15.299068880081176,15.310646944561125,0.020279937340033458,0.45718682289123436,0.008424923282107385,0.23973433195184807,0.0087706567223415,0.07406538769062948,59.562023826984905,0.24655852092412012,0.044516568148502106,0.5442800521850586,1.1077609221395144,157607000.0,-0.5816199429454438,-0.0611589560989828,0.8084605332695132,0.1011852863556729,-0.0003777836459982787,0.1116476377438107
VICI,2019-09-27,15.650956941409689,15.699519097240392,15.492783251449616,15.616270065307617,3338100.0,0.0004443166121493525,0.013238490684792329,-0.0022162782909648264,0.002666603561945888,15.551228618621826,15.323890686035156,15.339753908441743,0.01907997030668652,0.4708473968505853,0.008053686524594532,0.22613192368480028,0.008848990320024893,0.0752951184319789,69.56123574632748,0.2398761195362411,0.030267333408498465,0.7155628204345703,0.8620925649971979,160945100.0,-0.5418097317845684,0.15620441339452312,0.8163748832428694,0.09429393506685259,-0.00478908992352243,-0.0967155987571385
VICI,2019-09-30,15.623210339060511,15.768896831113642,15.588522133890914,15.713397026062012,3291500.0,0.006200338588657627,0.011479038996059298,0.005772609152935692,0.00044442582792625303,15.60921506881714,15.350829553604125,15.37533896726272,0.02361875436059164,0.47988900184631333,0.008107951073607938,0.2219943008892218,0.008955751166854,0.07784694458054242,76.68921003115457,0.23965500854282595,0.02403697793206666,0.579864501953125,0.8445092148104055,164236600.0,-0.5747351556513071,0.1086683411321003,0.9271855751642979,0.09217039950266326,0.0033077133396360596,-0.08009451894135851
VICI,2019-10-01,15.69951933247874,15.789707328846694,15.60586450095594,15.671770095825195,1883900.0,-0.0026526514569350933,0.011730827262437156,-0.0017675214167950936,-0.000883175901446026,15.64660472869873,15.375687074661254,15.40357050331629,0.019256571737329288,0.4867230701446523,0.008159985592167206,0.22094125957267938,0.009040718287665363,0.07907494553963804,72.49829802381278,0.23342999542604304,0.014249571852226972,0.37389659881591797,0.4937213602168925,162352700.0,-0.5184270968125431,-0.021152150665217927,0.8796940351605821,0.07373369110134623,-0.015584250001851213,0.02030489746771919
VICI,2019-10-02,15.65789359207617,15.720331023690978,15.581580881609312,15.685644149780273,3571700.0,0.0008848978906068477,0.008845677025231324,0.0017723046552153131,-0.0008854458471619015,15.677164363861085,15.400553798675537,15.430434660122383,0.018511694763162008,0.491782360076904,0.008160067291600593,0.2196021291675406,0.009064015898510023,0.08003257236766277,72.23192865962109,0.22699943964804525,0.0062552128593833245,0.30559635162353516,0.9398975551926991,165924400.0,-0.5180699445012561,-0.021557345145428564,0.8955227351072947,0.07518359888015254,-0.018150371644001774,0.04004832308800846
VICI,2019-10-03,15.685645800914582,15.852145195007324,15.519146406821838,15.852145195007324,2796400.0,0.010558926014128004,0.02100654416730711,0.010614761815100678,1.0526404224287311e-07,15.706570053100586,15.433402967453002,15.470597568206664,0.027132203340857086,0.5013572025299062,0.00839497585626208,0.21893150182656754,0.009327707368604925,0.08290674777836335,84.03156273899407,0.23265650138256255,0.009529819675120482,0.29405689239501953,0.7445392291553511,168720800.0,-0.6062989017328201,-0.15373951474681302,0.9999999894895931,0.0713068110677028,0.009961904539715074,0.16953834713358895
VICI,2019-10-04,15.852142306429341,15.92845368780416,15.765423805106664,15.921517372131348,2730900.0,0.004366653495349686,0.01023959456168789,0.004376384236335628,-1.8222000539956952e-07,15.7278470993042,15.465612268447876,15.513542311437586,0.02947863270913532,0.506576490402221,0.008377073757639587,0.20920171078643776,0.009391564765143252,0.08674647793390868,81.91714063656437,0.23997127896357284,0.013475677804904607,0.2127704620361328,0.725419568716829,171451700.0,-0.5920112850516795,-0.14431608601839424,0.9999999902038591,0.15326984932500223,0.01306402301136676,0.16364188800682253
VICI,2019-10-07,15.921520804055309,16.0047698422668,15.775833002355792,15.98395824432373,7656900.0,0.00391412136656201,0.014322912786155967,0.003921575145793774,2.155525683138814e-07,15.756738758087158,15.51326937675476,15.558343828855314,0.030341049081134077,0.527227334976196,0.007196344212573663,0.21063636268744013,0.008916275561268849,0.08716935719783465,80.29011331024913,0.24794855286759088,0.017162361367138085,0.28891658782958984,1.9279520183708,179108600.0,-0.4488953673643963,-0.13576039210936516,0.9999999907685293,-0.0242307135972785,-0.00453320616959135,0.23211777955529475
VICI,2019-10-08,15.949266335375304,15.997828483581543,15.775829335656278,15.997828483581543,6248700.0,0.0008673836921888765,0.01387683010560473,0.0030447888438936217,-0.0021704203938812355,15.7829083442688,15.567098379135132,15.600199510257813,0.02766926076755104,0.5524031352996825,0.006796349790068686,0.21524349737114626,0.008855501064872297,0.08332248207895548,79.02508616255375,0.2524793870879698,0.017354556470013605,0.26169586181640625,1.5109701116295153,185357300.0,-0.526164019694178,0.4711805712984735,0.9999999908852372,0.025740908685740065,-0.015069444897541596,0.2527107882834915
VICI,2019-10-09,16.039453111727646,16.074139979778877,15.911108788855865,15.942327499389648,2531500.0,-0.003475314277258495,0.010226310488807504,-0.0060554192004826845,0.002601892387383816,15.799419116973876,15.61233172416687,15.632783128270368,0.021136866744380454,0.5731062030792238,0.006888533905582753,0.21172563951279688,0.008782052027796671,0.079240827174935,70.40181401670208,0.248724499067686,0.010879734759783821,0.16510772705078125,0.6085673005959464,182825800.0,-0.30696596438298346,0.14681691118732051,0.9494121599985154,0.05140975708399218,0.008531121494294571,0.1669154042751127
VICI,2019-10-10,15.928453419050074,16.00476612235662,15.862547835515791,15.997828483581543,3047500.0,0.003475314277258587,0.008889849455930068,0.004355417485070961,-0.0008702669255857188,15.838268661499024,15.658970499038697,15.66754935258572,0.02163986352510523,0.5920504665374757,0.006884248900583377,0.2076994115282091,0.008752137164303621,0.07465987386265503,67.07467650246383,0.24737559694666977,0.0076246661110140335,0.38849544525146484,0.7220186670552181,185873300.0,-0.3474412262198868,0.17545227157254398,0.9999999908852372,0.032368317883429885,0.007718092141679437,0.1633337208007943
VICI,2019-10-11,16.05332854142391,16.0706733002639,15.872953899886419,15.921517372131348,4317100.0,-0.004781505058750754,0.012418376700926962,-0.008210831102872932,0.0034692244575146684,15.868793392181397,15.710011005401611,15.691736783018637,0.013463158406255322,0.6118552970886224,0.006345801900041853,0.20665937831140177,0.008366410404693875,0.06027902071639569,62.45566664463767,0.2374121736085737,-0.00187100578166563,0.30524730682373047,0.9922132485095312,181556200.0,-0.09370907818509645,0.09192348465243737,0.9117071881096981,0.311119395442171,0.013189194805436054,0.06871942859813673
VICI,2019-10-14,15.900704285210153,15.956204072533673,15.751548358674578,15.94926643371582,3770400.0,0.0017413483625290634,0.012831669388033104,0.003054087896649733,-0.0013072301109707642,15.892380332946777,15.750797700881957,15.71626341641837,0.012600551197654571,0.6244121265411362,0.005652396257643049,0.21369617084645182,0.008114965579974657,0.050676318216477174,61.896478118256276,0.22911412122098085,-0.008135246535406787,0.2358694076538086,0.850811287736642,185326600.0,-0.32315608278935337,0.29589778378685533,0.930621168355773,0.1815706817789199,-0.0008618951217856828,0.05732763741117889
VICI,2019-10-15,15.949265530166226,16.053327460100146,15.9111091804393,16.039453506469727,4427500.0,0.005638694632336559,0.008866778385153814,0.005654678965179944,-5.665148287607046e-08,15.92914867401123,15.78787670135498,15.74704342499469,0.01593480933969766,0.6262532615661609,0.005366830625615857,0.2028222252736437,0.008007036682650555,0.04529442652212235,63.87648569213875,0.2271962213510026,-0.008042517124308035,0.36768341064453125,1.005731134164874,189754100.0,-0.41523673697262836,0.6712036022584875,0.9999999848348297,0.13885136806564197,0.00889762654081217,0.06478570435716612
VICI,2019-10-16,16.07414118688809,16.246884819695396,15.983954529250687,15.997828483581543,6538300.0,-0.0025985379361149236,0.016435373758041757,-0.004747544669372326,0.002162647275006806,15.960367107391358,15.81876573562622,15.770927716288677,0.011319640921923927,0.622873935699463,0.005428661927504977,0.19781723812936786,0.008186343143343943,0.03959766081420093,73.72857760292828,0.21978394787374356,-0.012363832481253667,0.31218433380126953,1.452613384402785,183215800.0,-0.21101634281529907,0.4062082757791029,0.9135271272416607,0.05732852490196105,-0.004332876718511701,0.07792999120550892
VICI,2019-10-17,15.990888237500167,16.112294911439765,15.98048244264386,16.053325653076172,3733600.0,0.0034630406581412343,0.008210913529350043,0.003904562063637157,-0.0004338242586172626,15.980485153198241,15.843527603149415,15.797822757887486,0.013241877388786379,0.6139009094238297,0.004956998690461618,0.19246556834401993,0.008052602145549719,0.0384518664830444,75.19971230870068,0.21589907536123398,-0.012998963995010604,0.20118045806884766,0.8467576412529001,186949400.0,-0.42596824926650856,0.8969983926015951,0.9999999774771033,-0.1451931598024932,0.0032000054965798603,0.07874384302910062
VICI,2019-10-18,16.046388015432274,16.13657598158387,16.01170115043186,16.053325653076172,3519600.0,0.0,0.007778751509228919,0.000432348864880078,-0.0004321620201212343,15.993665981292725,15.860756540298462,15.822156366953076,0.012141231238777082,0.6002710247039804,0.004582561524151744,0.18850129219611148,0.0079382914159695,0.0392682178036506,72.0716614878948,0.2103949835025869,-0.014802444682926158,0.13180828094482422,0.8719111144141801,186949400.0,-0.5113960670706266,1.4698936411154726,0.9999999774771033,-0.12036810983950876,-0.0033151225553318237,0.10415953810496596
VICI,2019-10-21,16.05333048044922,16.31001785758521,16.029049403003587,16.296142578125,4738400.0,0.015012394246516991,0.017241408709738316,0.015125340998336343,3.0070859779470197e-07,16.02488441467285,15.890811586380005,15.86729791087421,0.025507255532021,0.5943369579315192,0.005521123049082642,0.1954388369597449,0.008071001818807074,0.04490538110383594,82.14283610198483,0.22305500830665537,-0.0017139359030861612,0.31218433380126953,1.1656809974120033,191687800.0,0.18338266145790771,1.5445569795209195,0.9999999854399229,-0.12857870469008645,0.009679214691347835,0.17490746912555008
VICI,2019-10-22,16.303078622283312,16.407140561611463,16.237173036126663,16.372453689575195,4289300.0,0.004671841399162716,0.010381310505280187,0.004255335381690436,0.00042562490632738547,16.062346935272217,15.922627639770507,15.91540798503621,0.028250742275800125,0.5891855430603012,0.005554548896015916,0.19766865005996884,0.008140852647732903,0.05130547558583934,83.22145298072877,0.23651938981234544,0.009400356482083094,0.37462520599365234,1.0616146353476366,195977100.0,0.1253938278995126,1.4134858567531392,0.9999999868959123,-0.04216548237428231,-1.281668602857348e-05,0.18869772249473904
VICI,2019-10-23,16.33776946236738,16.511206511111066,16.282269659698187,16.40714454650879,6001700.0,0.002116613488374561,0.013953485371200284,0.004246300836917107,-0.0021184501642475275,16.108828639984132,15.954123878479004,15.962240038509789,0.028395208128030015,0.5837052726745604,0.005552783026723663,0.19023565457621114,0.00796239475480766,0.05712224600127315,80.76924297042456,0.24714039080652483,0.016017085981009982,0.4648170471191406,1.4520464426471051,201978800.0,0.14020767783525062,1.4226867535402752,0.9999999874657111,-0.03233723356862395,5.461838513303605e-05,0.1897229683131072
VICI,2019-10-24,16.414076026235577,16.483451084337116,16.310014100692854,16.448762893676758,3188100.0,0.0025333873065469664,0.010544074637426654,0.0021132391117074656,0.0004224671579591095,16.153922080993652,15.996095371246337,16.00857554852569,0.028298626128730752,0.579650516510009,0.004692254180701,0.19097901892955157,0.007569432727877359,0.059530444610993265,80.15865482701474,0.2559652552819571,0.01987356036515381,0.45093441009521484,0.7811950586306727,205166900.0,0.8975570552895663,1.6321845639599808,0.9999999879878846,-0.1084276995429986,0.001993730949313693,0.1821755824706511
VICI,2019-10-25,16.414079666137695,16.5493603316643,16.327361155085313,16.414079666137695,4084900.0,-0.002110787607816273,0.013524923790699729,0.0,-0.002108561462235889,16.203178310394286,16.03598585128784,16.047194988298262,0.023577834151025424,0.5729758834838847,0.004788659011623999,0.19048347154869294,0.007577378602916068,0.05934425716003215,75.41001154962112,0.2571955867307363,0.016883113451146348,0.49256229400634766,0.9918669773054795,201082000.0,0.8821242114533904,1.4047696594193484,0.9553622154689385,-0.08642960155041222,0.006091743900158939,0.16059113853802043
VICI,2019-10-28,16.441828627830496,16.525077649351935,16.348172486204376,16.49039077758789,5525800.0,0.004638351399436166,0.010727772648540938,0.002953573526194955,0.0016905584874214446,16.257290744781493,16.074835538864136,16.089404111087752,0.025851290218121787,0.5659255123138429,0.004737145127161616,0.18726247263599965,0.007557702546435296,0.06115671994626915,77.09950899785822,0.26131601385921854,0.01680283246370287,0.5411243438720703,1.3063017273782478,206607800.0,0.9437056238084154,1.674113419325416,0.9999999877843302,-0.06586013180500404,0.002742807390287688,0.15799002974448903
VICI,2019-10-29,16.497330255735662,16.61873564366363,16.462642056885176,16.469579696655273,4568100.0,-0.0012628096080655323,0.009477690970471695,-0.0016821242376923549,0.000420819508850126,16.300303363800047,16.11472601890564,16.125611309713232,0.022020459878332628,0.5655364704132069,0.004668576578889053,0.18676692948281687,0.007500093578661072,0.059974328008025844,80.15926700953769,0.2599061652517598,0.012314387084995299,0.4301261901855469,1.0466922682113136,202039700.0,0.9826899091890131,1.8404638371129955,0.9741395739293635,-0.10956819401429409,0.0006102467041404321,0.12977682495003245
VICI,2019-10-30,16.504267988658953,16.643016815185547,16.455704509994177,16.643016815185547,4283400.0,0.010475693414740611,0.011254708642754031,0.008406845224637458,0.0021062038402063013,16.36482219696045,16.162594652175905,16.17488802452012,0.029724321703815348,0.5644525241851817,0.004981154328061953,0.18998793079356968,0.007559387280466584,0.06110722112512496,82.51795981500405,0.2696751290431827,0.01766668070113453,0.6451883316040039,0.9735210192038237,206323100.0,0.7326673757966542,0.6723863027053522,0.9999999873557229,-0.1493335756283805,0.0016285873445073772,0.14110923403396347
VICI,2019-10-31,16.643014228049267,16.656889505510883,16.330828424478714,16.337764739990234,5844600.0,-0.01851143469380736,0.019957508644622802,-0.018340997843081904,-1.5544875716702695e-07,16.393266105651854,16.18687562942505,16.19040009266013,0.009321694564137721,0.5490358924865735,0.006592294740525562,0.19915519369747603,0.007487595048642362,0.05893948322526931,67.04548383544181,0.24990506186654216,-0.0016827091804048067,0.2844390869140625,1.2838742485965933,200478500.0,-1.0083705437055328,4.1106988618625016,0.5769198661161259,-0.4183837586136398,-0.004214597614802774,0.22947461961124668
VICI,2019-11-01,16.504269491206692,17.066205134719894,16.46958128900241,17.017642974853516,9226600.0,0.04077134468533746,0.0350591351927584,0.031105495697361447,0.010191403405932336,16.48969783782959,16.24168190956116,16.2691851290595,0.04777590582140166,0.5547926807403574,0.011133055689613846,0.23656838518823062,0.008774474779365653,0.07236810287638754,78.5186456141923,0.28580307284982,0.027372241442298384,0.9643173217773438,1.8918209591765598,209705100.0,1.9560410180860732,7.691809470108995,0.999999990876958,-0.7520963058052458,0.012475918520993945,0.6578729188162941
VICI,2019-11-04,17.06620338920377,17.15639005927146,16.94132852047968,17.05232810974121,4112200.0,0.002036112492410238,0.012611857888714023,-0.0008130267257530698,0.002853533501790579,16.56531639099121,16.29510040283203,16.34377017483871,0.04646965579773764,0.5547702217102035,0.011136308678566874,0.24177147512615452,0.008724543941790869,0.08303794626643081,77.86270075711865,0.31343818540212,0.04400588319567866,0.7561855316162109,0.8749613020799534,213817300.0,1.982406803076593,7.760959315869486,0.9999999911567873,-0.46447111585255013,0.00709225626372762,0.6774819878860537
VICI,2019-11-05,16.9968274275154,17.03151430114093,16.504266941291903,16.691577911376953,4890000.0,-0.02138246490557879,0.03158762836254426,-0.017959205471739445,-0.003254727557940149,16.597228813171387,16.3297878742218,16.376894721175685,0.022155219647787,0.5525445461273186,0.012405764946267262,0.26213796641219733,0.009509433461415275,0.08371012989156743,66.23380912700839,0.3027398881259771,0.02664606873562858,0.3191242218017578,1.0557154361141037,208927300.0,1.2832329408653063,5.386740188786154,0.6809809164559525,-0.4129022843634194,-0.0017047712738263658,1.1985351938426412
VICI,2019-11-06,16.733205347527527,16.878891818547793,16.674236068862513,16.774829864501953,4463500.0,0.004975265072501844,0.012200168427243608,0.002487539960810728,0.002493918572084208,16.6339973449707,16.371412992477417,16.414793306254374,0.024641542682351497,0.5569611835479744,0.012346447244656451,0.2673410579042955,0.00955190762788034,0.08374684773603051,66.6667841596024,0.2975491855164556,0.01716429290088567,0.36768531799316406,0.9439508684517176,213390800.0,1.1939373845661818,5.34479145145491,0.7546023896343472,-0.3903328965396019,6.771895545553788e-05,1.2797015882556368
VICI,2019-11-07,16.754016405694617,16.767891685313128,16.625673377272157,16.643016815185547,5217600.0,-0.007888822650863273,0.008545224079279086,-0.006625252585484059,-0.0012407552848795228,16.65342273712158,16.403672409057616,16.436528878533533,0.014590903802478497,0.5549221611022936,0.012563255750394528,0.26907546190985165,0.009545187767821617,0.0819446386545552,62.839970496574544,0.2795765207285825,-0.0006466975095899552,0.19425392150878906,1.0786773302239905,208173200.0,1.2497780224000266,5.044080137557031,0.638037306047184,-0.3927106117874538,0.004002428321884145,1.301907437628647
VICI,2019-11-08,16.580569548674124,16.8996941745774,16.545882693414917,16.844194412231445,3763400.0,0.012015334210946086,0.021004951172112065,0.015899626534747274,-0.003752160272676327,16.696434211730956,16.449806261062623,16.475354167457144,0.0239752459639817,0.5665688037872325,0.01264662678753087,0.27427853523705614,0.009819373679802245,0.08015795653054761,62.1536980467762,0.27835767120637556,-0.0014924376254375482,0.43011474609375,0.782517388004616,211936600.0,1.041110371563976,4.463008924273591,0.8113127215398771,-0.4182283785673886,0.0031001469741861747,1.8597653873734068
VICI,2019-11-11,16.892766365580194,17.204952214170945,16.865015806655073,17.05232810974121,5104300.0,0.012280688272994202,0.01993489717815607,0.0094455662683012,0.002883602038781842,16.75262794494629,16.50495934486389,16.530304066722294,0.03316389658649191,0.5841677188873291,0.012817229060832526,0.2879064121266775,0.010029783960197592,0.08088330165274048,64.24421160316814,0.29083382284979464,0.008786971214385209,0.5619373321533203,1.0468115039955537,217040900.0,0.8855528813107213,3.871536808671276,0.9999999905168294,-0.37795514334718894,-0.002636404629414243,1.6770703001700131
VICI,2019-11-12,17.10089419427337,17.17026928430847,16.837270440003724,16.91358184814453,3429600.0,-0.008169781612796821,0.019688250974543152,-0.010953365596026192,0.002848061814176253,16.797028160095216,16.548665761947632,16.56680671257203,0.022051088072368684,0.5930948925018313,0.013059733686548195,0.2953394116189538,0.010299776883936393,0.07897607768968791,60.16718169042669,0.28622616212567564,0.0033434483922129554,0.4440021514892578,0.7106285548522114,213611300.0,0.9724243479296169,3.6113056545502142,0.8684245429405997,-0.39597682430115894,-0.00013085104187123082,1.882044460122881
VICI,2019-11-13,16.86501829684068,17.080081190606816,16.844206697793407,16.89276885986328,3602300.0,-0.0012313065725780942,0.013963045062070285,0.0016454511067917883,-0.0028712753892031345,16.82200336456299,16.593412780761717,16.59785072659977,0.01804065764269031,0.6037527275085441,0.013033948739612238,0.29979923370246425,0.010235824937928193,0.07426506631654424,58.988907655439945,0.2776940395629701,-0.004150939336394099,0.24975204467773438,0.7698291429365189,210009000.0,0.963111786646321,3.6415160179403956,0.8402814155098286,-0.3735870700178431,-0.0006842294174321024,1.9905555081461703
VICI,2019-11-14,16.927452632997966,17.066202776200836,16.899703398289052,17.05926513671875,4063300.0,0.009807813665656688,0.009760055698613098,0.007786907255249507,0.0020531727760208767,16.89415340423584,16.64370975494385,16.641794956134913,0.02496771380259526,0.616767635345461,0.013128968486935746,0.296330286542362,0.010261023252384784,0.07142266917442532,62.39998826949372,0.28112647799304824,-0.000574800725052782,0.7215003967285156,0.8652987168416266,214072300.0,0.8703045307468678,3.3324160175988355,0.9999999900590443,-0.37861592682135553,0.0008152041110054987,1.9680590996683256
VICI,2019-11-15,17.05233337298526,17.093957901000977,16.972552476280185,17.093957901000977,2400100.0,0.002031596032763026,0.007102241939748899,0.0024409872306191053,-0.0004063342516771361,16.901784896850586,16.695741367340087,16.684858093741205,0.023851383709133964,0.6324667167663556,0.013111358558074528,0.29236601951187857,0.01025262729936855,0.06682304366141968,61.788703903080524,0.28337950379419397,0.0013425800608743432,0.07631492614746094,0.517278538576595,216472400.0,0.8487220835298918,3.3361594285065466,0.999999987465771,-0.3756266858788312,0.008402529851693739,1.850971715964765
VICI,2019-11-18,17.10782721975459,17.172346075776066,16.982952356027713,17.0384521484375,2782600.0,-0.0032523810308918545,0.011115664621314832,-0.004055165534813319,0.0008113579566497741,16.900397300720215,16.732856845855714,16.718533717997996,0.01826318753557457,0.6294294738769537,0.012875268440324533,0.2947446004382999,0.01009401022081396,0.06508194500589339,60.96248350590112,0.27748748957299796,-0.003639547328257331,-0.013875961303710938,0.6126281629301178,213689800.0,1.0809296936120654,4.145517960857779,0.9265984345120618,-0.3900637104107972,0.0002954604497024932,1.9014482978231675
VICI,2019-11-19,16.996833123353568,17.0211142076722,16.837271334054034,16.98295783996582,6405200.0,-0.003262319680939948,0.010825138668455574,-0.0008163452148437581,-0.0024426529312258425,16.9295352935791,16.763382053375246,16.74371696770922,0.013098537388901422,0.6187204933166512,0.012920506177817355,0.2957352082377354,0.010102486327570324,0.06294922191620882,56.862808519683114,0.2652820921190724,-0.012675955825746321,0.2913799285888672,1.3780951038810292,207284600.0,1.167032846630661,4.2102636637423965,0.8532120160688684,-0.3772875830752466,-0.0022645611133645235,1.9053084142937686
VICI,2019-11-20,16.934390576582498,17.14945211151146,16.934390576582498,17.135578155517578,5815400.0,0.00894653472553797,0.012550585278017883,0.011880414475221208,-0.002859764703003011,16.965610122680665,16.799803733825684,16.781037080833823,0.019986806215826627,0.6131838226318358,0.013017232747668061,0.28780666923036363,0.010070576100449388,0.062457714759988264,67.16422810133314,0.264871141028312,-0.010469525533205404,0.360748291015625,1.253710750126656,213100000.0,1.0626493798806775,3.8445463822753694,0.999999987465741,-0.3843059493786743,-0.000378868524304965,1.8460751800466215
VICI,2019-11-21,17.149454951723968,17.163330233235268,16.868487778828346,16.89276885986328,3966500.0,-0.01427124371212588,0.017453767162318716,-0.014967594747661803,0.0008098236359723422,16.990585327148438,16.82200403213501,16.79167820264615,0.0042066823663274855,0.5988298034667956,0.013524303345437375,0.2568353877787395,0.010237846480006436,0.05933253191657109,46.69118167317952,0.2421612937565385,-0.02654349824398311,0.24975204467773438,0.84800116302189,209133500.0,1.0489709331633248,3.243731330017801,0.6956565308564426,-0.40061615304137854,-0.000805946578923351,1.9354687070277699
VICI,2019-11-22,16.93438757169764,17.017637908986064,16.760950581964387,16.871950149536133,3494100.0,-0.001233163703189156,0.015213850488334565,-0.0036870197931373585,0.002463699833912064,16.993360900878905,16.844897556304932,16.799323149969005,0.0016059814635723242,0.5822984695434563,0.013513691330168658,0.2598086583665893,0.010280566318904146,0.05471049691502137,45.18510146060917,0.21994825368837922,-0.039005230649713896,0.0277557373046875,0.7517540066223029,205639400.0,1.0412366146304421,3.2480690714388274,0.669561820412848,-0.3702919036501756,0.0012162786871743971,2.1178090480780503
VICI,2019-11-25,16.941333313022433,17.17027019604085,16.878895860997424,16.98295783996582,5429000.0,0.006557872689777125,0.01715686618250544,0.0024569805796448964,0.004112338103856229,16.986423873901366,16.869525909423828,16.81681216806394,0.006724073406154566,0.5699383163452154,0.013544505888668377,0.24197000679911845,0.010434734676110714,0.05131397774694441,58.974479479367744,0.20889365624830702,-0.0400478624718289,-0.06937026977539062,1.1692644338145501,211068400.0,1.0127847306391067,3.151685827539651,0.8087017331766786,-0.3708644646923585,0.007358990742457998,1.9934681052623653
VICI,2019-11-26,16.99682709458472,17.08701375817619,16.937859145932485,17.06620216369629,22601900.0,0.0048896648009873036,0.008739765931109833,0.0040816482232541,0.0008166571894950772,17.001685905456544,16.899357032775878,16.8405635962194,0.00987286857108344,0.5644028663635261,0.013547060918821971,0.23800563983900602,0.010424196433850154,0.04705055969963533,58.974286671013914,0.20449266520397558,-0.0355590828129283,0.1526203155517578,4.076248291185584,233670300.0,0.9377744490015834,3.0370967272692653,0.9130423234286481,-0.3615061656483905,0.0009751230320091204,1.9805874596976547
VICI,2019-11-27,17.024576647396437,17.270856871158326,17.00376373092471,17.26738739013672,2503400.0,0.01171957443167262,0.015468069036673247,0.014262365976508151,-0.002439061479559842,17.039147758483885,16.930575561523437,16.881213481354383,0.01989370221876705,0.5578746032714825,0.013592239545661768,0.24642968648213603,0.010523035786509347,0.048509855925036795,68.44254444577155,0.21476315848694938,-0.020230871623963614,0.3746185302734375,0.45885281297999553,236173700.0,0.9206310026133258,2.9374564330540522,0.9999999892429472,-0.31745216206079346,0.0036885182485342917,2.0188903592086014
VICI,2019-11-29,17.211885201381627,17.30207317029021,17.13557383140412,17.15638542175293,1070600.0,-0.006449168353557145,0.009704802893678456,-0.0032245032417623745,-0.003214278309803572,17.048859786987304,16.971506595611572,16.90742033282091,0.010893483445315497,0.5668396949768066,0.01290058339987886,0.23305024774810792,0.010265109750708901,0.036953218917704894,59.740326204939734,0.21150753998018246,-0.018789192104584435,0.09712028503417969,0.20521057756446134,235103100.0,1.1337546651533577,3.7382759870962396,0.8222177965150779,-0.13121986519429535,-0.004579103922680672,1.7927377350812406
VICI,2019-12-02,17.114759467822463,17.149446330944453,16.871947456311503,16.976009368896484,4423800.0,-0.010569298351986065,0.0163465316614036,-0.008107043466596369,-0.0024262659591272923,17.037064933776854,16.96942491531372,16.913952621970964,0.00038801866389840783,0.5394127655029273,0.009370593993261685,0.22759883085538846,0.009345362697330852,0.036870809179228844,47.5768934966784,0.1921575265065023,-0.030511364462611684,-0.11794853210449219,0.8888594196433953,230679300.0,-0.49154648376133875,-0.31890134351505045,0.5333251785667942,-0.17153882227996078,-0.008639007769749395,0.8881766903205749
VICI,2019-12-03,16.899698585893816,17.156384557539404,16.892760948387306,17.10782241821289,3248800.0,0.007734676504946343,0.015409536217271362,0.012315239308042786,-0.004495213294502847,17.044001960754393,16.972199630737304,16.932416412089243,0.007990878638380413,0.5139318656921397,0.00952495983772078,0.22264345691591356,0.009422869162821446,0.0373425250293091,56.19437483272914,0.18532243126311343,-0.029877167764800455,0.06937026977539062,0.658482255962479,233928100.0,-0.5362327050350858,-0.41736408044948425,0.7444386622788984,-0.21634507464017522,-0.007648791113194941,0.6137287252400606
VICI,2019-12-04,17.045395291990832,17.225770006371985,16.98295783996582,16.98295783996582,3653100.0,-0.007325449032062882,0.014297401471182884,-0.003663009918834198,-0.003649039877547395,17.044001960754393,16.986768627166747,16.937229881410822,-0.00022433855929677906,0.5035643577575684,0.008316717043805237,0.22313900502968181,0.008636646187544908,0.0339146323054244,52.697151292590576,0.16789465602692388,-0.037843954400791996,0.0,0.7498268138364199,230275000.0,-0.13598355014679817,-1.2654349598136794,0.5444539396532558,-0.2240155953432904,0.007650189655984397,0.27449257697646157
VICI,2019-12-05,17.010703289036417,17.187608467738425,16.996828009823076,17.135578155517578,5776500.0,0.00894653472553797,0.011133587450851084,0.007340958475340873,0.001633723014097343,17.044001960754393,17.00480604171753,16.95612019323051,0.007690303169540916,0.49443460464477695,0.008466918161751031,0.2253687701321854,0.008611314522132416,0.032595886004478235,52.30128218401514,0.16450192674313158,-0.032989346947667475,0.0,1.169906279904609,236051500.0,-0.1632184521137921,-1.3518604345037124,0.788892609940219,-0.2439283132623758,0.00035347564149148115,0.27606169398919556
VICI,2019-12-06,17.163328095676903,17.322889843525665,17.073141423524845,17.302078247070312,3393100.0,0.009669728216579193,0.014434590829752434,0.008084105286570739,0.0016194341333262388,17.0849328994751,17.03775911331177,16.98906857931049,0.015513726423801184,0.49353277206421,0.00840018863847059,0.23453612693790177,0.008754972823535134,0.029530184371883643,55.81386675021287,0.17325119826296387,-0.019392060342268175,0.40930938720703125,0.7001351532596697,239444600.0,-0.38313903793221227,-1.1870936810204324,0.9999999781604001,-0.12298958025342237,0.01045614486551613,0.46214081377322885
VICI,2019-12-09,17.302079473882312,17.350641633347472,17.232704393266534,17.288204193115234,2690500.0,-0.0008021937793126009,0.006821832896207026,-0.0008019429565112428,7.090547054668004e-08,17.126558303833008,17.059959602355956,17.017557685387132,0.013378964316407747,0.48229457855224567,0.008071691401489554,0.22943209267594358,0.00833158465284584,0.03023767609808147,57.142997416471744,0.1770249058531661,-0.012494682201652785,0.41625404357910156,0.5613740048678147,236754100.0,-0.2824207770660994,-1.1209836098154415,0.967744344738095,-0.24709948221187747,-0.0014698742389518222,0.4216665685607833
VICI,2019-12-10,17.260456763224255,17.357582422996135,17.180675869167963,17.27433204650879,5947600.0,-0.0008027273956499817,0.010241006908508805,0.0008038769468776347,-0.0016049920269931473,17.155695724487305,17.071059799194337,17.042012386446338,0.011907418151276411,0.46217607498169144,0.007651181924532113,0.22769821692199393,0.008007880474041612,0.03222785549820621,58.5366480619254,0.17685752653382636,-0.010129649216794046,0.29137420654296875,1.2301468291805158,230806500.0,-0.22038340155426503,-1.0093750176312544,0.9354931470984639,-0.171591969878047,-0.0007019631753896919,0.5155585469862
VICI,2019-12-11,17.274323748689522,17.378385676897086,17.05232461565493,17.128637313842773,2700300.0,-0.008469943518530799,0.01903601876015239,-0.008433698300797479,-4.803554339996962e-07,17.161939239501955,17.081812572479247,17.050262379531713,0.0027412044924884677,0.443791503906251,0.007669492137414981,0.23562675451579349,0.007979906079086494,0.031123145814706616,49.795819432334255,0.1630885466660139,-0.0191189032676852,0.062435150146484375,0.5627494969682634,228106200.0,-0.22163459127166407,-1.0177156293752472,0.596769101601302,-0.17446118907244976,0.0025364192388112345,0.46138207349870763
VICI,2019-12-12,17.191081028451798,17.30901827645144,16.986425254664763,17.100893020629883,2824200.0,-0.001621073910013442,0.018864103845191743,-0.005246209221668548,0.0036455739861197,17.145289802551268,17.092218780517577,17.055084345350586,0.0005074964358748654,0.42589273452758647,0.007675033200242549,0.23760893790006168,0.00815930539292886,0.029313208022066602,57.0093541992402,0.14822910546865486,-0.02718267557203541,-0.16649436950683594,0.5933816577371572,225282000.0,-0.2133614888799663,-1.0274191642773478,0.5322667063220399,-0.1371983825432693,0.010147331344829104,0.3507799635279202
VICI,2019-12-13,17.087011027367094,17.177198999764304,16.83726267098682,16.878887176513672,6139600.0,-0.013067124141027031,0.02013973582633408,-0.012180237404896871,-0.0008117700780913732,17.117539978027345,17.083199882507323,17.038303662604214,-0.01195986158324243,0.39633899688720575,0.007926581898199805,0.24355529516833357,0.008487992790977264,0.031363452719640056,50.20574827996248,0.11718800465269297,-0.046579021110397856,-0.2774982452392578,1.262431078389946,219142400.0,-0.0987276411866793,-1.0750243773253638,0.016127816006508755,-0.128288591727826,-0.0017784046885804092,0.4262932323535036
VICI,2019-12-16,16.89276454673987,17.114763701360328,16.74707677450811,17.073139190673828,6800300.0,0.011442859501360836,0.021535988358430725,0.010677627302203152,0.0008221732914659803,17.127252960205077,17.082158946990965,17.041621331944178,-0.0005280220342830897,0.37226562499999716,0.008357502709746568,0.2485100723360123,0.008923880450265624,0.03136369904113405,52.54886570327906,0.10702846520393194,-0.0453908484473271,0.09712982177734375,1.3377661274854549,225942700.0,-0.10148161455600116,-1.235870132814422,0.4677421391758455,-0.22785625247540756,0.007286997322426872,0.5400761326009134
VICI,2019-12-17,17.100887251141668,17.336761667561767,17.048856947155002,17.23963737487793,3242200.0,0.009704810140535017,0.016700161038555674,0.008113621340144149,0.001625246544173718,17.14043445587158,17.09221820831299,17.060480002699773,0.008624928886833527,0.3572113037109368,0.008596021792652425,0.25842079434765935,0.009081563236834683,0.03229038002307584,54.68161130218094,0.11113092089763299,-0.03303071420290085,0.13181495666503906,0.6349405294043344,229184900.0,-0.2566188229540911,-1.3127171338516535,0.8548318951989878,-0.13840998615087532,-6.416881349545291e-05,0.5117940799730455
VICI,2019-12-18,17.253515715156787,17.426952739010225,17.198015920452466,17.36451530456543,4195200.0,0.007217542527251639,0.013184175575437338,0.0064334476080797846,0.0008050250696735355,17.17859020233154,17.111296081542967,17.089435745734598,0.014798366051043689,0.3489554405212374,0.008667003128807351,0.2556953427993839,0.009137925059584938,0.03461681341347019,52.734464356864166,0.1230404185142362,-0.016896973269038107,0.3815574645996094,0.8397445456738203,233380100.0,-0.42123287984664354,-1.2672080878609364,0.9999999796981177,-0.07015778560868718,2.6474864393686702e-05,0.4804537377349748
VICI,2019-12-19,17.41307454457454,17.565698623657227,17.336761843423563,17.565698623657227,3944200.0,0.011519284946302104,0.013033172499346811,0.008764912749439873,0.0027964638895703322,17.22160224914551,17.132802104949953,17.13479411506056,0.025267117197495845,0.3379940414428724,0.008809064296926477,0.26015516003849626,0.009150592767365679,0.041945864527669706,60.9666255797648,0.14701786325805344,0.005664377179823293,0.43012046813964844,0.8045701510226437,237324300.0,-0.39426986907990913,-1.2861824705832785,0.999999985585554,0.07524279727332542,0.004008684075514146,0.5539391595054339
VICI,2019-12-20,17.71832732484863,17.71832732484863,17.534483176321253,17.59345245361328,3467000.0,0.001578754598464783,0.010449577705802727,-0.007047779903028501,0.00868901968896617,17.250739669799806,17.167836284637453,17.17847586158939,0.024791485771371725,0.34111574172973746,0.008024528760290311,0.25296988740177845,0.008959937067071768,0.0460848458754611,68.01644263776775,0.16634217405658802,0.019990950382686307,0.29137420654296875,0.7108484869609433,240791300.0,-0.43266117141381094,-1.1288353456849722,0.9999999861400305,0.03142805036788945,0.00558347835837835,0.47164538963096736
VICI,2019-12-23,17.662821688330588,17.676696964523355,17.5136671005254,17.579572677612305,2799300.0,-0.000789228488004534,0.009273824056347812,-0.0047132339434352195,0.003942900627389943,17.279876518249512,17.20321741104126,17.21667555835348,0.021877027859305925,0.3433357620239228,0.008015545973148734,0.24578461989076825,0.008812662368686608,0.04771906939228478,64.78265287216175,0.17847944769004798,0.025702579212916993,0.2913684844970703,0.5780655979415719,237992000.0,-0.441907446315714,-1.1129423078907719,0.9805759022281728,0.0458859054157621,0.001775722068836874,0.46850860167559555
VICI,2019-12-24,17.5518242280665,17.600387700559462,17.440824651664098,17.482450485229492,1061200.0,-0.00554003631438065,0.009127041373872363,-0.003952508977732091,-0.0015784484671315046,17.300688362121583,17.228192043304443,17.241987456151193,0.014758277669876824,0.3376467132568344,0.008114829553028587,0.23983825435428255,0.008595118839584538,0.048152818503481264,65.92893116955791,0.17820711456105087,0.0203441968671359,0.20811843872070312,0.22949132162953545,236930800.0,-0.23498238263501464,-1.3128337247715203,0.8446580314104797,0.04951815131865061,-0.00042823617239278844,0.47060980390260176
VICI,2019-12-26,17.55124942000372,17.64953598825844,17.505615796576574,17.572311401367188,1940100.0,0.005126899065060759,0.00819016852106702,0.0012000274658202665,0.003935314150173365,17.345055770874023,17.253497505187987,17.273446879505098,0.018478218464594548,0.33229501724242994,0.008120291442770523,0.237155031158307,0.008584801777357801,0.050362927927699065,64.50825987560765,0.183131290011584,0.02021469785413521,0.44367408752441406,0.5402598125896325,238870900.0,-0.23842327312896125,-1.3164027230274666,0.9704140928369128,-0.0030204445026669772,0.002869483934020731,0.482364515032959
VICI,2019-12-27,17.649544152716675,17.719749450683594,17.575829192426017,17.719749450683594,1176000.0,0.008355358315802126,0.008122025577061674,0.003977740011835495,0.004395139010766617,17.406941413879395,17.27611560821533,17.315951886284,0.025679027191581234,0.32047470092773267,0.007926790532345403,0.2298471475379917,0.008397469998529014,0.05580085259013442,64.05299811839481,0.1966637357942318,0.0269977149094264,0.6188564300537109,0.33364730982670765,240046900.0,-0.2744457926864416,-1.2882656860066626,0.9999999881074461,0.0946727346342671,0.00012513265739260806,0.42193422744259174
VICI,2019-12-30,17.70570355855429,17.761867514637203,17.621458293957087,17.747827529907227,2036900.0,0.0015833100245146385,0.007911346920827888,0.002379118751967601,-0.0007926687771965828,17.49383544921875,17.305687713623048,17.357082899962403,0.025548815141054827,0.31615676879883026,0.007713994803428303,0.23145228900936157,0.008364640392589547,0.06032645008684903,65.31810940934616,0.20726474395751637,0.030078978458168787,0.8689403533935547,0.5700819620514442,242083800.0,-0.4117278209060676,-1.019661834337085,0.9999999884917303,0.00632874208685398,-0.005560881127827319,0.3210246212500119
VICI,2019-12-31,17.775910522728424,17.937381744384766,17.751338873304828,17.937381744384766,1732700.0,0.010623785101022605,0.010371796382054344,0.009083710308390867,0.001582334106744838,17.580259704589842,17.35375633239746,17.412349456574056,0.033631071037787064,0.3265442657470672,0.0073934262681922824,0.23235569334145925,0.008193176171652713,0.06558828244089596,69.78138724468718,0.2283295196681827,0.04091500333506809,0.8642425537109375,0.5039203824990403,243816500.0,-0.5796885754466093,-0.6994204060340837,0.9999999905526206,0.07016129141060878,0.0030515754847896238,0.11729766551290825
VICI,2020-01-02,17.986524678023198,18.014605986537486,17.575824661185237,17.747827529907227,2070400.0,-0.01062378510102274,0.02472310059430369,-0.013270887644438777,0.002739693804744729,17.631078720092773,17.38575658798218,17.444299749272453,0.020825722486838866,0.32951082229614315,0.007864802786763032,0.24040714077789435,0.008588891565386904,0.06703043477178458,68.00177891738903,0.2271100815952174,0.03175645220968221,0.5081901550292969,0.6126313796042041,241746100.0,-0.3922088364875921,-1.071036167080279,0.8209209301206043,0.013663811010906485,0.009067424772177837,0.045711992571813694
VICI,2020-01-03,17.6635809347645,17.81803147930333,17.600396316758992,17.76186752319336,1944000.0,0.0007907696192127764,0.01225294368737689,0.005564363692269044,-0.004746868032200607,17.670813941955565,17.424702072143553,17.474544299169683,0.019349854571621302,0.34066802978515653,0.0075711222194387515,0.2329101508320129,0.008535712428648059,0.06581205405489131,69.37093551946535,0.22468653178201592,0.023466321917184563,0.3973522186279297,0.5901522890410481,243690100.0,-0.5143013296307661,-0.7081286758282779,0.8341850446278046,0.09257977666550078,-0.005390837940112052,0.18911167920416144
VICI,2020-01-06,17.69867956421659,17.789946812575778,17.53018772769281,17.57933235168457,4170500.0,-0.010329971552776665,0.014776390802923587,-0.006743283423997207,-0.0035575064893519043,17.6721773147583,17.446889781951903,17.48452411369491,0.00759118509877181,0.33941198348998824,0.007890515375235033,0.22718320483954763,0.008632109496485234,0.06424848708791167,71.01384423999735,0.20566599865379587,0.0035566310311715976,0.01363372802734375,1.2976991161457045,239519600.0,-0.31658913499021524,-1.029180622213771,0.6617371404770678,0.05317012359671772,0.0034561015714667112,0.18387292917406087
VICI,2020-01-07,17.502111722558418,17.607418984881754,17.347659821366666,17.509132385253906,3174800.0,-0.004001318417240672,0.014835638785497799,0.0004011323208752919,-0.004392694078552578,17.663745307922362,17.457242488861084,17.486867758605293,0.002972399359516921,0.32855730056762766,0.007715213164989044,0.21947407888689544,0.008642555984170967,0.06379506129515586,64.13198574597467,0.18282010217249933,-0.015431412360099983,-0.084320068359375,0.9912421749379459,236344800.0,-0.13634277038492387,-1.0038955749443996,0.5954165679410663,0.11268093689035388,-0.0017466742821517216,0.05049908078014335
VICI,2020-01-08,17.544234011872586,17.656561934664573,17.368721465128296,17.6214599609375,4320000.0,0.006394879845727307,0.01633465502712885,0.004401785168429327,0.002004761049624712,17.667934036254884,17.473905277252197,17.499686063589312,0.008444287716117613,0.3210724830627427,0.007813210860246991,0.2194694895390035,0.008872814198629604,0.06357913265463103,62.826566951110586,0.17179807988787132,-0.021162747715782415,0.04188728332519531,1.3153387682400492,240664800.0,-0.26116605960257067,-1.0649545463891743,0.7015366917772352,0.08487314606960822,0.0028691658831772266,0.05528321023001914
VICI,2020-01-09,17.586352648457943,17.811009782002177,17.56880166558606,17.796968460083008,3412800.0,0.009910656317674148,0.013609515404793044,0.011976093953940616,-0.0019923044150360575,17.699385833740234,17.500037097930907,17.527998672779187,0.016967470439660286,0.32107275009155245,0.0080506987400062,0.22041743938602895,0.008956291451893092,0.06457674935358025,64.04948332998718,0.17520545746123162,-0.014204296113937698,0.3145179748535156,1.080826011017914,244077600.0,-0.3801974902046024,-1.1440510858722934,0.8673462318681262,0.11078966725994539,0.007016091254438083,0.1605496884693529
VICI,2020-01-10,17.853132988789774,17.89525561686177,17.754846410270375,17.811010360717773,4035400.0,0.0007886940976524989,0.007883281394359822,-0.0023593969808240376,0.0031558480778756345,17.723255729675294,17.534155750274657,17.554952166868578,0.015789446289068122,0.3283627891540526,0.007707192572533302,0.21409404126872417,0.008652429840054742,0.06306532131949684,59.07288841985265,0.17699856350283483,-0.00992895205786759,0.23869895935058594,1.2515429514257181,248113000.0,-0.5070098809470821,-0.768424189570062,0.880612148319968,0.06968700428178072,-0.0028997339111938593,0.17451639688963785
VICI,2020-01-13,17.832070425826775,17.853132408705527,17.71272186762215,17.796968460083008,4080800.0,-0.0007886940976524134,0.007889576328592402,-0.0019684739295851733,0.001182418329026925,17.730977630615236,17.568959522247315,17.578001337650903,0.012977942008857627,0.34008752822876076,0.007688956550001793,0.2109916407370098,0.00834302703718792,0.05976379082996751,57.604195024750815,0.1752661893992915,-0.009329060929128746,0.07721900939941406,1.241432600078487,244032200.0,-0.5253686781736525,-0.7305143710044429,0.8673462318681262,0.02488728016761838,0.006694615079222672,0.24891330010590845
VICI,2020-01-14,17.803997143993666,17.96195740007583,17.733791841815616,17.881221771240234,6286200.0,0.004722967573564332,0.012760065345601188,0.004337488184366568,0.000394937144852654,17.744317054748535,17.619076251983643,17.60687947418322,0.014878505292073877,0.3593351173400876,0.006843033308702184,0.21564419032717094,0.00808382776964145,0.04886591529751121,60.707742430828354,0.17863264260821055,-0.004770086176167754,0.1333942413330078,1.9080892396418272,250318400.0,-0.5588783302349801,-0.5123912961392301,0.9350182628087789,0.1829161561945524,-0.000311927517973188,0.0654731153925305
VICI,2020-01-15,18.007588909549156,18.35159337642231,17.90228163831119,18.23926544189453,6235100.0,0.019825612873588458,0.02463431104407733,0.012865494292937823,0.007067030425860939,17.774505424499512,17.67738256454468,17.667106709203345,0.03178541140342881,0.39320898056030273,0.0076261709065511985,0.23784480149050755,0.008241566105115334,0.049216474116118715,72.66622262183718,0.2077963658000641,0.019514909612548648,0.3018836975097656,1.9089534143235034,256553500.0,-0.013120579723574164,0.11582591625768364,0.9999999899962794,0.13907634209518147,-0.0010634492731562716,-0.245010277912589
VICI,2020-01-16,18.344569981002593,18.425306927283653,18.288406022103427,18.386693954467773,2938400.0,0.008050536354703784,0.007445650942972328,0.0022962638812904124,0.005773507680094572,17.838392066955567,17.73473539352417,17.735638827799956,0.036761673996087214,0.4238744926452611,0.0075611268091899655,0.2391988002305201,0.007991823110525414,0.05535794780318768,73.57733947821515,0.240038065989836,0.04140528784185643,0.6388664245605469,0.9038310699620122,259491900.0,0.0020730723417937123,0.2161131448278994,0.9999999902169745,0.1755041299957498,0.00838931025453435,-0.08582364252582336
VICI,2020-01-17,18.38668998085094,18.548161160408103,18.344566016489328,18.442853927612305,2536100.0,0.0030497260977623087,0.011039242880623622,0.0030545980173624847,-2.1611372030910118e-07,17.90649070739746,17.788652324676512,17.802992646829704,0.03677634432307615,0.4427659034728997,0.0075025585380079874,0.24321002127354646,0.0079317397711603,0.06213608830147716,72.10291821602517,0.26704317862879634,0.05472832038465339,0.6809864044189453,0.8005126108907719,262028000.0,0.0864094394414184,0.3344747253575233,0.9999999895877092,0.14673032832142816,0.0016608143609425086,-0.06345969793494396
VICI,2020-01-21,18.456897569614753,18.653470738467224,18.449876908005123,18.5130615234375,3232400.0,0.003799536795710712,0.010997307506613704,0.003042979114496925,0.000761467940784516,17.999863624572754,17.836020469665527,17.870618254125684,0.03795919919039367,0.4553694152832044,0.0072332030556593275,0.24822484914317527,0.007872788863329372,0.07056314803663108,72.80337296422307,0.2907584092393485,0.06275484079616442,0.9337291717529297,1.0318898134240808,265260400.0,0.1795989513113687,0.8278990753274569,0.9999999902970185,0.16203422215413416,-0.0034459012543355317,-0.12840815916371662
VICI,2020-01-22,18.562204494147434,18.73069635269734,18.555183832659402,18.639429092407227,2841200.0,0.006802669441181771,0.009416196127457173,0.00416031394784717,0.002654502641160602,18.112893295288085,17.888319301605225,17.943838333962024,0.041988840770222594,0.4677400016784681,0.007287095836369432,0.25023060734191105,0.00784967094721167,0.07968637280290189,71.73911759529302,0.316105835769541,0.07048181386108554,1.1302967071533203,0.916157054573772,268101600.0,0.06676409577525956,0.6853098107533425,0.999999991356798,0.1624387683482863,-0.0012103689472325522,-0.14845565423909357
VICI,2020-01-23,18.639430821475763,18.78335104769532,18.580458866370957,18.681554794311523,2861900.0,0.002257481738548338,0.010860561851422671,0.0022599387952998338,9.276402875737585e-08,18.218902778625488,17.943418407440184,18.014097044471498,0.04113688763815892,0.48609189987182333,0.007237209844997345,0.23338138276849055,0.007886454502984174,0.08688259817505999,81.81827635783162,0.33572303977536677,0.07207921429352904,1.0600948333740234,0.9219013994900696,270963500.0,0.005736476390433746,0.7937851433507387,0.9999999916604421,0.1304000146249802,0.0020810926415318174,-0.14432460959852217
VICI,2020-01-24,18.709630966186523,18.85706215251861,18.6394257031262,18.709630966186523,2351600.0,0.0015017537732788344,0.011632321865981086,0.0,0.0015028819701639131,18.31016902923584,18.004777431488037,18.080338370349118,0.03914813928584245,0.5143048667907699,0.006963411518158824,0.23338147468620996,0.007945476082395462,0.0909653600808024,81.99055672083611,0.349506435088756,0.06869008768553458,0.9126625061035156,0.742095355908188,273315100.0,-0.052643148446617445,1.3412561505707128,0.9999999916701278,0.1544364730512439,-0.00936477865302195,-0.09881673632523917
VICI,2020-01-27,18.618368769473363,18.618368769473363,18.397222615460052,18.5130615234375,3371700.0,-0.01056190495300896,0.011945412363770351,-0.005656094115426752,-0.0048778191765565,18.380374145507812,18.05181493759155,18.12155009921468,0.025551258277384466,0.5293527793884252,0.0076090672800149224,0.23714213653217442,0.00803096672318719,0.09111310576156446,81.22105370569966,0.34064165894589493,0.047860249234138785,0.7020511627197266,1.0405052392495475,269943400.0,-0.05562073585088333,0.5790176904998106,0.8362601553773447,0.15962851641305817,-0.01655463415185916,0.2442776723902925
VICI,2020-01-28,18.548161752942413,18.583263718644332,18.44636417773103,18.470935821533203,2001000.0,-0.002278051219236022,0.007411619109937324,-0.0041635355803902666,0.0018959710937316305,18.447770881652833,18.089374256134032,18.154824929911683,0.021093132354746028,0.5353487586975092,0.00755831395261769,0.22836644920347535,0.00801766833932329,0.09144858639608203,82.77510282395396,0.32645391043195815,0.02693800057616158,0.6739673614501953,0.6097458782732703,267942400.0,0.13700880139012342,0.6861607666831905,0.8011699834917024,0.20614317212049796,0.007183071722266029,0.18486786760807855
VICI,2020-01-29,18.53412397658149,18.772821138368474,18.463918692693365,18.76580047607422,1930900.0,0.01583762956987063,0.016460925611404085,0.012499997290697935,0.0034209503870736924,18.536228752136232,18.140272903442384,18.213013077165257,0.034482809380069035,0.5521166992187503,0.00816566841210168,0.22987087607053475,0.008252967020952264,0.09516177124908409,84.68088205711591,0.3351398473097049,0.028499149963126635,0.8845787048339844,0.5893367557940968,269873300.0,0.10026287470194181,0.05427201875078004,0.9999999920424495,0.14478484470253525,-0.0030347111122911792,0.12514314057289147
VICI,2020-01-30,18.67452927248406,19.04661489565778,18.646446631234856,18.836000442504883,5231900.0,0.0037338662657086046,0.021244863825757455,0.008646599208192112,-0.0048636989243557634,18.595902252197266,18.18520383834839,18.272345207197603,0.035787149263848995,0.5622067832946769,0.007959091536606722,0.2411537437853067,0.008618707031669752,0.10017980576814157,83.63638384422167,0.3437258083131205,0.029668088773233736,0.5967350006103516,1.5158973794350334,275105200.0,0.19753490139786892,0.4004508403825801,0.9999999924634557,0.2619785982893622,0.004659112418604307,0.10136553532540259
VICI,2020-01-31,18.821963975721435,18.91323124426348,18.678043749839947,18.814943313598633,3314000.0,-0.0011185446632153036,0.012500037364106638,-0.00037300369567478287,-0.0007451935895995155,18.63872718811035,18.238559627532958,18.324021217331037,0.031602478366524384,0.5800327491760235,0.007405159883189057,0.24792362148760208,0.008132681704945863,0.1017491101359588,82.35317981323853,0.3448558266416484,0.02463848568140925,0.4282493591308594,0.9432096165258066,271791200.0,0.345255500012441,0.8842379482177762,0.9841301939311295,0.2480377582298127,-0.019643522787623095,0.2621163882659851
VICI,2020-02-03,18.800900960871502,18.96939281343798,18.758776993439223,18.85004425048828,2569800.0,0.001863850186673253,0.011173226821114856,0.002613879500724809,-0.0007463404217105314,18.67944622039795,18.292968463897704,18.3741186490603,0.03045300098177068,0.5970998573303206,0.007392562376676524,0.25293828426727216,0.008103386846988926,0.10252565893263008,83.48241629623341,0.3446112624441753,0.019515137187148923,0.40719032287597656,0.7249441086654489,274361000.0,0.3240695405362461,0.9019028083496688,0.9999999925423884,0.24496677535957842,0.004399675685205322,0.24579680920232627
VICI,2020-02-04,18.934295468158744,19.067685395579822,18.92025548031545,18.97641944885254,2528200.0,0.006681865350208994,0.007769111325861128,0.002224745080408903,0.004469550126826926,18.725782012939455,18.362822818756104,18.431480629992894,0.0334151582331719,0.6301373863220228,0.006732741563758225,0.25218654046950995,0.00792777696338755,0.10041236474554056,83.91330181001194,0.35057367084906943,0.020382036473634457,0.46335792541503906,0.7301217832275877,276889200.0,0.46478032022445537,1.4080603486679704,0.9999999931847011,0.14228856297679543,0.015033719418001648,0.282372673206538
VICI,2020-02-05,18.997472341347304,19.07469826869129,18.81493918338685,18.92726707458496,7014900.0,-0.002593542018081705,0.01372406720319574,-0.0036955056704856574,0.0011094238589903374,18.754565811157228,18.433729553222655,18.47869838662071,0.026773611923585156,0.6603541564941402,0.006653528676612596,0.2371427890496786,0.007890275885911787,0.09348521420123573,76.34384571901826,0.34732894477630083,0.013709848320692664,0.2878379821777344,1.9194109527008263,269874300.0,0.48922194960439425,1.5453300173409348,0.963724093345069,0.14509680970890768,0.014419349230782629,0.17258336658855566
VICI,2020-02-06,18.976416047738798,19.17298923285979,18.871107453933245,19.06066131591797,4119200.0,0.007023009427690915,0.01583794884778936,0.004439472025024931,0.002596728463763964,18.792476463317872,18.50568962097168,18.534123427506163,0.029989246891797224,0.6885400009155269,0.006667486025991914,0.24541709573092316,0.007869348167922263,0.08809698732686201,76.08683775726712,0.3514697519221919,0.01428052437326699,0.3791065216064453,1.1301967939528217,273993500.0,0.47331467759344115,1.4936882487451126,0.9999999920866848,0.09912159875605651,0.0025050101740175523,0.1728465090005305
VICI,2020-02-07,19.10278556661727,19.10278556661727,18.96237632808479,19.039602279663086,1926400.0,-0.001105453685201552,0.007374588842249991,-0.003307543118978423,0.002210009925737656,18.825473594665528,18.567821311950684,18.58226427056873,0.02540852584620428,0.7095388031005854,0.006601654238747179,0.24090381677475925,0.007715392964857402,0.08360660471547578,73.74313207661719,0.34902869762673205,0.009471576062245746,0.3299713134765625,0.5395541899895109,272067100.0,0.6973003392114325,1.90373076199365,0.9833353128562862,0.10220634707499131,-0.004548848247940803,0.16349699252574576
VICI,2020-02-10,19.123845545634257,19.29233741760254,18.99045564484731,19.29233741760254,2392600.0,0.013186851608971912,0.015647755179721775,0.008810564358837683,0.004424633704725784,18.903401184082032,18.641887664794922,18.64989028457195,0.03489183952309653,0.7390824508667002,0.006924099695475029,0.24742274262478148,0.007930574155616746,0.08094963466035358,77.07317008522881,0.36329986326931163,0.018994193363860268,0.7792758941650391,0.6859095554603142,274459700.0,0.4756557746973306,0.9767545268442648,0.9999999933126873,0.03055859645105064,0.006289494210012281,0.19195976579166177
VICI,2020-02-11,19.299361067648704,19.446792315355786,19.264259091032745,19.43977165222168,3112100.0,0.00761306059754934,0.009389679446269651,0.007275400676779118,0.00036406423411173704,19.00028476715088,18.724027824401855,18.72511708149097,0.03822595408061938,0.7777749252319346,0.00687205643251417,0.24491548512929587,0.007960751299063904,0.07736765889124633,77.4039252771022,0.38210194209543147,0.030237017751984063,0.9688358306884766,0.9047380937152958,277571800.0,0.31043534830260666,0.978176651668712,0.9999999935837793,0.06574549372453192,0.0050393171515082415,0.22518118762012282
VICI,2020-02-12,19.42572490695538,19.566135452359447,19.302163680561968,19.460826873779297,3088500.0,0.001082514121197866,0.013564262891272287,0.0018069836256843022,-0.0007225776885446884,19.069787406921385,18.80300807952881,18.795184680756527,0.03498476368611829,0.8106663513183605,0.006912394621354308,0.2492783130202328,0.007984578187369383,0.07238498852419109,77.07310931608697,0.3941580962618545,0.03383453753472565,0.6950263977050781,0.9416459978139544,280660300.0,0.3863427079165791,0.9223694782978846,0.9999999918137561,0.05668299271238374,0.00707713518314778,0.2060516538535022
VICI,2020-02-13,19.41168922184303,19.580181121826172,19.39764789541412,19.580181121826172,4303100.0,0.006114320608600154,0.00932234616607198,0.00867991950919686,-0.0025249519074892314,19.144205474853514,18.870053863525392,18.869946246572685,0.03763249768318947,0.8256287002563489,0.005863954445854498,0.2467709399502073,0.0073657685830014015,0.07527703928469069,78.44047501841325,0.40863310753259796,0.03864763904437529,0.7441806793212891,1.3517754402278142,284963400.0,-0.10365852313965741,1.1313642030165088,0.999999991621192,-0.0630373965733363,-0.002315821303479158,0.22199988724745065
VICI,2020-02-14,19.608261340652383,19.734630584716797,19.538056056277217,19.734630584716797,4269500.0,0.007857102743299212,0.009960892229308536,0.006444693992445997,0.0014341143553013537,19.236174201965333,18.937450695037843,18.952297135919743,0.04209541730386331,0.8404893684387211,0.005856212907468827,0.23849709550114362,0.007420162852979878,0.08136125740535864,91.03748680042239,0.42763789565300314,0.04612194173182438,0.9196872711181641,1.3137529424434975,289232900.0,-0.10184288107552193,1.151122614658436,0.9999999922587238,-0.04085085000250697,0.0008211340736465764,0.20731910767401507
VICI,2020-02-18,19.720589497025216,19.75569147010743,19.485401992400185,19.573158264160156,3292200.0,-0.008215838823105738,0.013809190834683214,-0.007476005364205734,-0.000711494832969145,19.30848560333252,18.993965911865235,19.011426767180733,0.030493492248141223,0.8452005767822257,0.0064192024488461214,0.2480249481292824,0.007502290540518821,0.08248340402435579,84.27939257325899,0.4247733377467746,0.03460590706047667,0.723114013671875,1.0013824443258188,285940700.0,-0.14269931659208546,0.3936583920722332,0.8722220476153055,-0.1074739869623057,-0.005011462295953831,0.24562440423811474
VICI,2020-02-19,19.566139523878004,19.601241498006292,19.215114426377212,19.28531837463379,4052500.0,-0.014815050878696888,0.02002181473638295,-0.01435240451503006,-0.00035859007460253606,19.339375495910645,19.03257875442505,19.037511682176262,0.013279315612971148,0.8408186149597192,0.007534327156643911,0.2535409928402803,0.007826291275502427,0.07978918499637398,66.22804352152065,0.3947267175703111,0.0036474295072104757,0.30889892578125,1.2174568745381025,281888200.0,-0.4353538547900227,0.3464673397621202,0.6444456132780647,0.12847440868710275,0.004434158467767508,0.20177083709888197
VICI,2020-02-20,19.313400225006152,19.76973256503997,19.292338237969112,19.74867057800293,4465100.0,0.023742076125655143,0.024173491840134485,0.02253722016453677,0.0014561258376371627,19.42151584625244,19.088040828704834,19.105241100826422,0.0346096152678295,0.8473488426208498,0.008953489048015097,0.2595585589819415,0.008392128508753278,0.08375628165909654,72.88734213300528,0.4036501770447458,0.010056711185316147,0.8214035034179688,1.3094691709764785,286353300.0,0.2727054744021042,0.8090906435641979,0.9999999921736497,-0.1992271645786353,-0.0007991392640084022,0.1865565584206771
VICI,2020-02-21,19.924185623063433,20.183944806276052,19.509977205056167,19.762714385986328,4698700.0,0.0007108740221386482,0.03410298747715515,-0.00810428291182916,0.008887435960170463,19.491721153259277,19.142098808288573,19.167857604174987,0.03242150110671393,0.8519166183471683,0.00896630100647582,0.29089999518168114,0.009439306070708108,0.08664640954561315,73.85147816236505,0.4071617932009488,0.010854661873215266,0.7020530700683594,1.3418358823369825,291052000.0,0.2994655896215663,0.7967269255422197,0.9999999922587353,-0.19751834647905683,-0.007675936200052311,0.1911630302679655
VICI,2020-02-24,19.52401449198038,19.615281762264335,19.285317331466914,19.306379318237305,4663300.0,-0.023361474677500247,0.017090953480113608,-0.01114705040976442,-0.012078294982353655,19.5183988571167,19.171936225891113,19.181050148371398,0.007012494239607934,0.8411130905151367,0.010683499059630858,0.30995579764744235,0.009584391788949391,0.08412369920783888,59.47518956240451,0.3688702415575875,-0.021949511816116873,0.26677703857421875,1.2891730803255486,286388700.0,-0.27504375628330524,0.8591339115333536,0.646738932837454,-0.1497848077324091,-0.03248003735722603,0.4425404184881998
VICI,2020-02-25,19.348503422646527,19.439770699864138,18.68155652623516,18.737720489501953,7014300.0,-0.029896945275557047,0.04046458981250028,-0.0315674509703774,0.0021818748981809587,19.46293716430664,19.183169174194337,19.138828276098117,-0.023220807815822836,0.8201643753051755,0.012501431163589339,0.3485681568286879,0.010854917691008674,0.08062739203216623,45.8127927184008,0.2893029912078866,-0.08121340973265423,-0.5546169281005859,1.846155060917353,279374400.0,-0.7636767570091414,1.1688872492613862,0.2065250757713592,0.19811644421106495,-0.03181424496188123,0.5830198839589782
VICI,2020-02-26,18.73771601617628,19.02906608761314,17.979502023558588,18.00056266784668,9770700.0,-0.04013561391202527,0.05830729202311677,-0.039340619085763404,-2.3873371773433787e-07,19.31901626586914,19.15965051651001,19.03042202769322,-0.060496293899752245,0.7786523246765142,0.015378585111906156,0.4049827981679816,0.013224665128896215,0.09239025070743317,36.90481966028968,0.16486246466273613,-0.1645231490222438,-1.439208984375,2.333081416797699,269603700.0,-1.0365759209813787,1.092083669686499,0.0,0.4965338332478795,-0.007263779585413816,0.6647016388811205
VICI,2020-02-27,17.733786655458005,17.968972809059828,17.010674530895873,17.410842895507812,12384500.0,-0.033309849678091884,0.05504031504478204,-0.018210648759034116,-0.014820426300628981,19.11401786804199,19.091902637481688,18.876176396056515,-0.08805092786685273,0.7002653312683087,0.016349357279224548,0.4541261094554288,0.014969773328554144,0.12284889522011355,29.34973805790419,0.018444378383374982,-0.24875298824128395,-2.0499839782714844,2.629084559740584,257219200.0,-0.851146965334521,0.19508916997193496,0.0,0.6077570621774774,-0.044607410059441105,0.6890409835842304
VICI,2020-02-28,16.905363677297085,17.593372344970703,16.57540066460972,17.593372344970703,10429700.0,0.010429092760517227,0.057861088846447535,0.040697655537429996,-0.02903243807576635,18.915336990356444,19.02977123260498,18.75400458166739,-0.07548166870094569,0.6277292633056639,0.016576890912748606,0.5168091410146075,0.016734013979859064,0.14170625930737102,32.601274063073504,-0.08192008502231474,-0.27929396131757894,-1.9868087768554688,2.0983348640418953,267648900.0,-0.8535319372405357,0.11157862000823715,0.07761029861782537,0.4585908857823127,-0.008216680323029048,0.6764304127154331
VICI,2020-03-02,17.67059907705535,17.775906312364267,16.89132312547191,17.31255340576172,6889900.0,-0.01609039106270263,0.05109490010860919,-0.020262225956930953,0.004389535477928026,18.673129272460937,18.954651737213133,18.616723517295423,-0.08663299934060668,0.5511514472961423,0.016805966791720594,0.5584306705958308,0.01800527647268912,0.1636433758868955,26.342264364415612,-0.18202116021982562,-0.3035160292120719,-2.422077178955078,1.3380369218101242,260759000.0,-0.6970788968617977,-0.22817364155004652,0.0,0.40979729753975086,0.04017517443381851,0.4212810759792838
VICI,2020-03-03,17.565296885159434,17.91632199634621,17.27043573820036,17.35468101501465,6748000.0,0.0024304003877768142,0.03721683259905802,-0.011990453194260009,0.01459885630236384,18.451281547546387,18.879883575439454,18.496528993268683,-0.08078453208307479,0.47657997131347685,0.016816901905643732,0.5915273158688886,0.018607862367873353,0.18096797568016845,24.440619379890634,-0.25501300631485435,-0.3012063002456805,-2.218477249145508,1.2593852005442157,267507000.0,-0.7005500557885866,-0.2304753679881844,0.017193812741695718,0.38058646714132466,-0.026760455677306786,0.3617863926439116
VICI,2020-03-04,17.551253209867024,18.011096526025106,17.410842648566348,18.007585525512695,4536600.0,0.036930818068624464,0.03333339034310479,0.02599998474121088,0.011326753553252205,18.323508262634277,18.83144187927246,18.449962948720493,-0.04374897891735918,0.4193005371093754,0.019115414990447284,0.6195590115269586,0.019128102108816113,0.18598767498046803,34.57531125027684,-0.2572106683004023,-0.24272316978498273,-1.2777328491210938,0.8310937439888323,272043600.0,-0.1542699130713315,0.06531746823627478,0.283667939585987,0.37858834512899414,0.03851406988373863,0.4836542006031308
VICI,2020-03-05,17.68464184202795,17.740805794712998,17.200226913210503,17.481046676635742,5566900.0,-0.029675840247727407,0.030923713636953086,-0.011512541063079935,-0.01793375813915787,18.096745872497557,18.759130859375,18.357685208521943,-0.06813131121693335,0.34923763275146413,0.020033068663099923,0.6641893962333972,0.01948749764590797,0.19735795120037689,29.492423262731904,-0.2980044065949272,-0.22681352646360614,-2.2676239013671875,1.0335506174123081,266476700.0,-0.05194014657939865,-0.37336605464436173,0.0687682448403431,0.16822682967789082,-0.03505278774295789,0.5390855467379116
VICI,2020-03-06,17.10194049506557,17.259900692909913,16.656138530509153,17.003652572631836,4989500.0,-0.027689068769466193,0.03550779221239454,-0.005747179535684439,-0.021686698089815527,17.82083969116211,18.656280422210692,18.228729719389552,-0.0885829228644831,0.257905597686765,0.020523246884746948,0.7090703689253264,0.01995206016448746,0.21472069772296087,24.90321969995742,-0.3646519715998373,-0.234768873174813,-2.759061813354492,0.9189265346828235,261487200.0,0.1346317027938892,-0.5479169594273114,0.0,0.22599555542299157,-0.01917069854495961,0.5554965978960276
VICI,2020-03-09,16.076949956551207,16.175237899047627,15.129181880753885,15.213428497314453,4455300.0,-0.11124968658402186,0.06875872972869965,-0.05371177129806746,-0.054500208829966305,17.411544609069825,18.46497173309326,17.941558174430018,-0.17609251087838562,0.11197734832763473,0.030261470661342875,0.8236547413660912,0.021856556613657572,0.2723418716270146,19.165850539453345,-0.5555230445310038,-0.34051195688478353,-4.092950820922852,0.801868200102589,257031900.0,-1.4755454935604702,4.136008767564204,0.0,0.3290748481345511,-0.09190461748458936,0.8188435753904897
VICI,2020-03-10,15.64168246523827,16.168220233971837,15.12216536077439,16.16119956970215,3999400.0,0.06043478952905411,0.06472631370498727,0.03321363322765574,0.028149734164091594,17.153892517089844,18.30841484069824,17.772000212074982,-0.11728023915117942,-0.01635730743408459,0.0340536498920644,0.8707924414781173,0.023535110512337358,0.292961157170583,29.791137572535035,-0.6231294914002099,-0.3264947230031917,-2.5765209197998047,0.7095550599752682,261031300.0,-0.7201584531901735,2.968227037181081,0.2083340316475579,-0.18906039026554378,0.051175581964825245,0.8798506603574794
VICI,2020-03-11,15.761026194269814,15.782086841495923,14.448191841982464,14.476274490356445,4945900.0,-0.11010221386027325,0.09214352770127775,-0.08151447044612245,-0.024761365869310274,16.80146369934082,18.06023998260498,17.458121571911313,-0.19844506472231213,-0.1996626663208012,0.03998160434219674,0.9585491227147962,0.026323454346899307,0.34587650744161125,20.549054119131128,-0.8034062923834284,-0.4054172191891282,-3.5242881774902344,0.8634330625085106,256085400.0,-0.7886951717089985,1.5783515816270934,0.0,-0.4130241555502469,-0.05576868423438762,0.9895137644858274
VICI,2020-03-12,13.542548208355738,13.739121395859138,11.29598716418287,11.39427375793457,11594700.0,-0.2394001400070992,0.21441772275964105,-0.15863147890407248,-0.0645004543553468,16.199806785583498,17.656912326812744,16.88061225629448,-0.35468480858729196,-0.475919246673584,0.05959622362079674,1.1375719602114882,0.03716133232316306,0.4807228989880533,15.186925342693684,-1.1813507812969988,-0.6266893664821588,-6.016569137573242,1.8842478008414738,244490700.0,-1.8129040170256083,4.61262786624362,0.0,0.1533585877488305,-0.10512689849748212,1.3132553102069726
VICI,2020-03-13,12.454368547569237,12.833476242314063,11.0923916553508,12.35608196258545,13095400.0,0.08103748118920548,0.14090911603170925,-0.007891735707706389,0.09303750393889332,15.676077747344971,17.295707368850707,16.449704609274573,-0.2855983453536826,-0.7254982089996354,0.0641160309806038,1.2278353553860488,0.04198480610109805,0.5497175925454106,22.253369438892463,-1.3872730080657156,-0.6660892746007006,-5.237290382385254,1.986226519978068,257586100.0,-1.3790663928129114,3.529753534881891,0.11493278691342856,-0.20765431207242963,0.10081549312404453,1.1890766696107749
VICI,2020-03-16,10.81859713747066,10.81859713747066,8.150805340394419,8.817753791809082,14389300.0,-0.3373812430044568,0.3025477757787232,-0.18494480571159946,-0.12443142007072594,14.826597785949707,16.74986352920532,15.722852150468336,-0.4735626486487899,-1.0927405738830593,0.08692940737127633,1.4740541017119095,0.05662814561624962,0.7086630867008024,17.988228767622516,-1.815058504108089,-0.8750998165144592,-8.494799613952637,2.026920332802984,243196800.0,-1.6560352218608185,3.2378489095752183,0.0,-0.4137205449675846,-0.12706892253574653,1.4408542900170616
VICI,2020-03-17,8.937096604748739,9.228448011386376,7.280258766780272,9.140691757202148,13182900.0,0.03596890174378869,0.21313367700766017,0.022780905416780357,0.01353437800117707,14.005198860168457,16.22824020385742,15.095979732062032,-0.43674165267596765,-1.4419403839111347,0.08823379447740706,1.5382416146084492,0.06494091942257654,0.8229564002913046,20.623825774909506,-2.1037722202454514,-0.9310508261214572,-8.2139892578125,1.7360471869185092,256379700.0,-1.638298194584134,3.0774501612466416,0.02950563067991438,-0.42988621819893463,0.05391069989559011,1.4023496122077532
VICI,2020-03-18,8.319295285773613,8.508848494990742,6.915194860801004,7.862962245941162,12937200.0,-0.15057265568244022,0.20267853060243005,-0.05485236719663046,-0.08986152178048662,12.990736532211304,15.65712239742279,14.407120923860044,-0.49780284995182583,-1.818730788230896,0.09124263561240804,1.6264993831406163,0.07061013164904305,0.9557386030173659,19.723942559164428,-2.4079249534993004,-0.9881628475002449,-10.144623279571533,1.609531884399651,243442500.0,-1.3466107309517372,1.8870036764366158,0.0,-0.4710758715649661,-0.06256656235015202,1.434824555210689
VICI,2020-03-19,7.729574057499498,8.986244082970462,6.915195806739859,8.066557884216309,9753600.0,0.02556344746076635,0.25674498416269803,0.043596687761838226,-0.01696411406661894,12.04928765296936,15.07301676273346,13.803257777227307,-0.4648345443255876,-2.213984932899475,0.09131181814820932,1.7017191399884464,0.07882050001065062,1.0544277902983088,19.831048734011603,-2.6025392667731087,-0.9462217286192423,-9.414488792419434,1.1748083962376645,253196100.0,-1.34518008414519,1.8794284009634004,0.017109233512428552,-0.5185923311739191,0.019181565101660684,1.431144348397435
VICI,2020-03-20,8.073576745717821,9.421513090738971,8.073576745717821,8.642237663269043,13213000.0,0.06893467911256919,0.15597075636441998,0.07043481909710421,0.0008701185316287138,11.21314616203308,14.516992926597595,13.311732052088425,-0.40468127890074285,-2.590424323081969,0.09425901856956281,1.735317141390611,0.0813743083209089,1.1186050231396996,23.046709626771246,-2.6794331279404258,-0.8184924718292474,-8.361414909362793,1.5138625608028409,266409100.0,-1.2578098090755954,1.5889628905111561,0.06809813989332614,-0.45357970369799905,-0.0361235052834508,1.3888331333750554
VICI,2020-03-23,8.543949069514849,8.642236316479966,7.9050836380593195,8.242067337036133,9180000.0,-0.04741033521779145,0.08943783741103584,-0.03533281039277748,-0.01137304915507443,10.516010046005249,13.963777327537537,12.828906841131063,-0.40975374043080703,-2.9525418996810924,0.09423809830890978,1.741836267609459,0.08221880387101684,1.1819211227783561,22.288622935444323,-2.7410651747887815,-0.7040996149420824,-6.97136116027832,1.0252584366037365,257229100.0,-1.2178148355851808,1.5181442851407287,0.034861013206508557,-0.4441091975164375,-0.03535543109069356,1.3923750673474127
VICI,2020-03-24,8.845831456104362,9.428532980818668,8.470234093246242,9.203876495361328,7614400.0,0.1103735506293598,0.10411905114713345,0.04047613172754782,0.07325396582908095,9.820277738571168,13.487085127830506,12.48366585581966,-0.3175785273002249,-3.257091422080995,0.10031558938073222,1.7796969913788931,0.08329802114735858,1.2148131511528704,23.72170339156503,-2.681389664107975,-0.5155392834090207,-6.95732307434082,0.8475658251004998,264843500.0,-1.043032388711195,1.1281309528783696,0.13217979723294393,-0.4248444332972405,0.10408131044904564,1.371376878009397
VICI,2020-03-25,9.554902250563291,11.555744765896224,9.554902250563291,10.832633972167969,8514500.0,0.16293848866845362,0.1847050791592931,0.13372525307931343,0.03813890325221954,9.45591368675232,13.12868869304657,12.326424724043308,-0.17488835134728078,-3.476201167106627,0.1103651254962802,1.8900191098240862,0.08678944537680576,1.2164660821430615,31.380261549387527,-2.4741488280845,-0.24663875790843637,-3.6436405181884766,0.9544296149493865,273358000.0,-0.7276432930606316,0.805883913795863,0.2927335635301085,-0.220170960722711,0.025429710377941356,1.443899467170573
VICI,2020-03-26,11.099414408452565,11.68913603805743,10.888799205972907,11.33811092376709,6193700.0,0.04560645704856279,0.07058819916877401,0.021505325103705404,0.024627476287856616,9.450297403335572,12.825052094459533,12.232299600207478,-0.11594036107929782,-3.648975548744204,0.11126043626275303,1.8922758183785773,0.08699975572292915,1.209868816779753,34.157838489260584,-2.2432622757666394,-0.01260176447246053,-0.05616283416748047,0.719236323077468,279551700.0,-0.8172364133126642,0.8099629826446719,0.3425606430746728,-0.1427678981794602,0.06683960341299143,1.4198855077123471
VICI,2020-03-27,10.783488897383833,11.618928190989307,10.622017701710295,11.310027122497559,6137500.0,-0.00248001099306025,0.08814395213040542,0.04882818817956664,-0.04891661671969102,9.345691919326782,12.510884833335876,12.144464126139866,-0.09598503437890915,-3.8245580434799216,0.11114311922101702,1.829592946764367,0.08746436553762263,1.1906397578245982,37.891980001980826,-2.0390443140716776,0.15329295777800134,-1.0460548400878906,0.7309258135606239,273414200.0,-0.8010001048986979,0.8048159168680917,0.3397922996411221,-0.13807084038996056,-0.033657375575844216,1.4031903036312021
VICI,2020-03-30,11.229914752304976,11.58755603600233,10.285743782494093,11.473111152648926,5639800.0,0.014316448740037567,0.11346636811826517,0.02165612168106908,-0.007083304869643065,9.611227655410767,12.218912720680237,12.080525747712159,-0.06103665564032212,-3.9782585000991837,0.11134313281140375,1.8478613310722807,0.08865182821599026,1.1630117637421402,34.713805415295596,-1.8427979620299677,0.2796314478557691,2.6553573608398438,0.6766910076094442,279054000.0,-0.8410422467636055,0.8292236445595648,0.3558682075872569,-0.13616873378789546,0.028474208492502203,1.432848938716504
VICI,2020-03-31,11.494570670666338,12.124019000461285,11.229916662361216,11.902280807495117,8263300.0,0.03672390928357617,0.07512025237524508,0.03546980122269711,0.0018704183836358627,9.887386560440063,11.94629271030426,12.06355003912006,-0.0036841473649126266,-4.120067048072816,0.11188689299398474,1.789368088956594,0.08911043499511001,1.118578949349902,40.858508865189975,-1.6338073950918393,0.39089761183511795,2.7615890502929688,0.9825395400436021,287317300.0,-0.8754753794640183,0.813684275453149,0.39817334229712525,-0.1333683617602772,-0.015037261844110392,1.4373434414235071
VICI,2020-04-01,11.258527388500518,11.458806641692238,10.55755204876569,10.757830619812012,5662800.0,-0.10109612710013578,0.08377661117537631,-0.04447266959619593,-0.05408655949280025,10.176873397827148,11.583804965019226,11.93919580870977,-0.07130423446367508,-4.327450175285339,0.11274845564425932,1.6582567627105835,0.08967142771080104,1.0452550987094955,47.37896837335083,-1.5427446308946156,0.38556830082587346,2.8948683738708496,0.6688513669534651,281654500.0,-0.6867669684049577,0.4713174187224928,0.3009818006611089,-0.1463035593226532,-0.04707185547263629,1.4578190795945452
VICI,2020-04-02,10.943803581257633,11.022484275484718,10.307203004580892,10.607621192932129,5291200.0,-0.014061195906759742,0.06743088369147451,-0.030718971318276438,0.017287217843263567,10.43097972869873,11.240133690834046,11.812379178635709,-0.05627268458716911,-4.510485291481018,0.11272622800458491,1.5849850972777664,0.0900270922028668,0.958745488371972,42.28358031933641,-1.465800543358494,0.3700099106895962,2.5410633087158203,0.6259797200174619,276363300.0,-0.7097105115572129,0.49786122140291567,0.3002682342244899,-0.14625363506525677,0.029794661470865038,1.4416369572802816
VICI,2020-04-03,10.493175543037323,10.600467453087838,9.541851575818944,9.856575012207031,4043100.0,-0.07343397681536828,0.10740200079214474,-0.06066805308071906,-0.010789002342114329,10.55241346359253,10.882779812812805,11.626112115166311,-0.09429620172941244,-4.691339573860169,0.11333108503590644,1.3607345969150635,0.09100347577266171,0.8601226207408207,56.0805249797201,-1.4487249502372297,0.3096684030486885,1.2143373489379883,0.4810150677842089,272320200.0,-0.6402861815415932,0.35199773037939625,0.24024532995157294,-0.15215957605448346,-0.013913589561430179,1.4463335834390831
VICI,2020-04-06,9.913798199042393,10.636232448548112,9.878034681105685,10.199911117553711,8544200.0,0.03424025986162098,0.07433376219696597,0.028860070859517237,0.005805585283376113,10.748197841644288,10.632103943824768,11.490283448727016,-0.040649793169307696,-4.77182104587555,0.1121240100259483,1.2772680391818472,0.0911024323118508,0.7934147864206705,56.18515158653388,-1.391448315311294,0.2935560303796996,1.9578437805175781,0.9923813517046574,280864400.0,-0.8373236064913581,0.7289786690871669,0.28161991247283114,-0.1369943513418786,0.0702221126749428,1.440532171401948
VICI,2020-04-07,11.108317843479218,11.56609809819947,10.335814132613738,10.385884284973145,8567700.0,0.018068597630138357,0.11845731493136057,-0.065035369772945,0.08906025900188184,10.86639862060547,10.343338179588319,11.385102575988553,0.004113382415435957,-4.898043265342711,0.11098807567815717,1.2158887594850343,0.0919079159073948,0.641767231918764,66.8851253847856,-1.315881031682741,0.29529865120660204,1.1820077896118164,0.9693931237207534,289432100.0,-0.8142384289589368,0.8082439717997271,0.38149144361777104,-0.10194861262815198,0.0005814018500145424,1.4392687592631217
VICI,2020-04-08,10.607620928180166,11.544638987676057,10.307202747326961,11.387277603149414,4330600.0,0.09204912856825055,0.10866831243376858,0.07349967351284346,0.021349808752235213,10.921862983703614,10.188888335227967,11.385309721432446,0.11761727369000895,-4.910819945335389,0.11160857078071747,1.156345042636355,0.09240267622563832,0.5393135253216004,70.08020601831748,-1.1617968720430856,0.3595062486770062,0.5546436309814453,0.4916976489776547,293762700.0,-1.0128899977816812,1.1397126927019499,0.7843804687217645,-0.188348170611168,0.04249490105389189,1.4560176912330585
VICI,2020-04-09,11.694848755904639,12.932284995794157,11.694848755904639,12.274226188659668,4932800.0,0.07500489958778524,0.10081582503610725,0.04954125058372439,0.027010068909724204,11.01547451019287,10.232885956764221,11.469968432596943,0.199488222630495,-4.736990838050842,0.10165725960289915,1.1699201987879324,0.08960645143933672,0.5579778743507491,71.16566033314933,-0.9570820806374893,0.45137683206608203,0.9361152648925781,0.5820859416946432,298695500.0,-1.2913420470267278,2.7819692346176446,0.9817819713460172,-0.08029235467269683,0.012589029794570262,1.3693658595753084
VICI,2020-04-13,12.152628771270171,12.152628771270171,11.186999453527983,11.859363555908203,2984100.0,-0.03438390302032533,0.08142336755172011,-0.024131833604205174,-0.009906727766011212,11.070408153533936,10.20805003643036,11.50705368243611,0.16176581360638487,-4.62229402065277,0.10047760680719625,1.1949253923537866,0.08814528070626593,0.545623270535713,71.04400398930682,-0.8188805357883506,0.4716627015321768,0.5493364334106445,0.37447364937063804,295711400.0,-1.1702187739219452,2.6950372937008433,0.9059537930175773,0.03525759670860036,-0.014897515514803686,1.4629033458291143
VICI,2020-04-14,12.045337394215512,12.64617380498946,12.045337394215512,12.145476341247559,9244400.0,0.023839053813575706,0.04946997498430191,0.008313502872915473,0.015681603606346864,11.1376446723938,10.374436163902283,11.567855840418153,0.1707119451472059,-4.3225185537338255,0.07384108073135685,1.1663785784465526,0.07979028967959108,0.546026904968292,68.57327562484247,-0.6784471883063876,0.489676839211312,0.6723651885986328,1.1987748231870676,304955800.0,-0.13267496640188975,0.5256204392417627,0.9708133861877013,0.09862581801517574,0.024196940710054904,1.0858184275895675
VICI,2020-04-15,11.501722870383626,11.773529155138164,11.337208504235068,11.508875846862793,3344300.0,-0.053838232420788674,0.037911665457928456,0.0006219047841594163,-0.05300355891993018,11.098304176330567,10.492845368385314,11.562238698174784,0.09683078734189238,-4.057285981178284,0.07537255924347512,1.0561214046235234,0.07333627637773936,0.5362003874657725,54.88138113930445,-0.6114724148933064,0.4453212900995145,-0.3934049606323242,0.4632244678036625,301611500.0,0.022446654772942155,0.24004337980373777,0.8265008940747659,0.13747078321091724,-0.03182997009792779,1.149755968127248
VICI,2020-04-16,11.508876060758853,11.659084476740746,11.108318238370956,11.265680313110352,7078200.0,-0.021357586630735847,0.048888857402498875,-0.02113114663539664,1.8585313007215484e-08,11.149089145660401,10.662981271743774,11.533995042454363,0.056522564000341204,-3.73293529510498,0.06679038141100199,1.0342831312292613,0.06815301430769,0.4767809224619596,49.45659103296858,-0.571431168730621,0.38829002900975995,0.5078496932983398,1.0218777881403158,294533300.0,0.44412790138065844,0.2915476153209318,0.760307654933885,0.1973842594732167,-0.0056264325002719825,0.9884651324309813
VICI,2020-04-17,11.952349474245056,12.014580233184736,11.42304217554893,11.508875846862793,4253600.0,0.021357586630735895,0.05139842200983103,-0.037103468932017124,0.06095230310552997,11.239214611053466,10.835097169876098,11.531602738112309,0.062184830133313836,-3.412451572418213,0.06677798000505601,1.016568090571788,0.058763481062684746,0.41555022103885636,51.445210264827224,-0.5141475723923623,0.356458900278415,0.9012546539306641,0.6394794682831053,298786900.0,0.4550859021107694,0.30155409337797345,0.8101884429502093,0.19406072050881978,0.0437619382755355,0.956320816597838
VICI,2020-04-20,11.237069706695552,11.537487237323669,11.086860600308777,11.215611457824707,3657800.0,-0.025811862530775533,0.04017851712404918,-0.0019095947102703303,-0.02361708856572059,11.375118255615234,10.963765859603882,11.501508330465871,0.022970720229328605,-3.126881885528565,0.06636560636973399,0.9557691179651204,0.05524368589813119,0.3655952227887446,48.16327685645033,-0.48680234051337656,0.30704330572592065,1.3590364456176758,0.5924618150601727,295129100.0,0.6613490061995537,0.5823967243133918,0.737457085108816,0.24034086968276686,-0.020267523936331647,1.1200695993174192
VICI,2020-04-21,10.750678930093038,11.219188724252849,10.657692269011216,10.979569435119629,3282500.0,-0.02127046616151579,0.05114011606371475,0.02129079535487627,-0.04145405085402663,11.453084087371826,11.100640964508056,11.45179986424242,-0.01090671518658495,-2.8288061237335214,0.0653677301077461,0.9320115549038036,0.05436966868538937,0.2778521457774589,43.2319098793957,-0.47865997158735674,0.2521485397215525,0.779658317565918,0.5583408813536258,291846600.0,0.6663334010463081,0.7236113656686458,0.5783357308943515,0.36675139694344827,-0.029134577567193915,1.0936969354002792
VICI,2020-04-22,11.272832997281863,11.33363193261674,10.884435108781314,11.086859703063965,2969500.0,0.009724374773047106,0.0405161457677042,-0.01649747621230094,0.026709932834359757,11.523181629180907,11.194790124893188,11.4170436584159,-0.009641129545539686,-2.5705474090576175,0.06095670933363626,0.8680449881256606,0.05271036048938969,0.22482005766429755,52.84653314222897,-0.45826704040944755,0.21803317671956934,0.7009754180908203,0.5258749234076766,294816100.0,0.8542731300882961,1.8753314872867355,0.5088760106300122,0.18532693361202435,0.022780603017446024,1.083460895936292
VICI,2020-04-23,11.172692487178317,11.262102638979178,10.865121346696846,10.929496765136719,3111700.0,-0.014295337013864972,0.03632201013578561,-0.02176697535716546,0.0077418481349260035,11.477403545379639,11.199633264541626,11.37061062096074,-0.02412012009894715,-2.39549877166748,0.04695021160485463,0.8453092753669823,0.04636495902951961,0.22380610288213137,52.781203467862284,-0.44962042510004885,0.18134383362317452,-0.4577808380126953,0.578744345911201,291704400.0,-0.03167162430666773,0.2110587107077905,0.44378682869631025,0.05357786825038229,0.0009203508053499755,0.959394732570275
VICI,2020-04-24,11.058248399336815,11.408736055952133,10.915192282569887,11.144082069396973,3275500.0,0.01944334138488889,0.04428752142247573,0.007761958943272178,0.011780197841385766,11.364389133453368,11.18993182182312,11.349036473192761,-0.004097411240408852,-2.238865318298341,0.04596020493270748,0.8044360008147724,0.04576311062999782,0.22373017587813138,62.26159109713644,-0.42060421589841646,0.1682880342598455,-1.1301441192626953,0.6262032259359592,294979900.0,0.012369524339926035,0.47382280609872673,0.532544588898728,0.049626094116410314,0.011768859891664636,1.010233600921103
VICI,2020-04-27,11.215609370613258,11.916584615203934,11.158386929509748,11.66623592376709,5262600.0,0.04579025042239821,0.06499077257211516,0.04017851712404923,0.006418411204338505,11.345076370239259,11.207742261886597,11.37924594467603,0.04090865503212547,-2.0627759742736806,0.04712130856338371,0.8039249372051925,0.04502306999993709,0.22644624634099686,63.504604757778345,-0.3514242092989708,0.18997443268743297,-0.19312763214111328,1.014577832787255,300242500.0,-0.10619626242540581,0.16731964732907123,0.7485202669849707,0.07113976254092919,0.02099030416774559,1.1217616226109268
VICI,2020-04-28,11.909431202007681,12.288530713072937,11.680541446002456,12.002418518066406,7926200.0,0.028409321333354193,0.05065556297302225,0.007807872137759961,0.02084607921781702,11.330770587921142,11.23420763015747,11.438595713570352,0.06838140376244474,-1.8816663646697993,0.04742024878077639,0.7507897806809131,0.04263087295933856,0.23385236511883814,64.4871760904105,-0.2664005304031729,0.21999848926658472,-0.14305782318115234,1.4951412906822,308168700.0,-0.14583829112491328,0.09023753329587042,0.8875736573926205,0.08822748079737147,0.005119468900849118,1.1398040499639486
VICI,2020-04-29,12.202699947415761,13.125413581463478,12.159783446664298,12.803536415100098,11952600.0,0.0646132425432003,0.07541901733183233,0.04923799407290839,0.01668675601070609,11.460236644744873,11.27927041053772,11.568590066096995,0.1351387057037239,-1.7012111473083493,0.048958815687084684,0.7426154108986257,0.04262469296611299,0.25947908881086407,63.164912030617344,-0.13284379269690483,0.2828441815782822,1.2946605682373047,2.1788372461842185,320121300.0,-0.12505162308602497,-0.14740690116685698,0.9999999966066743,0.23594033782475204,0.029731086125226736,1.2696857036952747
VICI,2020-04-30,12.33860243409218,12.660479565045692,11.94519826451861,12.460200309753418,7032400.0,-0.027181825742027522,0.057405281034461825,0.009855076886605585,-0.03631293464043169,11.57968864440918,11.36438889503479,11.653505327397607,0.09642501896405527,-1.4795903015136727,0.04359523945592706,0.6935676078941074,0.041914708781286274,0.2696297268672215,51.92308678465586,-0.05408006879290461,0.28928632438582597,1.1945199966430664,1.2661295404420039,313088900.0,0.26103063014861017,-0.3559040923786895,0.883494872432136,0.12270396987831815,-0.01370988137757605,1.1456594626024446
VICI,2020-05-01,12.25276660791915,12.431586911599931,11.473111339018347,11.845056533813477,5215000.0,-0.05062897905513082,0.08091777104190873,-0.03327494003208753,-0.01664770201743026,11.613306713104247,11.426260662078857,11.671748299437214,0.03665204953047391,-1.2596462535858155,0.04523337735437817,0.6864149104372065,0.04232912305520976,0.2630921860304127,49.85794077185072,-0.04082559978306399,0.24203263471653325,0.3361806869506836,0.9395651515915855,307873900.0,0.2501971612599223,-0.5706699580640814,0.6747565519204847,0.1342988893931373,-0.03298346137629277,1.2441217788518582
VICI,2020-05-04,11.56609733203509,11.773528175508368,11.086858862132571,11.71630573272705,3768100.0,-0.010929086457726568,0.05860800571785434,0.012986956306854024,-0.02355068555241217,11.663376140594483,11.519247198104859,11.675991864512437,0.017106893465626122,-1.005731544494628,0.04168957596291211,0.68437115490861,0.040709434163500154,0.2278251665975732,45.60115702537504,-0.040246514465632544,0.19408937602717174,0.5006942749023438,0.6805690764698764,304105800.0,0.4480385867890065,-0.4783544314771926,0.5824166060985039,0.2412607859981613,0.004139381195190605,1.1700833084796212
VICI,2020-05-05,11.866515310699963,12.138321568555035,11.616166615868066,11.752070426940918,2666300.0,0.0030479076743612737,0.04443089036379162,-0.009644354788456813,0.012820558066638139,11.740626239776612,11.596855163574219,11.683237441886579,0.01338425471193528,-0.7770374011993404,0.0412763626578596,0.66393452031393,0.039918627114682054,0.19974438930021626,52.84279460015286,-0.036481141365506176,0.1582837993018385,0.7725009918212891,0.5085646110519294,306772100.0,0.5762625144031807,-0.26674841002952027,0.5650879708013055,0.2371652427135715,0.0056908310423181355,1.4906653201656275
VICI,2020-05-06,11.887976223785573,11.9523502878988,11.38012577351899,11.623321533203125,3148500.0,-0.011015874807360134,0.04923072228064898,-0.022262383907945972,0.01156441306998122,11.794272422790527,11.658727025985717,11.677531164869107,-0.00303682320579926,-0.5728775596618654,0.0414076100589864,0.6654672543146456,0.037534130240294894,0.17297499293051685,54.29553752693488,-0.043385890244884706,0.12110324033796799,0.5364618301391602,0.63326719410439,303623600.0,0.6819041682716288,-0.1966928806474427,0.3702295009487497,0.243073321482167,-0.011450602012799951,1.4889762482065234
VICI,2020-05-07,11.902278556162738,12.145474269724865,11.74491718562455,11.852209091186523,4977500.0,0.019500714595622325,0.033795985290048194,-0.004206712583641365,0.02399976823860079,11.886543655395508,11.681973600387574,11.694167157851718,0.014572494051287868,-0.4266639137268058,0.03580832015454707,0.6492710269180282,0.03460168451451954,0.17178768538700626,54.13791002849323,-0.030042331148914414,0.10755743954715064,0.9227123260498047,0.994668457169806,308601100.0,0.48813187971729577,-0.27739761570851496,0.4923654209473004,-0.03195376157317857,0.012181909187570929,1.3418992716809799
VICI,2020-05-08,12.152628931643832,12.309990324017624,11.959502656259549,12.224157333374023,3558200.0,0.03089983179576994,0.028671724209666783,0.005885837717297587,0.025347160022742548,11.994551181793213,11.67947015762329,11.744642412663366,0.046636291578279414,-0.32543364524841323,0.0319660088423076,0.6497820694763288,0.03209195673941653,0.17079883586266714,61.92891809231521,0.010425471863159785,0.11842019404737987,1.0800752639770508,0.7209474313385811,312159300.0,0.2078183130622641,-0.5470184294520054,0.6908394714883483,0.14146143115020154,0.02294598406805673,1.2731168317356154
VICI,2020-05-11,11.938046035588124,12.252768845244642,11.830754106646543,11.945199012756348,3819500.0,-0.02308466180265839,0.03532923462785568,0.0005991748688939348,-0.023405400469181353,12.022447490692139,11.683761930465698,11.76374304124365,0.022376104875001444,-0.20817840576171953,0.03143990526446578,0.6398190897160764,0.03047017952626839,0.17141907750430926,61.30652559304387,0.019759121332027618,0.10220307481299816,0.2789630889892578,0.7673962573484797,308339800.0,0.21149989399010502,-0.4410828796329098,0.5419854602433958,0.14556293899678288,-0.003731326133731648,1.2599224461612495
VICI,2020-05-12,11.938044220056009,12.023877204439474,11.151234586990556,11.279985427856445,5403300.0,-0.05729948718477433,0.07736203411166528,-0.05512283084812329,-0.0005989680617877011,11.950204181671143,11.640487384796142,11.717670887587726,-0.030969661752355396,-0.1308015918731691,0.03333545211564158,0.6700652178313258,0.03143365371446364,0.1704669534119054,51.99999525943437,-0.02621883666964564,0.04498009344905993,-0.7224330902099609,1.1291773637899634,302936500.0,0.2735375420764218,-0.4647919435531943,0.18702307651620115,0.28093563345134204,-0.02393176366496722,1.3318941350229727
VICI,2020-05-13,11.129774837296003,11.226337272754785,10.514632620392014,10.63623046875,5234900.0,-0.05876381232342227,0.06691324096951545,-0.04434450613431368,-0.013316558919437142,11.733473587036134,11.596855115890502,11.614676561984133,-0.08283492701605055,-0.04006484985351655,0.0337116400168325,0.6963774689157615,0.03224458711814412,0.1877397543106248,47.24090953299887,-0.11329633512765547,-0.03367792400715991,-2.1673059463500977,1.072792459364776,297701600.0,0.23073958341631257,-0.4490248183757925,0.0,0.3630965844289778,-0.022936261742818237,1.3715866401885795
VICI,2020-05-14,10.350119834752164,11.119047038822943,9.992479211263861,10.865121841430664,10437300.0,0.021291685878109323,0.10368662625238831,0.049758071877515825,-0.026899627160059163,11.573965740203857,11.576827192306519,11.543290398121897,-0.06147671888449927,0.08275650024414105,0.033879247306677136,0.7415934727855354,0.034688375255033425,0.19491798471424168,47.3825488702253,-0.16196917928829357,-0.06588061453423841,-1.595078468322754,2.0677543015066417,308138900.0,0.048870259911681556,-0.5418718555130315,0.10561101076201256,0.29879060699203414,0.011787426845140697,1.3756479908750476
VICI,2020-05-15,10.700608041403685,11.04394273046966,10.46456527213448,10.943803787231445,3272200.0,0.0072156041541081425,0.052941140904879946,0.022727282869045125,-0.015141459288533565,11.483840465545654,11.54857358932495,11.486196435179949,-0.052367489146238025,0.18524775505065882,0.03351996995890091,0.7277988236804082,0.03478047001252076,0.20144317961422972,42.60618389585321,-0.19198074893103012,-0.07671374734157996,-0.9012527465820312,0.6546259137595077,311411100.0,0.10422911566554953,-0.419335622512846,0.1419150432269477,0.33976018565176397,0.0002731433632202289,1.610089316246589
VICI,2020-05-18,11.594710011213738,11.966656640084528,11.487418081733178,11.816448211669922,4346700.0,0.0767190451942623,0.04055690422085156,0.019124083331254593,0.0594771467615063,11.49385471343994,11.578615427017212,11.51764898532185,0.0205406929828378,0.3190336799621587,0.037641112330666485,0.7564101139337821,0.034802036679550535,0.20002507126338728,48.284989799856255,-0.14369361152860982,-0.02274128795132771,0.1001424789428711,0.863635686292041,315757800.0,0.217136392250671,-0.2948115600492997,0.5445552066435028,0.31148777394921057,0.047024950462290584,1.6611567823779292
VICI,2020-05-19,11.759225011581375,12.46020036158396,11.558945755456,12.331449508666992,3848000.0,0.04266039265383303,0.07308586111426119,0.04866175249831919,-0.004842673455127867,11.551792621612549,11.64620943069458,11.595153797069006,0.058838034988998575,0.444267263412474,0.03821259333358848,0.7405715098431312,0.035571022702607646,0.20067486577126278,45.40389315232362,-0.06314155013915901,0.04624861875049849,0.5793790817260742,0.7602789797087705,319605800.0,0.00864385312801779,-0.46964402804549626,0.7821780007340844,0.3831132970680673,-0.013157149323918827,1.6371573195327553
VICI,2020-05-20,12.510269407869274,13.218397710470466,12.474505889630224,12.817840576171875,6819800.0,0.03868512573907502,0.05803565869145873,0.024585495185989476,0.014501125684908349,11.671244525909424,11.732758474349975,11.711600156983565,0.09248311931027085,0.5976834869384753,0.03891530896733659,0.742615084930416,0.036004275262705325,0.2127098774003695,53.387527069919564,0.039489028130907045,0.11910335761645165,1.19451904296875,1.2980662623255672,326425600.0,-0.08355601606342994,-0.6446206848012639,0.9999999954162295,0.4161571008936221,0.01850303233349511,1.7283962390862513
VICI,2020-05-21,12.681936874390901,13.247009745236848,12.681936874390901,13.111105918884277,3800900.0,0.02262165560372021,0.04309879535272898,0.033840969935752696,-0.010602698713043451,11.7971342086792,11.841838932037353,11.844886420021727,0.10718495616529641,0.7340673160552971,0.03868498349516308,0.7124710777954785,0.03615736576542177,0.2247685956667034,62.770569766678996,0.14284196974826102,0.1779650393870445,1.258896827697754,0.7187409883184971,330226500.0,-0.2305414094713162,-0.5456356615204658,0.9999999959593927,0.43504313789866167,-0.00634551285045979,1.6828510179092924
VICI,2020-05-22,13.068188132999316,13.554579577765693,12.939437295938728,13.468745231628418,3208600.0,0.026912182159663716,0.0456718329174746,0.03065131099678845,-0.0032733917451727703,11.92159299850464,11.958072090148926,11.999539640174746,0.1263308274185758,0.8088110446929928,0.0388242428218108,0.7022528356630542,0.03620754675498473,0.24631768562471063,66.89654956805235,0.25071829972721993,0.22867309549280274,1.2445878982543945,0.6071225162868761,333435100.0,-0.25653140543295677,-0.5740339382057342,0.9999999964695683,0.4380178073001261,0.0012633386994789504,1.6852197158301792
VICI,2020-05-26,14.226945123002908,14.527363334187006,13.890763391271765,14.184028625488281,5704800.0,0.0517447536515727,0.04488146208132223,-0.0030165644938938458,0.056293283326350446,12.145475959777832,12.083961725234985,12.207586210204607,0.17378960211928823,0.8981417465209969,0.039158374710382964,0.7405716320824556,0.03562668150587343,0.2926950662521784,70.73171167939765,0.3894392472297312,0.2939152343962512,2.2388296127319336,1.0749495010401278,339139900.0,-0.2477098464031094,-0.6161525338051935,0.9999999971813504,0.43670213630902366,0.022456123211212237,1.6964103360817346
VICI,2020-05-27,14.384309008412977,14.691880220528033,13.840694995140712,14.348544120788574,4441100.0,0.011531895138109382,0.0593220621006489,-0.0024863820433421516,0.01412013386414053,12.452331829071046,12.201268005371094,12.411486963593555,0.1759879476848006,0.9048322200775161,0.03892408621558405,0.7604973971544206,0.03587565544860598,0.3338346920105862,73.09089428153504,0.506809439374118,0.3290283412325104,3.068558692932129,0.8652417742025041,343581000.0,-0.1845204310402734,-0.5728400195085066,0.9999999973062621,0.4150537322938331,0.02355854068149568,1.6058408042257966
VICI,2020-05-28,14.534518957112837,14.684728772195486,13.847849414709604,13.862154006958008,4164300.0,-0.03448608861737882,0.06037152357893419,-0.04625986949680165,0.012961233889563573,12.774924182891846,12.254198884963989,12.549645729628265,0.13121666598434226,0.8633338546752931,0.03764331981772787,0.7829778700804307,0.03526823219322198,0.35157655071511673,66.31825261415065,0.5541901855135887,0.3011272698975848,3.225923538208008,0.8779201285162237,339416700.0,-0.0500575556843564,-0.580407528963723,0.8689792490315943,0.5084478761988479,-0.007688789968793572,1.5805467134210784
VICI,2020-05-29,13.6833292438549,14.126804203963417,13.468745421916026,14.033818244934082,4860500.0,0.012307612250045083,0.046890929507722286,0.02561430736869721,-0.01290021471506871,13.091793823242188,12.332879781723022,12.690995492990723,0.13791900134563884,0.8185976314544678,0.03693247389624786,0.7972834093101657,0.034984165641488416,0.37235457056673016,65.18606372719671,0.598690308333051,0.27650191417363773,3.168696403503418,1.0487024720725386,344277200.0,-0.19336845268827774,-0.3563805077818674,0.9152210953851179,0.4520620533338587,0.0009330264320230557,1.5621367321386475
VICI,2020-06-01,13.976599556949104,14.82778346173665,13.969446579057061,14.734797477722168,3415400.0,0.048741866099949904,0.058252370551907885,0.05424766715850361,-0.004077200301894522,13.47089319229126,12.477366828918457,12.885643301060385,0.1809220390612965,0.8297198867797864,0.03566462106766675,0.8284492767445579,0.03423334921600922,0.4038758671635769,71.86097491781318,0.6826509666238927,0.28837005797158355,3.7909936904907227,0.7514970422208263,347692600.0,-0.3509428637510224,-0.07881807262165406,0.9999999975601229,0.4259117802449275,0.004912152331152217,1.5618730080314673
VICI,2020-06-02,15.020907562385965,15.02806053922581,14.491599554854883,14.634654998779297,6043900.0,-0.006819525636324864,0.036656893135893875,-0.0257143293108259,0.01941730689521673,13.752713871002197,12.623284292221069,13.052215843700282,0.15933814528741214,0.8557890033721911,0.03554110784859606,0.804436302953273,0.033624806277855,0.4226695626160916,78.84375257268037,0.7326640371455042,0.27070650279455605,2.818206787109375,1.2973681922729756,341648700.0,-0.3670628762557101,-0.02667566247694232,0.9755664629907688,0.3739220616335071,0.012130423144354708,1.5199013897325662
VICI,2020-06-03,14.884998787505491,15.814865003502057,14.842082305010383,15.671808242797852,6083800.0,0.06847109875359622,0.062072141479827425,0.05285922199421408,0.01710623098030505,14.086749744415282,12.819271183013916,13.301700834090527,0.22251944116477307,0.9031810760498047,0.037826171665399824,0.8340689599002964,0.034182475074506724,0.4615473118936414,90.55296629890722,0.8462344903574142,0.3074215648051728,3.3403587341308594,1.259726760341736,347732500.0,-0.38049735005077034,-0.2693659852448623,0.9999999980141305,0.3005375493077644,0.02242793954023394,1.6105593899016182
VICI,2020-06-04,15.664658769905083,16.30125999662089,15.374970742945226,15.900701522827148,5951200.0,0.014499784274111747,0.0582546155178044,0.01506848992941681,-0.0004561996153860668,14.39503583908081,13.033140182495117,13.5492247092083,0.2200207547973334,0.9831135749816902,0.03732544284764245,0.8197633474800521,0.03444933265769634,0.4914662694672873,90.55296920111651,0.9438297852652937,0.3240134877704418,3.0828609466552734,1.19752213208521,353683700.0,-0.49014199940263503,-0.034414609973062484,0.9999999981004739,0.2850347381649406,0.0019149678923434848,1.6104761154903409
VICI,2020-06-05,16.658905936290733,17.152449163712905,16.14390240953212,16.444320678710938,8179800.0,0.0336169409195566,0.061331007457575554,-0.012881113465700665,0.04768370831784379,14.728357315063477,13.262745761871338,13.824948134875218,0.23988810265715954,1.1004854202270504,0.037531895200572644,0.8677897890908077,0.035109794518430576,0.5265273814187749,91.21112790696677,1.05290307108681,0.3464694188735664,3.33321475982666,1.5945930666645873,361863500.0,-0.5403434967530767,-0.058805875405212364,0.9999999982782637,0.2815039203082223,0.03484704919024782,1.4948414536901122
VICI,2020-06-08,16.823416613580548,16.88063906338358,16.20469844874441,16.329872131347656,7457100.0,-0.006984093444270202,0.04139289084460131,-0.029336756829435144,0.023053304680465993,15.0144700050354,13.46803150177002,14.06351232501545,0.21249138221881372,1.2059359359741215,0.03774661660628215,0.8430103435040996,0.0353237649663879,0.5509965900959578,88.14986686511685,1.117230655105038,0.32863760231343553,2.8611268997192383,1.4004851018516693,354406400.0,-0.3801300362705717,-0.24335088894957077,0.9802949759681848,0.2930858327207667,0.01795685827818104,1.4491834099933187
VICI,2020-06-09,15.786258362181385,16.129593065047217,15.578827490809008,15.736188888549805,3233000.0,-0.037032992052324104,0.034999934109774526,-0.0031717125415564296,-0.033289530058396605,15.169686031341552,13.657580995559693,14.222814854875864,0.15219444011834174,1.3069621944427485,0.03857745434160203,0.8322810602477203,0.035318301711483285,0.5520331745723032,78.40090650534046,1.1075384391114547,0.2551563090558818,1.5521602630615234,0.6105379645838881,351173400.0,-0.3814257315146545,-0.3909423977114526,0.8780783745873191,0.24742879542087337,-0.014037054093393429,1.4794226874328502
VICI,2020-06-10,15.543060726846168,15.700423469846807,14.634653241619331,15.12819766998291,6402300.0,-0.03940268683950607,0.07044925320761496,-0.026691207359609746,-0.012272867533012623,15.247651386260987,13.849991607666016,14.309041789647964,0.0922893022988839,1.4262710762023936,0.03710291954920735,0.8476087348996488,0.035130076250641136,0.5270288561577018,68.88883586945555,1.0388225779303877,0.14915235829985185,0.7796535491943359,1.1977482938218391,344771100.0,-0.2806383773990502,-0.4560007793162996,0.7733983170225481,0.1624412364003402,-0.015529151316785119,1.4287709243715738
VICI,2020-06-11,14.205483424948351,14.86354210738026,13.962287735943702,14.670415878295898,4862200.0,-0.030727457120373523,0.061433457572931914,0.03272908351228727,-0.06099300558885421,15.328477573394775,14.051700878143311,14.343458369519196,0.04403132442955473,1.5726176452636729,0.03475557005315018,0.8905256679848818,0.03503321011973063,0.4745455922731742,62.41452299995854,0.9366287252131507,0.03756680446609184,0.8082618713378906,0.9128072173009465,339908900.0,-0.0720475546386546,-0.6856267847828146,0.68205026223796,0.302745303877708,-0.06697290854339721,0.9491593469247582
VICI,2020-06-12,15.371395748021664,15.972232179447797,15.035214011222397,15.943621635437012,5657100.0,0.08322591113728102,0.05877072284146164,0.03722667068076721,0.04778186764035967,15.519457912445068,14.305625867843627,14.495854871035178,0.1145001122443229,1.722826814651489,0.038125412434585934,0.9395738122223769,0.032976341182848715,0.43001051291902553,67.19678973325352,0.9474547559876729,0.03871426819249124,1.9098033905029297,1.1119311821701046,345566000.0,0.02141490869837802,-0.8163980043996399,0.9089723634629228,0.13323498664028555,0.01992570691792444,1.0255447839681007
VICI,2020-06-15,15.292713693840573,16.53015138780367,15.16396420500187,16.329872131347656,23878600.0,0.023937224874922614,0.08366184204095498,0.06782043123744727,-0.0408256013896931,15.678965377807618,14.57492928504944,14.670523181541128,0.12040832665297313,1.8776852130889896,0.03801439336088591,0.9615430322397492,0.03419459220495051,0.3792491783716669,65.62495659888593,0.9759514891060235,0.05376880104867343,1.5950746536254883,3.9030362269745362,369444600.0,-0.05056594814635492,-0.7838962191860911,0.9752697253584529,0.17092678587992707,0.009333680536247922,1.0216972953558519
VICI,2020-06-16,16.97362669750801,16.97362669750801,15.657508858660323,16.000844955444336,11722000.0,-0.020354546100029382,0.08225302116935228,-0.05731136659241441,0.03942189877436759,15.81558437347412,14.784149122238158,14.797220493341433,0.08229731878015466,1.964019651412963,0.03640289070282272,0.9947525046297754,0.03544881631099188,0.3390161239698998,61.74972829105552,0.9609088529972762,0.03098093195194085,1.366189956665039,1.8070766119086379,357722600.0,0.07188903963322388,-0.7462738436583823,0.892173687467191,0.10491474514081663,0.021463964570521358,0.8420865380213585
VICI,2020-06-17,16.344176516872167,16.680358206676605,16.143897279630192,16.379940032958984,15194000.0,0.023415886866038526,0.032751092248626684,0.0021881503818744377,0.02145708944645525,15.886397552490234,14.986573648452758,14.947955687590722,0.09297431268754884,2.0428435993194576,0.0358744083732238,0.983512068468803,0.03426709685644481,0.30946415904225344,68.18175682674148,0.9684139864118482,0.030788852293210267,0.7081317901611328,2.1539490956929526,372916600.0,0.14125524922519442,-0.5904889965756611,0.9822470677477734,0.06135419451856437,-0.008257698897217435,0.8982248815973403
VICI,2020-06-18,16.17251056640864,16.358483867397187,16.047335520823044,16.16535758972168,3744600.0,-0.013186885261585525,0.01924784805082063,-0.0004422922871243902,-0.012663627957914628,15.912863159179688,15.153949499130249,15.06389872588891,0.06674221071209718,2.094629983901978,0.035906201580905926,0.9602653349036994,0.033472093044469436,0.28188213582793764,65.29771979836488,0.9461403320891009,0.006812158376370281,0.26465606689453125,0.5426752035430549,369172000.0,0.33882405439713015,-0.5116216641203148,0.9163080934614468,0.040223521612640034,0.0013733348335353704,0.8851985009194658
VICI,2020-06-19,16.03660849336772,16.279804270182304,15.76480217096428,16.079524993896484,8661100.0,-0.00532380903118776,0.03202843985836081,0.002676158150678436,-0.00796450654675416,15.876383590698243,15.30237045288086,15.160625037127726,0.05078654600662316,2.1492059898376468,0.03602092091910863,0.9357414217993018,0.03323770999104623,0.25379565814056343,60.58556086583576,0.9110601926297939,-0.02261438486634948,-0.3647956848144531,1.2124839184295149,360510900.0,0.4578041856477455,-0.4705510013447957,0.8774033123757088,0.04996308877429369,-0.0060547784554683005,0.9168931173032945
VICI,2020-06-22,15.915005268185986,15.915005268185986,15.357085491235337,15.585976600646973,7861900.0,-0.03117514901954458,0.035796266813815855,-0.020674116156074427,-0.010231628469929747,15.801994037628173,15.408232021331788,15.201134709843846,0.01153568943335666,2.1888325500488293,0.03695083595424985,0.9490256016771746,0.03299711761698287,0.22604167971141473,57.051932886765755,0.8338219187471285,-0.07988212699921193,-0.7438955307006836,1.0658852064178983,352649000.0,0.597843166507323,-0.47425612026568364,0.6675876525982942,0.045497736068536715,0.0010970050019391054,0.9338006362193637
VICI,2020-06-23,15.80056602667267,16.018727069080843,15.628898656652547,15.779107093811035,7770400.0,0.012315155026259164,0.024705353104625048,-0.001358111654064144,0.0137681090844695,15.806285858154297,15.487985944747924,15.256179698793101,0.01879657885161187,2.190191602706909,0.03542272638609954,0.8956356347993968,0.03261204395400135,0.21294382788603142,50.90914438726508,0.7792117786214092,-0.10759381369994503,0.04291820526123047,1.0389325617728598,360419400.0,0.7494545602636005,0.08489431660387073,0.7423816209849337,0.02365551134223141,0.0005316354314276744,0.8687020008947326
VICI,2020-06-24,15.528755405473834,15.593130827626306,14.699029258053908,15.078128814697266,6571900.0,-0.0454414581658999,0.05929791292808695,-0.029018847873521426,-0.01586602377744144,15.801278972625733,15.524465179443359,15.239222471736355,-0.02875051472543527,2.1680177879333495,0.03712478978776767,0.9066205335195014,0.0325912646760664,0.2027059696000463,43.54660156779581,0.6716276547916546,-0.17214235002375977,-0.05006885528564453,0.8663475158372502,353847500.0,0.7569350812411483,-0.05573762229937887,0.4709125930297347,0.01897422497500854,-0.02972884570331118,0.9730477297228854
VICI,2020-06-25,14.920768259437784,15.199727528086072,14.792017407972175,15.063823699951172,4713800.0,-0.0009491830904554695,0.02706551326109976,0.009587672566585272,-0.010436345065980332,15.840619754791259,15.584548664093017,15.222517826804433,-0.033412899877017385,2.1570023155212397,0.036112625846955466,0.8463321391786544,0.03183442088514568,0.17798327865160765,38.188484744437254,0.5785430739220256,-0.21218154471471107,0.39340782165527344,0.6191590166066177,349133700.0,0.733136606795536,0.08932320097543404,0.427299071061402,0.042195136617381356,0.011250838896056626,0.9284267486137946
VICI,2020-06-26,14.9994489612139,15.06382438989519,14.112500277960532,14.327085494995117,6022900.0,-0.05014425158700149,0.0664003933156527,-0.044825877801071515,-0.004273466021610433,15.67896614074707,15.599212026596069,15.137238557108308,-0.08155069175494403,2.110437574386596,0.037984884063428065,0.8660023889854749,0.03239042251174261,0.16956884660819432,34.51329965709229,0.44024933667528465,-0.28038022556916165,-1.6165361404418945,0.7851160486746139,343110800.0,0.7340030733886344,-0.047929874904562526,0.0,0.038722452493637184,-0.025569932616932675,1.0017491401269794
VICI,2020-06-29,14.565235921281056,14.688670182685748,14.151368510951944,14.521671295166016,7746400.0,0.013490269448385776,0.036999988555908254,-0.0029910003758599605,0.01662239164895974,15.498146057128906,15.588555717468262,15.078613103589994,-0.06844023536489108,2.0395253562927245,0.03639103067427275,0.8507350340708432,0.03178143089182137,0.17383704351944126,39.99087674711707,0.34240497005200865,-0.3025796737539501,-1.8082008361816406,0.982061131606638,350857200.0,0.867240335083195,0.5763744295721601,0.09190561386304641,0.022840849200814833,0.018570072997072723,0.9697235038167337
VICI,2020-06-30,14.514415365147109,14.739500961104063,14.398242064982552,14.659632682800293,4044000.0,0.00945553465542795,0.023278816291345407,0.010005040781862214,-0.0004996621856688333,15.364024829864501,15.58980460166931,15.038710206371928,-0.05966539944762475,1.971893815994262,0.03641587938654882,0.7964295518702029,0.03156147290570579,0.17335345667131505,45.81415882761075,0.2728496941322103,-0.2977079597389988,-1.341212272644043,0.5192667347637138,354901200.0,0.7923039150363929,0.4736979902343481,0.15706672021710733,0.05319068611426994,0.01577831962474686,0.9822431437254704
VICI,2020-07-01,14.768544277705047,15.131586169713735,14.695935622324326,15.029934883117676,2514900.0,0.02494623089382567,0.028985524606547183,0.01769914491892275,0.007429353603964211,15.229024314880371,15.557710933685303,15.037874461300095,-0.03392375991669157,1.8587928390502935,0.03306456685658118,0.7468612342183626,0.03064045914689413,0.17655317925918818,53.26269327136532,0.2447851982758369,-0.2606179644762977,-1.3500051498413086,0.3304965135502388,357416100.0,0.7538778954999428,1.1399345399880363,0.33196566456513216,0.01214010594370848,-0.00012288720604020992,0.8687703099022066
VICI,2020-07-02,15.422021806175596,15.480108462540104,15.008154206466589,15.146110534667969,4136400.0,0.0076998973146080694,0.031160095853866733,-0.01789073280892015,0.0260870673164613,15.127099609375,15.519981384277344,15.048182658763702,-0.024089645493268967,1.7398782730102536,0.032922910796613344,0.6875853738556208,0.029906637045962907,0.1772123889188702,40.838499007765435,0.22927534383082993,-0.22090225513704376,-1.019247055053711,0.5501468335035751,361552500.0,0.792837379231672,1.2572428969962002,0.38683706094807285,-0.004864923238001585,0.005232351662722874,0.8678507340321211
VICI,2020-07-06,15.538190720693652,15.603538363718435,14.65599892475384,14.681411743164062,4423500.0,-0.031161582256527397,0.06454007663164867,-0.055140202159350366,0.025886526123538478,14.987288284301759,15.4318359375,15.01325209537326,-0.04862831599397557,1.5766945266723642,0.032369165760596647,0.6576819635815347,0.029982694278831233,0.17515661565123827,31.39839008221773,0.17744093497097424,-0.2181893311975196,-1.3981132507324219,0.6034043545783229,357129000.0,1.0472137635432237,1.962814534852482,0.1726017308534525,-0.014696005857254432,0.01245426622046062,0.7804385722425676
VICI,2020-07-07,14.449063337917186,14.855669765440268,14.33289007291059,14.514410972595215,2779800.0,-0.011440170299542685,0.036017975067451434,0.004522620819755378,-0.015826026087379628,14.880131721496582,15.341062879562378,14.965743417013446,-0.053884917456954194,1.4185148906707763,0.03239710935075085,0.6010149531302484,0.029866194464032332,0.17487215559942657,32.59010839972183,0.12148581316962748,-0.2193155623990931,-1.0715656280517578,0.3916844205471577,354349200.0,1.0668184577749857,1.979490959210432,0.09125121786436222,-0.009535455747728268,-0.015560611933374394,0.816302463270822
VICI,2020-07-08,14.565241280845905,14.70319759668416,14.380090513056276,14.66689395904541,2158800.0,0.010450826284243767,0.022029687030539685,0.00697912765325652,0.0035020579441124673,14.76891040802002,15.287598133087158,14.937281563873633,-0.040601811261531624,1.305036983489991,0.03172686895362216,0.5755573697299352,0.02965005408887488,0.17794286916882932,28.811118925383184,0.08842576152449055,-0.201900491235384,-1.112213134765625,0.30650274798994226,356508000.0,0.950975534349321,2.0077744373899415,0.16552973243395813,-0.07797278397655952,0.0032552213021427674,0.7925264817619697
VICI,2020-07-09,14.66689206736527,14.746760336848412,14.23124154741381,14.369197845458984,9129100.0,-0.02050596527604645,0.03587665748492144,-0.020297021382510414,-1.289761926290093e-07,14.69801731109619,15.249648141860963,14.883178352596047,-0.05773577778395444,1.219751405715943,0.03089813063598383,0.5886226752512682,0.028510479566721456,0.1862241594686088,28.230671819584387,0.03776847255317861,-0.20204622416535678,-0.7089309692382812,1.271520835915857,347378900.0,1.0098387601488392,2.351711480253767,0.0205140449456765,-0.1564042390349009,-0.013956389413172308,0.7638201012110674
VICI,2020-07-10,14.318370082858172,14.59428266473492,14.198566992357685,14.492630004882812,4395700.0,0.008553367623747763,0.027304614293189755,0.012170374212722946,-0.0035372720974035086,14.640897941589355,15.240758848190307,14.845983271861455,-0.04908737489776157,1.1770802402496336,0.03025057524981989,0.5801022161912118,0.02749389541769188,0.1886145326866518,30.94065416492947,0.007495743511995556,-0.18585516256523188,-0.5711936950683594,0.6142381341313198,351774600.0,0.9113852006869346,2.496466925984397,0.08064112971466554,-0.026343280510525542,0.014971784956845867,1.1124722530578433
VICI,2020-07-13,14.587020333419233,14.848410885104476,14.274804148882888,14.3401517868042,2585800.0,-0.010576824716109547,0.0400000463558148,-0.016923850174490485,0.006512988222608204,14.642204570770264,15.160585355758666,14.797808844713144,-0.05411621977002556,1.0593077182769761,0.022309787746625304,0.5694713043026719,0.026795358363296672,0.19142468814144598,33.70178125581704,-0.02847113274605384,-0.17745763105862505,0.013066291809082031,0.3692533536681147,349188800.0,-0.4588974056314034,-0.7046954591128399,0.006364937945575292,-0.3415302150816357,-0.005800097636365631,0.7740475811044002
VICI,2020-07-14,14.332890343086357,14.43454160565962,14.027935170471984,14.289325714111328,6223800.0,-0.003550614997266066,0.028455256974518665,-0.003039486658463299,-0.0005063714684334534,14.618970012664795,15.058558034896851,14.749381879893923,-0.05108273441606405,0.908395013809205,0.021230091157003805,0.5676038733565123,0.024464598333810716,0.18468915934208227,29.756544478871447,-0.060380353473629356,-0.16749348142896048,-0.2323455810546875,1.0169541375546565,342965000.0,-0.46747033038346825,-0.5300042855086367,0.0,-0.31453384012858804,0.014464017545964197,0.6923739850322422
VICI,2020-07-15,14.587022155924725,15.385714530944824,14.572500149040135,15.385714530944824,4350400.0,0.07392664607383764,0.05285515861282204,0.054753627332752026,0.02083348422238067,14.691578197479249,15.027801513671875,14.809984989517817,0.023816725084326536,0.8042503166198731,0.027930711371262726,0.5687689434333958,0.023113227310938435,0.1768263000108749,53.77399091930935,0.0027688561706682435,-0.0834754174277303,0.7260818481445312,0.7563992447135163,347315400.0,0.7610995089625969,2.237461582913747,0.5244338000102697,-0.18911857249930805,0.014406155192027856,1.13450837868171
VICI,2020-07-16,15.240497069470266,15.338518537554437,14.695934281154724,15.291322708129883,6878900.0,-0.00615392679354273,0.0420228039565258,0.0033349068884000596,-0.009438460669635279,14.71771697998047,14.97337064743042,14.85582667700468,0.021234501448344698,0.6790344047546384,0.027298812540595525,0.5889168098388389,0.023408957221724282,0.15705575279287146,52.73754877209089,0.04468334673671137,-0.03324874148934974,0.26138782501220703,1.2892204497812378,340436500.0,0.9507490536825322,2.970138499134832,0.5341044583005918,-0.1448500938738944,-0.0033523746451491,1.2217071471377743
VICI,2020-07-17,15.342148097729408,15.756016973442211,15.225974815566266,15.647103309631348,4457800.0,0.0230002835658484,0.03387477844219801,0.019876956600821213,0.0033238059630056396,14.767816257476806,14.947457933425904,14.931186356302458,0.04680698078038262,0.5726460552215578,0.027802961459852223,0.5588252416917879,0.023715936630843225,0.14511076186302005,67.48737914516023,0.10539448166763954,0.021969914753262737,0.5009927749633789,0.8299193966524337,344894300.0,0.7341435818554377,2.2952524310554487,0.758450527417519,-0.15071815332600644,0.0021046842564101127,1.2333295202441237
VICI,2020-07-20,15.654362090627421,15.705187721246881,15.189669027941425,15.342145919799805,4622600.0,-0.019682131193482413,0.033601472440706825,-0.019944356021670558,0.0004639057372111372,14.83388967514038,14.91058897972107,14.970325362349824,0.028942984121262286,0.46597836494445843,0.02809086428388324,0.5572693146611917,0.023746556844637057,0.12959254756007527,60.56067974870313,0.12743202373046358,0.035205965452869414,0.6607341766357422,0.894216781701693,340271700.0,0.7801555084738304,2.1645334494299333,0.7066944270935563,-0.19025830228053944,-0.0023308964384751965,1.2547089614570466
VICI,2020-07-21,15.392974421504018,15.668885607889385,15.356669406917325,15.58901596069336,4029100.0,0.0159628845486305,0.0200279608257052,0.01273578022162311,0.0033129981926854615,14.941350173950195,14.910740947723388,15.02924827647778,0.04548902132683969,0.39883316040038963,0.027515370967361487,0.5562322283731965,0.023414512430747148,0.1296513378086448,61.63625330718867,0.16293902406486538,0.05657037262981697,1.0746049880981445,0.8094137972598336,344300800.0,0.6290869770080604,2.260694379487765,0.872403330829638,-0.18796691387021192,0.012845901912971665,1.2611551248749844
VICI,2020-07-22,15.472846072122682,16.19166889961404,15.465585067615294,16.162626266479492,8973700.0,0.03613499520531301,0.044923629367376344,0.04458004630444703,-0.007452034744437502,15.090923404693603,14.929916906356812,15.137189037430323,0.08256639121667321,0.3336605739593512,0.028596614400301246,0.5743843958792897,0.023984437686319766,0.1407500166935705,63.494735894877415,0.23465913106689484,0.10263238370547714,1.495732307434082,1.7812152327378217,353274500.0,0.5346208206334926,1.4922988268775677,0.9999999946618283,-0.10897649640986293,0.005528488814368653,1.2974235789548256
VICI,2020-07-23,15.995621069881787,16.13357594695436,15.654360915799884,15.683404922485352,5803300.0,-0.03009841436146606,0.030555547951671022,-0.01951885119261225,-0.010332800736973395,15.22234411239624,14.960180711746215,15.189209597911756,0.04834328038372464,0.2758559894561756,0.027515893311764603,0.5769780454940107,0.02299499790295876,0.14736056677456355,55.89159845348599,0.24994743667787667,0.09433655145316716,1.3142070770263672,1.160767951419482,347471200.0,0.698475579000563,1.7871788542351383,0.7441834142256782,-0.20558239787490057,-0.006519163243335972,1.305859800646516
VICI,2020-07-24,15.516407418597085,15.676145314889201,15.255016874760361,15.269538879394531,2356600.0,-0.02674322105566146,0.0275796435933721,-0.01591016093755512,-0.010648038784539805,15.300034999847412,14.970466470718383,15.196860005672018,0.019977494305947054,0.19347558021545375,0.028253332451787207,0.5398958032626103,0.022995891917433935,0.14831248684227039,56.52169866870613,0.2260620950532779,0.056360967862854716,0.7769088745117188,0.4827441400748718,345114600.0,0.7340816209691882,1.4761342106350865,0.5232546153960742,-0.15582577210869264,-0.005508233507715192,1.4018816264913407
VICI,2020-07-27,15.247757005809838,15.247757005809838,14.772171705399872,15.080758094787598,3104500.0,-0.012440288107637457,0.03153590140633207,-0.01095235915411092,-0.0014264919037003034,15.374095630645751,15.008150100708008,15.185802680825883,0.004837904311482371,0.14684648513793874,0.02593910819223004,0.5380806233672518,0.021683489061964836,0.14240085598400362,56.24999210670888,0.18971286628982398,0.01600939127952064,0.7406063079833984,0.6555448919971578,342010100.0,1.123155533364393,2.0991958995877016,0.4224801916867879,-0.0864130105844111,0.005580091132780196,1.2158934055453632
VICI,2020-07-28,14.971849885703332,15.234691889949948,14.808480739317012,15.037196159362793,5260900.0,-0.0028927572858737393,0.028343791363495564,0.004364609193808481,-0.0072216667358326065,15.448882675170898,15.033926343917846,15.17164967878178,0.00021749577390137254,0.09075488090515016,0.02584274532179986,0.5454451995818984,0.021439456819710774,0.13885389520374197,54.18717533188775,0.15559712963169403,-0.01448507630288745,0.7478704452514648,1.1408268061446651,336749200.0,1.237222298663683,2.3682662152956975,0.39922608270935017,-0.08645554646670653,-0.003999835160919119,1.2714378254979628
VICI,2020-07-29,15.16788666245355,15.661623754875443,15.03719138682486,15.552711486816406,3427900.0,0.03370811999871828,0.04014942144203577,0.025371024515593674,0.008691148383362978,15.465582370758057,15.078580284118653,15.207941279546983,0.03144402150361112,0.06068355560302763,0.026795032222958943,0.5532247409116112,0.021899954801391817,0.13963029155421255,62.75425698933086,0.16821881928750138,-0.0014907093176640962,0.16699695587158203,0.7483394914504958,340177100.0,1.0561594218496497,1.463944155261965,0.674417014591587,-0.11077921816857675,0.01327878158754796,1.4642964413182482
VICI,2020-07-30,15.225977217071671,15.930279409277844,15.225977217071671,15.726975440979004,2751700.0,0.011142423357319013,0.04478306682993905,0.03290417532909503,-0.02100818690179513,15.509147644042969,15.113432312011719,15.25737310444527,0.04059588294047928,0.027625064849853942,0.026369588280108443,0.5752666351851069,0.02238507659843898,0.14442462710097415,63.15789473684211,0.19009198195060506,0.01630596267635165,0.4356527328491211,0.5991706069550127,342928800.0,1.1647493530914512,1.9080672752819303,0.7674421049926163,-0.0961087052494282,-0.009362248355798927,1.3386521786230998
VICI,2020-07-31,15.748756431808072,15.785060064212617,15.320366921939396,15.763277053833008,2477400.0,0.0023055787781104046,0.029479475662722437,0.0009220170549852472,0.0013849446710722652,15.520765018463134,15.14429063796997,15.305554432958388,0.04087259223030933,-0.0004253387451171875,0.02634185716790972,0.5674870927602235,0.022358558131693466,0.14916522896845846,65.55553910851137,0.20795863996902142,0.0273380965558144,0.11617374420166016,0.5493656261745867,345406200.0,1.2023007790032108,1.991198446020643,0.7868205291404812,-0.0862344933762723,-0.0021443645508865787,1.3271294678573013
VICI,2020-08-03,15.756018048159603,16.01740725840864,15.53819209057474,15.97384262084961,2474000.0,0.013269550537776757,0.02999999306418679,0.013824849148065624,-0.0004605010524533801,15.583934688568116,15.208912181854249,15.369200927043266,0.050294881701532804,0.006941471099853658,0.025256160416100258,0.5726734308063852,0.02111316601938246,0.15324098159144378,67.7914028861181,0.23638408803640942,0.04461083569856192,0.6316967010498047,0.5607319886947002,347880200.0,1.2080866204827514,2.2141304211453416,0.8992240436893754,-0.1371946961491699,0.004001523797248364,1.6541132896517905
VICI,2020-08-04,15.966581265244953,16.511144069864063,15.966581265244953,16.482101440429688,5922100.0,0.03132248270128304,0.033039646466640926,0.032287448804515624,-0.0004545778856728437,15.673243236541747,15.307296705245971,15.475191452127687,0.07674802140479178,0.04505887031555034,0.02566845404047061,0.5332572870767862,0.021045309504767327,0.1630290999642358,63.222398805338166,0.29650576557096286,0.0837860105864923,0.8930854797363281,1.2960898011798552,353802300.0,0.9538576005305175,1.4800961120395926,0.9999999954395702,-0.11016229772621948,0.007847952182769201,1.8579876255092675
VICI,2020-08-05,16.569231171531943,16.658540271657028,16.068232989666313,16.235233306884766,3307600.0,-0.015091254877723465,0.03635964268775779,-0.020157716504132558,0.005286324163042144,15.680503940582275,15.385713672637939,15.54757639067598,0.05521483450960212,0.08245174407958977,0.026097653754081223,0.5261520750911158,0.02138866789764875,0.16575570402620626,60.97973430197137,0.32053747645546515,0.08625417717679562,0.07260704040527344,0.7149024833329551,350494700.0,1.0368236572830318,1.4227073124341694,0.8874175140411714,-0.14362151744775878,0.005618147403275992,1.7954555121849245
VICI,2020-08-06,16.191666836716966,16.62731735739122,16.16262420728259,16.482101440429688,2552000.0,0.015091254877723365,0.028193804763800522,0.017937288769684853,-0.002683452054201468,15.760373592376709,15.491358852386474,15.63657877636681,0.06395453087645617,0.14542577743530316,0.02545665378651263,0.5214842888220218,0.02119269451628266,0.16404391048159034,59.96534501671857,0.3554060756767594,0.0968982211184719,0.7986965179443359,0.5937935543616603,353046700.0,0.9478488760982114,1.5014673778828314,0.9999999954395702,-0.1556621796437903,0.0012648011128397298,1.8289083824755272
VICI,2020-08-07,16.387709311050543,16.69266452832964,16.3731873043004,16.612794876098633,1691000.0,0.007898143194862468,0.019230793277829547,0.013735023045369167,-0.005726947484233173,15.894699192047119,15.597367095947266,15.72955173824603,0.06510251210380306,0.19642120361328175,0.02545516258426233,0.5074813267308634,0.02102944870143918,0.1633046369652733,65.82280555496177,0.3891002542576114,0.10447391975945913,1.3432559967041016,0.4062408784989027,354737700.0,0.9523325789881145,1.5087404241252684,0.999999995696091,-0.1546642182980508,0.008007359933793371,2.018602394566209
VICI,2020-08-10,16.699925066676805,17.019402281809846,16.670881053985276,16.794315338134766,8169200.0,0.010867282282095998,0.020752333203675435,0.0056521374246347985,0.005244764124760794,16.066054916381837,15.720075273513794,15.830957795378291,0.06833555475595723,0.26391943931579576,0.025121045864333696,0.5131861637038373,0.02054184988673379,0.1572370016152117,65.2573564030416,0.42554490106591913,0.11273485325421351,1.713557243347168,1.839195357659468,362906900.0,0.8690118581283116,1.5667313207307603,0.9999999960079675,-0.17586899132274478,0.010851859255478817,1.9299680826692691
VICI,2020-08-11,16.946793119289318,17.179139674172287,16.823358838895903,16.895967483520508,3785700.0,0.00603452659628323,0.02105714488521568,-0.002999130007137371,0.009079130532241549,16.251932048797606,15.850407361984253,15.932387289487075,0.06596424291554391,0.351028127670288,0.024975662054966957,0.48881048542089267,0.020375040840467058,0.14475194934706795,60.54275954089,0.45735788778620723,0.11563827197960125,1.8587713241577148,0.8763559592760809,366692600.0,0.8263039203236335,1.6016193616543788,0.9999999946201021,-0.1385725851886337,-0.002669464290049499,2.2717109791974557
VICI,2020-08-12,17.041184786218743,17.179141083836264,16.917750495696716,16.946794509887695,3023500.0,0.003003718466708456,0.015424190574036788,-0.005538950343838844,0.008594790611420912,16.391340351104738,15.928461360931397,16.0289975009538,0.06393167085516616,0.38283933639526424,0.019174162862596468,0.4727325032520461,0.019136437718140952,0.15367787074337663,70.7144058907745,0.48112511438226413,0.11152439886052651,1.394083023071289,0.7108305561922899,369716100.0,-0.1374802886894526,-0.6199494649648979,0.9999999947632967,-0.06590319150516986,0.0120959412462388,1.4561789778626055
VICI,2020-08-13,16.903228948712947,17.066596672467423,16.67814200573191,16.714447021484375,5811400.0,-0.013805264927248723,0.023240653204751646,-0.011168394382006291,-0.002570725758746291,16.490087509155273,15.999617576599121,16.094278407671,0.04467790817267759,0.43314277648925703,0.019478479241565077,0.46988011889565484,0.018513074443661123,0.15417847654534722,75.18995179131605,0.4757284111944955,0.08490215653820632,0.9874715805053711,1.3836337230065952,363904700.0,-0.1073111987868555,-0.757605502347096,0.8783265092773469,-0.02896508014635575,-0.008145218869668793,1.4741732030656367
VICI,2020-08-14,16.59101461045838,16.866925836847386,16.474841316726703,16.64910125732422,3770400.0,-0.003917200123440011,0.023549891015780717,0.0035010906945511814,-0.007384773834715413,16.578669929504393,16.049717473983765,16.147118679066544,0.03734544139559099,0.4682746791839598,0.019053890588492228,0.46235992933322795,0.018209700695378906,0.15630575702226288,78.57154025958413,0.4608660510295426,0.05603183709860271,0.8858242034912109,0.9050994663600377,360134300.0,0.06356809119394112,-0.5838427531186202,0.8441068715194917,0.058690816193680925,0.002859150580327668,1.4771735128577237
VICI,2020-08-17,16.670882676168496,16.85240361846943,16.453058099365325,16.83788299560547,5600800.0,0.01127505163115341,0.02371708600233956,0.010017485137466921,0.0013082639421569558,16.665073966979982,16.124504327774048,16.212905756832157,0.04424189750767373,0.535190286636352,0.018348842515130387,0.46044095565259724,0.0179409236527059,0.15567118247662393,81.15580401856653,0.45902922887112396,0.04335601195214722,0.8640403747558594,1.3288916728356395,365735100.0,-0.09282800845786274,-0.2910268329818355,0.9429662663449871,0.09635267321523755,0.000704531736489636,1.3763277103448417
VICI,2020-08-18,16.83788405244973,16.91049271090643,16.54745080351792,16.685405731201172,1828000.0,-0.009096859030710848,0.02175805091209939,-0.009055669986418205,6.27658632713942e-08,16.68540439605713,16.179323816299437,16.25790575439111,0.03127954670095025,0.5828991031646709,0.018397482917535093,0.4417702084624492,0.017974007643293953,0.15480910618179072,72.41386338314376,0.4401955923686458,0.019617900359735208,0.20330429077148438,0.44535562060476275,363907100.0,0.09754920515642208,-0.3175813088373098,0.8631184472662231,0.022102709754887997,-0.002492702718546687,1.4454867509894702
VICI,2020-08-19,16.649097513362733,16.8233574147736,16.569227872547284,16.77979278564453,3072400.0,0.005640923043012633,0.01514497499896002,0.007849991399047358,-0.0021760464458196334,16.739860343933106,16.21018214225769,16.30760928117715,0.03513906496472645,0.5928853511810299,0.016674029438610332,0.4096150191781737,0.017008326745755344,0.15801354275397778,71.51333623046628,0.42795287190356746,0.005900143915725464,0.5445594787597656,0.8065058065058065,366979500.0,-0.01959807241941416,0.014801578377735929,0.9125461470352021,0.2512788074365288,-0.0038888457548316023,1.2546050774982558
VICI,2020-08-20,16.73622677162087,16.99035631384719,16.641836511025456,16.77979278564453,1703300.0,0.0,0.020770208981358822,0.0026030965413025046,-0.002596338022775366,16.76962947845459,16.26500153541565,16.352579138745472,0.03165024295312656,0.6146728420257563,0.014939055340824698,0.40131692350306747,0.016752122693842127,0.1573481074464871,71.08434974225479,0.41348404109015036,-0.006854949518153353,0.29769134521484375,0.47254558165858424,366979500.0,0.19716415419281177,0.3417254970223226,0.9125461470352021,0.04733325048783902,-0.004000866538683067,1.021595523226341
VICI,2020-08-21,16.808838242586518,16.935903727559005,16.09001550880112,16.35140609741211,2452900.0,-0.025861458586720964,0.05173183356333872,-0.027213787090619262,0.0017309782851928578,16.743490600585936,16.31909489631653,16.352467420523247,0.001979962816618843,0.6351463985443111,0.014849612956000695,0.42750785571192357,0.017737047978197733,0.1459440298309158,57.182343695348344,0.3632626966213195,-0.04566103518958742,-0.26138877868652344,0.6795988734766931,364526600.0,0.2310189338265808,0.30232592418546184,0.6882127494538024,-0.06012594413747189,0.001750983233579602,0.8183996029542855
VICI,2020-08-24,16.358672850328176,16.707192834369085,16.29332518020859,16.692670822143555,1318800.0,0.020655856677057757,0.02479337540230416,0.02041718022429173,0.00044441150031842886,16.733326148986816,16.399690532684325,16.384867744487085,0.017864988907889744,0.7007610511779774,0.014836664718006874,0.4181724878220225,0.017545434691944386,0.12774807654451337,54.277396312881976,0.34699914043062563,-0.049539673104225024,-0.10164451599121094,0.3746537691225977,365845400.0,0.021893996684105275,0.23963629308776907,0.8669229598237149,-0.20689115873680006,0.01592311730109413,0.9598931445783057
VICI,2020-08-25,16.707187083441347,16.808838364239172,16.482101511005524,16.627317428588867,1162800.0,-0.003922779135982008,0.019650605374975226,-0.004780556682198153,0.0008696188556319135,16.70646114349365,16.47919659614563,16.407958190592016,0.008988352774302178,0.7743182086944582,0.014867841595999933,0.3993460286250891,0.017328340354422482,0.10086896026245375,58.59869307729183,0.3250892557192486,-0.057159646252481655,-0.2686500549316406,0.3507538885931083,364682600.0,0.029209731148372376,0.21230972777471646,0.7708335273294363,-0.19868774629483713,0.0018569661356260044,0.953426411562743
VICI,2020-08-26,16.62731519018625,16.692662829014715,16.431272273700852,16.540185928344727,1114400.0,-0.005254040362622282,0.015803362576833003,-0.005240128117192794,-1.3462199350126235e-07,16.665800285339355,16.528570318222044,16.420551308473225,0.0007027595187634813,0.8129051113128654,0.01333890065011373,0.3848244147111772,0.016580419211186918,0.08561037467290084,51.369808173778026,0.29726800977810086,-0.06798471375490356,-0.40660858154296875,0.3483076884609013,363568200.0,-0.09916826122949048,0.37858648918573556,0.6666648369635764,-0.27168675443989687,0.0030718559060625163,0.685798246267197
VICI,2020-08-27,16.56923192962258,16.990360474038322,16.56923192962258,16.801578521728516,2983400.0,0.015679910956320414,0.025064820181694397,0.014022773843279157,0.001756086745559246,16.67451343536377,16.582300472259522,16.45683961449754,0.013223620560719122,0.8582024955749521,0.01352311399212153,0.3941599376872027,0.015792293103406994,0.07324838409140878,54.1935746286553,0.2929348985012332,-0.05785426002541694,0.08713150024414062,0.9291027403766052,366551600.0,-0.11641839390961892,0.22289599953581607,0.8773013476148652,-0.2947209785810372,0.004146517419901803,0.989209555420067
VICI,2020-08-28,16.881448693565762,16.94679634768729,16.58375444029878,16.685405731201172,7706500.0,-0.006938412591065749,0.02175805091209939,-0.01161292291456659,0.004753730236355757,16.678143882751463,16.62840690612793,16.47860781608836,0.003427798308943132,0.8939079666137673,0.013718030024568464,0.39104811637843817,0.01554836963806745,0.056529242549550406,47.5083824820525,0.27693437619380035,-0.05908382586627986,0.036304473876953125,2.2192880654051392,358845100.0,-0.024237697345525843,0.023314534959797576,0.7313445927337755,-0.3219825239297384,0.009696414079771728,0.8673371393114739
VICI,2020-08-31,16.721710885689077,16.721710885689077,16.213451657350326,16.220712661743164,5322100.0,-0.028245444086716916,0.031333964107353285,-0.029960942834783857,0.002175862851211112,16.616426849365233,16.640750408172607,16.454046372817388,-0.025241514722987152,0.9034277153015129,0.015095755732254131,0.3998648943999546,0.015565819096110529,0.04882694657378471,36.752233980451734,0.2241728745295717,-0.08947626202440684,-0.6171703338623047,1.472261450130916,353523000.0,-0.07551689277715222,-0.0814404701760464,0.0,-0.341515932410885,-0.0076994445414777695,1.124549481070585
VICI,2020-09-01,16.104540073538026,16.975839865790622,16.00288877733232,16.96858024597168,3213600.0,0.045074428219333065,0.05733839097642123,0.05365196202364022,-0.0071619903901715505,16.644744300842284,16.665074348449707,16.50304959883208,0.018212093818243704,0.9000995826721194,0.016870831899866146,0.44913471498156504,0.01687698809809967,0.050899823131116705,50.33561937671526,0.23993979163104484,-0.05896747593834695,0.2831745147705078,0.923583628635231,356736600.0,0.5707554017563278,1.4577006762967208,0.9999999866286491,-0.4763814170635336,0.0037833998791669265,1.0225089877051838
VICI,2020-09-02,16.925007263454642,17.14283316068766,16.46031423185536,17.128311157226562,2995800.0,0.009369304541427375,0.03984741534452673,0.012012041744342694,-0.0025678625957750263,16.679596138000488,16.709728240966797,16.562598318679175,0.025050252776316076,0.9177693939208993,0.016487392049970104,0.47013930513133545,0.01706240121291039,0.05046424320459418,56.52168424545462,0.2623004997550282,-0.029285414251490893,0.34851837158203125,0.864863304367909,359732400.0,0.43005823231092905,1.6667319150843034,0.9999999889819121,-0.2843077055083089,0.015233805805775626,1.009529816858512
VICI,2020-09-03,17.17913983309143,17.237226472349512,16.551077613333792,16.64183807373047,3165700.0,-0.028812827250594607,0.04123035304007808,-0.03127640641971957,0.0029675240832732234,16.665800666809083,16.717715072631837,16.570144962017395,-0.004538718274101003,0.8944820404052738,0.017607150817181096,0.49114390076669523,0.017504044065798897,0.04897070901242974,49.89895720009552,0.23802342396352927,-0.04284999203439188,-0.1379547119140625,0.9058872512759025,356566700.0,0.421976442870543,1.2905541961031084,0.4639996754545204,-0.32129851895922856,-0.025460838962749522,1.051220113456901
VICI,2020-09-04,16.77979518393572,17.171879671926103,16.213449384733174,16.612794876098633,5158300.0,-0.0017467163182903656,0.0576922964703461,-0.009952464020357328,0.008289776020776095,16.691939544677734,16.717715072631837,16.57420685859656,-0.0062759890378181,0.8635026168823252,0.017528747799515392,0.531078527058754,0.01895099688400635,0.04897070901242974,46.723010816943905,0.2139735690569573,-0.0535198775527711,0.26138877868652344,1.4063168800010906,351408400.0,0.5153065809824432,1.4393912725928484,0.43199962537029607,-0.3049512756240236,-0.0024807356987297875,1.0435580350935307
VICI,2020-09-08,16.424015489622153,17.106533236417036,16.337610512773587,16.903230667114258,4750500.0,0.017331593258066793,0.045489690035373606,0.02917771100465086,-0.011363493493083607,16.712995529174805,16.723160839080812,16.605542459407772,0.010767690974581535,0.817425479888918,0.01780018301985671,0.5600700139341068,0.01973737203308917,0.04980708608171614,53.04877755774239,0.21586131199969572,-0.04130570768802616,0.21055984497070312,1.3584442731872755,356158900.0,0.47173920928285423,1.1521655239330304,0.7520043292794715,-0.3176356330707267,-0.02629835270814242,0.5227386826244906
VICI,2020-09-09,17.019402743317972,17.360661592328686,16.90322945919114,17.259010314941406,6259300.0,0.02082957681074408,0.026503960817587435,0.01407849471788939,0.0068727735242784345,16.77616481781006,16.741312980651855,16.66777749326812,0.030923341250943703,0.7808308410644536,0.01835474768106233,0.5745916275706231,0.019862625416639947,0.05682051586445876,56.25002487591892,0.24326163735700135,-0.011124305864576467,0.6316928863525391,1.728756495645173,362418200.0,0.37474702452372954,0.6344328257453062,0.9999999903688506,-0.24456490526141605,0.01510972182133148,0.6033353059107286
VICI,2020-09-10,17.229961944686394,17.716437968292492,17.193658321912057,17.244483947753906,3738600.0,-0.0008420230099114917,0.030315760562294316,0.0008428343088703359,-0.001683084355646065,16.846594619750977,16.756197452545166,16.72270191750486,0.029140650591615726,0.7440182876586903,0.01835522504693148,0.5870387592533876,0.020160931440009362,0.061986038883492516,56.03769245714693,0.26079811782019746,0.0051297396788957395,0.7042980194091797,1.0224671470962272,358679600.0,0.4095394839036751,0.654320003027159,0.9860094289890293,-0.24267321670097836,-0.017928055423748406,0.5740127610713124
VICI,2020-09-11,17.46957015991211,17.520395787802713,17.226332830751506,17.46957015991211,2787000.0,0.012968198178469224,0.016832867343582424,0.0,0.013052649927951054,16.913393783569337,16.793953609466552,16.79383222630555,0.040229749715678643,0.7329817390441882,0.01819891258608006,0.5476226691314819,0.020051684606999267,0.07248555330513518,65.33853408993387,0.2895210625396487,0.027082147518677546,0.6679916381835938,0.7950976112837104,361466600.0,0.2225554885834016,0.6575007824007215,0.9999999919926814,-0.26456842914048956,0.006649116773923483,0.5631144377801557
VICI,2020-09-14,17.527659249236248,18.108527012812747,17.476833614213426,18.014135360717773,3675700.0,0.03069622815537907,0.03506654002260984,0.02775476773960697,0.0033251584779937365,17.046266746520995,16.86220531463623,16.910051572440047,0.06831431740910414,0.7438729476928714,0.019223774511738276,0.5637004690414921,0.02036736071348778,0.09634890312168118,67.16967553400292,0.35216650746913203,0.07178207395852865,1.3287296295166016,1.0500514927174585,365142300.0,0.08253498223614734,0.08901204548343285,0.9999999944240697,-0.19571063189869073,0.014201834513879078,0.6720960677968588
VICI,2020-09-15,18.16661707933093,18.718440935673666,18.079486413636833,18.457050323486328,8309700.0,0.024289681318395984,0.034618452615029875,0.01598719469272233,0.008464559389603742,17.269900512695312,16.943163681030274,17.057384786825406,0.08935088339794627,0.74931854248047,0.019707684281539132,0.5906696634502239,0.020644876029364906,0.12755250141967267,71.64947825431508,0.4325666507262582,0.12174577377252382,2.236337661743164,2.2854337530322284,373452000.0,0.02712769494340743,-0.18554884149031609,0.9999999955284034,-0.08804238651926881,0.0031679991144630735,0.6898286477519265
VICI,2020-09-16,18.71117705627782,18.91811079749681,18.181136294028992,18.224700927734375,12975700.0,-0.012668561087998591,0.040438222080576805,-0.025999226402500724,0.013768545262517832,17.395512580871582,17.020128440856933,17.16855775262626,0.07077340756053625,0.7520775032043439,0.019853569662660962,0.6246399454612206,0.02112321687071871,0.14268682334632304,69.26908175185093,0.472093686942074,0.12901824799067163,1.2561206817626953,3.094370219336684,360476300.0,0.0368186546066651,-0.2567728068328825,0.8961027179894335,-0.13173351848744783,0.006386959493585494,0.6341303650009759
VICI,2020-09-17,18.253745309825984,18.28278932501783,17.574857381007533,17.767269134521484,5312800.0,-0.025419915819871117,0.03984472451282897,-0.026650759449493883,0.001593682234170937,17.459408378601076,17.06950225830078,17.225577884235328,0.040877986110074496,0.739443817138671,0.020930056397068342,0.6430511881981279,0.021682625457349544,0.14679039558988982,60.572321107890716,0.4611918920748934,0.09449316249879286,0.6389579772949219,1.2340009917904373,355163500.0,0.10956900265823483,-0.5932490274730506,0.6915576714194605,-0.057345439362136326,-0.006811262000361413,0.7023342317468669
VICI,2020-09-18,17.643834380034264,17.810834693246445,17.150098598691,17.288053512573242,13325300.0,-0.027342237380157373,0.03821923006398068,-0.020164600267593903,-0.006947311573470187,17.52402992248535,17.094915294647215,17.231527944077033,0.011297992098650674,0.7064797401428216,0.021980870622567802,0.6643150587100519,0.022094363187740215,0.14608889579309065,56.11190657378001,0.4091668249201206,0.03397447627521599,0.6462154388427734,2.7269927319349754,341838200.0,0.15023070009071246,-0.8508935305488711,0.47727177532993714,0.037138222737941,-0.010713098128647978,0.7818725512442997
VICI,2020-09-21,16.983096935974224,17.070227587461158,16.489359808969283,16.707185745239258,9327700.0,-0.03417680353609457,0.034767541784073014,-0.0162462236290085,-0.01763972886694442,17.533469009399415,17.112704277038574,17.18159059180677,-0.02369692862298986,0.6799776077270501,0.02257349325062662,0.6850603783718524,0.021504262672804936,0.14185227834340594,54.820108643886634,0.31740654499819954,-0.04622864291736406,0.094390869140625,1.783435958766277,332510500.0,0.07715219094892088,-0.8385055789219882,0.21753114015062908,0.21815725385379703,-0.019848043313731453,0.9130849485214856
VICI,2020-09-22,16.678141279760872,17.295312671740877,16.634576647648956,16.88870620727539,4956400.0,0.010806215753977078,0.039122950922509774,0.012625203491353163,-0.00173844152577652,17.532016563415528,17.122506046295165,17.15369684089902,-0.013654533885847964,0.6388082885742179,0.022225549883244097,0.6627593023456824,0.02187346361897848,0.1404666529497767,49.10853681849165,0.25637768396826033,-0.08580600315784259,-0.014524459838867188,0.9158057044769418,337466900.0,0.12069860096917372,-0.6969292213569993,0.2986997688106483,0.17745677547058927,0.005445893217995347,0.8982660166143519
VICI,2020-09-23,16.881446991134464,17.113793566848628,16.561969757080078,16.561969757080078,5711800.0,-0.01953603820997553,0.03331873067408848,-0.01892475415301566,-0.0004298266576393923,17.462312507629395,17.119238662719727,17.09734188053531,-0.03255220145117809,0.5900880241394049,0.02266207793261787,0.6534239366982718,0.0221556340138586,0.14119501967321588,43.90630528276455,0.1795769200805779,-0.13008541363642007,-0.6970405578613281,1.0128175915836735,331755100.0,0.18672755750854458,-0.84267038350558,0.15259640780048817,0.14906178969897108,-0.0222591720696477,0.915935022531651
VICI,2020-09-24,16.56196710647123,16.946791926468983,16.449425030874476,16.72170639038086,4641700.0,0.009598570722973687,0.029743788342116582,0.009644946332927774,-1.6004188437308577e-07,17.41003475189209,17.128314685821532,17.061567071949174,-0.02373895522699937,0.5724442100524882,0.02272365307550972,0.6399395107396136,0.0224138727701891,0.13928873847256634,50.92435698536975,0.13010144424863412,-0.1436487115746911,-0.5227775573730469,0.7981079389533484,336396800.0,0.08114171437636707,-0.8916590446484403,0.2240241869409571,0.1373328316323429,0.002671025045707298,0.939940802334273
VICI,2020-09-25,16.649099033335695,17.113792146188644,16.63457702733536,17.106531143188477,3239600.0,0.022752669496872796,0.02801357650139946,0.027474886715304375,-0.004342102136593663,17.373730850219726,17.14356231689453,17.065849364448155,-0.0021600629450018935,0.5513876724243154,0.023029491183426086,0.6057098558582104,0.022484838967584377,0.1380181435411725,55.279482583785224,0.12055424039630935,-0.12255673234161271,-0.3630390167236328,0.5558024187253053,339636400.0,0.06211349361439212,-0.9867555898584629,0.3961022937805458,0.16923579002295003,0.011691379326480386,0.9579095812057237
VICI,2020-09-28,17.585746468111022,17.672877120239303,17.309835275345144,17.56396484375,3321200.0,0.026389022302120452,0.020669697766068158,-0.0012385953818064993,0.028013588547632636,17.328713798522948,17.187490272521973,17.113288933905473,0.021903987450099388,0.5569783973693845,0.02363082527361682,0.5912400882444516,0.022469543804568805,0.1369203876013581,56.82155360063581,0.14819083753234708,-0.07593610816446,-0.45017051696777344,0.5920749452929668,342957600.0,-0.10371464077687302,-1.1437714926431408,0.600648193239891,0.19835783801865933,0.017209493560524633,1.0488213582489312
VICI,2020-09-29,17.482990938829804,17.497713794486845,17.085482260382463,17.217985153198242,8353800.0,-0.01989486513743188,0.023941914831295475,-0.015157920435855336,-0.004610229275709908,17.20480728149414,17.237353897094728,17.123260002409545,-0.0011236494889015594,0.5693252372741711,0.023138891524352487,0.5927436918323082,0.0223147730529333,0.1259031700683729,49.57558910221576,0.14055513817858767,-0.06685744601457555,-1.239065170288086,1.4500582363162016,334603800.0,-0.08682351679473917,-1.0869075811531,0.3461675478528748,0.3093013706466656,-0.008751250975644822,1.0394589587803644
VICI,2020-09-30,17.33576957341523,17.622859715118278,17.078126554520274,17.20326805114746,5697500.0,-0.0008551172068143649,0.031664516240660995,-0.007643244316708257,0.006840778358733234,17.10266399383545,17.249088287353516,17.13087981657506,-0.0026563859748835903,0.5487745857238764,0.020827541043184298,0.5943117999907059,0.02128158651481577,0.12498432912582474,49.5736327499928,0.13179697084975572,-0.06049249067472601,-1.021432876586914,0.9681056139930555,328906300.0,-0.2518028950509955,-1.3443678932168737,0.33840159729963226,0.2939787924045915,0.006453851100754918,0.9612079365467767
VICI,2020-10-01,17.394655534772962,17.482991266321118,17.12228972025972,17.460906982421875,10574200.0,0.014865126618843077,0.020657663798594333,0.0038087243243461913,0.011125065485027747,17.07202777862549,17.265718078613283,17.16231097522714,0.011304997737126794,0.5394387626647976,0.020983863893553584,0.5990716992057197,0.020759978499422328,0.1251435902139869,49.91098132214883,0.14398559243623765,-0.038643095270595285,-0.3063621520996094,1.6880569911998882,339480500.0,-0.2766409593000112,-1.3796814352787587,0.4743530362421334,0.33999855073486385,0.00016173223935171704,1.0080790509200355
VICI,2020-10-02,17.100206653167838,17.784804058221596,17.019233747873088,17.711191177368164,5321400.0,0.014232214325523174,0.04322522989457504,0.03572965734230704,-0.02065759411107102,17.11434154510498,17.319185733795166,17.214585280192953,0.022634172853061584,0.5523506927490232,0.01996505893662259,0.6081155175948533,0.020883841604963645,0.12193542711595398,46.68670953938942,0.171859911595881,-0.008615020888761565,0.4231376647949219,0.8351342062270183,344801900.0,-0.47255769436144035,-1.0827251326207614,0.6064235128552795,0.35405214294513476,-0.00045172705862498737,0.9612934838920723
VICI,2020-10-05,17.909947081572366,17.976198539658558,17.505078307978092,17.851057052612305,2407300.0,0.007866015416852251,0.02639172740818296,-0.003288118535015279,0.011222051764546315,17.228728675842284,17.38109884262085,17.275201639470986,0.027038463692471003,0.5626334381103533,0.019953015603432846,0.5914594216466086,0.019732487123763038,0.11809502220149944,42.901736702387915,0.2028976398846396,0.017938165919997612,1.1438713073730469,0.38613426237817516,347209200.0,-0.5523100904674293,-1.0157521449512288,0.6802282243728109,0.37209411186306307,0.018053357465046736,0.8852904302280468
VICI,2020-10-06,17.93202879257583,17.983557385006407,17.41674006017238,17.556604385375977,6357000.0,-0.016632527729075787,0.03228513398104278,-0.02093596946237824,0.004535963317179443,17.295518493652345,17.413767528533935,17.302001900985747,0.008202524617834217,0.5457851982116679,0.02017116754259763,0.5793053374584807,0.019228206226042103,0.1152660463745328,42.28651636154795,0.20141362289675513,0.013163319145690494,0.6678981781005859,1.006701046845567,340852200.0,-0.33091098095140054,-1.2608056997874935,0.5248508378372392,0.32893702439532785,-0.012304500938265841,1.258057845684989
VICI,2020-10-07,17.667022753335026,17.74063562895035,17.431462674605037,17.460906982421875,3869600.0,-0.005465702013299708,0.017706580457507882,-0.011666695276896158,0.006289278127781001,17.385412216186523,17.423862361907958,17.31713571826538,0.0021260854651207746,0.5074058151245104,0.019725863595741116,0.5508225524824104,0.019037854829986555,0.114912787572513,46.1405345036052,0.1903216387202029,0.0016570679753105944,0.8989372253417969,0.6246126033057852,336982600.0,-0.18475227602290825,-1.2065610550125774,0.4743530362421334,0.3492734178632076,0.0176691371073773,1.0909861738895494
VICI,2020-10-08,17.58605026711939,17.79952748805998,17.490354501764312,17.681747436523438,3504700.0,0.012568393869225186,0.017485431652362566,0.005441652215845899,0.007167055229347381,17.481416320800783,17.445725536346437,17.351860643813765,0.013528924302131907,0.4866882705688482,0.019897837189712202,0.5278142961311717,0.018756281896468757,0.11506694762039346,55.304995679598406,0.19707933248490406,0.006731809392009375,0.9600410461425781,0.5667821082056212,340487300.0,-0.2805575174482285,-1.239459166208343,0.5908865793806288,0.3413355522397372,0.0127099950684598,1.2179508670601369
VICI,2020-10-09,17.851052930700956,17.946748679145955,17.343125670673142,17.402015686035156,6848800.0,-0.015946845696794866,0.03468695922146596,-0.025154664344394333,0.009575156233020297,17.510964775085448,17.44234781265259,17.356637314501516,-0.0023123106505292617,0.44980974197387624,0.02005782760728203,0.5138806750503756,0.019176548448486132,0.11510262334936153,60.18973572045141,0.17781312006804484,-0.010027522419879892,0.2954845428466797,1.0723711148115702,333638500.0,-0.08216482216319396,-1.3523707407660386,0.44327715634556575,0.2794228331210497,0.0024125559776445728,1.2040011775821984
VICI,2020-10-12,17.5418757847954,17.600765786009738,17.365205781152387,17.571321487426758,2414800.0,0.009682068550957735,0.013405935633578128,0.0016785948659423845,0.008037005671272926,17.511700439453126,17.42020711898804,17.37708342620868,0.008674659687255068,0.39150815963745345,0.018839863426477303,0.48351095939076344,0.018662217936298926,0.11132839388240545,60.04659949975718,0.17419802475196278,-0.010914094188769596,0.0073566436767578125,0.3818741055261681,336053300.0,-0.16613666768628596,-1.3394733075341774,0.5326167883904817,0.14714242697907326,0.010019025304363039,1.127650551312536
VICI,2020-10-13,17.438823165606173,17.549241771072104,17.30632027742756,17.45354461669922,4681800.0,-0.006725354169893664,0.01391817530360693,0.0008441768663656053,-0.0075406008543747955,17.535256385803223,17.37003183364868,17.38436544435064,0.004807865860600138,0.31173883438110295,0.01787099249477011,0.4630236308358097,0.018166698675886994,0.09658055533280421,63.982040943299154,0.15998521651463804,-0.020101521940875472,0.23555946350097656,0.762240614246954,331371500.0,-0.07702363478416807,-1.2251566967188658,0.5362110664625291,0.1920844485662852,-0.008246487461697996,1.0911156418840355
VICI,2020-10-14,17.490355176967462,17.630219520084836,17.321046521853756,17.43146514892578,2229300.0,-0.0012658428861018532,0.01773648947978037,-0.0033670001235441703,0.0021090592814610115,17.558076095581054,17.330370044708253,17.388851130500655,0.0058334071319150384,0.25308977127075494,0.017717901354594924,0.449581209595565,0.017527140861470548,0.08511661676679626,61.63299170693156,0.14526530703036755,-0.02785714514011678,0.2281970977783203,0.3977458747670538,329142200.0,-0.1752100954895919,-1.1320628007913958,0.674504657763823,0.1601276270820123,-0.003978041045348815,1.1129518777190646
VICI,2020-10-15,17.18854542557592,17.66334711665368,17.18854542557592,17.622859954833984,5262800.0,0.010920005292824976,0.026942374409978723,0.02526767207490517,-0.013935703125037115,17.574271392822265,17.323149585723876,17.411137685199066,0.017301147671039116,0.21811677932739215,0.017075087621463432,0.44926596475445607,0.017101647789838907,0.08338092620217658,59.035577555332296,0.14734513104499314,-0.020621856900392976,0.16195297241210938,0.9393940205289402,334405000.0,-0.37975290514302334,-0.8567022637496241,0.8229777713278277,0.053371820029937816,0.0028776436987552273,1.0772203877099802
VICI,2020-10-16,17.55660663402048,17.68542813159634,17.42410371991444,17.43146514892578,1776200.0,-0.01092000529282494,0.014991534529614785,-0.007127885684480953,-0.003759510146667868,17.546298789978028,17.330320167541505,17.41307363412542,0.005836301949788222,0.20630008697509794,0.0161012785704525,0.4274787100852469,0.016452701043757352,0.0835056004284762,47.443235770849626,0.13202751427693826,-0.02875157893475827,-0.2797260284423828,0.3534810781551002,332628800.0,-0.36972175910824684,-0.6086336619765438,0.674504657763823,-0.19550741069719624,-0.001244980739411694,1.0194310868566492
VICI,2020-10-19,17.65229954734327,17.65229954734327,16.997147915861554,17.04131507873535,1813000.0,-0.0226362206256752,0.03844489867447098,-0.034612174293171476,0.012668722710959061,17.46532459259033,17.34702663421631,17.377668057421605,-0.017623282763511418,0.2144361495971694,0.015007846481350194,0.4400979278076882,0.01657925549274639,0.07804646585544407,46.64804671441558,0.08739886289900056,-0.05870418425015678,-0.8097419738769531,0.38996417620874374,330815800.0,-0.10130217753553307,-1.1900910210636186,0.37184860916566526,-0.04838372165196481,-0.014327481905473718,0.9527946515834358
VICI,2020-10-20,17.181178704577686,17.335764470410354,17.078121527355908,17.129650115966797,1563900.0,0.005170192501200087,0.015040759228017918,-0.002999130007137408,0.008207325854614375,17.422629165649415,17.359073829650878,17.354047301092574,-0.01321635681347266,0.21977664947509723,0.014866345211681018,0.4222205157417595,0.015860425803562356,0.0749647850483583,48.641208109168055,0.058484066494308706,-0.07009518452387892,-0.4269542694091797,0.34912222738150517,332379700.0,-0.055892489491875946,-1.120699749377548,0.4403738648658402,-0.02291503168783284,0.004586573495183399,0.9446923069973014
VICI,2020-10-21,17.078122174101637,17.298959391953872,16.9014507149613,17.2474308013916,2767600.0,0.006852306428506494,0.02304741393486267,0.009913773046237799,-0.0030081140896818575,17.401281547546386,17.393346881866456,17.343893348740103,-0.008389189353026742,0.2470204353332548,0.014133022702578317,0.4248495965225576,0.015553977565373744,0.061630291811556256,45.84529560642136,0.044559148872163945,-0.06721608171681895,-0.21347618103027344,0.6388277847153135,335147300.0,-0.20086896208571228,-0.853845373285434,0.4655103361048888,0.02410327824584866,-0.007512632901724314,0.8988155236155935
VICI,2020-10-22,17.247429919895776,17.674382882224815,17.20326275939242,17.593408584594727,1978100.0,0.019861126322862167,0.02677821756751114,0.020059722886587694,-5.110881938400419e-08,17.392447662353515,17.436931991577147,17.367656704535783,0.008973860372522244,0.27767326354980426,0.014608566499304339,0.4038174402714067,0.01546246416523284,0.05035433537855864,47.79001570380083,0.060740883881020835,-0.04082747736636966,-0.08833885192871094,0.47107377004284223,337125400.0,-0.20052092429246235,-1.0029035421695953,0.6818141048041175,0.004441922377282426,0.008081023070899291,0.9353407126936277
VICI,2020-10-23,17.696470593371288,17.792166360345373,17.55660625328702,17.74799919128418,1559900.0,0.008748468292126147,0.013272488043273929,0.0029118008385351918,0.005857989842105138,17.427046012878417,17.469005393981934,17.40387979851182,0.015970788892100213,0.2890756225585953,0.01389345074383307,0.38699171708411306,0.015091213025228858,0.04934835190594953,48.07692581472259,0.08505869179901637,-0.013207735558699307,0.34598350524902344,0.37906319218399354,338685300.0,-0.24149172347623474,-0.8526139225360738,0.8727275189132523,-0.11795764748042352,0.0029125707636254144,0.8752741226097869
VICI,2020-10-26,17.608132403817063,17.608132403817063,16.98610649481942,17.217985153198242,2987300.0,-0.030318301998440725,0.03612652139394492,-0.022157219270695916,-0.007880707338312464,17.391712379455566,17.451706409454346,17.386175546577192,-0.013392458638284596,0.2603989601135268,0.01433261424665765,0.40092567220059394,0.015598134412332681,0.0507231010034252,44.19191853100366,0.06086145346239391,-0.029923979116257424,-0.3533363342285156,0.7288853103002354,335698000.0,-0.49449200482927874,-0.8710768248298772,0.21818070197745493,-0.0330430105683534,-0.022108329970561457,0.8921053578165211
VICI,2020-10-27,17.217981217568802,17.365206932389253,16.658525466918945,16.658525466918945,2916300.0,-0.033032360517764106,0.04242160969610779,-0.032492528803493056,-2.2857665430095683e-07,17.312210464477538,17.42373342514038,17.316875538990693,-0.04391756574497005,0.2360131263732903,0.015457400246507083,0.4293191372809506,0.016253602439408533,0.06427518767663037,38.126347389557104,-0.0034193373417110706,-0.07536381593628992,-0.7950191497802734,0.7621175594363105,332781700.0,-0.6504002536478027,-0.6109983101090202,0.0,0.21219502535133872,-0.01275472362579687,0.9656279539934991
VICI,2020-10-28,16.349356525053444,16.894090958601886,16.290466505757507,16.5922794342041,3365800.0,-0.0039846325863374405,0.03637983890266693,0.014858255049879584,-0.01855920216224772,17.22829189300537,17.393183994293214,17.247866386153873,-0.046047035456641676,0.20732622146606516,0.015465921101538965,0.44824799065282733,0.016440000578605892,0.07670021653442659,33.1050283685384,-0.05902739727839901,-0.10477750069838229,-0.8391857147216797,0.9072261650300945,329415900.0,-0.6159161546802947,-0.6489570595784697,0.0,0.20758748378287642,-0.03276453289358081,0.6929660571225988
VICI,2020-10-29,16.64381272648461,17.29896455170006,16.467142618697835,17.114933013916016,3162000.0,0.0310138652453351,0.04860211444157431,0.02830603150693529,0.0031058597153491114,17.177499198913573,17.37588529586792,17.23520606498836,-0.01501807116636301,0.18332471847534393,0.016788021421820686,0.46454791383349964,0.017499439725835716,0.07798143372401806,45.8599728241436,-0.06022912565886074,-0.08478338326307522,-0.5079269409179688,0.9468823554072912,332577900.0,-0.2510201451438664,-0.38269295293156097,0.41520723590618597,0.12172028479534759,0.013240666639463093,0.7839151942865226
VICI,2020-10-30,17.15173166824971,17.188538803017664,16.629082990982447,16.894088745117188,3270600.0,-0.012987575746002133,0.03311547728177492,-0.015021394230965946,0.002150090468000857,17.123761558532713,17.335030174255373,17.202718701191106,-0.025436438512408052,0.14018367767334183,0.016593748313659364,0.48768332863191866,0.017060547069582706,0.0796974512898332,40.37665647050023,-0.0781014855687161,-0.08212459453834448,-0.5373764038085938,1.0104299254828784,329307300.0,-0.052992145518997114,-0.34013105304751,0.23976380267795291,0.008162866789524043,-0.004058874699621941,0.7879309878666562
VICI,2020-11-02,17.004508433353745,17.438822823166863,16.94561841799173,17.402015686035156,2738500.0,0.029622261189227596,0.028341797529289666,0.023376580054599784,0.0065359955131330675,17.159831619262697,17.312578105926512,17.22169936641435,0.005166046302371763,0.09671941757202163,0.01798750445578821,0.5076642477783813,0.017122688612195243,0.07486188424123769,49.3408680360034,-0.05069561288276603,-0.043774977481915514,0.3607006072998047,0.8417348005163828,332045800.0,0.08067902554944138,-0.5348985605548602,0.7006337305079159,-0.02633959557842131,0.018577822836143565,0.914049595843017
VICI,2020-11-03,17.60077379438137,17.714873837920965,17.44618799737517,17.608135223388672,2654000.0,0.011774980314911422,0.015259187707106202,0.0004182446234068563,0.011421556670915748,17.20768013000488,17.31515464782715,17.258502781364285,0.016920471201121362,0.08098667144775362,0.0178280498974744,0.5079274730394333,0.016700367390985838,0.07536815610251435,52.15825695341523,-0.012203463349813148,-0.004226262359170108,0.478485107421875,0.8649881854477308,334699800.0,-0.12265867256626954,-0.44964443252894354,0.8789810628151895,0.02372535166205414,0.017577881575128202,0.8747947523111781
VICI,2020-11-04,17.644940319984908,18.182313385500716,17.54188312574441,18.02036476135254,6800200.0,0.023141470152764746,0.03553925063325073,0.02127660590285024,0.002090232504992825,17.284973526000975,17.343127536773682,17.33106106517269,0.03904931351873355,0.08109861373901595,0.018493938522036887,0.5197580850879012,0.017219634681874683,0.08337331763084564,54.60744515135745,0.050977682057450124,0.04716390643847453,0.7729339599609375,2.115292492798885,341500000.0,-0.2546233453948681,-0.6476021512133204,0.9999999929976174,0.07607337563295222,0.009989848825476575,1.0295116395910078
VICI,2020-11-05,18.241205099314527,18.319233723874458,17.722236259646422,17.76272201538086,3652000.0,-0.014400501552068663,0.033609570859189905,-0.026230892165762028,0.01225504260799506,17.30190486907959,17.347176265716552,17.37217163185918,0.023954662320781035,0.06069662094116168,0.018638457064953987,0.5437347316983396,0.017628790921661374,0.08437273708564465,53.78149650360614,0.0793449395262833,0.06042493112584617,0.1693134307861328,1.1334064730171982,337848000.0,-0.0563378975916778,-0.768304117569702,0.8195886833442785,0.05066182762945266,0.016195011558911197,0.8851963928918813
VICI,2020-11-06,17.784798932824604,17.895217520258786,17.541877478849997,17.65229606628418,1775300.0,-0.006236128791886353,0.02001666185985101,-0.007450343804329966,0.0012428791839802335,17.29233455657959,17.359690284729005,17.398850149423467,0.016855472462695614,0.05619628906250185,0.018319736486497436,0.5221767609788449,0.017228977158038568,0.08574084860452555,57.45053984025753,0.09185687534143128,0.05834949355279531,-0.095703125,0.5980521952386246,336072700.0,-0.10892617010465419,-0.6050356337041481,0.7422642082417084,0.09231549003448918,-0.0032522050773185034,0.9026803937507504
VICI,2020-11-09,18.76385157959677,19.095108841359032,17.50507679299803,17.534521102905273,9458700.0,-0.006694291367038536,0.09068009551156504,-0.06551589216513701,0.0629694578619525,17.323988151550292,17.35785026550293,17.41177119261221,0.010178151942781814,0.037373962402341476,0.01826949285564067,0.6147183793135592,0.02073346357469764,0.08551674018732745,54.901958067473544,0.09121771828499092,0.046168269197083965,0.31653594970703125,2.848435479038084,326614000.0,0.029119996800202844,-0.5846495205312096,0.659793672122294,0.11051792284559218,0.039938775749533924,0.5607645692020722
VICI,2020-11-10,17.505077251717115,18.60926628112793,17.482992965671272,18.60926628112793,6510500.0,0.059488071529774984,0.06052217741646463,0.06307821516768813,-0.0016791933475320416,17.51906223297119,17.415636348724366,17.525818343899424,0.06853783051636772,0.04738897323608526,0.02272855168551294,0.6667729963467082,0.022285902335654275,0.1067793528476344,63.386366789532296,0.1754120941441748,0.10429011604501427,1.9507408142089844,1.9080624835145512,333124500.0,0.6580189687317534,0.8295510373699544,0.9999999950421096,0.032170511740051366,0.007962331141110906,0.627563447492192
VICI,2020-11-11,18.84482324468689,18.85954609959911,18.417870280573496,18.69759750366211,3887400.0,0.00473539604428313,0.023622062617355454,-0.007812529685906646,0.012658046803158659,17.729594039916993,17.478942966461183,17.637416359114916,0.06972129490549263,0.07611524581909279,0.02270260208378268,0.664669831789081,0.022386249408505192,0.12501053012135496,61.43288401995584,0.24642371584120326,0.14024139019363419,2.105318069458008,1.112273086876843,337011900.0,0.6166776130603592,0.807638092420019,0.999999995250124,0.03572702610596577,0.002595753075375011,0.626359533012052
VICI,2020-11-12,18.638705523618516,18.638705523618516,18.10869543907791,18.329532623291016,2628300.0,-0.019881476251314926,0.028915635517467144,-0.016587680938234872,-0.0031497084067650554,17.851054000854493,17.514276599884035,17.703332193798353,0.04654808428755653,0.08742444992065401,0.02321855356828592,0.6899085430409271,0.022422363431595344,0.13200541905695232,55.76634511109573,0.26989005331392946,0.1309661821330883,1.214599609375,0.7814692799885826,334383600.0,0.7350036563353858,0.7121875636535991,0.8251737378962479,0.04298185494243505,-0.01300121334134948,0.664059606125668
VICI,2020-11-13,18.52829046429688,19.036217769691707,18.498844751961485,18.99941062927246,7128100.0,0.03589439555783265,0.028283667752424323,0.02542707142266614,0.010843584781496636,18.06158618927002,17.59267387390137,17.826768235272077,0.07996150928813489,0.11867027282714915,0.024211427498161787,0.6859651466077794,0.022661708016672152,0.15138858711268047,67.18745399405236,0.33863725205815953,0.1597707047018547,2.1053218841552734,1.9631906909491514,341511700.0,0.4966690155478415,0.022914506705492062,0.9999999958456772,-0.06683489013514957,0.019542329191099567,0.7265915787282516
VICI,2020-11-16,19.65456197118212,19.735534864932806,19.021493251765786,19.2864990234375,3002200.0,0.014997359486113205,0.03702287347741525,-0.01872659122519645,0.03448271921131406,18.250034523010253,17.704933071136473,17.965790215097357,0.08932911217153258,0.17745538711547582,0.023452630246553086,0.6880682016213535,0.02263289215533174,0.16983094764142903,76.76159828205539,0.41154154175346136,0.1861399955177252,1.8844833374023438,0.8135304789402588,344513900.0,0.3736592507678666,0.18305010463711427,0.9999999962883501,-0.04115399107178858,0.02063533851710235,0.6675798163089147
VICI,2020-11-17,19.31594621271886,19.610396334061583,18.87279888540173,19.455810546875,5599200.0,0.008740449560179154,0.037911422239785754,0.007240874074501442,0.0015268291692325622,18.434802055358887,17.821241092681884,18.107696913361895,0.09172029297467592,0.2427118110656714,0.02345606292397382,0.697637701322459,0.023123813814180917,0.18708492798837095,78.56084313856046,0.47747668749547145,0.20166011300778824,1.8476753234863281,1.4386064078518024,350113100.0,0.34801484663374727,0.16721573090142408,0.9999999965078082,-0.039105854692099484,-0.00043824261835552914,0.663127522733186
VICI,2020-11-18,19.323306444717595,19.536783647002682,18.981007761087263,18.99941062927246,7794600.0,-0.023737809046292548,0.02925226980773466,-0.0167619251069569,-0.006810515647146247,18.532706642150877,17.908840084075926,18.1926220291629,0.06089565488756815,0.2955027961730927,0.024402039642534984,0.6779201265305443,0.023237586731617264,0.19244821512125038,69.04750612965526,0.4872859770572937,0.16917552205568837,0.9790458679199219,1.8811859682148935,342318500.0,0.4067563871530119,-0.11454776337976195,0.8406163900265762,-0.04427827182043845,-0.010708124732343696,0.7339142316948183
VICI,2020-11-19,18.911074310742812,19.264414397299827,18.59453995668389,19.043577194213867,6240200.0,0.002321930390403963,0.035175872357608884,0.007006629094349452,-0.004649424145481059,18.66079216003418,17.981348514556885,18.273665378215377,0.0590739164416423,0.3320293617248531,0.02415186492940757,0.6858071714291673,0.023439506256274743,0.19889403055539892,72.53082779101518,0.4929414600761852,0.1398648040596639,1.2808551788330078,1.4323703017636642,348558700.0,0.5280631114775018,0.10372675723671103,0.8560402017643759,-0.044284872511488285,0.006388519413151705,0.7224820012250318
VICI,2020-11-20,19.043577194213867,19.220247237492377,18.914754322373142,19.043577194213867,4072200.0,0.0,0.016041782066662066,0.0,0.0,18.799920272827148,18.04612741470337,18.346990313072375,0.055272234124746814,0.36532812118530344,0.024144759999022117,0.6687185169341358,0.023469903558026476,0.20453649888186798,69.25730631175297,0.49175482756875155,0.11094253724178416,1.3912811279296875,0.90853314354431,348558700.0,0.5884832385720996,0.15817871952577783,0.8560402017643759,-0.03074944566866352,-0.006842980644931534,0.7165420123132802
VICI,2020-11-23,19.15399585729771,19.540461665964184,19.087744415349317,19.205524444580078,7212600.0,0.008468079571761888,0.023572240993534912,0.002690226502410835,0.005798210176467818,18.96702060699463,18.14550437927246,18.42875546845406,0.05841777903503611,0.44087730407714787,0.02281679240131862,0.6818632540673149,0.02318229864506916,0.20629323516233528,68.93535915349658,0.4981399550913572,0.09386213181151182,1.6710033416748047,1.5367422793753402,355771300.0,0.6047435023805675,0.44527257620454913,0.9125952882741946,-0.1856404161229711,0.017477465598352563,0.6194517787598462
VICI,2020-11-24,19.53677968448888,19.77970114579039,19.165035363921554,19.220245361328125,5144200.0,0.0007662002631347155,0.031980121497593786,-0.016201970246512352,0.017247914310524595,19.028118515014647,18.27359037399292,18.50413545825159,0.05180454240029859,0.5536993980407736,0.021026866893247207,0.6800229342182098,0.022896787510054938,0.19614219900512755,65.70319828700461,0.4986400574198342,0.07548978731199096,0.6109790802001953,1.0706310108786368,360915500.0,0.858761399739621,0.8102827453006133,0.9177361147983066,-0.2603384208476119,0.019950311606891893,0.47281822046859123
VICI,2020-11-25,19.176078384363223,19.31594269303377,18.67551397131619,18.771209716796875,3098100.0,-0.023639871393960097,0.03411760517195175,-0.021113215092846627,-0.0022979403298236827,19.035479736328124,18.38253688812256,18.52957110192257,0.021143590302024534,0.6517157363891606,0.022002340025733903,0.6831251668960344,0.022823062255395998,0.17606274158401689,62.568734412038495,0.4575288604505374,0.027502872274155377,0.07361221313476562,0.6465899118115725,357817400.0,0.7449433296133928,0.505258439242167,0.7327575395048993,-0.19714657130508303,-0.005086054844502565,0.6611852244710906
VICI,2020-11-27,18.85218844256589,19.13191572159974,18.73808840024933,18.903717041015625,1715600.0,0.007034273560931686,0.020833327143858302,0.002733295320419681,0.004313985459155207,19.092898178100587,18.47197608947754,18.56520404850286,0.023372753919058183,0.7184259796142598,0.021199858547636088,0.6860171154632929,0.022020435063673783,0.16434288544926862,65.51102785249671,0.43067561392565423,0.000519700599417694,0.5741844177246094,0.36354197017455564,359533000.0,0.9282692640923147,1.248704107461094,0.7844834230924796,-0.147847131739988,0.0003791733999618779,0.6133224459805358
VICI,2020-11-30,18.844823469824146,19.139273551342747,18.52460909392571,18.61662483215332,11679700.0,-0.01530358187485215,0.033016965371479697,-0.012109353957930965,-0.0031154492560218298,19.054619598388673,18.558102893829346,18.57010126599338,0.0031534440054986823,0.7779813575744647,0.02130831908865052,0.616348001824438,0.022008392329696074,0.14268572281234998,62.87210706918348,0.38182681877411895,-0.038663275641694084,-0.3827857971191406,2.2725008658295036,347853300.0,0.9166843345629624,1.1988651788181983,0.5913974970740299,-0.09903561576876295,-0.010520168401994063,0.6244429214332428
VICI,2020-12-01,18.74176778350327,19.05462218423645,18.657113459742234,18.78593635559082,4767600.0,0.009053534012024007,0.021159910103491577,0.002356691887220344,0.00672210738940241,19.004563331604004,18.62729892730713,18.59065698881218,0.008516394615385255,0.8056023788452151,0.020515264660018195,0.5671854330120433,0.02185271512753744,0.12983855975858152,52.678560067922625,0.3527100002968595,-0.05422407529516282,-0.5005626678466797,0.9096676515230293,352620900.0,1.0924584608547672,2.0705989343723408,0.6513413427112192,-0.1400975707537667,0.008179371219856048,0.565420495278078
VICI,2020-12-02,18.7638505537105,18.8742691669113,18.40314900176183,18.63134765625,3870700.0,-0.008263003742597964,0.025286424462775334,-0.0070616048172638555,-0.0011756561643916294,18.922117042541505,18.678459548950194,18.594532290472927,-0.0025222579290721955,0.8219101715087866,0.02060367173680756,0.5692886005923187,0.022019348372282244,0.11887982425807378,49.01534445651459,0.3135463288895153,-0.07471019736200568,-0.824462890625,0.7300631663922352,348750200.0,1.2254610192489808,2.2579125565359206,0.5708804319299663,-0.17246778659840742,0.004195927513307245,0.5658394018481243
VICI,2020-12-03,18.594540985271692,19.356431203326782,18.550373823021058,19.183441162109375,3253500.0,0.02920194748518084,0.04201839354546186,0.03167059500442292,-0.001975523813810693,18.940520095825196,18.73661336898804,18.6506188496764,0.02384784188699249,0.8276345634460469,0.020971308652673302,0.5847996945724275,0.022232650873498593,0.11599742573915289,62.03318052216694,0.3233310104037166,-0.05194041267824351,0.18403053283691406,0.6348868726625928,352003700.0,1.178398322666957,1.896456005444346,0.8582361474983058,-0.1628850096360574,0.002558966635780987,0.515657592819582
VICI,2020-12-04,19.38956109676023,19.39692252606025,19.043582343953464,19.073026657104492,2316800.0,-0.00577234741642749,0.018525648207762153,-0.01632499250891377,0.010744679899140118,18.94346504211426,18.80212860107422,18.69084816466955,0.014407839759951198,0.8461233901977536,0.02067820280038132,0.5595607685514344,0.02192237267450727,0.1056768593515349,51.231581795717474,0.31850439283862997,-0.045413624194664104,0.029449462890625,0.458067035405885,349686900.0,1.191665580466001,2.050628467717403,0.800767188421501,-0.21479523682052518,0.017325047383647745,0.5348509184083948
VICI,2020-12-07,18.984687493244447,19.183440417683947,18.77489032158551,18.91843605041504,2902000.0,-0.008138221004978392,0.0215953419727565,-0.0034897304921654966,-0.004631627976419761,18.930950927734376,18.86543560028076,18.712523201407215,0.00280939445328729,0.873192291259766,0.020730424990996667,0.536162615725584,0.021949384065329716,0.08835650548156228,43.55672701993575,0.2987611609609715,-0.05212548485785806,-0.12514114379882812,0.5674496637733643,346784900.0,1.1934152068055162,2.0250857259694532,0.7203052848962194,-0.21331335390689962,-0.006392453891318166,0.5402065094648154
VICI,2020-12-08,18.88899677067469,18.98101253881089,18.727049524212696,18.830106735229492,3808700.0,-0.004679888010407064,0.013487072493490041,-0.003117689952524418,-0.0015561159316709143,18.893409156799315,18.930214881896973,18.723721633199812,-0.005288273128014739,0.9126487350463854,0.0206826160227455,0.501617299006894,0.01867444239513695,0.05828147368289066,38.72686173155657,0.27284191812508496,-0.06243578215499568,-0.37541770935058594,0.7882879619836866,342976200.0,1.1890480165360766,2.045463599038528,0.4444498973229237,-0.1607937551059749,0.004022840124728981,1.0052500802210174
VICI,2020-12-09,18.925798003913094,19.021495166225627,18.61662644457714,18.7270450592041,4835900.0,-0.005488272129041309,0.02161946641173373,-0.010501694283532906,0.005081822956668215,18.844089126586915,18.93610382080078,18.724038149962126,-0.011040220500218977,0.8883564758300793,0.015696656773295646,0.49083821584497017,0.016934975626475036,0.056991383288351634,44.376933448421426,0.24120406518753867,-0.07525890807403357,-0.49320030212402344,1.0185388004751594,338140300.0,0.550303486914709,0.47758134707648614,0.35294346453911435,-0.2562051599437748,-0.0015269863662784736,0.9056616636239867
VICI,2020-12-10,18.67551172495558,18.962600330914217,18.565091734311334,18.71967887878418,4929100.0,-0.0003934218933080944,0.021234797839048216,0.002364976900182077,-0.0027518134380305442,18.838936042785644,18.937207889556884,18.723622981278513,-0.011486857621321407,0.8591323280334464,0.015664339334975495,0.4713835127011805,0.01687483308705042,0.0567802164014413,43.20984791172515,0.2130801937620852,-0.08270622359958962,-0.05153083801269531,1.0269033211700502,333211200.0,0.6071796762560215,0.5574232735202492,0.34640317798969966,-0.24686779309437734,1.8482364460649806e-06,0.9039101114016457
VICI,2020-12-11,18.601900827357337,19.073020928669084,18.59453940026826,18.881628036499023,2828100.0,0.00861407075525326,0.025341116109050446,0.01503756050189768,-0.006291670502976719,18.836727142333984,18.964812660217284,18.738671081775706,-0.004386261293936095,0.8583226776123034,0.015042637800931085,0.483739842221294,0.016774772682148005,0.048182664609986436,46.82079669543781,0.20153657837452954,-0.07539987118971625,-0.022089004516601562,0.587968078703439,336039300.0,0.5157238326815532,0.7524364129612904,0.31578612044859655,-0.10396665738746315,-0.003340255227200283,0.8104617340607736
VICI,2020-12-14,18.962601371257815,19.212884263431953,18.623982762531625,18.682872772216797,4359200.0,-0.01058217810746592,0.03152092871799029,-0.01475159412806152,0.004288472085260153,18.843351936340333,18.9489857673645,18.733356957055808,-0.014043653756182878,0.8230621528625477,0.012801249872002735,0.4903124871605805,0.016854763965252276,0.0499731787588436,39.88605292530103,0.17434060132330487,-0.08207667859275275,0.06624794006347656,0.9331458136662449,331680100.0,0.21676078964201642,0.6027378465335881,0.07894312082757131,-0.35106307021635974,-0.008676476922224492,0.6210039945390325
VICI,2020-12-15,18.697595305771205,19.279135370005807,18.590856726277732,19.220245361328125,4544200.0,0.028356959759648498,0.035810086228811565,0.027952795373402815,0.0007880230055573873,18.886782836914062,18.945673084259035,18.779727281272216,0.014492611365558612,0.7923657035827638,0.014000055805325222,0.4955705487219547,0.01683526180024024,0.04902092269679183,50.0,0.19391375346215867,-0.05000282116311916,0.4343090057373047,0.9569537190883227,336224300.0,0.4663229210041844,0.5337087799243307,0.7192931330844534,-0.45734939872596064,0.01333911641030632,0.7240864738444721
VICI,2020-12-16,19.396921263563705,19.396921263563705,19.05094112922684,19.176082611083984,3057500.0,-0.002300364230165359,0.01804227387594199,-0.011385242507250705,0.009192177254462041,18.94125633239746,18.931686687469483,18.817475407920956,0.012909358138504488,0.745989742279054,0.013849476460509547,0.4745385067661894,0.01620991547001431,0.04371148304451425,57.49321879055135,0.20351604638951315,-0.03232042258861176,0.5447349548339844,0.6615781587246634,333166800.0,0.5995288501810415,0.8069988681946733,0.9268368828129763,-0.390348177943288,0.0005264728357178691,0.7410318248226097
VICI,2020-12-17,19.323305430113923,19.67664553529287,19.124551094432473,19.580949783325195,4638300.0,0.02089333858811715,0.02819548831745392,0.013333347865513384,0.007677418898103927,18.981007194519044,18.96076364517212,18.89018725319755,0.03270892194845705,0.7326658439636233,0.013566466215080765,0.485843301016903,0.01619713685229555,0.05330941409991643,61.3860617787609,0.2410170355411303,0.004144453250404301,0.3975086212158203,1.039113204038793,337805100.0,0.6044529993818939,0.36533340046446894,0.9999999896300517,-0.4034335167115591,0.0037920179587943715,0.6346743360421964
VICI,2020-12-18,19.6324839024949,19.6324839024949,18.793300565333208,18.98469352722168,6027100.0,-0.030924093093749043,0.04420315429155643,-0.032995843953851384,0.002631849820359122,18.97217388153076,18.95781946182251,18.89918785072366,0.0014175715436730077,0.7036627388000483,0.015337696090965405,0.501880363855807,0.016558204128882384,0.05317558471145334,55.605472607912624,0.2200869178876559,-0.0134285315224561,-0.0883331298828125,1.3534753107697974,331778000.0,0.2424633930441372,0.2613048664249196,0.3816853341855549,-0.493800515951716,-0.005261182841190397,0.768873584035557
VICI,2020-12-21,18.71968172192682,19.036216081212046,18.587178836268002,18.91843605041504,4013500.0,-0.003496151638882256,0.023735431604780734,0.010617398919524094,-0.01395923536584183,18.97217388153076,18.95156240463257,18.901021012599028,-0.0017479484546050834,0.6670772743225086,0.015357019061747983,0.5026689276315867,0.016727852352140134,0.053047786397873775,52.08328585052212,0.19589506781118615,-0.0300963052791407,0.0,0.9018857918438155,327764500.0,0.27876664121582423,0.25698471679766577,0.3129766732315517,-0.4166153920733988,-0.0054040194925607625,0.7986659246541276
VICI,2020-12-22,18.98554863810352,19.343486234142684,18.940806971965596,19.336029052734375,3319000.0,0.02183324689647804,0.020825333944155602,0.01846037853904573,0.0035474701772194583,19.02276611328125,18.958087635040282,18.942450349754775,0.01993562984673319,0.6383083534240725,0.01604687353820881,0.4993782146728848,0.016670122736186545,0.054821087434736224,60.23333111746328,0.2080211789868791,-0.014376155282758207,0.5059223175048828,0.7799428496230707,331083500.0,0.25068330488349416,-0.15931572569390298,0.7460184580380604,-0.41485598347257285,-0.004856649748697113,0.7132128302557709
VICI,2020-12-23,19.47771731085576,19.556015600891666,19.291291998020398,19.32111930847168,3384500.0,-0.0007713835931556884,0.013701256052758546,-0.008039853946170615,0.007327681280109964,19.082173538208007,18.96313133239746,18.97851406010877,0.018878104559800078,0.6060005569457978,0.016049014254288948,0.46071151628470935,0.01622562106667656,0.05612706011819064,52.3689532339889,0.21396170040571505,-0.006748507091137834,0.5940742492675781,0.8121263456953944,327699000.0,0.2665238352456895,-0.15499667278153006,0.7305571303082704,-0.4237405549824586,0.0046175388023796315,0.9623712007785812
VICI,2020-12-24,19.321113837549504,19.515741570090817,19.12350351703883,19.298742294311523,709900.0,-0.001158834637704292,0.020324539654980642,-0.0011578806183783605,-2.8315762085963955e-07,19.14007987976074,18.989507961273194,19.009011987175697,0.016284483709055306,0.5950316429138205,0.015057223386109167,0.46348993563793783,0.015817795732686633,0.057323845773766716,54.00510639219583,0.21439258414381612,-0.005054098682429425,0.5790634155273438,0.17536860385692352,326989100.0,0.30580912572377295,0.22558175865702149,0.707352282294212,-0.42011006367467646,0.0015180379787006334,0.8452598617724681
VICI,2020-12-28,19.36585915784768,19.36585915784768,19.13469218999331,19.23163414001465,2167400.0,-0.0034833930194751775,0.012020141719178668,-0.006931012806557533,0.0034777843298078575,19.175080490112304,19.005903816223146,19.030214096969882,0.011876852896562729,0.5792520141601578,0.015036574656161032,0.45081971219193306,0.01565252120238649,0.058200807201822274,55.73546033595576,0.2069335937480581,-0.010010471262549975,0.350006103515625,0.5324476402330349,324821700.0,0.41882941406981783,0.30820798555006346,0.6377614731801108,-0.4086284741312301,0.0031399698558367494,0.8312646283551174
VICI,2020-12-29,19.30620160375464,19.42551366955342,18.799124612953808,18.836410522460938,1951200.0,-0.02076480795946699,0.03325416250897133,-0.024333687741162867,0.0038773337303064687,19.19043426513672,19.016893100738525,19.011756613683318,-0.009490644834648522,0.5621423912048336,0.015383678793748566,0.4774215723348915,0.01565759561393056,0.05560418501107805,50.10377424251083,0.16720362786393395,-0.039792349717339304,0.15353775024414062,0.5443877451377012,322870500.0,0.3569069312744183,0.18947081635012927,0.21594608752939165,-0.344339706950218,-0.003545461836583543,0.8390102705086738
VICI,2020-12-30,18.82149724288499,19.171976278569527,18.82149724288499,19.142148971557617,1566400.0,0.016100929477546044,0.018309283675792924,0.01703646232468783,-0.0007917261921088116,19.18262462615967,19.034703731536865,19.02417493348087,0.005644702514740785,0.5379363441467291,0.01566879437787248,0.4735365947660379,0.015597555437650644,0.05462403883931261,56.40604947429149,0.15856009921753866,-0.03874870269098768,-0.07809638977050781,0.457456595067389,324436900.0,0.3098189287558681,-0.04994059749365286,0.5379108737906818,-0.38009211014253946,0.004700279563497281,0.874415976213607
