ticker,date,open,high,low,close,volume,log_return,high_low_pct,open_close_pct,gap_pct,sma_10,sma_20,ema_20,dist_sma_20,sma_20_50_cross,rolling_std_20,atr_14,parkinson_vol_20,bb_width_20,rsi_14,macd,macd_hist,momentum_10,vol_ma_ratio_20,obv,skewness_20,kurtosis_20,hurst_proxy_20,autocorr_lag1_20,market_return,rolling_beta_20,cluster_id
AVGO,2015-03-16,9.548003329587619,9.817427403364732,9.535209292615,9.773777961730957,23077000.0,0.038220139498101394,0.028875027810740212,0.023646266566250414,0.014959911182775192,9.587666034698486,9.19052858352661,9.204556901444345,0.06346200572349675,0.8130440807342527,0.03506979100520008,0.309095674326844,0.014874041234390038,0.2607333085532882,72.79442929026469,0.38225916009900196,-0.01990551763815329,0.06396961212158203,0.8933510633150029,228957000.0,3.522950722303982,14.022200251554477,0.965970262177257,-0.18619619904528414,0.013804981966692982,1.4619789009081572,0
AVGO,2015-03-17,9.694005718543089,9.75346003599535,9.595417831242637,9.71583080291748,19006000.0,-0.005946484638801787,0.016266463238798975,0.002251399987327196,-0.008161863662159602,9.594288635253907,9.259126329421997,9.253249653965597,0.04932479121178002,0.8379770755767826,0.03522273875720217,0.31328848175041824,0.014780644279248788,0.2484416934651067,72.26151353954063,0.3767032676419646,-0.020369128076152543,0.06622600555419922,0.7305321784318884,209951000.0,3.5319795724255085,14.027610010979528,0.9285381121187664,-0.20344634722958396,-0.0035689262364085772,1.5019342584974413,0
AVGO,2015-03-18,9.711300814256905,9.90905937120065,9.638084791281871,9.84565544128418,21250000.0,0.013273689217634754,0.027522248900497027,0.0138348743858993,-0.000466248203829892,9.605013275146485,9.337489128112793,9.309669252757843,0.05442215842556713,0.8676702404022212,0.035033393264233874,0.24013011074463503,0.015159483654415959,0.23138360357046128,53.57401606765155,0.37841382712348803,-0.014926854875703277,0.10724639892578125,0.8096749488475941,231201000.0,3.494418190552979,13.877130131016866,0.9999999933312262,-0.20703354289634604,0.011412973185250518,1.3818402863563133,0
AVGO,2015-03-19,9.850185942165417,10.035112715597926,9.81395512032975,9.966425895690918,24461000.0,0.01219174788143851,0.022190261319445813,0.011800787730301365,0.00046015228831193224,9.619010066986084,9.418503952026366,9.372217504465754,0.058175050504163876,0.8942285537719723,0.03503876660426066,0.23920900698646502,0.015351005979466079,0.21401070783960388,60.9266320424786,0.3850757110901917,-0.006611976727199764,0.1399679183959961,0.9124395943801088,255662000.0,3.4734195343140986,13.766130804905913,0.9999999934768184,-0.20635572630254126,-0.004101467678255667,1.3565101557424528,0
AVGO,2015-03-20,10.071343913967944,10.1279540353251,9.978502969420568,10.060776710510254,55522000.0,0.009422335681678096,0.014854823842761194,-0.0010492346937474551,0.010527145776741095,9.66261100769043,9.499871206283569,9.437794571708087,0.05904348505959182,0.9231657505035393,0.03503796390685971,0.23107208810039495,0.0153438041632544,0.19641400097484227,60.6651943349023,0.39343336938484974,0.0013965452539665968,0.43600940704345703,1.9399517125956045,311184000.0,3.4783819174445822,13.792063347804696,0.9999999936736238,-0.20623371135018906,0.010733243737322604,1.282009966079726,0
AVGO,2015-03-23,10.18984705033448,10.286462092236938,10.106063817406627,10.147578239440918,23849000.0,0.008590710424138776,0.01777747068274647,-0.004148130059586447,0.01282906315666358,9.72068681716919,9.582605886459351,9.505393016254072,0.058958112134228184,0.9591697597503668,0.03503416750970055,0.2393981110792449,0.015452614712922615,0.17665727960321903,64.8916474060762,0.4024221595943924,0.008308268370807392,0.5807580947875977,0.8332969369375661,335033000.0,3.472022730703825,13.76089623111485,0.9999999940029455,-0.20715524278545985,-0.0023151357544372087,1.2774244263326238,0
AVGO,2015-03-24,10.187583275636154,10.217775388715491,10.029829610768054,10.047945022583008,25819000.0,-0.009866941687290668,0.01870489710462939,-0.013706710329428886,0.003942323503330788,9.783850955963135,9.659117078781128,9.557064635904446,0.04025501919357579,0.9926136970520023,0.03527470390431612,0.22320335673121366,0.015471474981413843,0.14621173294855147,59.19695160036861,0.39693070260643104,0.0022534491062767836,0.6316413879394531,0.8980412412370629,309214000.0,3.4524936927528387,13.605655544867291,0.9402494102842005,-0.20974910928857607,-0.005365344216388848,1.3306810622488985,0
AVGO,2015-03-25,10.010203485919773,10.063794606100442,9.389754665689477,9.392019271850586,48853000.0,-0.06750782320543147,0.07176730798599404,-0.06175540930023678,-0.0037561448214943616,9.784884166717529,9.704713392257691,9.541346029804078,-0.03222085057497529,1.0056423187255863,0.03891612726820445,0.2565124569871352,0.017957505541842746,0.09494351600074392,40.348782078814864,0.33578029091804673,-0.047117570065686065,0.010332107543945312,1.6683514216827964,260361000.0,2.430645810173797,9.872885777029678,0.01349030918950293,-0.11354684119515755,-0.014542188070309275,1.8448107837879693,0
AVGO,2015-03-26,9.077268181461012,9.44561227777962,8.828183049111068,9.413155555725098,45058000.0,0.0022479230284987513,0.06559216241115966,0.037003134332866276,-0.03351261121587928,9.777043628692628,9.689015197753907,9.529137413225127,-0.02847138084870017,0.9560807418823245,0.02024370541652023,0.2841116141815873,0.018764559054460242,0.09877914328917253,44.8889474820202,0.28572995351208696,-0.07773432597731667,-0.07840538024902344,1.6643795515284263,305419000.0,-1.353877622575729,4.916909586759641,0.04108729299667973,-0.019235282628843973,-0.003077493167094138,1.702142516580043,0
AVGO,2015-03-27,9.434286772848292,9.736962933679987,9.423719572010654,9.67733383178711,24297000.0,0.02767819469466656,0.03236876672753971,0.02576210205743175,0.002244860078865105,9.804049873352051,9.692659473419189,9.543251357850078,-0.0015811596041619567,0.9217971706390369,0.021088053924902723,0.29831722264902016,0.019081704191467895,0.09841098624846846,52.42740617039969,0.2643345949053888,-0.07930374766721188,0.2700624465942383,0.9135738873608551,329716000.0,-1.3513338657712588,4.480199242825964,0.3860165932452856,0.01006338937900894,0.0033060541347498767,1.7511778376726832,0
AVGO,2015-03-30,9.79961475294146,9.880379001095303,9.684129897063306,9.853960990905762,19523000.0,0.018087072657390107,0.01991575814172171,0.005545752489150784,0.012635806853401625,9.81206817626953,9.699867105484008,9.572842751474429,0.015886185201008728,0.8844287395477295,0.021338018040708638,0.2987901702682954,0.01889074812312613,0.09945487624487005,59.50403208213718,0.2586494053294892,-0.06799114979448917,0.08018302917480469,0.745805963620805,349239000.0,-1.3348605889260146,4.250964350080866,0.6166331424478211,0.07780801321479167,0.012170624045686907,1.7208143492082644,0
AVGO,2015-03-31,9.7603626813652,9.774703986423342,9.565623839825806,9.584493637084961,16402000.0,-0.027726958987071008,0.021814417568227603,-0.018018699698098977,-0.009498546790163284,9.79893445968628,9.696611547470093,9.573952359627814,-0.011562586551047162,0.8457493972778316,0.02221710635542375,0.3089032537759566,0.019058688115230583,0.09996303172467275,53.99644742672741,0.22975165415663312,-0.07751112077387623,-0.13133716583251953,0.6293200527183117,332837000.0,-1.1427890344500002,2.991373568924633,0.2647980590383343,0.02605016172854178,-0.008415687308694653,1.7949710917214856,0
AVGO,2015-04-01,9.560337797577484,9.58298169247321,9.330122586655538,9.482592582702637,21830000.0,-0.010688788353969695,0.0266656089403504,-0.008132057301701875,-0.0025203041936416814,9.762628173828125,9.683820724487305,9.565251428492084,-0.020779829294859584,0.8011532020568843,0.02222267233446737,0.30202236464985177,0.018499718674780032,0.10190813885326938,49.822712199486006,0.19636385440772308,-0.08871913641822904,-0.36306285858154297,0.86123231574047,311007000.0,-1.0035838952118143,2.7485499912136446,0.13174904415855052,0.04386790894324806,-0.004043051284795445,1.850360166709273,0
AVGO,2015-04-02,9.518830584198348,9.579214829446238,9.407119802473446,9.436556816101074,14508000.0,-0.004866588501328931,0.018237057238587887,-0.00864326424166208,0.003821528888820287,9.709641265869141,9.664325666427612,9.55299479874056,-0.023568002357587294,0.7515411758422843,0.022106103642871903,0.2992094691414437,0.01844063943480389,0.1035687378429527,50.58779692374799,0.16429518827260736,-0.09663024204267578,-0.5298690795898438,0.5805893934785737,296499000.0,-0.9206599720332437,2.7279796571230097,0.07164158567639385,0.07014245876764301,0.001532539013050703,1.8308141359959054,0
AVGO,2015-04-06,9.312008367463806,9.565622613971541,9.246340560026534,9.497690200805664,14227000.0,0.006457462721636693,0.033616810704328495,0.019940041483556978,-0.01319850566943638,9.653332614898682,9.657971811294555,9.54772769417533,-0.01659578361323141,0.7135767650604237,0.0217226946533298,0.2927184716966685,0.018739004854310428,0.10473714776275159,43.684317726292655,0.14217459235090324,-0.09500067037150395,-0.5630865097045898,0.5787262084423163,310726000.0,-1.1369809605243755,3.461167164550208,0.151461531215872,0.056628342147220075,0.007740657288855309,1.8927816335117642,0
AVGO,2015-04-07,9.549019501605803,9.598836523205621,9.465236263475498,9.484106063842773,16132000.0,-0.0014312806957250373,0.014086753004439028,-0.006797916548828365,0.005404398302629969,9.586985397338868,9.653836107254028,9.541668491286515,-0.01758161640095597,0.6807812976837155,0.02168480598603905,0.28952133807108293,0.018752293230780065,0.10570832947233784,44.58933104876601,0.1221397829981008,-0.09202838377944511,-0.6634721755981445,0.6584987029632847,294594000.0,-1.177240548880571,3.5705495475839197,0.13372514907674704,0.046013567329510396,-0.0019108411090121924,1.9279847047071912,0
AVGO,2015-04-08,9.470517312694016,9.62147783445592,9.457685506381031,9.570151329040527,13607000.0,0.009031666605802036,0.01711491514316118,0.010520440748021298,-0.00143279198453543,9.53920602798462,9.661528491973877,9.544381142501184,-0.009457837123254499,0.6577166748046874,0.021458242365532267,0.28186546293937653,0.018715841223753037,0.10344062464399054,43.43284018291174,0.11191509844404202,-0.08180245466680314,-0.47779369354248047,0.5600948378412863,308201000.0,-1.3809359970682158,4.225201780400283,0.24607175666608633,0.036523956934719,0.0026984208064239797,2.1753723091154726,0
AVGO,2015-04-09,9.498445445856477,9.65695418425559,9.484104141343211,9.602608680725098,13961000.0,0.0033857809386133673,0.018000321420920676,0.010966345530193699,-0.007492659281829666,9.56026496887207,9.6725745677948,9.549926622332032,-0.007233429580405883,0.6344366741180423,0.021434786232407365,0.278414923485391,0.01875662718686528,0.09989972489000787,40.94656268464193,0.10521811041277473,-0.07079955415845635,0.21058940887451172,0.5791732437808672,322162000.0,-1.4397369668100544,4.374133556793436,0.2787200140829964,0.044517235856274776,0.004444175237674111,2.163742385459344,0
AVGO,2015-04-10,9.628275141802948,9.659222368225947,9.515809989806062,9.572420120239258,11669000.0,-0.0031487395133935813,0.014981830766792803,-0.005801145135869059,0.002672863378195337,9.576191425323486,9.676617527008057,9.552068860227958,-0.010767957539945956,0.6050733661651613,0.02131522812436394,0.27712094054151265,0.018174755015064235,0.09881403969280397,37.446586122882465,0.09636391142743683,-0.0637230025150354,0.15926456451416016,0.4950102340576711,310493000.0,-1.3551025133690662,4.306020164444767,0.2387647473450923,0.0561423894327567,0.004999843339913036,2.2266004647398017,0
AVGO,2015-04-13,9.604876061107069,9.621481256513064,9.442593172555416,9.46146297454834,10483000.0,-0.011659040042675073,0.018907021488092635,-0.014931279227031078,0.0033905679504379793,9.55460433959961,9.67932710647583,9.543439728258472,-0.022508189805533978,0.5788987636566159,0.02138747792317114,0.27377827641515295,0.01809998855874933,0.09757783542851647,32.57945558315055,0.07947741443021883,-0.06448759960980271,-0.21587085723876953,0.4523077055836247,300010000.0,-1.3260745251006263,4.163586814238599,0.09191036670522712,0.11727744591868156,-0.005767921579258456,2.231460003076016,0
AVGO,2015-04-14,9.439571832125297,9.460706956903515,9.219169357921635,9.358053207397461,16047000.0,-0.01098974138550631,0.025810667386763745,-0.008635839219322348,-0.0023137164391944754,9.505013561248779,9.658540868759156,9.525783869128851,-0.03111108242265872,0.525802669525147,0.01949212609890647,0.27766026489224355,0.01800913572354602,0.1016644691896984,32.517096233472756,0.05709231525021785,-0.06949815903184298,-0.4959077835083008,0.7030387466484409,283963000.0,-1.7834428667438582,5.2771918508321205,0.0,0.16583159324414015,0.00201176721831614,2.065404258156283,0
AVGO,2015-04-15,9.417683683256673,9.533168529502182,9.408625977684796,9.502976417541504,16893000.0,0.015367778451925102,0.01310563619377582,0.009056657354706347,0.0063721026732434585,9.496861839294434,9.647898149490356,9.523611730882436,-0.015021067755187335,0.4792592525482178,0.01984907729354519,0.24202279215608322,0.01796203483444987,0.10260229170101323,53.794582814767026,0.05046433333720479,-0.06090091275588483,-0.08151721954345703,0.7435446564742696,300856000.0,-1.828600491653722,5.166608521241028,0.18355745850562408,0.15111968753676225,0.004877674921746186,2.121350475625142,0
AVGO,2015-04-16,9.440327445958635,9.522601183766888,9.419947428767793,9.459952354431152,15456000.0,-0.0045377101240767406,0.010851402950512345,0.0020788376848231084,-0.006592563090783344,9.494597816467286,9.628612995147705,9.517548933125171,-0.017516608116494286,0.4261079406738286,0.019572980055145288,0.20525311546540767,0.017632047968395636,0.10231082413531888,51.57677840619629,0.04126425890268237,-0.056080789752325805,-0.022640228271484375,0.6890817370602118,285400000.0,-1.777701709462245,5.229320740319248,0.1290638568853433,0.116477285491109,0.0007614374392592873,2.231666077581597,0
AVGO,2015-04-17,9.33616280194116,9.38069621033364,9.128591452401073,9.19727897644043,26817000.0,-0.028159669643649878,0.02741079816152648,-0.014875900120667907,-0.01308564227937231,9.470670032501221,9.590155649185181,9.48704703248853,-0.04096666276406738,0.3614461898803718,0.02009769085825994,0.20579265289934984,0.01775717235819235,0.10459162797562596,33.80848579158041,0.012631973749277492,-0.06777045992458455,-0.23927783966064453,1.1893478921306648,258583000.0,-1.455004888603503,3.734593925132475,0.0,0.0971513775271049,-0.013940740665813797,2.245220904263077,0
AVGO,2015-04-20,9.246342465729002,9.345976500284126,9.22369856328557,9.286347389221191,13295000.0,0.00963762201583704,0.013167495436236916,0.00432656735322093,0.005334565735610793,9.449535751342774,9.551434183120728,9.467932780748784,-0.027753611503753134,0.2968461894989023,0.02010530605055008,0.20191067822331427,0.017733005063259203,0.09777032587933615,29.65351063555937,-0.0028395098812676878,-0.0665935548441038,-0.21134281158447266,0.6505580755811958,271878000.0,-1.4543130798654302,3.728383927865676,0.09372669780072108,0.025746399147828832,0.00912924930183224,2.301682450555628,0
AVGO,2015-04-21,9.383716569629259,9.43881718668222,9.279553325435812,9.291630744934082,20616000.0,0.0005687761948228097,0.01714057149352772,-0.009813363810996007,0.010485196851572186,9.430288219451905,9.508636808395385,9.451142110671192,-0.02282199516143933,0.22586710929870613,0.019923043638123215,0.19269115752091803,0.017721073786092258,0.08138011515002008,37.04930930950902,-0.014507219279883188,-0.06260901139417543,-0.1924753189086914,1.0168362955710697,292494000.0,-1.4407466944935563,3.8398799341786924,0.1109151679585041,0.04450669649592941,0.00037444133659558565,2.342083140486342,0
AVGO,2015-04-22,9.352771521685378,9.661486502435423,9.265214169111784,9.653938293457031,22580000.0,0.038251870318280416,0.04104773832889892,0.032200804943364476,0.006580198721804662,9.438666915893554,9.488936471939088,9.470456032841271,0.01738886352880561,0.16697590827942044,0.02207273203897099,0.20282696344193343,0.01842421019881215,0.0636779696231461,56.15867368852394,0.005418764056704717,-0.03414642244607004,0.0837869644165039,1.1226737335116612,315074000.0,-0.9903389136073298,2.858053953189682,0.6954040159518784,0.02669262406881859,0.00558868842521534,2.5440926168580584,0
AVGO,2015-04-23,9.45165013715707,9.46976482892017,9.250117442823097,9.364847183227539,28053000.0,-0.030402927505451507,0.02345445489552857,-0.009183894090244185,-0.02095395165691724,9.414890766143799,9.487577867507934,9.460398047163773,-0.012935934320112478,0.1394330883026118,0.017702763625950118,0.21937880798915785,0.016208453235331457,0.06412394326719795,47.80589566552725,-0.0020928619407047933,-0.03332643875478364,-0.2377614974975586,1.4708457638404622,287021000.0,0.21165938859252126,0.22807222477208466,0.2551740424500621,-0.17783949921249628,0.00028533024037707684,2.020662063664538,0
AVGO,2015-04-24,9.339182407735189,9.339182407735189,8.74590675609002,9.01990032196045,55059000.0,-0.03752973466843211,0.06577408062293094,-0.034187370103021024,-0.002740543971536013,9.359638786315918,9.467915105819703,9.418445882858695,-0.04731926494679667,0.10183968544006383,0.019507049627732802,0.2407829775029086,0.01606191165848383,0.07783968282079926,37.544319423124385,-0.03547131725980179,-0.053363915259104513,-0.5525197982788086,2.813043644863393,231962000.0,0.09937956855446248,-0.09888693807217784,0.0,0.0094591393634514,0.0005232473551430613,2.1285843637709707,0
AVGO,2015-04-27,9.057640740775136,9.20407278369584,8.96102571041131,9.068963050842285,27320000.0,0.0054246469978631185,0.026799874655345432,0.0012500286088493555,0.004184128146383383,9.320388793945312,9.437496566772461,9.385161803619036,-0.03904992313716009,0.05515832901001083,0.018293040480824557,0.24860060704250916,0.015862462104794434,0.08374586845410247,39.374043046729945,-0.05730446123422084,-0.06015764738681885,-0.3924999237060547,1.3851216037396248,259282000.0,0.07244823471363623,0.3783210779566713,0.05882393226338976,-0.1528883728472458,-0.003702678275090148,1.9274478944336777,0
AVGO,2015-04-28,9.086324247719741,9.13312227014818,8.647028795412078,8.865166664123535,31023000.0,-0.022728190641906735,0.054831848357116145,-0.024339609430987494,0.0019143530280282069,9.27110013961792,9.38805685043335,9.335638457000417,-0.05569738169285839,-0.0057909584045408025,0.018058401289614594,0.27162211751831006,0.017271405943439462,0.08996054585373253,32.981165465670784,-0.09001442014064232,-0.07429408503459226,-0.4928865432739258,1.5283094157811499,228259000.0,0.28402579855284893,0.5945612945126622,0.0,-0.10137490751536916,0.00185051542044945,1.8825585164910088,0
AVGO,2015-04-29,8.757230547949124,8.870450787114455,8.661370611086289,8.833465576171875,20903000.0,-0.003582324489604155,0.02366909951576261,0.008705380966994263,-0.012175305920780706,9.204149055480958,9.350505447387695,9.28781246835008,-0.055295392700649613,-0.053134155273438566,0.01728407838432276,0.2742099841694378,0.017324282192382495,0.10235787836410651,31.42555292852981,-0.11714493718152497,-0.08113968166037992,-0.6695108413696289,1.0184686670938095,207356000.0,0.21877171443092908,1.0757069124756973,0.0,-0.13249153221139312,-0.0025451559530674335,1.7390673025467083,0
AVGO,2015-04-30,8.80780224713862,8.977633331313061,8.77534624780298,8.8221435546875,21339000.0,-0.0012825411972406575,0.02292947082835714,0.001628250400065131,-0.002905239038060206,9.140368175506591,9.31748299598694,9.243463048001262,-0.05316236595024207,-0.0970314884185779,0.01721957993122307,0.2784153202473089,0.01722213778347812,0.11348410180293034,31.71454732016943,-0.13796923643815795,-0.08157118473361033,-0.6378087997436523,1.040957296311111,186017000.0,0.1343777746998574,1.1195240085640121,0.0,-0.13461159192203173,-0.009475232003044298,1.411656209897086,0
AVGO,2015-05-01,8.90064082879852,9.316537917462703,8.897621834275032,9.2689847946167,25334000.0,0.049408984534567185,0.04519546552487791,0.04138398262432311,0.008897755247851568,9.147538757324218,9.309104394912719,9.245893690536066,-0.004309716440052748,-0.12386719703674309,0.02103366223505551,0.3009514830199914,0.01813411687566211,0.1130188837761915,45.96895821551903,-0.11706681658574958,-0.04853501190496157,0.07170581817626953,1.2040473938604699,211351000.0,0.6269736639659298,1.1652433949823875,0.5372013235118502,-0.09179848743767591,0.011096136743545723,1.9766530997249894,0
AVGO,2015-05-04,9.271254728471499,9.348244891757938,9.122558725106376,9.14520263671875,14207000.0,-0.013444418641587422,0.02467809357210214,-0.013596012115780837,0.0002448956282804709,9.133424282073975,9.291480016708373,9.236304066362989,-0.01574317326939828,-0.1557269954681395,0.021145300088634387,0.2997652365931954,0.017855907376306594,0.1125890918841917,45.5800187852848,-0.10923054221363238,-0.03255899002627549,-0.1411447525024414,0.6752472706359878,197144000.0,0.7586889761406043,1.2327177540327654,0.3883879797379693,-0.14987144766657598,0.0015025056871685153,2.026142672593193,0
AVGO,2015-05-05,9.065189772999046,9.10821369136821,8.803272878921344,8.815349578857422,22090000.0,-0.036734967459082765,0.03459202716501566,-0.027560393121628557,-0.008749162473278112,9.08579616546631,9.258042192459106,9.19621316279103,-0.047817087449017776,-0.19561411857604938,0.02249909546167487,0.31168055342838713,0.01833583109635675,0.12004619946240015,36.7394458182483,-0.1281592829513265,-0.041190184611175684,-0.47628116607666016,1.0352616976604674,175054000.0,0.678096186100502,0.7871422645564923,0.0,-0.09643991679907488,-0.010831781826849204,2.1986156455341535,0
AVGO,2015-05-06,8.894607236611815,8.93461145325122,8.709679693820291,8.814598083496094,14475000.0,-8.525213757593312e-05,0.025518095895591186,-0.008995242948607873,0.00899086951066393,9.001862144470214,9.220264530181884,9.159868869524846,-0.043997267639979035,-0.23932931900024457,0.022324187993932095,0.3204146966020896,0.018509736314715756,0.12340836238081365,37.34837829922534,-0.1415889366298959,-0.04369587063179607,-0.8393402099609375,0.6770029465413214,160579000.0,0.7525092042733157,0.9901045293111139,0.0,-0.11551231333817077,-0.0018303434739329492,2.156019660408745,0
AVGO,2015-05-07,9.057643491659515,9.332392252771696,9.057643491659515,9.244834899902344,23542000.0,0.047655786168811984,0.029719163596733433,0.02066667872372451,0.027573056180347555,8.989860916137696,9.202375841140746,9.167960872417941,0.004613923561526133,-0.2725128459930435,0.0252233368081526,0.33373135854819835,0.018783795716279875,0.11737780809827156,50.87481615632161,-0.11617631029289299,-0.014626595435834527,-0.12001228332519531,1.0769417270317307,184121000.0,0.7520518734645297,0.2123871969781268,0.5125893007084458,-0.08223844774424784,0.004576678512835624,2.423060852163837,0
AVGO,2015-05-08,9.299180523757812,9.42976180558683,9.263704804852058,9.308993339538574,14846000.0,0.0069159522805762675,0.017838341322158495,0.0010552344634174808,0.005878485061538777,9.018770217895508,9.189204502105714,9.18139253595324,0.013035822336422339,-0.2773216629028319,0.025291484896943328,0.3363191715368262,0.018827859654936028,0.11193860732918066,50.42043594101598,-0.08982413424257274,0.009380464491588594,0.289093017578125,0.6742389492663118,198967000.0,0.6817923158634653,0.10262120233905954,0.5890284348169201,-0.03880402277759321,0.01222755959077751,2.214434966979381,0
AVGO,2015-05-11,9.327109159192227,9.348997958725887,9.253893111501894,9.269743919372559,12418000.0,-0.004225204114813701,0.010259705979864173,-0.006150377226112922,0.0019460557111700798,9.038848304748536,9.179618549346923,9.189806953421748,0.009817986383962272,-0.28021352767944485,0.025183898435017896,0.3317363848209394,0.01870886959889623,0.10891340046233872,49.59871362528277,-0.07128521348428407,0.02233550819990182,0.20078086853027344,0.5615028271834648,186549000.0,0.6458807825892618,0.11459333971769184,0.5422662051124478,-0.05090826680678235,-0.004193901380892136,2.1995002598197675,0
AVGO,2015-05-12,9.21011358267481,9.32786305187999,9.155768061415328,9.28031063079834,10264000.0,0.0011392648512274092,0.01854409805078014,0.007621735325757654,-0.0064327922342201325,9.080362701416016,9.175731420516968,9.198426351267138,0.011397370451968425,-0.27551070213317885,0.02507083665219625,0.31572371747386974,0.018552993219172045,0.1079449671554639,42.13534256397373,-0.055105122366368775,0.030812479454253694,0.4151439666748047,0.47025404897716055,196813000.0,0.5783745502063754,0.10540692236184761,0.5548555117779536,-0.0378673736179803,-0.0022309984177211117,2.206426171956082,0
AVGO,2015-05-13,9.331637957256136,9.422969422587627,9.232003893198833,9.29389762878418,11857000.0,0.0014629964539404116,0.02054741044186671,-0.004044341261886068,0.005530776770279406,9.126405906677245,9.165277481079102,9.207518853887809,0.01403341555455018,-0.2788504981994624,0.024806071956212192,0.3005197659563597,0.018672294131698613,0.10355304034867471,48.31060536509267,-0.04071657111139437,0.03616082456738248,0.4604320526123047,0.5495789049210414,208670000.0,0.6767826445282678,0.3401368754087695,0.5710432240580492,-0.03282148770840814,0.0003145142760379532,2.176880494571765,0
AVGO,2015-05-14,9.370126973926753,9.712807997777348,9.332387388252776,9.581472396850586,23279000.0,0.030473259204294483,0.03970377342553092,0.022555235728007567,0.008202085732737514,9.202338790893554,9.171353483200074,9.24313347702712,0.04471738156800817,-0.2696357631683348,0.02577617828423175,0.2862319046603347,0.019373292566902137,0.10754757086414767,63.74728224734576,-0.006039045796798703,0.05667067990558253,0.7593288421630859,1.0597814334523812,231949000.0,0.48309420026498173,-0.24841580254977966,0.9136632501540104,-0.03612520761937794,0.010541065339976056,2.26966775430948,0
AVGO,2015-05-15,9.645635325873684,9.774706383208928,9.553548763506972,9.651673316955566,22627000.0,0.0073000259970075615,0.02291391473893939,0.0006259816872224207,0.006696562528760017,9.240607643127442,9.19407320022583,9.282042033210782,0.049771206544318616,-0.24342035293579123,0.02489782625174015,0.2846683722615793,0.01927136728692,0.11703918121770635,64.11862787464665,0.026798849951466863,0.07160686052307848,0.3826885223388672,1.040018201582526,254576000.0,0.3914452415646072,-0.06369620701567334,0.9973014679296909,-0.005658904489978646,0.0008094624851466332,2.346885037675715,0
AVGO,2015-05-18,9.657710827088874,9.84263759795958,9.607138698963558,9.826031684875488,17984000.0,0.017903857297256843,0.02396683689905464,0.017428649565713404,0.0006255402493473161,9.308690547943115,9.221057415008545,9.333850571464563,0.06560790611998414,-0.2204614257812505,0.025091227118628774,0.26676875970871655,0.01946366098844841,0.13169997234927094,73.6179482722134,0.06613007568572371,0.08875046900586826,0.6808290481567383,0.8177965330956578,272560000.0,0.3389431744818554,-0.1901769272192251,0.9999999901130436,0.002111172882058471,0.002602066609291428,2.516804207328276,0
AVGO,2015-05-19,9.87735831029649,9.952083834794285,9.75583476444553,9.772439956665039,16053000.0,-0.005468983782715684,0.020081890604412518,-0.010622106663464801,0.005223535509253961,9.404399585723876,9.245097875595093,9.375620989102703,0.057040183629813675,-0.20053336143493716,0.02515957492697632,0.2658522521601872,0.019513202770692503,0.14172933016099637,72.83415167694052,0.09191639586887312,0.09162943135121414,0.9570903778076172,0.7376399473409714,256507000.0,0.3738316041473568,-0.20452157631223786,0.9470140821824572,-0.0006966810880996686,-0.0015110254553089804,2.5245611602273907,0
AVGO,2015-05-20,9.80791669475458,9.893209424191431,9.669787232512203,9.745267868041992,18721000.0,-0.0027843542306991665,0.02292622372984148,-0.006387577362093347,0.003630284580602071,9.497466564178467,9.249664354324342,9.41082545376359,0.05358070241220616,-0.20254616737365616,0.023689949397985008,0.26736190274369775,0.018935252953836555,0.14450053958808853,72.27697583492991,0.10890429896130804,0.08689386755491925,0.9306697845458984,0.8679304765481203,237786000.0,0.5336069141570428,0.47927014483717995,0.9201491566773718,0.11733452145142417,-0.001049746417249478,2.342679016568554,0
AVGO,2015-05-21,9.775460918269083,9.814710737344862,9.649408863873054,9.781498908996582,21309000.0,0.003710914658435174,0.01689944198130784,0.0006176681357334577,0.003098226814893799,9.551132965087891,9.270496940612793,9.446127687595304,0.05512131346421633,-0.18970981597900405,0.022564503446790417,0.24385529636488382,0.018809968727079854,0.1527845197636058,65.42495662811808,0.12386306050348139,0.08148210327767408,0.5366640090942383,1.0036029671494167,259095000.0,0.5155084927385039,0.8602256573104139,0.9559706288402139,-0.009250202595741712,0.002449044164280179,2.325735774306828,0
AVGO,2015-05-22,9.798860630413747,10.101536892226191,9.798860630413747,10.011714935302734,22856000.0,0.0232631658794325,0.03023220931339564,0.021722352495871344,0.0017749551043957864,9.621405124664307,9.320087671279907,9.499993139757917,0.07420823576713899,-0.15052216529846163,0.021022426761871753,0.25059471183474435,0.01711201674849821,0.16533585254802388,74.50892743922522,0.1525361542888266,0.08812415765041544,0.7027215957641602,1.16479422699116,281951000.0,0.595360003913214,0.9028915009487147,0.9999999916465967,-0.006906247003127477,-0.001170343117465459,2.2678399432226213,0
AVGO,2015-05-26,10.141540809682004,10.154372620276535,9.860754073532116,9.910571098327637,26781000.0,-0.010153925690615842,0.02962680389808189,-0.022774617334884385,0.012967396217154085,9.685487842559814,9.362168073654175,9.539095802478844,0.05857649849621297,-0.11850775718689022,0.02130765805083928,0.2471439110452453,0.017188130043759492,0.1717396198717393,85.58134404383937,0.1651940709227624,0.08062565942748098,0.6408271789550781,1.36669830674546,255170000.0,0.6707099122214885,0.8001169841790304,0.9155104650163767,-0.04162394557881552,-0.010053407673649142,2.2047660550789625,0
AVGO,2015-05-27,9.970201223592554,10.931066819759794,9.934725503560676,10.679717063903809,114248000.0,0.07474436586668243,0.09329285685233234,0.07116364290829821,0.006016820289496664,9.825428485870361,9.452895593643188,9.647726398805032,0.12978261071536623,-0.045899019241334216,0.02586490050344669,0.3039699083310473,0.02015469127290423,0.20349752986271014,90.4154448578229,0.23458506188223538,0.12001332030956317,1.3994064331054688,4.809095558506773,369418000.0,1.1010868493863601,1.579915293469596,0.9999999946384118,-0.1786732960073654,0.010057948139178131,2.8146204086475746,0
AVGO,2015-05-28,10.945408574742059,10.980129187318743,10.265330435209052,10.746894836425781,249123000.0,0.006270519384978392,0.06651211929810784,-0.018136713378887153,0.02487814136352511,9.970728206634522,9.548567056655884,9.752409107149866,0.12549817908851718,0.02915116310119714,0.0256926035925923,0.31804166424776803,0.021855604929996265,0.2254245766776751,88.62578966584529,0.2916367994803579,0.14165204632614858,1.4529972076416016,7.083868270981995,618541000.0,1.0672486043807325,1.6092588529301053,0.9999999948248115,-0.17712767259599665,-0.0014768274008953976,2.7922154783584747,0
AVGO,2015-05-29,10.878230449948521,11.26468999881757,10.877476060891905,11.17637825012207,118244000.0,0.03918560581669178,0.034645743810163054,0.02740774809572841,0.012220796380884653,10.13021879196167,9.666278791427612,9.888025216004362,0.15622345369051763,0.120248441696166,0.02637241713519219,0.34181796829828964,0.022144198696102315,0.2573206366408602,90.42484778472001,0.36727274314149305,0.17383039198982697,1.5949058532714844,2.9551469651037534,736785000.0,0.8148043164390836,0.848645391213217,0.9999999957659057,-0.15450370842971003,-0.006611924345239099,2.547304982694697,0
AVGO,2015-06-01,11.189213312932564,11.359798868078384,10.955978895717477,11.066934585571289,83579000.0,-0.009840669738096436,0.036488873126846295,-0.010928268487889282,0.001148409844696643,10.271744918823241,9.756176280975343,10.000302298820259,0.13435164202684857,0.18813575744628963,0.02517262069525971,0.363869048665212,0.021813311889959577,0.2820100039334692,87.75779397911988,0.4136156802549529,0.17613866328262942,1.4152612686157227,1.947086964169024,653206000.0,1.0919754439066849,1.9255178563357296,0.9536605160658382,-0.12954891766383803,0.003147449106824141,2.2504057794951167,0
AVGO,2015-06-02,11.051075938740116,11.070700843554604,10.80425549115876,10.881245613098145,41264000.0,-0.01692107512815247,0.024486659122026303,-0.015367763865683405,-0.001432975564150276,10.377266311645508,9.84297842979431,10.08420166208482,0.10548302931419713,0.2585285282134997,0.025345136637339765,0.37060836023172505,0.0218117723783901,0.29082772092777887,81.32925640761215,0.43039788468781204,0.15433669417239082,1.0552139282226562,0.9319300781426441,611942000.0,1.0705868018545008,1.8480277601569903,0.8750380539455834,-0.19098686971610343,-0.0007871863171877892,2.329919628373682,0
AVGO,2015-06-03,11.020132402427896,11.020132402427896,10.779349879483698,10.798219680786133,30450000.0,-0.007659445202515986,0.022298353787861123,-0.02013702860697953,0.012763868611013448,10.479844284057616,9.942121934890746,10.152203378151611,0.08610815182520817,0.34465920448303144,0.023405591071935163,0.37416671691425385,0.021532359090717726,0.28285091103433985,78.6597049545793,0.43201836496002954,0.12476573955568665,1.0257797241210938,0.6812690173617325,581492000.0,1.5537934966287914,2.39449417194572,0.8398840912128527,-0.2028009899483849,0.0012505206316307433,1.92265468478694,0
AVGO,2015-06-04,10.755192979111953,10.826899501250848,10.603478059415524,10.65782356262207,28017000.0,-0.013087046887304212,0.020963139454592897,-0.009053246797938003,-0.003984610699367342,10.571099853515625,10.034283208847047,10.200357681434511,0.06214099604083821,0.4246229076385504,0.023884831313899558,0.3602032221172649,0.021441995009852808,0.26603071621627356,71.72448751807403,0.4171649954626684,0.08792989604666035,0.9125556945800781,0.6174804013831983,553475000.0,1.5019551865462162,2.191441351584025,0.7315334937958573,-0.1228204526583025,-0.007819322545933708,1.9915170524126358,0
AVGO,2015-06-05,10.640465060340118,10.872189856397727,10.515167402584849,10.854828834533691,38593000.0,0.018315805570552037,0.032890657137599005,0.020146090680857966,-0.001628709856187757,10.678432846069336,10.114782905578613,10.262688267443956,0.07316478614832875,0.4758664131164547,0.02217995238212292,0.3699078531251879,0.02153510465867409,0.26267023079056234,73.10134904455147,0.41648924338261395,0.0698033151732847,1.0733299255371094,0.8366928162529957,592068000.0,1.7892634421883953,4.043681131344712,0.8313523370915603,-0.14929048742803838,-0.0005169003629793579,1.7639846875958847,0
AVGO,2015-06-08,10.836715703905552,10.851811401804666,10.380814253930605,10.463842391967773,54422000.0,-0.03668430218171507,0.045011873247009816,-0.03440833198745927,-0.001668670312931483,10.72364559173584,10.172525358200073,10.281845803112892,0.028637631583439006,0.5125951290130608,0.024296373858656725,0.3869446875256925,0.02221655747645598,0.25175304156327527,61.30585784295198,0.38002369014218296,0.026670209546282964,0.45212745666503906,1.131329845783498,537646000.0,1.3021237460178061,3.0303341230125,0.6262860408387516,-0.18204239347804327,-0.006434491957540279,2.702672619682989,0
AVGO,2015-06-09,10.487994542806835,10.622349180157807,10.303822168203798,10.583099365234375,44071000.0,0.01133259653254821,0.03009770584781594,0.009067970234794607,0.002308153155823601,10.790898418426513,10.238193130493164,10.310536618553034,0.03368819380609941,0.5601475906372073,0.024196797526064504,0.39567882621178196,0.022547854844850834,0.23808173540910435,64.04286769645299,0.3566364347284452,0.0026263633060361613,0.6725282669067383,0.8869706624053324,581717000.0,1.2158652625743607,2.934479047492561,0.6871003514261251,-0.1907023964703357,0.0001276916493949844,2.7006004649960307,0
AVGO,2015-06-10,10.561963555106326,10.867658717697653,10.55517045724191,10.783121109008789,42617000.0,0.018723722108874605,0.028979388899275118,0.02093905669520617,-0.0019971285725125703,10.801238822937012,10.313333654403687,10.355544665263105,0.04555146472440491,0.6167049121856696,0.02429923133700836,0.40204068826724726,0.02274868227962226,0.22372445136398592,66.9626894490086,0.35020500409594213,-0.003044053861173568,0.10340404510498047,0.8306638274233866,624334000.0,1.0864774600358864,2.622855607981637,0.7910963095361088,-0.18884577513744588,0.012443615656475997,2.269607624708958,0
AVGO,2015-06-11,10.731799081596797,10.813317729678275,10.644241721872033,10.71745777130127,31517000.0,-0.006108071994081705,0.015775756831179502,-0.0013363379404630667,-0.004759477974249452,10.79829511642456,10.38451166152954,10.390012580123882,0.03206179744441362,0.6652236366271964,0.024461164986662395,0.4023102692911354,0.022680869576901363,0.20429741965404805,65.15155523860264,0.33593709271094596,-0.013849572196935778,-0.02943706512451172,0.6027606848640455,592817000.0,1.1068106016604515,2.550970286260372,0.7122585731301664,-0.19155400021264626,0.002716427253541175,2.2006487483673576,0
AVGO,2015-06-12,10.664619710077528,10.678961018606186,10.558192559314415,10.602725982666016,19145000.0,-0.01076284308707327,0.011390321637596526,-0.005803650672605694,-0.004930092784244919,10.740929889678956,10.435574340820313,10.410270999413608,0.016017483679042835,0.6938836479187014,0.024124544531122612,0.3908264999166529,0.02208995724981057,0.19054741487866989,59.939065613667324,0.31177779332774236,-0.030407097264111504,-0.5736522674560547,0.36760011558906736,573672000.0,1.363285162595693,3.3759574366809093,0.6237617776297788,-0.17618170605991174,-0.006389543412903319,2.2086639106336254,0
AVGO,2015-06-15,10.503844687040955,10.870679195855764,10.492522376580467,10.802746772766113,34565000.0,0.018689296373259407,0.035005617263803676,0.028456445648835843,-0.009326025758537762,10.714511108398437,10.49312801361084,10.447649644494799,0.02950681231169519,0.7241135215759265,0.02431162394148717,0.3968649479545728,0.022385897728844036,0.17814525479451163,64.52085773721245,0.3052526184534159,-0.029545817710750433,-0.2641878128051758,0.6561568929694491,608237000.0,1.2629614979255244,3.0197281466483945,0.7389219661713907,-0.19592439047564336,-0.00562964158355717,2.0076963092400795,0
AVGO,2015-06-16,10.771048907685936,10.830678035877,10.671414124674602,10.71745777130127,20998000.0,-0.00792645328618617,0.01486023219799994,-0.004975479806490355,-0.0029342412394677596,10.69813232421875,10.537699317932129,10.473345656571606,0.017058605277592027,0.7442894744873048,0.02432228205601379,0.3353483900810185,0.02223757385139711,0.1678491242198864,50.790149566318,0.2898579586093426,-0.03595238204385898,-0.163787841796875,0.3974737192792168,587239000.0,1.421370627572283,3.36262477698491,0.679325584273221,-0.19898543087799447,0.0056807030771637715,1.7169474523184007,0
AVGO,2015-06-17,10.710641466473556,10.78633533653064,10.556226924425825,10.649330139160156,25429000.0,-0.006376986873218652,0.021607782732039813,-0.005724337561673845,-0.0006360001572356356,10.683243370056152,10.581543827056885,10.4901060834848,0.006406089049679256,0.7648295021057141,0.024342799049021487,0.3007276515092415,0.022265270940940468,0.152776042822732,47.95816094218228,0.2690587079212836,-0.045401306185534396,-0.14888954162597656,0.47711475877363735,561810000.0,1.4227415313437801,3.3532602968888674,0.6317208484553979,-0.19194021303426848,0.0028731020574074306,1.6169676830500277,0
AVGO,2015-06-18,10.652356020918635,10.880950635884016,10.652356020918635,10.824180603027344,25298000.0,0.016285583707250875,0.021118884018828922,0.01613019519907006,0.0002841382245585415,10.69987907409668,10.635489463806152,10.521922704393614,0.01774165069561805,0.7936945533752446,0.0244156953080107,0.2802866039615323,0.022236519257949068,0.1338012460716891,41.749908127305666,0.2636449877428788,-0.0406520210911514,0.16635704040527344,0.4717461394875275,587108000.0,1.287174654534594,3.0119092612274074,0.7475067239252282,-0.20269796584116995,0.009883389587743046,1.544905243778533,0
AVGO,2015-06-19,10.824938319130345,10.893062654834447,10.718210530066683,10.815855026245117,26881000.0,-0.0007694605809004941,0.016166278503346707,-0.0008391080493072253,7.000216744250326e-05,10.695981693267822,10.68720726966858,10.549916258855662,0.012037546686427406,0.8211474323272707,0.024453909835925325,0.26393175770487926,0.022225706283855295,0.11044598099654607,43.82608165521187,0.25573481922454633,-0.038849751687587086,-0.03897380828857422,0.4986745175299462,560227000.0,1.310751323372988,3.0300988136195426,0.7151831299754473,-0.20754321133792036,-0.005072963630736605,1.551666783169955,0
AVGO,2015-06-22,10.911985629697877,10.986165006948283,10.748487092411226,10.845375061035156,22846000.0,0.0027256118831991867,0.021915140138567078,-0.006104349003209049,0.008887933798991887,10.734134960174561,10.7288902759552,10.578055192396565,0.010857114014153206,0.8373713397979738,0.024077690804675915,0.26187694071496587,0.02204357727685852,0.09324392062769765,49.04458006452128,0.24897791140312364,-0.03648532760720785,0.3815326690673828,0.42382440023448914,583073000.0,1.4918654318032978,3.729859612628957,0.7385042452930372,-0.1863369790567948,0.004363076800773772,1.5306305503629951,0
AVGO,2015-06-23,10.896848473559578,10.896848473559578,10.662198763310803,10.72123908996582,21497000.0,-0.011511991741832485,0.021886435705880548,-0.016115612129388123,0.004746116407661463,10.747948932647706,10.769423675537109,10.591691754069828,-0.004474202796571024,0.8527092170715331,0.024121748278096496,0.2614388826652928,0.021884682426367208,0.05940382030086935,47.99354961855447,0.23094409805142924,-0.04361531276712183,0.1381397247314453,0.4007628606903031,561576000.0,1.489182068226908,3.7012414278796726,0.3612403382089231,-0.1174461843553086,4.832517998605358e-05,1.56139707732237,0
AVGO,2015-06-24,10.75303054460219,10.765141361840293,10.584233457683368,10.594830513000488,22402000.0,-0.011860541006531486,0.01707511071217127,-0.014712134481380559,0.0029652780214670985,10.729119873046875,10.765179347991943,10.591990683491796,-0.01582405915652389,0.8237293434143051,0.017051192933579207,0.25840220140255,0.017871681342842723,0.060761879241477475,48.346065677858775,0.20409932534786357,-0.05636806837655001,-0.18829059600830078,0.4567371895636714,539174000.0,0.3979410848968553,0.6534129625101402,0.18383372246511226,-0.22309153545073873,-0.007594858490545439,0.6427081225451163,0
AVGO,2015-06-25,10.60694102138271,10.676579120811871,10.508540002551927,10.538817405700684,17538000.0,-0.005300858486433446,0.015944779345887554,-0.006422550618549602,0.0011430582459399591,10.711255836486817,10.754775476455688,10.586926561797403,-0.020080202606458562,0.7926086521148683,0.017013543517497856,0.24490339172019762,0.015563401597432512,0.06367111147906206,41.03946222805995,0.17627289572032545,-0.06735559840327052,-0.17864036560058594,0.4680713076131645,521636000.0,0.5091985885858139,0.7656780003820445,0.10522279240078143,-0.3176118845271506,-0.004340372481268911,0.6690409668222755,0
AVGO,2015-06-26,10.510052311677319,10.52443413032532,10.199708791832235,10.229986190795898,71798000.0,-0.02974210613129989,0.03174250014802769,-0.026647452582493313,-0.002729442300405104,10.673981857299804,10.70745587348938,10.55293224074964,-0.04459226242806448,0.7298883724212644,0.01522656079488824,0.2352672512391521,0.015422971213809623,0.06691986337891055,43.04494264495739,0.1278266457266266,-0.0926414787175755,-0.3727397918701172,2.042829483004636,449838000.0,-0.025098114748382666,-0.13031919394322508,0.0,-0.26835299035648114,-0.001028209170371812,1.1850665759378833,0
AVGO,2015-06-29,10.055893819244886,10.234530746784417,9.918888599287305,9.992311477661133,40473000.0,-0.023507285047605693,0.03158850160814924,-0.006322893087717497,-0.017017850103028108,10.592938327789307,10.653724718093873,10.499539787122163,-0.06208281679069417,0.660256567001344,0.015768530466421033,0.2350611894922309,0.015229555016441815,0.08325182058947944,33.58570234611676,0.0694536619689412,-0.12081156998020873,-0.8104352951049805,1.2267872650309701,409365000.0,0.020850964800190816,-0.43696928819842484,0.0,-0.15065166324667045,-0.02101284110490809,1.1140419793225789,0
AVGO,2015-06-30,10.127800196835393,10.171702174837943,10.000634826183976,10.061946868896484,28695000.0,0.006944726641446165,0.017001416397134487,-0.0065022341075077,0.01355929701322457,10.527387237548828,10.612759780883788,10.45786427110067,-0.05190100622652785,0.6037796401977538,0.015727018525399178,0.22555422068659287,0.015047395042406521,0.09468287967494507,28.397963238074595,0.02848330804686583,-0.12942553912182728,-0.6555109024047852,0.8866716518450307,438060000.0,-0.18081183489895256,-0.38250451457430007,0.08073505984910857,-0.20052802178630252,0.003362415320022288,1.1479085000391445,0
AVGO,2015-07-01,10.173976897003968,10.423009202296269,10.167164605739371,10.25648307800293,43059000.0,0.01914932937527477,0.024944671030185852,0.00810953098804098,0.01113403097503832,10.488102531433105,10.585672950744629,10.438685109853267,-0.031097680228970782,0.5573957633972171,0.01651627294300818,0.23926752965756024,0.015124859008260862,0.09795882926729084,37.18161735914587,0.011577989796784038,-0.11706468589752728,-0.39284706115722656,1.3050930423225493,481119000.0,-0.26765296226488344,-0.6137215593677521,0.30627974634257954,-0.14877931935774844,0.007160443002230119,1.2608193543848307,0
AVGO,2015-07-02,10.26405011599604,10.42679071218035,10.245126287227919,10.418464660644531,32797000.0,0.01566967898281319,0.017436775061904913,0.015044211861105477,0.0007377809660057626,10.447530937194824,10.573705005645753,10.436759352785769,-0.014681735945112389,0.5301372909545901,0.01679974099653716,0.2408674734408158,0.01504963824799122,0.09883049137198945,45.00741264444934,0.011122747164320046,-0.09401594282399303,-0.4057159423828125,0.9869087221522593,513916000.0,-0.45144303477509273,-0.5866796771303766,0.4940806983731897,-0.0245668593875766,0.000402394437659466,1.2617692268326182,0
AVGO,2015-07-06,10.306436713553488,10.416192015634435,10.13309836744821,10.158077239990234,30188000.0,-0.025310503833018697,0.027868822142152715,-0.014394836696974523,-0.010752826903010555,10.381753158569335,10.538867425918578,10.410218199186195,-0.036131983654195565,0.47943511009216166,0.016957949107888778,0.23423957872088902,0.014835049043389848,0.10177748316133728,33.08590256112521,-0.010132325459339953,-0.09221681235812243,-0.6577777862548828,0.9200348655057019,483728000.0,-0.2634869823074859,-0.8343981270413395,0.19431817699952178,0.03555846653111714,-0.004115091035333856,1.324004393205182,0
AVGO,2015-07-07,10.139156610739331,10.177002827809115,9.549503337726845,10.055136680603027,59268000.0,-0.010185559778814416,0.06240586372820732,-0.008286678397337648,-0.001862619155563895,10.302729320526122,10.518432140350342,10.376400911702085,-0.04404605678155971,0.43829509735107486,0.015217680892052195,0.26768497721230844,0.01605029755565399,0.10987976973358152,32.78225939709546,-0.03488147455481183,-0.09357276916287545,-0.7902383804321289,1.7930604675365531,424460000.0,-0.066422817360739,-0.9645848048960015,0.07364656448812837,0.19045115269271126,0.006365798753860192,1.0731311763819085,0
AVGO,2015-07-08,9.847735805648504,9.941595547109516,9.602488313249294,9.692564010620117,51371000.0,-0.036724621748960726,0.034986329018699275,-0.015757103757983858,-0.020626360589867648,10.199861812591553,10.47390537261963,10.311273587789517,-0.07459885624860313,0.38129631042480483,0.016669037887685534,0.28358068830151695,0.016205465703392926,0.13067364159126943,28.42996690947531,-0.0827974998042631,-0.11319103552986137,-1.0286750793457031,1.537174849113231,373089000.0,-0.10635106457734075,-0.7452647294792488,0.0,0.17187767916439528,-0.015216614840209513,1.2659713107810175,0
AVGO,2015-07-09,9.85378729629132,9.94310571947634,9.364806971904185,9.43747329711914,73469000.0,-0.02667070955362423,0.06127686179900682,-0.042249135914104556,0.01663370863422225,10.084126091003418,10.406622982025146,10.228054512487576,-0.09312816325225666,0.30256778717041044,0.016428291535132363,0.30834342050496666,0.017663988241953418,0.1555710483688571,19.828656823525606,-0.13974410072280818,-0.13611010915872518,-1.1573572158813477,2.1014138328513767,299620000.0,0.045302511322091746,-0.7534158744566082,0.0,0.2885687260690355,0.00118464319348151,1.1296432507444645,0
AVGO,2015-07-10,9.583566993056785,9.902236694549792,9.575240217642305,9.828057289123535,50948000.0,0.04055299868928131,0.03327173081669443,0.02551140885108516,0.015480170522150264,10.013050079345703,10.36215295791626,10.189959538833858,-0.051542924568515315,0.2382059288024898,0.0196139322498544,0.3290513685523158,0.018107257260556356,0.16114541333414448,31.57308239144102,-0.15161016076151412,-0.11838093535794489,-0.7107601165771484,1.4178511545713228,350568000.0,0.47288510886540835,-0.00230952669402266,0.27742275721267307,0.07745995787375902,0.01158021290510294,1.474511928897391,0
AVGO,2015-07-13,9.944625424174824,9.944625424174824,9.723600237250837,9.77810001373291,25304000.0,-0.005096091267183517,0.022604103699852256,-0.01674526723446484,0.011860750463908205,9.967861461639405,10.320921659469604,10.150734822157577,-0.05259429953261045,0.17785550117492654,0.01955508484313461,0.327861888008525,0.018293450966211412,0.1677680579317553,30.241129868377485,-0.16316437608497836,-0.1039481205451273,-0.4518861770629883,0.6982108760195577,325264000.0,0.43145430474755636,0.00719297221080488,0.24193926232959534,0.08172899355450355,0.010343036293908823,1.3453427634730597,0
AVGO,2015-07-14,9.790967692300956,10.02788845759703,9.727384622234647,10.014263153076172,26289000.0,0.023865199531262805,0.03000758323092383,0.022806270796168523,0.0013159692118074138,9.970056629180908,10.281497478485107,10.1377375203403,-0.02599177072291541,0.1235257530212408,0.01991094955038458,0.3325657540880685,0.018131094596232272,0.16436084506978357,37.432772827394295,-0.15151817610777307,-0.07384153645433761,0.021951675415039062,0.7337680099588582,351553000.0,0.4403629636370273,-0.10956891137467029,0.4096804668075076,0.08980703545925034,0.005995788058538442,1.5678522727665678,0
AVGO,2015-07-15,9.966575036053545,10.104337493606852,9.902235454520914,9.970359802246094,23100000.0,-0.0043937202675185475,0.020270285415146826,0.0003797459182377422,-0.004762019560867871,9.96089792251587,10.24414258003235,10.12179678528371,-0.026725787480999033,0.06966771125793514,0.01988649685055191,0.3340796208687123,0.018224723267264632,0.16198641680788525,38.563942167248285,-0.14416921919916703,-0.05319406363658524,-0.09158706665039062,0.6428720517637235,328453000.0,0.4131508162674368,-0.11149015996267284,0.37849693423196223,0.0794680764606492,-0.0036724318768294765,1.603972591795527,0
AVGO,2015-07-16,10.114934260176257,10.201225194403342,9.907533698741537,10.195926666259766,33977000.0,0.022371622272424764,0.028804786949443068,0.008007210320912643,0.014500425340477104,9.954842281341552,10.22147240638733,10.128856773948096,-0.002499223114529785,0.019385995864867667,0.020700326393757518,0.34305479068313094,0.018415860503849357,0.15801497537476425,44.08773199210992,-0.11877459749248409,-0.022239553543921847,-0.06055641174316406,0.9344635161262818,362430000.0,0.24918970036751628,-0.5652110447422267,0.5387118499261643,0.08223460565513331,0.007743967511891539,1.6927252555261145,0
AVGO,2015-07-17,10.215607375844534,10.218634900070045,9.988526455913354,10.117205619812012,29000000.0,-0.007750792879658405,0.022744268780960523,-0.009632491962139732,0.0019302521711828337,9.924716377258301,10.186123657226563,10.12774714022085,-0.0067658747985057804,-0.042014904022215305,0.020271012785824067,0.33526906427514824,0.018449087127134004,0.14859171874726051,47.887776258419684,-0.10380471128516255,-0.0058157338692802485,-0.30125904083251953,0.7935422082364207,333430000.0,0.4190924545856312,-0.2595150055044605,0.4827981151001935,0.059583429538177836,-4.325690768348779e-05,1.6747235832400262,0
AVGO,2015-07-20,10.184570119442993,10.265562507644882,10.124015319208555,10.19138240814209,23563000.0,0.007305000040951782,0.013888909534427167,0.000668883282506224,0.006658409659982096,9.928046894073486,10.15490002632141,10.133807641927634,0.003592588965936791,-0.09216948509216394,0.0204021603936698,0.32332011715627385,0.018415296129410588,0.13717915637668623,53.97153915907498,-0.08497597161166759,0.010410404643371785,0.03330516815185547,0.6477070625716412,356993000.0,0.3527709695759008,-0.3758165731280024,0.5354841687044579,0.051293930067035205,0.0001188702331309196,1.719048037662201,0
AVGO,2015-07-21,10.22620448855597,10.323091761136451,10.153538131782673,10.18154525756836,31532000.0,-0.0009657081691593443,0.01665303496649607,-0.00436713650640537,0.0034168161903197847,9.94068775177002,10.121708536148072,10.138354081512466,0.005911721439860986,-0.14281201362609863,0.020366425943751345,0.3226174694546287,0.01831508621422944,0.1218509458872738,52.44435342949607,-0.07004045286353744,0.020276738713201556,0.12640857696533203,0.8565359352844343,325461000.0,0.38375464016113053,-0.33741489570370037,0.5796010135176373,0.06025131315222405,-0.0041384995931641275,1.6983218741195734,0
AVGO,2015-07-22,9.616114546402322,9.840167226748273,9.490462903077932,9.80913257598877,61346000.0,-0.03726294583667368,0.03565089171797454,0.020072351307206273,-0.055534862033415754,9.952344608306884,10.076103210449219,10.10699965241497,-0.026495424731124078,-0.19920511245727468,0.021652451941521628,0.3461903281039604,0.018721894741726218,0.11165322152577098,41.47674750467677,-0.0872487879548185,0.0024547228975364127,0.11656856536865234,1.5808441253058492,264115000.0,0.2976229210377735,-0.5571409647697053,0.3211275400182549,0.04053919680221934,-0.0033326312705106945,1.7670580364785793,0
AVGO,2015-07-23,9.929486932425347,10.218636474759425,9.878015403308202,9.98928451538086,30608000.0,0.018199122773087707,0.03409864546212187,0.006022222830065666,0.012269622772882663,10.007525730133057,10.045825910568237,10.09578868698315,-0.005628347100024104,-0.2436618900299088,0.022141472504278444,0.3624645762338335,0.01913258872340312,0.10102630079261275,41.87917027345312,-0.08536571871066911,0.003470233713348647,0.5518112182617188,0.7804947706493369,294723000.0,0.11532585670945077,-0.8118941011000241,0.5010343351834615,-0.04425018744770137,-0.0046390261900654105,1.69118182053371,0
AVGO,2015-07-24,10.105848927189149,10.131585042620395,9.714512999866816,9.725110054016113,36311000.0,-0.0268017639648072,0.04288610000382288,-0.03767510038389059,0.011668945020918238,9.997231006622314,10.005140542984009,10.060485960033908,-0.027988661177216254,-0.292971506118775,0.022767960548062016,0.37187212977363754,0.019833925084601724,0.0939772386027413,41.819237176957174,-0.10399129706174826,-0.012124275710184387,-0.10294723510742188,0.9042754539930468,258412000.0,0.1948568101486291,-0.9875746421879624,0.29321028161877905,-0.10547712722206935,-0.008581220388908281,1.765911191115361,0
AVGO,2015-07-27,9.639578737487142,9.650933036226617,9.393574706427984,9.435206413269043,34893000.0,-0.030263150067607124,0.027276385725270132,-0.02120137503637022,-0.008794894459178918,9.962941646575928,9.965401554107666,10.000935527008682,-0.05320359018428564,-0.3297851753234866,0.022798075632062712,0.35073183388119894,0.019719177994364633,0.10469088668149751,39.0595980082502,-0.14052511700254122,-0.03892647652078188,-0.3428936004638672,0.9108172766320668,223519000.0,0.19280109706029178,-0.9907011373412303,0.0,-0.09395611249731305,-0.0067946300631397324,1.8315182509728318,0
AVGO,2015-07-28,9.505598609159952,9.806102330943888,9.34967032222273,9.720568656921387,27869000.0,0.02979606457835261,0.046955278478138206,0.022615098361941213,0.0074605888634205145,9.93357219696045,9.951814413070679,9.9742339203337,-0.023236542234269277,-0.34475022315979054,0.02352202563444068,0.35100209397887217,0.02030069567912264,0.10706195872621287,50.50806333734295,-0.144783114704655,-0.03454757937831651,-0.29369449615478516,0.7396359013624172,251388000.0,0.005062768682447149,-1.1169320568501915,0.2902210497718395,-0.15771212899262566,0.01500282320356303,2.250695747734322,0
AVGO,2015-07-29,9.716785690430378,9.773555736353583,9.495760554805457,9.732681274414062,33407000.0,0.0012453054477548986,0.02854251294481275,0.0016358891174250048,-0.0003891713154369391,9.909804344177246,9.935351133346558,9.951228906436592,-0.02039886220510865,-0.35934649467468205,0.02345322561176026,0.3295375535485843,0.02054080175244722,0.10844452800350418,55.87355007313843,-0.14550295407635794,-0.028213935000015566,-0.23767852783203125,0.8811036279884318,284795000.0,0.04344323471670588,-1.0880025355279233,0.3025399063914694,-0.16226208709660916,0.009414924336681755,2.1264379907084328,0
AVGO,2015-07-30,9.517711077632484,9.748576007143564,9.466996084205656,9.662285804748535,39169000.0,-0.007259180023983468,0.02914216452882235,0.01519007309477116,-0.02208745881227068,9.856440258026122,9.905641269683837,9.923710515799634,-0.024567360967776664,-0.38685327529907276,0.022964309101016097,0.3164530196562455,0.020646501414396234,0.10693101018147798,46.22015937268186,-0.1500243704910229,-0.026188281131744415,-0.5336408615112305,1.0384022459965347,245626000.0,0.19531282849265028,-0.8919494162127158,0.23094582707661385,-0.2111403758191798,1.417279701799622e-05,2.0828608547083167,0
AVGO,2015-07-31,9.714515995012762,9.714515995012762,9.458672132924413,9.472296714782715,30593000.0,-0.019858842869615326,0.027009696752739596,-0.024933746581410808,0.0054055728964836364,9.791949367523193,9.858332872390747,9.880718725226593,-0.03915836097374858,-0.4287022495269781,0.022827348465551102,0.3189400678822714,0.02082192489942054,0.10249291229226419,43.44576943352494,-0.16701293616370805,-0.03454147744354363,-0.6449089050292969,0.8134218730266348,215033000.0,0.4031554378475076,-0.7322928051013876,0.04875682076332993,-0.16776326537411343,-0.002141060014272387,2.1165730902202693,0
AVGO,2015-08-03,9.569182309222185,9.650173981699847,9.404169996846017,9.522252082824707,27273000.0,0.005259981034786403,0.025834643155394046,-0.004904308940086416,0.010228310763140286,9.725036334991454,9.82654161453247,9.846579044997842,-0.03096608586566085,-0.455308570861817,0.022396593484224334,0.31504722141737485,0.020781859701633595,0.10294698238519784,38.54009119851313,-0.17443474103595058,-0.03357062585262893,-0.6691303253173828,0.7279691441231031,242306000.0,0.25092378458867187,-0.679443660695618,0.1144253331881152,-0.19957186654566056,-0.0014653749001588355,2.0391993806011532,0
AVGO,2015-08-04,9.503328042619076,9.503328042619076,8.989368772087007,9.345885276794434,47467000.0,-0.01869521505855493,0.054993107101184366,-0.016567118903282718,-0.0019873492153987702,9.641470336914063,9.791079044342041,9.798893924216564,-0.045469326217949156,-0.47745454788208086,0.022614903938572642,0.33867445510678645,0.0203615473617066,0.10965607693866831,36.300130373375936,-0.19233083204612456,-0.041173373490242304,-0.8356599807739258,1.287259877774448,194839000.0,0.28844482025249674,-0.7493243925968838,0.0,-0.25113344817676553,-0.0031955861359850304,2.1642302141929495,0
AVGO,2015-08-05,9.310310857954818,9.513926636749733,9.158923836254386,9.442774772644043,34158000.0,0.010313705656301258,0.03759517818298996,0.014227657547413708,-0.0038064257998058396,9.60483455657959,9.778589582443237,9.76497781454299,-0.034341845173531685,-0.4805880832672127,0.02143921456736634,0.34305383402346795,0.020468289568001535,0.11406418948419812,32.48849298604442,-0.1964311050256793,-0.03621891717583764,-0.36635780334472656,0.9484697532612496,228997000.0,0.19822970289612976,-0.6642329355444203,0.11398209064941066,-0.3983198901948878,0.005833079199858414,2.1978412466185895,0
AVGO,2015-08-06,9.464727213972134,9.491977099651736,9.128648178071955,9.33074951171875,46052000.0,-0.01193452959601363,0.03893887846137942,-0.014155474223710027,0.0023247871369004723,9.538981056213379,9.773253393173217,9.723622738083538,-0.0452770293780363,-0.45894492149353106,0.02077729014250607,0.3525695824108315,0.01953641691364318,0.11731227083414211,31.99301402741297,-0.2063415265504176,-0.03690347096046076,-0.6585350036621094,1.3293325193148964,182945000.0,0.1983575238083665,-0.47592512244023766,0.0,-0.3273735720733593,-0.0053994025812081495,2.167669591244618,0
AVGO,2015-08-07,9.160435955654359,9.384488563222593,9.145296895263735,9.276247024536133,30527000.0,-0.00585829560958463,0.025785392203153946,0.012642528075736752,-0.01825293411322312,9.494094753265381,9.745662879943847,9.6810155272695,-0.048166641993340975,-0.45712247848510756,0.018321130547701448,0.3590577809912592,0.019322462445921527,0.1259710405416319,28.856234315023812,-0.21610240818635695,-0.03733148207712006,-0.44886302947998047,0.9079498779069592,152418000.0,0.027845931019979887,-0.5393617232102987,0.0,-0.3460760070402003,-0.0022855175311414667,1.8885597394095746,0
AVGO,2015-08-10,9.347400783722597,9.643362544812915,9.31031108881361,9.634279251098633,28907000.0,0.03787044424465546,0.03456942101980611,0.030690720736901995,0.007670533028956484,9.51400203704834,9.738471841812133,9.676564453348465,-0.010699069864242865,-0.4334715366363522,0.02049923061711307,0.37316934462861656,0.01966023638525187,0.12642698318078255,39.10815137888038,-0.1927261417287749,-0.011164172495630398,0.19907283782958984,0.85518481867224,181325000.0,0.14241448143090832,-0.6010573795365455,0.38930102007964185,-0.3320897815986516,0.011826994897520017,2.4190677632649695,0
AVGO,2015-08-11,9.510140650164528,9.554799869973559,9.304253893959299,9.401898384094238,26744000.0,-0.024415869144963815,0.02664844540030763,-0.011381773407799138,-0.01288509474333003,9.482135009765624,9.707853603363038,9.650405780086157,-0.031516258016874764,-0.4307890510559069,0.020279422293334334,0.3473795591035384,0.01955925527339374,0.12747476818149298,41.41667856092083,-0.19075259880390938,-0.007352503656611914,-0.31867027282714844,0.7906624725053805,154581000.0,0.3482943642761484,-0.4104868883249188,0.13662513824527256,-0.41015553781981484,-0.006692983509980479,2.3833518111850385,0
AVGO,2015-08-12,9.203581470020147,9.58886160822068,9.130158614773245,9.516952514648438,27205000.0,0.012163058907984666,0.04819851651664932,0.034048815160552526,-0.02109328414031745,9.460562133789063,9.685183238983154,9.637695945282564,-0.01736990617625935,-0.4261735534667981,0.020556454832851456,0.35089378015187983,0.020458141773212514,0.12626257384925882,39.763706160451356,-0.17785444964416186,0.0044365164025084725,-0.215728759765625,0.7994404945041219,181786000.0,0.22318742320531892,-0.612267958546245,0.26172753704094953,-0.44621763928330077,0.0018014673730574957,2.4377469094744733,0
AVGO,2015-08-13,9.50862717225543,9.599459376326982,9.386760324997935,9.400384902954102,14571000.0,-0.012324047987906548,0.02262663213247139,-0.011383585372168692,-0.0008747907883530048,9.434372043609619,9.645406150817871,9.615094893632234,-0.025402895821962312,-0.43799394607543896,0.019812352903774106,0.3362957093358418,0.02030271317796108,0.11899812072166122,42.481600857286864,-0.17502107160978753,0.005815915549506279,-0.2619009017944336,0.44074743456922677,167215000.0,0.4216678197676971,-0.19858863879440145,0.13564974023004575,-0.4607029444351613,-0.0022881622487776012,2.3819052431954337,0
AVGO,2015-08-14,9.386007738974959,9.423854689912467,9.171794819601079,9.231593132019043,26496000.0,-0.018118998254262435,0.027304048871488747,-0.01645157462956275,-0.0015294229042286049,9.410301685333252,9.601125526428223,9.57857091633574,-0.03848844523562521,-0.45374996185302585,0.02004791074516357,0.3306188895303603,0.020398539183169216,0.11603489986112668,45.005620448136234,-0.18427151702371525,-0.0027476238915371543,-0.24070358276367188,0.8045046918813219,140719000.0,0.47220585805625626,-0.2811370135208526,0.0,-0.43496923571858503,0.003594030550287052,2.2685796582311846,0
AVGO,2015-08-17,9.183144550187881,9.501057624816895,9.143783856305426,9.501057624816895,21293000.0,0.02877148403182222,0.03760357870077843,0.03461919525989785,-0.005248127938299348,9.40818223953247,9.566609287261963,9.57118869809585,-0.006852131241926029,-0.46119077682495124,0.021277943291870615,0.323536158086811,0.02095512260181361,0.10113631366906231,44.57334607865066,-0.1679233136687177,0.010880463570768328,-0.0211944580078125,0.6487604753656568,162012000.0,0.4434617486570071,-0.6650836330086575,0.2836611264019443,-0.46611457375096044,0.003054558424681995,2.369583569929427,0
AVGO,2015-08-18,9.519978948873735,9.519978948873735,9.21796223416251,9.25278091430664,19502000.0,-0.026478975612112713,0.032640642546484695,-0.028067082471651336,0.001991496610589741,9.398871803283692,9.520171070098877,9.540864147258784,-0.028086696503930843,-0.4834077644348138,0.02186937198201984,0.32526626759846106,0.021281776932200774,0.08561226671819798,39.376583538953284,-0.17300678579688977,0.004637593154077024,-0.09310436248779297,0.6052846796432598,142510000.0,0.5337295649056439,-0.7531303199824496,0.027963604276391673,-0.5303909536421944,-0.0018441093817414505,2.482561208998015,0
AVGO,2015-08-19,9.202826302380322,9.293658520162749,9.030245160780742,9.192986488342285,30891000.0,-0.0064832906220895275,0.028653730692360574,-0.0010692165324036617,-0.005398875472030169,9.373892974853515,9.489363765716552,9.507732941647689,-0.03123257621682729,-0.4864128112792976,0.020544377538379163,0.32396865591589663,0.021076289412403335,0.08613859596209668,39.562266816202786,-0.17978790152071156,-0.0017148180557957915,-0.2497882843017578,1.0063263923275387,111619000.0,0.6206539957570307,-0.6578080591273303,0.0,-0.4635259198055482,-0.009500757416084006,2.1564832540207832,0
AVGO,2015-08-20,9.089287833971113,9.131676065466078,8.707035064697266,8.707035064697266,41756000.0,-0.05430952808070285,0.04876987368556985,-0.042055304643849975,-0.011280192188107014,9.311521530151367,9.425251293182374,9.431476000985743,-0.07620128157671585,-0.509003562927246,0.022699183697426933,0.3404049103128016,0.021549347925749824,0.10086879348541009,34.95979202082151,-0.22181723223304317,-0.034995319014501924,-0.6237144470214844,1.3360124399280733,69863000.0,0.32024313179801633,0.05840436291269987,0.0,-0.35534417156125375,-0.020571515278543225,2.3418147245128615,0
AVGO,2015-08-21,8.534451440529901,8.741851990977935,8.42696712129263,8.436050415039062,56472000.0,-0.03161708824623568,0.03732610093826535,-0.011529859424618209,-0.0198211702244207,9.22750186920166,9.36079831123352,9.336673564228915,-0.09878942633523147,-0.5278283977508558,0.02293722414679267,0.34532497351504976,0.0213723391408432,0.1343743105335304,30.358600366261427,-0.2738353724250331,-0.06961076736519348,-0.8401966094970703,1.750404884966175,13391000.0,0.3107753340340646,-0.019938313482545832,0.0,-0.24280497858589448,-0.03153228132023138,1.6718142753938725,0
AVGO,2015-08-24,7.651863312339459,8.705517979624704,7.5693571633351535,8.321751594543457,69040000.0,-0.013641477911356364,0.13652904704211985,0.08754577205375233,-0.09295666385559083,9.096249103546143,9.30512557029724,9.240014329020775,-0.10568089245737736,-0.5378816509246835,0.022360900946696953,0.38841622391161046,0.02821879255817061,0.16767974458001256,31.05570989296956,-0.32058754916855037,-0.09309035528696857,-1.3125276565551758,2.0324054448683526,-55649000.0,0.2760270575021663,0.21673595373638896,0.0,-0.13877532069509918,-0.03974356842896128,1.0680234720218194,0
AVGO,2015-08-25,8.638907651956687,8.704760980262256,8.190044447822206,8.213509559631348,43921000.0,-0.013092454974510438,0.06266706431355039,-0.049242115898364434,0.038111694852942794,8.977410221099854,9.22977261543274,9.142251970031307,-0.1101070521500246,-0.5614498615264889,0.020698699942881153,0.39982434762194635,0.028676223180334134,0.19372197906329694,27.35631679352798,-0.3621980203518316,-0.10776066117619981,-1.1883888244628906,1.2631067346903557,-99570000.0,0.38083656185823606,1.0032401527212313,0.0,-0.19012851655398103,-0.016013593986177577,0.943497047610907,0
AVGO,2015-08-26,8.523099426042602,8.836470591153043,8.415614365245537,8.7955961227417,59354000.0,0.06847084973346164,0.04784851641162386,0.03197154963917927,0.03769276265688673,8.905274581909179,9.182918357849122,9.109237127432296,-0.0421785558350927,-0.5698668861389145,0.027201354215370295,0.4183694983320831,0.029159484067939435,0.19191270005732358,41.59733758600235,-0.344236948348712,-0.0718396713384642,-0.7213563919067383,1.6455431243250882,-40216000.0,1.1717633984234102,2.2597733777192572,0.40177809448103374,-0.17821774132512597,0.03698256090913401,1.2972112177346389,0
AVGO,2015-08-27,9.121076504710048,9.613084484361824,9.111993211615008,9.557071685791016,91882000.0,0.08303021549900638,0.052431465274818345,0.04780084679454387,0.037004925809041446,8.920943260192871,9.177657651901246,9.151888037752173,0.041341053225902334,-0.5532824230194091,0.03398408733506301,0.4596764050221736,0.029773571209943256,0.189655906030486,53.60826974859798,-0.26549746584263545,0.00551984893408991,0.15668678283691406,2.373892913613674,51666000.0,1.2708485732782404,1.5762846803802295,0.945657923850796,0.2839973901048817,0.0257155528019744,1.5719151963795213,0
AVGO,2015-08-28,9.501817671365869,9.667586546577752,9.43823460454967,9.660017013549805,36322000.0,0.010714038336470859,0.02374239522238448,0.016649376728642428,-0.005781479541196279,8.963785648345947,9.1870436668396,9.200281273542423,0.051482649190246456,-0.5206131362915034,0.03373835511393236,0.4498361494329807,0.02973240143651822,0.19321905370987238,50.353897087614975,-0.19256921305121644,0.06275848138040718,0.4284238815307617,0.9315327768894107,87988000.0,1.1618313496741115,1.4437026097870527,0.9999999930867969,0.2717316595569803,0.0023331338761229028,1.5756201442247728,0
AVGO,2015-08-31,9.58583715598249,9.691808455711357,9.46169998709962,9.535122871398926,30087000.0,-0.01301328413514189,0.024132721882444946,-0.005290543090334974,-0.007679060757684409,8.96719217300415,9.187687206268311,9.232170949528758,0.03781535624280096,-0.4943549537658676,0.0338767101929552,0.4426992288238667,0.02970527025161016,0.19343221873629637,51.887657241754525,-0.14320023758221367,0.08970196547952797,0.03406524658203125,0.768852368947942,57901000.0,1.2326232420076786,1.522857338008153,0.9136581350140068,0.26986272827719904,-0.006875969117330021,1.5806841398397082,0
AVGO,2015-09-01,9.19828476488525,9.463211879040944,8.939412698627347,9.035543441772461,49749000.0,-0.053816054581134115,0.05797096579850391,-0.01769257281065412,-0.03532603733131105,8.945468425750732,9.172170114517211,9.213444520218633,-0.014895784845894556,-0.4736754131317138,0.035681557439000346,0.4524854559184484,0.029751097294646582,0.1935864609431517,43.84914675729221,-0.1427414194204939,0.0721286269129982,-0.2172374725341797,1.2676050954927132,8152000.0,1.0306451457060921,1.1424423392367655,0.5682887248395514,0.2981587066438029,-0.0289092513283223,1.6296240834071842,0
AVGO,2015-09-02,9.245973270382844,9.391304553697667,9.095342736346238,9.389034271240234,36700000.0,0.038376370674179726,0.031522072290520446,0.01547278977767783,0.02328911702615912,8.965073204040527,9.169483089447022,9.230167353649263,0.02394368138444498,-0.449718341827392,0.036731559927337,0.46270417453245977,0.029623307141837522,0.19296077813259824,49.86325281948091,-0.11255656501236722,0.08185078505689991,0.19604778289794922,0.9320978169354807,44852000.0,0.8891929172891979,0.5481672760683105,0.8126641174906193,0.19474405700186703,0.01898608762814028,1.6451286420394782,0
AVGO,2015-09-03,9.491978649257204,9.605518775319188,9.326209747583679,9.368597984313965,29954000.0,-0.0021789845044147445,0.029813321897793996,-0.01299841364718095,0.01096432018917014,9.031229496002197,9.171375513076782,9.243351223236377,0.021504132149091096,-0.4233012676239021,0.03662583382144097,0.464650542919897,0.029424027038610783,0.1932726981840756,51.711736910473405,-0.08925501176920747,0.08412187064004772,0.6615629196166992,0.7766411321111835,14898000.0,0.8549782148655588,0.5373702131560808,0.7985360971132411,0.18117050012840702,0.0021404460240893194,1.6330191356491273,0
AVGO,2015-09-04,9.177092748454093,9.371625298351061,9.132433508083883,9.170280456542969,24923000.0,-0.021395586974987866,0.026083366930798883,-0.0007423148147706197,-0.020441184068364614,9.104652500152588,9.166077184677125,9.23639210259891,0.0004585682377064113,-0.40122885704040456,0.03693180169306666,0.45621611590244765,0.02942459571380185,0.19308465400874428,45.79246582493858,-0.08580185960009779,0.07006001824732594,0.7342300415039062,0.6509273684361732,-10025000.0,0.8910721563382059,0.5007782125452414,0.6614351607421478,0.19887807100066585,-0.01641495137970892,1.6347732864094684,0
AVGO,2015-09-08,9.491976413096069,9.789451964169835,9.448074424235255,9.77658462524414,35477000.0,0.0640223327940073,0.03491787292506319,0.029984083341753516,0.03508027459766192,9.250135803222657,9.173192453384399,9.287839009517503,0.06577777303465883,-0.38504555702209586,0.03890310781090139,0.4788700296821363,0.02943210999218773,0.19685006830665563,56.10664297828548,-0.03375245501736579,0.09768753826404636,1.4548330307006836,0.9186898499234143,25452000.0,0.8738355050691878,0.10992182607615615,0.9999999936023547,0.17370942536541165,0.02691268087151916,1.6724815760660452,0
AVGO,2015-09-09,9.853792080974705,9.97565896134771,9.560101280190937,9.625954627990723,31502000.0,-0.015527145347891944,0.0431705422251517,-0.023121804365312623,0.007897180732339434,9.391380310058594,9.184395265579223,9.320040496991144,0.04807712964897978,-0.36651560783386294,0.03864979844103221,0.4897374812374768,0.02976853501984004,0.2003863966485897,54.942966838197975,-0.0046044317774089905,0.10146844920320253,1.412445068359375,0.8107610761590894,-6050000.0,0.8656240480384946,0.14606738591009993,0.9036322633483459,0.12935715680722124,-0.014098947176722476,1.661382328697034,0
AVGO,2015-09-10,9.729654875493699,9.776585112798315,9.446560411344358,9.743279457092285,36224000.0,0.01211470350602377,0.03387203482858201,0.001400314991531678,0.01077298320121234,9.486148643493653,9.195711612701416,9.360348969381729,0.059546000011471714,-0.34882591247558636,0.03864910920501312,0.4785998582238295,0.029395551215468763,0.2050357060233989,62.917496744098806,0.027644056350629498,0.10697354986499281,0.9476833343505859,0.921594268530344,30174000.0,0.8658655283702176,0.14659414670563004,0.9786925281635636,0.12792727028349976,0.004879219048970598,1.6567228242201435,0
AVGO,2015-09-11,9.70088899044895,9.932511155417004,9.608543021204339,9.921914100646973,39606000.0,0.018168095487307065,0.03265177773157925,0.022784005691415848,-0.004350739074047405,9.522632884979249,9.22178807258606,9.413831362835563,0.07592085415441219,-0.3160580730438234,0.03866606899951857,0.4792486628329267,0.02957828602258189,0.21558041683187248,68.95882049455697,0.06684499090715157,0.1169395875372119,0.36484241485595703,0.9765382770902087,69780000.0,0.7401923264737552,-0.016301985564820244,0.9999999941465855,0.12317702859301959,0.00542393583992032,1.6600734110903437,0
AVGO,2015-09-14,10.029399850351865,10.122503068120922,9.885582358799926,9.930241584777832,34643000.0,0.0008389501625161394,0.023858504051461272,-0.009886759622180849,0.01083316672716242,9.549655342102051,9.256720495223998,9.463013288734826,0.07276022746649144,-0.2713611888885499,0.03834679123740986,0.41501722662088714,0.029525163039256088,0.22542538140997376,71.09390333094612,0.0974605082720501,0.11804408392168836,0.27022457122802734,0.8456751999882824,104423000.0,0.6872126089954239,0.007389023720608091,0.9999999941749791,0.14339479066482191,-0.005613316310943011,1.6876967694106397,0
AVGO,2015-09-15,10.001393212289372,10.214848801626058,9.915859528176139,10.171703338623047,30804000.0,0.02402487608604642,0.029394218765767855,0.017028640165263887,0.007165145671844387,9.613313388824462,9.290252780914306,9.530507579200371,0.0948790713822968,-0.23810142517089794,0.03819575851573284,0.3996081366930207,0.029345472972768568,0.2404515031374022,74.81296191314723,0.1395982699527476,0.1281454764819087,0.6365804672241211,0.7433316964463463,135227000.0,0.7089251382345755,0.07829357892187658,0.9999999948932532,0.17299573757459877,0.013933837666173142,1.6586150830100401,0
AVGO,2015-09-16,10.166390639327615,10.166390639327615,9.890761468687423,9.984156608581543,27317000.0,-0.018610185166693643,0.027606655341044815,-0.0179251454160995,-0.0005223018326988876,9.708174705505371,9.326821565628052,9.573712248665245,0.07047792622849948,-0.20011303901672406,0.037913006741027384,0.3751781965797299,0.02925812764872758,0.24850177012829694,66.73383412017317,0.1560603296143377,0.11568602891479901,0.948613166809082,0.6530293178297537,107910000.0,0.7084425028492828,0.1308836257985341,0.9042246272581254,0.14233105822012465,0.008908883343941727,1.6026662563439924,0
AVGO,2015-09-17,9.985672481104567,10.103365171045652,9.886203334254606,9.91733455657959,19918000.0,-0.006715306160808633,0.021897197813902487,-0.006843597623079855,0.00015182779902721778,9.761004734039307,9.363038969039916,9.606438182752326,0.05920039303270217,-0.16839104652404835,0.03791654309357275,0.33229773052051,0.029148641343618432,0.25338084122463883,56.305541288102965,0.16184895534774313,0.09717972371856357,0.5283002853393555,0.48247988556908417,87992000.0,0.7091667250774819,0.1306224971096428,0.87010029677684,0.13538091457121132,-0.001705072255345561,1.6033832007812034,0
AVGO,2015-09-18,9.760159086993825,9.832293653113629,9.612852938538726,9.688024520874023,44021000.0,-0.02339365399497444,0.022650718304395707,-0.007390716217117775,-0.01584855978076161,9.792947387695312,9.412088441848756,9.614208310192486,0.02931719994312925,-0.1243525981903062,0.03608900621754372,0.33766413594999445,0.028599648840610472,0.24492902538608124,50.46943707262576,0.1462472324290527,0.0652624006398985,0.3194265365600586,1.063417061634272,43971000.0,0.8933357014911631,0.3011401936767671,0.7529974660995753,0.06581476540648937,-0.015377700013456026,1.5476179668394034,0
AVGO,2015-09-21,9.747251040097607,9.82394113335908,9.58399946431116,9.662967681884766,16515000.0,-0.002589722814282138,0.024831053636806533,-0.00864688492987956,0.006113374207091775,9.842216110229492,9.47343430519104,9.618852059877465,0.020006828610169534,-0.059704942703247,0.03509636142534488,0.3383665074097217,0.028367178019106813,0.22396702159315357,52.217029256618915,0.1303581890556771,0.03949868581321832,0.4926872253417969,0.4191842468960948,27456000.0,0.9038238345238089,0.46947951748072064,0.7402015726950926,0.04497453477123387,0.004520513354816893,1.579898620724951,0
AVGO,2015-09-22,9.490605425123418,9.555146736370009,9.39265475803323,9.468585968017578,22483000.0,-0.020321235439772538,0.017161166272770163,-0.002320131972228944,-0.017837403832414406,9.811416244506836,9.530776023864746,9.604541003509857,-0.006525182800035832,0.0038270568847664777,0.035332438119597895,0.3151238467725758,0.021384672878422755,0.19145153538284743,58.39865830460508,0.10091771135715177,0.008046566491754392,-0.3079986572265625,0.6064995778268738,4973000.0,0.9013960883200397,0.4217012506354396,0.6409357518351064,0.038190720504957025,-0.011968758684554652,1.922929176907165,0
AVGO,2015-09-23,9.477696836998717,9.703970488735477,9.401006018102853,9.532366752624512,21879000.0,0.006713455382690255,0.031782712329168676,0.005768270130216982,0.0009622206538456076,9.802057456970214,9.596718883514404,9.5976672653303,-0.006705638833850003,0.07940784454345717,0.03501682078625136,0.3113526581088199,0.02021019662978483,0.1396083014626025,53.13180417705621,0.081789676475303,-0.008865174712075513,-0.09358787536621094,0.608290702846975,26852000.0,0.8429912638057298,0.434692816986068,0.5354020500916542,0.10640776373027361,-0.002746948849730447,1.964778141016543,0
AVGO,2015-09-24,9.423026084899902,9.51793972511708,9.069947227430628,9.423026084899902,44995000.0,-0.01153675699574002,0.04754231742273554,0.0,-0.01147046379583591,9.770032119750976,9.628090381622314,9.581034771955975,-0.021298542948957416,0.12172601699829144,0.03194717419818454,0.32443197935584667,0.02018478537863636,0.11674209411005068,51.14477240564697,0.05714891580664627,-0.02680474830458579,-0.3202533721923828,1.276452090138879,-18143000.0,1.0840342023487306,1.6792100661932472,0.34104586932796815,-0.20924255904102923,-0.003948034630202581,2.021750352256005,0
AVGO,2015-09-25,9.564252755109782,9.789767400648246,9.506545852312,9.623478889465332,35087000.0,0.02104955278962134,0.02943026646548601,0.006192447628695617,0.014987400962010636,9.740188598632812,9.63141074180603,9.585077068861628,-0.0008235400342791172,0.13649533271789593,0.025801430327026618,0.3335426597473585,0.01926877820570679,0.11649775463582755,59.52347487706824,0.0531827439568584,-0.024616736123498933,-0.2984352111816406,1.082587942721912,16944000.0,0.5776023257542751,1.3640572174767984,0.51747596808148,-0.3566357641254279,0.0029551488674186025,1.778408909313999,0
AVGO,2015-09-28,9.56425418066677,9.732061948419283,9.173210581439026,9.176247596740723,39887000.0,-0.04758746768358078,0.06090194935125044,-0.040568409850993095,-0.006154189090952743,9.664789199829102,9.607222270965575,9.546140928659636,-0.04485944653104639,0.13112602233886683,0.027724166355373326,0.3292340782726007,0.020590293762417305,0.12416163726140979,36.48073029699717,0.013792702843446136,-0.05120542178952896,-0.7539939880371094,1.223957494273295,-22943000.0,0.5208111597716447,0.9188110205018295,0.12384185898470139,-0.39014483187042803,-0.025323324808458746,1.7949100487358103,0
AVGO,2015-09-29,9.256734104699973,9.300014830458084,8.964400025996959,9.086648941040039,47991000.0,-0.009812175673780088,0.03693493677036033,-0.01837420860882603,0.008771178753702981,9.556283760070801,9.584798574447632,9.502379786981578,-0.05197288487792474,0.13079699516296373,0.027668697258663905,0.3235238727943401,0.02092629219222851,0.1335386430987963,37.51185075484376,-0.02437309338783855,-0.07149697441665091,-1.0850543975830078,1.4332624034046362,-70934000.0,0.5070995805081365,0.9388395497578548,0.04498090362054899,-0.4168155662650897,0.004598422571198993,1.7591043018637451,0
AVGO,2015-09-30,9.247624756046307,9.508826962468717,9.187639706634277,9.492122650146484,43955000.0,0.04365607304386489,0.03383724245188834,0.02643899382659635,0.017715641492345637,9.507080364227296,9.607627534866333,9.501402916806807,-0.012022206749840857,0.16741440773010297,0.026869799550621562,0.33010625279253436,0.02001824337042852,0.1223886232381807,44.86894325234546,-0.021651833373798723,-0.05502057152208887,-0.4920339584350586,1.3241830990795032,-26979000.0,0.6361710652048982,0.42489201675523564,0.37368974889439005,-0.3207799138127564,0.018272448348866474,1.7991495371113104,0
AVGO,2015-10-01,9.347853509149795,9.483769752235336,9.073742898890446,9.274200439453125,45674000.0,-0.02322586112430214,0.04421155824479384,-0.007879142473273247,-0.01519882815615146,9.44276695251465,9.601885843276978,9.479764585630265,-0.03412719218194196,0.1723713588714606,0.026026342209109966,0.3368499397242039,0.02043196312798756,0.12477929256318387,36.97647462909117,-0.03665715548792292,-0.056020714908970454,-0.6431341171264648,1.3576179117343259,-72653000.0,0.8839753548569421,1.163330953183564,0.1728498562858822,-0.38169330698710585,0.0020129854445540872,1.7569649464336587,0
AVGO,2015-10-02,9.110949490710773,9.366837297825027,8.975792854635241,9.364559173583984,35207000.0,0.00969586430529512,0.04175791252142275,0.027835702837934333,-0.01760269791537721,9.410420417785645,9.60168390274048,9.468792641625859,-0.024696160726750637,0.18466392517089858,0.026117360631601347,0.34785877785768893,0.020846016714937753,0.12485143555530821,38.98909651447371,-0.040787612478718316,-0.04812093751981268,-0.32346534729003906,1.0383891651477344,-37446000.0,0.8020314968729091,1.0049742743785979,0.25612561969403813,-0.40059252433347275,0.014664614689855186,1.689250264850687,0
AVGO,2015-10-05,9.412393620655308,9.481491157602616,9.18460079213617,9.20434284210205,39085000.0,-0.017256842364030637,0.03225546573361761,-0.022103918165476532,0.005108029773174768,9.364557933807372,9.603387022018433,9.443606946433116,-0.041552441715192574,0.1967823886871347,0.02595702796025662,0.3477088558588694,0.02099413120610733,0.1237904043478928,30.55550804229989,-0.056339699384837516,-0.0509384195407455,-0.45862483978271484,1.1291837000014442,-76531000.0,0.8063603505031358,1.0674515869902153,0.10846820236800708,-0.37093352478377184,0.021866763739175576,1.413705325435202,0
AVGO,2015-10-06,9.16941677999858,9.18839921769235,8.468574231444846,8.892269134521484,115846000.0,-0.03449315804581662,0.08094952756698635,-0.03022522062465197,-0.00379451990246541,9.306926250457764,9.5591712474823,9.391098583393912,-0.06976568313270967,0.1634253597259523,0.021980731741715567,0.3801964801961252,0.02319594538735492,0.13960522698198338,29.098786603925987,-0.09277710369794079,-0.06990065908307902,-0.5763168334960938,2.9987096172986343,-192377000.0,0.320261222004928,0.04689729746077701,0.0,-0.28533882066968064,-0.0015782599084230853,1.1404129682145676,0
AVGO,2015-10-07,9.00920272443246,9.076781770495689,8.794318244747439,9.008443832397461,37284000.0,0.012980078413908018,0.03135541839300369,-8.423520453141513e-05,0.013150028203377018,9.254533958435058,9.528295707702636,9.354655273775203,-0.054558746989699466,0.14679231643676616,0.022158387692887426,0.38486088655021117,0.02287850086008301,0.1490341380423651,32.92439476189526,-0.11100014139248238,-0.07049895742209648,-0.5239229202270508,0.9579392128424077,-155093000.0,0.13425634055459565,-0.11909375224755943,0.09080161886834967,-0.308018424132597,0.009070951826139985,1.2049310175756986,0
AVGO,2015-10-08,8.92339722234057,8.956806561617364,8.640174919880499,8.860374450683594,41409000.0,-0.01657331431725276,0.035735695273587435,-0.007062643297842525,-0.009440765979028883,9.198268795013428,9.484150457382203,9.30758090967124,-0.06577036170439234,0.1200932025909438,0.02204472953491387,0.38941712186993244,0.022924228749287803,0.16061571973804267,33.96108579322839,-0.13582429378113403,-0.07625848784859851,-0.5626516342163086,1.0568831785361519,-196502000.0,0.3206471281055144,0.013254927163374555,0.0,-0.37866100562773025,0.010357886021501136,1.1205495361732556,0
AVGO,2015-10-09,8.850502367528449,8.96591689093788,8.773052700052899,8.87707805633545,34479000.0,0.0018834283652597451,0.02172608931044325,0.0030027322374915314,-0.0011141835156168825,9.123628711700439,9.431908655166627,9.266580637924974,-0.058824848556925206,0.08355555534362935,0.02144643356873621,0.386054444858294,0.022676361563487235,0.16505095924917912,34.72088897486054,-0.15239307946063008,-0.07426181882247564,-0.7464008331298828,0.8858042413475506,-162023000.0,0.40703411095749464,0.3992070302486766,0.012737922330623961,-0.41443089067074085,-9.73481069671937e-05,1.0871881384966229,0
AVGO,2015-10-12,8.928714181080716,8.95832761949762,8.789760932899247,8.935547828674316,24184000.0,0.006565004252219668,0.0188647287935489,0.0007653562928945379,0.005816792915143379,9.0995587348938,9.38217396736145,9.235053703710625,-0.04760369395886408,0.04455584526061962,0.021571581929842373,0.37878685648306804,0.022596669984307066,0.16443650967079432,39.05854897546033,-0.1589733931886368,-0.06467370604038589,-0.24069976806640625,0.6297752662691074,-137839000.0,0.3640731836732058,0.28942104724683765,0.05732610492214866,-0.4458975568120186,-0.00017498717781901446,1.1193998129078828,0
AVGO,2015-10-13,8.833801543366295,8.858858736759064,8.596138014184428,8.612083435058594,32475000.0,-0.03687119171052898,0.030506058638502767,-0.025098832814872487,-0.011386686889136851,9.052102184295654,9.304192972183227,9.17572320193424,-0.07438684241072456,-0.015221776962281552,0.02148085709067652,0.38139009533001555,0.02260616544302042,0.1612963467677756,32.92957983063674,-0.18812067445270486,-0.07505678984356315,-0.4745655059814453,0.8438451274602404,-170314000.0,0.5137572344080308,0.6158366084495066,0.0,-0.44993999260988105,-0.0077818185827812445,1.107990092119675,0
AVGO,2015-10-14,8.580193232612334,8.941624247623754,8.533115858447456,8.918845176696777,33530000.0,0.03500020602706851,0.04580283440569447,0.03946903461364662,-0.003702960228699008,8.994774436950683,9.250927400588989,9.1512586281021,-0.0358971818881744,-0.05994654655456699,0.023420753379673098,0.377539299900188,0.02317001614793903,0.1505664062802237,41.28610316109235,-0.18434201600238787,-0.057022505114596916,-0.573277473449707,0.8642821792386686,-136784000.0,0.39453476886770994,-0.06207817035189954,0.2350212416829834,-0.5219446330182772,-0.0041401515654039085,1.0724628038191497,0
AVGO,2015-10-15,8.959846646069836,9.262811074703437,8.936307962003209,9.25369930267334,49316000.0,0.03685692247434487,0.03528352301798572,0.032796616714911436,0.0045971724545895345,8.992724323272705,9.217745637893676,9.16101488282317,0.003900483497055391,-0.08934679985046401,0.025302104106110546,0.37591248434721053,0.02348527601715681,0.13495972498029632,43.892728318633395,-0.1525687548479997,-0.02019939516816699,-0.020501136779785156,1.2247827523090713,-87468000.0,0.30597456903574793,-0.5841633829779932,0.5963299200208363,-0.29185125980591725,0.01427486131267644,1.2158461204256303,0
AVGO,2015-10-16,9.255977083703867,9.262051840018572,9.104115417171714,9.192955017089844,19866000.0,-0.006585964489308722,0.017180158325745046,-0.006808796734911106,0.0002461481571882009,8.975563907623291,9.192992162704467,9.164056800372377,-4.04064464817064e-06,-0.11134438514709544,0.024881724138981844,0.3472757026233963,0.0234031038626807,0.12646186942963575,50.316319666128024,-0.130782196897826,0.0012697302256053922,-0.17160415649414062,0.5086366586570773,-107334000.0,0.24087159881902687,-0.45800458518170795,0.5527455362073549,-0.2906084387844495,0.0038850770985696514,1.2158677703606486,0
AVGO,2015-10-19,9.18763903179095,9.207381082830945,8.91200993325057,9.032739639282227,18593000.0,-0.017581717230787785,0.03270006233422737,-0.016859542675125398,-0.0005782673024084132,8.958403587341309,9.16148076057434,9.151550404078076,-0.014052435901586573,-0.13798563957214327,0.025110192214453965,0.34440115584619996,0.023576488573036788,0.11808952445857546,49.00591189902588,-0.12500327483151175,0.005638921833535732,-0.17160320281982422,0.47478055475757275,-125927000.0,0.3201732651365533,-0.5196086603496293,0.41591664094556746,-0.2864103438467628,-0.0007547601141271109,1.2332792441438032,0
AVGO,2015-10-20,8.995533384266187,9.11702270257824,8.929473585537345,9.103355407714844,21920000.0,0.007787357213505822,0.02060219649075002,0.011986173439963365,-0.004119044332268193,8.979512214660645,9.143219232559204,9.146960404424433,-0.004359933168703323,-0.1456286907196045,0.024887882826996586,0.3276419483899297,0.023629155081702515,0.11409514722094942,41.8210860035014,-0.11341792388087057,0.013779418227341522,0.21108627319335938,0.5601396260454704,-104007000.0,0.16524903380188713,-0.4953017326374675,0.4857367765085036,-0.28661151906638643,-0.00177606219223642,1.2021807011407641,0
AVGO,2015-10-21,9.245348868362294,9.31520532298409,9.120062874971776,9.149676322937012,28197000.0,0.005075432436789038,0.021327797936396952,-0.010348181197271327,0.01559792563158796,8.9936354637146,9.124084711074829,9.147219063330393,0.002804841542414776,-0.15971877098083453,0.02486130247220151,0.312889817248016,0.023415319637095932,0.10708342362412235,47.176375750967324,-0.09935345427069642,0.022275110270012555,0.14123249053955078,0.7147709701133107,-75810000.0,0.17573970318276683,-0.480025981452609,0.5315357906946496,-0.27375265679607674,-0.0029350082427698895,1.2046676193496755,0
AVGO,2015-10-22,9.234716933937907,9.538441004657738,9.203585707289625,9.517180442810059,34344000.0,0.039380128842626747,0.03518429633949448,0.03058713229511311,0.009294384631695662,9.059316062927246,9.128792428970337,9.182453480423696,0.042545387731866176,-0.15501561164855993,0.026430702760397367,0.3127269771430831,0.02300850048010689,0.11004084022156152,53.07432609448305,-0.05788548185951292,0.050994466144956854,0.6568059921264648,0.8825059839733581,-41466000.0,0.05576147013814915,-0.7943052522645083,0.8948992155925618,-0.2210434280504491,0.022034844558774257,1.3403585956111963,0
AVGO,2015-10-23,9.678911106836091,9.858867683559941,9.41998705296492,9.839125633239746,35498000.0,0.03326821574346495,0.04460565364327534,0.016552949445415174,0.016993548141478746,9.155520820617676,9.139574766159058,9.244993685453796,0.07654085493183933,-0.1530080890655512,0.027082877238211442,0.32286913893798136,0.023478606007743055,0.12114739374979579,62.00458632815471,0.0009455713386223863,0.08786041547447374,0.9620475769042969,0.9116778385597245,-5968000.0,0.055182180781634484,-0.9242836058962602,0.9999999918503212,-0.02716159881007644,0.007629251093698896,1.3921293208468533,0
AVGO,2015-10-26,9.72371371464282,9.72371371464282,9.31976152123625,9.385821342468262,58129000.0,-0.04716666598396428,0.04303855552293661,-0.03474931304468958,-0.01172989581584645,9.20054817199707,9.150053453445434,9.258405843264699,0.025766831851280782,-0.14561396598815968,0.027045618921683324,0.3074116747484307,0.022817575017644604,0.1233587464828619,58.86042864078018,0.010866475049537527,0.0782250553483111,0.4502735137939453,1.4587280515745649,-64097000.0,0.06104509189926985,-0.9336392014105362,0.6305715502293777,-0.19994148220525387,-0.002970595930092623,1.4585634632089426,0
AVGO,2015-10-27,9.346335219822166,9.502753135094926,9.183083656258244,9.224845886230469,32280000.0,-0.017299699034096044,0.034653096911603426,-0.012998606470271928,-0.004206997044300452,9.261824417114259,9.156963300704955,9.255209656880487,0.007413220215281982,-0.1331798839569096,0.027256813631191677,0.3100692428261758,0.022746328861743485,0.12329086782909303,53.82342485808756,0.00567408144738657,0.05842612939692812,0.612762451171875,0.826345787825223,-96377000.0,0.09024370130147905,-0.9952629504995982,0.49938172223119714,-0.08429029577746112,-0.003797131965839931,1.4852718147344237,0
AVGO,2015-10-28,9.475417070433496,9.707765438808066,9.392652233108736,9.650057792663574,30966000.0,0.0450634205226513,0.03265402261241931,0.018430927182161442,0.027162641771288968,9.334945678710938,9.164860057830811,9.29281424124078,0.05294109579870565,-0.13322866439819236,0.02738212977754571,0.3182585742590783,0.022709903987780628,0.12834880793953649,62.70775749894217,0.035461343025010805,0.07057071277964189,0.7312126159667969,0.8061102563902316,-65411000.0,0.10467550870646643,-0.977419182614248,0.8459157726477661,-0.0658332566899639,0.01317007665921769,1.4563391759507371,0
AVGO,2015-10-29,9.187640220852922,9.427581880197284,9.014517262804295,9.118542671203613,61582000.0,-0.05665390771649401,0.04529941152158599,-0.007520706940316697,-0.0479186323798189,9.321430015563966,9.157077169418335,9.27621694885629,-0.004208165712672203,-0.1395226764678963,0.029715064129064866,0.3498783127572424,0.02273131825248965,0.1280263446699129,53.33339271023103,0.015994756588737502,0.04088330107469487,-0.13515663146972656,1.570588760376949,-126993000.0,-0.10328599576799871,-0.8469249763589829,0.4127480153235685,-0.21041669163637727,-0.002478192043471839,1.629105449206682,0
AVGO,2015-10-30,9.17625062418887,9.416951907528292,9.1246177263584,9.349372863769531,25516000.0,0.02499927116392034,0.03126778502866866,0.01886633729637262,0.006328637707371755,9.337071800231934,9.156317853927613,9.283184178848026,0.02108434992219759,-0.15312874794006248,0.03019561557561295,0.3591527805948357,0.022402058937993793,0.12779814783948906,55.45329741578713,0.01897468563578819,0.035090584097396446,0.1564178466796875,0.6589033685001529,-101477000.0,-0.1504102973780465,-0.9633629078468247,0.6008672104310279,-0.2626113386556275,-0.002717710456455214,1.5196786110813665,0
AVGO,2015-11-02,9.389617291859661,9.507310009980936,9.29850027872058,9.400247573852539,26068000.0,0.005426758915573799,0.02221321613050308,0.001132131550321276,0.004304505625835527,9.373822593688965,9.166113090515136,9.29433307361036,0.0255434861832814,-0.16261745452881016,0.0299291005926743,0.3498242032212976,0.022192218445325443,0.12981337138780683,61.19019173753289,0.025151533578011254,0.03301394563169561,0.3675079345703125,0.6846649034382952,-75409000.0,-0.2682010547259408,-0.8404558034981672,0.6423284655890061,-0.3040137277818222,0.014214391125343603,2.096124028888228,0
AVGO,2015-11-03,9.224086054312455,9.487566384337937,9.224086054312455,9.274200439453125,26222000.0,-0.013499627784348087,0.028410031836331368,0.005432991929093157,-0.0187400936152033,9.390907096862794,9.185209655761719,9.292415679881099,0.009688486918608186,-0.16256986618041935,0.02898984590444052,0.3394650561390965,0.019666744238260418,0.12679440068367687,55.318160906991935,0.019649275135321886,0.02200934975120499,0.17084503173828125,0.7805816109951803,-101631000.0,-0.314579856613546,-0.5840166682932822,0.5396040983594109,-0.2941451340906354,0.002542010321269958,2.0031082319739486,0
AVGO,2015-11-04,9.301536256259377,9.48073324598982,9.116264510011424,9.423785209655762,43098000.0,0.016000436016148017,0.03867540775634407,0.013142877681381917,0.0029475119698689385,9.418317985534667,9.205976724624634,9.304927063669162,0.023659465074675628,-0.16600831031799324,0.029056613525286597,0.340929544565649,0.019911574159537912,0.12717606268551615,52.694906667418344,0.027047153748975816,0.02352578269188714,0.27410888671875,1.2719427687730935,-58533000.0,-0.32677273560659614,-0.6005689395040913,0.6615108829877625,-0.2954056901539061,-0.0029616549972354736,1.8849808391524097,0
AVGO,2015-11-05,9.48453302062788,9.491366671390661,9.157270883176587,9.192198753356934,28308000.0,-0.024881672064257544,0.0363455792041713,-0.030822209836470393,0.006446221939553091,9.385819816589356,9.222567939758301,9.294191034115617,-0.003292920861826064,-0.15734914779663,0.02939312526039335,0.3535123563775931,0.019906483017144858,0.1219854238447717,49.98863074464361,0.014060849553512611,0.008431582797139146,-0.324981689453125,0.8519180042463481,-86841000.0,-0.30000846548053933,-0.7145815960702262,0.4727753572212045,-0.3144676340594641,-0.001545852769796047,2.1747463016162447,0
AVGO,2015-11-06,9.358484954885453,9.855073344094057,9.356966446682005,9.845961570739746,45287000.0,0.06870621555510457,0.050589969636528724,0.0520892663378083,0.018089926685690177,9.386503410339355,9.271012115478516,9.3467406090322,0.06201582389059319,-0.11468276977539027,0.03318081437306848,0.37976260217450364,0.02088662681851628,0.1300134588212303,60.64404418901423,0.05587817671804629,0.040199127969338264,0.0068359375,1.34108404318168,-41554000.0,-0.03474277566815896,-0.5310145700139928,0.9999999918954721,-0.37173041852195016,0.0002427564064103212,2.063158201997199,0
AVGO,2015-11-09,9.747252842153905,9.790533591418066,9.54527673638822,9.60526180267334,28250000.0,-0.024750325531109545,0.025533593962660275,-0.014567287997375476,-0.01002530102079452,9.408447456359863,9.304497814178466,9.371361675093262,0.03232458045326365,-0.08010196685791016,0.033856577579332525,0.3878437248395488,0.02100834180962011,0.12867012895751911,56.28929515271083,0.06880313044316289,0.04249926535556388,0.21944046020507812,0.8315610535069062,-69804000.0,0.07883470444089466,-0.7180476272197245,0.804924190521642,-0.4305670922977813,-0.011089196026004718,2.0968614248598203,0
AVGO,2015-11-10,9.347853322110332,9.421506390333292,9.09424438545273,9.101078033447266,44759000.0,-0.05391818104421286,0.03595859779668499,-0.02639913998387,-0.02679869490817688,9.396070671081542,9.3289475440979,9.345620375888881,-0.024426068356503853,-0.04697134017944293,0.03505352594466518,0.409212832121789,0.021155279543095075,0.11006792453205533,49.453707878501575,0.03792564957223554,0.009297427587709229,-0.12376785278320312,1.2941195179036875,-114563000.0,-0.00909251980454078,-0.7236979534537528,0.1965587664675194,-0.27299888877939227,0.0015986219410282164,1.958318515924958,0
AVGO,2015-11-11,9.12765411648537,9.316722489023824,9.098041399222037,9.107912063598633,25953000.0,0.0007506215815178785,0.024010013275785197,-0.0021628835419445626,0.0029201027549082994,9.341856098175048,9.338400888442994,9.322981489004096,-0.024681830149612748,-0.0389653682708726,0.034221174056542215,0.3970640041275791,0.020452000868194348,0.10450303820796655,44.99348057922176,0.013846854718799761,-0.011825093812581244,-0.5421457290649414,0.7586910511114487,-88610000.0,0.1111316651213476,-0.49016081420685054,0.09243777188509743,-0.32184698800870004,-0.0029377911982940473,2.154529803253269,0
AVGO,2015-11-12,9.127653269739884,9.218770261349048,9.02970263048339,9.10031795501709,26588000.0,-0.0008341402776771538,0.020775936796105447,-0.0029947801351601477,0.0021674787814597598,9.340033626556396,9.33073182106018,9.30177543814819,-0.02469408297386572,-0.040860109329225125,0.03315931717683408,0.3792202184326246,0.020070016080484476,0.10680046681246647,40.20929096996887,-0.0057818946938894555,-0.02516307458021637,-0.018224716186523438,0.8039623599990321,-115198000.0,0.24079294368728588,-0.13887703719931987,0.08309947418996612,-0.32112426083684453,-0.013358650476832466,1.7143550596581525,0
AVGO,2015-11-13,9.035779155346034,9.103358206846654,8.748001189797394,8.924920082092285,39824000.0,-0.019461979785988057,0.03981626876011082,-0.012268900249235324,-0.007091927995271255,9.297588348388672,9.317330074310302,9.265884451857152,-0.0421161414983898,-0.04538829803466804,0.03340625227464306,0.36750542593589347,0.020641297867340876,0.1132151344920614,43.40646003518369,-0.03508650709163241,-0.04357414958236746,-0.4244527816772461,1.1689184627712499,-155022000.0,0.28860256579817817,-0.2067549584485671,0.0,-0.3256297488481704,-0.010464257023253406,1.7428833286292704,0
AVGO,2015-11-16,8.91960264782247,9.246105750342696,8.88998993274808,9.223326683044434,27796000.0,0.03288841086347912,0.03861034412487781,0.03405129655137695,-0.0005957962895918721,9.279896259307861,9.326859426498412,9.261831331017847,-0.01110049359689376,-0.03691987037658784,0.03401630512768327,0.3701087358471745,0.020849716061904666,0.10988818512471728,49.97908698018291,-0.033841599839076864,-0.03386339386384953,-0.17692089080810547,0.8049986605559053,-127226000.0,0.09070455275529984,-0.44759422491833845,0.3239882257100849,-0.3410349036412391,0.015610037517510665,1.7935489600261556,0
AVGO,2015-11-17,9.222568575225749,9.391135293893186,9.187640714598707,9.26812744140625,19868000.0,0.004845573065140344,0.02195638551168198,0.0049399324883834545,-8.219461857277177e-05,9.279288959503173,9.335098028182983,9.262430960578648,-0.007174063571995307,-0.018512125015258007,0.03399422583235284,0.3501498091840946,0.020870406154532763,0.10766429049509,44.12797349573319,-0.028906736226710805,-0.023142824201186775,-0.006072998046875,0.5771110462388874,-107358000.0,0.10508856896156614,-0.437524547308501,0.37262963701197066,-0.32885133605550987,0.0005447456982598323,1.8113315534884866,0
AVGO,2015-11-18,9.257494972721373,9.574885556276927,9.233196675121519,9.56121826171875,20270000.0,0.031133795011751546,0.03573696065135273,0.03280836657910811,-0.0011472078639505224,9.293032264709472,9.35567512512207,9.290886894020563,0.02196988818316824,0.0033596992492679334,0.03465530504186587,0.3291604057052467,0.02124390766090789,0.10779765667739725,57.34439956298844,-0.0013305042977727055,0.003546726182201059,0.13743305206298828,0.5956456452044206,-87088000.0,0.010058742731889657,-0.6399500249740497,0.6908463739808266,-0.3352589685087762,0.01455501899697229,1.880844969439806,0
AVGO,2015-11-19,9.574886316732382,9.57716444071749,9.340259822004064,9.507308006286621,32780000.0,-0.00565438548418248,0.02491815962074581,-0.007057870781931592,0.0014295306978145356,9.32454319000244,9.3551815032959,9.311498428522093,0.016261202711514964,0.007585506439209411,0.033549893896270916,0.3247672187330144,0.020966312082055887,0.10766507621917056,52.78370786372293,0.015989434863335816,0.016693332274647664,0.3151092529296875,0.9654778349498262,-119868000.0,0.15710620142010837,-0.33516138603028955,0.6323145320265873,-0.4214163917744919,0.0012351894962392418,1.8865274731636528,0
AVGO,2015-11-20,9.583240780024914,9.618168640944557,9.394932005124,9.597667694091797,28057000.0,0.009459353730529174,0.023259467060459286,0.0015054316575139916,0.007986779610809182,9.299713802337646,9.3431086063385,9.338752644290636,0.027245652192049174,0.001997537612913547,0.03270776410750438,0.3257977119158859,0.020301117315176025,0.0995065371635106,53.431888103938704,0.03658515220919689,0.02983123969640699,-0.24829387664794922,0.8355258553813945,-91811000.0,0.23281556826392688,-0.038461478401979395,0.730420521754377,-0.3772591828658769,0.005586957430894009,1.780460738411172,0
AVGO,2015-11-23,9.624243163441651,9.624243163441651,9.43137814451542,9.446564674377441,16003000.0,-0.01586897153194853,0.020416418599788697,-0.01846155441650915,0.0027689507698014856,9.283844089508056,9.34614577293396,9.349020456679856,0.01074441847749109,0.014708242416382689,0.03116172774979914,0.32075376112308224,0.019673794400514432,0.09989461615265491,52.970447923199046,0.04025067103903268,0.026797406820994227,-0.15869712829589844,0.5084554589141743,-107814000.0,0.28043059524543523,0.3029956367460747,0.5663638316527382,-0.45557808819946094,-0.0005484063967380696,1.6812502225249844,0
AVGO,2015-11-24,9.370631921019354,9.763954434512415,9.370631921019354,9.74497127532959,35659000.0,0.03110023643056974,0.04036158773347869,0.039948144059641234,-0.008038134070477966,9.348233413696288,9.372152042388915,9.386730058456022,0.03977946909703036,0.04924915313720568,0.03158843023380224,0.3228147452312727,0.0199105563443873,0.10572526795563297,55.26510705282398,0.06646833434589716,0.04241205610228696,0.6438932418823242,1.126926589703154,-72155000.0,0.0764680049052217,0.07919489700225793,0.8903520573628231,-0.45258375080993635,0.00268196525182635,1.6742838300442802,0
AVGO,2015-11-25,9.795088476933412,9.807996884067327,9.693341176474581,9.748770713806152,21396000.0,0.00038981110212620024,0.011761042580759535,-0.004728672251307064,0.005142878330559962,9.41231927871704,9.377087688446045,9.42121012087032,0.039637362613309295,0.05889251708984311,0.029933248360389717,0.3071404537583206,0.01947529185693506,0.108536509413205,59.86007904599172,0.08655485385970785,0.04999886049287812,0.6408586502075195,0.686557010929207,-50759000.0,0.17295803995375694,0.6615033639633486,0.8944772118560157,-0.3556260146184529,0.0007894303569348936,1.4229483183466345,0
AVGO,2015-11-27,9.766992486483858,9.905186858634897,9.708525943091846,9.874054908752441,13262000.0,0.012769404338678745,0.019916935561048944,0.010961657061488108,0.0018691354235975464,9.489692974090577,9.414863300323486,9.464338195906713,0.04877305100387892,0.0975337219238277,0.02694821417174666,0.27383947695874394,0.018717366846283088,0.11456873218674271,50.612353467251936,0.11129995616556343,0.05979517023898696,0.7737369537353516,0.46131583890469646,-37497000.0,0.34475062612026436,1.1640340522261132,0.9999999894640891,-0.3107138051486625,0.0013423978689892377,1.2809081148600248,0
AVGO,2015-11-30,9.827735057720432,9.924167178802628,9.652334740824973,9.905184745788574,32615000.0,0.0031477309829142856,0.027443449534729505,0.007880726081284893,-0.004691066786650281,9.587719440460205,9.442653894424438,9.506323581609749,0.04898314139708253,0.12098111152648983,0.026491705029223458,0.27177859150346745,0.018609561307556397,0.12301647349013363,57.19480496597011,0.13190206085633172,0.06431781994380419,0.9802646636962891,1.120669068468533,-4882000.0,0.47332267720013205,1.5516719387259361,0.9999999897986734,-0.31897697329213165,-0.004488788419872308,1.3310211391401792,0
AVGO,2015-12-01,9.95985963207786,10.157280220457443,9.9401175732399,10.090460777282715,43255000.0,0.018532168303295384,0.02152157882534343,0.013112749566580068,0.0055198249898904895,9.674432849884033,9.477164554595948,9.561955695483364,0.06471304982693568,0.14694190979004063,0.0267152662214531,0.253284167035486,0.018596903070049423,0.1368117370143076,78.02159012936323,0.16132000794571155,0.07498861362654721,0.8671340942382812,1.443637880684188,38373000.0,0.39012622177909667,1.3386102624775247,0.9999999914202912,-0.3170845623814694,0.01064197235890515,1.5552266631178537,0
AVGO,2015-12-02,10.104124031585028,10.250670533107632,9.98794985823222,10.038823127746582,54364000.0,-0.005130611009505108,0.02617046552872982,-0.006462797128151915,0.001354076350316387,9.751502418518067,9.51539568901062,9.607371641413193,0.055008478395741904,0.17376830101013319,0.026496207974965665,0.25642985168360205,0.018539068997830237,0.14438252901189116,75.7129725562842,0.1784106097428193,0.07366337233892396,0.770695686340332,1.7330154034479235,-15991000.0,0.36168986445009105,1.4598054289380884,0.9556963911202947,-0.3135561318888021,-0.011863057533084998,1.5034142306888176,0
AVGO,2015-12-03,10.99935230675627,11.15121399073545,10.849009130996839,10.993277549743652,120661000.0,0.09082406509866214,0.02748996903755586,-0.0005522831561058037,0.09568145257533772,9.894708347320556,9.593870306015015,9.739362680301808,0.14586472379062823,0.2230247020721432,0.03334649450965156,0.32238151112097413,0.018154791080156957,0.19820677064447226,84.32934517119367,0.26590632732444774,0.12892727193644193,1.4320592880249023,3.4232255959600253,104670000.0,0.9620276254939889,1.7409558229451407,0.9999999951652458,-0.283045310962781,-0.013867650612706017,0.47067203210197,0
AVGO,2015-12-04,10.994795447123062,11.229421971179125,10.876343847093684,11.204364776611328,60329000.0,0.019019460440710564,0.03151255165374049,0.019060775646580583,0.00013807505291677603,10.064414024353027,9.694478607177734,9.878886689474143,0.15574702148068212,0.2880062294006347,0.032504829747236154,0.32221873305212995,0.01802345236485877,0.24177508006148274,90.81008434586501,0.3482656987715842,0.1690293147068627,1.697056770324707,1.6372039252295865,164999000.0,0.8763376104896894,1.9063362740430538,0.9999999956129666,-0.09440630102529067,0.01899785341305798,0.45483188018012927,0
AVGO,2015-12-07,11.138303844392626,11.368374820877818,11.051743096322442,11.300796508789062,44769000.0,0.00856979615721046,0.028018531616681597,0.014588636341820968,-0.005895999776498,10.234726905822754,9.7672203540802,10.014306672266041,0.15701254784306104,0.32720162391662555,0.02919975781190012,0.3193984406921842,0.017050610276455654,0.2814738684785993,90.09364455851417,0.4165159918025019,0.1898236861902243,1.7031288146972656,1.215792346610397,209768000.0,1.0421461745906717,3.931842571177113,0.9999999957910269,0.021815197614128406,-0.008499453411885115,0.4309864443619589,0
AVGO,2015-12-08,11.149696282898933,11.282575537469592,11.068449932174314,11.221071243286133,34560000.0,-0.007079838971928594,0.01908245660881714,0.006401516105210613,-0.013370758934789494,10.412177562713623,9.84801082611084,10.129236631410812,0.13942515295987823,0.36709562301635756,0.0284536920982906,0.32145929764363207,0.016903770519813253,0.30809864899672224,87.18906191340605,0.45888197237859885,0.185751733413057,1.7745065689086914,0.9305732072464078,175208000.0,1.0981604244023186,4.4658594331875925,0.9664438460386546,-0.12934723516478364,-0.006269935741607712,0.3000531877048192,0
AVGO,2015-12-09,11.172469991298492,11.237770887014475,10.965938475086693,11.059332847595215,30803000.0,-0.014518698684826154,0.024579458402058683,-0.010126421793043777,-0.004331248856183898,10.543613719940186,9.945923566818237,10.217817223428375,0.1119462935922904,0.4255546855926511,0.025277167640065476,0.31646954984165887,0.01655327237383645,0.31491951592083395,80.03023054078993,0.4739430598132621,0.16065025667817623,1.314361572265625,0.8452934364417708,144405000.0,2.08166703211024,6.140992868236715,0.8983685904433824,-0.16224311060936253,-0.007810414456783529,0.4520418023675998,0
AVGO,2015-12-10,11.094264631257035,11.347114685202444,11.02440819251537,11.18690013885498,33078000.0,0.011468790209263039,0.028846819797538253,0.008349855586953928,0.003158579648809092,10.687426662445068,10.049872970581054,10.310110834421383,0.11313846159757,0.4956085395812977,0.025182456207157315,0.3225982551254908,0.016698768793322966,0.3198694117993947,82.70232441674584,0.49051830471512226,0.14178040126402908,1.4381294250488281,0.8989356425889714,177483000.0,2.0368473393909685,6.066813455558343,0.9520613201196464,-0.17083511420583045,0.002487711470429748,0.4394468709021774,0
AVGO,2015-12-11,10.981126278363318,11.21651237843928,10.956828704070809,10.965940475463867,27777000.0,-0.019949314422236027,0.02368093048769509,-0.0013829003055490835,-0.018394180509125762,10.79661521911621,10.143154096603393,10.372570800234953,0.08111740886642195,0.5550548648834219,0.025978144874265,0.32520161502177036,0.016763052411290072,0.3138589108282136,75.35151894426127,0.480288243615977,0.10524027213190706,1.0918855667114258,0.753656769670314,149706000.0,1.888328155586611,5.4039823705893415,0.8590599922819423,-0.20325041317542908,-0.019300634210749068,0.6115189149633935,0
AVGO,2015-12-14,10.944681973086277,11.037318218425984,10.724482344105567,10.820915222167969,36993000.0,-0.013313292874460451,0.02891029710596301,-0.011308391701976875,-0.001938593632270332,10.88818826675415,10.237953853607177,10.41527026899048,0.05694119902542662,0.6207275009155264,0.02565658361896618,0.3337709618356408,0.016349824873025654,0.29498245673372786,75.52160807893543,0.4552309021088128,0.06414634449979428,0.9157304763793945,1.0075786979347536,112713000.0,1.9633539222631666,5.674079874511883,0.7690068522948784,-0.08297759501615419,0.005851557550038097,0.4052217268984036,0
AVGO,2015-12-15,10.833819953891082,10.951513363840036,10.729794562848094,10.878619194030762,35398000.0,0.005318465066962222,0.020381152868168287,0.004135128725509098,0.0011925730363986306,10.967004108428956,10.320718479156493,10.459398738041934,0.0540563833283922,0.6700065994262694,0.025067129703439165,0.32151355379984664,0.01571754698891253,0.28221930794444605,73.11849037160192,0.43501443113802374,0.03514389882320412,0.7881584167480469,0.9542564533890822,148111000.0,2.2439101972290283,7.112052660051005,0.7923039566765682,-0.06869959138107053,0.0110618920845413,0.20128465177543042,0
AVGO,2015-12-16,10.904516051039588,10.989059035905735,10.693539203728074,10.958592414855957,29644000.0,0.007324522910258478,0.026966951659537153,0.00495907966146036,0.0023805279463257603,11.058981037139892,10.40524172782898,10.506940992976602,0.053179993408056306,0.7132033824920647,0.025053867219433264,0.33443241984162625,0.015867828158527657,0.2679456528763926,73.92848676556942,0.4205975164416884,0.016581587301495004,0.919769287109375,0.7887472345022368,177755000.0,2.2310681008453845,7.079513567335312,0.8154469706879117,-0.06225891813172002,0.0149158994239642,0.17117456402873057,0
AVGO,2015-12-17,11.038569748456753,11.081983827177986,10.694304944053126,10.699636459350586,24378000.0,-0.02391407884161299,0.036232902326670334,-0.03070445687463336,0.0072981392658034655,11.029616928100586,10.462162637710572,10.525292942155076,0.02269834924540965,0.7363004398345954,0.025436403110758964,0.348076560383184,0.015837999798420356,0.2563266797435606,65.50873387365273,0.3838516236741416,-0.016131444372841475,-0.2936410903930664,0.6451075113028772,153377000.0,2.332577759637045,7.750323269204883,0.675790240982926,-0.03434737211994252,-0.01387585272076037,0.21466922321861534,0
AVGO,2015-12-18,10.680592902825317,10.808549973426844,10.552635832223793,10.678308486938477,51964000.0,-0.001995325513450852,0.02396579395289277,-0.0002138847445536266,-0.0017798321090270299,10.9770112991333,10.520712661743165,10.539865851182066,0.01497957696521712,0.758491783142091,0.025362056337580725,0.346939539184998,0.015807678414955485,0.24056443628273874,64.5769833073472,0.3489863523541672,-0.04079737255425275,-0.5260562896728516,1.3410670159297513,101413000.0,2.332968313828321,7.797576572944974,0.6642879186188759,-0.009037734745109561,-0.017312350163331505,0.25959091795144595,0
AVGO,2015-12-21,10.899187040790832,11.120065009580088,10.804742237119994,11.10483169555664,26627000.0,0.03916586188039174,0.02839509691104214,0.018867889302889587,0.020684788618209507,10.957414817810058,10.596070861816406,10.593672122074882,0.048014102575837304,0.7892949104309075,0.026465234752764227,0.3604867568973368,0.01596434013662553,0.22884034570977074,67.53079382223319,0.35171784756470537,-0.030452701874971677,-0.19596481323242188,0.6884497792601497,128040000.0,1.9832723623669384,5.62419738374266,0.8943148216211309,-0.02426677228374169,0.009040773864040817,0.3942948206423856,0
AVGO,2015-12-22,11.213745178747315,11.213745178747315,10.873288804865116,11.051514625549316,21684000.0,-0.00481281274002378,0.030806308918693938,-0.014467116067591095,0.009807756315141074,10.940459156036377,10.676318359375,10.637276170024828,0.0351428510459717,0.8272230720520017,0.026066473385865905,0.366039306826393,0.01626690867679806,0.20591848235394225,67.49161565502484,0.34559651375397493,-0.029259228548561722,-0.1695566177368164,0.5565594135644031,106356000.0,2.041575693367749,5.939515296670341,0.8397751326585674,-0.013421436699806964,0.011199231094611607,0.31165860419388425,0
AVGO,2015-12-23,11.121588241393539,11.170333829558658,10.997439491777161,11.15890884399414,16170000.0,0.009670689581380652,0.015493839052158925,0.0033556900109051758,0.0063406345843513325,10.950416755676269,10.747015237808228,10.68695547230762,0.038326325653061266,0.8469834423065183,0.025485340633470115,0.2989324121687237,0.015443854106504501,0.19102692682609115,54.044261373885284,0.34542923530237424,-0.023541205600129955,0.09957599639892578,0.4256792242476573,122526000.0,2.282305261310288,7.251478198587909,0.9085790491759999,-0.0031609945100558984,0.012621059303633714,0.2740439897236538,0
AVGO,2015-12-24,11.15129344515768,11.218318727242766,11.098739522541369,11.144438743591309,7436000.0,-0.0012975722479574483,0.010729944086494485,-0.0006147001326739702,-0.0006824501340522133,10.946170616149903,10.816798639297485,10.730525307667971,0.030289932808826303,0.8722549724578847,0.025511468304491247,0.28225391792700627,0.0154301696015843,0.17113073442776497,48.38134792019876,0.3402073511807835,-0.023010471777376584,-0.042461395263671875,0.19941885334159323,115090000.0,2.2852995664089732,7.245078672388131,0.8904091854489752,-0.0016763961455607485,-0.00160220740172853,0.2809168210738025,0
AVGO,2015-12-28,11.112448562742493,11.150531122156993,10.962403467504112,11.146722793579102,13873000.0,0.0002049287554601781,0.016877395981577205,0.0030843095121878897,-0.0028705062304920136,10.964248847961425,10.880432033538819,10.77016316346903,0.0244742818092794,0.8980278968811035,0.025515776390764335,0.27307505579111374,0.015364207959856364,0.15106388534475926,45.61534273436774,0.33242132799416524,-0.024637195971195847,0.18078231811523438,0.37174193237206876,128963000.0,2.3649537649949575,7.5224929332837425,0.8896013001676599,0.004305867283361251,-0.002731966534059782,0.28218692213925867,0
AVGO,2015-12-29,11.19623028833564,11.33180403370907,11.044662724152492,11.26782512664795,22533000.0,0.01080579558204074,0.02548329478620211,0.00639454855827254,0.004441439486147102,11.008939838409423,10.948564052581787,10.817559540914642,0.029160086404141382,0.9246625137329101,0.025522753072631153,0.27698896528695865,0.015297982598297002,0.12750537529607586,51.2999118465567,0.3321934751099249,-0.019892039084349,0.44690990447998047,0.6120636265849603,151496000.0,2.31308827592208,7.335904612996823,0.9738731479006253,0.005453510520980569,0.010881348124078587,0.2834772253043413,0
AVGO,2015-12-30,11.235074994711379,11.340182111384369,11.20537032005818,11.224411964416504,17396000.0,-0.0038602844142926053,0.012010588317095124,-0.0009490840328527977,-0.00290651759043699,11.043519115447998,11.005261611938476,10.856307390771963,0.01991323423344721,0.937526626586914,0.025465597269568967,0.2672017781011306,0.01510577548311464,0.10513266951124212,54.91301328359964,0.3247661190242095,-0.021855516136051578,0.3457927703857422,0.4897267456509162,134100000.0,2.4661680522082534,7.956111387209216,0.9394721355341261,0.013202058504928659,-0.006663998785621054,0.26489799027634175,0
AVGO,2015-12-31,11.164238060202008,11.234309692569967,11.0530375051794,11.055322647094727,19673000.0,-0.015179046503138354,0.01639682468012238,-0.009755740823727403,-0.005360985003513642,11.053192138671875,11.056086587905884,10.875261224707465,-6.909685487653777e-05,0.9493122577667243,0.025781812772201856,0.2570993277228087,0.014859331380216256,0.06464040684653698,46.1784896233686,0.3017573204923618,-0.0358914517343194,0.09673023223876953,0.5822601983585547,114427000.0,2.4148219038747816,7.657380638692616,0.6056568815233763,0.1949106328620651,-0.010017238063851209,0.29727553281068736,0
AVGO,2016-01-04,10.820734509134802,10.842060563198556,10.653933677966796,10.836729049682617,30970000.0,-0.019970797217357804,0.01736011707920934,0.0014781381540718496,-0.021219474586892606,11.066901397705077,11.048259162902832,10.87159149375272,-0.019146012951888194,0.9077437782287596,0.015391954420868702,0.2672211344913415,0.014584655767938335,0.06693723744661083,46.242044202776704,0.2628539882822025,-0.059835827155583,0.13709259033203125,1.0568973901766896,83457000.0,0.7379456986457545,1.065839168638522,0.2544957567668801,-0.0211115030593932,-0.013706685839750227,0.8838534616756121,0
AVGO,2016-01-05,10.902234426803348,10.914420643336618,10.45057664783893,10.474187850952148,38173000.0,-0.03402727161833872,0.044284483117483564,-0.039262279520078595,0.006044755462687287,11.046489334106445,11.011750316619873,10.833743527771713,-0.04881716799991528,0.8520947837829578,0.01630226607005496,0.27800742886114654,0.015110182534585289,0.0802786914851885,41.04844870066835,0.20045801712728206,-0.09778543864840278,-0.20412063598632812,1.3538949350858924,45284000.0,0.5810071759206038,1.4017262734241847,0.0,0.06168462331940835,0.004796321036178598,0.7596747090907165,0
AVGO,2016-01-06,10.249498486294046,10.362984182950884,10.075080998717226,10.152008056640625,50824000.0,-0.031242406660663365,0.02835923517236989,-0.009511726811674828,-0.021451721876238575,10.951206970214844,10.954310894012451,10.768816340044943,-0.07324083134046806,0.7883977127075195,0.017151301751041383,0.2906780039499308,0.015107754656494533,0.1032000226993355,33.494850104538685,0.12358691064057403,-0.13972523610808862,-0.9528236389160156,1.783442172526203,-5540000.0,0.6223483673342685,1.2003488535721387,0.0,0.21251095854606225,-0.014399975520357416,0.9062895108434985,0
AVGO,2016-01-07,10.001200520648169,10.188566167520316,9.76356683891738,9.829068183898926,50056000.0,-0.03232738743985102,0.043239025329658336,-0.01721116742152628,-0.014854946445182338,10.828962326049805,10.88471074104309,10.679316515650084,-0.09698397883866608,0.7099326229095446,0.018155622226816947,0.299926539408879,0.01594876282043339,0.13635284499226333,26.893138852043307,0.036190277127255754,-0.1816974956971255,-1.2224464416503906,1.7100008540438971,-55596000.0,0.5683586553007461,0.7217012053809084,0.0,0.30236444098630866,-0.02509544618318178,0.9508436208343828,0
AVGO,2016-01-08,9.903710029432773,10.16495490427839,9.753664976461058,9.764328002929688,64641000.0,-0.006608391516874394,0.042121682851365916,-0.014073718429570297,0.007593990003662658,10.689504241943359,10.819960498809815,10.592174752533856,-0.0975634333434592,0.6343927383422852,0.018058885414879048,0.3016130426011984,0.01656243971411539,0.1643835937396753,29.214590536857884,-0.037859752479040054,-0.20459802024273707,-1.3945808410644531,2.087590910852462,-120237000.0,0.5103183588319042,0.7524816401597187,0.0,0.3217577008766308,-0.012822815756184144,0.9127461006633167,0
AVGO,2016-01-11,9.863346360792548,9.899143782300103,9.55259382803399,9.752145767211914,38941000.0,-0.0012484055719733653,0.03553576435207775,-0.011274124359043312,0.010140826673699494,10.55027494430542,10.74822278022766,10.512171992027005,-0.09267364777006526,0.5606132602691645,0.017624662935909988,0.30808702924855996,0.01679891580590091,0.18429251484141332,29.33383030508574,-0.09641650955001779,-0.21052382185097185,-1.3922929763793945,1.245811012059486,-159178000.0,0.6129818917876918,1.2190842951929552,0.0,0.37599488519229013,0.003264507238130045,0.888961113698682,0
AVGO,2016-01-12,9.890761825580304,10.028619939493677,9.662267260645683,9.895331382751465,41112000.0,0.014575728928658159,0.03702278016846962,0.0004620025481477694,0.01421390345029877,10.425135803222656,10.69469232559204,10.453425267334097,-0.07474370629441059,0.4915470314025878,0.01796041223269113,0.3027010404061587,0.017241928666019743,0.1972038278219223,19.10493174740273,-0.12977333268737112,-0.19510451599066017,-1.2513914108276367,1.2877964434615634,-118066000.0,0.3797251333528626,0.7421732962762643,0.09446959457713561,0.37001510732654647,0.008355090445966582,0.94033304320472,0
AVGO,2016-01-13,9.730054109724193,9.89990203562912,9.374364444036487,9.39188289642334,48470000.0,-0.05221727384378587,0.05595657407879356,-0.03475532706599572,-0.016702550590207227,10.237541580200196,10.62324070930481,10.352325993914025,-0.11591169261973104,0.4192452144622809,0.020644115611579503,0.31592112738547534,0.01833112967991448,0.22627131155642716,15.532969007004994,-0.1945898302634692,-0.2079368108534066,-1.8759422302246094,1.4914695144185126,-166536000.0,-0.08442063640999255,0.5716518478766324,0.0,0.19805256135311608,-0.02598445790989851,1.1403548315732142,0
AVGO,2016-01-14,9.458911012560314,9.64856187819202,9.161868608253501,9.535076141357422,63942000.0,0.015131429910845517,0.05104241038171807,0.008052209034998564,0.007136813445842718,10.068607997894286,10.556063556671143,10.27449267462292,-0.09672046865436693,0.3493714904785161,0.02106679339015821,0.3383353368252626,0.019411280575434075,0.2441843550996655,16.770540776718775,-0.23173161560312394,-0.19606287695444907,-1.689335823059082,1.8847852711910116,-102594000.0,-0.1016999427861413,0.33818396638291937,0.07633137197067288,0.02431467791604517,0.01534061204505969,1.16226069330547,0
AVGO,2016-01-15,9.155773773518566,9.428443702784438,9.086464083195038,9.137494087219238,75916000.0,-0.042591046493975306,0.03742597433726093,-0.0019965200901133776,-0.039779689455616406,9.876825141906739,10.465008640289307,10.166207094870188,-0.12685269524678025,0.2610507011413574,0.022210820988273195,0.3618376835010474,0.01969800748063268,0.271331295747084,14.497393482692459,-0.289906436178228,-0.20339015802364246,-1.9178285598754883,2.0948730578562564,-178510000.0,0.033533114769114726,-0.03085651215149352,0.0,-0.03888586108478683,-0.02358593965019231,1.2608244180580672,0
AVGO,2016-01-19,9.349992566589027,9.505368420770894,9.06437451462311,9.145109176635742,54773000.0,0.0008330421819019474,0.048221830614360944,-0.021912679424610625,0.023255662585545577,9.70766315460205,10.387282276153565,10.068959674085955,-0.11958595764492333,0.1888978576660154,0.02202448773573525,0.37989955860782626,0.02014550069705035,0.29487441055911917,14.658357092004806,-0.3315737507360019,-0.19604597806513313,-1.691619873046875,1.4506060854849343,-123737000.0,-0.12820604576601802,0.08699318348433535,0.003574603777448598,-0.059109729504107346,0.00012817736748410523,1.2559556635688016,0
AVGO,2016-01-20,8.974501641420169,9.564778765506004,8.924232866763695,9.431490898132324,103988000.0,0.030834965585285295,0.06791565670598233,0.05092085047862679,-0.01865560398682259,9.603393459320069,10.324941396713257,10.00824836209037,-0.08653322700698454,0.12177113533019934,0.023667709852686517,0.4051427435496642,0.021957599600623247,0.30649207516441196,19.36466712315331,-0.33759519887998835,-0.16165394096729563,-1.0426969528198242,2.576517781263085,-19749000.0,-0.07937481041632705,-0.30615094721209746,0.1380052227056104,-0.05473899994535132,-0.015654130035871783,1.1568841756075938,0
AVGO,2016-01-21,9.505366340381466,9.59676473620723,9.394927762168507,9.48480224609375,48475000.0,0.005636568295985183,0.021280040278019326,-0.0021634194337907227,0.007832848809064819,9.536672878265382,10.243939924240113,9.958396351043072,-0.07410602590600558,0.04799284934997594,0.02129334312072348,0.4099302566005595,0.021802789259259287,0.30847860285251444,21.073841465408137,-0.33421286184624677,-0.12661728314684323,-0.667205810546875,1.1694164135645064,28726000.0,-0.4149573442474815,-0.3715166566884414,0.16303013513681316,-0.01145880305235983,0.007571563927874313,1.0303316892017669,0
AVGO,2016-01-22,9.633326444769157,9.633326444769157,9.46195603218452,9.483282089233398,58428000.0,-0.00016028575545451972,0.018070791398105655,-0.015575549758461284,0.015659177157496935,9.502094268798828,10.165528297424316,9.913147373727865,-0.06711369911710782,-0.027979183197022195,0.021351061953967777,0.4092229869715644,0.02154135024058225,0.308271112363692,22.317522381968033,-0.327875455180795,-0.09622390118511315,-0.34578609466552734,1.3497037387819215,-29702000.0,-0.44545753755683265,-0.3816192745506462,0.16231655737585474,-0.005586079362704321,0.01989659079762186,0.9723401118483898,0
AVGO,2016-01-25,9.47718783362146,9.519078714419422,9.44443679456786,9.481758117675781,61359000.0,-0.0001607137706295907,0.0078721602941646,0.00048224052638111257,-0.0006426314808094594,9.473837280273438,10.081670761108398,9.872062682675287,-0.05950528013192218,-0.11945032119750998,0.021046243520479496,0.38588391202325234,0.021465302586899535,0.3019124583223498,24.164897929023354,-0.31929534848532626,-0.07011503559171553,-0.28256988525390625,1.3471002075788792,-91061000.0,-0.4159501182817304,-0.27806889287209563,0.16160118895552125,-0.012836198728155742,-0.01596235927703898,0.9037946415886181,0
AVGO,2016-01-26,9.52060539113105,9.635614321688664,9.444440257456185,9.47414493560791,119134000.0,-0.0008032518900117306,0.020178503213749633,-0.004879989618897679,0.0040970538346523505,9.446037197113037,9.998156070709229,9.834165754383156,-0.05241077763452429,-0.21028966903686452,0.021054682085924554,0.3664074883614518,0.021585420933855952,0.29171820970881646,27.947527652220217,-0.30954166860699495,-0.04828908457070735,-0.2780008316040039,2.329846080433998,-210195000.0,-0.41892370986399025,-0.2806444650981214,0.15802748050776017,-0.012661811724093051,0.01614387063689068,0.840288952207229,0
AVGO,2016-01-27,9.417776140049837,9.551826624140498,9.14662952743724,9.318761825561523,58156000.0,-0.016536734095835063,0.043481859913725544,-0.010513555738717482,-0.005949750182332069,9.388380241394042,9.906758022308349,9.785079665923952,-0.0593530390900057,-0.30605659484863423,0.02104680959291864,0.3668425058234758,0.022239461576713734,0.27907835047999324,30.166660116184516,-0.31076759008941224,-0.039612004842499715,-0.5765695571899414,1.0901252155657193,-268351000.0,-0.2950204231180786,-0.3457129412082413,0.08508899984858953,-0.04027561752594956,-0.008875276117285657,0.8426028128560522,0
AVGO,2016-01-28,9.36370563492067,9.638660767174166,9.29211078643678,9.624951362609863,49969000.0,0.03232905838836229,0.036005374710107944,0.027899822740680175,0.004822937875272778,9.411687088012695,9.824614334106446,9.76982935132261,-0.020322728659202365,-0.40220090866088754,0.022637386139757073,0.3612389809759366,0.022514284254614977,0.2500921044532587,45.102454710882625,-0.2837611827103661,-0.01008447797076284,0.23306846618652344,0.9131795072350409,-218382000.0,-0.07505351656914286,-0.37409033455634183,0.23357760186975107,-0.08323208739790654,0.0058648016836121445,0.9054546215735515,0
AVGO,2016-01-29,9.858776144313152,10.23198365073339,9.75747663194677,10.184000015258789,259449000.0,0.0564590358276739,0.04659338350449025,0.03298825998837121,0.02429360657463998,9.476579475402833,9.77259373664856,9.809274176459388,0.04209796183856699,-0.47343497276306223,0.02699453536857242,0.3752205781406648,0.02334472044558716,0.21586566276832111,58.13892181786638,-0.21477209714270096,0.04712368607752182,0.6489238739013672,3.882662189129551,41067000.0,0.41397635583416714,0.21536262635614511,0.5456723006830029,0.17076084179934092,0.0262058319875126,1.1442389647334403,0
AVGO,2016-02-01,10.155817592135262,10.563300020266693,10.126874876981622,10.486372947692871,45619000.0,0.029258737014020226,0.041618312170072724,0.03254837458759689,-0.0027673235547231523,9.611467361450195,9.744146251678467,9.873759773719721,0.07617154710961332,-0.5262473678588862,0.027912658170398084,0.3816402344991618,0.02392296549011491,0.1914481872365278,62.798684172311226,-0.13415235632266764,0.10219474151804411,1.3488788604736328,0.6696883062547938,86686000.0,0.2173227593732255,-0.23259217470266075,0.7938153830003656,0.2754582921295454,-0.001382992533666983,1.1480393073029078,0
AVGO,2016-02-02,10.28301275634826,10.47951755223296,10.030906949823096,10.148200988769531,59005000.0,-0.03278015247470534,0.044205924031683726,-0.013110142974820348,-0.019392805535240185,9.711776542663575,9.709719848632812,9.899897032295893,0.04515898980822504,-0.5724134254455571,0.028458508968789063,0.3880054715721461,0.024521483918698853,0.16582141971895384,54.1273280056864,-0.09643662042253531,0.11192838193454116,1.003091812133789,0.8487302489158028,27681000.0,0.2233705508872626,-0.3802067358140378,0.7492940423889973,0.16153976588126737,-0.020562099300058586,1.1714228416463675,0
AVGO,2016-02-03,10.45362193346468,10.481040734317366,9.923514705757281,10.005010604858398,56234000.0,-0.014210419301733335,0.05572468136436613,-0.04291443970639678,0.03009606776936538,9.769128513336181,9.686260986328126,9.909907848730418,0.03290739519109639,-0.6058263397216788,0.027683264597863345,0.39029035992696415,0.02492334906561761,0.1518835139283973,61.34120341922869,-0.0772108565914369,0.10492331661251167,0.5735197067260742,0.7984999549162897,-28553000.0,0.200950837105672,-0.16131993123784527,0.6431389331011972,0.12691445487142886,0.006336622166051397,1.19167392277096,0
AVGO,2016-02-04,10.00805757611056,10.455144986666552,9.939509122120901,10.367555618286133,60833000.0,0.03559524980975554,0.049735529090273206,0.035920860674752135,0.00030454452998592555,9.85740385055542,9.6970383644104,9.953493350592867,0.06914660208473207,-0.6104467201232922,0.028061344754231964,0.3923576881131879,0.02555362031476083,0.15877882925010756,64.24283649025766,-0.032347070677209544,0.11982968202139122,0.8827533721923828,0.8577088473739864,32280000.0,0.0035609257829145413,-0.2929240758419193,0.9119140035420543,0.02377319718245656,0.0031048789590026027,1.1850105911173825,0
AVGO,2016-02-05,10.434581513719166,10.434581513719166,9.671410031257212,9.776517868041992,70953000.0,-0.05869790336600364,0.07806168740058603,-0.06306564802635445,0.0064649660827297015,9.886727428436279,9.694410848617554,9.93663854273088,0.008469521317167118,-0.6196732997894276,0.03012207849738602,0.4148262184203001,0.026912396275371717,0.15850411440555598,60.25422231226614,-0.04397706383309341,0.08655975109240588,0.29323577880859375,0.985871166884466,-38673000.0,-0.20596608866391455,-0.23524537465563666,0.4737443775054265,-0.1301493755810859,-0.021560552257997037,1.3072556792492873,0
AVGO,2016-02-08,9.672170434720316,9.672170434720316,9.080369478112251,9.281444549560547,91242000.0,-0.051966177082653185,0.06376172941726703,-0.04039691891214057,-0.010673271887813203,9.866696071624755,9.670266675949097,9.874239114809896,-0.04020800449624717,-0.6345469379425044,0.03218194778127945,0.4330515386904398,0.027665902346373634,0.1632050820298611,51.89177757311397,-0.09208074696704038,0.030764854366767125,-0.20031356811523438,1.244776595875301,-129915000.0,-0.16990555766956314,-0.6509007490024804,0.10671859830583837,0.05034745924123583,-0.014510580931029221,1.418957382534849,0
AVGO,2016-02-09,9.126828973752938,9.57543951006829,9.046094316337646,9.11768913269043,63400000.0,-0.017800809946568217,0.05805694682572223,-0.0010014256954718988,-0.01665856806901141,9.831050491333007,9.638543844223022,9.802186735560422,-0.054038734419866334,-0.6536481380462646,0.03236904523659914,0.42510863118960657,0.02829880574212457,0.17127778314974998,45.49230641473266,-0.14178257473436418,-0.01514957872044534,-0.35645580291748047,0.850745777972796,-193315000.0,-0.08909079520781765,-0.7296323837473573,0.0,0.08496320684274498,-0.0008490818513768794,1.4220152731380475,0
AVGO,2016-02-10,9.32942981225645,9.419304335801176,9.036956995775231,9.078847885131836,45473000.0,-0.004269087740270004,0.04211408148284572,-0.026859297073741985,0.023223064143177267,9.80705909729004,9.597719669342041,9.733297321233891,-0.05406198571594202,-0.6785681724548347,0.03210486264070882,0.43800222876012235,0.028404469043246408,0.17760179469499576,44.144211515516105,-0.18220544444580788,-0.04445795874551123,-0.2399139404296875,0.6084085152841348,-238788000.0,-0.002482971665855968,-0.6499731761937388,0.0,0.13841091787606039,-0.0014795622165312665,1.4147613959110201,0
AVGO,2016-02-11,8.873200718113939,8.96002885187081,8.701830319001314,8.858729362487793,66673000.0,-0.024543958144630004,0.029146226508665364,-0.0016309059233039296,-0.022651240511990467,9.730436897277832,9.571061992645264,9.650005134686644,-0.07442566247722515,-0.6842967414855945,0.03056505749772623,0.45269131115625705,0.027723223814462343,0.1903114253131299,41.525431143625546,-0.22935868098967482,-0.07328895623150253,-0.7662220001220703,0.8813228633310441,-305461000.0,0.04793137833721295,-0.44016690609606546,0.0,0.1980061828817773,-0.012505291950111895,1.348736347302922,0
AVGO,2016-02-12,8.969171244218781,9.31724438163303,8.81455657243705,9.266214370727539,39965000.0,0.0449715804023661,0.05424953368675577,0.033118235574890936,0.012467011600857069,9.638658332824708,9.55761890411377,9.613453633357205,-0.030489239632259562,-0.6812549018859855,0.032231417024452945,0.4832660175380012,0.027852083518109833,0.19269625139026852,47.36552131829253,-0.2311823992087394,-0.06009013956045367,-0.91778564453125,0.5367873615554677,-265496000.0,0.07090769672806145,-0.7056212295170281,0.2503527242942914,0.17608723793522107,0.021007175107785818,1.463434038234446,0
AVGO,2016-02-16,9.388837970887346,9.656938342130752,9.364465540030851,9.615047454833984,38521000.0,0.0369543926057243,0.03041823799306134,0.02409344845518987,0.013233408515475484,9.551525783538818,9.581496572494506,9.613605425878802,0.0035016327617102844,-0.6489017200469966,0.03183069984180836,0.49751958233591076,0.02771606680663987,0.18775949329814037,51.58958612784391,-0.20214954040084265,-0.02484582460204554,-0.8713254928588867,0.5307205805260086,-226975000.0,-0.11714772814041763,-0.6546855924999382,0.46467057934197054,0.25436165511852205,0.01811812007670251,1.4555152623536978,0
AVGO,2016-02-17,9.672933755565266,9.963883397685397,9.652369651374933,9.95322036743164,32742000.0,0.03456683929505198,0.03129778448559257,0.028976380760940248,0.006020386379079084,9.53202772140503,9.621902132034302,9.645949706026691,0.03443375649705889,-0.5876950168609607,0.03262210929937578,0.4934937856322075,0.02730710449008141,0.18489417785277779,56.8741166369381,-0.150122543573179,0.021744937780494494,-0.19498062133789062,0.4580524307892037,-194233000.0,-0.22848932598444885,-0.8199224253843815,0.672438983674399,0.3048846375359695,0.017952716633811285,1.4807570891104385,0
AVGO,2016-02-18,10.035474593436826,10.052993045091558,9.602858616179407,9.678261756896973,39202000.0,-0.028013839228503652,0.046509842340880576,-0.03559501176132907,0.008264081670926592,9.499352836608887,9.634240674972535,9.649027044204814,0.004569232113237709,-0.5448344135284415,0.032757806583975674,0.5008926747875478,0.026398344786164228,0.18376779867395238,50.58153194743161,-0.1295838734679684,0.03382688630856409,-0.3267488479614258,0.5744589810320976,-233435000.0,-0.012570784937922515,-0.8993774185552986,0.5035085056848217,0.24361655267668852,-0.0033914927540532984,1.738578643643932,0
AVGO,2016-02-19,9.67674307359373,9.80926973536004,9.520605206319258,9.800129890441895,31118000.0,0.012513325120148766,0.029455173755172936,0.012750862121921816,-0.00015691694866178723,9.442610263824463,9.650007057189942,9.66341779146549,0.015556758892163982,-0.49905469894409116,0.03283739762495676,0.47815212056735173,0.02654833192215347,0.1834728735379085,45.37106884531841,-0.10229390904613567,0.04889348058431747,-0.5674257278442383,0.4618712777602552,-202317000.0,-0.04572167030424724,-0.922581930725264,0.5783824731208972,0.2221860797812926,0.0015347494609044047,1.7461588051177468,0
AVGO,2016-02-22,9.901425890549229,10.086506413131614,9.862582108245427,9.95017147064209,24204000.0,0.015194144536956859,0.022504567415931376,0.004923086895005416,0.01033618954439865,9.459975624084473,9.673351526260376,9.690727665672785,0.028616756389350628,-0.45029223442077715,0.032962123604333246,0.4674343619533981,0.026610021096269483,0.184289462768775,43.28756733833577,-0.06777801133162242,0.06672750263906457,0.17365360260009766,0.3686119409008635,-178113000.0,-0.11969996941690134,-0.9507834773591681,0.6705657868648932,0.2270378324054002,0.015291747153027122,1.8687275339409288,0
AVGO,2016-02-23,9.913611440785136,9.939507778164787,9.753665311890927,9.761281967163086,22352000.0,-0.019166043358329162,0.019038735558366774,-0.01536568932303533,-0.00367431153973819,9.507959365844727,9.68732771873474,9.697447122957575,0.007634122690923374,-0.41035502433776827,0.033321533246182325,0.44893723058778295,0.026709548705632608,0.18322010336589326,44.968293639664914,-0.055031350877476015,0.06357933047456879,0.47983741760253906,0.35082762798961575,-200465000.0,-0.038262870124304585,-1.059089254685723,0.554514887248135,0.2102130021241288,-0.013484009414180965,1.980339228370641,0
AVGO,2016-02-24,9.63561270991998,9.996633988530153,9.551831657983493,9.927324295043945,25680000.0,0.016867244160608672,0.04480586277620256,0.030274316081726784,-0.01287425746596156,9.588922882080078,9.709986686706543,9.7193401869658,0.02238289455238074,-0.3625045394897466,0.0334808933919524,0.44088553787253826,0.027267516373864736,0.18283854059698187,48.99569250920617,-0.031171971364473805,0.06995096799005682,0.8096351623535156,0.4349630332235198,-174785000.0,-0.12109133801083669,-1.0929540323109133,0.6565288222213738,0.1912823131855392,0.0052196234045830125,2.119716016693717,0
AVGO,2016-02-25,9.960837415944122,10.091078926686105,9.801653185845147,10.089555740356445,25652000.0,0.0162098186444491,0.028685677348156094,0.012922440042748054,0.0033758462909192054,9.68999366760254,9.74852638244629,9.754598811098242,0.034982657294173644,-0.30643714904785035,0.03328889312824947,0.42472767189363164,0.02692405503029165,0.1811719941813676,46.20979598885666,0.0008180506306381119,0.081552791988135,1.0107078552246094,0.4467876469799335,-149133000.0,-0.27204725600165125,-0.9960230886190223,0.7562014076635567,0.23194441826933804,0.013375401779964881,2.087141131326979,0
AVGO,2016-02-26,10.221320721160348,10.279967387317239,10.072799528165156,10.138300895690918,27142000.0,0.004819615895910053,0.02043417936390048,-0.00812222095881784,0.01305954238171913,9.817950820922851,9.774193859100341,9.791141866773737,0.03725187380840139,-0.2671173858642586,0.03261582171758619,0.38501312737149795,0.026612030391792597,0.18368323813626994,55.7884217203804,0.0297606380821982,0.08839630355175608,1.279571533203125,0.4823276547613018,-121991000.0,-0.18433203392883526,-0.8750725062788937,0.7861497056067136,0.16972046599009838,-0.0018810302932824664,2.055289336779832,0
AVGO,2016-02-29,10.155816801406198,10.50465181583374,10.122304530536473,10.203801155090332,35911000.0,0.00643989353763838,0.037471063882092134,0.004724814810586365,0.0017276963759010981,9.91170949935913,9.775183916091919,9.830442751375317,0.043847485862066285,-0.25263096809387164,0.029971651741402452,0.3625987627548926,0.026312140104505628,0.18406250713943334,67.10929630331256,0.05732239380879278,0.09276644742268053,0.937586784362793,0.7963225160518492,-86080000.0,-0.31055800749392215,-0.8140782184331036,0.8263920901142146,0.08867541137192947,-0.007420799413000997,1.9596192682881945,0
AVGO,2016-03-01,10.310431247023288,10.559490674040612,10.253307778458248,10.543496131896973,44906000.0,0.03274887629834574,0.029039977960031337,0.022604765898121326,0.010450036247498042,10.00455436706543,9.778040075302124,9.898352597139285,0.07828317841992125,-0.24147288322448723,0.030166205382994356,0.35019478598486664,0.025996886278120683,0.1860165400083944,74.82753159441114,0.10536129010555584,0.11264427497555488,0.9284486770629883,0.9965734880294004,-41174000.0,-0.3023933972467085,-0.8376584280177887,0.9999999940644604,0.1662734462810773,0.02438863633966424,1.8916798006820332,0
AVGO,2016-03-02,10.499322032079895,10.529026706052777,10.286060704702164,10.432296752929688,43834000.0,-0.010602738243151518,0.02328979005025746,-0.00638377210276811,-0.004189701334781962,10.052462005615235,9.792244863510131,9.949204421500275,0.06536314171952719,-0.22192130088806294,0.029296173253323628,0.34127250649692836,0.025517584919776248,0.19241178540478607,72.98827103383368,0.13292729782664736,0.11216822615731711,0.4790763854980469,0.9894394929331392,-85008000.0,-0.3737389604271169,-0.5591522670491528,0.9339971619061239,0.10638328140547286,0.005357850082702525,1.9401740626664834,0
AVGO,2016-03-03,10.491703018821573,10.575484780539025,10.228934928973967,10.45971393585205,59437000.0,0.002624658686054644,0.033131867024192116,-0.00304898860381823,0.005694457059535091,10.130607223510742,9.814980030059814,9.997824375248062,0.06568876382435386,-0.19481424331664954,0.029056107503092683,0.33909624117082376,0.024845223366414832,0.2006473810592378,79.09738372458621,0.15519688202556559,0.10755024828498827,0.7814521789550781,1.336804462237416,-25571000.0,-0.46953081758238163,-0.40592698774565383,0.9502707395059731,0.14736978243476617,0.005626309662298727,1.9622633430755883,0
AVGO,2016-03-04,11.120064230994045,11.261730700216946,10.79407845208762,11.1246337890625,72399000.0,0.06163079979952378,0.04203754088235572,0.00041092910701089714,0.06313272993810623,10.263057613372803,9.852833938598632,10.105139557516102,0.1290795985295942,-0.1573563766479502,0.03127793741765244,0.3604768808257463,0.024568164314533077,0.22788545769771565,80.88599458257389,0.2239179760896466,0.1410170738792554,1.3245038986206055,1.6074271263734918,46828000.0,-0.16216363323071953,-0.24173488054262923,0.9999999955867512,0.3003014157179722,0.0034448837828811164,1.9720383755143496,0
AVGO,2016-03-07,11.025618309659764,11.137580824110096,10.706487989944073,10.930412292480469,41363000.0,-0.01761288701794895,0.03943975965739131,-0.008634982131526693,-0.00890056079869215,10.36108169555664,9.910528659820557,10.18373696084604,0.10290910471463056,-0.09723960876464766,0.02832937847122153,0.3633603710230898,0.02297100691410852,0.2463003047546733,73.04501445161362,0.2597140645767322,0.1414505298930728,0.9802408218383789,0.9495463811500247,5465000.0,0.10719563548310207,-0.24594491893119208,0.9142852172196505,-0.050903188532537884,0.0013440232973701818,1.858571129576875,0
AVGO,2016-03-08,10.837493613424984,10.87786058936875,10.618138824040411,10.634895324707031,33216000.0,-0.027408416580432835,0.024421656927899903,-0.018694201423107768,-0.008500930849553388,10.448443031311035,9.978201198577882,10.226704424070897,0.06581287673018806,-0.019086799621581108,0.02626322190371591,0.3607487657079931,0.021594196612833315,0.245275034502927,62.12406477229083,0.2612257254826744,0.11436975263921201,0.8736133575439453,0.8169308525682804,-27751000.0,0.4542416910352384,-0.5775517956700263,0.7838662273437311,-0.10739361069493898,-0.012234270346973759,1.7094836402074123,0
AVGO,2016-03-09,10.720201086321287,10.8557748443855,10.698875024092773,10.812360763549805,31152000.0,0.016549388740488537,0.014511152890546348,0.008596823548407372,0.008021307122419285,10.536946678161621,10.06293478012085,10.282481218306984,0.07447389842620201,0.07228834152221708,0.025672556177134192,0.34437341504844443,0.020293115095513754,0.23996966312977508,70.89538943859591,0.27358993099492857,0.10138716652117291,0.8850364685058594,0.7978057269297847,3401000.0,0.31878505238622645,-0.49909211942235754,0.8621861405661273,-0.1556737000702169,0.005487048526934734,1.6778586603616972,0
AVGO,2016-03-10,10.92660090765353,11.104826678844962,10.81540038043007,10.999719619750977,54546000.0,0.01717978854444171,0.026312152323599177,0.006691807694679575,0.010565698518758904,10.627963066101074,10.158978366851807,10.350789637492126,0.08275844496478878,0.1712719917297374,0.02554501135542499,0.34464494263804263,0.019834836716667473,0.2329270973680328,71.58121680468332,0.2951051582471287,0.09832191501869841,0.9101638793945312,1.3808851730663338,57947000.0,0.19270795577754837,-0.4970355086910858,0.9448722650014526,-0.19950253203871277,0.0002382348914827579,1.6432840873153907,0
AVGO,2016-03-11,11.119300099684258,11.42624417735134,11.101020418257557,11.334846496582031,55822000.0,0.030011958080123823,0.028692383165923648,0.019384888866345536,0.01087122981921868,10.747617626190186,10.282784223556519,10.44450933835783,0.1023129776070031,0.2937374210357664,0.024602661789272003,0.3546555165602315,0.019825210762781507,0.21923065120845656,73.35561411092756,0.33533256398113664,0.1108394566021651,1.1965456008911133,1.4328690750599358,113769000.0,0.034385949763143284,-0.35899753354147385,0.9999999951658878,-0.09354808248759452,0.018719145127231288,1.573957848672639,0
AVGO,2016-03-14,11.204605787667298,11.363028009121448,11.196227176073354,11.283055305480957,28444000.0,-0.004579671631262035,0.014783303669462214,0.007001541975710739,-0.011490293137538932,10.855543041229248,10.38362627029419,10.524370859036225,0.0866199351659721,0.3934066009521491,0.02357577567378642,0.35253370758144087,0.01847998028569411,0.21280946421808697,76.91277974461522,0.3588968174571967,0.1075229680625801,1.079254150390625,0.7410736501212151,85325000.0,0.21007940835500863,-0.01853454833269789,0.9698853182594604,-0.22345318734626132,-0.001123947552078133,1.5169148443345917,0
AVGO,2016-03-15,11.310476441686578,11.423200198946795,11.12615712944587,11.308191299438477,30891000.0,0.0022252870565033084,0.026267955800588112,-0.0002020376646256208,0.002430293520966881,10.932012557983398,10.468283462524415,10.59902042478882,0.08023357784669533,0.47300642013549954,0.02271674507164744,0.34197947464960265,0.018356788823414155,0.21327541172041264,75.70178133287018,0.3752739977047721,0.09912011864812442,0.7646951675415039,0.8129071476408954,116216000.0,0.389113940894769,0.49091999788083535,0.9839095421175269,-0.31106544614756665,-0.0026463232684372402,1.4513558406551859,0
AVGO,2016-03-16,11.26845199958738,11.406766594781917,11.221837724736869,11.35785961151123,34906000.0,0.004382624195787198,0.016282017581446633,0.007934329564325285,-0.0035142047741153113,11.024568843841553,10.538515424728393,10.671290823524288,0.07774759090666493,0.5328157711029053,0.02183192107085099,0.33451541244989486,0.01798874942278944,0.21936935347728678,74.63910205627053,0.3877906396287063,0.0893094084576469,0.925562858581543,0.9159552177512571,151122000.0,0.565378019385846,1.1774156815275139,0.999999994046194,-0.23039428333792805,0.006572865469897043,1.3830304295201756,0
AVGO,2016-03-17,11.2615795671501,11.593993283827505,11.2615795671501,11.581002235412598,44708000.0,0.019456036165242625,0.028703363459676234,0.028363931194040504,-0.008476953198430967,11.136697673797608,10.633652448654175,10.75793000560889,0.08908978269149884,0.6058165073394779,0.020416584030665617,0.343461545130275,0.0173496965629789,0.22022683320559433,76.24849784417967,0.4109784101124827,0.08999774315313863,1.1212882995605469,1.1647515966876951,195830000.0,0.5994633031187807,1.5982894756667523,0.9999999945046499,-0.23427610022418788,0.009527798303568535,1.2898610503749026,0
AVGO,2016-03-18,11.610803162349157,11.691805169414403,11.529036676022637,11.65283203125,70568000.0,0.006183226054233777,0.013968148928567767,0.003619807198259439,0.0025732597516848347,11.189517498016357,10.72628755569458,10.84315876995566,0.08638072304892772,0.6684351348876945,0.020410860400309008,0.32777734570845357,0.01698431778583897,0.22119488230645487,76.30307638622962,0.43019196431771256,0.08736903788669476,0.5281982421875,1.7486089653130275,266398000.0,0.6516936133165038,1.6524190830089376,0.9999999947133306,-0.23991902926939052,0.006625838771797022,1.2899117415014116,0
AVGO,2016-03-21,11.660472392238349,11.69180364879331,11.52597871746253,11.68339729309082,28207000.0,0.0026195559611988254,0.014193211702807672,0.0019660353424506864,0.0006556655899492338,11.264815998077392,10.812948846817017,10.923181486444724,0.0805005607443551,0.7180098438262945,0.020397974099990064,0.31421558944991784,0.01682430825963266,0.22208927553096716,73.30743356495901,0.4427811007299933,0.07996653943918042,0.7529850006103516,0.6954937273157644,294605000.0,0.7531089587826115,1.7732465791901182,0.9999999947973987,-0.22605727784813337,0.0003631020872363692,1.3519139121924948,0
AVGO,2016-03-22,11.64595636549808,11.891255132200182,11.58100185433061,11.826300621032715,33945000.0,0.012157118181517941,0.02623417817195128,0.015485568528666414,-0.003204626758253088,11.38395652770996,10.916199779510498,11.00919283259596,0.08337158160083727,0.7800213241577136,0.01937250480210331,0.31798829306954385,0.01700697761563292,0.21524199494508614,78.13823363741716,0.4589981414503068,0.0769468641275951,1.1914052963256836,0.8251805880186548,328550000.0,0.7730569697545134,2.347109272514159,0.999999994734005,-0.21139814493266487,-0.0013200722027331719,1.2526982917582503,0
AVGO,2016-03-23,11.830883620832124,11.869091548837844,11.641369295393355,11.6910400390625,27577000.0,-0.011503177627960645,0.019478357142635006,-0.011820214460159274,0.000387526069754895,11.471824455261231,11.004385566711425,11.07413066178325,0.06239825636464801,0.8294292259216309,0.019854850016102293,0.30950060748950314,0.016082462512380526,0.20465300328597522,73.81760925076406,0.45568303414865063,0.058905405460751126,0.8786792755126953,0.668836539231118,300973000.0,0.8827876310797983,2.1594107000250573,0.9221183302761606,-0.22235462852992618,-0.008106336997999088,1.2928514539965135,0
AVGO,2016-03-24,11.597046409835842,11.713965083187185,11.548140147836989,11.691803932189941,25651000.0,6.533791429748053e-05,0.014183006845660139,0.008170832376080147,-0.00803980047220803,11.541032886505127,11.084497976303101,11.132956687536268,0.05478876505163122,0.8736121845245375,0.019845504640463234,0.26405833398845324,0.015717490167863387,0.19468573787933569,64.76427903960938,0.44795369615155245,0.040940853970922286,0.6920843124389648,0.6221252084280733,326624000.0,1.0127310079816794,2.3618901649724826,0.9203218483825534,-0.19219336661062655,-0.0006585406416016224,1.3400027181847074,0
AVGO,2016-03-28,11.7132024290701,11.730014414732645,11.620737601080483,11.699447631835938,17224000.0,0.000653552025392584,0.009340339561108864,-0.0011742986007210016,0.001830213455875998,11.577493000030518,11.162555313110351,11.186908206040998,0.04809761772145787,0.9055182266235349,0.019897874691638777,0.2410714753803203,0.015528843370961522,0.18181263414875526,72.17296707509753,0.43740281540021364,0.024311978575666804,0.36460113525390625,0.42282685677182097,343848000.0,1.03743562634928,2.3539471969896617,0.9218163080619189,-0.18420050683805905,0.0003692591417335867,1.3578991470451078,0
AVGO,2016-03-29,11.712438248464712,11.839290801544356,11.629144254866468,11.778157234191895,26765000.0,0.006705104519239358,0.017842056471229165,0.00561104223364304,0.0011103615347980691,11.627003192901611,11.241273117065429,11.243217637293464,0.04776008118100239,0.9393744087219229,0.019897321211071958,0.2337766952544511,0.014904309123253672,0.16783457916746386,87.67258770000372,0.43043063704621787,0.01387184017733678,0.4951019287109375,0.6645058536845749,370613000.0,1.0352896835486065,2.3511672635867233,0.965463943395671,-0.188787991499043,0.008565141524788088,1.434354609557183,0
AVGO,2016-03-30,11.844638868090122,12.01886944595207,11.809487398080321,11.9921236038208,26794000.0,0.01800333368275357,0.017459964107644645,0.012451602556114364,0.005644485175085969,11.695396423339844,11.313704490661621,11.314542015057972,0.059964365616894624,0.9547131919860838,0.019133645850025884,0.23519331611743016,0.014563470722422098,0.16620600863646223,87.96216342319845,0.43713145400939624,0.01645812571241212,0.6839323043823242,0.6805266118821662,397407000.0,1.1613935096451478,3.3278350321174464,0.9999999935890321,-0.13244325121432032,0.004140566717945566,1.5606978813484418,0
AVGO,2016-03-31,11.99900355712103,12.025750133717436,11.802611784485252,11.806432723999023,24968000.0,-0.015605538901961815,0.018899726467725596,-0.016048902064641282,0.0005737060029999595,11.740253734588624,11.382411289215089,11.361388749242835,0.03725233815906605,0.9701935195922857,0.019396966344328827,0.23024134711293204,0.014442696531536963,0.15233769689163748,75.98613960276805,0.42258687912001314,0.0015308406584231826,0.44857311248779297,0.6497151251068524,372439000.0,1.111117380926695,3.108624264660325,0.8788242514443556,-0.17788316298679616,-0.002526257951153689,1.7233707470575232,0
AVGO,2016-04-01,11.771277627189797,12.06777530035138,11.551196534498768,12.058605194091797,25671000.0,0.021134000027400936,0.04283901472098314,0.024409208223432503,-0.00297762225314399,11.788014030456543,11.462355852127075,11.427790315418925,0.05201804490600376,0.9975957965850828,0.01965665214430614,0.23667379055952129,0.014936179189082075,0.13978112525448044,74.63030262234656,0.426492074423539,0.004348828769559221,0.4776029586791992,0.6987045754249016,398110000.0,0.9349927868106517,2.549656999772062,0.9999999929760971,-0.24784622400430825,0.00686579028350029,1.8007778640844783,0
AVGO,2016-04-04,12.073890803242097,12.099108417139606,11.895074796849878,11.921820640563965,17760000.0,-0.011408140786234037,0.01711430043028504,-0.012594959241419408,0.0012676100514336197,11.814912891387939,11.50221519470215,11.474840822575596,0.03648040298274713,0.988714771270752,0.014946764099244572,0.23933327536249507,0.013995218253912757,0.14078021386362652,70.54915007298092,0.41377980351754573,-0.006690753709147235,0.26898860931396484,0.5222162433951112,380350000.0,-0.25063639343280003,-0.4755321640098038,0.9039238502812516,-0.07727678875230456,-0.0032315793925468553,1.7539204706002514,0
AVGO,2016-04-05,11.802608201954682,12.00129262374455,11.802608201954682,11.846930503845215,56915000.0,-0.006301583460337528,0.01677096202747803,0.0037552972270688293,-0.009999516198361784,11.83126621246338,11.548041105270386,11.510277935077465,0.0258822596483136,0.9872677135467534,0.014314624319466259,0.23230765766884826,0.013144967699254977,0.13447155467180139,66.79369917280933,0.3931304657929182,-0.021872073147019833,0.16353321075439453,1.6361232087160245,323435000.0,-0.24915029255506435,-0.1823039616071348,0.8513217451732132,-0.2511844112934401,-0.007490807495451905,1.6918384903845014,0
AVGO,2016-04-06,11.821712445991619,12.056312804900283,11.746059618494904,12.038736343383789,28149000.0,0.01606067468816604,0.025771241872754775,0.018358076141682497,-0.002128657532464732,11.852509784698487,11.618233156204223,11.560607307297115,0.036193385101165786,1.0063201999664297,0.012510719643734925,0.241259394551729,0.01321044165121106,0.11640536773832855,69.49674174312547,0.38777284120498656,-0.021783758187961244,0.21243572235107422,0.8151298100520802,351584000.0,0.0014649980324791423,-0.754304864228411,0.9840570115607763,-0.20758210101188893,0.008945839554415698,1.5383490804157856,0
AVGO,2016-04-07,12.034153233565632,12.070069182921204,11.820949517642893,11.84234619140625,22975000.0,-0.01644771162096608,0.021036343731340043,-0.015938557393885357,-0.0003806969176358234,11.867640399932862,11.669732427597046,11.587439581974175,0.014791578532947746,1.0104554462432862,0.013223520896551731,0.23530981945179377,0.013361781956741642,0.09694128346819349,57.59995803658739,0.3634897574959499,-0.03685347351759838,0.15130615234375,0.6732738840064117,328609000.0,0.09887824054461203,-0.7861650502188652,0.7957673464596529,-0.31699922704215944,-0.01004056546732224,1.557156487581092,0
AVGO,2016-04-08,11.942451637055102,11.9898296687988,11.817127338323068,11.932517051696777,18526000.0,0.0075854310267174955,0.014473252339198706,-0.000831871516161808,0.008453176763359329,11.891711711883545,11.716372299194337,11.620304102900137,0.018448095263482085,1.0048202133178723,0.012907680769264834,0.23601937924350555,0.01302905597981924,0.08201092923070616,58.04747714272327,0.3475153331032601,-0.042262318328230575,0.24071311950683594,0.5731469249736256,347135000.0,0.17700687631291373,-0.5525981826439145,0.8374209672119513,-0.49768177308893796,0.005905120219692242,1.5695295858990848,0
AVGO,2016-04-11,12.03033161810789,12.05860568845188,11.890488767262777,11.891252517700195,18568000.0,-0.003464151644188672,0.014137864854646853,-0.011560703786647761,0.008197312099981804,11.91089220046997,11.744192600250244,11.646108713833476,0.012521926566633312,0.987314491271972,0.011410486336431078,0.23618309280481434,0.012580711627262278,0.07679488807561315,55.94409342218241,0.3277477120425569,-0.04962395151114707,0.1918048858642578,0.609574335370938,328567000.0,0.021318855923788908,-0.843317919587003,0.7842141599252831,-0.49659169631984373,-0.0029416607638562808,1.5682794120699344,0
AVGO,2016-04-12,11.921817333149225,11.949327648524333,11.69180241225047,11.877495765686035,16537000.0,-0.0011575496855133682,0.0216817788141027,-0.00371768549940571,0.002570361314212555,11.920826053619384,11.773914623260499,11.668145575914671,0.008797510908812502,0.983166599273682,0.011325031528398623,0.2324168041194066,0.012762865540796997,0.06765032007913131,51.5808046206346,0.3074278382640383,-0.05595506023173258,0.09933853149414062,0.5537204610709769,312030000.0,-0.016335986267310264,-0.7716490546541505,0.7586539411347508,-0.4881266224327298,0.009740168797382098,1.3590370621918362,0
AVGO,2016-04-13,11.956970084198838,12.199976059468757,11.891251115853372,12.18698501586914,21730000.0,0.02572308274289957,0.025332347825164192,0.019236891106878214,0.006691167909518736,11.94031219482422,11.817854309082032,11.717558855910335,0.031235002295728228,0.9930940437316895,0.012475390771062241,0.23918523557213753,0.012736526825703616,0.06348837531721271,63.82617999929593,0.3126928592411833,-0.04055203140367014,0.19486141204833984,0.738934682662749,333760000.0,0.05559265787080414,-0.8631174601178399,0.9999999879390984,-0.47470656889645035,0.011207125051087022,1.5028037064154494,0
AVGO,2016-04-14,12.01963295783086,12.158712054489586,11.921055225118081,12.136550903320312,27549000.0,-0.004146945164000873,0.019581908490217518,0.00972724756258116,-0.013732031164423808,11.973324012756347,11.856788873672485,11.75746286042557,0.023595092431229533,0.9922616100311288,0.012600099303408968,0.24633558238648487,0.012822955843350706,0.05624646342395569,62.06473052965605,0.30923119023942647,-0.03521096032434157,0.33011817932128906,0.9486782589830691,306211000.0,0.15208592606391774,-0.9399890045294421,0.9167730118031381,-0.5131788289015677,-0.0005852491484568841,1.5511827259718889,0
AVGO,2016-04-15,12.083821896823874,12.09986939938088,11.807956436882048,11.882081031799316,27685000.0,-0.02119016553829494,0.024567494656190954,-0.016695120681200406,-0.004344645106874039,11.9556715965271,11.87184281349182,11.769331257699259,0.0008623950350182027,0.9697741413116443,0.013105872623592855,0.26200112901406364,0.012646043553824326,0.05174889189325286,54.36922610233487,0.282695463347606,-0.049397349772929644,-0.17652416229248047,0.9821485586167258,278526000.0,0.168821897638417,-0.69592606139755,0.42918228084216675,-0.45862522734627986,-0.0010842594723750637,1.5665607680989226,0
AVGO,2016-04-18,11.871383455301727,11.951621701983122,11.753701033594762,11.913413047790527,15297000.0,0.002633442616804378,0.016613263338412794,0.0035404123379256303,-0.0009003116936301247,11.954830837249755,11.884871864318848,11.783053332946047,0.0024014717006206766,0.9518860435485852,0.013060787667688097,0.261127851993383,0.012704593885328385,0.04874606583362167,53.31084122713853,0.2611831832881002,-0.05672770386594839,-0.0084075927734375,0.6016601998454253,293823000.0,0.21316124454216487,-0.6449730602044309,0.45675408618613056,-0.43448985445138044,0.0072094180728603475,1.5280108459225086,0
AVGO,2016-04-19,11.955444765691947,11.979897900611533,11.522924384933628,11.544321060180664,24560000.0,-0.031471279286740095,0.039584269434283316,-0.034387989173534396,0.003528100447185875,11.924569892883301,11.87791805267334,11.76031692601601,-0.028085476826196797,0.909576168060303,0.014898574063006043,0.2765750879875065,0.013601614890100705,0.05313316571617484,39.812217115783874,0.2119091508020805,-0.08480138908157453,-0.3026094436645508,0.9729699750022774,269263000.0,-0.06749585179282575,-0.4023960919575556,0.0,-0.40686142009949083,0.0027899762744176613,1.467064478809855,0
AVGO,2016-04-20,11.57412387234838,11.775864794990758,11.493121857310749,11.709382057189941,19435000.0,0.014196772744642866,0.02414670014673649,0.011686256879265168,0.002581599386603502,11.891634464263916,11.872072124481202,11.755465986127813,-0.013703594911518747,0.8551714897155769,0.01499830753571346,0.28083255859092265,0.013529644078027448,0.054549230292301125,47.77111301050128,0.18405647951830773,-0.09012324829227786,-0.32935428619384766,0.7927217255106699,288698000.0,-0.06874567014910349,-0.45214849790973155,0.2568387303813586,-0.43858508522468714,0.0010674972325711584,1.521871105707562,0
AVGO,2016-04-21,11.684161963031045,11.713200511344064,11.496940357345085,11.565715789794922,16117000.0,-0.012345219165100353,0.01869838043252054,-0.010137327222056314,-0.002153836473668629,11.863971424102782,11.865805912017823,11.737394538858013,-0.025290327871119407,0.7999447441101086,0.01503168162453085,0.259381229172806,0.013510960306261501,0.05778747798327765,38.08644096649017,0.14867651938106796,-0.10040256674361411,-0.2766304016113281,0.6731178843792545,272581000.0,-0.06471369997188908,-0.47331775576711005,0.03329069429205969,-0.46785702580626,-0.004279617037600866,1.6006356228442884,0
AVGO,2016-04-22,11.493120202517284,11.687219218926382,11.365503914336738,11.487771034240723,25699000.0,-0.006762105286532161,0.028005024068697135,-0.0004654235035961393,-0.006276791561979499,11.819496822357177,11.855604267120361,11.713620871751605,-0.031026105821489368,0.7415646362304678,0.015096717867204987,0.2677870637656571,0.013889963207609908,0.06330474236218397,39.201494473836185,0.11304504282612982,-0.10882723463884181,-0.4447460174560547,1.073197417544328,246882000.0,0.006986883602016064,-0.5270117382568446,0.0,-0.4408017423594238,0.0074830219569422245,1.4984586933581978,0
AVGO,2016-04-25,11.481656286529645,11.52827129563805,11.368559284332719,11.393776893615723,10870000.0,-0.008215761418580575,0.01401747749288012,-0.007653895104009035,-0.0005322832160261087,11.76974925994873,11.840320730209351,11.683159540500569,-0.03771382941318301,0.6755801486969002,0.015181860438211446,0.26500332015961864,0.013959264743812823,0.07158528831215188,38.83237033832584,0.07634227313549502,-0.11642400346358128,-0.49747562408447266,0.4600376663774677,236012000.0,0.09704947624668853,-0.5829421558372999,0.0,-0.43239880759010013,-0.002259434817469656,1.51255899147677,0
AVGO,2016-04-26,11.576419062848103,11.776631798500155,11.46561399025065,11.520634651184082,26309000.0,0.011072425173677613,0.02699658633368538,-0.0048187968414913915,0.016029993472552587,11.734063148498535,11.82744460105896,11.667680979613284,-0.025940510394612506,0.6176156139373781,0.015334368423202514,0.27018915719383674,0.014212505836474626,0.0755487644428697,36.80952167112136,0.056836251638197055,-0.10874401996870342,-0.3568611145019531,1.1145189509313422,262321000.0,0.06869567597642795,-0.6802114811902603,0.1599299760177323,-0.5046585448426855,0.00517123848135024,1.5694408039950867,0
AVGO,2016-04-27,11.249351774003909,11.719317104288766,11.19509560207233,11.579473495483398,38930000.0,0.0050942594010323595,0.04527161808938843,0.029345843904437976,-0.023547563601653745,11.673311996459962,11.80681209564209,11.659280266839009,-0.019254867285476186,0.5576945877075197,0.014742204512451876,0.2898392884037028,0.015303330617507454,0.07670578672869904,42.80341587937442,0.045599746572872135,-0.09598442002722268,-0.6075115203857422,1.6078471863706756,301251000.0,0.10082566460722411,-0.39048733320927487,0.23410829304048097,-0.43758697400513663,0.004129129817072015,1.524953626105214,0
AVGO,2016-04-28,11.492355874840396,11.769750335961694,11.25851996850196,11.308955192565918,25520000.0,-0.023639097622583156,0.04520580003214979,-0.01595849311596781,-0.007523452657582689,11.590552425384521,11.781938219070435,11.625915974051095,-0.04014475524387757,0.5057060146331782,0.015228601295621291,0.3140198624739888,0.01623049221571227,0.08565753235771575,34.463151728490985,0.014696754091545472,-0.10150993000683949,-0.8275957107543945,1.0528009372898621,275731000.0,0.052011664476270744,-0.5233113016260091,0.0,-0.4029165065668217,-0.008673537932178446,1.5627126588416507,0
AVGO,2016-04-29,11.180577362236296,11.293675135258766,10.946741394435003,11.137784004211426,35067000.0,-0.015251614488569641,0.031149260964397203,-0.003827473000735602,-0.011351873638513761,11.516122722625733,11.735897159576416,11.579427215018745,-0.05096441684198717,0.4304745101928713,0.014443555279193577,0.3278839251126896,0.01569928825305972,0.09594081446204285,32.367795809431215,-0.023337158223714738,-0.11163507385767976,-0.7442970275878906,1.4191477909663732,240664000.0,0.19221572917310994,-0.2727551427082407,0.0,-0.2910487453296525,-0.0068144354830365,1.4509797462602176,0
AVGO,2016-05-02,11.169114709368413,11.220313694777442,11.042262143020059,11.16300106048584,19525000.0,0.0022615407438899117,0.015950150916686567,-0.0005473709453419597,0.002813010662187448,11.441081523895264,11.69795618057251,11.539767581253706,-0.04573064827493496,0.3652761077880857,0.014393126920676276,0.3222072333615124,0.01568010511538001,0.10437577753293265,33.369040708622265,-0.050858239927753957,-0.1113249244493752,-0.7504119873046875,0.7873571213981685,260189000.0,0.049269991518509054,-0.2595442273021739,0.024034532710015533,-0.31020596149944263,0.008540523593158433,1.399008047986894,0
AVGO,2016-05-03,11.088113479407625,11.15612445752246,10.876437936836957,10.942920684814453,23986000.0,-0.01991209865201078,0.025558671993121305,-0.01309445423081869,-0.006708552715568404,11.380941486358642,11.652755689620971,11.482925019688063,-0.0609156343018164,0.30022063255309916,0.014851431546460105,0.31964172120909534,0.015889156815852363,0.11884182714043856,19.784867185302517,-0.08939702918045889,-0.1198909709616641,-0.6014003753662109,1.0360362306007762,236203000.0,0.11559164898160515,-0.526285972115893,0.0,-0.3224531174125358,-0.01056599062354194,1.486379577553688,0
AVGO,2016-05-04,10.890190397766451,11.036146901926413,10.795432868248009,10.856566429138184,20888000.0,-0.007922636612132222,0.02217220656529349,-0.003087546440353191,-0.004818666658269382,11.295659923553467,11.59364719390869,11.423271820588074,-0.0635762630867366,0.21920644760131758,0.014097730769075757,0.3178405957039057,0.015779053064958422,0.12987740584766,19.445577605238142,-0.1254611262935832,-0.12476405445983071,-0.8528156280517578,0.9165966391164018,215315000.0,0.25106358653435124,-0.0774740458805313,0.0,-0.25789496947391,-0.006938146252435932,1.3385691546668343,0
AVGO,2016-05-05,10.99029800598215,11.072828252615606,10.858096278236394,10.895541191101074,16841000.0,0.003583542740050586,0.019708243070799658,-0.008621860366595978,0.012318036067558186,11.228642463684082,11.546306943893432,11.373011760636931,-0.056361376446251395,0.15250185966491614,0.0139633971514187,0.309816835492417,0.01574962648495085,0.13932452092075576,23.749707677763865,-0.14917761878923663,-0.11878443756438734,-0.6701745986938477,0.7490898253932595,232156000.0,0.06490436720503254,-0.02688425039581818,0.029295112123851552,-0.23319980921300984,0.00017505623812888365,1.3686344026934352,0
AVGO,2016-05-06,10.832878903869517,10.889427785333552,10.635723391269114,10.842813491821289,30027000.0,-0.004851130957638848,0.023398391388159866,0.0009170773559605309,-0.005751186300202929,11.16414670944214,11.491821765899658,11.322516687416393,-0.056475664758345964,0.08295152664184613,0.013690176680250438,0.3142380591669599,0.0159460465393491,0.1463622317697319,21.833714181882613,-0.1702650847179612,-0.11189752279448952,-0.6449575424194336,1.3022943140911647,202129000.0,0.18427314977523598,0.248119589669221,0.0,-0.24050694162458278,0.0038892561126868046,1.3176343390243734,0
AVGO,2016-05-09,10.85121575553332,10.997936718578792,10.794667620377329,10.881782531738281,17300000.0,0.0035875540949793306,0.018679761098129136,0.0028168987572849765,0.0007749154514525259,11.112947273254395,11.441348266601562,11.28054200592324,-0.048907324673232395,0.01760839462280117,0.013813766097023181,0.29611631506149977,0.016031152752953755,0.15050324001225962,28.905088826407464,-0.1817376194012983,-0.09869604598226128,-0.5119943618774414,0.7523832718669539,219429000.0,0.10682504835963937,0.10487610149588147,0.02899112124450399,-0.24020448607687175,-0.00022644446100844988,1.3344251540582825,0
AVGO,2016-05-10,10.889426541096364,11.09116744932174,10.813009221229965,11.050666809082031,18461000.0,0.015400707210484916,0.0251711713551491,0.014807048583236266,0.0007024593016620512,11.065950489044189,11.400006818771363,11.2586491300336,-0.03064384214294211,-0.04067036628723031,0.014501885324106994,0.2957888358051973,0.01612673200044929,0.1495015997342557,29.077758101038242,-0.17518273847448107,-0.07371293204435525,-0.4699678421020508,0.7995305286316898,237890000.0,0.049909088172868134,-0.32685067729647777,0.15463303008270876,-0.24042971584809156,0.012923800063313454,1.4795914297475374,0
AVGO,2016-05-11,11.010928255511033,11.173695999925751,10.966605954328946,10.99258804321289,16716000.0,-0.005269539426253806,0.018839061792757492,-0.0016656372520006406,-0.003596032190414009,11.007261943817138,11.34028697013855,11.233309978907819,-0.030660505111962444,-0.10937205314636245,0.012724161098803533,0.2951338280621849,0.015954170818396448,0.13838754700117886,30.74957972656034,-0.17268382746469157,-0.056971216827652604,-0.5868854522705078,0.7319027457299102,221174000.0,-0.2469915367225191,-0.49779508152647023,0.11576889475614092,-0.27129480561920555,-0.008049248980863526,1.1495021683109754,0
AVGO,2016-05-12,11.0094009922544,11.059836219454883,10.661703570530792,10.777857780456543,26452000.0,-0.019727407361573857,0.03693986844738532,-0.02103140867976782,0.0015294804986247844,10.9541522026062,11.272352313995361,11.189933579055317,-0.04386790967189622,-0.1842179298400879,0.013124455761155071,0.3005922098003598,0.016484770824153804,0.12909441007839348,28.161844422879327,-0.18588756398784412,-0.05613996268064411,-0.531097412109375,1.1609774295840323,194722000.0,-0.10768087162861499,-0.805107229732518,0.0,-0.2675376180118561,2.434833021346271e-05,1.1550403783227157,0
AVGO,2016-05-13,10.770212786622912,10.937565925844511,10.669342361406091,10.702201843261719,21716000.0,-0.007044324026372299,0.025062465473558004,-0.006314726054671661,-0.0007093240595078198,10.91059398651123,11.21335835456848,11.143482937551164,-0.045584604958483606,-0.24806164741516135,0.01263975992396635,0.3083430350241519,0.01649575196484435,0.12673702265860384,28.483200228498433,-0.20014922646468314,-0.05632130012598652,-0.43558216094970703,0.9657650606160327,173006000.0,-0.2043897743885872,-0.4786822389884896,0.0,-0.2218595706475991,-0.008128003388430616,1.0601686595528532,0
AVGO,2016-05-16,10.764866741723834,10.975014007722724,10.751111944757334,10.90088939666748,20373000.0,0.018394881888664005,0.020539797681870007,0.012635795507813833,0.005855327658725672,10.884382820129394,11.16273217201233,11.120378790800338,-0.023456871586221856,-0.2942129421234121,0.013619341947220372,0.3004828392796214,0.016575369348777753,0.11493356151137232,31.54298486940759,-0.19319227142169382,-0.039491476066397746,-0.2621116638183594,0.8959260497106365,193379000.0,-0.061097499705040095,-0.6239832976251212,0.19727110271370987,-0.17169035575388192,0.011709239860706828,1.1984646371089842,0
AVGO,2016-05-17,10.890188735984117,10.926868429659386,10.68921162042927,10.787789344787598,21248000.0,-0.010429503652743711,0.02203016775857267,-0.009402903254021178,-0.0009816318920394932,10.86886968612671,11.124905586242676,11.088703605465792,-0.03030284064333415,-0.3291870689392091,0.012203950975883029,0.28001393263774127,0.01600581453662537,0.11432751904256347,27.160533072154593,-0.19456227065282938,-0.03268918023802664,-0.15513134002685547,0.941259856472047,172131000.0,0.23409119867869235,-0.8095811524876017,0.08497734515881276,-0.0643821645588421,-0.009518007291149325,1.2470904705200352,0
AVGO,2016-05-18,10.738882491424704,11.084287111482626,10.723598739996607,10.994878768920898,22620000.0,0.01901471964880032,0.032805124889373136,0.023838260402069964,-0.004533538040073467,10.88270092010498,11.089180421829223,11.07976790674723,-0.00850393349517976,-0.3721119022369397,0.01261811937035302,0.269260932925333,0.01628712847392077,0.10371465422363112,40.59493762134233,-0.17689844395829368,-0.012020282834792756,0.13831233978271484,0.995018310184421,194751000.0,0.3200645068868933,-0.7270692595733664,0.3336217710691566,-0.06075457198423569,0.0001948286649057936,1.2380806858362368,0
AVGO,2016-05-19,10.929925584037976,11.054484666606847,10.783969102595353,10.907764434814453,17478000.0,-0.007954728811671872,0.024800275563348465,-0.002027566339116834,-0.005907585362971422,10.883923244476318,11.0562828540802,11.063386623706013,-0.013432943159247068,-0.4069175434112555,0.012488058316259792,0.26271105905966,0.016434029259448663,0.09661307617853984,42.746895976775164,-0.1679926184259557,-0.0024915658419638054,0.012223243713378906,0.7665352414116735,177273000.0,0.2921177862256121,-0.6553303019101543,0.23432033702325417,-0.10921799530393306,-0.004310536060712615,1.2219903268794639,0
AVGO,2016-05-20,11.013984012928509,11.284500305167652,10.981889007836287,11.212668418884277,25889000.0,0.027569378793137072,0.026988339060470816,0.01803928583355076,0.009737978735132304,10.920908737182618,11.042527723312379,11.077603937532514,0.015407767105590265,-0.42493165016174217,0.014210084532335857,0.2769027961022183,0.0164119346871228,0.09063298386696352,51.331310354971514,-0.13477784905543722,0.024578562822843764,0.3698549270629883,1.1349448506847628,203162000.0,0.3860969059948296,-0.5803640346378447,0.5818797045487691,-0.15134965765277056,0.007221272136325059,1.4962488340257152,0
AVGO,2016-05-23,11.324240184141232,11.488536919914278,11.300550799225073,11.317362785339355,17609000.0,0.009293828232054442,0.016610417469926836,-0.0006073165778869948,0.00995050964577229,10.964466762542724,11.03870701789856,11.100438113514118,0.02524351509072015,-0.4284026813507076,0.014291288888436785,0.2761388944865839,0.016454496140143632,0.08881093354050709,60.69855659267261,-0.09886726434359794,0.04839131802774643,0.4355802536010742,0.7607218844164116,220771000.0,0.2049224953725616,-0.7237116088272586,0.7012205780359406,-0.03395102957295192,-0.0005067365562502706,1.4880396195524703,0
AVGO,2016-05-24,11.3555704174297,11.590935301712866,11.336466451400883,11.571066856384277,19907000.0,0.02216966966328781,0.021991822642668725,0.018977156659082468,0.0033760190262557463,11.016506767272949,11.041228628158569,11.145259898549371,0.04798725264999797,-0.4316413021087655,0.014970471484153768,0.2784859289648058,0.016331523772499964,0.09075377432289752,68.63283838178289,-0.049366996986366374,0.07831326830798241,0.5204000473022461,0.8720564753708766,240678000.0,0.22967207077034077,-0.9004625501494953,0.990417279548468,0.009456581094782833,0.013786660677384946,1.4915894652750885,0
AVGO,2016-05-25,11.603159408596854,11.76821985554325,11.499996264870637,11.735361099243164,21737000.0,0.014098854158617386,0.022856015096233546,0.01139359426833567,0.0027735171363969485,11.090784072875977,11.049023008346557,11.20146001290116,0.06211753652399527,-0.4323903179168713,0.015258593772798134,0.2821974837644623,0.015444686044652035,0.09768022887783825,70.55727326434356,0.003083944071279987,0.10461136749250302,0.7427730560302734,0.9894847050254911,262415000.0,0.15973132485260613,-1.0763370909720573,0.9999999903209502,0.11732987461568431,0.006561758893880817,1.518217429889983,0
AVGO,2016-05-26,11.750646250874135,11.787326680735163,11.601633279910457,11.693333625793457,18431000.0,-0.0035876961156292558,0.01588027902122757,-0.004877401958010678,0.001302486689732717,11.182331657409668,11.068241930007934,11.248305118890903,0.0564761503383865,-0.4198808765411375,0.014216977602174078,0.27690288383537265,0.014405639852344498,0.10884274658527088,70.92883001074438,0.04079022258402887,0.11385411680420153,0.9154758453369141,0.8527520930157235,243984000.0,0.2498251242086422,-0.9970001240758237,0.9593213894183263,-0.009221669570458519,0.0005882206614858674,1.428524739440711,0
AVGO,2016-05-27,11.69180250312731,11.762869907436999,11.650537394128596,11.714727401733398,18693000.0,0.0018278986774297942,0.009588999330525674,0.0019607668347416253,-0.00013093979143552538,11.283584213256836,11.097089099884034,11.292726288685426,0.05565768605924251,-0.39370820999145373,0.01365011847441966,0.2704074134858683,0.013842943008127065,0.12040088557533464,70.67518427391512,0.07157395884325446,0.11571028245074169,1.0125255584716797,0.8989244933240678,262677000.0,0.1858963145035312,-0.8064793595589651,0.980028531719004,-0.010086726397990155,0.004672980703673881,1.3618593225744586,0
AVGO,2016-05-31,11.768221223881682,11.840817599622993,11.714729541108886,11.795731544494629,32058000.0,0.00689092998871889,0.010689295354984764,0.0023376787422845803,0.004566373617910042,11.37306842803955,11.128725624084472,11.340631551143446,0.05993551663878621,-0.3649296760559082,0.013683370495376612,0.2595454113285697,0.013750624303525952,0.13254152693384685,69.33747470802305,0.10133848201484597,0.11637984449786656,0.8948421478271484,1.496533856172536,294735000.0,0.12970642916147104,-0.8455124192277115,0.9999999908553011,-0.014506352461522477,-0.001427691585688129,1.4278812946674293,0
AVGO,2016-06-01,11.723134028299569,11.869090516040231,11.71778486054267,11.827061653137207,30777000.0,0.002652533656810309,0.012793173808263216,0.008865174150368478,-0.006154558190919764,11.476995658874511,11.172932672500611,11.386958227523804,0.0585458625076219,-0.3235959148406984,0.012614377658466683,0.2555608120357665,0.013432155095463643,0.14220303895176933,71.96295072456567,0.1260026785564996,0.11283523283161616,1.0392723083496094,1.4143159452324214,325512000.0,0.20387002611381164,-0.7034058115346129,0.9999999911100035,-0.11356336777107386,0.0030591454452243852,1.332831198336567,0
AVGO,2016-06-02,11.860684872148177,11.884374251828778,11.72160578189943,11.837759971618652,46746000.0,0.0009041538009371887,0.013749938348309915,-0.0019328479558570271,0.0028429055328422154,11.561283779144286,11.221992349624633,11.429891726961408,0.05487150608028179,-0.27476542472839327,0.012329270314488144,0.2387490849647133,0.013231863989055022,0.1483566821506204,81.25267879071822,0.14474397842034392,0.10526122615636838,0.8428812026977539,2.0276785540005067,372258000.0,0.1505294110767891,-0.5304291323475786,0.9999999911937578,-0.11803184127448609,0.00266929603573189,1.3179452927580804,0
AVGO,2016-06-03,12.667652749119314,12.685229216749343,12.318427766310853,12.422354698181152,82985000.0,0.048203227790490986,0.029527529929323417,-0.019364128114545496,0.07010555877888658,11.712742805480957,11.298333024978637,11.524412009934716,0.0994856205532837,-0.21305104255676355,0.01590360712578264,0.2801237764427326,0.01355331533904331,0.17247189872747676,89.01215797048799,0.20441216614862157,0.1319435311077168,1.5145902633666992,3.148003785874287,455243000.0,0.9094807167946993,1.3502574228888653,0.9999999941865633,-0.1382471556391522,-0.001833534529958163,1.1115891061413252,0
AVGO,2016-06-06,12.48654182093692,12.527806209278298,12.304668639430599,12.443748474121094,34010000.0,0.0017207184471475635,0.01793170041426303,-0.003427157606584056,0.005167065690465672,11.835850811004638,11.378379774093627,11.611967863666752,0.09363096681979236,-0.14804318428039664,0.015719709579511357,0.2765755911132108,0.013397581627741444,0.18889124717178507,88.0512568892232,0.25053788890360806,0.14245540309016264,1.2310800552368164,1.280482524670278,489253000.0,0.8934563849182912,1.4671467277092782,0.9999999942579776,-0.16845400002157634,0.005899693286409293,1.0994492169051744,0
AVGO,2016-06-07,12.481957161421727,12.68140536103729,12.441456521087337,12.596582412719727,32340000.0,0.012207173872015272,0.019048725431841843,0.009183275485069092,0.0030705126658655004,11.963772773742676,11.4641197681427,11.705740677862273,0.09878321811816386,-0.08024588584899917,0.015739930829614758,0.27673930759319926,0.013408941040346725,0.20526754056456237,93.75243599480984,0.2960130241821535,0.15034443069496645,1.279219627380371,1.1840818971672098,521593000.0,0.8007818377211322,1.3267294008543677,0.9999999947212297,-0.16846756358508747,0.003399261087190382,1.1022069956512215,0
AVGO,2016-06-08,12.539270381273887,12.579771021173642,12.481957027470377,12.509468078613281,25620000.0,-0.006939736200614533,0.007819196868354382,-0.002376717442933962,-0.004549808000935792,12.057612895965576,11.537059831619263,11.782286144600464,0.08428562045644526,-0.0219320392608644,0.015933538451441458,0.2591633800048657,0.01301017819051172,0.2162463463877452,88.89342667640442,0.32131903201659817,0.14052035082352893,0.9384012222290039,0.9259041750616633,495973000.0,0.9565157025160974,1.429528017719905,0.9540143384855808,-0.1618058057257924,0.00283091366972557,1.1370149596681713,0
AVGO,2016-06-09,12.390254810449393,12.612627136751845,12.388725852219297,12.54308795928955,29143000.0,0.0026839497580510062,0.01785057117360154,0.012334947993798731,-0.009529843108812905,12.138385581970216,11.614584827423096,11.854743460285139,0.07994286019374065,0.04457366943359453,0.015727006743720327,0.2558337886135125,0.012989960537442712,0.22328758845613675,93.18010925769724,0.34016584878395406,0.12749373407270786,0.8077268600463867,1.0300937380706636,525116000.0,0.9331946530993244,1.5528972027244883,0.9717615013528692,-0.2360725419807562,-0.0016519811862426884,1.1253803053774512,0
AVGO,2016-06-10,12.392547490626292,12.454446256692904,12.226723279092935,12.289385795593262,26657000.0,-0.02043380725707076,0.018530053592778047,-0.008324494622902735,-0.012001866617842444,12.197990798950196,11.690161228179932,11.896137968409722,0.05125887960007511,0.11049100875854556,0.015788514432774344,0.2515215607451851,0.012273596278220864,0.21680095559719545,79.22042027514418,0.3308169901867757,0.09451590038042357,0.5960521697998047,0.9418818911131247,498459000.0,0.9077760211719752,1.544515510489847,0.8378379558692713,-0.30211880584454825,-0.009757929437981929,1.2881469950695046,0
AVGO,2016-06-13,12.237424059213796,12.39866434280661,12.199215395582213,12.227489471435547,21568000.0,-0.005049294005807228,0.01631152065411395,-0.0008118201773559101,-0.004228180093271927,12.24926700592041,11.766425609588623,11.92769525441218,0.039184700328989415,0.18337770462036218,0.015703819500153204,0.24606302118764198,0.01201110618790269,0.2037328638606455,75.28680804326831,0.314784793174276,0.06278696269433909,0.5127620697021484,0.7622696323837357,476891000.0,0.9160802539851112,1.6066227639997637,0.7959451770425069,-0.17128363991698986,-0.007865751064854803,1.2677055412869978,0
AVGO,2016-06-14,12.170937571323307,12.26722258694982,12.083821932525531,12.149540901184082,25669000.0,-0.006395269212946637,0.015095274444111946,-0.0017580132998183367,-0.004624980478973193,12.284647941589355,11.828858184814454,11.948823411247599,0.027110200417332704,0.24125587463379006,0.015710577763572903,0.23962217390555476,0.011861570920219854,0.1922903543613878,67.8117813285867,0.29241854440454773,0.03233657113968863,0.3538093566894531,0.8987981126955361,451222000.0,1.1210144218234661,1.9984899855801588,0.7528509330394404,-0.09631886648161321,-0.0020229080965437165,1.328671258636395,0
AVGO,2016-06-15,12.174839236005457,12.27449412117044,12.125777953315957,12.142642974853516,30884000.0,-0.0005679132474184134,0.012247429825614416,-0.002644491684972783,0.002082246154577724,12.316206073760986,11.89660086631775,11.967282417305306,0.020681714978398224,0.30308430671691866,0.015335847288567928,0.2310859294185454,0.011604152109330168,0.17362780466596142,63.88660303533598,0.2710124631323261,0.00874439189397358,0.3155813217163086,1.0634601710337603,420338000.0,1.1603890177117444,2.2859226129908627,0.7312087796807192,-0.029410962402046985,1.5236566200267208e-05,1.2906654388369354,0
AVGO,2016-06-16,12.039154711800922,12.17637263665366,11.92800084543056,12.160274505615234,22804000.0,0.0014509808437000264,0.020424850681138917,0.010060489844439352,-0.008522713157828142,12.348457527160644,11.954870653152465,11.985662616191966,0.0171816039044127,0.35892333030700563,0.015045346150948533,0.23556295730414498,0.011071564885396512,0.15834147458893888,66.19006320526917,0.2525593595965372,-0.007766969313452277,0.32251453399658203,0.7849846386864138,443142000.0,1.384977993077906,3.08234167284839,0.7416489401290266,0.018751059323623934,0.0038567692244265684,1.2796870049152698,0
AVGO,2016-06-17,12.18633941753744,12.246132793182767,11.876640451200258,11.958664894104004,43333000.0,-0.016718339394627357,0.030897457612990377,-0.01868276563173352,0.0021434476590285203,12.30208854675293,12.007415676116944,11.98309140456454,-0.0040600561592371446,0.40914197921753015,0.015557186415155654,0.2539315164951526,0.01133298604708584,0.1346353182210022,57.51837013816904,0.2191408124938512,-0.03294841313291064,-0.46368980407714844,1.4281053290709549,399809000.0,1.2207596946676782,2.6535785108550938,0.539048288515207,0.11818927042781907,-0.0011413189040682585,1.3057690203882044,0
AVGO,2016-06-20,12.14264447666464,12.234634118934078,12.011558742959329,12.029956817626953,20265000.0,0.005943829059419644,0.018543323070158834,-0.009280322681063763,0.015384625640889448,12.260709381103515,12.048280096054077,11.98755477723715,-0.0015208210853195968,0.44805760383605886,0.014575052107948612,0.2646371612766155,0.011009901298817069,0.11894938677294523,57.26250985059799,0.19614796393381795,-0.04475300935435511,-0.4137916564941406,0.6741113306588425,420074000.0,1.49978493871119,4.545199359339077,0.5570537001346162,0.0720882911972883,0.006542437177584029,1.0744551961302011,0
AVGO,2016-06-21,12.082080622158696,12.142640872374523,11.928764597218306,11.944096565246582,16126000.0,-0.007162795385640658,0.017906442216773642,-0.011420554216865879,0.00433283388477071,12.195460796356201,12.079616785049438,11.983415899904715,-0.01121891713141069,0.47833741188049395,0.014700124647301017,0.2691064912522338,0.011045552300509237,0.10460294428795205,53.510144390155425,0.16904906855947388,-0.05748152378295937,-0.6524858474731445,0.5377547090218805,403948000.0,1.622445133589168,4.715991284193162,0.36374846087932083,0.03821543346720418,0.003990424362201021,1.0437754597200273,0
AVGO,2016-06-22,11.937965678552656,12.048353381649097,11.86667333092155,11.89273738861084,16039000.0,-0.0043092347088828096,0.015276554475067131,-0.0037886094768378896,-0.000513298486866299,12.133787727355957,12.095700311660767,11.97477985121006,-0.016779757901778124,0.4941161060333261,0.014021859037526497,0.2704573184521052,0.010829626268382266,0.09795588535110974,51.60963663779859,0.14179422682732934,-0.06778909241208314,-0.6167306900024414,0.5383253480117806,387909000.0,2.020295816168495,7.037094234325372,0.22076283245097944,-0.01531590873498728,-0.0032919304586503054,0.828021042694737,0
AVGO,2016-06-23,12.062149455862617,12.160272003873587,11.956361654935531,12.159505844116211,24435000.0,0.022183327564464613,0.016769624636434423,0.008071230465940158,0.014245001946651537,12.095429515838623,12.116907548904418,11.992372802915408,0.003515607840095162,0.515872926712035,0.01452711707507252,0.22903341631868063,0.01062316656332813,0.0937486734674916,40.54451046045643,0.14010550423616408,-0.05558225200259875,-0.38358211517333984,0.8164281311029545,412344000.0,1.8587049063074856,5.644698332312373,0.5161061048839755,-0.028464201639701227,0.015612852505560588,0.9743642691169329,0
AVGO,2016-06-24,11.652032407477575,11.872041683012668,11.376063478601196,11.400593757629395,64177000.0,-0.0644457998461882,0.04350459410454057,-0.021578952138086492,-0.04173470888902889,12.006550312042236,12.102270555496215,11.93601289384055,-0.05797893825538105,0.5159550762176508,0.020442303699092872,0.26905518743777457,0.01188050221687209,0.10346021158836755,25.483403521812264,0.07664579155483686,-0.09523357174714078,-0.8887920379638672,1.9920568529431386,348167000.0,-0.667606761144923,5.222986024320889,0.0,-0.2524352689169065,-0.036673887682390764,1.4889485939211595,0
AVGO,2016-06-27,11.230412167898907,11.287906331902265,10.906148855234264,11.010403633117676,37864000.0,-0.03482482739212033,0.03467243245951553,-0.019590423868342127,-0.014927432145067062,11.88484172821045,12.06705436706543,11.847859630914563,-0.08756492686036267,0.4981724357604982,0.021723153212416222,0.2872334776124301,0.012681980018162465,0.12903131351826855,16.462761282529414,-0.005073090610157038,-0.14156196312970776,-1.217085838317871,1.1413413715146945,310303000.0,-0.4871781601865878,3.4677314611483907,0.0,0.06881956280487475,-0.01967407339041504,1.5423495855111182,0
AVGO,2016-06-28,11.245743379056258,11.493349008078416,11.236544342680853,11.481083869934082,37233000.0,0.04186018953746306,0.022367632540895428,0.020927072825336294,0.021374306862894144,11.81799602508545,12.051321983337402,11.81292860605928,-0.04731747386042606,0.49108663558959975,0.023937487069607667,0.31354204830610094,0.012960490673837753,0.1350108374570109,31.29100255509553,-0.03149290144227379,-0.13438541916945962,-0.66845703125,1.1136351740382096,347536000.0,-0.21334703907829344,2.1965979879161464,0.2967384508618307,-0.09248028774817506,0.02047139310516162,1.6320989644740804,0
AVGO,2016-06-29,11.652800938425981,11.93183600868202,11.558511340080052,11.88200855255127,47860000.0,0.03432456953179044,0.03141932331025081,0.019669744221988847,0.014956520694146387,11.791932582855225,12.054069328308106,11.819507648582327,-0.01427408213175144,0.4870802307128912,0.02525336403117203,0.3297456807500573,0.013536194865460819,0.134511744780763,39.39106409430202,-0.019850694205183927,-0.09819456954589581,-0.2606344223022461,1.3958276826518974,395396000.0,-0.22575136929955203,1.4271880732302136,0.5494997948196413,0.058971775528840364,0.018023027670841085,1.6662791257256095,0
AVGO,2016-06-30,11.882005018634391,12.053719138132235,11.818378657846859,11.912668228149414,42626000.0,0.002577021142029808,0.01975548009737371,0.0025806426980234092,-2.9741746629876095e-07,11.767171955108642,12.057814741134644,11.828380084731574,-0.012037547099616165,0.48675992012023883,0.02525743139789027,0.32395823789925454,0.013667844004453722,0.13388557149704167,43.48832007455197,-0.008057301943736661,-0.06912094182755883,-0.2476062774658203,1.2506931831852095,438022000.0,-0.2366695457132097,1.427781682951119,0.5688290632470905,0.06752119843538926,0.013797546176624226,1.5822856095962694,0
AVGO,2016-07-01,11.841375496736271,11.948697092079435,11.776216818323007,11.822211265563965,19779000.0,-0.007622318079974326,0.014589510349297959,-0.0016184125874062585,-0.0059846148694613745,11.753526592254639,12.027807569503784,11.827792578144182,-0.0170934147874272,0.45162283897399824,0.022534188112214946,0.32203190408011384,0.013232405272729952,0.13213494894094782,43.063132527993645,-0.005941583632395719,-0.053604178812974315,-0.13645362854003906,0.6396499534306114,418243000.0,-0.5049432561064824,2.269832081514999,0.5118008371868091,0.05350893824190389,0.000602177559177688,1.6230383108843731,0
AVGO,2016-07-05,11.619834837321497,11.629800033598752,11.462685790196096,11.556975364685059,26321000.0,-0.02269089043065993,0.014460032835988462,-0.00540967005662114,-0.017118322765213596,11.706228446960449,11.983468914031983,11.802000462576647,-0.03559015774569433,0.4059000968933102,0.022954761871499578,0.3346122484332267,0.013154835899050329,0.13283056753782627,40.468558154497764,-0.02537467865935028,-0.0584298190719431,-0.47298145294189453,0.8619337429982821,391922000.0,-0.3423098375663269,1.7871541796481916,0.3445839366598199,0.05746356200469224,-0.0076428975288776015,1.6472790386384089,0
AVGO,2016-07-06,11.449653791563417,11.596070751825268,11.281005765759657,11.547009468078613,20603000.0,-0.0008626994258069155,0.027285418502837912,0.00850293626361895,-0.00928630283746963,11.666519737243652,11.930990266799927,11.777715605957788,-0.03218348098631622,0.3503567981719975,0.022667392331283915,0.3464943068768787,0.013422093199184146,0.12797193543556942,40.42865634770031,-0.04110586818286954,-0.05932880687636989,-0.39708709716796875,0.6879062981005196,371319000.0,-0.2782361309629766,1.9989586499675651,0.350108513734274,0.05526131030779251,0.003654540304433811,1.6327043941372006,0
AVGO,2016-07-07,11.509446530680455,11.72868887908126,11.509446530680455,11.574605941772461,19248000.0,0.0023870725560188,0.0189416684519814,0.005661385268327061,-0.003253044652124017,11.634706592559814,11.884247159957885,11.758371828416328,-0.026054760874392156,0.3025342655181884,0.02270190987140016,0.34441363238957184,0.013618919435589969,0.122504646595501,40.618828647559425,-0.05076100317662835,-0.05518715349610296,-0.3181314468383789,0.649574610974058,390567000.0,-0.34382163167225904,1.9971759967358491,0.3681138348839468,0.05928823467019585,-0.0004125586492574503,1.639144089790703,0
AVGO,2016-07-08,11.701859032771472,11.901169533830975,11.647431706649236,11.89273738861084,26741000.0,0.027114354842983225,0.021335527614641324,0.016311797564958586,0.010994161843536928,11.608029747009278,11.85172963142395,11.771168548434852,0.003460065191122828,0.2637514591217034,0.02371942521134326,0.3413472931092865,0.013713677120361407,0.11118075762243475,48.98198016136721,-0.03236908750455392,-0.02943619025922282,-0.2667684555053711,0.9061182721370576,417308000.0,-0.3449607036885452,1.3866927654390022,0.6898718172008036,0.0881837964748406,0.016920770365561336,1.659369640796328,0
AVGO,2016-07-11,12.042988491577459,12.148010161216394,11.98012901421458,12.062919616699219,25201000.0,0.014208342608246742,0.013917123896791811,0.00165499826883909,0.012633853591226872,11.67426233291626,11.840406322479248,11.79895436446003,0.018792707612541752,0.23734886169433622,0.023609382273526568,0.33986897509324937,0.013616757750190429,0.1071764084515752,50.493907887144914,-0.004014798198818781,-0.0008655207627901473,0.6623258590698242,0.8560471214859298,442509000.0,-0.5481551506744365,1.6277248663000972,0.8647836839416222,0.12184526774300052,0.0035624369956826513,1.665661421559605,0
AVGO,2016-07-12,12.156440598087759,12.335053808037411,12.131143432492559,12.157207489013672,20306000.0,0.007785949943311435,0.01677279717084668,6.308515384041534e-05,0.007752765032030464,11.78894271850586,11.836892223358154,11.833073709655615,0.02706075710927071,0.2134462928771974,0.023658923965317664,0.34403025482053334,0.013626597640629668,0.10580544003584721,53.18517789144131,0.02576739318772603,0.023133336499003728,1.146803855895996,0.6912516127275262,462815000.0,-0.6322242216318218,1.6644676041330377,0.9973327208747987,0.12937442587391487,0.008904302215286465,1.6912332541759576,0
AVGO,2016-07-13,12.18174026152773,12.294427924492235,12.061387343075182,12.066753387451172,15734000.0,-0.007468185936849064,0.019312616554033227,-0.009439281376349525,0.0020179611589444947,11.847509670257569,11.83275284767151,11.855328917064714,0.01977566358347065,0.19123187065124547,0.023675181909563903,0.34769886415549806,0.013718475507201431,0.10454873168247736,52.57081726570231,0.041591661605956176,0.0311660839337871,0.5856695175170898,0.5448259026037995,447081000.0,-0.624091430641731,1.6435299111928217,0.9186681482351032,0.12286038229465857,0.00018745890662206312,1.6949531582333572,0
AVGO,2016-07-14,12.230798797793385,12.346553267955569,12.177904525958969,12.325855255126953,23550000.0,0.021245092474821158,0.013682518443466669,0.007771892811530722,0.013594825805656428,11.891894340515137,11.84191346168518,11.900140949261118,0.04086685775900239,0.17273379325866678,0.0241589447340382,0.3485749545299016,0.013745116906144907,0.10856757273519223,52.463134790733825,0.07418470851054515,0.05100730467070086,0.4438467025756836,0.8259607712474459,470631000.0,-0.6980273906216035,1.4265952399005313,0.9999999923980482,0.10550900988910247,0.005289083444773599,1.7109129431083792,0
AVGO,2016-07-15,12.350385268031252,12.385647627795857,12.239230683546248,12.354217529296875,19259000.0,0.002298395705981872,0.01185157568934485,0.0003102948757752688,0.0019901266400232285,11.936049270629884,11.851610612869262,11.943386337835951,0.042408321739643214,0.1524779224395747,0.024160472895827772,0.3030731387252298,0.013557995567759797,0.11279280377239637,68.01853341330471,0.10113767928398865,0.06236822035531548,0.44154930114746094,0.6796894300335272,489890000.0,-0.7037434422087886,1.4314238195511908,0.9999999925584935,0.10809298810077787,-0.0015209254108185617,1.701965358867469,0
AVGO,2016-07-18,12.45080947086773,12.548932041062837,12.414779484208,12.443909645080566,14626000.0,0.007233812962602862,0.010780579462023546,-0.0005541668433499218,0.007818539809728652,11.998219108581543,11.87587285041809,11.9910552242402,0.047831161661870285,0.14577279090881312,0.02382962392217318,0.2816638251088606,0.012999072423167349,0.12093899506253655,80.5556207659634,0.12825703964724688,0.07159006457485897,0.6216983795166016,0.5437245466019073,504516000.0,-0.8755558849328421,1.8876456994397663,0.9999999930240964,0.11663992031294593,0.0024065074689899263,1.6888396191382038,0
AVGO,2016-07-19,12.377982924364813,12.41861279352618,12.249197877735583,12.305924415588379,14797000.0,-0.011150511865086523,0.013766939396956087,-0.005821506553897364,-0.005297910592095606,12.073114013671875,11.889671230316162,12.02104276627336,0.0350096463441951,0.13030895233154283,0.023994775295051278,0.2610757102791637,0.012894650100385483,0.12461905636096325,70.48746396067276,0.1370354143353545,0.06429475141037326,0.7489490509033203,0.5557297779446972,489719000.0,-0.7494097976063653,1.6046990309854472,0.9037428253679429,0.11310383263743057,-0.0006552045587454054,1.699631895088536,0
AVGO,2016-07-20,12.387950073640756,12.554298904082911,12.335821952213294,12.469974517822266,18064000.0,0.013242909989833872,0.017520240428892938,0.006621308903224392,0.00666554216345355,12.16541051864624,11.915965127944947,12.06379817118278,0.0464930354749984,0.12483901023864874,0.024047434401356784,0.24662016383249188,0.01288934151752719,0.1317537763580271,66.55157947563737,0.15543801902036058,0.06615788487630347,0.9229650497436523,0.6759682148249736,507783000.0,-0.8766982194472827,1.7324352595890438,0.9999999931486713,0.09353758877846463,0.003930642059839557,1.7106910935715982,0
AVGO,2016-07-21,12.496038433422331,12.532066959877442,12.251498885816133,12.296727180480957,19530000.0,-0.013990572126977463,0.022816483582599106,-0.015949955167294465,0.0020901338300904136,12.23762264251709,11.936164617538452,12.085981886354034,0.030207572884059848,0.12011729240417424,0.024283348179713313,0.24985070624505848,0.0130850053046647,0.1345580145206704,60.008047491509615,0.1542643402931212,0.05198736491925127,0.7221212387084961,0.7260843863973496,488253000.0,-0.8020721133447479,1.4633848754551169,0.8813025472281886,0.09059478966073849,-0.00620181570189289,1.7197063827375558,0
AVGO,2016-07-22,12.2338649296762,12.288292983466706,12.011556486519801,12.239997863769531,19664000.0,-0.004624041528780663,0.022609194854514996,0.0005013079777790912,-0.005112112343562515,12.27234869003296,11.940189218521118,12.10065007467932,0.025109203841784253,0.09919369697570701,0.02383189243580838,0.25790002197396766,0.013244492638478798,0.1354340528485886,61.081737798379834,0.14706137767464966,0.03582752184062378,0.3472604751586914,0.7376079132305415,468589000.0,-0.6974921505701158,1.5923240749417176,0.8424354275033139,0.28787105488290077,0.005416746377583432,1.717304408745361,0
AVGO,2016-07-25,12.23769721266112,12.318954746577228,12.209333947644401,12.248429298400879,9627000.0,0.0006886056755444614,0.008949784186421438,0.0008769693794912778,-0.00018796172466839568,12.290899658203125,11.982580995559692,12.114724286462327,0.022186230388748323,0.1121740436553953,0.018667695563017613,0.24004968794289322,0.012000650811634763,0.12981376672105976,71.23345469942967,0.1404147108339071,0.02334468399990497,0.18550968170166016,0.40227063324091716,478216000.0,0.22916862367358776,0.2836922817646537,0.8482120805332815,-0.012804563747177892,-6.911229507289733e-06,1.7736411786482327,0
AVGO,2016-07-26,12.373383127557835,12.533598258132248,12.293658642180558,12.528998374938965,28631000.0,0.022648119328361298,0.01915074202899725,0.012576612689603016,0.010201620641535621,12.328078746795654,12.058510732650756,12.154178961555338,0.039017060425555,0.15156785011291518,0.016830333379389186,0.23791425749044734,0.011375704685582747,0.11057961389278945,75.85785490127276,0.1559886194336979,0.03113487407975661,0.37179088592529297,1.2198977417980394,506847000.0,0.4995574715150958,-0.1634297262829868,0.999999990457237,0.2914050938372786,0.004391879119793616,1.8335244612911061,0
AVGO,2016-07-27,12.720645732345877,12.847898466315055,12.473040090352011,12.69918155670166,30493000.0,0.013491719474281426,0.0295183098213159,-0.0016873495323248427,0.015296303157820965,12.391321563720703,12.119415616989135,12.206083970616893,0.04783778010066957,0.17650689125060914,0.014657989694310557,0.24902968803060727,0.011662329777397236,0.1100981179839414,77.54411725491654,0.17998861794242593,0.04410789807078769,0.6324281692504883,1.3181602040375215,537340000.0,0.21918109332137192,-0.3098618465486976,0.9999999913207411,0.09291965512423296,-0.0035370247161668,1.531733571317859,0
AVGO,2016-07-28,12.648586990681714,12.799603839544398,12.565796391532256,12.589560508728027,19512000.0,-0.008669607551174347,0.018571533745306956,-0.00466664631792513,-0.003984080847576029,12.417692089080811,12.154793214797973,12.242605545675096,0.03576920527475948,0.17584906578063908,0.013162184065414546,0.24240424917015208,0.011131776091016869,0.1133450157580942,69.00878380164666,0.1879961842525919,0.041692371504762904,0.2637052536010742,0.8985245629869767,517828000.0,0.1160139553470238,-0.5059170925357739,0.9048570451370588,0.07441515096446569,0.0009790051548853214,1.3854229351286433,0
AVGO,2016-07-29,12.566560102236833,12.62175431162485,12.349618450020136,12.41707706451416,26030000.0,-0.013795231695659825,0.021916257745010506,-0.011895302802643037,-0.0018269427654165182,12.423978042602538,12.180013656616211,12.259221880802626,0.019463312142884395,0.17262554168701172,0.013681316059159744,0.24360875552723485,0.011201477078048307,0.11304623770905832,59.64901888356082,0.17836814881184537,0.025651468851213083,0.06285953521728516,1.2463013147688853,491798000.0,0.1959311168695539,-0.7527686210424589,0.7551541974288033,0.12731433980854365,0.0013845282191316706,1.7572903576825443,0
AVGO,2016-08-01,12.478403377912098,12.562727741966455,12.410944763950802,12.534363746643066,17876000.0,0.009401264389387053,0.012109348425061464,0.00448457763315917,0.0049388687111556985,12.433023452758789,12.215621280670167,12.285425868025525,0.026093021254378866,0.17570117950439545,0.01357179876553514,0.2350122402899106,0.011150114112725333,0.11201821206786257,60.148440831081764,0.17814833330801605,0.020345322677907007,0.0904541015625,0.8598095778631255,509674000.0,0.021942793428094364,-0.7143296867687705,0.8569503459981661,0.019425053502203964,-0.0015410539694088578,1.660066979509721,0
AVGO,2016-08-02,12.502935517666838,12.571161763735093,12.439309155232603,12.486837387084961,22689000.0,-0.0037988917047411235,0.010559327739245682,-0.001287548075910243,-0.0025073653207682975,12.451114749908447,12.26211438179016,12.304607917459757,0.018326611391364826,0.19671090126037605,0.012313589413844727,0.2277845279388704,0.011070323403859383,0.10096198513020475,61.57083931967744,0.17215465620142822,0.01148131645705533,0.18091297149658203,1.1009241085833645,486985000.0,0.283053605146927,-0.8353290206933992,0.8157009878381274,-0.04252523391166664,-0.00782782191224264,1.3314439231315607,0
AVGO,2016-08-03,12.409414115662198,12.583428930435812,12.363419660990196,12.580361366271973,15019000.0,0.007461895847017054,0.01748831077782697,0.013775610103643993,-0.006200390781323159,12.462153434753418,12.313781976699829,12.330870150679967,0.02164886383891457,0.22311852455139203,0.012283441914776797,0.2235137700061003,0.010699496279011825,0.08679804186146708,57.71374335559888,0.17295748123880372,0.00982731319554464,0.11038684844970703,0.7387659033391782,502004000.0,0.1766861887849984,-0.8490884124773614,0.8943421875810548,-0.05459031265876337,0.0031290821158802586,1.3615218322506217,0
AVGO,2016-08-04,12.592622717795107,12.80189982398262,12.587256675639962,12.801132202148438,19978000.0,0.017396643988108498,0.01676751280944968,0.01655806648547462,0.0009746422353182507,12.512593936920165,12.375108289718629,12.375657012724584,0.03442587346403225,0.2598435306549085,0.01261821797947015,0.22887959239617445,0.010640201752718778,0.07312579863688579,62.13057011257743,0.1892267985176197,0.02087730437948848,0.5044050216674805,0.9809317820817176,521982000.0,0.02942520659315996,-1.075861429625271,0.9999999889915708,-0.025700051045382265,0.0018761055246646272,1.3660425761922554,0
AVGO,2016-08-05,12.874729291093804,13.047210326441009,12.819535067355224,13.04107666015625,25594000.0,0.018570498746371567,0.01745831765614928,0.012920455659468814,0.005749264032521605,12.592701816558838,12.432525253295898,12.439030312479982,0.04894833462811908,0.29114618301391637,0.011935847215913562,0.23254842186236083,0.010508425261422358,0.07802261654634085,64.98647547089811,0.21895785231198772,0.040486686539085215,0.8010787963867188,1.2602294549214628,547576000.0,-0.14076220747309057,-1.2663239636817227,0.9999999897766928,-0.043623235048719115,0.009834735448271499,1.3532772215816113,0
AVGO,2016-08-08,13.031879235311205,13.12616809453805,12.86783033510599,12.90539264678955,19084000.0,-0.010458860402687384,0.020017814746314404,-0.009705936200042948,-0.0007052657602378225,12.658398151397705,12.474648904800414,12.483445772890416,0.03452952824011625,0.3090286540985101,0.01216429311221187,0.23709313558286624,0.01067988618253651,0.07953120291381101,65.06162324073765,0.22893237085881246,0.040368964068727975,0.6569633483886719,0.9540497371663957,528492000.0,0.06624625839477784,-1.3413607168596995,0.8607402432281093,-0.13362381065625042,-0.00027187308913126287,1.3657517209943972,0
AVGO,2016-08-09,12.950618083298046,13.198223698959497,12.932221473677139,13.121566772460938,32743000.0,0.016611936368458462,0.020272138967269725,0.013200040950273821,0.0035043828379561982,12.717654991149903,12.522866868972779,12.54421920142094,0.047808533722692476,0.32910983085632317,0.012492654064884704,0.24026860441682438,0.010794666466314468,0.08793789274786713,65.95338245969006,0.2513829082825758,0.050255601193993055,0.5925683975219727,1.5875393939393931,561235000.0,0.009973809884376867,-1.4840675573954343,0.9999999905196503,-0.17646981756807395,0.0001478585156376775,1.4855087295810445,0
AVGO,2016-08-10,13.125397365647672,13.198989643326064,13.019608832019223,13.173691749572754,19523000.0,0.003964596533117627,0.013616593934383818,0.00367946070834287,0.00029193108210017154,12.765106010437012,12.578213787078857,12.604168967911589,0.047342013110970464,0.35689754486083913,0.012204827779185268,0.23304094279150522,0.010644114935135804,0.0921210249344932,72.8250963374302,0.2702657160248414,0.055310727149006894,0.47451019287109375,0.937954161652121,580758000.0,-0.09838820009755113,-1.3323208097758574,0.9999999892898518,-0.11211754086434221,-0.0023157789279928264,1.4220429741023042,0
AVGO,2016-08-11,13.190560575612057,13.274117336187162,13.100870149042018,13.192092895507812,15745000.0,0.0013958354868196848,0.013132653657465644,0.00011616791309284646,0.001280493453162085,12.82535924911499,12.6215256690979,12.660161722920753,0.045205884052100735,0.37290880203247134,0.01154020842633883,0.2250464065903615,0.010630066131010446,0.09942458637768979,75.28502413564632,0.283447885116594,0.05479431699260759,0.6025323867797852,0.7708992273871188,596503000.0,-0.013851828825416993,-1.1867690481588085,0.9999999894968469,-0.10993398979869172,0.0052289546958538356,1.1416416556524909,0
AVGO,2016-08-12,13.195155011078441,13.23271730709885,13.137662327473205,13.221219062805176,16530000.0,0.0022054166587517255,0.007189577534583402,0.0019752743855679647,0.00023211749605487057,12.905773448944093,12.664875745773315,12.713595755290697,0.043928051704593296,0.38858969688415534,0.01154072181274992,0.2240059909255628,0.010553922916435232,0.10551457985029851,75.55373514873807,0.2928690749858003,0.05137240548945107,0.8041419982910156,0.8147773902971001,613033000.0,-0.012519773523967638,-1.187211235873874,0.9999999898086182,-0.10723627793750543,0.0011471027740585914,1.150913691978918,0
AVGO,2016-08-15,13.290214188583949,13.477259547472196,13.22352172610588,13.456562995910645,25807000.0,0.017643898425283418,0.018856064602444537,0.01251663854630873,0.0052185146809097995,12.99799337387085,12.715508413314819,12.784354540111645,0.05827958725087609,0.41853819847106877,0.011956563513329011,0.22192538556382363,0.010761819675364881,0.11742192547416,74.95875661472125,0.3156866847893376,0.05935201223439068,0.9221992492675781,1.2379357982999781,638840000.0,-0.059268152111399255,-1.352089733844737,0.9999999917801361,-0.09149087315462144,0.0037366894911972687,1.2373723870840523,0
AVGO,2016-08-16,13.400601508717589,13.414399695993199,13.192856691224677,13.21585464477539,19069000.0,-0.01804972383264458,0.01676342624489065,-0.013786460531950673,-0.0041586761203482574,13.070895099639893,12.76100492477417,12.825449788174858,0.03564372260069736,0.4485925865173339,0.012492424876833316,0.21398595190117536,0.010835844146433618,0.11790999010769943,63.394195087982496,0.3107643546612131,0.04354374568501296,0.7290172576904297,0.9054433913885771,619771000.0,-0.17243261306940327,-1.207231432787527,0.8021410010880179,-0.1455460645001597,-0.005113539787736061,1.4225988213018153,0
AVGO,2016-08-17,13.204358929482808,13.283315807077425,13.166796621647663,13.264151573181152,16613000.0,0.003647807448644204,0.00878451853471789,0.004528250403702387,-0.0008698427458209916,13.13927412033081,12.800713777542114,12.86723091055641,0.03620405887756541,0.47495005607605023,0.012283267511968413,0.20560821885957686,0.01064224246411757,0.12050028245259951,68.06234698652877,0.3072191005058933,0.03199879322375454,0.6837902069091797,0.7915532081656764,636384000.0,-0.07867896447305477,-1.1002940732835886,0.8418404193376324,-0.08308615423486865,0.0006410903335485688,1.372550097564239,0
AVGO,2016-08-18,13.248058380906272,13.352313197340656,13.234260185841672,13.333148956298828,21120000.0,0.005188311333856083,0.008854098292712253,0.006422871403628759,-0.0012132847084934592,13.19247579574585,12.852534866333007,12.911604057769972,0.03739449801850652,0.5102975273132326,0.011611463041505468,0.19460230099488193,0.010268110017062383,0.11949884250659348,75.96708510898522,0.30644447210862147,0.02497933186118617,0.5320167541503906,1.0024991277972781,657504000.0,-0.1821982998074513,-0.8029530511065701,0.8985553298078129,-0.1512698366447323,0.002914742268021935,1.1782069498851264,0
AVGO,2016-08-19,13.352305424013748,13.419765501715172,13.294812734358848,13.409799575805664,15349000.0,0.005732414233479774,0.009318019002206994,0.004305934437767961,0.0014367549464652147,13.229348087310791,12.911024951934815,12.95905124996385,0.03863168302604723,0.5514533805847179,0.011431139557493347,0.1926858573763585,0.009882097244837625,0.1160973477274274,75.40037118842693,0.3084599041556526,0.021595811126573827,0.36872291564941406,0.736106581749122,672853000.0,-0.3159175216408567,-0.5969012145278639,0.9612928355410509,-0.16828105313290842,0.0018437795452138426,1.4075093364673201,0
AVGO,2016-08-22,13.41516928111725,13.515591803151562,13.343110762823999,13.486461639404297,15393000.0,0.0057005894306703005,0.012789198887847762,0.005314309252455979,0.0004004314368182852,13.287454986572266,12.972926568984985,13.00928081086294,0.03958513657598236,0.5894134807586671,0.011394990581375995,0.19558788822100656,0.009959414156590175,0.11147592519724595,78.52142516710141,0.31263922602765426,0.02062010639886036,0.5810689926147461,0.7281491397783335,688246000.0,-0.3900068706096837,-0.5219138057095075,0.9999999906488273,-0.14870881630555005,-0.001283442826022656,1.370759744737445,0
AVGO,2016-08-23,13.54701764893067,13.604510336201882,13.501021744549352,13.594544410705566,19741000.0,0.007982225252890085,0.007612508992571225,0.0035082822634076648,0.004490133227342752,13.334752750396728,13.026203870773315,13.065020201324142,0.04363055769233905,0.6153496837615968,0.010615466018307389,0.1883049901747187,0.00966972866359295,0.1139444926705852,78.69839618254807,0.32097277077729913,0.023162920918804175,0.4729776382446289,0.9538834716893604,707987000.0,-0.5326811016889476,-0.3574865324515924,0.9999999915071957,-0.2474409248724144,0.0026762892552702876,1.198592110449652,0
AVGO,2016-08-24,13.612179004606617,13.621377310014624,13.366873314746117,13.438165664672852,21802000.0,-0.011569723492624808,0.018938894000107134,-0.01278365056373702,0.001297181675846614,13.361200141906739,13.063153076171876,13.10055786450021,0.028707662386499088,0.6265263938903818,0.010919054817343093,0.19065967142885157,0.00917098654178936,0.11438974013233304,68.70792811975275,0.3113694341223905,0.010847667411116424,0.26447391510009766,1.0760654168013675,686185000.0,-0.3146324617729725,-0.7201834448887058,0.8671905805197591,-0.22065808390047376,-0.004684999178562281,1.580318514378697,0
AVGO,2016-08-25,13.45503272546916,13.579219377934061,13.391406348019784,13.494894981384277,18735000.0,0.004212621903688279,0.013917339114841977,0.0029626279399555754,0.0012551609510700714,13.391480350494385,13.108419799804688,13.138113780393931,0.029482972561690322,0.6447480773925793,0.0105782209648975,0.18649787897325915,0.009026399048937274,0.11228655359692653,64.9345111570818,0.3048224983711947,0.0034405853279365073,0.30280208587646484,0.9264662249035699,704920000.0,-0.4731520087866687,-0.32891865548788357,0.9153696798494597,-0.34621047422299545,0.00031574013531485005,1.594900742060519,0
AVGO,2016-08-26,13.555451170312939,13.694968292891744,13.425132352262988,13.580747604370117,22586000.0,0.006341708082717892,0.019869004880352526,0.001866144750232846,0.00448734051003704,13.427433204650878,13.166603326797485,13.180269382677377,0.03145414705516329,0.6745221424102787,0.009779211394563583,0.187319177630166,0.008947047824055513,0.10454754639135373,72.97861026981622,0.30306801437843234,0.001348881068139296,0.3595285415649414,1.1264950273818186,727506000.0,-0.62067427544421,0.38784102053949415,0.9875447063919478,-0.3269404179004805,-0.0006815957981890396,1.6328229001940477,0
AVGO,2016-08-29,13.591480857455876,13.697269410372984,13.56081837759043,13.599146842956543,16726000.0,0.0013538861552666746,0.010033793609110796,0.0005640287158865025,0.0007903285885605331,13.441691589355468,13.21984248161316,13.220162474132536,0.028692048455495493,0.6949516582489021,0.009732594285935715,0.17614917624535234,0.008899027383581067,0.09769647119246862,68.77642132322183,0.2997073976402458,-0.0016093885360378146,0.14258384704589844,0.8366220995083102,744232000.0,-0.5005533641203065,0.34272468176320064,0.9999999910096963,-0.3141750247082358,0.0052165366617577865,1.539143336200179,0
AVGO,2016-08-30,13.65740710592424,13.753995890981631,13.48722603007804,13.56848430633545,27838000.0,-0.0022572854786094693,0.01966099194899911,-0.006510957668173189,0.00428411161674243,13.476954555511474,13.273924827575684,13.253335981961385,0.02219083521747312,0.7182634544372561,0.009672637437626582,0.18239125121654887,0.009170932933093701,0.08485525523661795,65.78800904198556,0.2912129525720015,-0.008083066883425638,0.3526296615600586,1.374733021395325,716394000.0,-0.5210985259060332,0.4410266672623958,0.9699028431187426,-0.28999072483899907,-0.0023982319665362766,1.7634941744084212,0
AVGO,2016-08-31,13.576147798918388,13.66967193725233,13.441996718746116,13.52402114868164,32753000.0,-0.003282324526747772,0.016834875946645445,-0.0038395759217135675,0.0005648009320658307,13.502941513061524,13.321107816696166,13.279115521649029,0.015232466745658035,0.7338479518890377,0.009779327857340033,0.18627896774233957,0.009142350019963887,0.07037243635831913,63.002980340868085,0.27769217588151385,-0.017283074859130665,0.2598695755004883,1.5495979693846405,683641000.0,-0.3489587864638678,0.17412372555175795,0.9058592418086225,-0.3009580046262311,-0.0027973555779122593,1.775298463092919,0
AVGO,2016-09-01,13.559285054884857,13.61984531889524,13.401369842206776,13.575383186340332,39128000.0,0.0037906441429774495,0.016093503478219407,0.0011872404318104836,0.0026075015570833893,13.527164936065674,13.359820365905762,13.307331489714867,0.01613515858516591,0.7389075851440428,0.009219447539075654,0.1950947175325409,0.009118252299926867,0.06173822337419011,63.63648362534496,0.268031648135171,-0.021554882084378835,0.2422342300415039,1.7709825540476003,722769000.0,-0.36697107931858086,0.6094493474745486,0.9657462738171985,-0.5036722235048484,-0.000791537295096082,1.6993471344308326,0
AVGO,2016-09-02,13.568484622338584,13.59454721897415,12.939886958508449,13.270284652709961,80668000.0,-0.022730793817525657,0.0493327970804818,-0.02197739671812025,-0.0005081671660428295,13.513213443756104,13.371280765533447,13.303803219523923,-0.007553211582265703,0.7281524085998523,0.01007736684191968,0.2235675586610181,0.011021838772041489,0.05789593627171054,43.19328975915149,0.23307002231056728,-0.04521320632718606,-0.13951492309570312,3.24650419657392,642101000.0,-0.7556431195442999,0.7650703115971434,0.5259672700745799,-0.3700446124866741,0.003820297467774826,1.0682196007971283,0
AVGO,2016-09-06,13.309374132301729,13.338504281641995,13.004275917061255,13.116196632385254,36132000.0,-0.011679448293628665,0.02548210992054469,-0.014514393979089584,0.002945639872448796,13.476186943054199,13.381820964813233,13.285935925510715,-0.019849640264051317,0.7043805503845224,0.010152100668297243,0.2286048486535018,0.011223587094954366,0.05120055444932006,46.11233996709709,0.19073044464646394,-0.07004222719303155,-0.37026500701904297,1.405911661650463,605969000.0,-0.7480813787292573,0.6733224006273563,0.0,-0.04599451610566885,0.003190226008476213,0.7887223341288044,0
AVGO,2016-09-07,13.140730745890265,13.18519287361005,12.85632899230076,12.947551727294922,31437000.0,-0.0129411362002781,0.025399696250064857,-0.01470078203289808,0.0018705204101952468,13.411487674713134,13.373120212554932,13.253708859013974,-0.031822676995175124,0.6569368362426768,0.009867662123871442,0.24377232693061096,0.01140168026757955,0.05645229355444443,38.709568234487506,0.1419316897212699,-0.0950727856945805,-0.6469926834106445,1.2263431474853466,574532000.0,-0.7119547518135011,0.2504568659482205,0.0,0.0020755047695044117,-0.002404702757554995,0.9838949923206292,0
AVGO,2016-09-08,12.90845767024004,12.94218625082986,12.768172917999262,12.907690048217773,18680000.0,-0.0030834529420317816,0.013481369016899381,-5.9466594792449976e-05,-0.0030194169429319496,13.358440113067626,13.359820127487183,13.220754686557193,-0.033842527415526215,0.6151046276092522,0.009820765629285532,0.2481527410589449,0.011398514362672103,0.06333187831763891,34.505507627365816,0.098901742776901,-0.11048218611115951,-0.5304756164550781,0.7298984862811904,555852000.0,-0.6093844087097028,0.20147869892226286,0.0,0.010567549929866341,-0.002923121652327539,1.0728331227725572,0
AVGO,2016-09-09,12.750542171728865,12.805736393383194,12.316657308732298,12.325089454650879,45022000.0,-0.04618628363661217,0.039681584953489016,-0.033367421636991,-0.012174748223878092,13.241459560394286,13.316469955444337,13.13545323589945,-0.07444769547530593,0.562892837524414,0.013896136487609843,0.28144416763959856,0.012416096385460923,0.09385861120601904,21.134223904963022,0.017586474968689814,-0.15343796313549657,-1.1698055267333984,1.6640024836961236,510830000.0,-1.5288870856264878,3.2661387346075643,0.0,0.03813095698786494,-0.02567925289307533,1.5931780544842005,0
AVGO,2016-09-12,12.198602019680024,12.629420698715396,12.169471863418623,12.608722686767578,35673000.0,0.022751873285758433,0.03647862248685088,0.03362030059589638,-0.010262597722820163,13.144257068634033,13.285845136642456,13.085288421696413,-0.050965703905257176,0.5183469295501713,0.015060105000981198,0.3019775815659707,0.013343237922512295,0.10538990564668653,28.959754454909756,-0.023696471036625866,-0.15577672731264983,-0.9720249176025391,1.2734171973612811,546503000.0,-1.1226727827609022,2.4095484479647804,0.22262202040025492,-0.3008433346778827,0.014114865568769263,1.6185485122187864,0
AVGO,2016-09-13,12.608722339837072,12.829497716219382,12.594924152963866,12.666982650756836,36003000.0,0.0046099656874914454,0.01851850354088198,0.004620635565071056,-2.7515119039061742e-08,13.051040649414062,13.246366119384765,13.045449776845025,-0.04373904986233678,0.46197248458862283,0.014410466255800829,0.31030078631296576,0.013329220526544026,0.11279153299160326,27.221363442521465,-0.051123095753480285,-0.14656268162360342,-0.932164192199707,1.2622268032562733,582506000.0,-1.2802966663876236,2.9829523218467995,0.26834991622876014,-0.16180171168575402,-0.016140827078107104,1.1775184559906844,0
AVGO,2016-09-14,12.666213866252479,13.026506280556866,12.652414220101859,13.001976013183594,40324000.0,0.026102530065166964,0.02877193895666092,0.026508485504151004,-6.069199947245701e-05,12.994389820098878,13.235672187805175,13.04130941840108,-0.017656539927026472,0.4223785400390625,0.01536489947518348,0.31884279096914436,0.013710508935500876,0.1140794977602663,40.152170288893124,-0.04530547542918306,-0.11259604903944495,-0.5665082931518555,1.3629350219612888,622830000.0,-1.0783332293710404,3.0025878931641037,0.5312841944428004,-0.0811312087389287,-0.00028305164519947234,1.1661393875012394,0
AVGO,2016-09-15,13.019666352398218,13.301849078921514,12.93278076965239,13.280320167541504,36322000.0,0.02118190583461398,0.027790618323589682,0.02002000726347902,0.0013605885133680393,12.970019721984864,13.236480617523194,13.064072346890642,0.003312024642498452,0.3885207557678232,0.016123914757982326,0.3317895966373476,0.014172371551881916,0.11409716157285776,45.596229756754965,-0.018027116987815006,-0.06825415247846152,-0.24370098114013672,1.188096141516963,659152000.0,-0.9671804606706228,2.348227333108548,0.7497548494761395,0.05406772198047524,0.011093135248984774,1.2311893238452682,0
AVGO,2016-09-16,13.257254289598821,13.301080582954205,13.059648801066793,13.166524887084961,83067000.0,-0.008605637647795981,0.01833678846730959,-0.006843755159513357,-0.0017368465256627106,12.929133892059326,13.2281494140625,13.073829731671053,-0.0046585901778098855,0.3483511734008786,0.016192308723763,0.329760728155823,0.014334750508801621,0.11404588829717494,41.59520923105492,-0.00552743269566669,-0.04460357454905056,-0.4088582992553711,2.467169305844108,576085000.0,-0.8241274796816085,2.0668413198037645,0.6604376172950177,0.008130892810516223,-0.004635888840365268,1.2399494743551216,0
AVGO,2016-09-19,13.190357670135691,13.346442241763055,13.02504558629674,13.127307891845703,28306000.0,-0.002982982713017602,0.024483059121446174,-0.004779990036581006,0.0018101042799917632,12.914836215972901,13.214024829864503,13.078922889782923,-0.006562492432827055,0.30953517913818374,0.016132447861680225,0.3429711297760917,0.014649987985158043,0.11359995051815024,40.5063496637005,0.0012003366616681888,-0.030300644153372545,-0.1429767608642578,0.8248438082804922,547779000.0,-0.7467629934480968,2.043088494263156,0.6296564332671933,0.002758482884101652,0.001406606506705549,1.2236737790233283,0
AVGO,2016-09-20,13.241107176502787,13.241107176502787,12.930473446971638,12.935087203979492,18722000.0,-0.014751075076251655,0.024014815238001218,-0.02311135830357402,0.008668897354633744,12.896725273132324,13.186456108093262,13.065224253039739,-0.01906265806844526,0.26452310562133796,0.016331463862192957,0.3461042632494887,0.014893296713562654,0.11359008897500139,38.03367769395371,-0.008876142066633008,-0.032301698305338994,-0.18110942840576172,0.5429302632437487,529057000.0,-0.5502424405916855,1.6082417854989113,0.4787835698296117,-0.005894890744377585,0.00041319064846908807,1.2078389715644438,0
AVGO,2016-09-21,12.947390332493287,13.072719979096854,12.88741588980319,13.058110237121582,17977000.0,0.009465857520350689,0.014190727891465858,0.008551522870590614,0.0009511438399896815,12.90778112411499,13.159634399414063,13.0645467277142,-0.007714816318898145,0.21968334197998196,0.016382906085997993,0.34307775402002083,0.014981130044054203,0.11025278897260292,41.451620764332816,-0.006855863303208309,-0.024225135633531434,0.11055850982666016,0.5226624179932867,547034000.0,-0.5534281394828834,1.5636436651589176,0.5753436096721611,-0.016100386990353866,0.01271280237151384,1.1512990924538284,0
AVGO,2016-09-22,13.14576163174179,13.167290538471246,12.922781993133253,12.981987953186035,20619000.0,-0.005846560194597919,0.01883444554342245,-0.012458287546894462,0.006712410373978348,12.915210914611816,13.136825513839721,13.056683987282947,-0.011786527907575409,0.17856976509094125,0.016256183289211426,0.3449372589235586,0.014978482826629284,0.10919059572825182,39.21061211544134,-0.01126732722640078,-0.022909279645379123,0.07429790496826172,0.6005085056748184,526415000.0,-0.6133617594901996,1.7663975229189905,0.5155956861980854,-0.014421537956758719,0.0059501787549974886,1.09234910351192,0
AVGO,2016-09-23,12.971226418005816,12.99659914955368,12.725949346974254,12.813603401184082,26875000.0,-0.013055482340582214,0.0211220680002625,-0.01215174352992673,-0.0008289589559800613,12.964062309265136,13.102760934829712,13.033533455273531,-0.022068443045183576,0.13475022315978968,0.01638624489124368,0.31750794050311043,0.01512757484444801,0.10841758686791449,41.261990390486794,-0.028027585705109104,-0.03173563049926996,0.4885139465332031,0.7735393418511406,499540000.0,-0.44600648982005947,1.4772681580255147,0.3834316626416245,-0.015840060580757362,-0.006398850550953265,1.106844437186241,0
AVGO,2016-09-26,12.694421864560647,12.858195546601946,12.514500035581799,12.816676139831543,32033000.0,0.0002397741044740675,0.026816274906397222,0.009630550841853672,-0.009301172581353769,12.984857654571533,13.064557361602784,13.01288037761239,-0.0189735644860068,0.08729747772216889,0.01626957285328227,0.31818416524878235,0.015327742730076435,0.10466986883082395,43.917556578446224,-0.04059432090937065,-0.035441892562825206,0.20795345306396484,0.9096343203583672,531573000.0,-0.40199919231699477,1.5762470562927529,0.3858434367512896,-0.030052204269970333,-0.007990938595450704,1.0571697253222745,0
AVGO,2016-09-27,12.832052853815288,13.138841247084844,12.76515925427131,13.137304306030273,25353000.0,0.024708693850020322,0.02844434320955505,0.023788200956976636,0.0011997427270520821,13.031889820098877,13.041465234756469,13.02473027555695,0.007348796279799776,0.05033745765685893,0.01740553568289951,0.3213854589276569,0.015752629035445276,0.0977395439814385,53.62932388295861,-0.024400264624384604,-0.015398269022271326,0.4703216552734375,0.7112319267475719,556926000.0,-0.31824581669110596,0.9033632198016225,0.6496192249046159,-0.011860181302690002,0.006534337181664622,1.152240564479121,0
AVGO,2016-09-28,13.208043149880647,13.27955051339746,13.054265434663302,13.12500286102295,20843000.0,-0.000936813801524903,0.01716457367270654,-0.0062871000535440185,0.005384578312455061,13.044192504882812,13.019291162490845,13.03428004560133,0.00811962011844918,0.011781816482544727,0.01740534784133105,0.32466447817326394,0.01570053351598609,0.09050697264273463,54.200745303166386,-0.012415859847566324,-0.0027310913963624374,0.12302684783935547,0.5905059516642419,536083000.0,-0.33087395528144026,0.9096286407693317,0.6397803809616701,-0.008468941846300725,0.006983742719323346,1.1196335837356688,0
AVGO,2016-09-29,13.071182280746983,13.377970746863019,13.03196827634203,13.260330200195312,38570000.0,0.010257859962816642,0.026093050854417096,0.01447060527816416,-0.004100614746210517,13.042193508148193,13.006106615066528,13.055808631753138,0.019546478624035097,-0.01720984458923347,0.017597099089792814,0.30716231610437206,0.015931172685585037,0.08492259133595172,71.85832718575365,0.007910465650558862,0.0140761872814102,-0.019989967346191406,1.0838014257735114,574653000.0,-0.4311248853698564,0.8035580591894858,0.7480168174565877,-0.005742600844217157,-0.008430356458089202,1.0262902152114943,0
AVGO,2016-09-30,13.301846867067637,13.428714902215805,13.258789051467344,13.264941215515137,34220000.0,0.00034766960865398273,0.01281014727917591,-0.002774475747132919,0.0031308923869567467,13.052035140991212,12.990584516525269,13.07572602068285,0.02111965773592891,-0.0520962238311764,0.017566165064126244,0.2864463886366355,0.01587485351449213,0.07695575992546884,67.63742354322031,0.024113331970607277,0.024223242881166892,0.09841632843017578,0.9682448510708129,608873000.0,-0.4017266738700977,0.813593542521063,0.9839002644514732,0.01554574081199586,0.009640947257416417,0.9811671357204133,0
AVGO,2016-10-03,13.302618868675218,13.370280951326997,13.049652696217365,13.076563835144043,22807000.0,-0.014302948250618147,0.024519304834709838,-0.016993272948197642,0.0028403935266604874,13.046960735321045,12.980898475646972,13.075805812536297,0.007369702459567664,-0.07851358413696374,0.01712596306742939,0.29259315234050093,0.014788805721176067,0.07461654045052064,60.288816877714865,0.021505834135110646,0.01729259603653621,-0.050744056701660156,0.7028513756096055,586066000.0,-0.4256150354435013,1.1718136841415514,0.7866941069683421,-0.03346269337614639,-0.003942376549884732,1.055371534142402,0
AVGO,2016-10-04,13.118083932384632,13.14038131286405,12.923553806516939,12.998136520385742,19596000.0,-0.00601560518020938,0.016681430129637003,-0.009143668581913771,0.003175153485581694,13.05326566696167,12.974995470046997,13.068408737093387,0.001783511244711559,-0.0994107341766366,0.01698129187756961,0.28135996990422274,0.014563239676480658,0.07402114109651875,49.889274527699925,0.012961531985437702,0.006998635109490611,0.06304931640625,0.6196863304392921,566470000.0,-0.4776066949961455,1.3591215709638995,0.7045910999367301,-0.04557536325359947,-0.005256593476911683,1.0870499124202424,0
AVGO,2016-10-05,13.18651482683773,13.387195656047238,13.123466503417168,13.33875560760498,26149000.0,0.025867750747127924,0.019771645885916865,0.011545187083242973,0.014492716410274867,13.08133020401001,12.9945556640625,13.094156058094491,0.02648801176245787,-0.09604568481445419,0.0176941379516909,0.2827878860751065,0.01441256503593249,0.07797834936101056,51.62670248594387,0.03329146139579997,0.021862851615882303,0.28064537048339844,0.8338847600536382,592619000.0,-0.5739785408776606,1.1749706732177865,0.9999999901348192,-0.0809840987710817,0.0035124003118074164,1.1221837164469872,0
AVGO,2016-10-06,13.324917620616446,13.428718367098513,13.168063061495955,13.393349647521973,21014000.0,0.004084535452576854,0.019461547131054628,0.005135643521599799,-0.0010374271330561376,13.122466373443604,13.01883864402771,13.122650685659012,0.02876685190183213,-0.08564606666564956,0.01766614731485365,0.28416099491190266,0.014537749274627573,0.08217081930041632,56.52948346286669,0.05319515900247396,0.03341323937804503,0.4113616943359375,0.6676462878974414,613633000.0,-0.6431090587812256,1.2656850828048034,0.9999999906389848,-0.1374985614391774,0.0008967181109861367,1.1199969206625522,0
AVGO,2016-10-07,13.446399056416539,13.4517812829926,13.254944311170805,13.394882202148438,21842000.0,0.00011441999134078633,0.014694938611948014,-0.003831275125306114,0.003960876874769042,13.18059425354004,13.072328281402587,13.148577496753244,0.024674557856536366,-0.048262863159180824,0.013782845731034655,0.2752638746515798,0.013708354343839315,0.06884785829809055,57.873340149062194,0.06830526651063984,0.038818677508968724,0.5812788009643555,0.7204835770185462,635475000.0,0.4319586069332986,-1.023313641439245,0.9999999872799352,0.08414297439442787,-0.003623053636378541,0.7072302980580004,0
AVGO,2016-10-10,13.434866202320084,13.52482712340398,13.360283492225165,13.437941551208496,16336000.0,0.003209456180781135,0.012244705071036066,0.00022890803970881043,0.002985020664476851,13.242720794677734,13.113789224624634,13.176135978129935,0.02471843345842369,-0.02721920967102065,0.013056964210880607,0.2648288676264131,0.012876381942566554,0.06437276615914271,66.22026168625692,0.0828001960615925,0.042650885647937106,0.6212654113769531,0.5566137061354938,651811000.0,0.5880263368353965,-0.5499012029948555,0.9999999870291401,0.08046651976227157,0.003212761444783916,0.5754775149048312,0
AVGO,2016-10-11,13.477924336726776,13.494071018680744,13.035041822350866,13.161141395568848,26181000.0,-0.020813510650599016,0.03487761298086575,-0.02350383731266912,0.0029753653389483765,13.245104503631591,13.138497161865235,13.174707922647928,0.0017235025747163008,-0.015046825408933984,0.014096068200332152,0.2843806609861427,0.013463321965839017,0.055729326512676716,53.02346336785,0.07113210627343136,0.02478623668782077,0.02383708953857422,0.9072417162777477,625630000.0,0.48238908444489653,-0.597497331441942,0.5566502524387994,0.07117011975858166,-0.012473572376953308,0.9959343005032251,0
AVGO,2016-10-12,13.128846831803923,13.152682617254781,12.948156531316055,13.107317924499512,21740000.0,-0.004097959894502972,0.015603961616006645,-0.001639817080953398,-0.0024537813852374434,13.243336009979249,13.14376425743103,13.168289827586174,-0.002772899162672068,-0.022189340591431517,0.012914063516751418,0.2821289694800569,0.013052941838124645,0.05490403379683977,53.726596866965046,0.05688620796351884,0.008432270702326598,-0.0176849365234375,0.7784135259196663,603890000.0,0.6209600731388817,-0.038671285731648214,0.47044140839308024,-0.06931130414813119,0.0017468808681089904,1.0095279723193642,0
AVGO,2016-10-13,12.976606609732539,13.063490713076654,12.825134315257202,12.989676475524902,22373000.0,-0.009015769711656638,0.01834967930764596,0.0010071867149374358,-0.009972392179688755,13.216270637512206,13.1292320728302,13.151279032151766,-0.010629380029606035,-0.04490782737731891,0.012083268159418542,0.28295281281312007,0.012736422956721064,0.05500353556139945,55.39830896198133,0.035692112697510936,-0.010209459650945052,-0.27065372467041016,0.8215958562161345,581517000.0,0.8476925724948343,0.8014291169335998,0.28201555761694136,0.0006601606001920052,-0.002689480933951386,0.888939679753121,0
AVGO,2016-10-14,13.069644021398581,13.274170156650708,13.020435497565755,13.078103065490723,19570000.0,0.006784385221647836,0.0194014879390628,0.0006472283462211868,0.006156238457851752,13.197586822509766,13.124810981750489,13.144309892469762,-0.003558749629927949,-0.05486833572387617,0.012067972036620628,0.27872411067780994,0.012762546673253265,0.055059033713374846,57.61657825962134,0.025734277569592123,-0.016133835823091094,-0.18683815002441406,0.8135083117520147,601087000.0,0.6685402543153426,0.5815189729735956,0.4236480824691184,-0.028802029633664343,0.001489121304427184,0.8782818677438381,0
AVGO,2016-10-17,13.04811186669173,13.144223478319962,12.973529162209228,12.985063552856445,12741000.0,-0.0071395705064216716,0.013145435544805607,-0.0048319875267095426,-0.0022932376850684283,13.188436794281007,13.117698764801025,13.129143574411351,-0.010111164635017439,-0.06086029052734432,0.012151999331257745,0.2642249909133242,0.012459879820733094,0.055905076963483076,44.88637470331123,0.010217331346757064,-0.025320625636740923,-0.09150028228759766,0.5473396611829596,588346000.0,0.7016860828502455,0.5324327818968275,0.2746270573396611,-0.06304984204370799,-0.0031571045318044806,0.899943849382762,0
AVGO,2016-10-18,13.121159832339927,13.291854177099548,13.11270225547701,13.238030433654785,14167000.0,0.019294041224471505,0.013533125066078695,0.00890703281715499,0.010480986783737654,13.21242618560791,13.13284592628479,13.139513751482156,0.00800926987800715,-0.05236588478088322,0.012449987685718656,0.2700468155925345,0.012182216169088147,0.05480553501438605,53.26811264450989,0.018123437117941066,-0.013931615892445535,0.23989391326904297,0.6146123911619369,602513000.0,0.5196939474794554,0.005012772693713467,0.6798031253673591,-0.0632819567191922,0.005299888076550422,0.9952819932433243,0
AVGO,2016-10-19,13.161145437949989,13.246492630648348,13.079642065996396,13.214967727661133,20440000.0,-0.0017436747015468258,0.01262587756279171,0.004089483694561533,-0.005807887819122499,13.200047397613526,13.140688800811768,13.146699844451582,0.005652590052071729,-0.04639102935790973,0.012309612769434288,0.2572502508876032,0.012150246595707473,0.05476963528709355,48.59730589284541,0.022271384613048895,-0.007826934717870167,-0.12378787994384766,0.8820438907456589,582073000.0,0.6715306071453027,0.2893850121955745,0.6428636789738366,-0.056926809345998974,0.0021696162557294026,1.0568079346324737,0
AVGO,2016-10-20,13.198817382776603,13.423333995661066,13.149607398287943,13.333373069763184,18961000.0,0.008920039719397949,0.0205294336051073,0.010194525992928681,-0.0012221251854232017,13.194049739837647,13.158258056640625,13.16447824686221,0.013308373512335799,-0.0320153999328614,0.012342872662008937,0.26466458993222197,0.012204398252371903,0.05495234495719513,51.976908488170686,0.034712836469342534,0.0036916137107387767,-0.05997657775878906,0.821158439274941,601034000.0,0.4924217174437741,0.08209329118243627,0.8325130543979188,-0.10163658388351192,-0.0006850776995022471,1.1914158045281882,0
AVGO,2016-10-21,13.247253365070998,13.332600507926491,13.124999111810986,13.295693397521973,15842000.0,-0.002829967579573209,0.01561418346169563,0.0036566094932652406,-0.00645895860271726,13.184130859375,13.18236255645752,13.176974927877426,0.008597157034113376,-0.009982910156249858,0.011922146482537843,0.25664642584954805,0.012058280138233169,0.04968209556597476,56.93413191079904,0.04105903901022323,0.008030253001295576,-0.09918880462646484,0.7028736983614992,585192000.0,0.5044798239434255,0.3483065210994382,0.7710347964139882,-0.12764712374227402,4.7705097175619424e-05,1.1130800888355896,0
AVGO,2016-10-24,13.391038661578504,13.609404544245432,13.344905499473885,13.574804306030273,19772000.0,0.020775271859997373,0.019484556728320893,0.01372303142113976,0.007171138894816994,13.197817134857178,13.220268964767456,13.21486344008246,0.026817558851449437,0.020851793289184073,0.01264954138534266,0.26356668587643,0.011794528452518077,0.04912680814342942,66.19159919702349,0.06782848340034953,0.027839757913137496,0.13686275482177734,0.9017666361851417,604964000.0,0.3490105969386577,-0.29493078377473236,0.9999999830433969,-0.1509343684170597,0.005598749553759442,1.3260018539678502,0
AVGO,2016-10-25,13.534820968908164,13.570958145821526,13.341059354080414,13.351823806762695,21622000.0,-0.016562459699955,0.01721853095848098,-0.01352047156224973,-0.0029454079941577944,13.216885375976563,13.230994939804077,13.227907284528198,0.009132258565362643,0.033672552108765075,0.012232603039825369,0.25247281561131313,0.01137374156940497,0.049483379789598936,50.392877046072535,0.07024110247211901,0.02420190158792558,0.19068241119384766,0.9946042420869112,583342000.0,0.3806100298501373,-0.05788591232108717,0.6219008025364292,-0.2540244539845652,-0.0004160011546620943,1.1710158096573007,0
AVGO,2016-10-26,13.236496056986297,13.438715336409128,13.155762625997184,13.301851272583008,21075000.0,-0.003749771285597937,0.021271678986701115,0.004937501228872475,-0.008637602730945607,13.236338710784912,13.23983736038208,13.234949569104845,0.004683887759804019,0.040795040130614524,0.012270584123987814,0.2540654873834121,0.011499939671117619,0.04907109636296224,47.24153097492792,0.0673444497023663,0.0170441990545383,0.1945333480834961,0.9689254237755675,562267000.0,0.4122673980013637,-0.07714958522789057,0.5371643601871695,-0.2072241319596094,-0.00011159268455955089,1.3203384359809969,0
AVGO,2016-10-27,13.402571944639858,13.474847771607813,13.208041841598959,13.243412017822266,19840000.0,-0.004402996386348681,0.02014631346123926,-0.011875327165282813,0.007571928898682668,13.261712265014648,13.238991451263427,13.235755516601742,0.00033390508421830617,0.04036392211913942,0.01210641653608987,0.2590632701110591,0.011272912473224275,0.04905359455368659,45.58500708725004,0.059645713395264366,0.007476370197949084,0.2537355422973633,0.9531862556691516,542427000.0,0.5986100624052767,0.2378552327389731,0.43807123586888835,-0.2030207852180367,-0.00425475876899973,1.7066976722283929,0
AVGO,2016-10-28,13.262631428500566,13.291849435042101,12.997362491933126,13.021198272705078,20651000.0,-0.01692155680264502,0.022615963348021222,-0.018204016066873614,0.0014512431277102509,13.256021785736085,13.226804304122926,13.215321493373489,-0.015544649072815832,0.03441578865051298,0.012673393458451419,0.2683449352489276,0.01154150254489884,0.05120031414131737,39.001594324826975,0.035207764103770245,-0.013569263274836034,-0.05690479278564453,1.0255786292675533,521776000.0,0.6115522897570792,-0.005222783046958378,0.06127220993537117,-0.17163681950691315,-0.0008895677314418434,2.2244328301337486,0
AVGO,2016-10-31,13.071182535998574,13.198819070574206,12.970457142261514,13.092711448669434,20317000.0,0.005477031627784952,0.017441912550626062,0.0016470516416626987,0.0038386838328291397,13.266786575317383,13.227611684799195,13.203644346258818,-0.010198381933361476,0.04156493186950705,0.012342255359705318,0.2518687018191286,0.011317004274017045,0.050980310850517914,47.97457337650716,0.021364749332903443,-0.021929822436562267,0.10764789581298828,1.0152687586356806,542093000.0,0.47752997506011574,0.05500631448410557,0.18253426341712567,-0.2310690447933049,0.0008222313444842076,2.1701571527556123,0
AVGO,2016-11-01,13.12654372596208,13.190361995682192,12.750554744069605,12.978915214538574,28452000.0,-0.008729563234091051,0.0338862874133784,-0.011246563786555298,0.0025840542980945552,13.240875053405762,13.226650619506836,13.182241571809271,-0.018730018045203255,0.05075479507446268,0.012427103229137615,0.2680703009162568,0.011992533430340948,0.051415199440639776,46.32977134627249,0.001197847295911103,-0.03367737957884369,-0.25911521911621094,1.391006758986518,513641000.0,0.49002588279646836,-0.0027813016223547783,0.0,-0.21516305281233136,-0.008697280369344166,2.0245913945679277,0
AVGO,2016-11-02,13.294928906053292,13.390272058708284,13.056572490962797,13.268017768859863,43501000.0,0.02203032613741401,0.02515067233910222,-0.002024165556908979,0.024348236065270597,13.246180057525635,13.22311372756958,13.190410733433136,0.0033958749944577966,0.0537484359741196,0.012015117349067215,0.2772969605539282,0.012172398772229845,0.05090625457090334,57.24578904587442,0.008446229266395378,-0.02114319808668753,0.05305004119873047,2.040207580486683,557142000.0,0.36259199081590865,-0.2464806408344114,0.48516167454241693,-0.35227921019275976,-0.007143250942181294,1.2601145736169468,0
AVGO,2016-11-03,13.259558436489474,13.481768139837708,13.236491122001096,13.301077842712402,20654000.0,0.002488612438913458,0.01844038660269883,0.0031312812104931525,-0.0006375731867229874,13.242950534820556,13.218500137329102,13.2009504581264,0.006247131252632034,0.05187660217285206,0.011990334634444039,0.2744957703189858,0.01213746848809402,0.04980791905053087,55.97677234872292,0.016666178533313314,-0.010338599055815675,-0.03229522705078125,0.9694961239400385,577796000.0,0.3850824882010521,-0.20783710631547658,0.5406419203965184,-0.29360172205498836,-0.004393568223877625,1.1983804863833625,0
AVGO,2016-11-04,13.101937800097469,13.419489233793948,13.088866466201303,13.238030433654785,21753000.0,-0.00475129209374982,0.024975223391416095,0.010387214130449613,-0.014971722214530274,13.237184238433837,13.210657548904418,13.2044818843672,0.002072030451801144,0.049171304702758434,0.012031049430010302,0.2859192311391224,0.012434710541967278,0.048265560015756694,56.89150802325284,0.017886958820081844,-0.00729425501523772,-0.0576629638671875,1.0212963745457613,556043000.0,0.4454583620679719,-0.21028276294051013,0.43483798993397166,-0.2980221781975538,-0.0016605181256686716,1.2203520334612634,0
AVGO,2016-11-07,13.408724439691033,13.67706881329135,13.3871955294758,13.606329917907715,26126000.0,0.027441338945168484,0.021304296261477142,0.014737082483728337,0.01289421465615429,13.240336799621582,13.21907696723938,13.242753125656773,0.029295006855252288,0.05707907676696777,0.01359023455596992,0.29536549938151246,0.012656840638288711,0.05315336633377327,59.44026286477792,0.048019586462999087,0.018270698102143615,0.031525611877441406,1.1990508928858266,582169000.0,0.5355908771983764,-0.4358516927548358,0.9999999840615786,-0.29562925517815725,0.02404895809521813,1.1625514732840014,0
AVGO,2016-11-08,13.614787744651043,13.68783204541965,13.46408392006247,13.609405517578125,18923000.0,0.00022601628317513747,0.01644069793524614,-0.00039532214309247237,0.0006216097062438819,13.266094970703126,13.241490173339844,13.277672401077853,0.027785040742709127,0.0792871093750005,0.012635981197327725,0.2994296108604574,0.011978885566477623,0.05901765624423968,60.21490492897117,0.07132588574140541,0.03326159790443995,0.2575817108154297,0.883179314851115,601092000.0,0.6714365798464978,-0.3003187470388617,0.999999984139328,-0.3403020218580779,0.0049239794423259165,1.0200855270060494,0
AVGO,2016-11-09,13.18420500146492,13.570958298459738,13.16036921789368,13.334138870239258,32506000.0,-0.020433556995274813,0.03079232069305485,0.011372234324629873,-0.03124313663546949,13.26932373046875,13.252831220626831,13.283050160045606,0.0061351154479751925,0.09531506538391099,0.013513287555250279,0.3119517324541233,0.012493410221659666,0.05847764011934061,50.01833866414183,0.06681438327162859,0.02300007634773049,0.03228759765625,1.4799470049125163,568586000.0,0.5013929281326484,-0.4415578867445361,0.5634085859117717,-0.3314369181925933,0.011630381024780298,0.6626709792576462,0
AVGO,2016-11-10,13.35720979867223,13.417184242342993,12.556023385348169,12.912790298461914,51217000.0,-0.0321092627239199,0.06669053213312802,-0.03327188137164502,0.0017302151010639664,13.236261558532714,13.248986911773681,13.247787316085255,-0.025375269467528407,0.1036953735351549,0.015225795717652531,0.35857936810002516,0.015143523073883154,0.06035469872898855,42.252770282539664,0.02890646098661165,-0.011926276749829164,-0.33062171936035156,2.188152863520816,517369000.0,0.043787414428944564,-0.15190245867992383,0.0,-0.07308641081551619,-0.0006916454457375558,0.6945096718570051,0
AVGO,2016-11-11,12.86742316782563,13.071179317300327,12.74286201336866,12.882031440734863,29793000.0,-0.002384887371344551,0.025486454150283767,0.0011352912473111322,-0.003513348361406322,13.222344875335693,13.239183330535889,13.21295342319474,-0.0269768822301519,0.10775882720947294,0.015142050013864995,0.35962266504346857,0.015306169954705687,0.06438559696321065,34.417183300506494,-0.003576594536703226,-0.03552746581851523,-0.13916683197021484,1.245649133589629,487576000.0,0.13975706256591602,-0.0662277743984853,0.0,-0.040332549112072257,0.003081268551612581,0.6864009948193723,0
AVGO,2016-11-14,12.799758458287089,12.899715347531615,12.53449095968589,12.592926979064941,28187000.0,-0.022698123320393736,0.02900234299483092,-0.016159014229416662,-0.006386646611311256,13.172366428375245,13.219576501846314,13.153903285658568,-0.0474031465546434,0.10169915199279878,0.015857670231324002,0.3690140533217447,0.015686735035584685,0.07630273980640641,33.422949231702034,-0.05204798717921655,-0.06719908676882284,-0.4997844696044922,1.1416386019412752,459389000.0,0.1350235558855793,-0.38312469373943564,0.0,0.001374908302324643,0.0013112214155662132,0.6737766505556275,0
AVGO,2016-11-15,12.673664221966165,12.878958822584382,12.579859467604319,12.798225402832031,25380000.0,0.016171215437170802,0.02337037716808564,0.009828347870514955,0.006411316688760677,13.15429744720459,13.197586250305175,13.12002920157985,-0.030260142998596258,0.08606832504272433,0.0156518308190534,0.37016738507661034,0.015896857976829066,0.0815565625309289,39.69805395593559,-0.07305392781310971,-0.0705640219221728,-0.18068981170654297,1.0051246307018442,484769000.0,0.1199477503555922,-0.3194773965573801,0.20197024724956816,-0.08609490103056981,0.006987213715252009,0.6817647989648912,0
AVGO,2016-11-16,12.786691102286003,12.930474317485327,12.744403215357213,12.904333114624023,13333000.0,0.00825663441382771,0.014419272993894859,0.009200348339140288,-0.0009012421787379893,13.117928981781006,13.18205451965332,13.099486717107867,-0.02106814263319549,0.07140096664428697,0.015806093610562826,0.3644006116565575,0.01592486400547456,0.0840182737065063,43.19662954726638,-0.08021461736550606,-0.06217976917965532,-0.36368465423583984,0.5355640132153722,498102000.0,0.024846225448693023,-0.44458772340563557,0.30635780362957965,-0.04476731311142836,-0.0002737246348593373,0.6619887600728007,0
AVGO,2016-11-17,12.867421750915796,12.995826710457802,12.76515798562474,12.843585968017578,18100000.0,-0.004718615055791876,0.017959838103459833,-0.001852413276031529,-0.002860385219473105,13.072179794311523,13.15756516456604,13.075115217194506,-0.023863016628288766,0.04819369316101074,0.015644261238652386,0.35984216749399234,0.015866015712090408,0.0864459474734048,46.18943519194861,-0.08975664375419079,-0.05737743645467204,-0.4574918746948242,0.7283057435559022,480002000.0,0.15518374381113997,-0.3087548858668646,0.24659545380399706,-0.04862331538901043,0.0036908481090120702,0.6795786442671605,0
AVGO,2016-11-18,12.82129206969188,13.006596178077997,12.82129206969188,12.929706573486328,19524000.0,0.006682958792007129,0.014331656112195515,0.008455817332651635,-0.0017358001403356366,13.041347408294678,13.139265823364259,13.061266774936584,-0.0159490836501535,0.017802009582521094,0.01575464738952807,0.35676660892780837,0.015843050898982285,0.08729977740945098,46.524611799493876,-0.08933970281044701,-0.045568396408742606,-0.30832386016845703,0.7798276901938382,499526000.0,0.06015045356952327,-0.4088719293599157,0.3313199229968981,-0.05107530425860794,0.0008622565685710993,0.6715228499139142,0
AVGO,2016-11-21,13.004288466552117,13.283395850832097,13.004288466552117,13.269556045532227,21384000.0,0.025944893225368894,0.021033664058686955,0.02039846927868531,0.005768258749098481,13.007670021057129,13.124003410339355,13.081103848326645,0.0110905666915094,-0.01067707061767642,0.01618683941225847,0.35061532505160703,0.015880432129246468,0.08229072744190931,55.65187738156208,-0.060884424211995025,-0.013690494248232501,-0.3367738723754883,0.8513789520203524,520910000.0,0.13736330422947313,-0.39495945731078436,0.6656599565795062,0.08199873730907402,0.0073632771070526225,0.730796640386973,0
AVGO,2016-11-22,13.35720822391508,13.641699262739664,13.325683331161581,13.610942840576172,31024000.0,0.025401697553197197,0.02321778403211097,0.018996081532729123,0.006605509489698834,13.007823753356934,13.13695936203003,13.131564704731362,0.03608015105499242,-0.01660032272338796,0.016806651519280878,0.347814351697159,0.016025927551829352,0.08744001907932604,56.53570936025935,-0.010663428278512299,0.02922440134820018,0.001537322998046875,1.2124907179427047,551934000.0,-0.016987998549525526,-0.5413608849353257,0.9999999901769705,0.19785519479097424,0.0037556151243465655,0.7415686295104055,0
AVGO,2016-11-23,13.560199835652838,13.667844411236604,13.474084175185826,13.615560531616211,22123000.0,0.00033920559105152806,0.014230793911021618,0.004082587026261285,-0.0037281035941214395,13.035965919494629,13.152644824981689,13.177659545387062,0.03519563650067699,-0.01318655014038228,0.016769547090195864,0.3441345815695995,0.015885225305717194,0.0926620565802553,56.05932625054162,0.029173389225597646,0.0552489750818481,0.2814216613769531,0.8628517047980838,574057000.0,-0.05627365542174808,-0.5130763893439663,0.9999999902213262,0.17659785344820148,0.0011941365033283089,0.7342839700799746,0
AVGO,2016-11-25,13.592488228846465,13.610941787407299,13.499451965511742,13.590181350708008,8198000.0,-0.001865722933040471,0.008203703757618462,-0.00016971713331074068,-0.001694554015324655,13.103705024719238,13.169983291625977,13.216947336370009,0.031905739700531954,-0.0020453071594239702,0.01673385328786943,0.32881213860615827,0.015695465464320765,0.09707687828849117,56.88504294257068,0.05802756071077653,0.06728251725362158,0.6773910522460938,0.327170126071045,565859000.0,-0.0799192649617175,-0.4855356746150539,0.9751825171424191,0.16247406049728744,0.004328229341018951,0.7172445648838723,0
AVGO,2016-11-28,13.537130188458255,13.614788248605864,13.420258129664921,13.428715705871582,26570000.0,-0.011952195285734565,0.01448612980249667,-0.008008675472370058,-0.0039036390229619223,13.15837345123291,13.190359163284302,13.237115752513015,0.018070511913735137,0.013086748123170011,0.01648741547553459,0.31134726284218533,0.015525149257470932,0.097834043819599,46.22181842970621,0.06709237227818932,0.0610778630568275,0.5466842651367188,1.0479918748089492,539289000.0,-0.08509126647431672,-0.37113268742255556,0.8172905304628495,0.1887195688698727,-0.005861627910301697,0.727021850418907,0
AVGO,2016-11-29,13.367976242735335,13.607871120006035,13.334914399986367,13.490230560302734,18514000.0,0.004570384063463399,0.02023365861666975,0.009145312293802459,-0.004523102913682928,13.248103809356689,13.210235118865967,13.261221924683465,0.0211953412415002,0.02570425033569279,0.016477557038688258,0.31486216246093435,0.015586570253150009,0.09946108016909569,47.52642654232576,0.07833701505881052,0.05785800466995897,0.897303581237793,0.7328475127755498,557803000.0,-0.07643452061887056,-0.3647899677046037,0.877443899845412,0.1871799763147972,0.0006561237058385212,0.7274851130286141,0
AVGO,2016-11-30,13.464851185899251,13.524825615450625,13.105010474778025,13.108854293823242,31249000.0,-0.028677859093475425,0.032025311361509295,-0.02643897707420847,-0.00188131509613827,13.27916669845581,13.216732072830201,13.246710721744396,-0.008162212741461429,0.028725862503051758,0.017661813322520536,0.3127749368172311,0.015496228283147543,0.09833771732408697,45.52131362596238,0.055831012902142874,0.028281602010633053,0.31062889099121094,1.2301327208060475,526554000.0,-0.14907542745171096,-0.6158320002141449,0.5045084902857713,0.20988027808876902,0.00015446369829171208,0.7800337111194682,0
AVGO,2016-12-01,13.071951336264043,13.108858463643704,12.39532604497673,12.516810417175293,46389000.0,-0.04621532797742345,0.057005929970611435,-0.04246809863222209,-0.002815116922657976,13.240414428710938,13.179171705245972,13.17719640702353,-0.05025818787264484,0.0019914913177494498,0.019641862572198663,0.30223004836524187,0.01688603043297995,0.10932106056347642,42.62818754193269,-0.009666716986274082,-0.029772902302227122,-0.38752269744873047,1.8158047703577858,480165000.0,-0.35020477643973946,-0.13783960471426543,0.0,0.36070192632972714,-0.006750027160233679,1.5426258488074276,0
AVGO,2016-12-02,12.57678203128599,12.680582753691779,12.34995855637265,12.626760482788086,26945000.0,0.008745835417416938,0.02618440394968829,0.003973866394283574,0.0047912856480118666,13.218731880187988,13.145455837249756,13.124773938048726,-0.03945814892149133,-0.0246198272705076,0.01977974076980681,0.30239482646434623,0.017077634261355515,0.11539654650522557,45.38382323348843,-0.052101494804542625,-0.057766144096396535,-0.2168254852294922,1.0418801402835827,507110000.0,-0.3855095081182246,-0.19554408573669407,0.10006830776810093,0.24235861649759635,0.0020439496338947884,1.6767410390188036,0
AVGO,2016-12-05,12.764391185315167,12.810524349699353,12.486820795364883,12.773618698120117,21372000.0,0.011563595230802947,0.02534157013225183,0.0007229105300640132,0.010899921853644889,13.203123092651367,13.122235250473022,13.09133058186505,-0.026566857355698546,-0.047040719985963264,0.020015601105574647,0.2994290526421137,0.017094895821780004,0.11808917564733723,53.44474149800818,-0.07303918110513763,-0.06296306431759323,-0.15608787536621094,0.8269985702041374,528482000.0,-0.488155535872534,-0.24803754159931388,0.23372764674360985,0.2852916871520669,0.006172198329896162,1.743130713017966,0
AVGO,2016-12-06,12.825904569181265,12.915097029715746,12.567556168375338,12.668281555175781,39184000.0,-0.008280650721972963,0.02743393881422504,-0.012289426685844386,0.004093270066754293,13.142995643615723,13.075332832336425,13.051040198370833,-0.031131236356955944,-0.09097524642944421,0.018814805381835886,0.3028891602392812,0.01724467579208925,0.11700128451118964,47.424561689806076,-0.09701395891335451,-0.06955027370064809,-0.6012744903564453,1.4788786880914857,489298000.0,-0.4932036300320809,-0.06364878654254517,0.13785767539963834,0.2733292388811561,0.002751689826819982,2.151463027779951,0
AVGO,2016-12-07,12.668282690637778,12.95969295501709,12.584473916935632,12.95969295501709,32659000.0,0.02274264477091432,0.028952772191000953,0.023003138725712306,8.963030948445014e-08,13.077870655059815,13.042847204208375,13.042340460908573,-0.00637546755134108,-0.11990864753723152,0.019713450710093654,0.31639972709309144,0.017551259545123526,0.11093842357313498,51.02212896156994,-0.09144555112432151,-0.05118549272929207,-0.651249885559082,1.2014693249897448,521957000.0,-0.48150686558607536,-0.3131849976612043,0.4030784870829033,0.2578015478252282,0.015559547118199832,2.1090757492469305,0
AVGO,2016-12-08,13.036579587197622,13.177287427676642,12.879725065560917,13.125770568847656,38361000.0,0.012733517860796595,0.022670087087705963,0.006841593762002359,0.005932751064967692,13.028891658782959,13.032428789138795,13.0502861854742,0.007162270452229885,-0.13034241676330538,0.019511737137130118,0.321177844041853,0.017333016851152808,0.10922293653072482,55.01502750587405,-0.07279236726751925,-0.02602584709799184,-0.4897899627685547,1.3961994955469088,560318000.0,-0.7069061563512268,0.0326865753735163,0.5542298818689311,0.23309991946080844,0.002252223345729873,2.893689664636574,0
AVGO,2016-12-09,13.913119593841117,13.98616537418707,13.601718838630338,13.770106315612793,75744000.0,0.047922516763286675,0.02791892280756397,-0.010279023130717631,0.05998497542400543,13.046884155273437,13.075294589996338,13.118840483582638,0.05313927883633689,-0.09767213821411147,0.02104725528369866,0.36939860810994574,0.01533255659990856,0.11950071639213636,62.4629045369075,-0.0059485041931193194,0.03265441278112648,0.17992496490478516,2.6390120428616464,636062000.0,-0.2539145820579962,0.9401360981824285,0.9999999920210384,0.27675294433823366,0.005016302050264105,2.947067026900972,0
AVGO,2016-12-12,13.690138425085804,13.899276802744447,13.575573253043146,13.698596000671387,37194000.0,-0.005206687645397293,0.02363041799678829,0.0006177859797171349,-0.005807354619791128,13.073872184753418,13.116122817993164,13.174055294733947,0.0444089454114501,-0.06551700592041065,0.021097436367540526,0.3672567704210552,0.015278462947820974,0.12548852307975605,56.9127164814777,0.04078530647318779,0.06351057875794687,0.2698802947998047,1.2793885462494448,598868000.0,-0.23266963904588578,0.8912457412457714,0.9429421859115785,0.17774723872434786,0.0005043672367808475,2.9655267341268465,0
AVGO,2016-12-13,13.743198618356596,13.98924422810404,13.68629950785555,13.79702091217041,69076000.0,0.007159347049263908,0.021957255987173935,0.003916285813024771,0.0032559992048106956,13.104551219940186,13.176327514648438,13.233385353537418,0.0471067068089242,-0.019721450805663565,0.020217377134031714,0.3623140206382733,0.015073133924444159,0.1271739458834198,53.2527660069317,0.08478688547408098,0.08600972620707205,0.3067903518676758,2.21994044893086,667944000.0,-0.3881102893918951,1.6213230030156707,0.9999999921887847,0.2241409860860752,0.006525918314116378,2.822256566829002,0
AVGO,2016-12-14,13.822533574309444,13.858878822481179,13.627664223863148,13.735151290893555,46795000.0,-0.004494358451913522,0.016833786068522538,-0.006321726974502064,0.0018491428186884476,13.167180919647217,13.223173809051513,13.281172585666575,0.03871819949189516,0.012384548187254651,0.020127439261723425,0.3649893322502199,0.014911292723859442,0.1290848922616599,52.04950068581541,0.11335935637891659,0.09166575768952612,0.6262969970703125,1.4538523436553374,621149000.0,-0.23773192003365523,1.6269971007251194,0.9516722983951055,0.21541045800559713,-0.008125355594826727,2.402865237579753,0
AVGO,2016-12-15,13.788510419823329,14.011991988392372,13.653958350299307,13.91996955871582,38103000.0,0.013366133553016272,0.025720863564078576,0.009533962320408245,0.0038848592053843016,13.30749683380127,13.273955631256104,13.342010392623646,0.04866777808507007,0.05154209136962962,0.020221935933080346,0.38226969453511966,0.015186841512703284,0.1346245656289895,55.35893243846458,0.1491966884938396,0.10200247184355932,1.4031591415405273,1.1399414816277438,659252000.0,-0.27115355914080047,1.550549699994571,0.9999999928732247,0.209291489067875,0.004210028526498897,2.4700942565714317,0
AVGO,2016-12-16,13.977194697128677,14.003485346390791,13.72432806142351,13.797017097473145,41541000.0,-0.008872051588166016,0.02023316219678209,-0.01289082705298784,0.004111010313023724,13.424522495269775,13.321627187728883,13.385344364514074,0.035685573743221705,0.09114029884338493,0.02033603224701783,0.38831449210842955,0.015237071105671124,0.13489986620363736,56.06061489086767,0.16576594964151248,0.09485738639298574,1.1702566146850586,1.2006954269751091,617711000.0,-0.2428891696502505,1.433262651170731,0.9123745363398825,0.19423009090910195,-0.001109117003792199,2.532750383137991,0
AVGO,2016-12-19,13.84727920095455,14.028229637421786,13.773817311962313,13.954766273498535,22219000.0,0.01136870182133188,0.018231213643492884,0.007762324345922992,0.0036429688479990407,13.542637252807618,13.372880172729491,13.439575022512594,0.043512399185369574,0.1311956024169909,0.020399176038048885,0.3869898924969871,0.015313257856689143,0.13775227274327786,57.409533889925235,0.1894424737034921,0.09482712836397228,1.181147575378418,0.6397233690926574,639930000.0,-0.27636055150369443,1.3880987214985883,0.9999999930456837,0.17627724598728933,0.0032736973524867164,2.5570651763994534,0
AVGO,2016-12-20,13.996525342043999,14.172834180962079,13.930022173669544,14.079267501831055,27352000.0,0.008882207095734672,0.017246068169987968,0.005911621470751151,0.0029924591875657536,13.683735847473145,13.413365745544434,13.500498115781019,0.049644643143453335,0.15885465621948214,0.01976125858719705,0.37434681154126814,0.015223297238502713,0.14489097040171586,66.86009310105054,0.21576529027198532,0.0969199559459724,1.4109859466552734,0.7808030693165402,667282000.0,-0.24020924797436566,1.8716365117860752,0.9999999935998243,0.12033744781815252,0.004589150656546364,2.4572343433946338,0
AVGO,2016-12-21,14.207632977081184,14.227739238895039,14.056841913201989,14.096280097961426,21013000.0,0.0012076143782205789,0.012123576176421787,-0.007837539104579218,0.009117340460605297,13.797394561767579,13.437632608413697,13.557239256941058,0.049015143385091414,0.16441874504089427,0.019034180242606173,0.3355871620431307,0.014982510950840536,0.1511807898387108,84.29441191778851,0.2352868460751143,0.0931532093992811,1.136587142944336,0.6085424145056261,688295000.0,-0.15143081558189192,2.5216478135825615,0.9999999936687611,0.1295071727502588,-0.0033954637517032288,2.2778465316616954,0
AVGO,2016-12-22,14.139581657257116,14.151180514053012,13.871250423894498,13.965591430664062,17557000.0,-0.009314390312030038,0.02004427033025127,-0.012305189127056063,0.0030718429965046184,13.881376647949219,13.455134153366089,13.596129940152771,0.03793773225151341,0.1647548198699944,0.019196946288149986,0.3319661543888011,0.015099608627069919,0.15465125921425663,78.81005888593447,0.2374748739304806,0.07627298980371791,0.8398208618164062,0.5118397749385963,670738000.0,-0.07572646155183853,2.312523347284453,0.9172578758176,0.12887970871749693,0.0005630270870454409,2.2951654268352004,0
AVGO,2016-12-23,13.923061474781347,14.072306797593649,13.892903559657586,14.0692138671875,8977000.0,0.0073924471613791036,0.012751475633400927,0.010497144795769605,-0.003045338687864861,13.911287403106689,13.479085779190063,13.641185552251317,0.04378101729055741,0.16711569786071756,0.019224944513378358,0.32165898893177197,0.015157407843231791,0.1595060856083394,78.40828767319086,0.24474905167167726,0.06683773403593163,0.29910755157470703,0.26140993049064226,679715000.0,-0.15384311425713196,2.292672352354187,0.9828637162638719,0.113477617456898,0.0012165362212587854,2.341278613354053,0
AVGO,2016-12-27,14.08236178237814,14.205315000535585,14.077721648692249,14.097827911376953,8283000.0,0.0020317400923787325,0.009050568112685096,0.001098262438278229,0.0009345166911780029,13.951210594177246,13.512541389465332,13.684675300739473,0.04331431849931503,0.1801768112182618,0.01894942556108017,0.30655615121803464,0.015082447027415052,0.16421661744058294,82.43677607329106,0.24994163261027147,0.05762425197962068,0.3992319107055664,0.2477985182348655,687998000.0,-0.26055642103872906,2.65522089030553,0.9999999936749594,0.1186194322565971,0.0029255774341190657,2.3920413545319663,0
AVGO,2016-12-28,14.123340949897106,14.151178792793607,13.90681964148081,13.933884620666504,14039000.0,-0.011697120522439847,0.017537044247875888,-0.013414413046357694,0.0018097141404005569,13.964896965026856,13.53472409248352,13.708409521684903,0.02949158957069105,0.18338309288024846,0.01920539552000623,0.29720901644884457,0.015018241573191971,0.16627488941968901,73.46182502090386,0.23808345907118245,0.03661286275242531,0.13686370849609375,0.42282833272093134,673959000.0,-0.13338892305465128,2.3108284718190433,0.8963051956890048,0.13687980689962523,-0.00951580068098681,2.157006123370498,0
AVGO,2016-12-29,13.895993575511552,13.971002653119651,13.813252910975232,13.909139633178711,13671000.0,-0.0017774645295061276,0.011341444991659342,0.0009460322204570867,-0.0027193454077230218,13.982295799255372,13.574738359451294,13.727526675160505,0.024634086096271057,0.20997517585754366,0.017891250510664446,0.2872224007366085,0.014489386515761345,0.16477277850056035,70.24431019754329,0.22410570633844173,0.018108088015747675,0.17398834228515625,0.422940443080464,660288000.0,-0.1352429235292304,3.6567838969962105,0.8806538904871133,-0.12357012232649513,2.126726232404678e-05,2.099768263703536,0
AVGO,2016-12-30,13.947805535009929,13.988789437165847,13.611423967043194,13.669421195983887,25421000.0,-0.0173848429737323,0.027606543425368918,-0.01995900632021922,0.0027798917007766915,13.957240962982178,13.632368898391723,13.721992820000827,0.002717964708932945,0.2585166454315182,0.014736063666091443,0.25272030536398266,0.012920458176867454,0.14693241621997824,46.709998842594125,0.19147772608683766,-0.011615913788685123,-0.2505483627319336,0.8128139458294562,634867000.0,1.3440044474289974,3.330691234735193,0.7087783237157238,-0.06482577921293996,-0.004528866958991235,1.7286470105108598,0
AVGO,2017-01-03,13.7869629107768,13.988790988987803,13.651636519879922,13.790828704833984,32098000.0,0.00884247596816544,0.02444773088547058,0.0002803948976578505,0.008598880165273416,13.956622123718262,13.69057230949402,13.728548618556365,0.007323024414195594,0.307570943832399,0.014737566065894799,0.2536810853215955,0.012848542848726345,0.12911610677521101,52.91862683507254,0.17341734082833327,-0.023741039237751616,-0.006188392639160156,1.0179193510280513,666965000.0,1.3425904940430609,3.325743148193846,0.7852471078928499,-0.09340084286933731,0.008507364346378415,1.6447137205317988,0
AVGO,2017-01-04,13.784641209346823,13.84186409917781,13.662460892625962,13.692620277404785,23965000.0,-0.0071467628027256334,0.013102182254836428,-0.006675613131873615,-0.0004486674165557862,13.930407524108887,13.736522388458251,13.725126871780024,-0.0031960135018156803,0.3455824851989746,0.014857422366716345,0.24485669148612108,0.012503672042189226,0.1123334219917447,46.695867028986484,0.1494569098385341,-0.03816117618204065,-0.26214599609375,0.7568866738675911,643000000.0,1.4864647055041627,3.561022007642047,0.7165480927708886,-0.08438619888464552,0.005458411662065223,1.539822785496172,0
AVGO,2017-01-05,13.635396537718977,13.687207908859309,13.44594166915329,13.476872444152832,24861000.0,-0.015881957782724502,0.017902242566054195,-0.01162592470350002,-0.004179166479934987,13.870168018341065,13.776951932907105,13.701483592958386,-0.021781268454577507,0.3879706668853764,0.015261538144333925,0.24596126360279705,0.01219124842091571,0.08738437559450696,42.551347070863464,0.11177062638382296,-0.060677967709401454,-0.6023950576782227,0.8033554737296198,618139000.0,1.3617490089194537,3.1590988269494806,0.4544096301599936,0.029171533084456705,-0.000567037885029218,1.6204142797826997,0
AVGO,2017-01-06,13.47146086013925,13.679476280414393,13.40186476543086,13.65550422668457,23142000.0,0.013167616365796081,0.020329642184705947,0.013661722980116467,-0.0004015459845010842,13.826090431213379,13.811742496490478,13.697104605694213,-0.011311988312299282,0.4166876220703113,0.014742881648278798,0.2402168262378305,0.011859201525738173,0.06787812862796153,42.34561833197318,0.09522042540179498,-0.061782534953143564,-0.44077587127685547,0.7594861932485738,641281000.0,1.497770677724356,4.169047340557793,0.5449613198835903,-0.07544027195064719,0.0043025081939821975,1.7579110129139228,0
AVGO,2017-01-09,13.660144874882816,13.787736736706725,13.659370536072576,13.684889793395996,20265000.0,0.00214960896359349,0.009380141344089897,0.001811468232709931,0.0003398371910117454,13.798020267486573,13.839698457717896,13.69594129023724,-0.011185840839162952,0.43698281288146923,0.014550147283516644,0.2297221994560357,0.011524350981925882,0.05021988438483953,46.56887752147198,0.08351275843955541,-0.058792161532306514,-0.2807016372680664,0.685420316717288,661546000.0,1.6607465826443093,4.8585455300450615,0.3349955944878226,-0.3060355989187059,-0.0028273574167375537,1.677733157931068,0
AVGO,2017-01-10,13.725103048686583,13.976421018467198,13.679478998642134,13.963274955749512,30181000.0,0.02013837613972987,0.02126592941508581,0.01735301411177315,0.0029385150993318536,13.787426376342774,13.849356889724731,13.721401639333648,0.008225513058086076,0.43224398612976067,0.010540381162827238,0.2327600347678636,0.011274632361322336,0.05055801469523364,50.24246220025959,0.09559573592538229,-0.03736734723718371,-0.10593891143798828,1.1060314831068263,691727000.0,-0.027637493345051847,-0.9046235136858846,0.7833130223298163,-0.2706593058050227,-0.0019711076454596637,1.1146807759528212,0
AVGO,2017-01-11,13.923060842349125,13.955540297465982,13.74597767899415,13.874343872070312,18787000.0,-0.006389295490099348,0.015104326392158108,-0.0034990129537926275,-0.002879991515445169,13.76507797241211,13.858144283294678,13.735967566260948,0.001168958010018196,0.4239684677124025,0.010578480728184285,0.23093755401520838,0.011010526819613623,0.04948914193020748,44.039593738500685,0.09687882858032104,-0.028867403665795988,-0.22348403930664062,0.7125113303220274,672940000.0,-0.01626679581415059,-0.9354574372167266,0.6400965004678126,-0.2955972008514308,0.003455411859617758,1.0445683609076364,0
AVGO,2017-01-12,13.771499315765414,13.849601349467482,13.563485338859408,13.831042289733887,23137000.0,-0.0031258627720912925,0.020686511139769933,0.004323637721643874,-0.007412570803577176,13.754793739318847,13.85984535217285,13.745022301829799,-0.0020781662194857696,0.4109029197692866,0.010496173009491336,0.2409347831236266,0.010974803426965253,0.04934736221736793,42.4014998947784,0.09332581108848892,-0.025936336926102505,-0.10284233093261719,0.9612240785863101,649803000.0,0.1304805391990107,-0.8503561364786584,0.5703627048501326,-0.2686933911850421,-0.002228933521886061,1.0438398786523873,0
AVGO,2017-01-13,13.834132579673138,13.979510624058397,13.79469587583233,13.95399284362793,20902000.0,0.008850185419552653,0.013244578104969915,0.008664096803891005,0.00022343145762379068,13.75927906036377,13.870787429809571,13.764924258191526,0.0059986078064722306,0.40234344482422024,0.010609087437583093,0.23414083012845183,0.010887418282663597,0.04890380461446398,49.66624151561306,0.09928658731192108,-0.015980448562136276,0.04485321044921875,0.9177324955983786,670705000.0,-0.04667194226157229,-0.9510253908947864,0.7683649101671275,-0.2593335070164544,0.0007792415898400512,1.1559500456368024,0
AVGO,2017-01-17,13.878982590274653,13.890581446321363,13.730511628139602,13.850370407104492,26316000.0,-0.007453716191388156,0.011557078501242293,-0.002061547592803702,-0.005375540477472019,13.77737398147583,13.867307472229005,13.773061986659426,-0.0012213665231132524,0.387216434478761,0.010326354363306905,0.23728925709647072,0.010434377508358475,0.048815519414116826,43.70267891864797,0.09455906278069648,-0.01656637847468871,0.18094921112060547,1.18613471796848,644389000.0,0.15105553043610573,-0.7955952591808455,0.6014891190288248,-0.24012328174342634,-0.0035447364133790425,1.0933999298464407,0
AVGO,2017-01-18,13.947034599467742,14.311254100235669,13.91919674874492,14.307388305664062,35642000.0,0.032464092101349054,0.02740244011281327,0.0258372992027782,0.006979177417065027,13.829029941558838,13.892826032638549,13.82395020751701,0.029840024754731544,0.39260878562927104,0.012494319773388109,0.2604880113666916,0.010746094330818036,0.05604298471330308,54.83750171706545,0.12623483389881152,0.012087514114741058,0.5165596008300781,1.6281279406524929,680031000.0,0.6379669704106797,0.5649391484397801,0.9999999879592909,-0.26238450605416375,0.0027884523432498195,1.2730294467030798,0
AVGO,2017-01-19,14.313571167242392,14.451216139085101,14.281093189895152,14.349142074584961,45718000.0,0.0029140861028358273,0.01185596659278391,0.0024851175784226572,0.00043214466863122637,13.894682121276855,13.91254482269287,13.8739684805711,0.03138155219928831,0.3901053428649899,0.012295549907620265,0.2551854255007739,0.01058143323163375,0.06314509970577062,60.15891616562118,0.15294424487223424,0.031037540070531014,0.6565217971801758,1.9820214294849414,725749000.0,0.7575839385838137,0.930381495495267,0.9999999885356551,-0.2279053119682139,-0.0012288066304286434,1.2030111061308675,0
AVGO,2017-01-20,14.584222230705448,14.811568068664652,14.5455569190271,14.775997161865234,57623000.0,0.02931389614439799,0.01800292369736378,0.013149479485065087,0.01638287187474842,14.024594593048096,13.94738130569458,13.959875974027685,0.05941013853534185,0.40154848098755025,0.013755430292330775,0.2769480149247219,0.010606812554580108,0.08348321993333555,67.72049691725356,0.20617858527693755,0.06741750438018745,1.2991247177124023,2.344313849934295,783372000.0,0.7872028208938463,0.25723961516346755,0.9999999923025097,-0.18738442814044465,0.0030114301197032307,1.398158020685003,0
AVGO,2017-01-23,14.770592123814277,14.810803184666153,14.570309683725618,14.769819259643555,33394000.0,-0.0004181913421229878,0.016282765316893287,-5.2324521841800196e-05,-0.00036579853066750996,14.136026096343993,13.981058263778687,14.037013429800625,0.05641640142106981,0.4120171642303472,0.013768314097554437,0.2671714456974277,0.010710005099056012,0.09826850643602751,74.86913522634617,0.24504396421704477,0.08502630665623573,1.1143150329589844,1.325213947406538,749978000.0,0.8041718127201282,0.2663732120226477,0.9952445580552083,-0.1967118936647266,-0.0025373517210804985,1.4334873623666031,0
AVGO,2017-01-24,14.902816138432692,15.43793284255478,14.868792434074772,15.291780471801758,62008000.0,0.03472960049913545,0.037218714273156296,0.026100055821326906,0.009004638205190025,14.29671516418457,14.047367715835572,14.156515052848352,0.0885868997134241,0.4391737842559813,0.015301824556777527,0.2908113823976665,0.011530424502794158,0.1285341523165628,78.72161472851732,0.31433945507770567,0.1234574380135173,1.6068906784057617,2.261291322502415,811986000.0,0.7044056941288449,-0.206047320910648,0.999999994490079,-0.1917052221391333,0.008922900968292517,1.8764818403309842,0
AVGO,2017-01-25,15.459589013443017,15.6660572614173,15.313436603113198,15.657549858093262,60888000.0,0.02363775973040335,0.022520806976490504,0.01280505221387554,0.01097377391407757,14.466142654418945,14.126784515380859,14.299470748585962,0.10835907774781703,0.463695392608642,0.01589205054312772,0.30473092404507324,0.011803744664484462,0.16352927407213078,84.10753878539812,0.39422676272024937,0.16267579652484876,1.69427490234375,2.0284471658607353,872874000.0,0.5594374891215094,-0.6841355390464006,0.9999999954142691,-0.031594101092955004,0.0077781933188271705,1.9681880521862145,0
AVGO,2017-01-26,15.809108105656605,15.873291183911054,15.553150131182877,15.788228988647461,38820000.0,0.008311441956465167,0.02027719845940939,-0.0013207017661209337,0.00967956346535307,14.65753116607666,14.211304569244385,14.441257247639438,0.1109626783811371,0.49009149551391573,0.015882659186823717,0.30997824150769343,0.012055977222240744,0.19322349857834717,91.34180511309296,0.4627484670118047,0.1849580006531233,1.9138851165771484,1.230665833964728,911694000.0,0.4951238786643905,-0.7293285366597363,0.9999999956735365,-0.034452679188706106,-0.0013617807697012963,1.9693782650092482,0
AVGO,2017-01-27,15.881801288571621,15.913506404236939,15.7395161749171,15.907319068908691,25780000.0,0.0075146604478157795,0.010937746860847898,0.0016067308649281064,0.005926712868900204,14.865158843994141,14.309976291656493,14.580882182998414,0.11162441806890294,0.5224753761291492,0.015345031146786984,0.3025767211031439,0.01191866671285906,0.2180228262361671,91.15337452575687,0.5206601395458375,0.19429573854972482,2.0762767791748047,0.8023416674577002,937474000.0,0.4262199879266673,-0.5982046148383284,0.9999999958855299,-0.0707511160391804,-0.0013311465168027064,2.0155638205881616,0
AVGO,2017-01-30,15.809889940123954,15.842367929486604,15.512947901685035,15.714776039123535,33234000.0,-0.012177903371282873,0.020962438584668383,-0.006016101396055132,-0.006124798802531442,15.041237163543702,14.400258111953736,14.688872074057949,0.09128433088055324,0.5544261837005617,0.01581387340637392,0.32130091090325114,0.012152852495121142,0.2316018725471905,85.00964435903005,0.5447395257415373,0.17470009979633971,1.7607831954956055,1.0037723767785893,904240000.0,0.4083050730173428,-0.7346624905937142,0.9207787420502251,-0.12603534376671588,-0.005397078675443046,2.098166008500342,0
AVGO,2017-01-31,15.65677469728736,15.65677469728736,15.37761745454781,15.427108764648438,26749000.0,-0.018475147456414747,0.018095240450906356,-0.01466878951333613,-0.003690879315860067,15.198910999298096,14.488142490386963,14.759180330304662,0.06480929313308423,0.5918550491333008,0.01589912283047772,0.32417352267115557,0.011833943531014031,0.2333629805311947,75.1663053505591,0.5344494670963762,0.1315280329209429,1.5767383575439453,0.8062877726032762,877491000.0,0.38604672994530775,-0.7209430335483256,0.8024189021914109,-6.531763019726793e-05,-0.0027152237242045792,2.0865259469554855,0
AVGO,2017-02-01,15.639761037856761,15.812204052127885,15.482009809698358,15.751113891601562,31184000.0,0.020784814763578525,0.020963231203347067,0.007119856460982231,0.013784324493492988,15.343283557891846,14.586156749725342,14.85365019328532,0.07986731262157068,0.631718750000001,0.01623476367103678,0.3361590948657331,0.011719201877170893,0.2394938095639253,79.85259746632602,0.5461434259535931,0.11457759342252782,1.4437255859375,0.9412673786138156,908675000.0,0.28229123574222253,-0.9603589258796686,0.9357298427896485,-0.06816396781958727,0.0004612548053395472,2.438656429271452,0
AVGO,2017-02-02,15.618114110401597,15.854740291795665,15.543105003234842,15.778958320617676,22712000.0,0.001766214556511329,0.01975005459999989,0.010298567994580796,-0.008443833376817879,15.486265182495117,14.690473651885986,14.941774776840782,0.07409459312096466,0.6790506172180173,0.015953063443410184,0.33621457739072724,0.011890216172165487,0.24110717436825088,81.13738554123317,0.5513027108378417,0.09578950264542108,1.4298162460327148,0.6868447991435607,931387000.0,0.241582369648663,-0.8540544579324889,0.9471863498439209,-0.16446746285465783,0.0023135755497569813,2.8594587766933306,0
AVGO,2017-02-03,15.848551018157634,15.976142874317008,15.70007856380796,15.942117691040039,24367000.0,0.010287217826199922,0.017316664930345962,0.005903799831048775,0.004410474768098259,15.602877235412597,14.813735914230346,15.037045530574046,0.07617131711954145,0.7488616466522213,0.015013037754667833,0.342732403268083,0.011880771660849363,0.23740910991327033,81.37678212793105,0.5620777959422387,0.08525167019985447,1.1661205291748047,0.7374453165549162,955754000.0,0.20996469076854526,-0.6654442262313206,0.9999999956267205,-0.15037506204615395,0.008612483733162472,2.294515236078449,0
AVGO,2017-02-06,15.941345952118299,15.980784134954316,15.798287959380582,15.973051071166992,18716000.0,0.001938475716292233,0.011425254614561751,0.001988860860559369,-4.840880845923224e-05,15.723200416564941,14.929613256454468,15.12618891539242,0.06989047847991062,0.8174968242645271,0.015039211238027586,0.3398049004170406,0.011659800466270761,0.233423287901198,84.2870273313233,0.5665819892855275,0.07180469083451457,1.2032318115234375,0.5702420542851178,974470000.0,0.32757519290963827,-0.6341844388919807,0.9999999956296788,-0.14658164476071064,-0.0015000109439326486,2.338780165076602,0
AVGO,2017-02-07,16.023315065805512,16.038006854382306,15.847004753297458,15.922786712646484,22840000.0,-0.003151784284245919,0.01199551965443284,-0.006273879823459333,0.003146799845225053,15.786301040649414,15.041508102416993,15.20205537227376,0.05858977727785041,0.8832471466064451,0.015193079420037562,0.32052764384230287,0.011703062844701038,0.22505875375483234,80.04046672767743,0.5596444484698253,0.05189372001504988,0.6310062408447266,0.6931735756405936,951630000.0,0.35620797357391504,-0.7027177443046934,0.9765340045654628,-0.11276595455244443,0.00093197390067471,2.3568771583294574,0
AVGO,2017-02-08,15.927426709317658,16.142400863548,15.864790811301164,15.998568534851074,21069000.0,0.004748041803684798,0.017352180694702356,0.0044666239429079855,0.0002914060682284933,15.820402908325196,15.14327278137207,15.277913768709695,0.05648024474381199,0.9368440818786627,0.014908056565671988,0.328205294060652,0.01157894014759996,0.21978790841983012,80.28991622509105,0.5538766122975503,0.036900707074219774,0.3410186767578125,0.648390640820082,972699000.0,0.5153806797219377,-0.4060374070787733,0.9999999953864458,-0.06699196343201026,0.0008025432158382627,2.538884917140889,0
AVGO,2017-02-09,16.032592814710593,16.060430662272733,15.746476851099853,15.878708839416504,27519000.0,-0.007520106493762273,0.019771998727995857,-0.009598196435009086,0.0021267077604725146,15.8294508934021,15.24349102973938,15.335132346872248,0.04167141293428968,0.9880624675750731,0.014962799199675275,0.31760013813873694,0.011703501011043085,0.20753401381890765,72.82350768192849,0.5334842109621238,0.0132066445910346,0.09047985076904297,0.8356589100206794,945180000.0,0.5109472243927048,-0.4250104999819592,0.9447020744724082,-0.0937193095185078,0.005284572340887999,2.345472071852029,0
AVGO,2017-02-10,15.929747741127903,15.968411586704324,15.763490550273193,15.892629623413086,23842000.0,0.0008763108865373015,0.012894092491798794,-0.002330113338561111,0.0032142979777236443,15.827981948852539,15.34657039642334,15.388227325590423,0.03558184092787216,1.0430938529968259,0.014848504961339014,0.3150592478166367,0.01149442304083939,0.19001917164722792,73.16525378907065,0.5125381560926474,-0.006191528222753484,-0.014689445495605469,0.7232267037552154,969022000.0,0.4919483250694515,-0.37514042698429106,0.9506847531535819,-0.0649596693367719,0.003795809639643353,2.2165567265937476,0
AVGO,2017-02-13,15.990060747274777,16.015580001788067,15.865561829608218,15.984647750854492,12463000.0,0.005773289980067026,0.009385140944252426,-0.0003385225673906225,0.00613058544560524,15.854969120025634,15.448103141784667,15.445029270853667,0.03473207058484975,1.0871107292175282,0.014844742005802956,0.2780524327643955,0.01142475001282128,0.17175631086039023,67.37784248602861,0.49762701607806825,-0.016882134589866205,0.26987171173095703,0.38295610277714603,981485000.0,0.5269779286252171,-0.3456569288756891,0.993519781182203,-0.05787197034807968,0.005275515169072439,2.10649633452542,0
AVGO,2017-02-14,16.006302046991348,16.007076385828093,15.836951930998351,15.877937316894531,17357000.0,-0.006698190539350614,0.010714518600698808,-0.008019636868014008,0.0013546933579251222,15.900051975250244,15.54948148727417,15.486258608571843,0.021123265729338956,1.1212665367126462,0.014807486085534088,0.26347012313683826,0.011408818302256768,0.14196321593722286,56.35313398590768,0.4717610225760751,-0.034198502473487435,0.45082855224609375,0.540779686100401,964128000.0,0.5304356844300343,-0.33239155156575817,0.9286703893758048,0.046867212964208746,0.003187997610099498,1.9643160039722,0
AVGO,2017-02-15,15.915832855166967,16.002440835195262,15.836956466271307,15.92897891998291,17088000.0,0.003209468438994804,0.010388887426579898,0.0008259740427857083,0.0023866789190629617,15.91783847808838,15.630561017990113,15.528422447753849,0.01909195079168378,1.1363016986846919,0.013489904955382838,0.25242321715082244,0.01087177144074969,0.1211219103298279,54.25267157612016,0.45019114389550907,-0.04461470492324282,0.17786502838134766,0.5482449456262801,981216000.0,0.6492101505602547,0.36730928594189555,0.9578098047274962,0.07989150438131733,0.004995796834291798,1.8026026242933333,0
AVGO,2017-02-16,15.965309922727629,16.101409121589437,15.866328821276348,16.098316192626953,17188000.0,0.01057465827412482,0.014602788102443226,0.008330954454361815,0.0022808117787852383,15.949774265289307,15.718019723892212,15.582698042503669,0.024194935187332876,1.1572664546966553,0.013523371295426934,0.25678679365034035,0.01093468816665661,0.09557757565494802,55.60079927701575,0.4416696693123061,-0.04250894360515667,0.31935787200927734,0.5779023302025245,998404000.0,0.5529700115420959,0.24561569680806297,0.9999999924726963,0.10433065787534057,-0.0027951182192866224,1.6334620309393195,0
AVGO,2017-02-17,16.161731036548186,16.27076530456543,15.99315380742366,16.27076530456543,30945000.0,0.010655275685414124,0.017061981521745304,0.006746447376410885,0.003939222162270441,15.982639026641845,15.792758131027222,15.648228257938122,0.030267491547053868,1.159955186843872,0.012374239582082135,0.24844681721591982,0.010908034648005261,0.08189614290201465,66.49826285528056,0.44371665206628563,-0.03236956868094176,0.3286476135253906,1.0893000776185704,1029349000.0,0.5612007324328154,1.0217255747825673,0.9999999933375354,0.1708828374068687,0.0038599892256584063,1.569522706363208,0
AVGO,2017-02-21,16.316394331076808,16.5189953285297,16.309434129952923,16.451719284057617,30333000.0,0.011060029600547663,0.01273795126400392,0.008293802549263391,0.0028043565042742526,16.030505847930907,15.876853132247925,15.724751212806645,0.03620781439868503,1.174209661483765,0.012382146672739503,0.2420947771722446,0.010820885205497767,0.06417569366020007,82.45972248935009,0.45469888874680287,-0.01710986560033967,0.478668212890625,1.0735407059256554,1059682000.0,0.41673249673000157,0.8983834308282592,0.9999999913788558,0.29076411584681655,0.007732472086494445,1.5488734107045952,0
AVGO,2017-02-22,16.47104859960033,16.620293931180484,16.355055590434635,16.56075096130371,23949000.0,0.0066055083355678924,0.016016081710633262,0.005446062593191363,0.0011749115827330988,16.094302272796632,15.940301656723022,15.804370236473034,0.038923310082389376,1.1689585781097414,0.010212143371183523,0.23353356669127326,0.009813942584350283,0.06507362959816544,79.69387721900752,0.46681913517143236,-0.0039916953405681466,0.6379642486572266,0.9088063023320674,1083631000.0,-0.24725370549774722,0.435838651296527,0.9999999911788747,0.047720668909272936,-0.001721446257445481,0.9973238906145483,0
AVGO,2017-02-23,16.631893610716475,16.69994398673333,16.211225531377963,16.28391456604004,29364000.0,-0.01685771170394525,0.03001234457926122,-0.020922394804341292,0.004295858900299715,16.122836875915528,15.971619892120362,15.850041125003223,0.019553099549922133,1.1500006484985352,0.01009121804485317,0.24618236431945512,0.010142772676640084,0.06541462845045205,65.65951387046347,0.4489113635438091,-0.017519573574553138,0.28534603118896484,1.1851815974765847,1054267000.0,-0.5315542245354765,-0.02855806315236959,0.75579913694246,-0.05784321971030684,-5.3238471212398854e-05,0.7804334685894057,0
AVGO,2017-02-24,16.113788039592585,16.28932547977687,15.667600757592911,16.26767349243164,27651000.0,-0.0009978668276877912,0.03821841654807159,0.009549924100121612,-0.010447520205138614,16.16173334121704,15.99559211730957,15.889815636186881,0.017009772001971762,1.1225913238525393,0.009998378762639688,0.2708723937248059,0.011076978942854011,0.06637928858395195,61.10823450617161,0.42846967490333476,-0.030369009772022004,0.3889646530151367,1.1417776401362645,1026616000.0,-0.40709585376391166,-0.0193595994046214,0.7414726823406007,-0.0476609032201735,0.002510512087497577,0.8701822090486914,0
AVGO,2017-02-27,16.290863055453467,16.50583709362475,16.253744960026864,16.492691040039062,26991000.0,0.013737398195082181,0.015285081908891211,0.012389029591292375,0.0014254996593468352,16.221739482879638,16.02486071586609,15.94723234131566,0.029194033706504335,1.0979465198516856,0.010291573118866425,0.2758435335836738,0.011171016569396596,0.07154527058000905,65.65685732993616,0.42552137933998324,-0.026653844268298865,0.6000614166259766,1.111744971280642,1053607000.0,-0.3872128390117848,-0.21440955988861246,0.9399634815419813,-0.018171015644708386,0.0023299088537632076,1.0017751307427682,0
AVGO,2017-02-28,16.559204869915234,16.57467099882364,16.262262864516284,16.31097984313965,27548000.0,-0.011078824449296764,0.019153241382198122,-0.014990153728737278,0.0040329276595733946,16.254372692108156,16.054670906066896,15.981874960536992,0.015964758070266538,1.0762401390075702,0.010216592234723256,0.2845153930995671,0.011106695272078061,0.07067522068511457,60.83786465827498,0.40386673458082534,-0.038646791221965404,0.32633209228515625,1.148132326126595,1026059000.0,-0.38131940844365536,-0.17568837415420885,0.7796737571186649,-0.2945728001948005,-0.0048093439881243955,0.9718304656567619,0
AVGO,2017-03-01,16.476458625251787,16.655861841371173,16.28236362275706,16.63652992248535,51155000.0,0.019762384285852464,0.02245048818051901,0.009715151828262889,0.01014523858796495,16.330231952667237,16.11514196395874,16.04422305215112,0.03235391654439946,1.082379989624025,0.00980558532665777,0.2913645478400868,0.011260451625050731,0.06738832139867916,65.63110148032617,0.40826818180187274,-0.0273962752007344,0.7585926055908203,2.0288291646919068,1077214000.0,-0.21319350474529986,-0.16255294302905737,0.9999999887058744,-0.22646584582229337,0.014161874477101228,0.9268350944152708,0
AVGO,2017-03-02,17.33017195083373,17.397447982955537,16.70458140102486,16.80278968811035,71171000.0,0.00994405015392704,0.04123521119880448,-0.03043145006958181,0.04169391282799162,16.41761302947998,16.16772575378418,16.116467493671045,0.03927973195517209,1.074848327636719,0.009072236804090176,0.32329056564703723,0.012188182706296366,0.07368838946808368,72.13813241820438,0.4203268675456915,-0.012270071565532559,0.8738107681274414,2.6152924662114976,1148385000.0,-0.4451560411239232,-0.0075539199424680915,0.9999999902327666,-0.1339860136513538,-0.007001963559097306,0.6887187151283491,0
AVGO,2017-03-03,16.857690361549253,17.01234866667319,16.834492648232295,16.882436752319336,30747000.0,0.0047289106265048795,0.010534973176257354,0.0014679585533168798,0.0032673546749054853,16.49602508544922,16.222899675369263,16.189416946875646,0.04065469735628591,1.0714688396453855,0.009070575217487989,0.3236218472278735,0.011976516806022268,0.07968149549266966,72.98876985053552,0.431338117993608,-0.0010070568940928615,0.7841205596923828,1.1134105735438695,1179132000.0,-0.49950604523390263,0.033256841468423476,0.999999990044793,-0.12094121408015016,-0.00019984509044536876,0.6710240474949876,0
AVGO,2017-03-06,16.731648460622186,16.898680003254483,16.63885463409108,16.853055953979492,22771000.0,-0.001741833505977704,0.015417107123997983,0.007256158505270815,-0.008931666317448801,16.554254150390626,16.268446588516234,16.252620661837916,0.03593516823644229,1.0615399837493875,0.008987662860562302,0.3314652184409847,0.011928430918728675,0.08481899599703513,70.77364128776026,0.43270586456821647,0.00028855174441244635,0.5822906494140625,0.8269733270141832,1156361000.0,-0.32682117888337586,0.0037155553297386484,0.9707507968534334,-0.12195779260156711,-0.0022324191213779826,0.6478840637457676,0
AVGO,2017-03-07,16.806653319073316,17.118288520554717,16.787321399675072,16.9543514251709,29129000.0,0.005992519520017524,0.019521072342116936,0.008788073580483982,-0.0027533662163638124,16.60451736450195,16.31751160621643,16.319452163107723,0.03902799850447615,1.0534435749053959,0.0090127285109605,0.34295398030169216,0.012115377687152505,0.09061322228409556,75.81634076423414,0.436926890332046,0.0036076620065935705,0.5026321411132812,1.03824493869404,1185490000.0,-0.3967348456542819,0.0056584879115554355,0.9999999907098952,-0.13555411103263482,-0.002851386249887232,0.5928194750617463,0
AVGO,2017-03-08,16.952026687810005,17.10823066381643,16.90021533369264,16.98373031616211,24532000.0,0.0017313234468395971,0.012247917632285875,0.0018701969338097227,-0.00013711744569848435,16.646815299987793,16.370558786392213,16.3827167491129,0.03745574829767137,1.046127977371217,0.008902255813606404,0.34599190610168024,0.012119926922861138,0.09426491487970672,75.56240926849031,0.43759835321375107,0.003423299910638833,0.42297935485839844,0.8717653497082504,1210022000.0,-0.4837690510577583,0.22760107774617103,0.9999999909567162,-0.13369148718443816,-0.003865685162624056,0.5641568833760018,0
AVGO,2017-03-09,16.918005867050887,17.23350682913948,16.86696883826224,17.16777801513672,25675000.0,0.010778410076888503,0.021350345416894553,0.014763687275026026,-0.0038698476652492195,16.73520164489746,16.429019260406495,16.457484488734217,0.04496669841156898,1.0426171684265135,0.0090581943421333,0.35538174114197674,0.01223930780149274,0.10080009937306765,75.7354226595981,0.44781942002544284,0.01091549337786446,0.8838634490966797,0.9049765781134892,1235697000.0,-0.5372241248776036,0.08977467452920662,0.9999999922471047,-0.13323046121738957,0.00014288456185251874,0.5442870573334234,0
AVGO,2017-03-10,17.22345923538657,17.50802949175784,17.22345923538657,17.503389358520508,39430000.0,0.019360284154173988,0.016258008685052828,0.01625283975452947,0.0032433562573303447,16.858773231506348,16.510253286361696,16.55709447633291,0.06015268538476425,1.0557399654388444,0.009333759170072826,0.35985602539050177,0.012149690209858195,0.1108310075031593,77.5021017025312,0.4774964379965496,0.03247400907917697,1.2357158660888672,1.3612299746776007,1275127000.0,-0.5867351637035246,0.4039188652393526,0.9999999938478653,-0.08536379567097233,0.004212025408255558,0.7488825439656159,0
AVGO,2017-03-13,17.46549770794566,17.611648624929746,17.426832390671084,17.51112174987793,26669000.0,0.000441667825044319,0.01055422015750693,0.0026122382922642256,-0.0021648178989061837,16.960616302490234,16.591177892684936,16.64795421667053,0.05544777246009279,1.0651198291778563,0.009344185945218747,0.35532646898295817,0.012108407635350172,0.1168797092528574,75.61737790672771,0.4959229369939173,0.04072040646123576,1.0184307098388672,0.9162148977250081,1301796000.0,-0.5787180980742866,0.3809308618882237,0.9999999938769929,-0.11864842225625652,0.00147572759004432,0.7799030756787594,0
AVGO,2017-03-14,17.380437115288927,17.497977330940135,17.283776025431507,17.348731994628906,22165000.0,-0.00931678779211433,0.012346798915994274,-0.0018241843074182245,-0.007462950486876334,17.06439151763916,16.659382104873657,16.71469495742847,0.04137907906799201,1.0645321941375734,0.009861622905132466,0.35261985353299913,0.012155335088198662,0.11786443727270966,68.57482055180688,0.4917539407811766,0.02924112819879604,1.0377521514892578,0.7489972256858906,1279631000.0,-0.4109575609877184,-0.27404868620420636,0.9005686308446705,-0.0723851831869024,-0.003649705432035097,0.9033857290387903,0
AVGO,2017-03-15,17.34718117062801,17.526584372087,17.262891828276064,17.47090721130371,20727000.0,0.007017632626830401,0.015093237029465452,0.007132342677891094,-8.93912016957669e-05,17.147829246520995,16.739030599594116,16.786715172083255,0.043722759625644834,1.0681509685516364,0.009540949668467693,0.3365465741369683,0.012240820609188647,0.11628768853012277,80.18127811855567,0.49262977082467074,0.024093566593832105,0.8343772888183594,0.6964390116056366,1300358000.0,-0.6068352487232618,0.24142636023068734,0.9745822263577117,-0.09970411570918529,0.009993254717319131,0.8633421277907327,0
AVGO,2017-03-16,17.51518565683587,17.54159701270956,17.21145802752821,17.272825241088867,27835000.0,-0.01140258126733731,0.01911320125006984,-0.013837159385977953,0.0025344102052990425,17.194832801818848,16.806222915649414,16.83301136913141,0.027763663941844506,1.0657033538818368,0.010202964170227546,0.3157190214939248,0.012425738875567194,0.10972168902325109,73.39434156887611,0.4719005372424654,0.002691466409301402,0.4700355529785156,0.9186847642229462,1272523000.0,-0.4907414493362151,-0.4072086361696635,0.8313309882741066,-0.10772141641427792,-0.0016076056837199758,0.9668317659468657,0
AVGO,2017-03-17,17.362933363516987,17.377693261081248,17.15552880012278,17.181163787841797,51635000.0,-0.005320816084484403,0.0129306991989899,-0.01046882872639691,0.005216756446639044,17.224705505371094,16.860365295410155,16.866168742341923,0.019026781841358097,1.0500748634338368,0.010288668888574857,0.31358133059110926,0.012388851820479285,0.10353699860814208,67.08433839074979,0.4429698760601468,-0.02099135581841377,0.29872703552246094,1.6125304877096658,1220888000.0,-0.2795677110475438,-0.6277559903772063,0.7346427827562313,-0.05533820639803665,-0.0007316937263144555,1.0638649252149301,0
AVGO,2017-03-20,17.18116417155285,17.29457625187671,17.150091638062506,17.18582534790039,17215000.0,0.0002712812617230007,0.008407196675473207,0.0002712957223553187,2.2333239981869034e-08,17.257982444763183,16.906118297576903,16.896612228585585,0.01654472335013354,1.021648807525633,0.010157384448200966,0.3015867934130271,0.012223424248299173,0.09912859702600339,73.80047695614911,0.41562717620904266,-0.038667244535614376,0.33276939392089844,0.5493926841255351,1238103000.0,-0.14326630312131408,-0.5522279393510687,0.7383916802219597,-0.07793012594369812,-0.0002349305624269537,1.0404213937632412,0
AVGO,2017-03-21,17.263498590043675,17.320980977047643,16.741491487587,16.780330657958984,30557000.0,-0.023877530050599772,0.03453385400605632,-0.02798783394250502,0.004519610817107098,17.240580368041993,16.922548866271974,16.885537793287813,-0.00840406544858036,0.9755828475952164,0.011531756467366148,0.3163004556163508,0.012936550253524907,0.09607751023228418,53.7490674237125,0.3571211862311223,-0.0777385876108278,-0.17402076721191406,0.9748355441558355,1207546000.0,-0.3145546817770026,-0.2030078760335904,0.412286686104123,-0.06141142495864194,-0.012375271950615246,1.282895496537558,0
AVGO,2017-03-22,16.78033719800846,16.96288462946635,16.731399290883484,16.889089584350586,19131000.0,0.006460420398184643,0.013706205849029077,0.006480941651769846,3.897449704364594e-07,17.23111629486084,16.938965797424316,16.885876059103317,-0.0029444662466860767,0.9279157829284657,0.011528086371582247,0.27848383262439924,0.012887665972353435,0.09389514583596988,52.31949014779706,0.31588932853913576,-0.09517635624225151,-0.09464073181152344,0.6150477898980544,1226677000.0,-0.3132500852196848,-0.20013904492337445,0.4997522680981077,-0.0727079720892834,0.0021766982353990678,1.3106536203433776,0
AVGO,2017-03-23,16.876659735172506,16.969875851683746,16.812185563256378,16.84558868408203,19223000.0,-0.0025790033646515887,0.009360924767370434,-0.0018410663934468755,-0.000735969166129438,17.19889736175537,16.967049503326415,16.882039166244148,-0.00715862938626922,0.8983532142639135,0.01079150148310198,0.2747789261861513,0.012318881263565671,0.08666790790405719,48.99000137403868,0.2765151308554543,-0.10764044314074639,-0.3221893310546875,0.6282467558995156,1207454000.0,-0.3420593693094647,0.3553069359406835,0.46476818278678717,-0.11197377116047108,-0.001274453968844011,1.3184990843952058,0
AVGO,2017-03-24,16.9349233551012,17.198256158484735,16.91394953951998,17.00949478149414,23794000.0,0.009682881343656198,0.016714583381214104,0.004403410915139604,0.0053031492513874205,17.149507904052733,17.00414056777954,16.894177796267957,0.0003148770553918516,0.8727412605285636,0.010913537245327039,0.28141050513181554,0.011377866828093422,0.0773249768495022,53.99343867431315,0.2555903611719934,-0.10285217025936588,-0.4938945770263672,0.7825686564709748,1231248000.0,-0.47089694598088844,0.2987997149249409,0.5820269491568968,-0.11403676647705879,-0.0012554239279223066,1.3351936602682186,0
AVGO,2017-03-27,16.843256421456093,17.103482189745026,16.77645166806624,17.015705108642578,15358000.0,0.00036504280577071756,0.019219334103321297,0.010238440997930982,-0.009773268528757833,17.0999662399292,17.030291271209716,16.905751826017923,-0.0008564834462480115,0.8351987075805667,0.010574001507461994,0.2811293194746113,0.011485015280197899,0.07184692213312917,51.6460927622924,0.23677901089426356,-0.09733081642967661,-0.49541664123535156,0.5149656225742579,1246606000.0,-0.3815987015716934,0.5600011110815587,0.587201609804794,-0.05053742837351321,-0.0027462768763681744,1.2915428148051522,0
AVGO,2017-03-28,16.97376182265962,17.22777374251068,16.961332511314495,17.163299560546875,17929000.0,0.008636610150994196,0.015523893299247266,0.011166513337223963,-0.002464974899080502,17.081422996520995,17.07290725708008,16.930280181687348,0.005294488047802514,0.8136285591125478,0.01024752545327604,0.28530259812263964,0.011391096745045367,0.05989665002679851,54.5303932036361,0.23111635358191762,-0.08239477899361808,-0.18543243408203125,0.6110270461857242,1264535000.0,-0.6118731501248631,1.1716393119948938,0.6023034009006789,0.06615084863611383,0.0071544508682017055,1.2030001620998871,0
AVGO,2017-03-29,17.1516480653869,17.194372063626187,17.064647331005887,17.191265106201172,15927000.0,0.0016280545017879104,0.007545967777441022,0.002309809566995631,-0.0006788610266266737,17.053458786010744,17.100644016265868,16.955135888783904,0.005299279360245964,0.7745474243164061,0.009397736517276193,0.268387365390001,0.011023403693394215,0.05498774368256387,50.6432156198515,0.22627686384715417,-0.06978741498270524,-0.27964210510253906,0.5774627460933249,1280462000.0,-0.8357905272981477,1.7987563953749997,0.5623145207476345,-0.019703137445126417,0.0026033279747653916,1.1626364866400198,0
AVGO,2017-03-30,17.237092097351937,17.435174292624314,17.00094560792248,17.092607498168945,34168000.0,-0.00575535217383997,0.02540447292751021,-0.008382191049577681,0.002665713713776329,17.03543701171875,17.115134906768798,16.968228423011052,-0.0013162273455280364,0.7333339309692377,0.009323673370838588,0.27510002311005216,0.010158789926712765,0.05245572733606653,37.07249752560292,0.21203646453846403,-0.06722225143311633,-0.18021774291992188,1.3279001665316141,1246294000.0,-0.6448455764383938,1.626304438218372,0.4273134133543359,-0.04046489786216582,0.0036861003861140594,1.316316192108845,0
AVGO,2017-03-31,17.088719363518052,17.1663991858968,16.936466674596602,17.008708953857422,25897000.0,-0.004920555703933557,0.01351851641349102,-0.0046820600134975885,-0.00022747463494434726,17.018191528320312,17.121448516845703,16.97208371166309,-0.006584697714770477,0.6864562034606934,0.009363880244636578,0.27832261432730476,0.010221958922832555,0.051227638687073224,34.91213647739478,0.1917703251972469,-0.06999071261946677,-0.172454833984375,1.0160328149919469,1220397000.0,-0.4826591659462162,1.4020368230174687,0.3125083150284002,-0.011939673437495264,-0.0014729690803736899,1.329873005938967,0
AVGO,2017-04-03,17.011824568267727,17.08872806123418,16.830054965578142,16.996288299560547,19210000.0,-0.0007305193855289332,0.01521938737121388,-0.0009132629269541925,0.00018317759559278386,16.99923782348633,17.128610134124756,16.974388910510466,-0.007725193897859622,0.6492119979858408,0.00935436632066342,0.28056028369942,0.010215389933820606,0.04957153717209066,38.36809878478801,0.1727160575620985,-0.07123598420369215,-0.18953704833984375,0.7589795458765796,1201187000.0,-0.5015222717017225,1.4351214939661825,0.29551213887866296,-0.0002483203696720813,-0.0018146648708859678,1.3286169554812715,0
AVGO,2017-04-04,16.947341760832465,17.12134462222564,16.92481521980657,17.008708953857422,12634000.0,0.0007305193855289913,0.011554633737144963,0.00362105124536839,-0.0028798369305930863,17.022075653076172,17.13132801055908,16.97765748606732,-0.007157592018231466,0.6071520805358865,0.009263688047899515,0.2757629164571436,0.009994199437956057,0.04909433072181216,33.5543918564947,0.15681004756323347,-0.06971359536204577,0.2283782958984375,0.5159777909828448,1213821000.0,-0.4339222220001497,1.5557006584265103,0.3125083150284002,-0.006149139821630463,0.00038295074867048673,1.3950361413563077,0
AVGO,2017-04-05,17.053776286780348,17.12834772754007,16.840934095638943,16.866567611694336,15690000.0,-0.008392089499532721,0.017040433972555676,-0.01097754959535595,0.002649662184542538,17.019823455810545,17.125469875335693,16.967077498031795,-0.015117965543418531,0.5697982025146473,0.009448762213825073,0.2727111055085563,0.010116791063024384,0.050484193484708055,34.94553069753225,0.1312221543424208,-0.07624119086628678,-0.02252197265625,0.6525685789684922,1198131000.0,-0.27446684144100847,1.1207610001883446,0.11800493124356132,-0.020339879630507644,-0.0028835301750142267,1.4998460912596536,0
AVGO,2017-04-06,16.83316394023784,16.970656823370895,16.746939564686254,16.895307540893555,14615000.0,0.0017025082884941083,0.013241384213382291,0.0036917361964408403,-0.0019804664603684467,17.0247953414917,17.111846351623534,16.96024226401863,-0.012654321816236451,0.5314195251464824,0.009096144657892248,0.27282201963185443,0.00985851859961044,0.05185788295283615,38.889041167464526,0.11197189441217503,-0.07639316063722604,0.04971885681152344,0.622167731993214,1212746000.0,-0.24695439803965355,1.6420839873838537,0.1573320783910185,-0.21840819117520013,0.00164098072268102,1.4992352749288755,0
AVGO,2017-04-07,16.895305331329823,17.077074932030424,16.859573098990406,16.95356559753418,16412000.0,0.003442248368369317,0.012829267782074102,0.0034483109377040316,-1.3077972843244974e-07,17.019202423095702,17.08435516357422,16.95960639102011,-0.007655516682440714,0.48062160491943473,0.007828240793261452,0.2780375352908412,0.009762718868190672,0.04779394863305381,41.33337836034783,0.10026111528816273,-0.07048315180899067,-0.05592918395996094,0.7346611726735763,1229158000.0,-1.0554215363262087,2.015954453357028,0.23705124367320146,-0.27975416721430385,0.0002869023830131932,1.3417338270012855,0
AVGO,2017-04-10,16.86190250758411,17.015707999451916,16.79898106889727,16.935697555541992,17994000.0,-0.0010544958482686607,0.012797047757607987,0.004376436637617122,-0.005406714559408257,17.011201667785645,17.055583953857422,16.957329359069814,-0.0070291582258034425,0.431282825469971,0.007815191731726423,0.25212592394041267,0.009811573491650898,0.04219923587320567,58.157095081425055,0.08851805575529426,-0.06578096907348732,-0.08000755310058594,0.821426288928046,1211164000.0,-1.0297927517155303,2.0033905641738605,0.22498142252396527,-0.26762326294077915,0.0006778525713368517,1.3409156067957357,0
AVGO,2017-04-11,16.822288881988705,16.965219311954773,16.625759355582822,16.89919090270996,22219000.0,-0.0021579303885500057,0.020087349632617074,0.00457143621863963,-0.006696427660056789,16.984790802001953,17.033106899261476,16.95179236322602,-0.007862100394538147,0.3851174736022962,0.007608615583812723,0.2598383966396331,0.010044817282271107,0.039720404595000265,50.57387258433004,0.07539668859330462,-0.06312186898838157,-0.26410865783691406,1.0141725814181706,1188945000.0,-1.2129689925309182,2.819420266962,0.17211740313817037,-0.2219768978184106,-0.0006044112657733556,1.3112193333140858,0
AVGO,2017-04-12,16.75314888167404,16.78965895932748,16.191526041185735,16.25056266784668,61026000.0,-0.03913821131373126,0.03680690508994736,-0.02999950738079663,-0.008641953444794901,16.890720558166503,16.97208967208862,16.885008582713702,-0.04251256137324094,0.30763116836547866,0.011011232507784435,0.2991222947179801,0.010976530859156513,0.05100297328311651,29.968366764197782,0.012514770359423721,-0.10080302977780999,-0.9407024383544922,2.5508862643138834,1127919000.0,-1.9640603979557922,4.839574433918861,0.0,-0.08945582232034006,-0.005914144195452351,2.018101727540941,0
AVGO,2017-04-13,16.251337059608904,16.62109155927637,16.235024426459738,16.415241241455078,42579000.0,0.01008271335862266,0.023518821740278074,0.010085581336731118,4.7653227648324974e-05,16.822983932495116,16.929210472106934,16.840268835927166,-0.030359905513319,0.25146942138671946,0.011256507650998547,0.3015079846046892,0.011132595906749018,0.05614096549822972,30.004771999034944,-0.023757555950314924,-0.10966028487003891,-0.6773662567138672,1.7265968253067125,1170498000.0,-2.0328750293206057,5.157291308092655,0.1750591527602162,-0.2680162114830037,-0.006961232955373571,1.5192443805905982,0
AVGO,2017-04-17,16.4975820436568,16.65138750347751,16.482822148168605,16.613323211669922,14507000.0,0.01199472931294484,0.010146395941362994,0.007015644331192672,0.005016118922076933,16.783445358276367,16.90081844329834,16.818654966950284,-0.01701072835157946,0.20639009475708292,0.011689094830060419,0.29501625177209234,0.011082240492422278,0.05676184140010001,38.00907283554954,-0.03610389311658935,-0.09760529762905068,-0.3953857421875,0.6361533486082634,1185005000.0,-1.9500460042515146,4.783312946953458,0.3856272984701963,-0.17404264227581098,0.00922102424746316,1.4954207232640084,0
AVGO,2017-04-18,16.55041133725457,16.600903479755367,16.47273145993498,16.553518295288086,8486000.0,-0.003606311513579587,0.007742886887039678,0.00018772693731456652,-0.0037868326290768995,16.73916835784912,16.869203090667725,16.793403855363408,-0.01871367565472865,0.16254673004150533,0.01168829947158242,0.28602700323914626,0.011073850107774301,0.05737069895885262,30.82533870415253,-0.05013627148396793,-0.08931014079714342,-0.44277000427246094,0.3793846511503141,1176519000.0,-1.8957714839996513,4.628209542475044,0.32205255548271,-0.17873712293264327,-0.001982965879772759,1.4933753992965886,0
AVGO,2017-04-19,16.606332243000704,16.687895404315235,16.56593884668975,16.594680786132812,12081000.0,0.0024835443941382163,0.007349135492494974,-0.000701627348554719,0.003190496833996402,16.69776554107666,16.859920597076417,16.77447784877002,-0.015731972713577246,0.14083164215087862,0.01052668653984017,0.2863593158396355,0.010135019761827525,0.05907434632695011,31.3947346641895,-0.05727532909491018,-0.07715935872646854,-0.4140281677246094,0.5633743704532733,1188600000.0,-2.4878182947013565,8.947439695564734,0.36580974025110236,-0.12631858658954379,-0.0025288367179269557,1.2504702497548261,0
AVGO,2017-04-20,16.7011077674309,17.021148109674844,16.640518389513872,16.950458526611328,16916000.0,0.02121267573599239,0.022455423216950075,0.01493019280537712,0.006413318982732323,16.70615463256836,16.862989044189455,16.791237913326334,0.005187068682828954,0.123346652984619,0.01153232122291282,0.2858049328996494,0.010418144800819094,0.059242772854332694,46.17958415180535,-0.03383476725226586,-0.042975037507059374,0.08389091491699219,0.7929405974242083,1205516000.0,-1.7187936311054335,6.582401641394794,0.744014071600355,-0.07679864316754006,0.007895765875646886,1.4968229209657105,0
AVGO,2017-04-21,16.889088786869923,16.959776871601537,16.791211495621656,16.907732009887695,14683000.0,-0.0025238524993017974,0.009969721295653745,0.0011038619810695403,-0.0036205356713541266,16.707397079467775,16.866096210479736,16.80233258918932,0.0024686091472313097,0.1082705497741685,0.011531619530423677,0.28142156609105534,0.010429061440569674,0.0592694823345247,47.224708646101696,-0.018492456404757718,-0.02210618132764098,0.012424468994140625,0.6956707136511693,1190833000.0,-1.7198533642888314,6.586872341673477,0.6985942719619344,-0.0841620531632733,-0.002321163142530139,1.487013356798926,0
AVGO,2017-04-24,17.14310135516114,17.237093842863505,17.064645134203946,17.18582534790039,17531000.0,0.01631390369703367,0.010034357097681282,0.0024921974051951086,0.013920811208493207,16.730623054504395,16.87491273880005,16.838855709066564,0.01842454617268764,0.09094474792480511,0.011913842485043343,0.28647076161389634,0.010275096429608523,0.0612054033961161,54.545492466570124,0.015922696794785196,0.009847177497521547,0.23225975036621094,0.8431162260557584,1208364000.0,-1.536044400005367,5.774001114962035,0.9942173337485231,-0.09853310635990861,0.010132792897777227,1.5689652555357854,0
AVGO,2017-04-25,17.246417537976747,17.40022304805118,17.240979991887553,17.33807945251465,14848000.0,0.008820270625320486,0.009184584515713854,0.005314837953036507,0.003525707311098608,16.77086124420166,16.89103145599365,16.886400827490192,0.02646658952835585,0.07815446853637553,0.012056182020515806,0.28774706859473376,0.01001900743891165,0.06556136556924619,57.402505829189685,0.05485030725602158,0.03901983036700635,0.40238189697265625,0.7149598412912418,1223212000.0,-1.5808428726498358,5.622891424036706,0.9999999908047398,-0.0442786786131899,0.006557415549140448,1.6038889438498667,0
AVGO,2017-04-26,17.360604414121948,17.394782422563384,17.157083174675545,17.220003128051758,14726000.0,-0.006833526349284187,0.0138036704164464,-0.008098870444558337,0.0012991612865191017,16.80294246673584,16.893866634368898,16.918172475162724,0.019305023565553504,0.05628253936767891,0.012035185613175065,0.28419604116521313,0.00997062705753145,0.06630964028351055,58.03022396038319,0.075304878660166,0.04757952141692061,0.3208122253417969,0.7145959349652671,1208486000.0,-1.4055341593855797,5.207107503070373,0.8914257370168333,-0.06934402887301948,-0.002409791867388089,1.647703035859345,0
AVGO,2017-04-27,17.31399063917081,17.40720672999715,17.24951648501999,17.329526901245117,11850000.0,0.0063401232942382375,0.009099512397815996,0.0008973241576199131,0.005458042627526904,16.910838890075684,16.900779724121094,16.95734908717057,0.02536848499708111,0.03416383743286033,0.012110302121877931,0.28158792282669537,0.009993624972196743,0.06847892581668102,59.51633735363806,0.09920930393342076,0.05718715735214029,1.0789642333984375,0.5807798623772272,1220336000.0,-1.4371792126739655,5.132396774398492,0.9921356972954681,-0.08133348641335156,0.0030621546201588003,1.6674913481188376,0
AVGO,2017-04-28,17.3093377971105,17.33341708675123,17.071637041823085,17.152423858642578,16490000.0,-0.010272307455200339,0.01526198553236089,-0.009065276801257212,-0.001165011846524515,16.984557151794434,16.903770542144777,16.97592763683457,0.014709932066976133,0.012685756683350036,0.012271607501101787,0.28475065224727586,0.009621739878868711,0.06903155021051448,54.1423841291977,0.1026793738523395,0.04852578181684722,0.7371826171875,0.8447875735795115,1203846000.0,-1.3514704946701859,4.5975773005894505,0.8292848397538973,-0.11547379363570098,-0.002865594857990817,1.788129144793121,0
AVGO,2017-05-01,17.2518544017101,17.26506008192157,17.0825126290444,17.192041397094727,15339000.0,0.0023070707742527613,0.010618137110921407,-0.003467047842391678,0.005796880014565599,17.042428970336914,16.91293716430664,16.99650989971649,0.01650241054593925,-2.2125244139914457e-05,0.012218033213676326,0.28230926098459896,0.009556996392849751,0.07048025159572119,55.29190667637628,0.10738832772400642,0.042587788550811315,0.5787181854248047,0.8076643604081757,1219185000.0,-1.4631457874788865,4.945373153681962,0.8657141975775106,-0.12283573603102214,0.0010430418889641204,1.7807932820988266,0
AVGO,2017-05-02,17.358275569916177,17.516740763348672,17.20602280945545,17.51285743713379,27277000.0,0.018488754589942754,0.01774227620085344,0.008905370035515836,0.009669251543888355,17.138362884521484,16.938765621185304,17.045685855660995,0.03389218721413482,0.0009644889831541548,0.012858832147796432,0.28125493311902716,0.009639360848916763,0.07713031650016074,61.33755031898154,0.1354460431795772,0.056516403205105675,0.9593391418457031,1.4063825234659173,1246462000.0,-1.3450694660610296,4.111276017835398,0.9999999920779202,-0.1068083915882488,-0.0023392195321541714,1.6426931633083643,0
AVGO,2017-05-03,17.439840047202434,17.570341153020955,17.365267140094602,17.470134735107422,18002000.0,-0.0024424853686257748,0.011738547865738977,0.0017370966594659999,-0.004169359009143235,17.225908279418945,16.961836910247804,17.086109558465417,0.02996714490591811,0.003667469024659198,0.012889322312001007,0.2453555867906077,0.00964361255753927,0.08193825602080286,79.03135497788688,0.15247696033292613,0.05883785628676366,0.8754539489746094,0.9155010158389503,1228460000.0,-1.296304144717767,3.9598041017981744,0.9661547265128554,-0.12807166396375874,0.0011067266173107554,1.6358600252390865,0
AVGO,2017-05-04,17.49809795536633,17.544706760777213,17.233988799471884,17.353614807128906,16245000.0,-0.006692005562406918,0.017905085746091037,-0.008257077341971468,0.0016006299140162753,17.266223907470703,16.98618927001953,17.11158624881432,0.021630839681126758,0.012162551879882244,0.012827340879040142,0.23997350311122898,0.009674349660228398,0.08415170644721531,72.86172371380869,0.15478760532563385,0.04891880102357711,0.4031562805175781,0.8249836222087923,1212215000.0,-1.3258867072474898,4.135582651738041,0.8738467094866571,-0.11696404718634841,-0.0010735066514062821,1.6230505381303508,0
AVGO,2017-05-05,17.474795341517886,17.593644982327007,17.404107244841374,17.590538024902344,23128000.0,0.01356031433336254,0.01077498238596005,0.006623407087534441,0.0069830139562161294,17.334504508972167,17.02095079421997,17.157200703679845,0.03346389030988541,0.020791606903074467,0.013112272949384083,0.24025092548091972,0.009619410792968344,0.08955440739764409,73.365799803828,0.1737338362354599,0.05429202554672252,0.6828060150146484,1.1496772622092308,1235343000.0,-1.3467842312105494,3.8292662653070204,0.9999999925371763,-0.14435856004971265,0.004683848920610761,1.6758111626458037,0
AVGO,2017-05-08,17.595976873222863,17.64102998164542,17.389348632177132,17.48411750793457,17448000.0,-0.006068247394972846,0.01439485574322656,-0.006357098899973368,0.00030919169799240037,17.364333724975587,17.04747838973999,17.18833563741839,0.025613120483627683,0.022990322113034978,0.013232351899650609,0.24818589674758737,0.009658863968547203,0.09253499649222777,71.76598179173081,0.17810849059489797,0.04693334392492848,0.2982921600341797,0.8651007127362871,1217895000.0,-1.204493586061988,3.3515998499408908,0.9205802363355292,-0.16729688152927547,-0.0008778192729270572,1.697645146242155,0
AVGO,2017-05-09,17.526057664736122,17.819686521347762,17.455369592978784,17.746667861938477,19261000.0,0.014904874348294564,0.020528751143477852,0.012587553989415717,0.00239875743128119,17.405192565917968,17.088026905059813,17.24151013499173,0.038544002777652346,0.03845930099487305,0.013545294570759186,0.26461016955771804,0.009900767959908758,0.09900058820313094,74.41555238452392,0.20045038774183155,0.05542019285748964,0.4085884094238281,0.9520020165973868,1237156000.0,-1.2639519521766662,3.146899021760639,0.9999999933159781,-0.19622462572324792,-0.0006248308213927904,1.6519033969311296,0
AVGO,2017-05-10,17.826683611847116,18.1319640417052,17.764540016663844,17.969614028930664,24433000.0,0.012484449719184226,0.020446962536053447,0.008017779420754545,0.004508775987195346,17.48015365600586,17.141548061370848,17.310853362985917,0.04830753699211215,0.05880777359008604,0.01368221665346694,0.26166937357376746,0.009910394877455039,0.10817122437547327,72.88905907967549,0.2334552676285,0.07074005819532647,0.7496109008789062,1.2010637670330528,1261589000.0,-1.3798957736337059,3.246969401202422,0.9999999941828382,-0.301992540539942,0.004560201725543191,1.673243196055869,0
AVGO,2017-05-11,17.919120368287135,18.010004416452656,17.729581175419877,17.95096778869629,14823000.0,-0.0010381926441979624,0.01562162242044379,0.0017772870395883751,-0.002809946867096591,17.542297744750975,17.22656831741333,17.371816641625,0.042051292951376246,0.1175392723083526,0.009675259983128263,0.26965922107754586,0.008884073657886866,0.10383630740187051,73.68607024756656,0.2551658835024533,0.07396053925542381,0.6214408874511719,0.8220089670680677,1246766000.0,0.0718553609949394,-1.3385182930560724,0.9880040037598073,-0.3313134071516562,-0.0018498310061417665,1.1557669693810764,0
AVGO,2017-05-12,17.981270631052006,18.33626541665446,17.931554855815502,18.329275131225586,25852000.0,0.020855486297105152,0.022080009041312052,0.01935372127590757,0.0016880896179201125,17.659982872009277,17.322270011901857,17.463003164444103,0.05813355397707669,0.18271125793457088,0.010269887744892023,0.27504127306777065,0.008828898786472188,0.10823253922822879,74.83139376072415,0.2994461154743888,0.09459261698188748,1.1768512725830078,1.5033466501514852,1272618000.0,0.09807187343718354,-1.4291267566899186,0.9999999943685984,-0.38442825190734303,-0.0010876325115595814,1.3686159795080997,0
AVGO,2017-05-15,18.30207996726675,18.63532442895809,18.254694800278582,18.5677433013916,29172000.0,0.012926328508749271,0.02049950940704707,0.014515472255330326,-0.0014837010064029839,17.797553062438965,17.41999101638794,17.568216510820058,0.06588707670773411,0.2467261314392104,0.010303360650389226,0.2869149822483933,0.009152186604354028,0.1181657041167433,75.73981299002304,0.34974921546023907,0.11591657357419016,1.375701904296875,1.6270346996996568,1301790000.0,0.08919896306043963,-1.450415415094674,0.9999999950353115,-0.2720480025559825,0.006316878579368844,1.4870720672590894,0
AVGO,2017-05-16,18.638429432755707,18.74329699522237,18.541330002503578,18.695913314819336,18128000.0,0.00687911657132644,0.010802734758653088,0.0030841591154544034,0.003806931742685601,17.915858650207518,17.5271107673645,17.675616206439035,0.06668540881046363,0.3169887351989722,0.010073443916913937,0.28436267830774703,0.00920846556954356,0.12477380398298521,80.76433895545557,0.3953991186233239,0.12925318138981995,1.1830558776855469,0.9845939934769555,1319918000.0,-0.03343347666374551,-1.3176872472002115,0.9999999952408885,-0.2907760207290044,0.00015592733264351894,1.4265524100382116,0
AVGO,2017-05-17,18.487739985496763,18.56308927511375,17.950974083925434,17.957965850830078,31447000.0,-0.040271164179266725,0.034085998154360114,-0.02865542974942999,-0.011134696969180123,17.964641761779784,17.595275020599367,17.70250664876199,0.020612967379024637,0.3650806999206573,0.01434169344102874,0.3242009375183549,0.010202995750594052,0.11547906654593368,60.3800103509904,0.36779113544285735,0.0813161585674827,0.48783111572265625,1.622656405202283,1288471000.0,-1.4019163526469842,3.2088061465015945,0.5873195476167536,-0.2006017793413915,-0.0158387021127767,2.043467940797509,0
AVGO,2017-05-18,17.989034982649034,18.535898023856575,17.68608366179433,18.461326599121094,30699000.0,0.027644293450060912,0.04603213951278995,0.026254416463420895,0.0017301030683004716,18.075412940979003,17.670818424224855,17.774775215462856,0.0447352327136802,0.4110721778869646,0.014829606064177572,0.3662033887422191,0.01160159705285412,0.11753836695184233,69.51595586370414,0.3821237309863008,0.07651900328874095,1.1077117919921875,1.529665007399434,1319170000.0,-1.1892112310826644,2.847249252288232,0.8688126736705053,-0.3851899231445586,0.002252956287087396,2.0774013645954543,0
AVGO,2017-05-19,18.387523470505556,18.40927364679265,18.025537123767844,18.18478012084961,35812000.0,-0.015093102805117633,0.02110207108711829,-0.011026136818854108,-0.003997715343980277,18.13483715057373,17.73467082977295,17.813823301690167,0.025380188622797322,0.4545845413207985,0.015386140036855253,0.38429210463336766,0.01186591394825755,0.11245366417139749,63.82511206067672,0.3669375983905745,0.04906629655441169,0.5942420959472656,1.6951984682055605,1283358000.0,-1.041015059034863,1.9286691815885084,0.6688456804076482,-0.43932397445402754,0.008484484687107524,1.5994368892761457,0
AVGO,2017-05-22,18.295865353284416,18.563860768545723,18.194106213990064,18.51725196838379,20419000.0,0.018117849243083187,0.019968111628404343,0.01210036315328626,0.006108692637280929,18.238150596618652,17.80124216079712,17.88081650804194,0.040222463169524256,0.5008786201477058,0.015471028260697833,0.38817648187923687,0.012094472839018903,0.11464240871269367,63.942171298396794,0.37737997694775416,0.047606940089273075,1.0331344604492188,0.9599928537678739,1303777000.0,-1.0276262200834447,1.8628895173282844,0.8842484122174846,-0.49925772806658675,0.004329131005603246,1.7031595934026158,0
AVGO,2017-05-23,18.51492270740986,18.559977291481374,18.31994743543527,18.37432289123535,13696000.0,-0.007748641408268022,0.013063330678158777,-0.007593864598867558,-0.00012578869574745807,18.30091609954834,17.853054332733155,17.92781711596512,0.029197724293847337,0.5354267692565919,0.01563191129804261,0.3906733278163618,0.012157614711345108,0.11500343540327759,62.21147066967169,0.369858951407231,0.032068731638999926,0.627655029296875,0.6456616075069472,1290081000.0,-0.8449343526148785,1.4202834643014988,0.7916471471745332,-0.5120100136583964,0.002147284752071381,1.7176044725504322,0
AVGO,2017-05-24,18.52347272821182,18.643875126113997,18.40773002637928,18.61202621459961,16392000.0,0.012853747496427316,0.012687769557438233,0.0047806093187435705,0.008117297048677377,18.365157318115234,17.922655487060545,17.992979887263644,0.03846364885226556,0.579762039184569,0.015601711983186205,0.38773291878588445,0.012137699826032876,0.11545039291667775,66.45674264454001,0.37871358167767966,0.03273868952755887,0.6424121856689453,0.7697346641215456,1306473000.0,-1.031450455109826,1.7486985581647163,0.9456509992079727,-0.5232918685381058,0.0037797221793329974,1.7113837402819871,0
AVGO,2017-05-25,18.72932140611304,18.764277272318314,18.54444335156464,18.709901809692383,19010000.0,0.005244949800271578,0.011749603117761645,-0.0010368553130788247,0.006302118327204095,18.441050720214843,17.99167423248291,18.06125816559019,0.039919996745692195,0.6240008926391596,0.01559492386178175,0.386290329182711,0.012179279082291355,0.11694427055274428,65.19081556144454,0.3891428855530634,0.03453439472235409,0.7589340209960938,0.8779120379243218,1325483000.0,-1.0211955387355864,1.7399537418243354,0.9999999935793634,-0.5205662222013047,0.004076805766209016,1.6885300620436683,0
AVGO,2017-05-26,18.713014098609758,18.767389576727105,18.51260119879991,18.73709487915039,13120000.0,0.0014523500757013575,0.013598072669991582,0.0012868467046980546,0.00016634448160293734,18.481832695007324,18.0709077835083,18.125623566881636,0.03686517043053079,0.673949050903321,0.015251124152504588,0.38651225978691856,0.012146112881515037,0.1133538041068719,67.37776566155381,0.3950485635255454,0.032352058155868835,0.4078197479248047,0.6106543356690548,1338603000.0,-1.1727579880170658,2.3881574524188505,0.9999999935277322,-0.5410137732464325,0.000867671090350522,1.6224061465289452,0
AVGO,2017-05-30,18.681939217149818,18.751074591619915,18.565420138360828,18.629117965698242,29364000.0,-0.00577940367944826,0.009965820899372351,-0.00282739659996391,-0.0029436613496549476,18.48797016143799,18.142761611938475,18.17357541438798,0.026807184258633387,0.7168437957763665,0.01541912899093765,0.3737506544219263,0.01213573209959335,0.10632229374161048,62.78711884805707,0.3865599983166348,0.019090794357566554,0.061374664306640625,1.3235135037680734,1309239000.0,-1.0648274696749047,2.0050043024106423,0.9219526722102303,-0.5329429973510336,-0.0012975443172435638,1.6540128997127541,0
AVGO,2017-05-31,18.838845784199965,18.867586246810003,18.453554976882057,18.602699279785156,44830000.0,-0.001419145897326399,0.022256515760338772,-0.01253508346501314,0.011258064868551148,18.47864875793457,18.197253704071045,18.214444353949617,0.02228059146093018,0.742998409271241,0.015073416387673287,0.3758031608620137,0.01226286421531067,0.10302784607141402,59.727753093837606,0.37339669737280445,0.004741994730988963,-0.09321403503417969,1.9437176038033206,1264409000.0,-0.9726813833382529,2.113777862549115,0.9028568527211025,-0.5100494660000708,-0.0008824697546929918,1.8077645253481018,0
AVGO,2017-06-01,18.767378880812817,18.788352690882004,18.16225571689234,18.22284507751465,63774000.0,-0.020630661772048545,0.034357805874047284,-0.029014909672055167,0.008852457299388376,18.505136680603027,18.234889221191406,18.21524442286057,-0.000660499963781254,0.7517836380004859,0.015934731684306255,0.40049414178750553,0.012984851608872371,0.09571786683471811,53.76017113585828,0.3285265771089314,-0.032102500426307246,0.2648792266845703,2.515476685869129,1200635000.0,-0.8213575690067131,1.0755355604656855,0.6282925801979444,-0.4729886993406234,0.006411883500468851,1.4500706502250438,0
AVGO,2017-06-02,19.30648015422491,19.87198791448198,18.96546748630688,19.771780014038086,108613000.0,0.0815796382598302,0.0458492066507402,0.024100708977257294,0.059465745996346665,18.636182022094726,18.355797481536865,18.36348590773462,0.0771408887657469,0.8150380897521963,0.02425233947792254,0.4893821615109609,0.014218408300771031,0.11078468855712023,65.07051560751044,0.4131897931820241,0.04204857251742833,1.3104534149169922,3.62393042619461,1309248000.0,1.4564679004227983,5.462521653136624,0.9999999956287259,-0.5413652651809104,0.004277695441689074,1.8669645352016044,0
AVGO,2017-06-05,19.730609785995743,19.946558888136025,19.435428082346352,19.591564178466797,39532000.0,-0.009156594716374509,0.026089331146441404,-0.007047202745713642,-0.002082272208830579,18.776860427856445,18.45584878921509,18.48044574304245,0.0615368819720721,0.8601698875427246,0.024448101871426757,0.498703674161687,0.014567078955517164,0.11820838709355631,60.828127365555794,0.46043646512327285,0.07143619556694164,1.4067840576171875,1.2838712296512804,1269716000.0,1.5596286102559445,5.531202230528196,0.9212227134454065,-0.4534809188489604,-0.001518025035679218,1.9179505998916044,0
AVGO,2017-06-06,19.479708091605186,19.834704342528255,19.468056628678397,19.719738006591797,29653000.0,0.006520988886051012,0.018592930268209837,0.012322048858978106,-0.005709400527832914,18.897109031677246,18.56762981414795,18.598473577666198,0.062049287030996526,0.9177460479736332,0.024291827509417125,0.510466582813906,0.014654491364698999,0.12161610593665091,60.828158973299175,0.5024306420772611,0.09074429801674383,1.2024860382080078,0.9443179465949075,1299369000.0,1.5100905863289222,5.564020188326489,0.9743016616954527,-0.44406692114511115,-0.0013353327481892626,1.8563050900504887,0
AVGO,2017-06-07,19.705746357584193,19.874310229861486,19.65059454619587,19.75235366821289,29290000.0,0.0016525939042077078,0.011326026624987901,0.0023651634279311744,-0.0007095250962729283,19.034912109375,18.66791410446167,18.708366919623025,0.05809109454339771,0.9632973670959473,0.024223350257602753,0.4732363294404571,0.01446963440834405,0.12613075308220476,72.30565730953003,0.5322081766055433,0.0964174660360208,1.378030776977539,0.9180969158024568,1328659000.0,1.6117654671073423,5.879682170598503,0.9893309395399857,-0.45213120499125786,0.0008372317142953833,1.90575657887574,0
AVGO,2017-06-08,19.80829044635697,19.8937384478911,19.6001094703624,19.804407119750977,28273000.0,0.0026318374177848824,0.014826446235171398,-0.00019604552015984957,0.002831904444587679,19.154150199890136,18.759653759002685,18.812751700587594,0.05569150548367683,1.0022148704528817,0.02417567913381538,0.4335088019737753,0.014345725143641087,0.13143369763287688,68.80557658217771,0.5536255154429277,0.09426784389872411,1.1923809051513672,0.8809174028936013,1356932000.0,1.6882825684804272,6.121531074915709,0.9999999946046252,-0.44849070175276473,0.0014666058724999995,1.8986333749955555,0
AVGO,2017-06-09,19.84790301958933,19.885965834560935,18.755728399367342,18.902542114257812,58191000.0,-0.04660807831772981,0.05979288011971405,-0.04763026622621903,0.0021962737675179605,19.17341423034668,18.807232475280763,18.821303168556188,0.0050677120651133655,1.0155680465698254,0.02669141974806381,0.4831122276766569,0.016220549405006876,0.12478536394528383,58.55235570949809,0.4921527119235556,0.026236032303481593,0.1926403045654297,1.698345316497073,1298741000.0,1.133415539632573,4.311059467016031,0.5115658289332471,-0.3910395075179456,0.00027730225459158186,1.9906714442937354,0
AVGO,2017-06-12,18.674171831167218,18.88468342284133,18.312961663935624,18.85050392150879,54872000.0,-0.0027567696474760386,0.030329255970184876,0.009442565477139226,-0.012081458764127778,19.18475513458252,18.833293914794922,18.82408419264691,0.0009138075783551278,1.0064715576171892,0.02636815699712554,0.4981479278642337,0.016467128651251422,0.12230351887158017,54.25516797480668,0.4342304862469355,-0.02534895469851084,0.11340904235839844,1.5364132344561776,1243869000.0,1.306655205046211,4.961973041568832,0.4833828624110539,-0.3587280574753394,0.0010287867522886908,2.111171713915998,0
AVGO,2017-06-13,19.028381920720857,19.257536641978497,18.772815845497302,18.871469497680664,30853000.0,0.0011115843859854637,0.02568537634464101,-0.00824623047884392,0.009436246370533682,19.20899028778076,18.848480224609375,18.828597078840602,0.0012196884197101688,0.9844026565551758,0.02623405863173679,0.515625852181026,0.01658933199344647,0.12148838323585737,56.55194533830033,0.38557379714936957,-0.059204515036861416,0.24235153198242188,0.8618541610798246,1274722000.0,1.3977436476089156,5.287038361390344,0.49473744834412386,-0.3659995718206212,0.004182757552662597,2.057837707049473,0
AVGO,2017-06-14,18.92040623297524,19.027604379750652,18.458989862234596,18.68503761291504,34509000.0,-0.009928155223260798,0.030431542552460094,-0.012439934800426784,0.002593159758999652,19.21722412109375,18.84793643951416,18.814924748752453,-0.008642793710359777,0.9500838851928712,0.026308029615391,0.5369874437979839,0.017020245698158097,0.12152535488543258,50.97540486726883,0.3281863969674177,-0.09327353217505063,0.08233833312988281,0.9424195294866243,1240213000.0,1.4874364129445015,5.416276110394628,0.3937692307820793,-0.3707650219324298,-0.0012594361703972949,2.106477944715011,0
AVGO,2017-06-15,18.358960181996192,18.68270243313425,18.35349948008251,18.56568717956543,27527000.0,-0.006407974202533684,0.017731794664555222,0.011260278109833405,-0.017451259005947267,19.25150833129883,18.878322505950926,18.79118783740131,-0.016560545891794176,0.9493303871154772,0.024665009885077336,0.5449663160893307,0.016586525153047753,0.11399126111988059,48.08433308230017,0.26996391043837065,-0.12119681496327817,0.34284210205078125,0.7557908869635886,1212686000.0,1.8248872591967,6.922308494027625,0.2351819626508939,-0.3007932438189994,-0.0013620523600292608,1.6761308330718856,0
AVGO,2017-06-16,18.639020170011065,18.678026253502278,18.34258137512755,18.42995262145996,35819000.0,-0.007337900784245128,0.018201071108675644,-0.011216659810010469,0.003949920610875658,19.117325592041016,18.87675380706787,18.756784483502134,-0.023669386693167767,0.9164939880371108,0.02395369562620963,0.5507274946927259,0.015534339787556974,0.11428129120243088,46.03444619341221,0.21044366239222967,-0.14457365040753534,-1.341827392578125,0.9765946105849778,1176867000.0,2.159822023202555,8.863861695350073,0.15137590276211688,-0.2674008281335556,-0.0003238362858465327,1.6614555874307475,0
AVGO,2017-06-19,19.097713572417433,19.097713572417433,18.74978660672072,18.81219482421875,28519000.0,0.020528119459898676,0.01849475665985807,-0.014950415240364157,0.036232374801654504,19.03938865661621,18.90812454223633,18.762061658808477,-0.005073465522852905,0.9095269775390626,0.024095148533216683,0.5851636730997534,0.01547287517335107,0.10886930813814114,52.207395369334776,0.19190502653749775,-0.13048982900981382,-0.7793693542480469,0.7853704478861446,1205386000.0,1.925352266979449,7.851685930149122,0.37263776395669157,-0.25804909747054217,0.008276720143075606,3.207792388798995,0
AVGO,2017-06-20,18.878511224473773,19.00722756867733,18.710788800261707,18.721710205078125,24429000.0,-0.0048214964235647716,0.015833957742646634,-0.00830579368511408,0.003525181451429953,18.939585876464843,18.918347454071046,18.75821866321511,-0.010393997116628013,0.8843869972229008,0.023823844299885384,0.576764208706016,0.015380707976729675,0.10750390343313458,51.413107348031886,0.16797535616102977,-0.12353559950902543,-0.9980278015136719,0.6690438826400242,1180957000.0,2.133432749411653,8.855626005621867,0.31542557995627263,-0.25417516855265565,-0.005812864877653251,2.482342511961404,0
AVGO,2017-06-21,19.001768907284347,19.183532944651162,18.872271386020184,19.121904373168945,34998000.0,0.021150679785042942,0.016277748930956355,0.006322330642349857,0.014959034144768386,18.87654094696045,18.955726528167723,18.792855397496428,0.00876663021417933,0.8780419349670403,0.02416148776996907,0.565030334819114,0.015438145735607828,0.10416118469380875,60.62391050846349,0.1792371109427151,-0.0898190757818721,-0.6304492950439453,0.9313328933642729,1215955000.0,1.8829173456770572,7.623917131636131,0.5684628651674004,-0.25319193713314375,-0.0010796018358426517,2.272048276782179,0
AVGO,2017-06-22,19.15231962391254,19.22252905109608,18.962754468102826,19.037643432617188,18666000.0,-0.004416251362704567,0.013645311919842308,-0.0059875875866387445,0.0015905973667702166,18.79986457824707,18.977007389068604,18.816168543698407,0.0031952373877221557,0.8565537452697747,0.024069397088911468,0.46578974524953687,0.015451365139887218,0.10268161588668304,36.732276258774796,0.17929616446334862,-0.07180801780899088,-0.7667636871337891,0.4952231369438157,1197289000.0,2.0184174094714984,8.142002466419807,0.515185827802592,-0.26447738801190346,0.0004102235121768051,2.218673178296129,0
AVGO,2017-06-23,18.998645001964466,19.25841966898536,18.940136631076456,19.132822036743164,34985000.0,0.004987039074196523,0.016635446518621876,0.007062452858832821,-0.0020484904442482515,18.822892570495604,18.998153400421142,18.846326019226478,0.007088511889168755,0.8200545692443839,0.024067278637891446,0.4520149046866249,0.015532178115486841,0.10192828670700146,41.44644768235679,0.1848917655341431,-0.05296993339055711,0.23027992248535156,0.9089173141149128,1232274000.0,2.0207002320158796,8.151479162156262,0.5753659541475522,-0.26610705690113534,0.001107038633290371,2.284094743074528,0
AVGO,2017-06-26,19.18977206890911,19.338771867017243,18.81610231688354,18.9370174407959,32103000.0,-0.01028669021126812,0.027600415508501074,-0.013171319965337542,0.0029765620595110613,18.831543922424316,19.008149528503417,18.854963297471183,-0.0037421889786499758,0.7796151733398418,0.024207028129388068,0.46315932156404244,0.015856134936359605,0.10111213453306575,35.76467696293162,0.17154901495239727,-0.05305014717784237,0.08651351928710938,0.813970588235294,1200171000.0,2.059921715469891,8.128589288587937,0.45156139290988334,-0.2687033832127169,0.0005307734239477742,2.294321015964623,0
AVGO,2017-06-27,18.828580583821125,18.877726897257684,18.350377877713072,18.358179092407227,33582000.0,-0.031043398970359154,0.028725562410242704,-0.024983375091389943,-0.005726184564902405,18.780214881896974,18.994602584838866,18.80765051603652,-0.03350549132333864,0.7311711120605437,0.025176964760128148,0.4890824558081288,0.01625139362396028,0.10430917596965376,28.846928413493657,0.11296517955447172,-0.08930718606061436,-0.5132904052734375,0.8469416835431225,1166589000.0,1.8831790423108186,7.043942386806522,0.08556984198072778,-0.22717144548980991,-0.00719917333372258,2.6945454853046815,0
AVGO,2017-06-28,18.456468287633236,18.85744142319571,18.293426948249845,18.804393768310547,24533000.0,0.02401535130965033,0.029993760053908913,0.01885114069856623,0.005353973001966219,18.792150497436523,19.004687309265137,18.807340349586426,-0.01053916529063603,0.6962383270263679,0.025774304940661623,0.5083957056236407,0.016488113439078442,0.10290953763105913,36.448227151199966,0.10137428346514454,-0.08071846571995325,0.11935615539550781,0.634976919224403,1191122000.0,1.6405222335229521,5.73277040558787,0.36770526327031483,-0.2803810804010404,0.008402147605843728,2.78867535794675,0
AVGO,2017-06-29,18.621073008597183,18.642134650510002,17.986847527819048,18.257543563842773,34513000.0,-0.02951221302149311,0.035891308162055865,-0.019522475659235428,-0.009748825831455376,18.76133613586426,19.006422233581542,18.754978750944176,-0.03940134866737819,0.6647159957885727,0.026219380611133925,0.48606062028777686,0.016560046333148223,0.10229674938270024,40.32866325562663,0.04751445644656016,-0.10766263419083011,-0.30814361572265625,0.9284426868964031,1156609000.0,1.557685939193221,5.335303781017107,0.0,-0.27157738543736804,-0.009849634550506277,3.4175988916061435,0
AVGO,2017-06-30,18.431504907582347,18.464269109754106,18.16548845177518,18.18031120300293,26534000.0,-0.004239134108806118,0.016434298317469568,-0.01362849673440375,0.00952818998521175,18.736371994018555,18.926848793029784,18.700248508283103,-0.0394433113402031,0.5605455017089831,0.01706093637091062,0.4652892065489725,0.015482890386054758,0.10238355513173931,40.02624877635719,-0.0013858750617394833,-0.12525037255930382,-0.24964141845703125,0.8023816831750531,1130075000.0,-0.5814107485875722,0.9959322479262186,0.0,-0.3206396995092592,0.0029310200006284915,2.4692819796553502,0
AVGO,2017-07-03,18.294209787883833,18.35115731527745,17.870614102188053,17.923660278320312,21123000.0,-0.014217563187831758,0.026810551269069546,-0.02025501585788,0.006264941430820522,18.64751853942871,18.84345359802246,18.626287724477123,-0.04881235355447541,0.4568317413330085,0.017175415187567114,0.4649908077352727,0.01550048622749826,0.10763074309997168,36.81939061783409,-0.06015588519179005,-0.1472163061514835,-0.8885345458984375,0.6570426083873012,1108952000.0,-0.531601570318293,0.8442144029548252,0.0,-0.3112032153164228,0.0026010102420844245,2.354206140000745,0
AVGO,2017-07-05,18.020398140497402,18.12415149392892,17.872957676638475,18.067983627319336,29699000.0,0.008019868329945433,0.01390270338587235,0.002640645696311664,0.005397215784886291,18.58214588165283,18.760865879058837,18.57311590570019,-0.03693231729477815,0.3566008567810037,0.017228801504767462,0.44231790057630044,0.015411027582702167,0.10469864339403825,41.31731510699815,-0.09400225406080409,-0.14485014001639804,-0.6537265777587891,0.9237377491765391,1138651000.0,-0.5343078764663272,0.8092960226640481,0.0767372540803342,-0.3434023253050356,0.0012256642569205651,2.4443596103763223,0
AVGO,2017-07-06,17.75204097547703,18.389385285722646,17.747359948356166,18.33555793762207,26334000.0,0.014700719633236766,0.035015315007075845,0.03287041544250695,-0.017486325998468985,18.503511238098145,18.690026092529298,18.550491337311797,-0.018965631881020087,0.2658115005493187,0.017709363275726635,0.46449555804301135,0.01606122336848038,0.09417707333161243,46.89147427425562,-0.09810385444330905,-0.1191613923191224,-0.786346435546875,0.8228577856520147,1164985000.0,-0.5454077728572791,0.5403611977600401,0.21900749640411823,-0.2959137780803893,-0.008726277827999134,1.63573372972679,0
AVGO,2017-07-07,18.35584209135459,18.737311593759777,18.353501577705558,18.692846298217773,24731000.0,0.019298668516711335,0.020532454486906503,0.018359506744630095,0.0011062741478348001,18.469031524658202,18.634448051452637,18.564048952636174,0.0031338865832007,0.18077659606933594,0.018406939643997467,0.4692318993117957,0.016177144292134005,0.07590047237875783,53.35055190307743,-0.07169773077019315,-0.07420421491680519,-0.34479713439941406,0.7770690630302266,1189716000.0,-0.5258038015589348,0.23459028212845146,0.6361316078499033,-0.19267254096737604,0.006580732342654396,1.7871127593787186,0
AVGO,2017-07-10,18.762274455728516,18.873829010471493,18.629656767898407,18.860567092895508,22499000.0,0.00893244553368126,0.012946177134599527,0.005238844434694464,0.0037141565496829642,18.441806030273437,18.632349300384522,18.592288775518018,0.012248471124561362,0.14805704116821516,0.015546838074806635,0.4389755629986252,0.014248167440610695,0.07557543518259933,50.65215869615983,-0.036812667567446056,-0.031455321371246486,-0.27225494384765625,0.7489331389349362,1212215000.0,-0.21685371114199417,-0.3232052216519526,0.7748399255107387,-0.20013126246613958,0.0011569009940318618,1.8198185920373366,0
AVGO,2017-07-11,18.878501691091408,18.925307475535533,18.67489347850488,18.79191017150879,20502000.0,-0.003646878105667735,0.013325627603151211,-0.004586779234583694,0.0009509045039613872,18.427295303344728,18.629419612884522,18.61130033704095,0.008722255545989323,0.11233762741088782,0.015556381939039222,0.43568807932827014,0.013753786783936697,0.07522848717770178,50.95204569833995,-0.014538453173720711,-0.007344885582016911,-0.14510726928710938,0.7238665532131241,1191713000.0,-0.20737517576283968,-0.3339329063677236,0.7180593332197087,-0.20486077194776625,-0.00014194921638470176,1.8298320138776885,0
AVGO,2017-07-12,18.956521848992878,19.28260615574952,18.80518300843617,19.223318099975586,27710000.0,0.02269755931803657,0.024835626429424745,0.014074114068353787,0.008759709682609267,18.513809204101562,18.64701204299927,18.669587743034725,0.03090608057410581,0.08930452346801943,0.016386319985144112,0.4377504539473911,0.013739800424666184,0.07966174739582003,51.363818178118606,0.037492842461720244,0.035749128042739234,0.8651390075683594,0.9838190000266277,1219423000.0,-0.23832704283649778,-0.6134669580398664,0.9999999923056672,-0.21121791451292235,0.006880690291481463,2.0162788230912176,0
AVGO,2017-07-13,19.277920928182272,19.492449130036473,19.23345564000431,19.292743682861328,20400000.0,0.0036050237153634405,0.013424399046362535,0.0007688979909497156,0.002840447623178838,18.56264419555664,18.677397346496583,18.728935927780114,0.032946042996226554,0.0840921020507821,0.016189157244162325,0.4384187715950793,0.013244210644644837,0.08534549249356346,53.44435051457852,0.08336905685117557,0.06530027394575565,0.48834991455078125,0.7428906457686184,1239823000.0,-0.3678784741561899,-0.4218470180952235,0.9999999926958432,-0.2144510676763183,0.001196088325019187,1.9923581308667313,0
AVGO,2017-07-14,19.39571724117755,19.53379561946899,19.334868360475944,19.52521324157715,14417000.0,0.011977566896481606,0.010188224652397932,0.0066765254784138615,0.005337424267326917,18.689411163330078,18.725373649597167,18.80477186242745,0.04271421262507338,0.09096683502196967,0.016227700017454636,0.43290226435927615,0.013099581047153157,0.09398041354840642,55.108649268990256,0.1369064653233636,0.09507014593435494,1.267669677734375,0.5378514295946992,1254240000.0,-0.5324709426897899,-0.3211711715132557,0.9999999937560604,-0.22966706218530636,0.0054470106000409765,1.9755486633443085,0
AVGO,2017-07-17,19.564220122878773,19.686696076511208,19.41365949702188,19.4261417388916,18746000.0,-0.005086945826388787,0.01405511104668571,-0.00705769936390782,0.0019977697973901074,18.813994216918946,18.77518310546875,18.863949945900227,0.0346712268753604,0.09932575225829865,0.01616302285720357,0.41507133788467804,0.013007452110461079,0.0981408385091274,56.53258670081367,0.16938840091698992,0.102041665222385,1.2458305358886719,0.7223571980432463,1235494000.0,-0.5546530892133166,-0.2574304572623444,0.9381403460641828,-0.21337357689917338,-0.0018334601731735468,1.9742654940833877,0
AVGO,2017-07-18,19.288842336642855,19.575140822848812,19.1952307337389,19.571239471435547,13003000.0,0.0074414433793539925,0.019411651953381882,0.01464043977952063,-0.007067764875506396,18.97875213623047,18.81313533782959,18.931310853094065,0.040296533224772536,0.09766395568847486,0.01565029702302152,0.4003049468866128,0.013039335508688412,0.10501790887160652,68.32425944961925,0.20448160660306058,0.10970789672676452,1.6475791931152344,0.5164972880218147,1248497000.0,-0.5566398873404134,-0.06245340778841991,0.9999999939304891,-0.20138599102792937,0.00018456889965484164,1.9258818319419935,0
AVGO,2017-07-19,19.658608169219992,19.85675422574554,19.545492808218665,19.84583282470703,25526000.0,0.013932937147303152,0.01568396852474396,0.009523800148015769,0.004464137180067754,19.15653705596924,18.869341468811037,19.01840818372387,0.05175015550980021,0.10663578033447507,0.015779196672454147,0.3822511570709707,0.013041089768646656,0.1153961303891639,66.59207217678835,0.2515508915855662,0.1254217453674161,1.7778491973876953,1.0117240449936975,1274023000.0,-0.7121557269033253,0.027017579767784752,0.9999999947975535,-0.16343303373355358,0.004627031992640076,2.0227183673783813,0
AVGO,2017-07-20,19.853639673759123,19.892644263417463,19.685917259954753,19.77016830444336,12135000.0,-0.0038199015606251805,0.010456512062756837,-0.004204335862106194,0.00039337472612246125,19.299998092651368,18.901754665374757,19.090004385697156,0.045943546193622634,0.09857896804809485,0.01523436334473151,0.33862121156891434,0.012931055198527257,0.12240690825543461,78.35628095919168,0.27952594354130156,0.12271743785852116,1.434610366821289,0.5037976838176528,1261888000.0,-0.6224065696785588,0.1059191572007925,0.9606359324961411,-0.15524653314734252,-0.0019214626755108162,2.1160079035092005,0
AVGO,2017-07-21,19.62194780584508,19.777187974231914,19.538476438144226,19.74520492553711,15504000.0,-0.0012634769805599355,0.012089595264623417,0.006281594510841516,-0.007497179402613809,19.405233955383302,18.93713274002075,19.152404437110487,0.042671305956572196,0.09844522476196005,0.01518331373287362,0.33433056000525446,0.012904764604256906,0.12843643291263576,79.9225320366753,0.2962668577985319,0.11156668169260117,1.052358627319336,0.647918107564268,1246384000.0,-0.6597328595430749,0.18618272104004505,0.9476488680292673,-0.14648819105130398,-0.000781985788921771,2.1132686478826446,0
AVGO,2017-07-24,19.759245630089737,19.789669327101848,19.634429165691152,19.738962173461914,13638000.0,-0.0003162154648753618,0.007864656711322032,-0.0010265299089490239,0.0007110943950988378,19.49307346343994,18.96743974685669,19.208267078667767,0.040676150102246636,0.09299234390259059,0.01517339175071128,0.31109462774249,0.01275315875201286,0.1334748148243961,88.38658516631835,0.3055087009080424,0.09664681984168932,0.8783950805664062,0.596546173496168,1232746000.0,-0.6033061334502092,0.14110760624277577,0.9444011096246159,-0.13847608615945683,-0.0023549934266303,2.0861514395703855,0
AVGO,2017-07-25,19.721024128574513,19.846620289816162,19.516636128422896,19.83803939819336,16123000.0,0.00500681849413029,0.01663390996476087,0.00593352904984096,-0.0009087633245236267,19.5976863861084,19.012490844726564,19.26824539481306,0.043421378070594124,0.10786815643310632,0.01492484797197637,0.31672250946412006,0.012416708254033498,0.13928463632513802,88.16002007392228,0.31717147681677105,0.08664767660033437,1.0461292266845703,0.7307842230743427,1248869000.0,-0.7741060584936574,0.5373419566350938,0.9959455063033873,-0.2808057840467662,0.004695102285061832,2.037013754394717,0
AVGO,2017-07-26,19.868461767047425,20.141498369787193,19.863001064751224,20.04944610595703,19971000.0,0.010600251414862526,0.013890523629693593,0.00910912686349401,0.0015335370720574227,19.68029918670654,19.097054195404052,19.342645462541057,0.049871142444758466,0.1627974510192871,0.01282668350606766,0.29253919762321673,0.011966388460956866,0.1428035300613506,87.86616329972676,0.33955884230114464,0.08722803366776632,0.8261280059814453,0.9340077307835306,1268840000.0,-0.7487621343575351,1.161711890126472,0.9999999952958573,-0.10679929628772371,0.0007611034478180338,1.6965712630542602,0
AVGO,2017-07-27,20.143053356864456,20.164897649247187,19.420678483974932,19.576698303222656,32010000.0,-0.023861530834067998,0.03801556081443973,-0.028116643655100488,0.0046688197974513,19.708694648742675,19.135669422149657,19.36493620927264,0.023047475952528228,0.18379697799682404,0.013390715053459824,0.3170010197042559,0.012331583334446127,0.14343689985461713,68.57966803568956,0.3155171091456914,0.050549040409850476,0.2839546203613281,1.4713250198796641,1236830000.0,-0.7836441451406768,0.5106335655222303,0.7776126812191304,0.06869610704416042,-0.0018330221378937196,1.6892779020332604,0
AVGO,2017-07-28,19.418340605001447,19.589962875833052,19.30756572970653,19.531455993652344,31919000.0,-0.002313703142804861,0.014458581381424716,0.005825183052124995,-0.008089091212849769,19.709318923950196,19.199365043640135,19.38079523635642,0.017296975659580216,0.21602279663085966,0.011281758461392972,0.31973136995807294,0.011522965436773527,0.13729075859824558,64.86854417555547,0.2894762837260316,0.019606571992152544,0.0062427520751953125,1.4759412194467814,1204911000.0,-0.4766594526103256,0.4483744686334925,0.7563300530402686,0.03307864208249168,-0.0018320634862845277,1.133286043436898,0
AVGO,2017-07-31,19.579046797839798,19.693723055897756,19.148429421449453,19.242042541503906,18902000.0,-0.014928692952371363,0.028338656511581413,-0.017212495564439274,0.0024366234756344244,19.690909004211427,19.252451610565185,19.367580693989517,-0.0005406620032827285,0.25349504470825224,0.011892421258962527,0.34079420120219084,0.011924669793254567,0.12752138441045965,59.08688384136986,0.24268793960789026,-0.02174541770079108,-0.1840991973876953,0.8897319789499445,1186009000.0,-0.4543338321035464,-0.03726339457708779,0.6201858342650676,0.02036132769806731,0.00010762477038399093,1.2613170936561653,0
AVGO,2017-08-01,19.364509032776557,19.502587387188154,19.265435257967603,19.376991271972656,17582000.0,0.0069887444823239055,0.012238852036909605,0.0006445936309836827,0.00636452658331347,19.671484184265136,19.325118160247804,19.368476939511723,0.002684232575856323,0.3023173713684102,0.011219798953061771,0.3243548341624421,0.011497805694352572,0.10933928660545457,53.52402120067614,0.21402987140904628,-0.04032278871970807,-0.19424819946289062,0.8345536144449635,1203591000.0,-0.6486782633247002,0.7279672870068915,0.6606270127037811,0.027168723437716563,0.0014420770691241302,1.410297195013683,0
AVGO,2017-08-02,19.8614374474157,20.070506431688568,19.585282182494407,19.764705657958984,36970000.0,0.019811459267712876,0.024550036683863654,-0.004870331750363734,0.025001104074591697,19.66337146759033,19.409954261779784,19.40621300793527,0.018276776504052586,0.3622043991088866,0.011754809074869983,0.3546679862806581,0.011810492285183206,0.09180683587274886,59.444323218505794,0.2200666650480727,-0.02742879606454532,-0.08112716674804688,1.725063109219778,1240561000.0,-0.5875428738281993,0.3784948258673959,0.8338628729707024,0.028682552310975364,0.0005001117044066302,1.3900972836564718,0
AVGO,2017-08-03,19.72179998732057,19.736621253995434,19.286501721129166,19.52521324157715,23447000.0,-0.012191187423993114,0.023053245414869365,-0.009967992058033712,-0.0021708226462324102,19.63887596130371,19.469437026977538,19.41754636352021,0.002864808802312939,0.39866935729980213,0.012057652405056131,0.371607414867955,0.011238856053831757,0.07539868298869401,49.999997206343174,0.20318365630690138,-0.035449443844573325,-0.24495506286621094,1.1014833170869196,1217114000.0,-0.3612667926663819,-0.07579941548616682,0.613568520705314,-0.14191790638324753,-0.0016949263411978983,2.9502637134688063,0
AVGO,2017-08-04,19.560315440835378,19.57825838148119,19.355928994535454,19.43783950805664,13454000.0,-0.004484960690384932,0.011437968028247512,-0.00626144977500896,0.001797788266070393,19.608139419555663,19.506686687469482,19.41947904395225,-0.003529414322411455,0.41940275192260756,0.011535158125461171,0.3679854725434128,0.010997252211054808,0.06534037493195584,50.23451742881249,0.1806707601028421,-0.04636987203890608,-0.30736541748046875,0.6492334567073138,1203660000.0,-0.24650542667028597,0.10859425477958654,0.5136468181283361,-0.14873670087513693,0.002593103461148356,2.8010771326486026,0
AVGO,2017-08-07,19.45500597891179,19.728042577776627,19.416781063380878,19.69293785095215,18730000.0,0.013038430310348249,0.015805742982256062,0.012229853446252692,0.0008831470621018875,19.603536987304686,19.548305225372314,19.445522739857005,0.007398729651413694,0.441360569000242,0.011702992770217137,0.36308200292097254,0.011065388782539928,0.05771775102616667,52.33677437105262,0.1813232504291875,-0.036573905370048565,-0.046024322509765625,0.9121257204356576,1222390000.0,-0.2574834675081785,-0.026669554934595295,0.7165025249745011,-0.15884647229047152,0.001579620717073724,2.834000351411959,0
AVGO,2017-08-08,19.6570511789838,19.837255819321108,19.535354905907468,19.608684539794922,20439000.0,-0.00428752988301371,0.01539628589806638,-0.0024605236423244975,-0.0018223117464728066,19.580601501464844,19.58914394378662,19.46106195889871,0.0009975216913204752,0.4647674942016593,0.011720686077250197,0.36241339548431284,0.011112361080880496,0.04468464196193244,45.0873265551292,0.17304703711188196,-0.03588009494988331,-0.2293548583984375,0.9955044249511715,1201951000.0,-0.24990820460615906,-0.04893490065245794,0.46647303125474826,-0.1473115792232771,-0.0024448812272468423,2.754220627651647,0
AVGO,2017-08-09,19.46592268756979,19.530671423380653,19.309123199370404,19.43783950805664,21256000.0,-0.008750900427334564,0.01139778028337168,-0.0014426842204945047,-0.007280542044286698,19.519440841674804,19.599870014190675,19.458850296913752,-0.008266917379250557,0.4593191337585445,0.010876984321520296,0.36904441955301337,0.010700308111153137,0.041788837183593254,43.37678722534176,0.15096211489142775,-0.046372013736270035,-0.6116065979003906,1.0518294191581796,1180695000.0,-0.28951104733342264,-0.10280709354429007,0.24250198134848813,-0.15865139450168592,0.00034494501815671125,2.536835482348417,0
AVGO,2017-08-10,19.242036609538264,19.268560442704388,18.758371699567043,18.777873992919922,29033000.0,-0.034542394982307864,0.027169675494574705,-0.02412232269358815,-0.01007328507045342,19.43955841064453,19.574126529693604,19.3939954108191,-0.04067882851165762,0.43007215499877915,0.013304090148115946,0.400527010438864,0.011147022191804709,0.05476772848120511,34.61536440628659,0.07929192544978036,-0.09443376254233393,-0.7988243103027344,1.4066205593439993,1151662000.0,-0.7104636649337975,0.6265933958641052,0.0,-0.026180244186313664,-0.01471171491658177,2.3624469907877015,0
AVGO,2017-08-11,18.726387314258453,19.1312618910073,18.62107463172617,19.04779052734375,16976000.0,0.01427185057254541,0.02678458996495637,0.017163118946543755,-0.00274188008082713,19.39119186401367,19.550255393981935,19.361023517154784,-0.025701191941249243,0.3897021102905285,0.013436051016014125,0.42588037457246636,0.011642258536221558,0.05989002364505048,39.85806792711655,0.043768259254953534,-0.10396594298972861,-0.48366546630859375,0.8174035303974341,1168638000.0,-0.6832487393329324,0.5568831301123944,0.2122699369809564,-0.166709082775996,-5.689986742951289e-05,2.399875902354693,0
AVGO,2017-08-14,19.257638771666734,19.60010362100539,19.190549514570296,19.573579788208008,16736000.0,0.027229574888699048,0.020923822349174327,0.0164060101097155,0.011016933644967369,19.424345588684083,19.557627296447755,19.381266971540807,0.0008156660064277465,0.4010380172729491,0.014846673118504185,0.4417610125916358,0.011834960733190871,0.05957350711741489,46.551311608338565,0.05738084633074436,-0.07228268473115024,0.33153724670410156,0.809765963314737,1185374000.0,-0.4488880114695522,0.3685122054382827,0.6257653662519497,-0.02046578755193979,0.011584553676642871,2.380333158008256,0
AVGO,2017-08-15,19.745983853271714,19.81931348942724,19.601665094275038,19.790449142456055,20942000.0,0.01101876786341885,0.010997648081432866,0.002251864961109801,0.008807998686452318,19.465691375732423,19.56858777999878,19.420236702104162,0.011337627673401424,0.40802080154418974,0.014957624369723616,0.4376377789934501,0.01163350305012824,0.06048588410980477,46.62735232676157,0.08469218530357381,-0.03597707660665664,0.41345787048339844,0.9941774489488308,1206316000.0,-0.46437087636471647,0.2951021295571305,0.7963175121499435,0.02979585963370042,-0.000535007684945558,2.3626475634142454,0
AVGO,2017-08-16,19.839593826092134,19.872359521868244,19.64378825407664,19.769384384155273,15394000.0,-0.001064956973464763,0.011561880897979835,-0.0035388548030220158,0.002483252567050147,19.46615924835205,19.56476535797119,19.453488862299505,0.010458547410901143,0.40320545196533075,0.014624789391549748,0.4008057863162607,0.011543407385871134,0.05982415776892342,52.84366388046608,0.10344442531466669,-0.013779869276451015,0.0046787261962890625,0.7488064286252827,1190922000.0,-0.36936365959254647,0.4897231115799263,0.7797515951098084,0.04039484813166306,0.0017622092123204328,2.3074307818793347,0
AVGO,2017-08-17,19.736618336416416,19.834131275801735,19.241253913716854,19.26465606689453,22793000.0,-0.025862372633077044,0.03077539301601967,-0.02391302609383332,-0.0016574136605446454,19.44010353088379,19.53948974609375,19.435504786546648,-0.014065550463696565,0.3876837921142595,0.015683639182334466,0.4229829445990005,0.01216104020134051,0.060544278758015546,46.53278857282154,0.07669426981178518,-0.03242401982346603,-0.2605571746826172,1.0807004900206008,1168129000.0,-0.3171031335906475,-0.14113778852740938,0.38281908289397376,0.043322025875467976,-0.016011839391761967,2.0480525770048166,0
AVGO,2017-08-18,19.294302025126022,19.618045730665486,19.20069042713765,19.45344352722168,20126000.0,0.009751974320034567,0.021454057875628985,0.008248108783926685,0.0015388781470350903,19.441663932800292,19.52490167617798,19.43721323803951,-0.0036598467999911116,0.3801149940490731,0.01587436455855929,0.4138444923903956,0.01239235432242959,0.05987121090265883,52.82104966125901,0.06992213034347117,-0.03135692743342404,0.015604019165039062,0.9439054875117537,1188255000.0,-0.4026708133999444,-0.2256845933436459,0.5312868393875934,-0.0166426874625201,-0.002018679164415581,2.0253183675753763,0
AVGO,2017-08-21,19.650031051125946,19.650031051125946,19.20459251420805,19.47294807434082,20693000.0,0.0010021246742351754,0.022874735504281322,-0.009011842079753904,0.010105538571059513,19.41966495513916,19.511600971221924,19.44061655578249,-0.001981021286684946,0.3554061698913564,0.015878448139562427,0.42705118462137065,0.012725303847665926,0.059044371494613335,51.32120642460245,0.06537540796220753,-0.028722919851750156,-0.21998977661132812,0.9547031575839219,1208948000.0,-0.416140466169978,-0.22068698977208048,0.5466257625723473,-0.013285939416689214,0.0014318858526403896,2.0232319226621334,0
AVGO,2017-08-22,19.64534940675985,19.985473731346286,19.580600665093783,19.90746307373047,26917000.0,0.022068466085961073,0.020337752959762517,0.013342275640412168,0.008853376066164244,19.449542808532716,19.51507215499878,19.485078128920396,0.02010706982859437,0.33773817062377987,0.016650317261151154,0.41412336299919594,0.012822543961739834,0.05996119108012553,51.940584134695804,0.09573030738161847,0.0013055836541286253,0.2987785339355469,1.2116860609061644,1235865000.0,-0.38480857092364334,-0.4617437746236343,0.8883405513110492,-0.017774426349082526,0.00917445516741795,2.0999218781445546,0
AVGO,2017-08-23,19.80838896998432,20.19766105961403,19.767043875746342,20.04241943359375,27928000.0,0.006756308893217906,0.021485289492099168,0.011814714656800628,-0.00497673176030571,19.510000801086427,19.514720821380614,19.538158253175002,0.027041053611413766,0.31396783828735053,0.01654570982056167,0.4107243092161867,0.013011417360204738,0.059824506286016634,57.23634792487621,0.12918744181746433,0.027810174471979587,0.6045799255371094,1.2350772918338866,1263793000.0,-0.36390644439716674,-0.4147439366466037,0.9999999920920202,0.06656641047375308,-0.0021124465108122393,2.0649226113840404,0
AVGO,2017-08-24,20.178940204715513,20.232767543386927,19.588401805336265,19.896541595458984,52119000.0,-0.007305071694163452,0.032385816129666935,-0.013994719556708385,0.006811591363712106,19.62186756134033,19.53071298599243,19.57229000005919,0.01873093980448229,0.30572992324828974,0.015696936529881064,0.4408697628665385,0.012754844437241222,0.06225100485773255,56.31443081908285,0.1422910963326096,0.032731063189699885,1.1186676025390625,2.206767776846276,1211674000.0,-0.40445403916653727,0.028058670454432524,0.8846400909852368,0.040114958665838245,-0.0026134281372768935,2.0399553533311856,0
AVGO,2017-08-25,19.678108959763165,19.845831313182757,19.017361271399356,19.158559799194336,69099000.0,-0.03779632479357657,0.0432428141798953,-0.026402392697751277,-0.010978422287503104,19.63294448852539,19.51206817626953,19.532887123786345,-0.018117422187154644,0.27522766113280994,0.01785313222052604,0.4814353921282442,0.013844663388248028,0.06460307492944975,43.50703498932998,0.0920655986429324,-0.013995547599981867,0.11076927185058594,2.7122323054700734,1142575000.0,-0.5135395027513147,-0.24730687241311472,0.3010455702256974,0.08643810747148761,0.0018378607909907525,1.9008698947331868,0
AVGO,2017-08-28,19.271681790592464,19.318487595041418,18.91751434882845,18.976022720336914,34174000.0,-0.009573382526658758,0.02113052096907178,-0.015341633040374303,0.005904514357226615,19.57318878173828,19.498767185211182,19.479852418695923,-0.02680910334693632,0.25100526809692525,0.017672968932089084,0.4885119873281961,0.013615784513687543,0.06816419077356706,42.4921545516517,0.03710459446276104,-0.05516524142412259,-0.5975570678710938,1.3023429520891445,1108401000.0,-0.5572016078441162,-0.0958720072057169,0.15669561525954348,0.15460168992211443,-1.6459000792869232e-05,1.9070822344160574,0
AVGO,2017-08-29,18.823121620294582,19.07977610209013,18.72482898434596,18.857446670532227,33536000.0,-0.006268335416833246,0.018822649946060963,0.0018235577983197156,-0.008057594697041814,19.4798885345459,19.47278995513916,19.42057568077557,-0.03160016031131343,0.2241230010986328,0.017623124547147907,0.4924681142795997,0.01374952726185873,0.07422435306154564,43.02591669774507,-0.0158379238333346,-0.08648620777617458,-0.9330024719238281,1.240323839323029,1074865000.0,-0.44305575387606233,-0.15243944367109885,0.06292591347341722,0.13903878622829385,0.0017858202959320777,1.8658257787242198,0
AVGO,2017-08-30,18.84418448902925,19.217074545793764,18.791136820126297,19.192110061645508,21924000.0,0.017591375570431455,0.022193376553042425,0.018463286253336233,-0.0007032861730799153,19.422161102294922,19.444160175323486,19.39881705038223,-0.012962766778080033,0.18608522415161133,0.01748651226735849,0.47435882264944745,0.013686065851570988,0.07399085715687728,55.399648011035104,-0.03043982094137121,-0.08087048390736895,-0.5772743225097656,0.83406249762229,1096789000.0,-0.4619406249085059,-0.11730636176946502,0.3275770503186385,0.16649724518995287,0.006034434953071554,1.9030595142887847,0
AVGO,2017-08-31,19.238917380899597,19.699958344202763,19.155446013738466,19.664073944091797,29491000.0,0.024294052907758955,0.027690718196825746,0.022098777938165462,0.0024388834319802773,19.46210289001465,19.45110321044922,19.424079611687905,0.010949031076997164,0.18218486785888643,0.01820559860113102,0.4768106134482452,0.01385201308043037,0.07457622497823538,57.631395210454315,-0.003883620691933487,-0.04345142692634499,0.3994178771972656,1.1091845945539336,1126280000.0,-0.5657461251093576,-0.14114225717008402,0.7008051396647331,0.22632928372651556,0.00552293191131709,1.985310742242551,0
AVGO,2017-09-01,19.684354147272387,19.91916579705339,19.682013634094563,19.715559005737305,23242000.0,0.002614808068204192,0.012028680635914491,0.001585261991102155,0.0010313327359452657,19.48831443786621,19.464989185333252,19.451839553978324,0.01287284662167329,0.18251253128051914,0.018172380383781085,0.45558052482681355,0.013860482827799926,0.07549939981715877,51.992123444318814,0.021073847334953655,-0.014795167119566278,0.262115478515625,0.8583541994430777,1149522000.0,-0.6326171856917855,-0.05875640807439413,0.7415194229022976,0.23579855505480934,0.002572816947558069,2.0071035804572888,0
AVGO,2017-09-05,19.511959594737533,19.7155679665238,19.2701277834393,19.428489685058594,24306000.0,-0.014667591978571759,0.02292716469864317,-0.0042778845062119075,-0.010326839372929948,19.48386859893799,19.451766777038575,19.44961575693835,-0.001196656953315498,0.1633767700195321,0.018243896926888745,0.4698452735314755,0.014034591400761841,0.07474925044857132,45.01942233054137,0.017487144597204463,-0.014705495885852377,-0.04445838928222656,0.8885005958429896,1125216000.0,-0.42488267084277526,-0.2975263729178377,0.5145055812679438,0.2387366661198955,-0.006466579735137727,2.0024854408223485,0
AVGO,2017-09-06,19.55017723399298,19.6047842486829,19.323166797556688,19.4542236328125,13996000.0,0.0013236705628492797,0.014475902832044297,-0.004908068094879406,0.006263356076924958,19.43854465484619,19.444043731689455,19.450054602259698,0.0005235485611060933,0.14530960083007827,0.01822610503949775,0.4736342866268046,0.014017980009151946,0.074393556601936,45.66893954414266,0.01653061669360767,-0.012529619031559337,-0.45323944091796875,0.5177174711151306,1139212000.0,-0.47679314156199426,-0.25070749145693394,0.5348559354131377,0.22740513315946084,0.0035107383587828405,1.9811451003118654,0
AVGO,2017-09-07,19.486212636310523,19.502594744475246,19.200695256326803,19.23345947265625,16088000.0,-0.011412756653266382,0.015696577540856894,-0.012970871674343978,0.0016443217730913854,19.357648658752442,19.433824729919433,19.429426494678417,-0.010310129886661391,0.11758499145507884,0.0182999793507033,0.45285015277420193,0.014090631445011985,0.0750623666482769,49.53499008581202,-0.0020179990460960084,-0.024862587817010413,-0.8089599609375,0.60084442394489,1123124000.0,-0.4543213070338576,-0.3135842287484505,0.3602760814121501,0.19515366081813335,0.004043536952214705,1.8982394058968697,0
AVGO,2017-09-08,19.184300779818255,19.221746002366178,18.964311957260527,19.043102264404297,18094000.0,-0.009946493049025118,0.013518493016322557,-0.007360107462915543,-0.002555894476907962,19.272304725646972,19.447086143493653,19.392633710842787,-0.02077349150925527,0.12607223510742216,0.0166967700311473,0.4422638821933368,0.013741849150269908,0.07071565069092249,43.88642518865973,-0.031712583556892326,-0.04364573786224538,-0.8534393310546875,0.6898550061573769,1105030000.0,-0.37369140173184784,0.030881872766135545,0.1566749870483574,0.3329767707489914,-0.0015019760874919734,1.7933005927227599,0
AVGO,2017-09-11,19.274803295825418,19.365294722332145,19.19133192210424,19.326290130615234,16878000.0,0.01476140176901377,0.009001355095167108,0.0026711989727156217,0.012167189368836224,19.289077758789062,19.461011123657226,19.38631527463064,-0.00692261014172052,0.1186222839355473,0.01671832519152812,0.43346059083690464,0.013309069529418455,0.06828516791673205,47.97415067992763,-0.03202568940400141,-0.03516707496748357,0.16773033142089844,0.6436138164568062,1121908000.0,-0.37365384429650633,0.02004762847502413,0.3956575802764589,0.24298485941246412,0.01095371463018117,1.7725387497513265,0
AVGO,2017-09-12,19.47606907465636,19.482310939986828,19.151545642943056,19.279483795166016,18396000.0,-0.0024248372004489972,0.017156335739400983,-0.010093683619412529,0.007750010117247259,19.319423866271972,19.44630632400513,19.37614084801496,-0.00857862290009263,0.08193403244018782,0.015493576675120298,0.420477707982498,0.013205204050940186,0.06859628319567145,40.28485294177847,-0.0356398738567556,-0.03102500753619021,0.30346107482910156,0.699286876396977,1103512000.0,-0.4467368535580704,0.3535287294552231,0.3561576554568457,0.18181069583935044,0.0031479820246457222,1.6024268361849636,0
AVGO,2017-09-13,19.176506270637756,19.33954762888777,19.12423828464989,19.209270477294922,29664000.0,-0.003648514849923425,0.011208616401142705,0.001708559743765622,-0.005341300919793288,19.354606246948244,19.41724739074707,19.360248431755906,-0.01071093699121061,0.027162895202639703,0.015255249700204728,0.40509857658036885,0.013207529734113368,0.06740022684377517,36.847301708604746,-0.043666409838159836,-0.031241234814075557,0.3518238067626953,1.1092289916202052,1073848000.0,-0.334009725067117,0.4786616085112598,0.29690454899964924,0.18466938164958333,0.0011029626522248883,1.6400684369438103,0
AVGO,2017-09-14,19.082892102624953,19.308341673284193,18.975237436633645,19.26465606689453,28645000.0,0.0028791253107611926,0.01729095164330829,0.009524969443668645,-0.006579030412391044,19.361860847473146,19.392010974884034,19.351144397007204,-0.0065673904624319315,-0.022006969451904723,0.015285032719490608,0.3828656121946464,0.013322413726626096,0.06557865419787419,39.731197319255216,-0.04503915982888529,-0.026091187843840805,0.07254600524902344,1.0452300546059266,1102493000.0,-0.3738418084940264,0.47035467237154277,0.34364451708896987,0.19829452530845496,0.002312119855665982,1.6451645790186147,0
AVGO,2017-09-15,19.317705877986857,19.595421974682854,19.12111913939309,19.545495986938477,50066000.0,0.014472750413854948,0.024266605225268023,0.011791778499603113,0.0027537377728476145,19.350003051757813,19.40605297088623,19.369654072238756,0.00718554237637042,-0.03216373443603615,0.01453487661345389,0.35394579156822736,0.01310362583390344,0.06558909699258952,57.385450430087886,-0.023198224919777743,-0.0034002023477866065,-0.11857795715332031,1.7402699424034809,1152559000.0,-0.5482594078671382,1.1116969496158373,0.5806456756205374,0.2849681726553499,0.0034537290801665167,1.918876537707474,0
AVGO,2017-09-18,19.664562598485528,19.803989796718433,19.47343958874374,19.568218231201172,25743000.0,0.001161855746659765,0.01689219753685667,-0.004899390299318537,0.006091767209520756,19.3352689743042,19.411791706085204,19.38856494452089,0.008058324929704886,-0.043932437896728516,0.014381683485150397,0.34891557455120775,0.012979805567105143,0.06596714941677799,62.03762440334958,-0.004009413412539686,0.012630887327561159,-0.1473407745361328,0.8861633152552755,1178302000.0,-0.4800528249330132,1.2234397821480056,0.5998210058722103,0.28215349310502896,0.004295026801516849,2.1449967707183113,0
AVGO,2017-09-19,19.673965299657883,19.72722833643888,19.451509838363197,19.563520431518555,22088000.0,-0.0002401017621873143,0.014093501162016906,-0.005613757389574719,0.0054040213169791644,19.348772048950195,19.416320323944092,19.405227371854004,0.007581256646097047,-0.05346288681030131,0.014381594688622571,0.3432563874320303,0.012750160417659683,0.06627057224457329,65.04916183739351,0.010695493786965216,0.02186863562165285,0.13503074645996094,0.7585242979838388,1156214000.0,-0.46566955677263455,1.2134625536384849,0.595856526865254,0.2984069750190869,0.001382381541261005,2.148479496166908,0
AVGO,2017-09-20,19.561945726046826,19.572911772174447,18.63139304746111,19.02695655822754,57010000.0,-0.02780988968240805,0.04948341167107863,-0.02734846395333065,-8.049192767942663e-05,19.3060453414917,19.372294998168947,19.369201580080055,-0.017826408269943476,-0.10218914031982251,0.014677745679080631,0.38008360164959243,0.014101098584876215,0.06421601713548306,46.75888514832043,-0.02070826959603167,-0.007628102209075227,-0.42726707458496094,1.8615905317174073,1099204000.0,-0.4595348215007571,0.7794393424024416,0.14304960548364565,0.24369079128059776,0.0004302455262996629,2.080669274056636,0
AVGO,2017-09-21,18.991709923836606,19.010509075054017,18.656461132814524,18.828784942626953,28620000.0,-0.010469927045552626,0.018803546969720798,-0.008578742081531952,-0.0018524578159974977,19.26557788848877,19.311613273620605,19.317733328894047,-0.025001967671088813,-0.15498020172119098,0.014630308319888707,0.367653822717358,0.014029931082652087,0.06030242791198369,31.63391097192725,-0.0608849279685586,-0.03824380846528173,-0.4046745300292969,0.9334957655105602,1070584000.0,-0.2917476295779798,0.7198415348117656,0.0,0.28284445394917496,-0.002347049979651226,2.345982035002243,0
AVGO,2017-09-22,18.66899216092925,18.857766527800734,18.6517602288377,18.73948860168457,23100000.0,-0.004753825538629866,0.010993165461014,0.0037761246086489525,-0.008486622062156786,19.235216522216795,19.253760623931885,19.262662402493145,-0.02671021168410016,-0.20176774978637724,0.014602385783488202,0.36414771171746096,0.013421018140498571,0.05892840318361233,28.889470171711537,-0.09879187636445153,-0.060920605488939725,-0.30361366271972656,0.7908792111750202,1047484000.0,-0.3210114767565995,0.7651534273353128,0.0,0.296102128657313,0.00039205017759929287,2.4610438856170416,0
AVGO,2017-09-25,18.57891541683619,18.627479768847852,18.135571856680976,18.447322845458984,38692000.0,-0.015713730576005808,0.026665544698335986,-0.007082898455263249,-0.0085687068767686,19.147319793701172,19.218198776245117,19.18501101610894,-0.04011176798409773,-0.21577178955078224,0.012607072926278653,0.37546746614025345,0.012658959276985926,0.06992773109996717,28.825922787664084,-0.15067188912151153,-0.09024049459679978,-0.87896728515625,1.3974461537905885,1008792000.0,0.32403650109007803,0.17300922557464105,0.0,0.25956859539185145,-0.0018197308552653786,2.4922519681208115,0
AVGO,2017-09-26,18.632957945221854,18.79510003049713,18.43165184122877,18.585176467895508,39010000.0,0.007445042151913357,0.01955581049771748,-0.0025643527689577276,0.01006298319371397,19.077889060974123,19.198656463623045,19.12788391627909,-0.031954319124903104,-0.21849479675293182,0.012632726118286319,0.3813125188646926,0.012617130087693615,0.0752589644823671,32.11119642109158,-0.17860469403171564,-0.0945386396056031,-0.6943073272705078,1.3967335554405829,1047802000.0,0.1339658669596172,0.07215054247070854,0.10869712256059597,0.19609009907728295,-0.0003943986533826595,2.332919489001276,0
AVGO,2017-09-27,18.759854568656422,19.00815783034641,18.687790911067527,18.844449996948242,26489000.0,0.013854141788113465,0.017000598009533734,0.0045093861435400685,0.00939878623496837,19.04140701293945,19.198006629943848,19.10089020967615,-0.018416319966260808,-0.20460884094238452,0.012990390036133587,0.38996122417201107,0.012571519231352463,0.07539845096650834,42.1174453320023,-0.17777120047247053,-0.07496411683708638,-0.3648204803466797,0.9605433493732114,1074291000.0,-0.044057893328901004,-0.2188021153064454,0.3131334374433639,0.27434766985529896,0.004706498202339368,2.4126098987274256,0
AVGO,2017-09-28,18.760640551647445,19.062208371025854,18.759857689351225,19.02931022644043,21932000.0,0.00976199334019729,0.01588868319018931,0.014320922247304767,-0.004447433876519085,19.017872428894044,19.189866638183595,19.094073068415607,-0.00836672889326007,-0.19641838073730256,0.012534386053592583,0.3923328789062186,0.012393273759300855,0.07584008432369206,49.71990324774402,-0.16034561085291443,-0.04603082177402423,-0.23534584045410156,0.7952860121475838,1096223000.0,-0.08053000667464004,0.009814756510523284,0.4588951132451344,0.18936068649118856,0.0021632673804872363,2.285725643665654,0
AVGO,2017-09-29,19.02930298913119,19.134263269362293,18.917290974867992,18.997970581054688,17319000.0,-0.0016482720728673514,0.011420814315633474,-0.0016465347195287142,-3.8032430785310195e-07,18.963119888305663,19.15656147003174,19.08492045057171,-0.008278671991440785,-0.21427959442138445,0.011074446354673726,0.38481715294667956,0.011906740174824978,0.07272762490655377,42.5725911437225,-0.1473658116563641,-0.026440818061979093,-0.5475254058837891,0.642184145441601,1078904000.0,-0.38817181973460285,0.08297628452209138,0.43418390714630145,0.16289746781680123,0.002974108842830526,1.9956978582588978,0
AVGO,2017-10-02,19.214947468650944,19.214947468650944,18.779437051561857,18.835834503173828,19431000.0,-0.008571015793570901,0.023121376267374323,-0.019730106777462456,0.011421056089676876,18.88988151550293,19.112575244903564,19.061197979390958,-0.014479510899962808,-0.24007841110229577,0.011128177841469742,0.39229894723563064,0.012192703140419805,0.06885677710211807,40.46128416682561,-0.14845100298111547,-0.02202080750938437,-0.7323837280273438,0.7256234980870737,1059473000.0,-0.23249381510680056,-0.05581155802219658,0.3466083090274409,0.19258931509779662,0.0033331044995732,1.920396125028688,0
AVGO,2017-10-03,18.805285181900846,18.873431543185326,18.633744238390825,18.759855270385742,25611000.0,-0.004041917394557037,0.012776607346491867,-0.0024158055063514677,-0.0016218724616546515,18.80951499938965,19.079143524169922,19.03249867377141,-0.016734936409087138,-0.2539279937744148,0.010756552639449354,0.3940402301325321,0.011924348381417815,0.06901525077512538,40.361212206415225,-0.15367049620176587,-0.021792240584027817,-0.8036651611328125,0.9540821648363107,1033862000.0,-0.33266605772257213,0.38674963515577465,0.2788238992808229,0.22288792469398264,0.0014145370735562717,2.1112329518847828,0
AVGO,2017-10-04,18.70345459856002,18.98152301922322,18.603975838446438,18.95567512512207,23271000.0,0.010384136841725627,0.01991736923562508,0.013485237451621274,-0.003006455594290106,18.802386856079103,19.0542160987854,19.025182145328614,-0.005171609952397606,-0.2612081336975116,0.01107937428717194,0.3972147261415489,0.012070369175511176,0.06675176243885496,43.74967438574011,-0.14038765494322902,-0.0068075194603927636,-0.07128143310546875,0.8521881471471963,1057133000.0,-0.3659951050839773,0.11272176015471319,0.4535233899560151,0.22280038931671037,0.0011528384601456718,2.02942837414499,0
AVGO,2017-10-05,19.05516201940968,19.24863512093654,18.98466555404202,19.08649444580078,22811000.0,0.006877622271199377,0.013830175441897047,0.0016443012314849076,0.005248396252358091,18.828157806396483,19.046867847442627,19.03102141204025,0.0020804784626397284,-0.24929735183715707,0.01095375431607114,0.384261666179028,0.012030925158505639,0.06621609416353441,40.11496267828167,-0.11794528188091036,0.012507882881540727,0.2577095031738281,0.8251849440193894,1079944000.0,-0.5871107039365576,0.4372166339152997,0.5702330500863348,0.21717688915027142,0.00511515115309331,2.2271181236562576,0
AVGO,2017-10-06,18.822524113672234,19.249418694815418,18.822524113672234,19.248634338378906,17489000.0,0.008459126893307726,0.022177915244108556,0.022638314707790593,-0.013830215542101471,18.879072380065917,19.057144451141358,19.05174645264393,0.010048194136745266,-0.2324594688415509,0.010879740872159701,0.3911434071196346,0.01226925936582597,0.06685288433437443,43.507337485137576,-0.08608388384145371,0.0354954247367979,0.5091457366943359,0.6333553638199051,1097433000.0,-0.8106486340071319,0.8141442135191557,0.7148851676648588,0.3238812992156926,-0.001280241596963671,1.8577794024620307,0
AVGO,2017-10-09,19.268996997979336,19.366908566572715,19.221215507092595,19.301895141601562,16551000.0,0.0027631701991529707,0.007548122002311842,0.0017073096024979,0.0010578755480761416,18.964529609680177,19.055924701690675,19.07557013730656,0.012907819674580621,-0.22908800125122042,0.010368370571317002,0.3818558757913801,0.012251308227945507,0.06663886854310104,44.787673393325285,-0.05589151208518217,0.05255023719445556,0.8545722961425781,0.5997412752881662,1113984000.0,-0.8939659138172082,1.1931238769877381,0.7624014688513671,0.36450538711550134,-0.00039657962491259323,1.9326352299909473,0
AVGO,2017-10-10,19.388835954724257,19.438183158176127,19.03713815186057,19.26820945739746,15348000.0,-0.0017467255076980825,0.020813818066185093,-0.006221440913021403,0.004504263052145091,19.032832908630372,19.055360984802245,19.093916739219978,0.01117000473794616,-0.23017505645751868,0.010361193419545629,0.3432506101915386,0.012354945738105675,0.06655517084577298,56.010876753122425,-0.0342867567472922,0.05932399402587643,0.6830329895019531,0.55923773433657,1098636000.0,-0.9062479474835107,1.220629957119354,0.7323489908663032,0.3581771946636107,0.003354155044609096,1.9254797279243534,0
AVGO,2017-10-11,19.207112208428196,19.67395498867223,19.201629185720865,19.6136417388916,26603000.0,0.01776877177436924,0.024081494349617944,0.021165572723283316,-0.003170883579211272,19.109752082824706,19.07557954788208,19.143414358236324,0.028206859423424133,-0.21468950271606602,0.011058824005364737,0.3505242085871349,0.012689898776642089,0.07118823617706946,68.21805747627417,0.010586629653687396,0.08335790434148482,0.7691917419433594,0.9747741508787546,1125239000.0,-0.8211397679059345,0.9413293323957077,0.9999999914260157,0.3242858940771624,0.0035543772359187494,2.1931891654243554,0
AVGO,2017-10-12,19.615212267146315,19.682575774339686,19.447587108458343,19.483619689941406,20067000.0,-0.006651234563974836,0.012060832098978465,-0.00670870013261226,8.007326103033908e-05,19.155183029174804,19.086527729034422,19.17581486601776,0.02080482979074708,-0.19811960220337,0.011181986261796487,0.3525943776527282,0.01257671139886629,0.0732027703350992,66.95222745585959,0.03525106660824662,0.08641787303683524,0.45430946350097656,0.7470251335037065,1105172000.0,-0.6719859945901729,0.6074776238416947,0.8885192904208921,0.24433706600272256,0.0011920014311407154,2.2220492630433077,0
AVGO,2017-10-13,19.594056778529552,19.648104139489444,19.38413471304101,19.422515869140625,15257000.0,-0.003141091766764459,0.013590897703007207,-0.008754741870981403,0.005668201820073503,19.1976375579834,19.08037872314453,19.199310199648508,0.017931360314235686,-0.20221466064453253,0.010710217878420327,0.3283124263273596,0.012273792667022719,0.07165343218360312,74.8301645050031,0.04929895525112116,0.08037260934376782,0.4245452880859375,0.607313879014891,1089915000.0,-0.6202741971359653,0.8709633524342207,0.8361289702254933,0.2527148442376569,0.0006395976843937853,2.0187920028772495,0
AVGO,2017-10-16,19.471084838435306,19.540798420834836,19.239230628607164,19.321475982666016,14899000.0,-0.005215782406812935,0.01560790657722735,-0.007683642536297266,0.0025006528310706614,19.246201705932616,19.068041610717774,19.21094503612637,0.013291054057322825,-0.21222450256347614,0.010760142012633991,0.3238923979673104,0.012243327880029499,0.06868216838952547,69.10567798849314,0.05168316247191029,0.06620545325164556,0.4856414794921875,0.6061456718701049,1075016000.0,-0.5188641839918083,0.7098435812638909,0.7494975299073806,0.25720823677490445,-0.00015701630061408723,2.2008578394246943,0
AVGO,2017-10-17,19.256462522640867,19.264295626918017,18.982309848988102,19.004241943359375,26965000.0,-0.01655500806021747,0.01483804398102121,-0.013097970556843575,-0.0033648288610805387,19.27064037322998,19.040077686309814,19.19125902729142,-0.0018821216762883708,-0.22641450881958036,0.011326553265929523,0.317905595912097,0.012257557772043074,0.06429591355537823,54.025240148686706,0.027655730093687936,0.033742416698738564,0.2443866729736328,1.086258119744196,1048051000.0,-0.3662996186765795,0.026545436437335385,0.4775015617609477,0.3314035422172108,-0.0005713388563019725,2.4392772189808265,0
AVGO,2017-10-18,19.05985695602509,19.160118601367977,18.783354195587748,19.112337112426758,19905000.0,0.005671834226858738,0.019713151948231727,0.0027534391519944534,0.002926452569456399,19.28630657196045,19.044346714019774,19.183742654447165,0.003570109250386133,-0.21221853256225742,0.00961015801465397,0.32322086191963983,0.010655152697828097,0.06436605223334199,52.1756302694448,0.01713863012075123,0.01858025338064149,0.1566619873046875,0.8666216775148569,1067956000.0,0.006607200136805687,-0.7822615505621004,0.5701821903173792,0.1589185728762305,0.0013254125233158722,2.224821204748107,0
AVGO,2017-10-19,18.863252914924345,19.14132142859525,18.670562708765456,19.135055541992188,25844000.0,0.0011879728609235725,0.02460189982467985,0.01440910685710547,-0.013032639390839285,19.29116268157959,19.059660243988038,19.179105786594313,0.003955752463550549,-0.19084932327270465,0.0092757050608247,0.34134846372931804,0.010878470132740672,0.06353597137195517,53.6084701791998,0.01051572133098233,0.00956587567269807,0.04856109619140625,1.1320341484995418,1093800000.0,-0.11204167514644563,-0.48731935134320137,0.5896609362234659,0.1272087967755855,0.0017085018705462493,2.080677734109008,0
AVGO,2017-10-20,19.344192928132397,19.347327365381368,19.093539541033085,19.13113784790039,23548000.0,-0.00020476006408939746,0.013265694190974573,-0.01101390380634697,0.01092954163008591,19.27941303253174,19.079242706298828,19.174537411480607,0.0027199791088788876,-0.17833213806152415,0.009186833675994377,0.3283682785335463,0.010922887333526853,0.061526184853002805,58.47954347623224,0.004894472792290827,0.0031557017072052535,-0.11749649047851562,1.0304523435482948,1070252000.0,-0.18457664903927629,-0.35989415102760053,0.5863019114487953,0.07404496866264632,0.00503812896709695,1.6794177082305357,0
AVGO,2017-10-23,19.204761271385586,19.24157670449909,19.011288267052922,19.133481979370117,23418000.0,0.000122522135760861,0.012035887538614575,-0.0037115427248010906,0.00384835570526585,19.262571716308592,19.113550662994385,19.170627370327225,0.0010427846043222864,-0.14573801040649315,0.008317306990850775,0.3276969308658081,0.010440664794439567,0.05295230563688457,61.202300653915664,0.000621579464212374,-0.0008937532966985598,-0.1684131622314453,1.0601944912261634,1093670000.0,-0.09420845852031762,-0.0010982466307958222,0.5331298213037995,0.16056131309527233,-0.0030774465451428937,0.9351341262566193,0
AVGO,2017-10-24,19.196148003925174,19.43661816401107,19.120951403006643,19.40058708190918,22887000.0,0.013863543981621032,0.016270990125658184,0.010650005294588401,0.003275202319296812,19.275809478759765,19.15432119369507,19.192528295239793,0.012856936332810586,-0.10150762557983484,0.00866685092830131,0.3232769008820683,0.010342454861817991,0.04758186163202378,62.79277410072929,0.018574317036904375,0.013647187420794753,0.13237762451171875,1.0754032115965177,1116557000.0,-0.0648348245594959,-0.2761065186504686,0.7504590757219871,0.09135491938415315,0.0019250529212780875,1.1395272991933358,0
AVGO,2017-10-25,19.25959292332837,19.498497343205074,19.13035045484478,19.254894256591797,20955000.0,-0.007538052051324718,0.01911965255498943,-0.00024396500761145244,-0.007267520203668748,19.239934730529786,19.174843406677248,19.198467910606652,0.0041747850647335895,-0.0702743148803684,0.008459496010721951,0.3286473932067699,0.01040712281297135,0.045201154007516085,54.80101618892593,0.020805959360142623,0.0127030637952264,-0.3587474822998047,0.9975934931482389,1095602000.0,0.11012187803111037,-0.15377903061421602,0.5798159126066053,-0.0761509670833447,-0.005443672133313993,0.989122264016173,0
AVGO,2017-10-26,19.36846996127956,19.413901361178198,19.093534469604492,19.093534469604492,24446000.0,-0.008415507213617432,0.01677881546320918,-0.014195003120161422,0.005898536921275457,19.200926208496092,19.17805461883545,19.188474249558826,-0.004407128401014992,-0.053546104431152486,0.008452964675202599,0.3210382725232357,0.010425515730753286,0.04481775880527426,45.57618480016871,0.009445286328247704,0.0010739126106651849,-0.39008522033691406,1.156864832889677,1071156000.0,0.3239675109478067,-0.03272065126475556,0.390822773163021,-0.002058410074814818,0.0013530756074870874,0.9119971316558105,0
AVGO,2017-10-27,19.15698638820103,19.816517971487624,19.017559215296654,19.80946922302246,44753000.0,0.03681029866492796,0.04033216371386179,0.0340597848356098,0.003323214918513327,19.239621543884276,19.218629550933837,19.247616627983934,0.030743069905964444,-0.02386743545532255,0.011850827668654315,0.3677001080025821,0.01169989053372299,0.052536871279041775,60.50579389810257,0.05754843979439883,0.03934165286145305,0.38695335388183594,1.9887614734956962,1115909000.0,1.3845276338419132,3.097674989292469,0.9999999904726877,-0.1845394112957183,0.005709632222602506,1.9806289358258908,0
AVGO,2017-10-30,19.840796195343678,20.537925944936323,19.838446114986148,20.461946487426758,50202000.0,0.032406825270716415,0.03418442277904203,0.03130672205159723,0.0015814140181408414,19.35366859436035,19.299935150146485,19.363267090788014,0.060208043583471454,0.037268104553223935,0.013407259129220316,0.39108665911674684,0.012209110081568936,0.07484324271917712,69.66956320554627,0.14662974135375606,0.10273836353664823,1.1404705047607422,2.0881392591976367,1166111000.0,1.1734337555249845,1.3945577892385141,0.9999999941248743,0.21649121905521507,-0.004991593665743024,0.7325816103794419,0
AVGO,2017-10-31,20.561424469437142,20.8904073207086,20.46742872878318,20.6718692779541,32845000.0,0.010206911715633236,0.0204615550743589,0.005371457051889176,0.004861608941823328,19.520431327819825,19.3955358505249,19.48789587051812,0.06580552538519342,0.10889038085937486,0.013324088015088309,0.38795344699749534,0.012396052169367412,0.09326127762647228,68.25179584253661,0.23149776727447957,0.15008511156589738,1.6676273345947266,1.3459300419617093,1198956000.0,1.0359566638744697,1.2129669967728953,0.9999999941731536,0.2513614995164877,0.0016004647682601614,0.7811748011551655,0
AVGO,2017-11-01,20.69772467367711,20.80738516583773,20.122004101809548,20.309995651245117,27333000.0,-0.017660642478446648,0.03374599756000951,-0.01873292974747943,0.0012507526714375969,19.64019718170166,19.463251876831055,19.566191087730214,0.04350474316098089,0.16855575561523395,0.014157127239391708,0.4201243325794124,0.012907910007702753,0.09930872641672835,63.197436512748745,0.2664842473635112,0.14805727332394317,1.1976585388183594,1.1108130844539807,1171623000.0,0.9570130622809856,1.031151916123999,0.783000897723389,0.19740182129685444,0.0028979839100649017,0.5168983883772914,0
AVGO,2017-11-02,20.53557856836146,20.729053105151003,19.493799611396508,20.326440811157227,67196000.0,0.0008093800658473936,0.060770771657611314,-0.010184166781870094,0.011106989927026979,19.759335708618163,19.525249195098876,19.638595823294693,0.04103361793964325,0.22487264633178583,0.01414676858937894,0.4895017659584168,0.015206905906366187,0.10470040769825667,64.64481050498242,0.29217031435088714,0.1389946722490553,1.191385269165039,2.504925341698492,1238819000.0,1.0296930743611774,1.1501522757178806,0.7928623094862826,0.1951309466242098,0.0042156373851259775,0.4028832073635293,0
AVGO,2017-11-03,20.681269847217163,21.77552886536477,20.139231930150576,21.433231353759766,120503000.0,0.05302004303549254,0.0763439216160805,0.036359542316991254,0.017456525682802745,19.9895450592041,19.63447904586792,19.809513492862795,0.0916119191537335,0.303368701934815,0.01819669095171348,0.5848395618860255,0.018227079050074122,0.13455170367246172,75.80401914659716,0.3972561330317852,0.19526439274396268,2.302093505859375,3.7685156952425616,1359322000.0,1.3622068038114732,1.7211851276866494,0.9999999958830615,0.129067826751776,0.0030894337289423257,1.063267068636468,0
AVGO,2017-11-06,21.799030234380965,22.07318290842407,21.151247599258244,21.737934112548828,78088000.0,0.014116265581327525,0.04241135813405095,-0.0028026990718032,0.01706690300606639,20.249990272521973,19.756280994415285,19.99317259949956,0.10030496719957914,0.37358316421508775,0.018284621850642342,0.6264659315637334,0.01907941723648342,0.16293809368546547,83.50621799941877,0.4993679645167255,0.23790097938312238,2.604452133178711,2.2277059660914436,1437410000.0,1.2446950532938748,1.423710280122332,0.9999999963419437,0.16268246654995497,0.0022315508068624164,1.0943814065511726,0
AVGO,2017-11-07,21.347852201405374,21.501378346272514,20.956205976475175,21.252290725708008,36789000.0,-0.022594161738642864,0.025652405031394675,-0.004476397660571725,-0.01794475542725418,20.435160636901855,19.855485057830812,20.113088611519412,0.07034860458484861,0.42726186752319606,0.019302323581146832,0.6553919122989781,0.01918543421393746,0.17359563001741934,74.0070434669623,0.5349385256812482,0.2187772324381161,1.8517036437988281,1.0183763942848678,1400621000.0,1.0525881060544953,1.0502541305455544,0.8223489094573864,0.1358147499082404,0.0021147839973001876,1.0659359506946022,0
AVGO,2017-11-08,21.09642095714871,21.44811888373959,20.932713083466663,21.336891174316406,30254000.0,0.0039728661650460465,0.02415561835230117,0.011398626219213056,-0.007334257307648712,20.643360328674316,19.94164752960205,20.2296412365477,0.06996631757449057,0.46383544921874886,0.019064457236012085,0.6585809894734874,0.019185965275559366,0.18461995855560526,74.36299923505823,0.5634597871586102,0.19783879513238245,2.0819969177246094,0.8332667726129718,1430875000.0,1.1965830659798724,1.4740063689574143,0.8532962301734601,0.15429945512258766,0.002748127259560835,0.8876860061516841,0
AVGO,2017-11-09,21.042369315354872,21.18022925719113,20.561427484346083,20.80738067626953,30980000.0,-0.025129790610798727,0.029739532436842655,-0.011167403986308354,-0.013803410091722057,20.81474494934082,20.007835578918456,20.284664040330732,0.03996159873454334,0.4977180862426742,0.020027157104768663,0.6958435513036331,0.01952831176464635,0.1865754776302021,66.61487609669334,0.5371441569943052,0.13721853197446188,1.713846206665039,0.8406291422625078,1399895000.0,1.0120268589280337,1.1075500328511374,0.6595983068747673,0.1383148771306667,-0.006125476965067674,1.648171390531142,0
AVGO,2017-11-10,20.819131385553955,20.88571052983307,20.647590438444546,20.754117965698242,20338000.0,-0.002563080806527923,0.011473390084191836,-0.0031227729255600585,0.0005647375547766913,20.9092098236084,20.074415683746338,20.32937393798478,0.033859131559363286,0.5424973106384279,0.02001754840258574,0.6964029551566586,0.019504532981271843,0.18666149679102667,65.90317463198764,0.5061563199026864,0.08498455590627446,0.9446487426757812,0.5480847485946199,1379557000.0,1.0091911974020538,1.1090191494898713,0.6401145072806661,0.14709200507181433,0.0011194005323573114,1.6336106719054861,0
AVGO,2017-11-13,20.561423990057403,20.834009390581283,20.487011755366122,20.75802993774414,28064000.0,0.00018847360375462682,0.016716308632788637,0.009561883830915068,-0.009284614068365518,20.938818168640136,20.146243381500245,20.370198318914245,0.030367277132272223,0.5934755897521988,0.01993018735663912,0.6986408747431396,0.019523106078394952,0.18486154434786234,64.04601170627859,0.4764220029154487,0.04420019113522938,0.2960834503173828,0.7431091481279944,1407621000.0,0.98204979931774,1.1213446115289236,0.6415455286940055,0.1295811828829755,0.00047999380978899634,1.6043558194994316,0
AVGO,2017-11-14,20.624087455850944,20.802678613120243,20.464295446400076,20.620954513549805,19718000.0,-0.006625388584615266,0.01640967523272127,-0.0001519069537659172,-0.0064525623238287306,20.933726692199706,20.227079010009767,20.39407986126049,0.019472683285134438,0.6504619216918961,0.019523378046922855,0.6965148946259878,0.019546886377661433,0.17723351217308994,64.16043253853884,0.43676178336959737,0.00363197727150244,-0.050914764404296875,0.5271727360954781,1387903000.0,1.016867337969056,1.3136391465138482,0.5776055983991102,0.1421072518780458,-0.0020241350424060243,1.566540110326278,0
AVGO,2017-11-15,20.545758571954636,20.91390694319426,20.21129269304342,20.804244995117188,29032000.0,0.0088492840039537,0.03377263870801464,0.012581011410772664,-0.003646579092435242,20.983151626586913,20.311674404144288,20.43314320734208,0.02425061474153465,0.7080568885803231,0.019548723260596614,0.7238182773814975,0.019900438291814763,0.17029968177199828,67.65277966651183,0.41533308244452627,-0.014237378922854926,0.4942493438720703,0.7668322343180667,1416935000.0,0.9863786495328145,1.2482936446408066,0.6469182990581437,0.13442897300727172,-0.007852178958553542,1.0488401361081603,0
AVGO,2017-11-16,20.898242446028775,21.513126889194666,20.84419507667375,21.314170837402344,31000000.0,0.024215096845506393,0.03138436945589383,0.019902553635728404,0.004518186116999128,21.081924629211425,20.420630168914794,20.517050600681156,0.04375676267866453,0.7753984260559079,0.02003481390309232,0.7173842158019623,0.02007084975231275,0.16567323032547032,66.21643699890205,0.4344889186263252,0.003934765807155238,0.9877300262451172,0.813275809373397,1447935000.0,0.7812072991374965,0.6205907901934229,0.8397506652692771,0.14058648898123827,0.009594030492092117,1.310276758472949,0
AVGO,2017-11-17,21.28753975446449,21.314172009526,21.025920353121982,21.29458999633789,24069000.0,-0.0009190993617137095,0.01353637972453219,0.00033119101368256305,-0.0012494543250597143,21.06806049346924,20.52880277633667,20.591101971696084,0.037303062822100184,0.8385412788391093,0.020046324141664063,0.6859409968369735,0.02007581300907403,0.1577819317489255,60.391061496509664,0.4429836073034892,0.009943563587455295,-0.138641357421875,0.6310118368791536,1423866000.0,0.7852081309202925,0.618227018495418,0.8323460201194219,0.1159267124273804,-0.002056649388012232,1.4797987188885224,0
AVGO,2017-11-20,21.354110168517536,21.677609914017754,21.257765866371088,21.53113555908203,28639000.0,0.01104700341986122,0.019499391766848936,0.008289991438865217,0.00279508420635859,21.047380638122558,20.648685455322266,20.680628980018554,0.04273638170535197,0.9143270492553697,0.020040019391116895,0.6853255121487466,0.020182214563396632,0.1489234441483027,60.65251899024973,0.46346047543408986,0.024336345374444734,-0.20679855346679688,0.7457189317411608,1452505000.0,0.6969697399803738,0.5229128093713848,0.9217975379642247,0.11755139381298528,0.0021009134219585933,1.4889970765981675,0
AVGO,2017-11-21,21.626699870592542,21.79197339076943,21.533487003607473,21.665081024169922,20903000.0,0.006201741957774126,0.011931014093798084,0.0017747115273848192,0.00443842412529892,21.08865966796875,20.761910152435302,20.774386317556782,0.04350133801121702,0.9798398017883301,0.01995497173637659,0.6550009955529765,0.020125963742776885,0.14286720629150315,67.80555700122375,0.48490711320229707,0.036626386514121534,0.41279029846191406,0.5456940088003371,1473408000.0,0.7670034253508894,0.661270644537311,0.9724500423762384,0.13429556704975792,0.005982168267044614,1.3629664665287207,0
AVGO,2017-11-22,21.6987691614879,21.752816536689583,21.475530912444718,21.56952667236328,18642000.0,-0.004420278683344639,0.01285543388727173,-0.005956212912502056,0.0015549509037327905,21.111923217773438,20.87764177322388,20.850113970395498,0.033139992836516786,1.048366298675539,0.019858617252529458,0.5865747191594315,0.0200367224834409,0.12860888914615692,66.00124583319008,0.48856145816771246,0.03222458518362953,0.232635498046875,0.48814209066842623,1454766000.0,0.7617409982586105,0.7041768774065873,0.9363154317472254,0.10908694958449143,-0.0013507651555293902,1.3237448951175708,0
AVGO,2017-11-24,21.671351487814512,22.166392278994845,21.658818223299008,22.11861228942871,11572000.0,0.025137922760605894,0.02294782551566072,0.02063834374424243,0.004720771901856211,21.243046379089357,21.02889566421509,20.970923334112946,0.05181996440021316,1.142541065216065,0.020020780319105643,0.5123296242606722,0.020153262704606358,0.11091905644919052,60.301411073155805,0.5296585986538993,0.058657380535853065,1.3112316131591797,0.30820859745379,1466338000.0,0.5368126332176832,0.3328383180288073,0.9999999956693892,0.15138227870099355,0.0019231292150717044,1.3826783754463912,0
AVGO,2017-11-27,21.952551263596366,22.37709707932344,21.914170104741373,22.2940673828125,26230000.0,0.007901167299972086,0.020764581286379053,0.015557012711633927,-0.007507750651776277,21.39704132080078,21.15312557220459,21.096937053036715,0.053937268332947694,1.2117995452880876,0.0187456132283269,0.47954331464754674,0.019582983318691283,0.10859078921455637,58.69667927239921,0.5698176352745037,0.07905313372516592,1.5399494171142578,0.7162781933841891,1492568000.0,0.6794346130158,1.2430295724772442,0.9999999949598597,0.038821997025408665,-0.0006592953187748552,1.0018012783863455,0
AVGO,2017-11-28,22.312865279599706,22.315998221818635,21.684664797352337,21.72852897644043,26796000.0,-0.02569450996583136,0.029055506926413583,-0.026188313135724527,0.0008431793294792723,21.49409122467041,21.216454696655273,21.15708866478945,0.024135713853480296,1.2319224548339847,0.01888382492279358,0.4688008352470214,0.01940856525532523,0.10628867470509037,57.26574622676455,0.5496734448219378,0.047127154618080036,0.9704990386962891,0.7558911185050302,1465772000.0,0.7451333656038029,1.7370213147513982,0.714960702013071,-0.0018374980502263501,0.008622879007127406,0.7831860426943499,0
AVGO,2017-11-29,21.77552964356635,21.78649569012403,20.74706686565881,21.266389846801758,47231000.0,-0.0214982114711866,0.048876599717406925,-0.02338128187303161,0.002163085553416096,21.558634757995605,21.246180725097656,21.167498301171573,0.0009511884491652557,1.2275910949707018,0.01956499259339337,0.5062310512607568,0.02030377833238243,0.10336394465745845,49.0355005460234,0.49076107506801847,-0.009428172108671418,0.6454353332519531,1.3058474350165954,1418541000.0,0.82235163361991,1.4883665819322796,0.4820360955300465,0.12018919694629064,0.000671271700471812,0.8294229790933348,0
AVGO,2017-11-30,21.288321136076828,21.802943936688262,21.1559457202038,21.770830154418945,31452000.0,0.023443122484039656,0.029718582690607766,0.022665433080947196,0.0010312652703659657,21.655293273925782,21.319222450256348,21.224958477671326,0.021183122649266046,1.2457553482055665,0.019617930333491473,0.49705494601176675,0.020208342412882885,0.09643371809851894,63.27156114093917,0.47925219367395044,-0.0167496428021916,0.9665851593017578,0.8646645479837688,1449993000.0,0.6019690399802264,1.0825258884512543,0.7340769619236495,0.03915316006664736,0.009005964588910034,1.1883970100845838,0
AVGO,2017-12-01,21.556994980390783,21.580494295589247,20.682841072373932,21.271093368530273,47729000.0,-0.023221975326654924,0.04220061504319991,-0.013262591190838653,-0.00982209555223409,21.650985527038575,21.366455078125,21.22935227680075,-0.004463150728626316,1.2441418075561508,0.020499501519642395,0.5577598739158017,0.019309419656941388,0.08580384394260476,56.34134780916293,0.4249086575971752,-0.05687454310317347,-0.04307746887207031,1.3482216123915824,1402264000.0,0.5932194390469188,0.6847616695312179,0.3885803899058926,-0.016846679608723776,-0.0013279921534234513,1.3914930173361795,0
AVGO,2017-12-04,21.455164424302264,21.5029444159123,20.37657007006361,20.648372650146484,48439000.0,-0.029712522133877393,0.05455027204263456,-0.037603616445180475,0.00865357753750057,21.586363792419434,21.327212142944337,21.174020883786056,-0.0318297341410436,1.1667211914062499,0.01768125778466572,0.6134296389610537,0.017748596109081777,0.09098788690206579,48.83219776795153,0.3278138223656981,-0.12317550266772048,-0.6462173461914062,1.5233228243692651,1353825000.0,-0.09504236079603726,-1.1292684004348754,0.016387499574303837,-0.04393367471966685,-0.001939661773251044,1.3623255287508156,0
AVGO,2017-12-05,20.57395874484726,20.8449769468747,20.40085059871674,20.49484634399414,38117000.0,-0.007463053328676756,0.02167014772820703,-0.003845268759201768,-0.0036038629561780965,21.482734870910644,21.2650577545166,21.109337594282064,-0.03621957763066386,1.0636163330078112,0.017313517488706315,0.6209827233494674,0.017045554965845606,0.09570501023319569,48.66169256356987,0.23575948746431763,-0.1721838700552808,-1.0362892150878906,1.279106836646006,1315708000.0,0.05981623579388185,-0.9825657756796172,0.0,0.04106951154693808,-0.0023651402771669326,1.3237455909319205,0
AVGO,2017-12-06,20.273956979182138,20.711817448007437,19.911293107554553,20.670303344726562,48751000.0,0.008524592504918107,0.038728233771655476,0.019549531734525654,-0.01077780048235065,21.383257102966308,21.23595838546753,21.067524808610113,-0.026636661751121973,0.9928144264221181,0.016850286009920713,0.6279763012281848,0.017512161895472958,0.09906148612067042,48.57619353338669,0.17494699735825137,-0.18639708812907763,-0.9947776794433594,1.6037673779023476,1364459000.0,-0.13251336719160342,-0.8147371275872403,0.09751831263182113,0.05343738190524032,-0.00040488295439650325,1.3523214159014083,0
AVGO,2017-12-07,21.531925293905516,21.595371489033774,20.496412334215627,20.670303344726562,79282000.0,0.0,0.053166087403688424,-0.0400160197946939,0.04168404956663453,21.293334770202637,21.202628993988036,21.029694193002157,-0.02510658697849909,0.9229679679870593,0.0168086803667661,0.6558389627096611,0.018579559882685413,0.10189561831157416,42.323441317423715,0.12530818605169713,-0.1888287195485055,-0.8992233276367188,2.4135138755281704,1364459000.0,-0.09576686837654252,-0.7950962745873229,0.09751831263182113,0.0844880890659309,0.0038544811395005703,1.3197518990664874,0
AVGO,2017-12-08,20.817566543902963,20.909212229538436,20.31077674886608,20.358556747436523,41848000.0,-0.015196746688002296,0.029394789021759227,-0.02204915715186617,0.007124385003956432,21.11732921600342,21.180187797546388,20.965776341043526,-0.03879243458913626,0.8739418411254896,0.016227354656418187,0.6779949501573996,0.01856208963787631,0.10691109234508396,39.566918943277535,0.060120691528535275,-0.2032129712573339,-1.7600555419921875,1.253211789438378,1322611000.0,-0.06652948012353453,-0.6523411081355848,0.0,0.0751007893046008,0.004293085159975512,0.892320203765722,0
AVGO,2017-12-11,20.31390141872347,20.64366708862858,20.27082010551752,20.361682891845703,34941000.0,0.00015354253526076364,0.018311206637898435,0.0023521563934867573,-0.0021934427507330468,20.924090766906737,21.16056604385376,20.908243631596115,-0.03775339232300751,0.8270458412170392,0.016224656772814813,0.6746380169762849,0.018659333496325838,0.11115418486144517,36.249729690363054,0.008612111139569834,-0.20377724131703948,-1.9323844909667969,1.0239796030507504,1357552000.0,-0.09436135967620424,-0.64710267135865,0.0016151522682906392,0.07095203090734106,0.0026872103275118945,0.8909248473554328,0
AVGO,2017-12-12,20.315472157831344,20.43453144225865,20.030353475679135,20.263774871826172,28541000.0,-0.004820042159058004,0.019945837778824034,-0.002544724807677997,-0.002269494828095229,20.777615356445313,21.13585329055786,20.846865654475167,-0.04126062034640786,0.7737742805480963,0.01624662711444999,0.6848765980400072,0.018715788412963938,0.116497748712016,33.38280539073159,-0.039652084336417204,-0.20163314943442123,-1.4647541046142578,0.8358372429465889,1329011000.0,-0.043587433164172,-0.6677158006226499,0.0,0.07148948048299912,0.0005011247593695676,0.9039446724593357,0
AVGO,2017-12-13,20.39771812786517,20.623306427735514,20.379701840517004,20.52461051940918,26943000.0,0.012789876368793139,0.011868901817623047,0.006220911117918399,0.006609985399375177,20.703437423706056,21.13103609085083,20.816174689230785,-0.02869833587654671,0.7336619758605956,0.016480028507954207,0.6907513074446128,0.01865412985147389,0.11739529828781145,38.07640301956088,-0.056206635009427686,-0.17455016008594537,-0.7417793273925781,0.7807788662579672,1355954000.0,-0.2012861262414305,-0.7607844065757894,0.1284719541085106,0.07123100183152813,0.003061301932018437,0.9258208729785925,0
AVGO,2017-12-14,20.548896704130943,20.60059400181999,20.107120339883465,20.31390953063965,37595000.0,-0.010318829286524457,0.02429240225517833,-0.011435512901755932,0.0011832714047751076,20.557745361328124,21.106519317626955,20.768339912222107,-0.03755284207139902,0.6819805145263693,0.01648644591374723,0.6833661685378242,0.018371675907928004,0.12186569974091781,27.68297016706738,-0.08534424919913519,-0.1629502194205223,-1.4569206237792969,1.0761106022441034,1318359000.0,-0.030368197905941256,-0.7976053642508593,0.024693317980170094,-0.0020143617138400206,-0.003774118495734762,1.6029072385461862,0
AVGO,2017-12-15,20.494843914089614,20.835575649050526,20.229307272423675,20.81442642211914,45091000.0,0.024340474319647514,0.02912731602785394,0.0155933126016095,0.008906920806015246,20.51207866668701,21.081532096862794,20.772729103640874,-0.012670126316706425,0.6224346542358425,0.01649695498434511,0.6936048401124515,0.018309829497856093,0.12224063520368833,33.064240418301466,-0.06727300687419913,-0.115903181676469,-0.4566669464111328,1.2651600494380695,1363450000.0,-0.028308660534945136,-0.7960862675373752,0.2712178391050069,-0.05450774829421533,0.007889171558716641,1.5837364162600267,0
AVGO,2017-12-18,20.822312434954714,21.013912808344173,20.704828038687722,20.84675407409668,29786000.0,0.0015519319462819,0.014826517759531772,0.001173819632501373,0.0003788724548850993,20.53191680908203,21.059140300750734,20.77977910082714,-0.010085227769038157,0.5680804634094265,0.01650729467746707,0.6705870790546052,0.018326647258391608,0.12236827764603908,38.504131401267415,-0.0497691381499088,-0.07871945036174294,0.1983814239501953,0.829083904872183,1393236000.0,-0.05298185355430583,-0.8014091744512404,0.2871404963789617,-0.03859665987475583,0.00663565169751753,1.6032094769146197,0
AVGO,2017-12-19,20.760812550621655,20.917720615754025,20.60075077369548,20.7923526763916,19094000.0,-0.002612996911020983,0.015244539511202011,0.0015192144179255861,-0.004122537406521841,20.561667442321777,21.022201156616212,20.780976584214233,-0.010933606733324197,0.5013321685791041,0.01626385747270786,0.6189828660255569,0.018253015897251056,0.12118490645443049,43.08468310930994,-0.03982782385920203,-0.05502250885682894,0.29750633239746094,0.538630686490367,1374142000.0,0.06147279195462334,-0.6573094404210397,0.26034563940995237,-0.059824502836072,-0.002936768665691108,1.4921974594821412,0
AVGO,2017-12-20,20.984743380666664,21.001301496112582,20.719812029616005,20.9453182220459,19845000.0,0.00732988819113656,0.013439254700169894,-0.0018787534298990254,0.009252955029639826,20.58916893005371,20.98621301651001,20.79662816876963,-0.0019486504979461178,0.4318018531799339,0.01629462587717708,0.5928750981692793,0.01827262004087127,0.11793103505116068,36.58127165781168,-0.01938278681162231,-0.027661977447399375,0.27501487731933594,0.560652611505456,1393987000.0,0.05276820277050697,-0.6772445618466465,0.33568726829995355,-0.05691431524570028,0.0006384594023556446,1.4221812804364737,0
AVGO,2017-12-21,20.969758172386936,20.993413263953187,20.584978307970307,20.621248245239258,17758000.0,-0.015593135092899694,0.019806509815869597,-0.0166196445431784,0.0011668455013165147,20.584263420104982,20.938799095153808,20.779925318909594,-0.015165666775817583,0.3642358016967755,0.016581618505282603,0.5443355177362699,0.018381560209382208,0.11613239344267627,38.796941953139395,-0.02899544497474338,-0.029819708488416356,-0.04905509948730469,0.5023188188520891,1376229000.0,0.12707258469737173,-0.8228015190636139,0.17606988634299026,-0.0693206525177423,0.001466675578575996,1.460563002282314,0
AVGO,2017-12-22,20.644122256621316,20.76633802401659,20.398116121345158,20.6859130859375,14617000.0,0.0031309289449374046,0.01780061150618233,0.0020243451756606946,0.0011092447513374284,20.616999053955077,20.867164134979248,20.77097177291225,-0.008685945429981103,0.26855497360229563,0.015332344158806051,0.4901817717950373,0.018275040711914887,0.10398432986461482,50.8013734972972,-0.031037848608381324,-0.02548968969764344,0.32735633850097656,0.411696611396366,1390846000.0,0.06611136282116577,-0.5975530109215175,0.2079198981170708,-0.16913382043039113,0.00024339997742148768,1.4072821191590275,0
AVGO,2017-12-26,20.28220714533898,20.68591243926526,19.979429678810636,20.350805282592773,22256000.0,-0.016332458626302025,0.03471522381041927,0.0033821830498233724,-0.019515983603013584,20.615911293029786,20.770001029968263,20.730955916691347,-0.02018275042783196,0.1528260803222672,0.015357144252605932,0.5089215617213877,0.018651348935641326,0.0842112782870721,47.146375178781476,-0.05901656113963227,-0.04277472178311551,-0.010877609252929688,0.6303815825251516,1368590000.0,0.27057721509622457,-0.5457835947712385,0.05774865142265112,-0.1373985143802979,0.0005201651048948981,1.593123745495535,0
AVGO,2017-12-27,20.409154959333982,20.62756422938991,20.382346145215276,20.431232452392578,35615000.0,0.00394424989698944,0.01200211904132575,0.0010817445941181238,0.00286719252289827,20.632657051086426,20.705136203765868,20.70241082485337,-0.013228782875197118,0.06576612472533938,0.014636540348094992,0.4715097478888343,0.018319371536496123,0.07342627714671113,45.07841014239963,-0.07384880885228284,-0.04608557559661286,0.16745758056640625,0.9963199245801341,1404205000.0,0.15951587393192154,-0.3672566871194568,0.11111575095450432,-0.27481679094402395,0.0018153044909949329,2.5735958446834384,0
AVGO,2017-12-28,20.51322967381145,20.563692072297524,20.386282617764234,20.533729553222656,13641000.0,0.005004145479534248,0.00863990411420645,0.000999349187192396,0.004013327223892851,20.633568954467773,20.668503189086913,20.686345941840923,-0.006520725500345394,-0.0014566421508810379,0.014076496388090482,0.4056847692970589,0.01714224768933562,0.06924298329415489,47.30229226419502,-0.07645152697857682,-0.038950634978325474,0.009119033813476562,0.4004162379777526,1417846000.0,0.0062719820211613155,-0.10506017800123911,0.17912725745586147,-0.15497482327745962,0.0009666215665487122,2.489654225325835,0
AVGO,2017-12-29,20.48247980105027,20.654369902233004,20.235684146084708,20.25618553161621,17980000.0,-0.013608672847310276,0.020669526120211952,-0.011048187110233337,-0.0024958813273325583,20.62779655456543,20.592770957946776,20.645378283724284,-0.016344834158281543,-0.10006584167480526,0.012961728446348453,0.3928455032596259,0.016883579326361635,0.050266598477156414,47.95018964344585,-0.09975971496090708,-0.04980705836852457,-0.0577239990234375,0.5384289434005769,1399866000.0,0.006628901167902564,0.061044729352994404,0.0,-0.025901274367188146,-0.003931620299696352,2.1671744702765205,0
AVGO,2018-01-02,20.48247325189797,21.091972691791007,20.309007102010657,21.05333709716797,33135000.0,0.03859887423443986,0.03718961919408851,0.02787084537939727,0.011171289872348706,20.651687622070312,20.58188314437866,20.684231504052256,0.022906259318113395,-0.14931928634643654,0.015318232562940976,0.4259126587641785,0.01668261700901776,0.04507427761338393,60.5078867609518,-0.053293814675569706,-0.002672926466549763,0.23891067504882812,1.014427308560713,1433001000.0,0.7177656712637134,1.487364695712684,0.9999999874553342,-0.3430356626878185,0.007545259242704711,2.7588725440964756,0
AVGO,2018-01-03,21.075416960388207,21.34665570913574,20.97606827727844,21.28357696533203,31161000.0,0.010876661328450088,0.01741189614352958,0.0098769103945273,0.0010487583568501479,20.695369911193847,20.61364336013794,20.74131202417414,0.0324995243763941,-0.16060785293579016,0.013902799597924205,0.42351333485544884,0.015219565486920867,0.054336664427567315,64.89435761882638,0.0020851430046704422,0.042164824970952315,0.43682289123535156,0.9799102825956723,1464162000.0,1.0299551064675345,1.648275892019188,0.9999999902666116,-0.27054478023000267,0.008019737660351694,2.305004027546044,0
AVGO,2018-01-04,21.414471794379136,21.427876200397485,21.16531046069912,21.290679931640625,19067000.0,0.00033367423848108195,0.012332426226784493,-0.005780757231340905,0.006150039030578071,20.74520263671875,20.653435039520264,20.793632777266186,0.03085418433265233,-0.1639601325988771,0.013744490324890833,0.4165872051260932,0.01503369918390356,0.06128328696848544,62.084186818265735,0.04601607134280883,0.06887660264727256,0.49832725524902344,0.6181082005423478,1483229000.0,0.9883268256303466,1.7333107894644697,0.9999999903334422,-0.25899884856969,0.00442051129364616,2.251380499803529,0
AVGO,2018-01-05,21.444434556746863,21.62499775805108,21.245735628530486,21.416837692260742,28633000.0,0.005908005643753418,0.01770859614258362,-0.0012869010092210293,0.0072216869353119795,20.792354583740234,20.690761756896972,20.852985626313288,0.03509179331064624,-0.16695842742920064,0.013690758395481586,0.4084292385249554,0.014270194049942926,0.06952042553991494,67.87464452864842,0.0899743571119842,0.09026791073315835,0.47151947021484375,0.9595043136308722,1511862000.0,1.0270279676271918,1.8613236273865148,0.9999999913841544,-0.2584170679824438,0.005680422245249856,2.342696963118532,0
AVGO,2018-01-08,21.361638660986877,21.49016182299037,21.214981279212047,21.46808433532715,20971000.0,0.002389962020986796,0.012818122909891573,0.004983029437944981,-0.0025773660923718994,20.877038192749023,20.730650806427,20.911566455743177,0.03557213593679386,-0.17133317947387994,0.013684068347572605,0.3847801076072034,0.012547504725105506,0.0770409540481229,62.39911736328049,0.12747731199499057,0.10221669249293178,0.8468360900878906,0.7788411900809254,1532833000.0,0.9995417315088826,1.828056959326402,0.9999999917484861,-0.27912590551525895,0.003253947090701821,2.367054689971115,0
AVGO,2018-01-09,21.530374682837355,21.59266538083423,21.146382811035863,21.170825958251953,26027000.0,-0.013943282835959865,0.021080073610147188,-0.01669960368618271,0.0029015326443311697,20.92552947998047,20.771264266967773,20.93625783693449,0.01923627208995817,-0.17226554870605426,0.013605548703727998,0.3945799504744831,0.012251506142712426,0.07717297689599328,55.585835188067584,0.1316943170854188,0.08514695806668798,0.4849128723144531,0.9958733262291534,1506806000.0,1.0251043088846068,1.8834540895055363,0.7547168264279716,-0.2929604886643293,7.465683337747769e-05,2.62924363421977,0
AVGO,2018-01-10,20.972122749116046,20.984739098083143,20.558168443532306,20.723751068115234,31607000.0,-0.021343662779041657,0.020583660406986122,-0.011842944267186831,-0.009385708877289053,20.962824058532714,20.78936767578125,20.91601909704694,-0.0031562579804143664,-0.17244777679443501,0.014559159152490122,0.4157004985217047,0.012317258249957145,0.0749003733458876,48.9585309292144,0.09783335471419008,0.04102879655636742,0.37294578552246094,1.2171448485933725,1475199000.0,0.8451838960515601,1.320173116538919,0.38581235595676333,-0.16875258725822825,-0.0022567731345490938,2.814982548070035,0
AVGO,2018-01-11,20.782102089541382,20.804179576124884,20.62282836378442,20.776582717895508,17726000.0,0.002546084501054338,0.00872863524842192,-0.0002655829337878372,0.0028156592517618417,20.99735908508301,20.815008068084715,20.90273944188966,-0.0018460406090192233,-0.15310010910034322,0.014497985924625229,0.4085477660819823,0.012078909064072569,0.07095133482266293,47.3580356816344,0.07440369124667967,0.0140793064710856,0.3453502655029297,0.6971220022495416,1492925000.0,0.7751235670680807,1.2983906159732466,0.42940646561555446,-0.15033642629433347,0.005304967968444497,2.7194705126391234,0
AVGO,2018-01-12,20.76791103269375,20.920087789187722,20.659099696397075,20.83887481689453,19881000.0,0.0029937023025673522,0.012524097148173166,0.003416991918681534,-0.0004173778392482661,21.027873611450197,20.830721282958983,20.896657096652028,0.00039141870417633024,-0.14072700500488367,0.014250972563494203,0.3980158472825371,0.012091152683031531,0.06967324981034374,53.71173867651433,0.06016838228206467,-0.00012480199482352294,0.305145263671875,0.7928835500891347,1512806000.0,0.9008352744880546,1.7560690415503588,0.4808068781700314,-0.11926076881512475,0.006624824620258997,2.552737911711736,0
AVGO,2018-01-16,20.909052775464595,21.052557977437452,20.631506517105436,20.75687599182129,33528000.0,-0.00394265903120435,0.020284914757648098,-0.007278033357354898,0.0033676462470597825,21.077942657470704,20.852869606018068,20.88334461047767,-0.004603376703753116,-0.1275162887573238,0.014059969853562353,0.40178938711543594,0.01195638163191691,0.06571428512706896,51.20319479775687,0.04178846605286424,-0.014803774579219171,0.5006904602050781,1.3480787826761738,1479278000.0,0.8896196227620486,1.9192811611220193,0.41314543305139584,-0.05488384886132433,-0.0019435248253818797,2.556962370071083,0
AVGO,2018-01-17,20.932707626483992,21.01549822053083,20.536887375458207,20.95872688293457,37365000.0,0.009677552405477456,0.022835873930585376,0.0012429952637960924,0.008471006654950642,21.068481636047363,20.86008462905884,20.890523874521186,0.004728756166743028,-0.13294698715209918,0.013113469469967665,0.38551277554013297,0.011696188703521892,0.06581938520745541,60.79530988359816,0.04301409033756798,-0.01086252023561235,-0.09461021423339844,1.5260581629714938,1516643000.0,0.9673537508652181,3.1915911912381936,0.5797029779797522,-0.0828016077378501,0.010646452083160627,2.081936913407844,0
AVGO,2018-01-18,20.9311243406261,21.293828255648695,20.853853140475746,21.273326873779297,30319000.0,0.014898911246276559,0.02068200792366076,0.016348979988882552,-0.0013169951811790104,21.06745662689209,20.88141326904297,20.926981303021957,0.018768538292839605,-0.10842025756835838,0.01351347174536311,0.3971710732812624,0.011861801795669678,0.06808256503857744,63.805517778417844,0.06858044378655492,0.01176306657069967,-0.010250091552734375,1.2369396972008824,1546962000.0,0.7913234401634147,2.312221217823501,0.8392956001405039,-0.03754967406120703,-0.0026488525236628107,1.7978616576449624,0
AVGO,2018-01-19,21.22207823474119,21.24494377439016,20.97922436680807,21.00445556640625,29963000.0,-0.012719443488885823,0.012650621036832073,-0.010254540852466534,-0.002409056154788568,21.038834190368654,20.892018413543703,20.93435980429665,0.005381823363502272,-0.08314554214477354,0.013840481562261236,0.4055062913125437,0.011804856752590595,0.06811825790661301,57.317996397185624,0.06638109568650208,0.007650974776517452,-0.286224365234375,1.1959009768606745,1516999000.0,0.801307975347565,1.9809047370381019,0.6174360650612178,-0.08333952795049353,0.005298966223564577,1.7242965183488426,0
AVGO,2018-01-22,20.94610837261749,21.03441832416948,20.549500138737454,20.66698455810547,27230000.0,-0.01619710694496159,0.023463422244016215,-0.013325807802257839,-0.002777848423839992,20.963848876953126,20.87810173034668,20.908895495135585,-0.01011189498292501,-0.08535610198974908,0.014224170127004767,0.41023717911852436,0.012078117199933933,0.06878332188011636,56.269541069195135,0.036980715792818586,-0.017399524093732834,-0.7498531341552734,1.0710352422907485,1489769000.0,0.912992999585201,1.8569254436185034,0.33897139087986744,0.007858327606619166,0.007670731555318313,1.422365120111127,0
AVGO,2018-01-23,20.637809584533287,20.848335270246103,20.351590301023474,20.72927474975586,35398000.0,0.003009462193187321,0.023963451446309996,0.004431922138035468,-0.0014116705555257208,20.889967918395996,20.88350305557251,20.891788757480374,-0.0073851740932729245,-0.06780244827270465,0.013799342022238491,0.3860198797647981,0.012223214085440666,0.0681392066836401,43.624046844471415,0.018493815599878616,-0.028709139429338247,-0.7388095855712891,1.3456245723409102,1525167000.0,0.8509435795613901,2.1362990763122096,0.39037022958295414,0.007906106443484818,0.002350665405028643,1.352875330605637,0
AVGO,2018-01-24,20.57709956708505,20.758450812777784,20.18522260424192,20.253032684326172,45405000.0,-0.023242395767424928,0.028303327071429376,-0.015748909682089657,-0.00734107606309777,20.798188591003417,20.861859035491943,20.830954845751403,-0.02918370552874254,-0.07835950851440643,0.014726006963702722,0.40049422095612436,0.012560885253506807,0.07299336833709892,31.513497652773395,-0.03419179878043721,-0.06511580304772326,-0.9177932739257812,1.6306104419401404,1479762000.0,0.7637268300046545,1.5613782619645027,0.0,0.0030768191865323193,-0.0022327960690480837,1.6473084472018682,0
AVGO,2018-01-25,20.322414378632217,20.330299409822345,19.475581880502666,19.49844741821289,59520000.0,-0.03796970170718975,0.04383515828460076,-0.04054473768039247,0.003425743462100862,20.675658226013184,20.81924114227295,20.70404937646202,-0.06344101182169465,-0.09586399078369112,0.016517293049459585,0.4427907773576469,0.013010287951449893,0.09156087939338539,24.648533103028214,-0.13527488769963014,-0.13295911357353296,-1.2253036499023438,2.0034602774954045,1420242000.0,0.17908051729133032,1.3396861504375308,0.0,0.20694671620234809,-0.0007202486283765109,1.8812533936696016,0
AVGO,2018-01-26,19.666400292895446,19.787038449909264,19.336814008539548,19.774423599243164,49014000.0,0.014054522455534521,0.02276801843970146,0.005492784886099058,0.008613653747922301,20.57544231414795,20.786400699615477,20.615513588155462,-0.04868457577189819,-0.10903230667114272,0.0168648825180862,0.4478595139182985,0.013275609419022165,0.10100514423235793,27.712385308673973,-0.1909142518965865,-0.15087878221639145,-1.0021591186523438,1.6134410628552047,1469256000.0,0.11626319042464761,0.9846077750421257,0.14011525537074995,0.057620508168767376,0.013049566680431704,1.8401553675008036,0
AVGO,2018-01-29,19.576503285726492,19.671910191541293,19.198820433254216,19.35494041442871,50401000.0,-0.02144165981392508,0.024442842391287873,-0.011317796030823736,-0.010008904306280117,20.427048873901366,20.72746124267578,20.495459000181484,-0.06621750785180627,-0.14265148162841967,0.017344735051234066,0.4693182726476289,0.013622562851249357,0.11838574611678489,23.92999322470635,-0.26579373144468477,-0.18060660941159176,-1.4839344024658203,1.5644443616712522,1418855000.0,0.27043768216335723,0.6774702894649192,0.0,0.01329705660846146,-0.007145427049447742,1.887074111437746,0
AVGO,2018-01-30,19.022208783048548,19.3202564454047,18.687891168108425,19.000919342041016,46002000.0,-0.018460341043610794,0.03328077266052637,-0.001119188693550254,-0.017191043953414527,20.25145320892334,20.664697933197022,20.35312188988239,-0.08051308544307735,-0.16934827804565344,0.01753171742864887,0.48508732097062307,0.014070614208573315,0.1392319873866203,23.599466013210588,-0.34967199918486713,-0.21158790172141928,-1.7559566497802734,1.368388331724555,1372853000.0,0.28031775936650927,0.5516539677419784,0.0,0.18002356803134492,-0.011395251670329466,1.677192104922117,0
AVGO,2018-01-31,19.712130923648765,19.959714638357976,19.306849559983863,19.556798934936523,80482000.0,0.028835633161785654,0.033383023480084754,-0.007880020137604115,0.037430377383589966,20.111260414123535,20.58987102508545,20.277281608458978,-0.05017380091349561,-0.20902774810790703,0.016352043443261865,0.5098114482275741,0.013860782903405514,0.1464322032625953,36.168285596898,-0.36706005340348824,-0.18318076475203232,-1.4019279479980469,2.236543004029456,1453335000.0,-0.1203099242336679,-0.3257012905552324,0.225311072488101,-0.07466970963979867,0.0015689490578888108,1.3759149759964686,0
AVGO,2018-02-01,19.059260758044726,19.38884692161233,18.773828059543288,18.82823371887207,66851000.0,-0.037965460752097446,0.03266471358521245,-0.012121511006345096,-0.025440675570018206,19.86675109863281,20.46710386276245,20.13927704754594,-0.08007337794730118,-0.2824677848815931,0.017607052027777983,0.5527842813027721,0.014329276159928924,0.16237495543715494,30.095028937249808,-0.43461931478899274,-0.20059202091002945,-2.4450931549072266,1.769973126464475,1386484000.0,-0.07989920916374361,-0.4207505822738164,0.0,-0.28206434656519863,-0.0024489485438320795,1.4867392750899138,0
AVGO,2018-02-02,18.66896174000395,18.762791057794626,18.457648010023984,18.56724739074707,58352000.0,-0.013958401274646901,0.016434479553407797,-0.00544831312094038,-0.008459209782831439,19.623030281066896,20.330932235717775,19.98955993737462,-0.08674884278079194,-0.3593616485595703,0.017626013927180297,0.5606126824497321,0.014402617622497924,0.17870673569592632,27.697748952560417,-0.503416855556388,-0.21551164934193978,-2.4372081756591797,1.4685752036996254,1328132000.0,0.04673109601791249,-0.43646849976008134,0.0,-0.23314743851715114,-0.02008360988610331,1.0177743579544893,0
AVGO,2018-02-05,18.504165890069476,19.239033267968242,17.945918378206844,17.985342025756836,70776000.0,-0.03184204130867914,0.07189826510891723,-0.028038219453636243,-0.0033974610964159642,19.35486602783203,20.159357452392577,19.79868204103007,-0.10784150391158953,-0.45734165191650433,0.018185124163685062,0.6229029274089736,0.01700275595178594,0.20054665948553557,25.221982862253043,-0.598000919683269,-0.24807657077505657,-2.681642532348633,1.6915506119610235,1257356000.0,0.2199314930007091,-0.5480888463012236,0.0,-0.22255954345758835,-0.04073092823835474,0.7442613502791411,0
AVGO,2018-02-06,17.7898017315405,18.955183259776923,17.733030405108636,18.95360565185547,77744000.0,0.05243709104933504,0.06448128532756678,0.06541972402072367,-0.010872203260649837,19.177299118041994,20.033633518218995,19.718198575394396,-0.05391073291034396,-0.5307471656799301,0.022851584520415937,0.6760130709515211,0.019136464117335838,0.1987932539070846,34.234336702494886,-0.5880500149123264,-0.19050053280329127,-1.7756690979003906,1.7400354300793088,1335100000.0,0.9166432728164303,1.0512945588373659,0.2944854273693308,-0.3424070342328118,0.016647723715709592,1.0243815137614993,0
AVGO,2018-02-07,18.825873751450064,19.168076368444822,18.68710137952336,18.717063903808594,40475000.0,-0.012558569291694719,0.02569713877862127,-0.00577980331857328,-0.00673918740062527,19.023702239990236,19.910945415496826,19.622852416195748,-0.059961065945136664,-0.5854043006896958,0.022828803542656373,0.6789416333621292,0.01923498470768164,0.2007554373996637,29.651093628488283,-0.5924217245238701,-0.15589779393186787,-1.5359687805175781,0.8914815332821606,1294625000.0,0.9104617022448706,1.055559862261058,0.2225441751248963,-0.3288399493651808,-0.004748438254727899,1.0319364206549246,0
AVGO,2018-02-08,18.717842632651962,18.806940605074978,18.09651646917765,18.101247787475586,43200000.0,-0.033454741572877714,0.03924724659017171,-0.03294155512192169,4.1605288488105914e-05,18.883982276916505,19.779820251464844,19.477937689650968,-0.08486287750852128,-0.6326730728149421,0.02338760218663681,0.7086788925711363,0.019726074332113794,0.2138359854554545,28.099003865480128,-0.6382205407700354,-0.16135728814242656,-1.3971996307373047,0.9395062372775196,1251425000.0,0.8568209282591324,0.8488300753021902,0.035251306415218966,-0.2887104436299232,-0.037088239392446584,0.9549852468462637,0
AVGO,2018-02-09,18.355143478201747,18.696557959843624,17.839474770028822,18.568822860717773,43282000.0,0.02550310962624759,0.04615710946149335,0.011641389927208952,0.014026419267175237,18.763422203063964,19.66943225860596,19.391355324990663,-0.05595532107171434,-0.6798669433593751,0.02441759830868419,0.735262107169906,0.020674774448533665,0.21619329772345963,34.47676002824413,-0.6295301996128693,-0.12213355758820832,-1.2056007385253906,0.9158389653698522,1294707000.0,0.7264493928908878,0.18437051736917814,0.17745849210262746,-0.355209491307421,0.01534677238487539,1.0122921051561156,0
AVGO,2018-02-12,18.754909954059467,19.355736543934466,18.726525037969427,19.270580291748047,35063000.0,0.03709561165529786,0.032651404167001775,0.027495217981679046,0.010021480345712172,18.754986190795897,19.591017532348634,19.37985294087232,-0.01635633472880713,-0.7183654785156257,0.026214772417486057,0.7559884438837676,0.021078421671597014,0.21022143757264442,40.14075570318818,-0.5595667446683699,-0.041736082114967155,-0.08436012268066406,0.7301977362891384,1329770000.0,0.6237373553674743,-0.44958562764718274,0.39088935061708585,-0.20342914765397063,0.013817098886526002,1.10580669931517,0
AVGO,2018-02-13,19.003282498611036,19.399102723871195,18.92837694276596,19.385698318481445,23719000.0,0.00595599841367107,0.024282116286398817,0.02012367177602733,-0.013870770318809353,18.79346408843994,19.522458648681642,19.380409643501757,-0.0070052821005401065,-0.7392217254638673,0.02630119817738118,0.7486668419244368,0.021161788303278903,0.2034359713650396,43.83686729677572,-0.4891920385802031,0.022910899178559707,0.3847789764404297,0.4990526646895885,1353489000.0,0.5576140537141339,-0.5435614965560388,0.42590107716215136,-0.158820921210981,0.003129172439935684,1.1097718089112072,0
AVGO,2018-02-14,19.31789026114718,19.605687221302468,19.198040156119117,19.52762794494629,25491000.0,0.007294686394684805,0.020875401053515832,0.01085717336910069,-0.003497839294735111,18.79054698944092,19.450903701782227,19.394430434115524,0.003944507890272815,-0.7759073638916014,0.02624502945991702,0.7167332373432705,0.02112372770905087,0.19202044213981767,50.22712648011876,-0.4171583010600237,0.07595570935899132,-0.029170989990234375,0.5431203372370129,1378980000.0,0.5733097056263278,-0.5073506871604311,0.469067220740503,-0.17209574178581472,0.01294358262429465,1.0936937619449827,0
AVGO,2018-02-15,19.65535597631511,19.857208568931977,19.272941729358493,19.856420516967773,25540000.0,0.016697126050283267,0.029424580265107126,0.010229503896681006,0.006540888208691899,18.89336566925049,19.380058383941652,19.43842948962526,0.02458001536130747,-0.8309136390686014,0.026314847180936428,0.7263076943578254,0.02131748763728575,0.17273972217855288,50.63301989547722,-0.3297392040831255,0.13069984506871168,1.0281867980957031,0.5469489500036405,1404520000.0,0.5636284441735112,-0.5414428141568149,0.6197443255516066,-0.14019916330571128,0.011774377349929319,1.1129810209290656,0
AVGO,2018-02-16,19.812265314336067,19.898997650786303,19.557584668670735,19.624605178833008,32639000.0,-0.01174326138030371,0.017397189845625115,-0.009471917139760363,-0.0022237241900661432,18.999101448059083,19.311065864562988,19.45616050764505,0.016236251085602785,-0.8825013351440454,0.026297352617189528,0.7095798240811553,0.021377082112239,0.154965010098929,52.143949973953106,-0.27598313850704415,0.14756472851583446,1.0573577880859375,0.6969796622620074,1371881000.0,0.5594039987400968,-0.5389854696215777,0.597413753174299,-0.1629004473247185,0.0006881514785182849,1.1313765592619907,0
AVGO,2018-02-20,19.613570827224027,20.164721554312884,19.516587777980067,19.68216896057129,41693000.0,0.002928951772346824,0.032929997567946075,0.0034974831414722007,-0.0005622712665262779,19.168784141540527,19.26182508468628,19.477685122209454,0.021822640057144387,-0.9119794273376449,0.026145695407072258,0.7082287190820503,0.02159669716632606,0.14200949472474567,55.68417474969413,-0.22612947333290379,0.15793471495197992,1.6968269348144531,0.8767810633964461,1413574000.0,0.4559207096656849,-0.5657127325742228,0.6183923220091069,-0.16164658380726282,-0.008406557672146622,1.1608509521931416,0
AVGO,2018-02-21,19.90846376657065,19.98573498130645,19.589914762934338,19.60331916809082,28156000.0,-0.004014199752489598,0.020191489756208783,-0.015327380450064754,0.011497452666557854,19.23375549316406,19.205527305603027,19.48965026943625,0.020712363474894926,-0.9469375228881844,0.026120325046596844,0.6680162135145612,0.021520835941315902,0.12446004675046606,50.421722965393855,-0.19078337183214344,0.1546246531621922,0.6497135162353516,0.5966486721303658,1385418000.0,0.5015820340179622,-0.5224309362369155,0.7134911144449655,-0.15641991158628205,-0.006392860642861227,1.1586474863922198,0
AVGO,2018-02-22,19.642743007376872,19.956559165554605,19.575720986112312,19.660877227783203,19342000.0,0.00293183644158703,0.019370355393421548,0.00092320203905783,0.002011079804802823,19.328136825561522,19.17591953277588,19.505957598802627,0.025289931673186525,-0.9625917053222643,0.02568859903062936,0.6392924495180653,0.021347137106868377,0.11601728684959026,58.59374553838572,-0.15632486165714354,0.1512665306697537,0.9438133239746094,0.421512799893652,1404760000.0,0.3893419116840777,-0.4616390510923709,0.8954916648029373,-0.2349588965638226,0.0037583306578219846,1.1565416490174734,0
AVGO,2018-02-23,19.880867792400146,20.108739682408807,19.73499693726317,20.00465965270996,18280000.0,0.01733449540173337,0.018682784483573064,0.0062266829365904336,0.011189254785949699,19.518478012084962,19.201230144500734,19.553453032508088,0.04184260600724608,-0.9301406288146943,0.024531487436964015,0.6448122170736023,0.020706991464601827,0.12135239863966768,64.58629604342386,-0.10012173446995831,0.16597572628555118,1.903411865234375,0.4171125679119956,1423040000.0,0.28541096474611377,-0.41283267123983153,0.9999999950478321,-0.1989199048738523,0.014791409060759571,1.1590289784143193,0
AVGO,2018-02-26,19.866671899371603,20.062217090049234,19.790978296713664,19.944732666015625,28878000.0,-0.0030001473447141625,0.013599520121006483,0.003929232183433735,-0.006897780603813725,19.656068992614745,19.209745597839355,19.590717759508806,0.03826115572693099,-0.9152443313598653,0.024367536368072686,0.5718210673289003,0.02055644792818752,0.12337657177577639,72.23905996543613,-0.059727457299263875,0.1650960027649965,1.3759098052978516,0.6744312595315554,1394162000.0,0.4001145858082182,-0.27352324337286593,0.9703231450081535,-0.18177433610820026,0.011934979942215273,1.1179294658181966,0
AVGO,2018-02-27,19.876918716760617,20.159196199449465,19.844590541967047,19.854841232299805,21176000.0,-0.004517213515901408,0.015845286982812266,-0.0011107096006328677,-0.003400093166982283,19.71449508666992,19.23474063873291,19.615872375965093,0.03223857315735344,-0.876853904724122,0.023857483899448455,0.5069962675299095,0.020404480772974874,0.12670051301811874,62.77652754588952,-0.03456969118218467,0.1522030151056606,0.5842609405517578,0.5120287834843151,1372986000.0,0.3543325665899702,-0.10790717410731494,0.9258073976731012,-0.23020850641151558,-0.012372754660946245,1.0881025810417557,0
AVGO,2018-02-28,20.033834797169273,20.066161478576838,19.395160635732797,19.433008193969727,28834000.0,-0.021474794657826736,0.034528922943951136,-0.029990593861966758,0.00901510935168207,19.71922607421875,19.256345081329346,19.59845673958458,0.00917428057102732,-0.837631435394286,0.023995535090916946,0.5205695428100936,0.0204262649251914,0.12633657889117866,59.64309913397157,-0.048115732852600956,0.11092557874819545,0.04730987548828125,0.7119743497622759,1344152000.0,0.3517051935618206,-0.15075133821881573,0.7169085941314421,-0.16676944283735973,-0.011803653718377861,1.0936377400605215,0
AVGO,2018-03-01,19.385693972158403,19.64274026933608,19.026933331160777,19.184629440307617,26044000.0,-0.01286366509630987,0.03209897484704504,-0.010371799536082416,-0.0024347348253578815,19.684926223754882,19.2377366065979,19.559044615843916,-0.0027605724804685224,-0.8236439704895027,0.023256567788207824,0.5138111715442347,0.020385880000883438,0.12562787022632826,66.19514510593785,-0.07799409077423292,0.06483777666125082,-0.3429985046386719,0.6894187562455741,1318108000.0,0.5746557523613728,0.3513789220816592,0.5939072648126534,-0.03709906970030452,-0.011979797945066418,1.0803906877637333,0
AVGO,2018-03-02,18.957542891334565,19.805164805923383,18.94177433546355,19.78072166442871,27402000.0,0.0305984016420255,0.04364807738920725,0.04342222920862786,-0.011836900456150304,19.677356338500978,19.28536100387573,19.580156715709133,0.0256858380922488,-0.7546989250183103,0.02261461927796899,0.5142616915903085,0.02080083501042049,0.12605424003347215,67.44597763071562,-0.052962722654463334,0.07189531582481633,-0.0756988525390625,0.7653270696536448,1345510000.0,0.5265152051281526,0.019371982417442143,0.8891021431283382,-0.1475853081227395,0.0041499510490197325,1.1083023084870944,0
AVGO,2018-03-05,19.704244177626318,19.817786835942357,19.19330522303636,19.47400665283203,25900000.0,-0.015627225897641712,0.03206744373246402,-0.01168466664348736,-0.0038662637339425656,19.662296485900878,19.33069896697998,19.570047185911314,0.0074134766685213585,-0.6829940414428712,0.022680932428342748,0.5026594008538302,0.021126142244129027,0.12099850761748537,53.304254128818535,-0.05721498248680845,0.05411444479397698,-0.15059852600097656,0.7577153857180887,1319610000.0,0.5265068225994695,-0.00326998716245367,0.7372117193614905,-0.2764746640566141,0.010424127345818643,1.0503275438726534,0
AVGO,2018-03-06,19.65772385399925,19.814631935788352,19.50081577221015,19.787824630737305,30030000.0,0.01598624673868577,0.01585905319436415,0.00661830319919784,0.009433970340176614,19.67286205291748,19.420823097229004,19.590787894942363,0.018897321266043144,-0.5697200393676773,0.02138544898636796,0.4933665081289078,0.019068451983972137,0.10279965248064465,56.135682884702156,-0.0348605897306804,0.06117507004008403,0.10565567016601562,0.9342218240191135,1349640000.0,0.5057077423164824,0.10726495013655386,0.8860808662623498,-0.13056909563265964,0.0032530423136512255,1.1543661215348335,0
AVGO,2018-03-07,19.608831981737193,19.66481524383187,19.265053394794005,19.479520797729492,31549000.0,-0.015703132715633922,0.02052216032332991,-0.0065945378114408044,-0.009045595073754305,19.66048221588135,19.447118854522706,19.58019102854114,0.0016661564847992166,-0.5205897331237779,0.018478007266612057,0.5015896631831899,0.017061859370631816,0.10015000243613226,49.301440642986556,-0.04154323063484355,0.04359394330873671,-0.12379837036132812,1.0574617097904613,1318091000.0,0.2575138883388922,-0.4633166548516538,0.7241065521271868,-0.0689444443667004,-0.0005187010523548507,1.0037744997418883,0
AVGO,2018-03-08,19.574931592090735,19.578085303948843,19.390425161189437,19.47163963317871,33554000.0,-0.0004046690558711415,0.009637613791047448,-0.005276746862348768,0.0048980052102905805,19.6415584564209,19.484847640991212,19.569852800411386,-0.0006778604610659872,-0.4585754776000961,0.01819115797207017,0.47326061341075565,0.016767042006395488,0.09352660473194344,43.838396804875906,-0.046934187710419906,0.0305623889865283,-0.1892375946044922,1.1378634455348842,1284537000.0,0.18586034688694286,-0.32963608306579834,0.7199660060618163,-0.16076588240780812,0.004976340640310085,0.9802414823759804,0
AVGO,2018-03-09,19.6001705521203,20.049607004061862,19.52526497810224,20.010183334350586,30782000.0,0.02728228154006901,0.02620375920281903,0.020918837462704797,0.006600929421607555,19.64211082458496,19.58029441833496,19.611789041738927,0.02195518139878045,-0.3563162612915036,0.017057153769456646,0.49015735546558303,0.01634192874854619,0.06828833477056076,55.62208314643736,-0.007662258400248589,0.05586745463735969,0.005523681640625,1.0663128687079326,1315319000.0,0.32989250755505417,-0.8612296566608018,0.9999999930621104,-0.03938417620613521,0.01614612457207838,1.1091681422014703,0
AVGO,2018-03-12,20.551866381164682,20.839663287801017,20.47065190332299,20.724544525146484,53881000.0,0.0350774130159759,0.017805524452043968,0.00840206629875897,0.027070369009773814,19.720092010498046,19.688080501556396,19.717765754444407,0.05264423939051402,-0.2543964195251469,0.017812549313797364,0.5031106538311269,0.015267747078321743,0.06877080456093392,62.75565124832246,0.08017974426694252,0.11496756584364064,0.7798118591308594,1.8328335768335218,1369200000.0,0.4006096105499774,-0.8555129092627094,0.9999999935061356,-0.03715331960528127,-0.0017287504223193798,0.9499600297651046,0
AVGO,2018-03-13,21.00761203360055,21.592668540569957,20.518752025574116,20.596811294555664,66855000.0,-0.006182451418440438,0.05213994045565239,-0.01955485174575222,0.013658563550605534,19.79428901672363,19.754392051696776,19.801484377312146,0.042644655438033745,-0.18934650421142862,0.016284987305826847,0.5515461035899646,0.016135084431184332,0.07690131152601785,62.01372956633823,0.1378985513890676,0.13814909837261258,0.7419700622558594,2.1575002622046155,1302345000.0,0.5052344720402926,-0.5867993599860487,0.9170517640752226,-0.11540892205296577,-0.004750113919110379,0.8087342465016999,0
AVGO,2018-03-14,20.65831331202973,20.685120618338622,20.118199854909783,20.547136306762695,39619000.0,-0.002414693524848998,0.027591229974287774,-0.005381707767423436,0.0029859970358772215,19.90570182800293,19.81246395111084,19.87249884678363,0.037081321994776505,-0.13709362030029482,0.016324715179443484,0.5648377167318609,0.01622917023686313,0.08240802193767272,60.73749287302767,0.17758566846834256,0.14226897236151004,1.1141281127929688,1.2465763122497615,1262726000.0,0.5842537374125699,-0.5455546297884358,0.8847934999933534,-0.10552017041715775,-0.005849978249900901,0.8050824953557719,0
AVGO,2018-03-15,20.794713191864396,21.202360072188675,20.776578976245723,21.112472534179688,57990000.0,0.027142402443300895,0.020167277662621844,0.01528077541780196,0.012049216075926633,20.098486137390136,19.89170618057251,19.990591578916586,0.061370620594916554,-0.05903409957885941,0.017204242958575196,0.5796492389318877,0.016212519130214827,0.099468198273556,62.7379017383156,0.2517538419458418,0.17314971667120743,1.9278430938720703,1.7358533489786627,1320716000.0,0.4707660441583682,-0.981645143821194,0.999999994812856,-0.13804815891502822,-0.0007168465737791476,0.81641091113966,0
AVGO,2018-03-16,20.73715905115796,20.78446924345144,20.059850890058456,20.096120834350586,113955000.0,-0.04933717808258609,0.03605762321023702,-0.030912537967077654,-0.017776860688113162,20.130026054382324,19.90369119644165,20.000641984196015,0.009668037748026298,-0.023299961090089027,0.02048456198368613,0.6354622997022921,0.01641553757032806,0.09981021988332005,51.426865834197706,0.2259173312430356,0.11785056477472095,0.315399169921875,3.0124550762068782,1206761000.0,-0.16905815464834456,0.4252416137557761,0.4728037215332718,-0.2704846854017303,0.003561692877132314,0.6659960430317672,0
AVGO,2018-03-19,19.956556188300446,20.223853173609747,19.14205188987314,19.313941955566406,71267000.0,-0.03969958688691513,0.05601141836634285,-0.032200657585839725,-0.0069448550394651185,20.11401958465576,19.88815803527832,19.935241981469385,-0.028872260488106836,0.0007016372680652694,0.022192709714619625,0.690261987291877,0.017848567966987892,0.10267436456309925,45.49040192941678,0.14070445838206425,0.026110153530999686,-0.160064697265625,1.7924588807412594,1135494000.0,-0.2529841300879471,-0.035108978866611504,0.06707626517897906,0.03010675932121898,-0.01346411150513367,0.9251720685032332,0
AVGO,2018-03-20,19.325774871253778,19.5583780947634,19.024573510906833,19.109729766845703,61918000.0,-0.010629599013477391,0.027933654221701708,-0.0111791173050267,0.0006126618643979615,20.046210098266602,19.85953607559204,19.85662177055284,-0.03775547955978266,0.018221836090084764,0.022286040542186903,0.6804622545070573,0.017695565265420668,0.10835427065090232,47.20326996558435,0.056048335434841334,-0.04683677553297859,-0.6780948638916016,1.518692391085733,1073576000.0,-0.1543035293363256,-0.12121007890652759,0.0,0.06864207130229198,0.0027272601389912374,0.9677523985985257,0
AVGO,2018-03-21,19.247336844785128,20.048175366549962,19.205734784201766,19.680957794189453,54912000.0,0.029453941620634857,0.04280485689415315,0.02252888036801422,0.007200890835105643,20.066353797912598,19.86341800689697,19.839891868042045,-0.009185740971282328,0.057846298217771874,0.023329037073983063,0.703507873187697,0.01841606266896079,0.10799707560375789,54.066643734930075,0.0346516334787097,-0.05458678199128818,0.20143699645996094,1.3040628473178746,1128488000.0,-0.2380984830352389,-0.4216933770728211,0.2852228622709895,0.036702931099655514,-0.0011045602394652364,0.9485629507884445,0
AVGO,2018-03-22,19.36333670198101,19.738556282974532,19.320935052081595,19.486543655395508,43078000.0,-0.009927400435323287,0.021431262416975218,0.0063628988767346645,-0.01613849770574773,20.067844200134278,19.85470132827759,19.806239657313803,-0.01854259435130938,0.082815265655519,0.023433105244157593,0.671667213218633,0.018458149227582682,0.10902359867316666,47.41983050236589,0.0019841250511305475,-0.06980343233509387,0.014904022216796875,0.994983277591973,1085410000.0,-0.14886125376463194,-0.5002509486376264,0.18814891897970676,0.0015468220596126943,-0.023813689197963277,0.8052271452171309,0
AVGO,2018-03-23,19.471341373697562,19.61854850684146,19.233730697488255,19.399337768554688,59070000.0,-0.004485228563314072,0.019836646680723706,-0.003697927313993898,-0.0007801425417860641,20.006759643554688,19.824435234069824,19.767487096479602,-0.021443105958960325,0.07903743743896641,0.02307333540755743,0.6545483701077194,0.018477902929785992,0.11081214146463157,49.3188678138249,-0.030589282781726013,-0.08190147213436035,-0.6108455657958984,1.3029754250055694,1026340000.0,-0.023815687071669,-0.35524707776471537,0.14460569024970116,0.00794131820823732,-0.019406580564770314,0.675989155813118,0
AVGO,2018-03-26,19.814561992309915,19.907365874614662,19.241734503640973,19.81936264038086,48713000.0,0.02142044114210968,0.03358490294141206,0.00024227878821567148,0.02140404114352216,19.916241455078126,19.818166732788086,19.772427624470197,6.0344007006028106e-05,0.09191333770752053,0.02362850481416258,0.6777630906803884,0.018945935280847537,0.11069978386032034,50.282220589878285,-0.022254905607297815,-0.05885367596794572,-0.905181884765625,1.0515159266466563,1075053000.0,-0.14270399540042303,-0.5656373620733205,0.35433051191916265,-6.934489093031064e-05,0.025643884997349434,0.7758396822486644,0
AVGO,2018-03-27,19.847363182915988,20.340986064950272,19.328937462034194,19.550548553466797,63917000.0,-0.013656025948659356,0.05176573944361061,-0.014954864611694683,0.001412787234544003,19.811615180969238,19.802952098846436,19.751296284374636,-0.012745753461014779,0.10246522903442568,0.023804545125095014,0.712711474035587,0.020036367533382664,0.11141922219656332,50.64012367016615,-0.03691536454802957,-0.05881130792694198,-1.0462627410888672,1.3188688394358639,1011136000.0,-0.08646221682215295,-0.6563199461220305,0.22010754032422672,-0.037936064286456316,-0.015347845619445369,0.8048632579684614,0
AVGO,2018-03-28,19.52734608917095,19.75535700526685,18.848912061628244,18.93531608581543,41744000.0,-0.031974590620281414,0.04787060004976215,-0.03031799612445321,-0.0011867935179614866,19.650433158874513,19.77806749343872,19.673583884511856,-0.042610402026222446,0.11401182174682489,0.024376301936762258,0.7640532455269583,0.020503169127097372,0.11723824791838752,45.64340758542794,-0.0970591646755139,-0.09516408644354105,-1.6118202209472656,0.8500274898694739,969392000.0,-0.0944642873143537,-0.7805829182846222,0.0,-0.021887307940420438,-0.0014334835185657244,0.7539513301991355,0
AVGO,2018-03-29,19.04812193585427,19.2681322791161,18.781708895055004,18.85291290283203,46874000.0,-0.004361321808698892,0.025800967007597826,-0.010248203658981922,0.005957431580629528,19.424477195739748,19.76148166656494,19.595424743399494,-0.0459767530898443,0.13954227447509737,0.024234583524479707,0.7575143893253828,0.02034388257760668,0.1218289354123291,39.84702749197557,-0.14964776154129922,-0.11820214664746109,-2.2595596313476562,0.9346666533733461,922518000.0,-0.14756573669612708,-0.7092876995836603,0.0,0.026209475601024844,0.013912380320951738,0.6599083335397424,0
AVGO,2018-04-02,18.71690347638478,18.890511096298127,18.036070759771277,18.21527862548828,53088000.0,-0.03440670578030126,0.04690789274352185,-0.0268006324476372,-0.007214239367054057,19.236392974853516,19.68320951461792,19.463982255979378,-0.07457782163491625,0.1224310874938972,0.02411604110161892,0.7592972738308413,0.020412752347310877,0.14103153497542648,27.68527433115497,-0.24000967851437593,-0.16685125089643024,-1.8808422088623047,1.0321416628430555,869430000.0,0.016224161222546666,-0.7462558904776873,0.0,0.0748482974461869,-0.022413804772428967,0.7312631276791282,0
AVGO,2018-04-03,18.469691503538098,18.959314736887336,18.177677597179397,18.943313598632812,45569000.0,0.039190298035573515,0.041261901473865326,0.025643205504951437,0.01396700447358633,19.199330139160157,19.65667486190796,19.414394764803514,-0.03629104453951344,0.13711927413940472,0.025832364874163318,0.7384201755959913,0.020740237163796724,0.1449506214669098,36.71408228360751,-0.24999403522518548,-0.14146848608579182,-0.37062835693359375,0.8693346305914447,914999000.0,-0.05561454213774389,-0.8890883246186841,0.2512896939509549,-0.025687887065146704,0.012809679717224126,0.9528297779201164,0
AVGO,2018-04-04,18.40489026749548,19.03452127140284,18.360889419252764,18.96011734008789,37720000.0,0.0008866607660464269,0.03552888622532467,0.03016736661947455,-0.028422869543594007,19.184368896484376,19.61528949737549,19.37113024816393,-0.03340109545878733,0.12987125396728416,0.025521973898515078,0.7460423962189368,0.021189002478526966,0.14848816532254677,37.180523348527004,-0.25362713264350134,-0.11608126680328612,-0.1496124267578125,0.7143567333140792,952719000.0,0.024000621723708038,-0.7764106988367759,0.2570896997243579,0.00549874350932281,0.011244148553947743,0.9000402388490369,0
AVGO,2018-04-05,19.261732938705123,19.335335746155405,18.800910452037822,18.905715942382812,35798000.0,-0.0028733784744040427,0.02826792148277385,-0.018483123884564273,0.015907897256496308,19.10684471130371,19.586599254608153,19.326805076184776,-0.034762712149610214,0.1376521873474097,0.025318839617680933,0.7374139339826227,0.021343255576761658,0.15212489361755321,30.570698514173756,-0.2579229514332617,-0.09630166847443719,-0.7752418518066406,0.6752403084398436,916921000.0,-0.04973455620889069,-0.6919894487386368,0.23831242791175863,0.00607965610250919,0.005763962923395675,0.8871908535176303,0
AVGO,2018-04-06,18.699306661899186,18.924117679815623,18.221683389488906,18.310487747192383,30248000.0,-0.03199031052929864,0.03836240190001495,-0.020793226269245044,-0.01091782406509654,18.989239120483397,19.52854166030884,19.23001294961407,-0.062373009397234384,0.1184454917907729,0.026206398163608303,0.7124005515687288,0.021901207171705413,0.16339405546287558,33.0192510280295,-0.3058319196007311,-0.11536850931352524,-1.176055908203125,0.5723378852183257,886673000.0,0.06270301664105349,-0.9401362959932033,0.032862529874115316,0.008228931168262676,-0.020787743347927823,0.9576909293614446,0
AVGO,2018-04-09,18.399287719575593,19.173725441078428,18.34168606146121,18.780107498168945,37494000.0,0.025324201213664688,0.044304292680715396,0.020697528306012115,0.004849678152174089,18.927316093444823,19.467037868499755,19.1871648113812,-0.03528684613540952,0.07130849838256736,0.02608724622572991,0.696788866579403,0.02241634394624771,0.16561313303565228,44.602559966953024,-0.30241962769277464,-0.089564973924455,-0.6192302703857422,0.7049665792368219,924167000.0,0.05923749079701746,-0.9232144306412383,0.19495722016970954,-0.17032931546219116,0.0021152253205469133,0.9199742073135546,0
AVGO,2018-04-10,19.16572764212772,19.325736001236844,19.013721379522135,19.18092918395996,33244000.0,0.021118315902898234,0.01626691900895825,0.0007931627803629476,0.02053343645644056,18.863472747802735,19.38985710144043,19.18657094210299,-0.010775113827795951,0.005997619628907103,0.025151580858838958,0.6976334322373555,0.022394510099961865,0.15498736529138227,50.69234851418637,-0.2643254225998781,-0.04117661506524678,-0.6384334564208984,0.6374242263005561,957411000.0,0.0028132493075138493,-0.8545974206627489,0.3333054623101795,-0.09782658853309806,0.01604724758433671,0.9527887490015406,0
AVGO,2018-04-11,19.050523996951085,19.258534266663602,18.96731988906608,19.226531982421875,19922000.0,0.002374685465116957,0.015146484956949337,0.009239010192400404,-0.006798689769311429,18.83107109069824,19.32134313583374,19.19037675546669,-0.004907068452552619,-0.0599481773376489,0.0251775626208736,0.6514026306583028,0.021418875789547317,0.14406281751252012,45.07796610718891,-0.22782944981389264,-0.0037445138234090403,-0.3240165710449219,0.39998393800068255,977333000.0,-0.05290693285070417,-0.8633816588098104,0.3490457957989753,-0.08286039601706328,-0.0028844991635940346,0.9507152856472694,0
AVGO,2018-04-12,19.315335587749786,19.412140510084857,18.968918351448128,19.15532875061035,41036000.0,-0.003710258550977921,0.023138321674130668,-0.008283927365884076,0.004618805170329252,18.853072357177734,19.25175275802612,19.187038850242278,-0.0050085833003171475,-0.1326267433166528,0.025177269386424755,0.653231268354288,0.021318108002671896,0.1316548076300394,46.31412438754635,-0.20231942182335416,0.017412411333703554,0.22001266479492188,0.8227299292170772,936297000.0,-0.04436075448010824,-0.8638734474014977,0.3244691765564207,-0.08866630108043529,0.0072203387310899635,0.9371192812034557,0
AVGO,2018-04-13,20.000964719534636,20.160973047671916,19.59294485614183,19.756153106689453,48312000.0,0.030884051873468897,0.028751963409831615,-0.012239990228255303,0.04414625193510917,18.943396377563477,19.18393678665161,19.24124020799915,0.029827888097385614,-0.20442979812622042,0.02543794821552225,0.6975760174763137,0.021488827491822602,0.09952443665173137,53.56341324228887,-0.13209828975809756,0.07010683471916815,0.9032402038574219,0.9780954955009671,984609000.0,-0.024464889738899518,-0.8786793418315311,0.8192470722680957,0.03946209952239191,-0.0012876608566521602,0.9322623874878672,0
AVGO,2018-04-16,19.928166257339317,19.992169298601386,19.65535335118298,19.9505672454834,25172000.0,0.009792583757821934,0.01688252484780006,0.001124086774646941,0.008706814009839803,19.11692523956299,19.176659107208252,19.308795163950034,0.04035677609665997,-0.23415414810180835,0.023231745275753286,0.6740892015080792,0.021077648038691745,0.09669874894185103,51.37213355612908,-0.060067519492545074,0.11371008398777654,1.7352886199951172,0.5599402066075256,1009781000.0,-0.011645539465769007,-0.8585190127149436,0.9999999942372699,-0.11366558970736122,0.007238453343808448,0.999956130119041,0
AVGO,2018-04-17,20.07217610778632,20.228983045310535,19.972171247358265,20.140178680419922,25084000.0,0.00945918287941805,0.01275121744944736,0.003387902349728007,0.006095509005161333,19.236611747741698,19.21797094345093,19.38797454647098,0.047986737996572625,-0.22430093765258619,0.021426834988755573,0.6216868584302977,0.01981687121322863,0.10633181578969149,56.27021035511049,0.012177073325744914,0.14876374144485321,1.1968650817871094,0.5881959824741796,1034865000.0,-0.04029064240371171,-0.6925105004365365,0.9999999948049252,-0.17628488407118414,0.009142374089563724,0.9032437442941239,0
AVGO,2018-04-18,20.08097241032147,20.134574553501746,19.797758626907754,19.96816635131836,20511000.0,-0.008577436120968115,0.016867644254329753,-0.005617559580379283,-0.002939709276562338,19.337416648864746,19.26089277267456,19.443230908837396,0.03672070586883712,-0.22103559494018654,0.021367228522448913,0.5813993662784094,0.01959671377156548,0.11146026930155557,62.12659481770974,0.05491841098068306,0.1532040632798331,1.0080490112304688,0.5055045803727882,1014354000.0,-0.05131895444323455,-0.664341268403092,0.9106383015745437,-0.14958454516020442,0.0004299913180082426,0.9127958960100081,0
AVGO,2018-04-19,19.484144176635564,19.703354932760952,19.253732926618838,19.42974090576172,50141000.0,-0.02733439449958211,0.02314091619087795,-0.002792181701835322,-0.024239690623913453,19.389819145202637,19.248331928253172,19.441946146639715,0.009424659658327235,-0.2431191444396994,0.021301410632503005,0.5976857977525827,0.018984366617206327,0.10998261268716397,56.11741427031486,0.04482804555503961,0.11449095828335171,0.5240249633789062,1.2430599887199636,964213000.0,0.11689830238345794,-0.6372210111209535,0.6309222501463041,-0.07908279211888178,-0.008623333456720892,0.9663459097693285,0
AVGO,2018-04-20,19.29853580682764,19.328937366808223,18.80171147800377,18.97052001953125,41530000.0,-0.023918732244608543,0.02779185219929257,-0.01699692610930474,-0.006752797145903812,19.455822372436522,19.22253074645996,19.397048420248435,-0.013110174207629674,-0.27398944854736484,0.02183801431651665,0.5815135899833754,0.019129868259804676,0.11020388670807721,58.32455771502812,-0.0002213774897619203,0.055553228190840145,0.6600322723388672,1.0315616123956297,922683000.0,0.14806655811622443,-0.8076241259182815,0.3923535604794059,-0.005988452372913804,-0.008061559611775654,1.1051007110238757,0
AVGO,2018-04-23,19.040122661123306,19.066524697606706,18.570499985015186,18.676904678344727,31337000.0,-0.015598479677018025,0.026558186212786272,-0.019076451819790213,0.0036689896492239377,19.445502090454102,19.186409091949464,19.32846330197189,-0.026555485755433452,-0.32162424087524144,0.022064528032025434,0.5611127023322027,0.019271881436413806,0.11287380678663564,46.752538595585506,-0.058936293103961646,-0.0025293499386876625,-0.10320281982421875,0.8061441577250871,891346000.0,0.21075421357973156,-0.8843026791831884,0.23981819174224983,0.04032221487030476,-0.0006520193162840476,1.249592520411141,0
AVGO,2018-04-24,18.860116558557266,18.8905181222204,18.136082330434814,18.2720890045166,44889000.0,-0.021913012076903864,0.041288973099146455,-0.031178362652381334,0.009809541964679385,19.354618072509766,19.10904541015625,19.227856226023768,-0.043798964691183585,-0.39305324554443644,0.021779904774363278,0.5668844123061676,0.01950651802203661,0.11649806625178041,42.33790034923518,-0.13655935717426715,-0.06412193120719453,-0.9088401794433594,1.1604772307175262,846457000.0,0.43472379788862947,-0.6541534463991293,0.0295134173785473,0.09728809932499573,-0.013740038538594571,1.3270295854723426,0
AVGO,2018-04-25,18.320884704589844,18.488893613895417,18.06967322873277,18.320884704589844,34023000.0,0.002666945265675837,0.022882103768100216,0.0,0.002670504727794429,19.264053344726562,19.047562217712404,19.141477985887203,-0.038150683244143065,-0.4355425262451149,0.021700470333453785,0.5586554902379578,0.01852083118492863,0.1203057862939065,43.4789936991669,-0.19192638164317088,-0.09559116454087861,-0.9056472778320312,0.9149214237310012,880480000.0,0.3216215958236662,-0.6849849370227653,0.054863149015121945,0.0538353229198032,-1.4882324427917203e-05,1.3961459677047507,0
AVGO,2018-04-26,18.480892896678192,18.55129577209902,18.264882097562047,18.434490203857422,32751000.0,0.006181727778576498,0.0155368372661411,-0.0025108469084847203,0.008733649857436316,19.19196949005127,19.0225209236145,19.07414581617008,-0.03091234446839144,-0.4415596580505401,0.02071356752827432,0.5289397319672619,0.017538595803111522,0.12380547123397795,51.54902657853026,-0.22405536233515022,-0.10217611618628634,-0.7208385467529297,0.8914953936274315,913231000.0,0.22251390106283464,-0.5232984880990105,0.11388205671702002,0.049879817350638636,0.012629517749484611,1.3304532545826473,0
AVGO,2018-04-27,18.686500159753077,18.736902367227287,18.456888577529284,18.6232967376709,27211000.0,0.0101899321635866,0.01503567244252943,-0.0033823038829113084,0.013670568217987502,19.078683853149414,19.011040115356444,19.031207808693967,-0.020395695087107996,-0.4349538421630861,0.02085091146912079,0.4888807655018204,0.017317648484539115,0.12507796984159533,47.893331914410176,-0.23161281331571004,-0.08778685373347694,-1.1328563690185547,0.7610616993902779,940442000.0,0.1111596870288551,-0.6249252016097824,0.21196846507307238,0.049250735694184915,0.0017657634423508882,1.4617587176273528,0
AVGO,2018-04-30,18.60729866952296,18.7305056118421,18.266483250600594,18.3544864654541,39682000.0,-0.014539271110411433,0.02528114103666458,-0.013586722523408295,-0.0008590352381367675,18.919075775146485,19.018000507354735,18.96675815695684,-0.03488873824012932,-0.39795476913452177,0.01963060339274963,0.48305175537136386,0.016511026965308657,0.12312625532325217,38.48889636140137,-0.256337985362606,-0.09000962062429829,-1.5960807800292969,1.1310665636748687,900760000.0,0.2355541017749283,-0.49508099297095143,0.044107872100185845,0.25079088324127385,-0.00811996229454386,1.469129093379211,0
AVGO,2018-05-01,18.468886847315556,18.468886847315556,18.109670060111036,18.431285858154297,44947000.0,0.004175500441116961,0.019489513090629094,-0.0020359098765264875,0.006232829345390457,18.74818649291992,18.99239912033081,18.91576079516612,-0.02954409594733168,-0.39968976974487447,0.01734809711434998,0.48790907034329223,0.0157355186189372,0.126336795839372,39.01884884425519,-0.2666618810202692,-0.0802668130255692,-1.708892822265625,1.2822729269726065,945707000.0,0.0015590493900026262,-0.5580004906563332,0.08521906353800952,0.24891808711535848,-5.3739897738480534e-05,1.2965420354909312,0
AVGO,2018-05-02,18.664904147936713,18.676104641709124,18.144879260849798,18.300086975097656,52950000.0,-0.007143726514439995,0.02902857135553067,-0.01954562261622593,0.012675094487727242,18.581378555297853,18.9593976020813,18.857125193254838,-0.034774872096332725,-0.40504964828491197,0.01738908162999605,0.4941950147877634,0.01546643734547027,0.13071334113234742,38.38288328797687,-0.28217752918939354,-0.07662596895575483,-1.6680793762207031,1.478467977695935,892757000.0,0.07590964506403843,-0.5808005337852759,0.014987487374042315,0.2427193141379091,-0.008137146063859416,1.3606927791183765,0
AVGO,2018-05-03,18.120081193934816,18.231286552287482,17.81526595774762,18.020875930786133,58011000.0,-0.015374952763174937,0.023085481299956943,-0.00547487961186069,-0.009836334734790517,18.44049205780029,18.915155601501464,18.777482406353055,-0.047278472833263904,-0.41764278411865163,0.01765430052055502,0.45699335195122565,0.015318359429090912,0.13834828225223858,24.172368479744605,-0.31339121115655644,-0.08627172073833417,-1.408864974975586,1.5710600613409702,834746000.0,0.16264307937276987,-0.7108813039499645,0.0,0.265774971975241,0.00030418947004688315,1.3925943376993362,0
AVGO,2018-05-04,17.892870294658582,18.568103034476536,17.75926394127134,18.44249725341797,51303000.0,0.023126775039052246,0.043857351943849175,0.03071765174625369,-0.007103186139185994,18.387689781188964,18.921756076812745,18.745579058454474,-0.025328453722579632,-0.38667470932006864,0.017127761762187818,0.4907092909359965,0.01564042950637702,0.13707788628462114,28.97603303214497,-0.3006413554945979,-0.05881749206110051,-0.5280227661132812,1.3508788098216047,886049000.0,0.1264077065100639,-0.9096821469568575,0.19894341226861387,0.3802438347025632,0.012615656226580247,1.4352646332647119,0
AVGO,2018-05-07,18.504903841520722,18.952926839353218,18.480903644962424,18.878522872924805,36953000.0,0.023367285144212893,0.025003184693953337,0.020190271422208916,0.0033838469511599067,18.40785160064697,18.92667684555054,18.758240374118316,-0.002544238113919716,-0.35923120498657113,0.01697801712626549,0.5072817042294331,0.01485259817187287,0.136881940328705,33.54203274520164,-0.25244336952534496,-0.00849560487347803,0.20161819458007812,0.9737170441984216,923002000.0,0.10753136238755948,-0.9111726437262755,0.40468353954621916,0.38167258726310377,0.003509195637827365,1.4534704650835775,0
AVGO,2018-05-08,18.860110283960253,19.117723126988988,18.786507486496383,19.108922958374023,40149000.0,0.012130476564126663,0.017333035516485108,0.013192535490815754,-0.000975319366270886,18.491534996032716,18.92307653427124,18.791638715476,0.009821152689838252,-0.3461153221130395,0.01650093512841155,0.5064813890137501,0.014877169850738914,0.13663553991240832,38.959575382650684,-0.19342507319421998,0.040418153166117576,0.8368339538574219,1.0483944672639485,963151000.0,0.11128549626199942,-0.7534783769534869,0.5133985800952304,0.4203750626479034,0.0020079206976611527,1.4869343084699616,0
AVGO,2018-05-09,18.8649166373843,19.131329729616876,18.72491044444814,19.044925689697266,35031000.0,-0.003354698462314272,0.021340029967940405,0.009542000936321323,-0.012769234640866697,18.563939094543457,18.91399621963501,18.815761284449454,0.0069223588961655645,-0.33899732589721765,0.01650611823633576,0.48448037904726554,0.015015267937577525,0.13602023193415,44.36897932141231,-0.1500865881204696,0.06700531059189438,0.7240409851074219,0.8970542480823226,928120000.0,0.16835840967047438,-0.7449435620342834,0.4832012577042491,0.4083997059247394,0.011762222938133688,1.3137206784655913,0
AVGO,2018-05-10,19.17932989103723,19.499345107189,19.089725935705317,19.48174476623535,25747000.0,0.022677163163142246,0.021025794978248254,0.01576774979931734,0.0070572184701499655,18.66866455078125,18.93031702041626,18.87918828271478,0.02912934553251721,-0.323651256561277,0.01727768337989543,0.47207966402825036,0.014965505910804379,0.1381220459221199,57.53014163413932,-0.07957557988448727,0.11001305506230138,1.0472545623779297,0.6724789548328791,953867000.0,0.03279218783544564,-1.0350566538130672,0.6893157803001464,0.435904354288424,0.008876486078617789,1.4655110012936634,0
AVGO,2018-05-11,19.447339996502908,19.560945643739277,19.328933702297398,19.47134017944336,24052000.0,-0.0005342111955415872,0.011915560982683019,0.0012341113454295517,-0.00176600043503659,18.753468894958495,18.916076374053954,18.935583701450835,0.029354068682947713,-0.34362611770630025,0.015728608211407837,0.4532216089461331,0.014553503689459252,0.13483580747273266,62.76689048210463,-0.024255063775495245,0.13226685693703474,0.8480434417724609,0.6487617907033826,929815000.0,-0.038704646485382785,-1.0025600259404959,0.6844063416912946,0.39101524240368385,0.001671265062104351,1.5402386388115825,0
AVGO,2018-05-14,19.703355198262866,19.874562532058512,19.504944702710883,19.581748962402344,27580000.0,0.005654306972548706,0.01887562902928394,-0.006171854213414622,0.011915719035326271,18.87619514465332,18.897635459899902,18.997123250112885,0.036201010628662794,-0.35808757781982337,0.015609990961832446,0.4281349347196736,0.014592929301248819,0.12931180872281342,73.24643866428774,0.02817117015022319,0.14775447269020253,1.2272624969482422,0.74151545540825,957395000.0,-0.008798042541466522,-0.9392365641609652,0.7365030902361145,0.37401597739030346,0.0008400449766697905,1.5328776638788237,0
AVGO,2018-05-15,19.385736232082692,19.556143930671194,19.080921107353824,19.327333450317383,24984000.0,-0.013077622099130586,0.02458812149607142,-0.0030126677179548264,-0.010009970544306484,18.96579990386963,18.856993198394775,19.028571840608553,0.024942484028324347,-0.3957963752746565,0.015637660926281858,0.43396403971152175,0.0148634970953768,0.1161740541052014,66.64914156291655,0.04862956134849483,0.13457029111077937,0.8960475921630859,0.671809750706524,932411000.0,0.18703605220315794,-0.9209171738218737,0.6709104605285683,0.37258425116420313,-0.00573662646956353,1.5636839823060165,0
AVGO,2018-05-16,19.372138039899536,19.377738286498932,19.12012541697406,19.241731643676758,29330000.0,-0.004438891478878248,0.013388237304288987,-0.006731647063781596,0.002318198198283643,19.05996437072754,18.820671463012694,19.0488727742341,0.02237221882693345,-0.4211962509155285,0.015573230813417355,0.43190683935351465,0.014799375034469894,0.1044144853161262,63.47864117733632,0.05727539823793393,0.11457290240017477,0.9416446685791016,0.7794302691598867,903081000.0,0.14957205977297378,-0.890791515977122,0.7821620851536305,0.3652491673619794,0.004495648658409441,1.5283673746588697,0
AVGO,2018-05-17,19.050524318523944,19.333738129841684,19.040923022708196,19.15692901611328,22825000.0,-0.004416964757533279,0.015285075532427212,0.005585394698560575,-0.009937116299802895,19.173569679260254,18.807030868530273,19.05916384488926,0.018604645775450138,-0.428385009765627,0.014424420475959609,0.4312213353366306,0.014615471215539766,0.10146596204728658,59.23074047498665,0.05663160900678221,0.09114329053521845,1.1360530853271484,0.6294077500568741,880256000.0,0.23954189074045718,-0.75965962682062,0.7278318319540061,0.2608750287652499,0.0013211629783835945,1.4158383852455056,0
AVGO,2018-05-18,19.189731753046715,19.2505348760722,18.871315719508598,18.880117416381836,25262000.0,-0.014555098914130506,0.020085635486234207,-0.016134375429942022,0.0017123170893331892,19.21733169555664,18.802510738372803,19.042111804079028,0.004127463563117463,-0.4210746955871585,0.013784715162077864,0.42516396357392316,0.014386032002189705,0.10123426083309049,59.06723464387781,0.03340000425728462,0.05432934862857669,0.4376201629638672,0.712592222753474,854994000.0,0.3767500886178413,-0.7668839332689594,0.5504877480015921,0.1892649945308146,-0.0015621412352236413,1.3416392535273856,0
AVGO,2018-05-21,19.157725967031578,19.240930064818713,18.934515707560667,19.12492561340332,25720000.0,0.012883110423747032,0.016021728047040554,-0.0017121214525973496,0.014703751281168792,19.241971969604492,18.82491178512573,19.049998833538485,0.015937064223337828,-0.3809684944152849,0.013585865427407277,0.4252779536619486,0.014109386176102813,0.10202783628362583,61.309858291926496,0.03434683671728678,0.044220944870863074,0.24640274047851562,0.73130508956497,880714000.0,0.17986021808360533,-0.838758195946355,0.7073283048530301,0.029585707113630445,0.008174399201930915,1.3365375034018747,0
AVGO,2018-05-22,19.22013006495661,19.310533608887855,19.007319170347948,19.080123901367188,19218000.0,-0.0023453304283808547,0.015891638856667167,-0.007284350472312742,0.004978029900757762,19.239092063903808,18.86531352996826,19.05286788761741,0.011386525378644046,-0.30767833709716896,0.012512550881473237,0.40899145778199014,0.01317710255897812,0.09858442991394092,63.08729733339404,0.03112331433159099,0.03279793798813383,-0.028799057006835938,0.5671293393081894,861496000.0,0.33152352471777885,-0.7785284948068795,0.6786253220724814,0.015934799700750006,-0.003698765418512011,1.2571131034545477,0
AVGO,2018-05-23,18.899316007521016,19.251333508317487,18.883316391175704,19.2457332611084,23454000.0,0.008642227611080374,0.01912201067933577,0.018329618556895355,-0.009476243172258232,19.25917282104492,18.91155595779419,19.071236018426077,0.01767053456010196,-0.23441434860229649,0.012595306967775374,0.4006483220528292,0.013071661530767284,0.09598734531049785,71.36482391997735,0.04145408401637951,0.03450296613833788,0.2008075714111328,0.7030997062173989,884950000.0,0.25331315853794867,-0.8799805729271433,0.784725789775947,0.0053394785768488265,0.005031595964528439,1.2772454270267226,0
AVGO,2018-05-24,19.269734517576698,19.549748397343564,19.200930828088314,19.48334503173828,22799000.0,0.012270612288695294,0.01790337175202685,0.011085285780968493,0.0012470949348965946,19.259332847595214,18.96399869918823,19.110484495884382,0.027385908452863487,-0.16069578170776566,0.012763144449745484,0.36778964177069007,0.013128127875871339,0.09626277763825793,69.40057032077081,0.06803036579668387,0.048863398334913793,0.0016002655029296875,0.6938138306289635,907749000.0,0.18832646878802284,-1.0196188999824265,0.9369558330239532,0.016179658685501985,-0.0008230984129612574,1.383457493680439,0
AVGO,2018-05-25,19.52414257679304,20.05536940958551,19.52414257679304,20.003366470336914,32214000.0,0.02634058322484397,0.026556871480341065,0.024545195335135588,0.002093970259639665,19.31253547668457,19.033002185821534,19.19552087440367,0.050983248703056,-0.06951017379760671,0.013756026501919674,0.37218926976440286,0.01346310829479829,0.10592212154774727,70.3296182824527,0.1295601558455708,0.08831455070704057,0.5320262908935547,0.972922527713976,939963000.0,0.24630669742956215,-1.128288919183298,0.9999999949558398,0.13364372746220873,-0.0030304160319601127,1.1721976805035035,0
AVGO,2018-05-29,19.892162075974785,20.089771423200883,19.87856125966094,19.976165771484375,28281000.0,-0.0013607314305258778,0.010573108265636724,0.004222954505725562,-0.005559283959879203,19.351977157592774,19.114086151123047,19.269868007458975,0.04510179629276489,0.013972892761231037,0.013147598251752034,0.3636174499820698,0.013111875998445056,0.10867680202173559,66.91643079235857,0.1741209309800169,0.10630026067318935,0.39441680908203125,0.8691015811066207,911682000.0,0.2656407218312374,-0.9938695226078446,0.9862795265991545,0.08555647654215671,-0.009637046171769444,0.9496131296872266,0
AVGO,2018-05-30,20.09536549970792,20.163368034445693,19.94735881602108,19.952959060668945,26844000.0,-0.0011623952954633956,0.010825923997516185,-0.0070865314179122405,0.0059670974694103224,19.41453971862793,19.19016981124878,19.334924298240875,0.03974895774895901,0.07727621078491254,0.013204804867761096,0.350016730928918,0.012925022007901197,0.10952402117231576,67.9985051434698,0.20519768749061384,0.10990161374702902,0.6256256103515625,0.8485444289378808,884838000.0,0.3254952442167019,-1.0063588179797507,0.9745736898067985,0.0956266546606235,0.01444989433403374,0.692607871621308,0
AVGO,2018-05-31,19.941763511625787,20.42418579577045,19.920961725807697,20.166574478149414,34698000.0,0.010649048846769774,0.024953373725342575,0.011273374407425476,-0.0005610971790759036,19.507024002075195,19.283494186401366,19.414129077279785,0.04579462014269414,0.14946369171142493,0.013010973075169116,0.3535027775339906,0.012777446150244176,0.10885810179008418,64.89199990452676,0.2442476845843622,0.11916128867262188,0.9248428344726562,1.1293910864099075,919536000.0,0.1564181063282401,-0.9780113897687691,0.9999999953395131,0.013370600391928661,-0.009378870277411583,0.4539140250434742,0
AVGO,2018-06-01,20.35058593289725,20.616998983523732,20.204178389753633,20.508193969726562,26360000.0,0.016798007096779696,0.020129544033872255,0.007744643681098575,0.009124576657637771,19.642150497436525,19.40786008834839,19.518325733703286,0.05669527066880555,0.25728487014770707,0.0123547419096152,0.36910367495773627,0.01268982879001951,0.10390505387067876,69.70803554299644,0.29931065958892944,0.1393794109417513,1.3512649536132812,0.9045922814531125,945896000.0,0.05503107849630819,-1.0172469893613398,0.9999999951590184,0.17116341881519273,0.010273774030651526,0.4753512074558962,0
AVGO,2018-06-04,20.64099131426359,20.749797812605916,20.499384472576313,20.67059326171875,25886000.0,0.007887562741121198,0.012114472803846183,0.0014341340001612212,0.0064753310180827636,19.821198081970216,19.519264888763427,19.628065498276186,0.05898420759832309,0.3450086784362796,0.011712540519069514,0.35818874548733987,0.011310091242718534,0.10765307756469444,70.29512949249369,0.3519951486592454,0.1536511200096538,1.790475845336914,0.9288340058164252,971782000.0,0.1114904714549054,-0.7251176275602602,0.9999999944198621,0.06898055445905793,0.0048569481283144795,0.3253313640126345,0
AVGO,2018-06-05,20.757803737440344,20.90901192074597,20.644199607592657,20.741804122924805,42374000.0,0.0034391117583350904,0.01276708194987534,-0.0007707758831428678,0.004219060121661106,19.982885932922365,19.61242895126343,19.734135843480818,0.057584666024387325,0.4113234138488764,0.010936729188649583,0.3413304924948251,0.010925987264017887,0.11607156435947735,78.29709474082637,0.39494146778594086,0.1572779513090794,1.6168785095214844,1.505806598342596,1014156000.0,0.1904617925942114,-0.3344457719209218,0.999999994628527,0.011146525858369767,-0.0010723614109393541,0.29749210091944434,0
AVGO,2018-06-06,20.860213719767916,21.10342622803029,20.7778107266276,21.082624435424805,37465000.0,0.016298028134979246,0.015444732805708806,0.010661957664388842,0.005708741445120476,20.183135986328125,19.711114025115968,19.862563328427864,0.0695805629182322,0.4847432518005377,0.011127077197156852,0.348759723607726,0.010873335518346605,0.13058037735424494,83.41561384465787,0.45127605650018054,0.17089003201865527,2.002500534057617,1.337739500539166,1051621000.0,0.16736454872403514,-0.4941848679872116,0.9999999954597194,0.033014056326693846,0.008056900462476197,0.3646225467190764,0
AVGO,2018-06-07,21.041020925118023,21.319435626153123,21.034621078274498,21.17542839050293,46077000.0,0.004392256531911229,0.01345023781770859,0.006387877555911622,-0.0019733553777525094,20.376105499267577,19.81763916015625,19.98759809624454,0.0685141766225817,0.5587707901000982,0.010955172986251035,0.34818825508952145,0.010638453353814883,0.14151955856159348,86.53338114471134,0.49767325995488676,0.17382978837868918,1.9296951293945312,1.6134250748463674,1097698000.0,0.0831358495243566,-0.3475512211292282,0.9999999956432919,0.10257300360674965,0.000630162851659091,0.5163652693647429,0
AVGO,2018-06-08,20.54019755157253,20.795410143617694,20.300186503593384,20.63860321044922,73694000.0,-0.025678206878894366,0.023995017237098237,0.004790881810250511,-0.029998488210765003,20.491631317138673,19.875482082366943,20.04959858331165,0.0383951002816353,0.5825479698181155,0.012137833604259267,0.38361845011423157,0.01074822280141488,0.14479284512815602,79.08939495056323,0.4855291940538038,0.129348577982085,1.1552581787109375,2.380616264777093,1024004000.0,-0.39226210298016073,0.514157826070129,0.766120933604442,0.1328264617137616,0.003278796554480095,0.29468618935145313,0
AVGO,2018-06-11,20.629800330939002,20.94501642988814,20.506594890511288,20.867412567138672,31859000.0,0.0110254704170434,0.021009865873700323,0.01151791254751691,-0.00042652496491429236,20.57803592681885,19.945285701751708,20.127485629390414,0.046232823069746735,0.6120615959167459,0.01223955850979786,0.38916194232422974,0.01100122365195807,0.1494966682310271,78.97812296190924,0.48873411453327265,0.10604279876924305,0.8640460968017578,1.0163592397164565,1055863000.0,-0.5224402512595581,0.49862590761804265,0.865806491802155,0.033048421999601646,0.0010850980833454695,0.2928329597302976,0
AVGO,2018-06-12,20.827405878734336,20.939410795763546,20.67299779229903,20.915409088134766,27594000.0,0.0022974294318025305,0.012737642482368477,0.004225356238341299,-0.0019171849061602121,20.671960258483885,20.01196870803833,20.202525958794638,0.04514500261446509,0.6247419929504403,0.012231874980777126,0.3865332683902733,0.010845664101946683,0.15399557554865714,80.48898975148063,0.48950425487974414,0.08545035129257161,0.9392433166503906,0.8802784326360817,1083457000.0,-0.4778706211300064,0.47462938591982035,0.8867171750725843,0.04492507292774633,-0.0005087234304133598,0.2959918099458148,0
AVGO,2018-06-13,20.941814998128,21.286631507382566,20.857809768843442,21.087421417236328,34868000.0,0.008190557096018307,0.020335427924120766,0.006952903511554088,0.0012625098501283056,20.785406494140624,20.099973106384276,20.286801716741465,0.04912684734126059,0.6698642349243151,0.011643932097966258,0.3908764556329406,0.010685663566357369,0.15690237346088962,80.53040952730524,0.49825102636294716,0.07535769822061966,1.1344623565673828,1.0950626705735664,1118325000.0,-0.692009320680628,1.3123098922659515,0.9616579261479461,-0.014132013696280312,-0.005808531236744445,0.09242298656650452,0
AVGO,2018-06-14,21.20102083575488,21.526636184645476,21.12901724668933,21.477834701538086,37042000.0,0.018344737874798678,0.018512989940393833,0.01305662910277429,0.00538707015290627,20.916532516479492,20.211778259277345,20.400233429579238,0.06263953747133638,0.731315040588381,0.011853311354093617,0.397333398358219,0.01082689211836536,0.16194613041087313,81.4691994138444,0.5305699152885204,0.0861412697169543,1.3112602233886719,1.1494195806582737,1155367000.0,-0.8571480643311964,1.432480037338778,0.9999999961504664,-0.03053551507560522,6.0139289171509425e-05,0.11534132441256514,0
AVGO,2018-06-15,21.60424807218913,21.745854980010034,21.307433437902638,21.619449615478516,60969000.0,0.006571895462915899,0.020279033449154767,0.0007036367677113719,0.005885759547352821,21.02765808105469,20.334904289245607,20.51634925680774,0.06316947979344871,0.8001663970947277,0.011618438847229719,0.38779033866251666,0.010977351953521152,0.1645047536214175,78.95636871481395,0.5611415175213175,0.09337029755980109,1.1112556457519531,1.7861715186368972,1216336000.0,-1.0309477557471411,2.0301349982959476,0.9999999963494752,-0.1232038360080729,-0.0009270509895873761,0.11687637685400663,0
AVGO,2018-06-18,21.521040590814756,21.521040590814756,21.139422707049015,21.16102409362793,30191000.0,-0.02143235125517517,0.018033998822406506,-0.016728582221679233,-0.004551874650560159,21.076701164245605,20.44894962310791,20.577746860314424,0.0348220560613604,0.8572010040283224,0.012324814673669117,0.4069915347260566,0.010914962631947314,0.15280460617444838,68.3882923530048,0.5421292951056991,0.05948646011534614,0.4904308319091797,0.8781469647633021,1186145000.0,-1.1379483279029403,1.8847577437857848,0.819469583008687,-0.059184028969365574,-0.002721363283379701,0.18129610182852013,0
AVGO,2018-06-19,20.755642052261443,21.17156605025904,20.60565054297463,21.156970977783203,36221000.0,-0.00019155519302274968,0.026748418174378185,0.019335895479305303,-0.01915701430955586,21.118217849731444,20.550551891326904,20.632911061978117,0.029508652096936806,0.9112660026550294,0.01227271909903379,0.43198484107318513,0.01130163528119161,0.14216650975186798,68.797295537332,0.5207322421473819,0.030471525725623116,0.41516685485839844,1.0376904433124958,1149924000.0,-0.9920933009698365,1.686617339694411,0.8178734443935257,0.022288917451588598,-0.005560967685560493,0.1552333961322666,0
AVGO,2018-06-20,21.201561092382285,21.405875073998264,21.139942614536444,21.17885971069336,24951000.0,0.0010340524564936382,0.012556505070099823,-0.0010707410449306313,0.002107584996259884,21.1278413772583,20.655488681793212,20.684906171379566,0.025338109241060544,0.9762441825866688,0.012187381778183466,0.4150354403231185,0.011226225556699011,0.12682025983835402,66.81037967540139,0.4997800084988242,0.007615433661652293,0.09623527526855469,0.7089953554851165,1174875000.0,-1.0479934579108094,1.8953909925486385,0.8143881377748053,0.04036880513085592,-0.00033955439208397027,0.11942116421476866,0
AVGO,2018-06-21,21.208041922264755,21.288307055814393,20.953460230278093,21.051563262939453,18186000.0,-0.00602867905831599,0.01590603135714512,-0.007378269989519576,0.0013778934262764508,21.115454864501952,20.745780181884765,20.71982589438527,0.014739531520453637,1.0300350570678702,0.012413688342985662,0.40677989176326,0.011128456885208344,0.10974055787177593,59.71492149606718,0.4675142397681782,-0.019720268055195,-0.12386512756347656,0.520661405465141,1156689000.0,-0.8396792288820251,1.2848810944062117,0.7341486160353619,0.04693678735546449,-0.007670644802305688,0.20344174836952264,0
AVGO,2018-06-22,21.175618803405026,21.201563021064537,20.995628377117505,21.05643653869629,52412000.0,0.00023146555531249107,0.009780127965659137,-0.005628277773553887,0.0058929372092745465,21.15723819732666,20.824434757232666,20.75188405098632,0.011140844112065831,1.0706674766540516,0.012309286561794891,0.4036028420430764,0.010941450623284058,0.09383221546248383,57.31028252243351,0.43729574507071334,-0.03995101020212788,0.4178333282470703,1.439522319846852,1209101000.0,-0.7143681387972777,1.2465791059423925,0.6621564510048324,-0.004408485167222437,0.0026812470239412287,0.19332915314344257,0
AVGO,2018-06-25,20.7896939342809,20.7896939342809,20.304043598072436,20.46538734436035,29705000.0,-0.028471250272144217,0.023730327102994834,-0.015599392217592706,-0.012667984154165108,21.11703567504883,20.847535800933837,20.724598650355276,-0.018330629578439745,1.079583835601806,0.013055261789078608,0.4384300297195435,0.01080717326335136,0.08779446043602054,45.624767022545775,0.361487635488114,-0.09260729582778182,-0.4020252227783203,0.8186837945807844,1179396000.0,-1.061230092291454,0.7324781617323497,0.30748945989379867,0.06022981484105404,-0.011404761832660676,0.6402237040947715,0
AVGO,2018-06-26,20.512411100018983,20.642945606472054,20.313773986918825,20.394039154052734,24233000.0,-0.0034923771055898607,0.016140579946195187,-0.005770747540664885,0.002297721263095969,21.064898681640624,20.868429470062257,20.693116793564556,-0.02273243975847611,1.0916080665588375,0.013086034478965475,0.43611213789438225,0.0109288732379929,0.08127124768630123,38.084325459192776,0.29228270669672085,-0.12944977969534005,-0.5213699340820312,0.6716193501092665,1155163000.0,-1.0289540561268655,0.651688620715441,0.2646760219936746,0.09297299397870555,0.0029002991056946816,0.6569781031843456,0
AVGO,2018-06-27,20.438627696475827,20.68753410134655,20.013785596468253,20.034866333007812,24720000.0,-0.017768587429499775,0.0336287995808585,-0.019754817655398917,0.002186351712197806,20.959643173217774,20.8725248336792,20.63042627351153,-0.04013211180462699,1.097809677124026,0.01373758086013353,0.46389313482293026,0.011709740003725959,0.07952903049895016,31.928991407506643,0.2060795009027636,-0.17252238839143785,-1.0525550842285156,0.6871390747805781,1130443000.0,-0.8374879965180241,-0.11635313395259728,0.0,0.12297869381297705,-0.007987777875159283,1.1002255977458006,0
AVGO,2018-06-28,19.967580116343935,20.05190000177165,19.642461591010644,19.855693817138672,33238000.0,-0.008983264216591194,0.020620705291163728,-0.005603398033077019,-0.003358455980962646,20.797429084777832,20.856980800628662,20.556642230047448,-0.04800728315287786,1.08451509475708,0.013656220380942653,0.43062145795517737,0.01155723860655204,0.08580049506295415,36.010111188941906,0.12189992813556927,-0.20536156892690577,-1.622140884399414,0.925791559024852,1097205000.0,-0.656319264524656,-0.31928973745396483,0.0,0.11234652527951709,0.005120611634695092,1.2633255694562082,0
AVGO,2018-06-29,20.021893349890902,20.021893349890902,19.666777581660586,19.672452926635742,42794000.0,-0.009271479602093303,0.01805142294019619,-0.017452916014185797,0.008370371455303843,20.602729415893556,20.815193748474123,20.472433724960617,-0.054899360298923776,1.0378738021850609,0.013121596135678048,0.4246710457304249,0.011487701338272892,0.09906594673245156,28.293648557158036,0.03994059150422302,-0.22985672444660166,-1.9469966888427734,1.165288592321904,1054411000.0,-0.5642137998751283,-0.34389123921641673,0.0,0.07966761418195313,0.0021579497960375425,1.0917359019586885,0
AVGO,2018-07-02,19.465714539595094,19.638407458523222,19.24923948961744,19.624624252319336,33369000.0,-0.002434211466442718,0.019830594650059666,0.008163569455381091,-0.010509029443945562,20.449089431762694,20.76289529800415,20.391689965661445,-0.05482236599468896,0.972493267059324,0.012912428046141466,0.43587107669855235,0.011684756779127673,0.11173503574814571,26.551561490533487,-0.028543120235084984,-0.23867234894872774,-1.5363998413085938,0.8994800272790249,1021042000.0,-0.4848866472345734,-0.26612481669783755,0.0,0.060807283907716,0.000610867376409834,1.0344384217904854,0
AVGO,2018-07-03,19.730836113651016,19.733268626201635,19.37734085367253,19.400854110717773,11591000.0,-0.01146802568073468,0.01834598468265471,-0.016724177367106026,0.005412172990732659,20.27347774505615,20.6958477973938,20.297324646143004,-0.06257263286471292,0.8909667778015127,0.012978484208755773,0.4306643648406939,0.011814328593559489,0.12663126636447217,19.927273265898393,-0.09972378180833985,-0.24788240841758608,-1.7561168670654297,0.3259657554567837,1009451000.0,-0.3110813373211366,-0.4344489033324019,0.0,0.022766200549128725,-0.0035202506889770967,1.070614034990614,0
AVGO,2018-07-05,19.603538008895114,19.9132510101151,19.513542813122246,19.896224975585938,25299000.0,0.02521292259006882,0.020089650035744363,0.014930313416318685,0.010447163667158888,20.14521427154541,20.636527824401856,20.25912467751852,-0.0358734208950503,0.7991640853881847,0.013836382175713945,0.4358916599827068,0.011942877226875832,0.1302196738982484,22.81621622038844,-0.1148388888998042,-0.21039801240724035,-1.2826347351074219,0.7238491987988777,1034750000.0,-0.008097067111437158,-0.08551940080020327,0.2232812883521879,-0.10272781955780116,0.009285588341922798,1.267435293769232,0
AVGO,2018-07-06,19.85568821150795,20.15567275093121,19.81677111438739,20.08108139038086,23112000.0,0.009248133460201351,0.01687666265509947,0.011351567186110469,-0.0020374098165722066,20.04816608428955,20.581810474395752,20.2421681739816,-0.024328719011115368,0.7092428016662602,0.014012399789160935,0.42878309529959424,0.012023134540298274,0.1302474737453903,23.946687238226147,-0.11062612331660304,-0.16494819745923134,-0.9704818725585938,0.683738432774004,1057862000.0,-0.03631936450812953,-0.22017542679630892,0.3066026570131433,0.05958397910268291,0.00729591372703509,1.280110237507203,0
AVGO,2018-07-09,20.18809826848839,20.206746491197137,19.906762016646855,20.060808181762695,17955000.0,-0.0010100775303755686,0.014953758177771753,-0.006305204431332135,0.005329238800794477,19.948603248596193,20.552920722961424,20.224895793770276,-0.0239436792265496,0.6478266906738277,0.012944706212058501,0.4159229214510786,0.011752194153773515,0.13233876621550314,28.11991085768635,-0.10768206295380978,-0.12960330967715047,-0.9956283569335938,0.5789050295900912,1039907000.0,-0.04100304455000678,0.26941503571864506,0.2974647999845491,0.16234585584172206,0.009244340960117175,1.2700241705653472,0
AVGO,2018-07-10,20.13459807815737,20.4151241535329,20.030009314646794,20.31458854675293,16413000.0,0.012571205621779933,0.018957550521400444,0.008939362375523376,0.003678311248783983,19.93352336883545,20.52527952194214,20.233437960721005,-0.010264950343858874,0.5863596534729005,0.013028179802331901,0.4030085879940568,0.011686941623725704,0.1320834891872437,34.761100199037955,-0.08390372941731528,-0.08465998091252477,-0.15079879760742188,0.5427014051115705,1056320000.0,-0.038557924849443655,0.20985566936939354,0.41185264729686216,0.14823448619510707,0.005254565241571848,1.308471929393754,0
AVGO,2018-07-11,19.859746605976415,20.069734430841834,19.670026108842684,19.737319946289062,35761000.0,-0.028828018444607636,0.020251398005623717,-0.006164563025636241,-0.02238991647454342,19.86785144805908,20.466375064849853,20.1861886260132,-0.03562209311099215,0.49979852676391445,0.014331617684024264,0.4300535864546587,0.011871221751288862,0.13545974034999358,28.285494735779878,-0.11036772990957289,-0.08889918512382591,-0.6567192077636719,1.1666965727615284,1020559000.0,-0.06904247030542089,-0.17941055349146648,0.15165713323258667,0.013001830603674413,-0.010167688284526374,1.4905818758935718,0
AVGO,2018-07-12,16.78937241599817,17.04881775122628,16.009414219741785,17.024494171142578,435083000.0,-0.14785811647478428,0.06105341635558286,0.014004201537653967,-0.1493590587938539,19.56681423187256,20.263228702545167,19.885074868406477,-0.15983309359763856,0.324787998199465,0.03312706275444881,0.6724149365268713,0.01431134960126947,0.20132469698379749,15.900216430645784,-0.346251635664089,-0.2598264727026736,-3.0103721618652344,8.58791309110827,585476000.0,-3.1895332479293836,12.429166957356175,0.0,0.3624469299481589,0.006905026895553711,0.3151503763414948,0
AVGO,2018-07-13,17.228801048730844,17.350415805674075,16.369388347061093,16.414791107177734,161678000.0,-0.03647031550333597,0.059764845718100965,-0.04724704515295352,0.012000760523891332,19.222723960876465,20.01007652282715,19.554571653051358,-0.17967374636230088,0.10934173583984474,0.03288547534577775,0.7277787090030107,0.01611328883470124,0.25867716509216976,14.348023109377806,-0.5757523574044043,-0.39146175555439117,-3.4409027099609375,2.841738283704535,423798000.0,-3.0508136339774454,11.587961091286534,0.0,0.28153507089480106,0.0020351073503523135,0.25374375232574997,0
AVGO,2018-07-16,16.345064469009426,16.732611659007883,16.25831210552942,16.47884178161621,102277000.0,0.003894416625061836,0.028782335523105048,0.008184569279526793,-0.004247793207543108,18.903362846374513,19.753046131134035,19.261644998628963,-0.1657569331901459,-0.11684797286986992,0.03280736402039437,0.7079148956354828,0.016342239805978584,0.2951902421628798,16.682511266999356,-0.7438898792411344,-0.44767942191289695,-3.1936111450195312,1.7347007137956678,526075000.0,-3.06334529978929,11.666346984432368,0.013444532317768326,0.2670485340256163,-0.0026111257176412352,0.2184035942048829,0
AVGO,2018-07-17,16.39452268642152,16.952330249393842,16.3783069726755,16.889089584350586,110827000.0,0.024590584953548652,0.0339878164250105,0.03016659326331078,-0.005116809561747022,18.629809379577637,19.539449405670165,19.035687340126263,-0.1356414791910183,-0.29937654495239485,0.03379993881597399,0.7254042997187052,0.016813553991680767,0.31742579146825,22.27781887162972,-0.8344178579065868,-0.4305659204626795,-2.73553466796875,1.7594030916992438,636902000.0,-2.946178497832756,11.024861433505714,0.09955744042545285,0.29232924964131696,0.004443514974865917,0.378257202758598,0
AVGO,2018-07-18,16.800711038635292,17.016375630446774,16.752875781333938,16.92719078063965,80834000.0,0.002253424208737752,0.015566661495807434,0.007528237444130691,-0.005232878023051366,18.382443046569826,19.327960395812987,18.83487814398468,-0.12421225855012069,-0.47183891296386804,0.03384410818133576,0.6961008243068866,0.016548407558519874,0.33233169920462363,24.104818754920515,-0.8927958898304595,-0.3911551619092417,-2.473663330078125,1.2393689849575065,717736000.0,-2.945200401070676,11.002357249264636,0.10755505745829105,0.3000050655643449,0.0016048559690794585,0.5015390730987318,0
AVGO,2018-07-19,16.887472541906757,17.146107509569447,16.867203668609886,17.05611228942871,63247000.0,0.007587380603103979,0.016352134417460595,0.009986085662233291,-0.0023464164401289355,18.0984317779541,19.121823024749755,18.66547187212221,-0.10802896416137019,-0.6369200706481948,0.03399387276340906,0.6867769264639263,0.016609692406307632,0.3389366513787785,26.47504985567973,-0.9180750151115085,-0.33314742975223244,-2.8401126861572266,0.9420629849247876,780983000.0,-2.932145126278741,10.892143052654216,0.138166775194523,0.30627797371889776,-0.0016947855336014806,0.4557187213801564,0
AVGO,2018-07-20,17.034219661690628,17.124214873567624,16.925576222099966,17.052867889404297,62893000.0,-0.0001902372933572645,0.011648401467684885,0.0010947509233229357,-0.0012835649394529391,17.795610427856445,18.921888256072997,18.51189054043479,-0.09877557357844982,-0.7970136833190935,0.034056253603335515,0.6755999895523078,0.016547025247596044,0.3416833184899258,27.30091043014835,-0.9276770167996204,-0.2741995451522755,-3.0282135009765625,0.9066043168682486,718090000.0,-2.9431800745830867,10.910884059843783,0.13746779892300653,0.3103876524214432,-0.0012912190572610899,0.5213555679657372,0
AVGO,2018-07-23,17.059353118286232,17.72661449327202,17.058542796446066,17.570947647094727,82211000.0,0.02992844202315973,0.03802138108107125,0.029989093077639382,0.00038030136185860074,17.546624374389648,18.74761381149292,18.422276931545262,-0.0627635162320882,-0.9330721855163588,0.03517639799952008,0.693495215755838,0.017282937509912832,0.333059813868125,33.54555926670241,-0.8832998349811021,-0.18385789066700564,-2.4898605346679688,1.1601563602494989,800301000.0,-2.727501267943899,9.842312686943245,0.2854287293435267,0.3293523972693129,-0.0010871753033514788,0.3770711682408832,0
AVGO,2018-07-24,17.658516101636838,17.86850396146312,17.512577709210845,17.621219635009766,81158000.0,0.002857000633537263,0.020198729680613835,-0.002112095172169898,0.004983706986150552,17.277287483215332,18.605405426025392,18.345985760446645,-0.052897841672934515,-1.0382781600952136,0.034944168929099,0.6934951071646357,0.01720245847121788,0.327956356674064,35.33347734287358,-0.834454991671592,-0.1080104378859964,-2.693368911743164,1.1051731028880778,881459000.0,-2.917456036813712,10.816944399788683,0.30318002562008384,0.34035519615001747,0.0037130187361683687,0.04127896815471693,0
AVGO,2018-07-25,17.651213673065104,18.53819293058719,17.651213673065104,18.320907592773438,92271000.0,0.03893906221056903,0.04841349985236614,0.03794038935412411,0.001702154486273283,17.135646247863768,18.501748847961426,18.34359736352539,-0.009774278992559764,-1.1167179107665994,0.03646340126560404,0.7223934211774997,0.018292463554710526,0.31711861731948915,37.44028914214978,-0.7308612176140876,-0.003533331062793632,-1.416412353515625,1.2008738028971886,973730000.0,-2.6439225942847697,9.506301841601134,0.4887732017475257,0.3472777863936247,0.00982385727212398,0.6583616816314231,0
AVGO,2018-07-26,18.363879377685347,18.62900001755317,17.964171066599402,18.09470558166504,85069000.0,-0.01242351292680183,0.03674162851591291,-0.014657785010329206,0.0023455052482694297,17.242667388916015,18.404740810394287,18.319893384300595,-0.01684540041909735,-1.1890733909606936,0.036383969374634395,0.7456739436353532,0.018402715035435523,0.30939913449555934,34.2667240397285,-0.6594137064310814,0.05433134409617013,1.070211410522461,1.0653066846995765,888661000.0,-2.683312432201995,9.715083889117146,0.43076967360709917,0.31636100616748064,0.005073631419208162,0.4696913261863912,0
AVGO,2018-07-27,18.161997154038954,18.590083726960227,17.84255557440643,17.92201042175293,79443000.0,-0.00958979621432379,0.04171006123450198,-0.013213675242786703,0.0037188542289463677,17.393389320373537,18.308056640625,18.281999768819865,-0.021086138536658514,-1.2593631362915048,0.03638816055998214,0.777641349207033,0.019009505737974147,0.30260226550585123,33.45884530993072,-0.6096978775891699,0.08323773835046533,1.5072193145751953,0.9668803646354709,809218000.0,-2.679684216514462,9.698050932500301,0.38648656348533605,0.3168468447893204,-0.0033943240764817907,0.5276790965256655,0
AVGO,2018-07-30,17.926871527011844,18.487111584785282,17.9220065037517,18.25766372680664,75275000.0,0.018555332150462775,0.030951664417740134,0.018452310494435263,0.0002712366048517797,17.57127151489258,18.237317180633546,18.279682050532895,0.001115654564781272,-1.3121172904968255,0.036729778730156135,0.7904977950747097,0.01931233062156595,0.29549888831128546,34.29097587291071,-0.5370228434484652,0.12473021799293615,1.7788219451904297,0.8983951219919725,884493000.0,-2.717730688493448,9.722957682221665,0.47255598360105866,0.30924121978862174,-0.0035415593382414584,0.26781880841713324,0
AVGO,2018-07-31,18.378470904099093,18.553597849856995,17.961736598990598,17.980384826660156,63860000.0,-0.015303490263969606,0.03291705134473281,-0.02166045691720433,0.006616792767142378,17.680401039123534,18.155105209350587,18.251177553021204,-0.009623760401245468,-1.3763346099853493,0.03682928423397697,0.7867334245715778,0.01961366183055755,0.28812904711680215,35.93768620562797,-0.4960829102336888,0.13253612096617007,1.0912952423095703,0.7485390536126737,820633000.0,-2.640130089031717,9.352684341758938,0.40145513702332464,0.2956819436808213,0.007609297446910003,0.14237627797087488,0
AVGO,2018-08-01,18.101188154192634,18.156319419083182,17.528787034856826,17.57743263244629,42669000.0,-0.0226655893721987,0.0357010262528886,-0.028934869744209755,0.006718617465481531,17.7454252243042,18.063934135437012,18.187011370109307,-0.02693220087461483,-1.436555824279786,0.03703251862790832,0.5652781858343692,0.02002580572185381,0.2833472146878741,57.02217009099277,-0.4904984320655714,0.11049647930743,0.6502418518066406,0.491200603222752,777964000.0,-2.55439444177819,8.887183606166161,0.2981286952211329,0.316845783248135,-0.004895844854566064,0.2882302044114959,0
AVGO,2018-08-02,17.372309138759395,17.69580539336531,17.289611464349115,17.54094886779785,40312000.0,-0.0020777596355615736,0.023156896006368652,0.00970738706031489,-0.011669707287528199,17.793908882141114,17.946170330047607,18.125481607984405,-0.022579829265605915,-1.5235361289978044,0.0363734766948926,0.5242186480060271,0.020083405391754825,0.269359204642387,66.73901437843219,-0.48344378871987814,0.09404089812249872,0.4848365783691406,0.46009126041174464,737652000.0,-2.6012205174224783,9.280519560716272,0.2887733978960342,0.30056328414273914,0.0029090310716361157,-0.09063123402314353,0
AVGO,2018-08-03,17.492305181447612,17.674726587496732,17.3828514099686,17.65932273864746,24832000.0,0.0067257615737453475,0.016528107090091466,0.009548058724787579,-0.0027731502278956228,17.85455436706543,17.82508239746094,18.08108552519041,-0.009299236605161328,-1.612895851135253,0.0363230720036162,0.5111883354381465,0.020078793627991913,0.24678827915739301,67.26761020342181,-0.46296438570354326,0.0916162409110669,0.6064548492431641,0.2831361155895894,762484000.0,-2.602131401777429,9.305646862060103,0.31912724893065747,0.2999340507121064,0.005947142310238674,-0.15128156200647289,0
AVGO,2018-08-06,17.563651575887363,17.699859884348697,17.501222767842584,17.589595794677734,22638000.0,-0.003956265202925735,0.011292875556201686,0.001477154033915026,-0.005417600899876053,17.856419181823732,17.701521778106688,18.034276979427297,-0.006322958261371323,-1.6985814857482922,0.03630889240225114,0.48437503828013007,0.02003548302019313,0.2182952462732455,61.38044957889185,-0.4472055853013934,0.08590003305057348,0.018648147583007812,0.25743268944836417,739846000.0,-2.591812860372102,9.273739462257778,0.3012476167519858,0.29856429791612693,0.0026779103761968496,-0.24360371842838427,0
AVGO,2018-08-07,17.77364173965283,17.98606207033218,17.60500199022071,17.862014770507812,29798000.0,0.015368798967321864,0.02133354410429155,0.0049721397617743515,0.010463341348115874,17.880498695373536,17.578893089294432,18.0178710547683,0.01610577410159824,-1.7783831405639674,0.03639055209847799,0.4938726401759594,0.020078583813317872,0.17018588646755567,64.11271776292834,-0.4080311585918821,0.1000595678080679,0.24079513549804688,0.3362947313298753,769644000.0,-2.583279473863568,9.212478295658507,0.43557896080184977,0.3208232537263545,0.003211321623757026,-0.3212387503361253,0
AVGO,2018-08-08,17.88066078684585,17.936602376001222,17.751748478479026,17.7930965423584,15801000.0,-0.003865830813121684,0.01038907966234208,-0.00489714812457598,0.0010438921128217587,17.827717590332032,17.481681919097902,17.996463958348308,0.01781376783558528,-1.831932926177977,0.03599731466205266,0.4871547870732904,0.01994459240685047,0.12670658799845705,61.33128726485849,-0.3781867665938776,0.10392316784485794,-0.5278110504150391,0.1803585941138333,753843000.0,-2.7679894370307534,10.224457422728278,0.7230961163000237,0.3902785856772235,-0.0022424608843686715,-1.274129230022943,0
AVGO,2018-08-09,17.849039647709336,17.857147505385772,17.507707035534825,17.55959701538086,27563000.0,-0.0132099084383087,0.019900255646291963,-0.016216145959620922,0.003144090474514045,17.774206733703615,17.508437061309813,17.9548575828276,0.002922017188780349,-1.7573105430603029,0.018136972467586974,0.49792634552923964,0.01826122915210454,0.12413170759940781,57.27589984539098,-0.36912133038175554,0.09039088324558403,-0.5351085662841797,0.4099635892005092,726280000.0,0.18934059896817837,0.2524716612561181,0.600595981855426,-0.09506613452317382,-0.004015149554270827,1.128161206590913,0
AVGO,2018-08-10,17.253939865168782,17.389337862424473,17.063409045511886,17.2069149017334,37017000.0,-0.02028930673555649,0.018941734679604638,-0.002725462345157466,-0.017406843103765154,17.70269718170166,17.548043251037598,17.883624946532912,-0.01943968020990784,-1.6585111618041992,0.016709397099831984,0.4852435859579004,0.016698410066521698,0.11059462450939106,44.512362251465724,-0.3859464554594396,0.05885260653432001,-0.7150955200195312,0.6068385526170188,689263000.0,0.6174103218557303,-0.06497426402980722,0.3952481565831322,-0.020124550919741652,-0.006521206450653225,1.4963704325445641,0
AVGO,2018-08-13,17.159890710545614,17.34879933132034,17.062597953761077,17.113676071166992,29842000.0,-0.005433418091385938,0.016723547658718217,-0.002693177953825139,-0.002732865912125077,17.588298416137697,17.579784965515138,17.81029648221235,-0.026513913281495504,-1.558879089355468,0.016797710020785523,0.48026323776554236,0.016398641632211212,0.0976280663299825,42.44684352131502,-0.40216813873689006,0.03410473860549568,-1.1439876556396484,0.5200948098574366,659421000.0,0.6940885560506548,-0.04510392473885052,0.15685407218424896,0.008258379817684873,-0.003442953362561867,1.5681293247047534,0
AVGO,2018-08-14,17.154212784514943,17.154212784514943,16.769908386027648,16.80720329284668,36327000.0,-0.01807035216041927,0.022865457837485923,-0.02022882051336215,0.0023686736373517564,17.47098026275635,17.57569065093994,17.71476379751086,-0.043724447187793294,-1.4857056045532246,0.016453658296802787,0.4422154594019617,0.016024168477531922,0.09930465271555423,24.48752609707246,-0.4347422929799656,0.0012244674899360986,-1.1731815338134766,0.6770730434458464,623094000.0,0.9136670222456185,0.5898390032561888,0.0,0.024947486388046267,0.004842618159034899,1.1413732800179255,0
AVGO,2018-08-15,16.63127106561131,16.829908200597416,16.439929921305346,16.74883270263672,41132000.0,-0.00347899549824082,0.02328390795842372,0.007068710292252228,-0.01046766818785669,17.388120269775392,17.566772747039796,17.622770359903797,-0.0465617706630429,-1.4147640800476076,0.016460066902776634,0.42258326856898315,0.016195488667451956,0.10288424615058467,25.955950857850667,-0.4599653692500638,-0.019198887024129696,-0.8285999298095703,0.7960842225056562,581962000.0,0.9699434588570094,0.6644162042446683,0.0,0.031617040642214565,-0.00678552766689836,1.0544347359736097,0
AVGO,2018-08-16,16.84531107606288,16.933684097895696,16.757748376091932,16.91990089416504,29239000.0,0.010161930394238041,0.010398153204340312,0.004427927612679744,0.005760304323236447,17.32601547241211,17.55996217727661,17.55583041078582,-0.036450037664394225,-1.3383201789855974,0.016536731580798655,0.3823920716193531,0.01610622729108373,0.10498304103260193,32.08687700208043,-0.4608388026816428,-0.016057856364566914,-0.6210479736328125,0.5851603542302496,611201000.0,0.9391402133474838,0.558326186501043,0.10881682005955506,0.02470787586966161,0.009022204457524935,1.1281404973132285,0
AVGO,2018-08-17,16.861529406286113,17.122595356539435,16.66208040182028,16.966928482055664,39093000.0,0.002775569089652649,0.02714191640135571,0.006250860949051789,-0.003449871736486101,17.25677604675293,17.55566520690918,17.499744512811517,-0.033535426745689954,-1.2584471511840825,0.01655083123477955,0.3749213483111798,0.01644262497106841,0.10622688642867908,24.272894508491802,-0.45251990388398156,-0.006191166053524488,-0.6923942565917969,0.8014555891548356,650294000.0,0.9072034737300008,0.5035867453882115,0.13873116312713737,0.03337027649077931,0.0035607631477588214,1.1400616016115555,0
AVGO,2018-08-20,16.983948569290742,17.0261084941044,16.690451285417588,16.760177612304688,54489000.0,-0.012260373541058443,0.020027067507931047,-0.013175437734126704,0.001003133080514771,17.173834228515624,17.515126705169678,17.429309569906106,-0.04310269089924061,-1.2214171409606926,0.015094524743688066,0.3566210595840665,0.015839681245665604,0.11394126351132093,24.97508082955413,-0.45733827302396435,-0.008807628154805791,-0.8294181823730469,1.1497655692805022,595805000.0,1.1567163052335088,1.7705940782655296,0.0072165198152976786,-0.008955405026994063,0.0036123195263631047,1.230997612729656,0
AVGO,2018-08-21,16.82504555180825,17.142864983455475,16.79180379186912,17.06746482849121,29952000.0,0.018168317187537416,0.02056902972459194,0.01440823894309318,0.003870361102613683,17.094379234313966,17.48743896484375,17.39484816596183,-0.02401575993812966,-1.1731059265136707,0.015752575980449726,0.33913213007866866,0.015852938814157943,0.11619974688424473,39.114040250003605,-0.43138857606720293,0.01371365504156452,-0.7945499420166016,0.6681076306403366,625757000.0,0.9823964449811464,0.8890313475975864,0.20268253492679114,-0.13156479527094622,0.0026779515918140093,1.2711572358380863,0
AVGO,2018-08-22,17.062597547417113,17.164753779796104,16.817745790624382,16.826663970947266,26890000.0,-0.01420924021856245,0.02062250661002306,-0.013827529816366488,-0.00028517891338923873,16.99773597717285,17.41272678375244,17.34073538548425,-0.03365715317002788,-1.1660432052612322,0.012634994274071413,0.33490456294692067,0.014679526380117372,0.11221296509882915,35.97591421574943,-0.4253506930012563,0.015801230486008955,-0.9664325714111328,0.6469844485534278,598867000.0,0.5411527788987007,-0.7306308301993685,0.051583819889657476,-0.1085491397596431,-0.0007463742770633069,0.6830195813628387,0
AVGO,2018-08-23,16.842070529907886,16.95152430634294,16.643431851248124,16.66856575012207,35578000.0,-0.009440114083519687,0.01848344119875609,-0.010301867539070688,0.0009156038884012472,16.908632850646974,17.341419792175294,17.27671922973547,-0.03880040098959035,-1.1489730834960916,0.012551425823816712,0.3360629399159694,0.014062009423312921,0.11251255693232039,30.84650400358757,-0.4283846803743714,0.01021379449031512,-0.8910312652587891,0.9102142628717619,563289000.0,0.524797992380744,-0.697547602634114,0.0,-0.10502822152425369,-0.0009268357616788929,0.81703996312225,0
AVGO,2018-08-24,16.730181215773616,16.966925087711193,16.594783242977087,16.94503402709961,20541000.0,0.01645015787173636,0.02196170535387153,0.012842228570423544,0.003696506740605099,16.882444763183592,17.292570972442626,17.24513016281777,-0.02009747108720126,-1.107165889739992,0.013284869040635945,0.34845613478939746,0.013275282750011951,0.10995228739717906,38.46154178662141,-0.4038254098636571,0.0278184520008235,-0.26188087463378906,0.5683352516711673,583830000.0,0.33614048213519504,-1.1020196003063532,0.1739781179600833,-0.10142129142309159,0.0069562725618134485,0.9988193296319844,0
AVGO,2018-08-27,17.046384603810928,17.380421311007318,16.915041296931904,17.26691436767578,28213000.0,0.018817392964861197,0.026952123807198546,0.012937040249941361,0.005981137396905327,16.897768592834474,17.243033504486085,17.247204848994723,0.0013849571868913457,-1.0696526527404764,0.013307666754887064,0.3533785446766094,0.013120113067537418,0.09687059510800529,39.53232730800091,-0.3543047529803687,0.06187128710728956,0.15323829650878906,0.8349684663488144,612043000.0,0.3403258163101665,-1.0956593395593148,0.45612129271023466,0.1409097225261027,0.007747830283052941,1.4841320364037613,0
AVGO,2018-08-28,17.401496685952992,17.509329804842515,17.234479142257573,17.385282516479492,24340000.0,0.006831809803475678,0.015809387173680828,-0.0009317686723620001,0.007794230944305441,16.955576515197755,17.213278388977052,17.260355103040894,0.009992525741793719,-1.0238929367065417,0.013130802386451167,0.35980688503823416,0.012557762083032638,0.08876009028379972,42.94930436677068,-0.3020263831190313,0.09131972557490153,0.5780792236328125,0.7650888150553382,636383000.0,0.14661413982567867,-1.1189935463507978,0.6005424179076734,0.11536835701391016,0.0005560437749302472,1.7899527857980089,0
AVGO,2018-08-29,17.416093423554013,17.49635859597466,17.305827782095133,17.430686950683594,18125000.0,0.002608254811771107,0.010930769068900432,0.0008379334427239852,0.0017722408045607212,17.02376194000244,17.205941104888915,17.27657718376877,0.01306210711137437,-0.9567045402526873,0.01220281661158504,0.3484561953259898,0.011728076448133229,0.0874028303706321,47.61623362406691,-0.2540036440818234,0.11147397168968753,0.681854248046875,0.592589444224664,654508000.0,0.13213360859494058,-1.0582245263033472,0.6385871379150507,0.1187047133286841,0.0033141985571017657,1.626578052173382,0
AVGO,2018-08-30,17.429059648650227,17.588781171115926,17.399872602951262,17.565269470214844,26529000.0,0.0076913561881084246,0.010754663819843248,0.007815098704823928,-9.335845672465267e-05,17.088298797607422,17.207157135009766,17.304071687239823,0.02081182453249891,-0.8832167053222655,0.012325837922949497,0.3265076666328248,0.011398503996550291,0.08767051212748726,57.20797507906277,-0.20274843508343565,0.13018334455046027,0.6453685760498047,0.887348040519183,681037000.0,0.012245812097519125,-1.1579720645970817,0.751354852417069,0.13084814071968492,-0.005171659125138158,1.3583322438130154,0
AVGO,2018-08-31,17.515004480677167,17.78174572869676,17.50040940908572,17.75823402404785,27623000.0,0.010925670121013526,0.01584258429479156,0.013886924408163885,-0.002861612207140378,17.16742935180664,17.212102699279786,17.347325243126303,0.03172949487883446,-0.8124045562744122,0.012480816035619733,0.32616016249366603,0.011380349140759935,0.08923215596268282,62.46464248624214,-0.14488751279792567,0.1504354134687762,0.7913055419921875,0.9196477618897005,708660000.0,-0.015109506592313174,-1.2396704209343932,0.9130413165391594,0.16799061917515326,0.0005254560454477364,1.3440899943148592,0
AVGO,2018-09-04,17.722558980997917,17.8603894618958,17.604187048284555,17.790664672851562,36663000.0,0.0018245661041225794,0.014400946686280842,0.0038428813744245116,-0.0020089296605520675,17.27047805786133,17.222156143188478,17.38954804595728,0.03301029932641923,-0.7370356750488263,0.012442799301539758,0.31701002071680534,0.011444653417421497,0.09215816270447467,71.2732021461665,-0.09531668132723681,0.16000499595157208,1.030487060546875,1.192767850607152,745323000.0,-0.09009925908532766,-1.206559906235606,0.9402152032976319,0.20051509349235866,-0.0006300699204137544,1.3627011173356156,0
AVGO,2018-09-05,17.832826930973745,17.982818444162888,17.802828009769573,17.952009201049805,37194000.0,0.009028178735141239,0.010026199980029352,0.006683307726282,0.002369909101064778,17.358932495117188,17.226655864715575,17.443115775013712,0.04210645070114086,-0.6822683906555191,0.012118295329293934,0.3028796987181807,0.011159543029622718,0.09400708993827969,74.91588427439082,-0.04252211674234019,0.17023964842917497,0.8845443725585938,1.1956582887434075,782517000.0,-0.09708405084500689,-1.1107742798218827,0.9999999922084609,0.2343249401108463,0.000675313215065581,1.2894357935617613,0
AVGO,2018-09-06,17.958501147215006,18.065522440407232,17.343939806760098,17.510147094726562,62509000.0,-0.024921495001279312,0.04120939871786432,-0.024966117637735777,0.0003616278318764525,17.427280807495116,17.212508392333984,17.44949971022446,0.017292000412457,-0.6387380218505854,0.013323775969355654,0.3412176443173348,0.012351678417976356,0.09031576324314458,60.99043972801333,-0.035922530557822796,0.1414713876909539,0.6834831237792969,1.8691233877394182,720008000.0,-0.19435431313798626,-1.1168177687351903,0.6557214012342678,0.12320225214982888,-0.003737032705954506,1.4887219660916282,0
AVGO,2018-09-07,18.177398750872186,19.086268920378128,18.161183037458578,18.856821060180664,104703000.0,0.07409416151995765,0.04905842185576229,0.037377312246181814,0.03810657058081346,17.646106338500978,17.277369594573976,17.58353031498219,0.0914173570257215,-0.5503159141540515,0.02156917395778167,0.42090384938393555,0.013785297187979766,0.12306929897524148,73.71307257047854,0.07708444196550346,0.20358268817142414,2.1882553100585938,2.8070547011457117,824711000.0,1.9848805947726416,6.515602417238053,0.9999999954301494,-0.3467530418742618,-0.0018465699163677817,0.9025646827214364,0
AVGO,2018-09-10,19.025465980638625,19.535438399812595,18.813855965788143,19.50787353515625,60880000.0,0.033943446714737244,0.03698929216217,0.025355886407985535,0.008943443856190744,17.90239028930664,17.39241752624512,17.76680109785591,0.12163093511885875,-0.42831157684326016,0.021843333312465907,0.4484699369080527,0.01446109430496273,0.16746839019607837,81.01784010982092,0.21668002309191436,0.274542615438268,2.5628395080566406,1.5815821536846861,885591000.0,1.7314255454423684,5.002099978617105,0.9999999964780149,0.008472003777917915,0.005808997530973955,0.8525835882188089,0
AVGO,2018-09-11,19.2719392191865,19.434091752405923,18.680079457424593,18.854393005371094,60755000.0,-0.03407221768502246,0.03999133222515405,-0.02166601963870095,-0.012094312357754398,18.061138153076172,17.479453372955323,17.870381279524025,0.07866033349512581,-0.32491453170776197,0.023491035767184594,0.4802632730924005,0.015243743804838185,0.1817315600361896,68.70967501847787,0.2714509914207177,0.2634508670136571,1.5874786376953125,1.517405013892791,824836000.0,1.3101689656272475,3.8070453777903683,0.7698451217835333,-0.14402791271064017,-0.00030632259695274845,0.9389016788588815,0
AVGO,2018-09-12,18.493597275829035,18.71655792094869,18.066324210501108,18.63872528076172,53077000.0,-0.01150451673097355,0.0348861684639921,0.007847472976168328,-0.019135897370935125,18.186482429504395,17.571029472351075,17.94355689868952,0.060764556196497926,-0.21362045288085696,0.02320011275073143,0.5117676163565622,0.01567355866619679,0.18616787631034717,69.07320935758817,0.2940649972203637,0.22885189825064248,1.2534427642822266,1.298480168802177,771759000.0,1.3494935175200875,4.0366332367016815,0.6938872686101056,-0.08820053828092748,0.0030694530388831304,1.1201070070693304,0
AVGO,2018-09-13,18.946818906742443,19.395174321426083,18.738451754150443,19.087081909179688,43757000.0,0.02377034570432409,0.03440665105626917,0.007402984271586623,0.016529758411039444,18.352121925354005,17.68794193267822,18.052464042545726,0.07910134378751897,-0.09043254852295135,0.0234589557364249,0.5437930867543871,0.01603579204337856,0.19450682424296875,73.99065822971568,0.34419769580077286,0.2231876774648413,1.6563949584960938,1.067048710601719,815516000.0,1.1419471875414187,3.375501931168584,0.8517978090601843,-0.11264763361183153,0.004341539765998392,1.2648507591833251,0
AVGO,2018-09-14,19.0660039358636,19.22248111757669,18.94682011905107,19.16167449951172,28095000.0,0.003900397916229157,0.01438605996510311,0.005017861315867199,-0.0011043056982928275,18.511762428283692,17.800030612945555,18.158103133685344,0.07649671595569638,0.03634714126586758,0.02345319472635183,0.5369015977394955,0.016091677822621244,0.20222449513085153,72.90551228400872,0.3855033763013651,0.2115946863723468,1.596405029296875,0.686075559886008,843611000.0,1.18731296404002,3.459662741203594,0.8780692088930909,-0.11427795344418507,0.002155740787507205,1.4482232402238044,0
AVGO,2018-09-17,19.45841434942176,19.482737924068235,18.997087577946324,19.039247512817383,36739000.0,-0.006409657117737253,0.025507854002102173,-0.021541674920773555,0.015486112652503378,18.639863777160645,17.903646564483644,18.242021645983634,0.06342847216120777,0.16079977035522575,0.023618689045042846,0.5383494785999596,0.0160321271252326,0.20510887950439005,69.1016765447392,0.40370592047519693,0.1838377844369429,1.2810134887695312,0.8997467709624172,806872000.0,1.2179688943112679,3.3856153901995114,0.8349506055107964,-0.11897713556144655,-0.002816994080058766,1.629882878380576,0
AVGO,2018-09-18,19.196082810422926,19.718869247968097,19.185463301928337,19.582454681396484,50511000.0,0.028131488820057247,0.02723897256221465,0.020127641383297912,0.00823747353985288,18.819042778015138,18.04476041793823,18.36968193507057,0.08521555437652033,0.3114806938171384,0.023719833647932072,0.5672616980689433,0.016230877809093536,0.2104559131988417,71.69383523720529,0.4566993013473244,0.18946493224725625,1.7917900085449219,1.243081481627319,857383000.0,0.9920088078705563,2.820061023561766,0.9999999965681602,-0.1249686155154782,0.003447654498710451,2.0385166750170636,0
AVGO,2018-09-19,19.642903821981175,19.807908181444617,19.58572268968775,19.750728607177734,31160000.0,0.008556386152682048,0.011249483300764262,0.005489248744424774,0.0030869031267115863,18.99891471862793,18.17892360687256,18.501210189556968,0.0864630400254459,0.4569210815429692,0.02359774617472773,0.5697561756524152,0.016062860302180505,0.21841535328781211,72.36436156604148,0.5064373425334274,0.19136237874668738,1.7987194061279297,0.7657129657616213,888543000.0,1.0714895633858859,3.055876653884275,0.9999999967555251,-0.10119956934041495,-0.0001644788281600696,1.9689997872432756,0
AVGO,2018-09-20,19.84874743389784,20.09788830709913,19.74500780923094,20.007217407226562,39986000.0,0.012902696647944816,0.017637659975862113,0.007983877762394514,0.004962795483123877,19.24862174987793,18.337951278686525,18.644639448382645,0.09102795084693457,0.6105508041381853,0.02305826792126997,0.5814684563455241,0.016004751366847668,0.22227527800361466,72.99895760286631,0.560095172611522,0.19601616705982555,2.4970703125,0.9670390264311746,928529000.0,1.0018478862690585,3.3193910598431318,0.9999999970047789,-0.1472279859373713,0.007175154018993433,1.6684589413344744,0
AVGO,2018-09-21,20.121575778369902,20.320889404209268,20.027637700851212,20.266159057617188,135321000.0,0.012859374673919875,0.014470018831868138,0.007185484912710143,0.0057158558741923484,19.389555549621583,18.51783094406128,18.799069887357362,0.09441322355156656,0.7255971717834484,0.022660899970112433,0.5837781475863574,0.015934097837562503,0.22169473041769464,73.330402572914,0.616408246092913,0.20186339243297324,1.4093379974365234,2.9204258886978924,1063850000.0,0.9223547980806713,3.5377212805882214,0.9999999969889721,-0.13581467557616556,0.0010568253129731846,1.5148926107734315,0
AVGO,2018-09-24,20.26207709658714,20.42953221482231,20.201630346783276,20.376436233520508,45326000.0,0.005426693140169464,0.01118457935015521,0.005643998704169795,-0.00020141759563027572,19.476411819458008,18.689401054382323,18.949295253658615,0.09026694720320834,0.8179343795776362,0.022628925804581323,0.5817566800454852,0.01572562480715988,0.22180031418807175,73.71115998651766,0.662300619734804,0.19820461285989144,0.8685626983642578,0.9527212650261794,1109176000.0,1.0064704217627747,3.6948987349553146,0.9999999967840715,-0.14463256891042603,-0.004632444596840059,1.4444621203136485,0
AVGO,2018-09-25,20.338043364648918,20.368265958248266,20.078282992690074,20.229400634765625,47037000.0,-0.007242123435562556,0.014334728480115655,-0.005341847683278848,-0.0018841797668441701,19.61391258239746,18.837525367736816,19.071210051859282,0.07388843487233203,0.8910475158691398,0.02280840769969951,0.5893280707254215,0.015418137054025827,0.21956671251924667,70.93830428814883,0.6789792622061519,0.1719066042649915,1.3750076293945312,0.9695052198736511,1062139000.0,1.1474103602451262,3.7871119285725814,0.950843178862513,-0.13526598392457367,-0.0012440732975043886,1.566978073997445,0
AVGO,2018-09-26,20.0652171512354,20.262080046216088,19.99660165908676,20.048063278198242,33428000.0,-0.009004468712357798,0.013242096421633286,-0.0008549059249804439,-0.008116082453182656,19.754846382141114,18.970664405822752,19.164243692462993,0.05679289078967997,0.9610070800781223,0.0231291803201806,0.5567491959741496,0.015373399272177707,0.21260219231067834,74.50760757998418,0.6698432612001994,0.13021648260723118,1.4093379974365234,0.6826094680718549,1028711000.0,1.1905215950655939,3.602456189662643,0.8885265062709987,-0.10601314977353266,-0.004194781258093027,1.7557815596957056,0
AVGO,2018-09-27,20.069300864433828,20.24819190963458,20.00558537053922,20.13138198852539,29572000.0,0.0041473359923339965,0.012051161669533328,0.0030933376543598318,0.001059333559600289,19.859276390075685,19.105699157714845,19.256352101611792,0.05368465303503589,1.0319580078125021,0.023114929465778183,0.461498104077278,0.015388294427351602,0.20336854604715174,66.2801716583829,0.6616983910227638,0.09765728994383638,1.0443000793457031,0.5968926140291563,1058283000.0,1.1819480691392208,3.600378635413179,0.9145046984885565,-0.09883901179779687,0.0018692333122710871,1.8481339684609384,0
AVGO,2018-09-28,20.05704773629078,20.173857652695947,19.91899880343389,20.154253005981445,26739000.0,0.0011354429397149885,0.012645412809890037,0.004846439561806479,-0.003692456497868846,19.958534240722656,19.235148334503172,19.34186647345652,0.04778256216261131,1.0994443702697723,0.02315812031278481,0.42816070516567833,0.015414657744974846,0.192724581713925,59.83452592094782,0.649600828703349,0.06844778209953717,0.9925785064697266,0.539595893348132,1085022000.0,1.2215413953324081,3.6318197055711305,0.9224840112057253,-0.09670317995407866,0.00012719070810659,2.160084595399472,0
AVGO,2018-10-01,20.24819642482827,20.59617704808807,20.231042549190406,20.381343841552734,27709000.0,0.011204631437418662,0.017915133641683123,0.0065757667431279535,0.004661220578055783,20.09274387359619,19.366303825378417,19.440864318037114,0.05241268673684856,1.1640303421020484,0.023160666625376664,0.4005985597638903,0.015452990153180883,0.18417682462088464,76.69600345903359,0.6508353313909403,0.05574582782970272,1.3420963287353516,0.5591220800657006,1112731000.0,1.2191718742750273,3.6250131823942287,0.9999999965171318,-0.0970894676674382,0.004748447768557238,2.0704794167736646,0
AVGO,2018-10-02,20.35111199767298,20.561043572499624,20.25145596376643,20.266159057617188,24888000.0,-0.005667511361716679,0.01527608698324482,-0.00417436354454552,-0.0014833096440931741,20.161114311218263,19.4900785446167,19.51946381704474,0.03981926039064903,1.2339008331298835,0.023311192730370467,0.366421332182691,0.015465479245392875,0.17059830474718182,79.48886805170008,0.6351970777252056,0.032086059331174366,0.6837043762207031,0.5082367932561829,1087843000.0,1.2401648123662177,3.544313746784517,0.9598826539276004,-0.10040327313541772,0.0002721142751323059,2.0827641808526027,0
AVGO,2018-10-03,20.324163757050606,20.53001025965061,20.17958042678435,20.373991012573242,19607000.0,0.005306683554236492,0.017199861945457872,0.0024516263544095258,0.0028621456719307025,20.22344055175781,19.61117763519287,19.600847359476028,0.03889686744882218,1.299944496154783,0.02330695109526592,0.337419960197112,0.0155788801162878,0.15695285473382659,76.60135388135058,0.6243081508585142,0.0169577059715863,0.6232624053955078,0.4077151255095919,1107450000.0,1.267576842985718,3.599297628759006,0.9974391030632049,-0.09561406106493676,0.0006150147116502378,2.0849954203571537,0
AVGO,2018-10-04,20.148536813412786,20.399310539306057,20.110961886430452,20.271881103515625,25660000.0,-0.005024378543254384,0.014224069846352739,0.00612174924580686,-0.011065784755737027,20.249906921386717,19.749264335632326,19.664755335098846,0.02646259418766043,1.3990117263793955,0.022316387304812647,0.3383262212221107,0.014710282768211845,0.12198047657300712,72.69065305943697,0.6005167977377504,-0.005466917719342046,0.2646636962890625,0.5548408022055246,1081790000.0,1.4492584517096718,4.352082105778255,0.937184906742144,0.21232783331413657,-0.006375879526166284,1.5930857720161693,0
AVGO,2018-10-05,20.289852641026496,20.425449250140304,19.80055595943509,19.950040817260742,33860000.0,-0.016003569190411463,0.03132290786349305,-0.016747870455755223,0.0008865254003366254,20.218295097351074,19.80392532348633,19.69192538101903,0.007378107688951321,1.4165660095214854,0.015854225716530286,0.34827214583520366,0.013758241739110194,0.11421623056678537,67.21199558424732,0.5493594834520046,-0.04529938560407021,-0.3161182403564453,0.7928748974074675,1047930000.0,-0.03267647650925341,0.6088970663813169,0.7524971663212486,-0.1721387225708882,-0.004101356876950116,2.557440430783841,0
AVGO,2018-10-08,19.874891138095688,20.047247840767287,19.635553309959185,19.716421127319336,33397000.0,-0.011779341023416686,0.020880794133010517,-0.007973377544336161,-0.0037668935042997594,20.152293586730956,19.81435270309448,19.694258309238105,-0.004942456470476922,1.3911051750183105,0.014301114446006447,0.3291344883821599,0.013096142719009081,0.11338159736850499,52.86715721766917,0.484382131085205,-0.08822139037669585,-0.6600151062011719,0.8080336404459584,1014533000.0,-0.19362205110862177,0.7161376485621208,0.6184347307101322,0.21660207695190847,0.0016042089630342144,2.031395548868957,0
AVGO,2018-10-09,19.652707131395704,20.07257039502365,19.634736851591768,19.988433837890625,24675000.0,0.013701949875547176,0.02190434462068105,0.017082975087323145,-0.003231519326565231,20.128196907043456,19.87105474472046,19.722275026252632,0.00590703888741893,1.4131918144226105,0.01210213459144173,0.3443044914809992,0.012330515103446871,0.1036547679459555,54.871084573868615,0.44965294439228387,-0.09836046165569368,-0.240966796875,0.6242536784796291,1039208000.0,0.40713738337156385,-0.41786312487701693,0.7745289644860388,0.008842954834065287,-0.00231394425464931,1.757641024463097,0
AVGO,2018-10-10,19.843849001650135,20.018656466469995,18.921620357791642,18.93714141845703,56327000.0,-0.05402865007254212,0.05793039634956866,-0.0456921226653551,-0.0072334249603093585,20.017104721069337,19.885975551605224,19.647500396938764,-0.047713733239225675,1.408977489471436,0.017137072857297774,0.3974584636817252,0.013666635693913834,0.09665469555266094,33.45975085559439,0.33345543481318884,-0.17164637698783103,-1.110921859741211,1.4191843223808693,982881000.0,-1.4153727986749067,4.239884201939736,0.0,-0.06535417207168469,-0.03097821907740203,1.8535159251436566,0
AVGO,2018-10-11,18.9485768660036,19.245094242908024,18.558119837556077,18.69780158996582,37424000.0,-0.012719193175679822,0.036740918534144816,-0.013234517699076345,0.0006038634498141265,19.87374668121338,19.86651153564453,19.557052891512768,-0.058828141165776754,1.3671060943603521,0.016483424739258255,0.4241229214223853,0.01375519485548661,0.10485567507089157,25.609978530934796,0.21952480213154146,-0.22846160773558277,-1.4335803985595703,0.9504978659260583,945457000.0,-1.411902369764721,4.4240665033102315,0.0,0.06108972160999322,-0.022573568861338583,1.4634976303436424,0
AVGO,2018-10-12,19.176483640850574,19.250817105492597,18.71496023073416,19.02863311767578,32589000.0,0.01753889604994891,0.02816055526232579,-0.007709991355387748,0.02560098033886712,19.761184692382812,19.859859466552734,19.50672719876639,-0.04185459367717727,1.3307003402709974,0.016975879554618368,0.44734532481436695,0.014135585381965726,0.10695047461977342,30.385413780398608,0.15415232230219544,-0.23506727005194306,-1.125619888305664,0.8230013068924369,978046000.0,-1.3524835512953914,3.9007126662182565,0.19650919092349825,0.022744768912087043,0.011295704376732421,1.4534513525527155,0
AVGO,2018-10-15,18.871789811232116,19.223037491314322,18.79092045638272,18.989416122436523,30099000.0,-0.002063073194598626,0.022755677790086738,0.006232917615056816,-0.008242489382906486,19.621991920471192,19.85736789703369,19.457459477211167,-0.04370930622128066,1.3016069030761699,0.016920450725074466,0.4569141672501646,0.01405863349561633,0.1078006156159837,31.369852822133012,0.09804942455581767,-0.23293613423865672,-1.391927719116211,0.7665459083297783,947947000.0,-1.4056818242102673,4.084893901625206,0.17321485722361732,0.05344950781729108,-0.005021778296841583,1.4492870189020337,0
AVGO,2018-10-16,19.277770769023245,19.503221900496378,19.129102307303047,19.467281341552734,30355000.0,0.02485339866124278,0.019217865424413304,0.009830523181430368,0.01518501910366917,19.542104148864745,19.851609230041504,19.458394892862746,-0.01936003695426185,1.2582945251464857,0.016636148029966793,0.4746518380309165,0.013814799749864524,0.1085815859563269,41.98794413034094,0.09109709280874512,-0.19191077278858343,-0.7988777160644531,0.7934298622900599,978302000.0,-1.5377876502769616,4.295343682748934,0.45705995575163005,-0.01051199221355557,0.020004994642250973,1.3276283077540705,0
AVGO,2018-10-17,19.583279565046407,19.583279565046407,19.107869428749826,19.37334632873535,20262000.0,-0.0048369556103865455,0.02453939180068439,-0.010720024473253124,0.0059586247025708505,19.442039680480956,19.832740116119385,19.45029502961252,-0.02316340477728642,1.2091987800598147,0.016534776208698067,0.4912806664024321,0.014122528447044478,0.11074780940941079,39.57321908717665,0.0771185744025722,-0.1647114329558051,-1.0006446838378906,0.5372676036544378,958040000.0,-1.4409047265362958,4.181571931290256,0.4012639030117129,-0.05604883331176565,-0.0019247053572013697,1.323075141211911,0
AVGO,2018-10-18,19.23120995754817,19.34475271307977,18.50420975974459,18.62592124938965,37442000.0,-0.039343994725031986,0.045127590825149035,-0.031474291486594974,-0.007336696963722715,19.27744369506836,19.76367530822754,19.371783241019862,-0.057567939187331725,1.1234774780273469,0.01820290966532708,0.5351576463830539,0.015145121319710896,0.12336750357439615,32.47163545641986,0.005664246536507989,-0.18893260865749545,-1.6459598541259766,0.9961727618239309,920598000.0,-1.151581200529235,2.0573731410374982,0.0,-0.06843664213174488,-0.013683419695009571,1.4229434291427594,0
AVGO,2018-10-19,18.78765739512047,18.87669394333351,18.536883659768158,18.647157669067383,32231000.0,0.001139504574982842,0.018223167810009516,-0.0074782993442702355,0.008683390397998196,19.147155380249025,19.68272523880005,19.302771281786296,-0.05261301758991935,1.0207761955261248,0.017832403591114345,0.5278638064872487,0.015215619372443307,0.13122885243696478,29.125011588627586,-0.04868896542456724,-0.19462865649485656,-1.3028831481933594,0.9938223354871132,952829000.0,-1.1586395826954818,2.2879391618234286,0.012097610940844787,-0.12170078619682158,-0.0031645602897034564,1.4022894851742909,0
AVGO,2018-10-22,18.833396726656076,18.986148739057384,18.62755029473444,18.6749267578125,25619000.0,0.0014880784016117461,0.01920213389757502,-0.008414306301695476,0.00998753058744357,19.04300594329834,19.597649765014648,19.24297656521736,-0.04708335018715059,0.9063404846191396,0.017743941740986455,0.531364580457945,0.015355859595523779,0.13500086161581,30.43402902639798,-0.088503332782782,-0.18755441908245707,-1.041494369506836,0.81469821280926,978448000.0,-1.1460102454596188,2.3357992852336693,0.027916644323973876,-0.11192767601569427,-0.005942014537692295,1.3980436918436068,0
AVGO,2018-10-23,18.200334844233517,18.75007818539437,17.87440976847588,18.710052490234375,35990000.0,0.0018791366727805262,0.04680202885093566,0.02800594879617254,-0.025413321280119174,18.915167808532715,19.521682357788087,19.19222189140946,-0.04157581566294455,0.7984455490112303,0.017779073964559446,0.5688816221759616,0.016533194974721895,0.13773619629123543,29.167539252229687,-0.11588628772456389,-0.17194989921939116,-1.27838134765625,1.1649643211469018,1014438000.0,-1.221902682689054,2.4394978119496673,0.0479264883231294,-0.10879512256533427,-0.00861338667718553,1.3708965357275424,0
AVGO,2018-10-24,18.493587463027808,18.494405426934613,17.79436075496233,17.865427017211914,37810000.0,-0.046193552109715014,0.03918432349285589,-0.03396639222822732,-0.011569450557102928,18.807996368408205,19.41255054473877,19.065860474819218,-0.0796970765466566,0.6681492614746105,0.02003553206193421,0.6136918423471359,0.017235446091103057,0.15544666141185123,24.594749623248006,-0.20339705895738902,-0.20756853636177303,-1.0717144012451172,1.2152574105471226,976628000.0,-1.066882633932441,0.941307987377529,0.0,-0.12389580752909145,-0.028069546959380964,1.4355120594703221,0
AVGO,2018-10-25,17.961002220530283,18.247718088973986,17.901371863606247,18.153779983520508,35193000.0,0.01601140894536046,0.019078463300280048,0.010733129505576238,0.00534972957692472,18.753594207763673,19.313670444488526,18.978995666124103,-0.06005541327326821,0.5411702156066909,0.020514649970204128,0.5963631124226259,0.017351151298842755,0.1624217960377174,30.901602054157877,-0.2466391979789151,-0.20064854030663928,-0.5440216064453125,1.1210175257534922,1011821000.0,-1.0283119403650276,0.7652555844051245,0.11461148571079191,-0.22900041378506003,0.01228531278673225,1.4208428704856035,0
AVGO,2018-10-26,17.60893259627126,17.75351588663326,17.088596966948884,17.4112548828125,53324000.0,-0.04176197312171136,0.03818902909513194,-0.011225990687723921,-0.030012889202350457,18.591856384277342,19.176520538330077,18.829687020094426,-0.0920534906772386,0.3941932296752917,0.021960544883140115,0.6430408614057345,0.018011794032889997,0.18046547509016259,27.88407727154774,-0.336940435183557,-0.23275982200902495,-1.6173782348632812,1.6295547022664447,958497000.0,-0.7759807732212595,-0.18550408014688805,0.0,-0.3154731343268973,-0.016537720499023804,1.4880512099101038,0
AVGO,2018-10-29,17.65958648219136,17.863800216707002,17.009370337884285,17.27648162841797,28636000.0,-0.0077706962820184786,0.04945624327367147,-0.021693874539066495,0.014262705419584763,18.420562934875488,19.02127742767334,18.68176269707762,-0.0917286341557506,0.23275905609130731,0.021532996439379507,0.6727977425050798,0.019025633862628896,0.19236342604008652,23.27764687119212,-0.4146006335128689,-0.24833601627066948,-1.7129344940185547,0.873864031688099,929861000.0,-0.7119330922484883,-0.12029327979269316,0.0,-0.30614535632277873,-0.0048278063434630866,1.4748179738519838,0
AVGO,2018-10-30,17.46271541317809,18.098228103557066,17.23562996578925,18.053300857543945,29697000.0,0.04398240787565141,0.04778063269961816,0.03381979434778962,0.010779612930782443,18.27916488647461,18.910634517669678,18.621909188550603,-0.04533605992285971,0.09625368118286204,0.024582676251708548,0.6560521731543272,0.020020792316141095,0.18819805629516106,40.793021179733906,-0.4087522391851799,-0.19399009755438434,-1.413980484008789,0.8996405618323012,959558000.0,-0.23792479354338125,0.06436792087152454,0.25078833678172724,-0.27087723650885975,0.01939789545990087,1.5907916965704267,0
AVGO,2018-10-31,18.37922653427454,18.43395532544525,18.110481013227282,18.255882263183594,28146000.0,0.011158802833020004,0.017718908753762364,-0.006711069739187172,0.01805352269385131,18.167418479919434,18.804729080200197,18.58704948137279,-0.029186637807115567,-0.033420104980468324,0.02475386636270509,0.6341721776221385,0.020028450288470976,0.17665143986621407,45.36099308172168,-0.3833516786302944,-0.13487162959959906,-1.1174640655517578,0.8417671547516506,987704000.0,-0.25965944589327394,-0.007829047592140667,0.32696828574559716,-0.15999901512037137,0.005428001840922873,1.5897854386363017,0
AVGO,2018-11-01,18.392297566696705,19.133184303313072,18.274669689446185,18.77785301208496,36830000.0,0.028190800252758844,0.04571952996208744,0.02096287556138501,0.00747240267802439,18.182611656188964,18.730027675628662,18.60522124620252,0.0025534044721671535,-0.14714529037475543,0.0258806521348843,0.6573355008080457,0.02086842827345033,0.1613132363530788,47.469024880183284,-0.31744358223042823,-0.05517082655978628,0.1519317626953125,1.083385056169529,1024534000.0,-0.31398449772880316,-0.3083779813854235,0.553612771230511,-0.10613964496468285,0.013622228606335073,1.6156289138157938,0
AVGO,2018-11-02,18.40618383980671,18.458461856496108,17.787007023613437,18.0336971282959,40241000.0,-0.0404360736857507,0.0372333430983925,-0.020237041776300892,-0.019792953541549835,18.121265602111816,18.63421049118042,18.550790377830463,-0.03222639149893039,-0.2702651023864746,0.02699935264849619,0.6972447117751831,0.021043808196990293,0.15300700555247063,41.55599941684996,-0.3215514566099422,-0.0474229607514402,-0.6134605407714844,1.1727163708477646,984293000.0,-0.2643237769522394,-0.6564112603105553,0.27921417436520013,-0.1940873503271985,-0.00633540391660277,1.6369971984659664,0
AVGO,2018-11-05,17.890749501333197,18.060655404884457,17.456999603752585,17.978153228759766,27609000.0,-0.003084759212898878,0.03357718632803885,0.00488541451945328,-0.007926695560302425,18.051588249206542,18.547297096252443,18.496253506490397,-0.030686081332077987,-0.37784088134765526,0.026950120278529905,0.7036625705660414,0.021352241475801337,0.14645087212467556,35.782185310078816,-0.325536325028569,-0.04112626333605357,-0.6967735290527344,0.8114339624305104,956684000.0,-0.31810411952547013,-0.6125648938217727,0.2587330246099388,-0.1809260683995238,0.009015433392341534,1.5996390959065618,0
AVGO,2018-11-06,17.995310943534275,18.71904399994388,17.947932906226093,18.644710540771484,29464000.0,0.03640517750515759,0.04135816920396661,0.03608715619941359,0.0009543646978746236,18.045054054260255,18.480110931396485,18.510392271660027,0.00890685179850771,-0.4725829696655275,0.02824256127708654,0.7247840675246991,0.021887421638546244,0.1276077157961796,43.728886070923096,-0.2717758941985977,0.010107333995134193,-0.06534194946289062,0.8599012386033316,986148000.0,-0.245843294998633,-0.7572556173903021,0.6245339991168832,-0.11338731045838063,0.006500718245571773,1.6551135553576901,0
AVGO,2018-11-07,18.950208961764705,19.219770911504373,18.72312348768179,19.147071838378906,29004000.0,0.02658730857710635,0.025938557485730245,0.010388427742803333,0.016385259525760372,18.173218536376954,18.490607452392577,18.57102842087135,0.035502586235822135,-0.497322235107422,0.026447990722996983,0.7037786247919939,0.020835967475952205,0.1297728341980835,54.68290058956224,-0.1864843318394982,0.07631911708338701,1.2816448211669922,0.8816274421891739,1015152000.0,-0.3354437902011174,-0.6260032227894142,0.8538389840967994,-0.08399079749114528,0.018218257037785828,1.6141225828944183,0
AVGO,2018-11-08,19.009023207570845,19.81852547563094,19.009023207570845,19.62493133544922,29796000.0,0.024650967508558483,0.04124866751433538,0.032400829902141624,-0.0072099082289623475,18.320333671569824,18.536963939666748,18.671400127021624,0.058691779232921786,-0.49485063552856445,0.02677028916555555,0.737328052255904,0.021016053268885372,0.14035531704121926,58.119665432379314,-0.07941543470536772,0.146710411374014,1.471151351928711,0.9163249207718457,1044948000.0,-0.507885026141949,-0.5856814126753728,0.9999999957418718,-0.019389211322494364,-0.004645162218461426,1.72744501333421,0
AVGO,2018-11-09,19.19608751313552,19.524463486826324,18.99514099851836,19.52201271057129,33611000.0,-0.00525807898957074,0.027114134996449036,0.016978730537822204,-0.021851990969214887,18.531409454345702,18.561632919311524,18.752410849264447,0.05174004867552279,-0.5093165206909163,0.026587791201321355,0.756698901727898,0.020998230168743293,0.14628167569762732,56.947687926946294,-0.0028345601921913044,0.17863302870975234,2.110757827758789,1.032026885327446,1011337000.0,-0.3864845586857217,-0.6080407451631311,0.9561759257047103,-0.02680639779019611,-0.0072352378052263945,1.725140398489281,0
AVGO,2018-11-12,18.869342090846025,18.94040835575212,17.99367352423065,18.26732063293457,50306000.0,-0.06642898012409003,0.05182669369126368,-0.0319047402232674,-0.033432547627214614,18.630493354797363,18.525528144836425,18.706211781042555,-0.013937929852458484,-0.55560302734375,0.030405681256034392,0.8033182424009085,0.021886553144329007,0.14553817175056522,46.974112090768955,-0.04289239336010198,0.11086015643347333,0.9908390045166016,1.4981699490444718,961031000.0,-0.5111393238911227,-0.577223799019419,0.4219119520979792,0.013150504381132229,-0.019033800518630146,1.9063242394506439,0
AVGO,2018-11-13,18.419253575829668,18.772952066802485,18.16031113759292,18.365341186523438,26697000.0,0.005351551465569445,0.033358537837867026,-0.002926958416366356,0.008317199109166241,18.661697387695312,18.47043113708496,18.673747914897877,-0.005689631699696931,-0.6221935653686508,0.029808545024949045,0.7816717562535886,0.022183500469148118,0.1379571809209053,53.80502347936904,-0.06596862996194375,0.07022713586530524,0.3120403289794922,0.7994214772094358,987728000.0,-0.4728447141742492,-0.4653300039924735,0.4636503605799705,-0.015156150095144247,-0.0009325606958345632,2.002632366343188,0
AVGO,2018-11-14,18.522992797263413,18.830946040839876,18.42987112417825,18.477249145507812,25411000.0,0.006074942187208234,0.021706419244883805,-0.0024695605203530085,0.008584191773995511,18.683834075927734,18.425626277923584,18.65503374638454,0.002801688625263331,-0.6775032234191904,0.029863310250870245,0.7876227407217576,0.02212632505254442,0.13039640746636738,52.529992652568275,-0.07436939262318631,0.04946109856325015,0.22136688232421875,0.7550920650108385,1013139000.0,-0.5297793133453758,-0.44222514588158945,0.5113022043357914,-0.01725642910999231,-0.003457011018380208,1.9964816004851513,0
AVGO,2018-11-15,18.47888247487286,19.54814503870188,18.449476285927748,19.305540084838867,36694000.0,0.04385190637664142,0.056909506150923404,0.04473525986448164,8.839678202023393e-05,18.736602783203125,18.459607219696046,18.71698673099924,0.04582615732917465,-0.6794301414489716,0.030297455931607774,0.7900145790219367,0.022678776627423576,0.13674007516350456,64.61988775660174,-0.014029181398342416,0.08784104783047525,0.5276870727539062,1.0915814008142086,1049833000.0,-0.6507043157197895,-0.0745104517813189,0.8639991061788181,0.0023355830257220174,0.010576095063119378,2.0217562640257056,0
AVGO,2018-11-16,19.099696891983463,19.539164815230677,18.92244019188088,19.409284591674805,36005000.0,0.005359433035190547,0.031774722047023814,0.016209037309863894,-0.010662389757075908,18.874161529541016,18.497713565826416,18.782919860587388,0.04928020006968146,-0.6523730659484848,0.03030419962883652,0.7730356322024424,0.022954871519603886,0.14381406358172402,66.53996075384443,0.04168170465246135,0.11484154710502323,1.3755874633789062,1.0651059115522796,1085838000.0,-0.6734868785650934,-0.05474137227195103,0.9081748473426887,0.009666374675133918,0.001128521276408244,2.0249950743909166,0
AVGO,2018-11-19,19.321061172851525,19.69272994234957,18.668394541584643,18.716588973999023,35326000.0,-0.03634129726343598,0.05472874366374339,-0.03128566247639665,-0.004545423526899125,18.94800510406494,18.499796676635743,18.77660263329326,0.011718631346899685,-0.6344642639160156,0.031483306359674626,0.7845882938450932,0.0239129097748497,0.14393824258406132,55.21182348893577,0.029597059497017852,0.08220552155966379,0.7384357452392578,1.0302279123346796,1050512000.0,-0.5074851799193771,-0.5694255470119443,0.6132161719866586,0.003205978183564768,-0.015953928066924555,2.0725514105558878,0
AVGO,2018-11-20,18.292638762735397,18.712503479890994,18.181546813545847,18.60059356689453,32123000.0,-0.0062167491106481405,0.028545146376656318,0.016834903262733826,-0.022651040307214942,18.943593406677245,18.49432373046875,18.75983986506481,0.005746078522095114,-0.634861221313475,0.03151763324058071,0.7956159861702269,0.023356309009469414,0.14368431193923192,52.745952246480115,0.01053854936978027,0.050517609145940966,-0.044116973876953125,0.9421298299074821,1018389000.0,-0.4636949049548358,-0.6129032832850757,0.5638238404143541,0.020490301730002537,-0.017517998686119515,1.9787233164066103,0
AVGO,2018-11-21,18.805627062701955,19.05803515978677,18.584259529292467,18.787656784057617,19926000.0,0.010006607761823522,0.02521738797379742,-0.0009555798684545504,0.011022954459493372,18.907651901245117,18.540435218811034,18.762489095445076,0.01333418348574751,-0.5917283630371095,0.02970430999921094,0.7667926711962857,0.023023783122436317,0.14028654453913547,50.082497059251935,0.010408992669201922,0.0403104419562901,-0.35941505432128906,0.6001454733833402,1038315000.0,-0.6546423013353467,0.008384498065862856,0.6434777567006941,0.05679229234169476,0.002323553955170072,2.0591411251505023,0
AVGO,2018-11-23,18.58997893860944,19.007391431921132,18.58997893860944,18.779489517211914,8066000.0,-0.00043480901684041034,0.022227041512861697,0.010194233093343474,-0.010521687069348466,18.823107719421387,18.571720695495607,18.764108183232395,0.01118737595783603,-0.5542910385131812,0.02954753284263458,0.7258331358277262,0.023073023171648527,0.13907113899013057,57.16306451365409,0.009537347270299534,0.03155103724591017,-0.8454418182373047,0.25328459818624854,1030249000.0,-0.5768970401838215,-0.005015281662814546,0.6400000297617381,0.09780530697974048,-0.006997482906877489,2.0934640106949964,0
AVGO,2018-11-26,19.132370390285693,19.45339398198268,18.914270036073255,19.221406936645508,28714000.0,0.023259311407964285,0.02804810008996302,0.004653712242497922,0.018790759607728122,18.793047142028808,18.662228298187255,18.807660445462215,0.029963122796699306,-0.4649780845642084,0.028087101373035044,0.7308508975162186,0.022810781936087685,0.1285376976549606,61.115977458472656,0.04399841812603,0.05280968648131251,-0.30060577392578125,0.9379031915623333,1058963000.0,-0.8197511501007577,0.7723874832725391,0.8281741329706566,0.05996450355574181,0.0130082221904286,1.9834853836008821,0
AVGO,2018-11-27,19.08008909149582,19.47136250956567,18.985334596020284,19.26388168334961,30406000.0,0.002207324693299954,0.025230009262005304,0.009632690438504237,-0.007352107242486212,18.892703247070312,18.761598300933837,18.851110087165775,0.026771886600037306,-0.3701007652282726,0.027930975065683733,0.7104878132181897,0.022102825096777596,0.1102129404784844,56.23145515548435,0.07388472502214327,0.06615679470194062,0.9965610504150391,0.9903073255253452,1089369000.0,-0.887036963547284,0.9416009695502557,0.7807539106571116,0.09667171714249913,0.002891819267414712,1.9720256319463416,0
AVGO,2018-11-28,19.318615547785676,19.44114345516164,18.91999125626634,19.21405792236328,31080000.0,-0.0025897326802330105,0.027123484311843152,-0.005412273209208117,0.0028412687191374654,18.9775749206543,18.819636154174805,18.885676547660776,0.02095799115071629,-0.3046949768066405,0.026407024963042758,0.7066372295155049,0.021420590406894167,0.10585763472503476,50.74172162382528,0.09248338652848176,0.06780436496662329,0.8487167358398438,1.0099844830247537,1058289000.0,-0.9408534045564516,1.236017892653126,0.7504986136736359,0.0799602184624979,0.021419848917629426,1.555603639297404,0
AVGO,2018-11-29,19.13645186401595,19.492601126164672,19.013106027427337,19.259796142578125,17920000.0,0.0023776272418445958,0.024896166861721913,0.006445514527677726,-0.004039024898379527,19.05582962036133,18.869831848144532,18.92130698527195,0.020666018508547438,-0.2446806335449203,0.026344114970425166,0.6830652888495935,0.021549396964459417,0.10360347720862341,45.52908334897347,0.10964967864855169,0.06797652566935457,0.7825469970703125,0.5921725495638839,1076209000.0,-0.8931742609846571,1.2048771513552918,0.7782729809373886,0.0662372001376291,-0.0012199299097725733,1.5516352938621216,0
AVGO,2018-11-30,19.22876172800241,19.46401442724563,19.064573747343253,19.392948150634766,40083000.0,0.0068896807816695715,0.02059721279063647,0.008538585316592072,-0.0016113573760578718,19.064570426940918,18.90058660507202,18.96622519149698,0.026050066888935443,-0.2016404914855947,0.025673770246304968,0.6666117419189875,0.020835618850023607,0.10620413946414674,48.43127589602382,0.1324712964377568,0.07263851476684774,0.08740806579589844,1.3174752909699872,1116292000.0,-0.8817843428428306,1.450333333761658,0.8591290517748603,0.1699606869371792,0.010213488116754188,1.4782393541064585,0
AVGO,2018-12-03,20.02927875053302,20.179580036296404,19.724591032780303,19.773603439331055,35241000.0,0.019438386024708782,0.02300991848460949,-0.012765078276595995,0.03281247363503246,19.101002311706544,18.98758192062378,19.043118357957372,0.04139660971993255,-0.10479406356811438,0.02398924207956928,0.6136326490133447,0.020463154865541015,0.10415158381353193,73.2476353503193,0.17920750096703486,0.09549977543690064,0.36431884765625,1.1679221584073753,1151533000.0,-1.167247183172096,2.963534965533081,0.9999999944303664,0.15709422793052238,0.010443338723929312,1.3902373172869993,0
AVGO,2018-12-04,19.644537745973196,19.696817329710246,18.91672118370452,18.954296112060547,36455000.0,-0.04231727502827498,0.04115669297251223,-0.0351365678585525,-0.0065271711225450375,19.124773025512695,19.036389064788818,19.034659096443388,-0.004312422508583418,-0.027544116973878374,0.0261002961386098,0.6310784580431282,0.020672429523439652,0.09119234394486125,57.43454462398265,0.1484240852351526,0.051773087764014694,0.23770713806152344,1.190701715420493,1115078000.0,-0.9862827126529274,1.4152904026704196,0.4560733692557445,0.11446693505296601,-0.032720963575116835,1.431108502470011,0
AVGO,2018-12-06,18.48052048976281,18.5630226742683,17.775574199589652,18.562206268310547,57859000.0,-0.020903021086244894,0.042422137911416316,0.004420101617202022,-0.024995685384290006,19.120934295654298,19.032263851165773,18.989663589002166,-0.02469793327184535,0.001674556732179866,0.02531220244735001,0.6820153907684465,0.020720055350229562,0.0921137070018744,51.001587655355024,0.09133675961632193,-0.004251390283852782,-0.038387298583984375,1.8060534739661283,1057219000.0,-0.8899941806720559,1.2697118795459625,0.19577043047031392,0.11229881084182802,0.00046604636794556623,1.368525666257369,0
AVGO,2018-12-07,19.118483621696658,19.464011854427127,18.338387494183465,18.67003059387207,78396000.0,0.005792003708781631,0.06029044001728705,-0.023456516555585744,0.029968277765331675,19.109171676635743,19.00841178894043,18.95922235137073,-0.01780165532226212,0.005383148193356391,0.02456201150018806,0.6839407913019845,0.021930706753012646,0.09356715991063033,40.97453887644053,0.05417071839717735,-0.03313394520239789,-0.11762619018554688,2.2719691645595295,1135615000.0,-0.9062635938218215,1.5737314239228637,0.2673534853839151,0.03769265201535841,-0.022871470665043015,1.158563753908282,0
AVGO,2018-12-10,18.620198503118306,19.630647126911786,18.502570631764687,19.543243408203125,43344000.0,0.045710024760342235,0.057722071562408946,0.049572237612532155,-0.002669095291687415,19.185547065734863,19.004327392578126,19.014843404402384,0.028357542164417205,0.0130615234375,0.026203369010304994,0.7204659250017917,0.022644117155969815,0.09240403063721249,51.561247209806595,0.09409269729295033,0.005430426954700071,0.7637538909912109,1.2319533640393197,1178959000.0,-0.5882162467148474,1.2415042059425243,0.8470672050292485,0.07580804367446446,0.001469233888303454,1.225522692328888,0
AVGO,2018-12-11,19.88713845002491,20.449134072062822,19.88386971110712,20.16323471069336,57730000.0,0.03123126127400428,0.028034408604864162,0.013883156755982255,0.017596620716366747,19.27972984313965,19.03638849258423,19.124214005001523,0.059194327640253695,0.0449429893493658,0.02709375028836823,0.7120055866514183,0.022656199517792942,0.10469111463368291,67.15086436045182,0.173756315175833,0.0680752358700662,0.9418277740478516,1.5864640785290098,1236689000.0,-0.6666284772289437,0.9633508967477906,0.9999999947254994,0.1800469857220166,-0.0006191948992585931,1.24057672040895,0
AVGO,2018-12-12,20.620682263425486,21.25374442538162,20.584741699017357,20.828163146972656,68703000.0,0.03244518607847629,0.03212010206191896,0.010061785579934812,0.022687210623478206,19.436157989501954,19.164430618286133,19.28649487566544,0.0868135641990273,0.16404872894286981,0.02299685767497397,0.7516818405253528,0.022007565148855993,0.12675719892729337,73.36768443826477,0.2872334259248639,0.14524187729527765,1.5642814636230469,1.8414616332006124,1305392000.0,-0.26511637730933574,0.3077806871557712,0.9999999959396172,0.2789689758211937,0.0037795413486837338,1.0218377894494668,0
AVGO,2018-12-13,21.112420257280963,21.360743145276977,20.795480337918793,21.099349975585938,54355000.0,0.012936164833286636,0.026790531828911546,-0.0006190802157951142,0.013647728237121239,19.62468719482422,19.30113105773926,19.459147742324532,0.09316650467455244,0.28408535003662294,0.023034839385340237,0.758216638872773,0.02185067724321056,0.14837585253717706,73.82957920132898,0.3944998161056503,0.20200661398085124,1.8852920532226562,1.4048178104691296,1359747000.0,-0.3180455112760383,0.3066823214132136,0.9999999961862641,0.2840755242940704,0.0019298054692649012,1.0247275328474676,0
AVGO,2018-12-14,20.859195586410934,21.36809682874061,20.7995652463105,20.815902709960938,42727000.0,-0.013524985214470035,0.0273123673798173,-0.0020754815903564986,-0.011382075251270132,19.7802978515625,19.418063735961915,19.58836250114705,0.07198652719891857,0.3921797943115237,0.023494127038584247,0.7690108595240888,0.02195923586373899,0.15731759485461486,69.86453846565936,0.45143353290848154,0.20715226462694597,1.5561065673828125,1.0801197745568807,1317020000.0,-0.20083790026550435,0.0022838495810410695,0.8882809540133616,0.2935966959925386,-0.01828624317504723,1.039710363060542,0
AVGO,2018-12-17,20.74729020540627,21.346044467563956,20.67295676057877,20.758726119995117,56238000.0,-0.0027505537690955643,0.03242432617349358,0.0005512003962983035,-0.00329615801489288,19.916875648498536,19.490723037719725,19.699825702942103,0.06505674926327268,0.45510219573974453,0.021723037096325087,0.7689525196822616,0.020985244521699267,0.16818679524739327,66.21299470479198,0.48633408410535495,0.1936422526590555,1.3657779693603516,1.3873987445371079,1260782000.0,-0.21950139382954648,0.3713202217554637,0.8657451435362076,0.3197665542359667,-0.02162790899908417,0.8831939907495023,0
AVGO,2018-12-18,21.05589321465816,21.097992285873776,20.538329226380103,20.609317779541016,51849000.0,-0.007223401254496929,0.027155826563929012,-0.02120904728915358,0.014315285675299988,20.000447082519532,19.550724697113036,19.786443995951522,0.05414597659609195,0.5019183158874512,0.02185836315041049,0.7742121729642822,0.020853421730471444,0.17520522773683303,63.87636052129099,0.4962169379800052,0.16282008522696456,0.8357143402099609,1.2546020100636264,1208933000.0,-0.12715685361997017,0.25522409812778324,0.8068567410240514,0.3655395601109976,0.0012777740467138895,0.8667092874252302,0
AVGO,2018-12-19,20.554013164573597,21.126059254934805,20.019114519127736,20.1322021484375,59728000.0,-0.023422662911164658,0.05498378801760359,-0.020522075788970466,-0.0026834762586037653,20.118237686157226,19.621505355834962,19.819373343807328,0.026027401215187332,0.5643833541870116,0.020839414226807955,0.8160544970294085,0.020872063025615967,0.1716809076421969,58.70240090768589,0.46024451459741655,0.10147812947550072,1.1779060363769531,1.403807305542204,1149205000.0,0.015252229536236355,0.35053990811994784,0.6188044726977286,0.3686783288810277,-0.01649770661450838,0.8245725401086135,0
AVGO,2018-12-20,20.174298013104686,20.5127374127067,19.683146962273142,19.967105865478516,75365000.0,-0.008234417201017245,0.041547856540009226,-0.010270104436292279,0.0020909716858993873,20.258727645874025,19.68983097076416,19.833443107776013,0.014082136864721586,0.633135528564452,0.02089502388127322,0.8410613078648529,0.021247020960311273,0.1645079152774853,56.55572772840114,0.4136459664166381,0.043903665035777806,1.4048995971679688,1.6856690729547015,1073840000.0,0.026386461530399363,0.313870315146821,0.5537327616098445,0.40065202069703193,-0.01413712697692705,0.8405454233683113,0
AVGO,2018-12-21,19.967106682053345,20.780187542722874,19.967106682053345,20.21639633178711,102138000.0,0.012407761937653966,0.0402188820857701,0.012485016160752963,4.089600338622952e-08,20.413364219665528,19.761267948150635,19.869914843396117,0.023031335064142677,0.6789874076843283,0.02094055726963875,0.8706070933892802,0.021650338538639027,0.15965651013392648,57.471314228314014,0.39230963718945944,0.0180538686468793,1.546365737915039,2.092140799285536,1175978000.0,0.00952991048376478,0.28150490256322985,0.6519891057858473,0.3869781101693417,-0.017405790467720218,0.7652095357995734,0
AVGO,2018-12-24,19.97619119104498,20.116519865403568,19.275372828231884,19.2993106842041,28494000.0,-0.04642459532195445,0.04358430466764256,-0.03388436264093572,-0.011881699230660884,20.388970947265626,19.787259006500243,19.815571590139733,-0.0246597227988601,0.6929482841491676,0.02366088514758248,0.8816350660959651,0.02219788382436023,0.15420797384230778,46.078383921618766,0.29796454539870254,-0.06103297851510209,-0.24393272399902344,0.5716951320442404,1147484000.0,-0.20270585770496627,-0.009436695289021448,0.290525290654454,0.31371339061496034,-0.0293506601853684,0.9308761897459333,0
AVGO,2018-12-26,19.62784242113579,20.51273842024764,19.274544973244094,20.483020782470703,36741000.0,0.0595269090097882,0.060449748088850744,0.04356965694702841,0.017022977779231275,20.42094955444336,19.850339698791505,19.87913817988554,0.031872556992009096,0.7269412231445322,0.02680355484039558,0.9088715797657516,0.023418098933539532,0.15430291072411784,61.921619492850326,0.3150788597218117,-0.035134931353594356,0.31978607177734375,0.7312718688921352,1184225000.0,0.23943018948292685,0.2256619881524106,0.7570775360817545,0.004193897761154963,0.04825008532131652,0.9937097306858376,0
AVGO,2018-12-27,20.223827541309287,20.738089916938122,19.987745888998145,20.706722259521484,37507000.0,0.010862105950814145,0.0362367359823249,0.023877513640138542,-0.012654053516521968,20.408805465698244,19.922481727600097,19.95795571127944,0.03936460036709556,0.7647371292114258,0.02685183733728101,0.8782731594421147,0.023693379412645505,0.15570076036183053,67.17488000182766,0.34274200034115054,-0.005977432587404408,-0.12144088745117188,0.741279486300253,1221732000.0,0.1852943863755402,0.18205319249782947,0.8452481334064547,0.03398983351992336,0.009861012108467532,0.9892650937830725,0
AVGO,2018-12-28,20.88419337719569,21.301877685583985,20.732308317276694,20.93289566040039,28702000.0,0.010863482255543391,0.027209296662796457,0.002332016482597834,0.008570700637692642,20.39216003417969,20.008423614501954,20.050807135005247,0.04620414197779904,0.8213667297363294,0.026848452884783432,0.8403825212863174,0.02369192187064767,0.157531109501288,67.78555476437106,0.3785518319467478,0.02386591921455422,-0.16645431518554688,0.5685956962088007,1250434000.0,0.10335348618209689,0.165941124762383,0.9343930247024791,0.0361734487646704,-3.44598496970166e-05,1.1182554311288169,0
AVGO,2018-12-31,21.28289318982215,21.338198692502328,20.714973834987706,20.989852905273438,26590000.0,0.0027172493153147384,0.029691721043987252,-0.013768818073623644,0.016719976781992205,20.40955505371094,20.09492645263672,20.14024006550698,0.044534945390354574,0.8755394363403326,0.026847056836261804,0.8043216900268548,0.02379003165568715,0.15852662192678058,63.04363518974429,0.40683758471084275,0.04172133758291935,0.1739501953125,0.5222711626376755,1277024000.0,0.10126928045592518,0.16638951380090447,0.956842381625079,0.035586263702464156,0.008179647624007177,1.0908792287178135,0
AVGO,2019-01-02,20.541631100305317,21.024525827117767,20.346821932178116,20.92629623413086,30346000.0,-0.0030325648302839507,0.03238527673666688,0.01872612412130038,-0.02135421372369459,20.426312065124513,20.171593856811523,20.215102557756875,0.037414117213665214,0.9061993408203115,0.026894947134269175,0.7880226351039943,0.024032721548239034,0.1584529479557183,57.64769186279517,0.4192924134267706,0.04334093303907777,0.1675701141357422,0.601799886565104,1246678000.0,0.16094746016807585,0.1524278204965715,0.9317919003654557,0.03420934404898476,0.0024995816736654393,1.1053034791371286,0
AVGO,2019-01-03,20.187506158146075,20.350947661149547,19.012874563850072,19.064878463745117,68580000.0,-0.09315874267697902,0.07018524136632605,-0.055610023598276596,-0.03530438772914891,20.27186813354492,20.136157608032228,20.105557405946232,-0.053201765928161206,0.8624086761474636,0.033703800014548105,0.8468020605034605,0.02552661262473067,0.16540394345324652,35.74622069511925,0.27578304212298477,-0.0801347506117665,-1.5444393157958984,1.3165080861201306,1178098000.0,-0.6148323432312098,1.4571966063760016,0.19812523508695212,0.10878760994972686,-0.02286315972190176,1.3000864240842929,0
AVGO,2019-01-04,19.33975805278961,19.518057592437632,19.123486061158907,19.25225830078125,54248000.0,0.009780549726439977,0.0204948180576699,-0.004524345740224723,0.014418113892895712,20.1838737487793,20.15105571746826,20.02429082450195,-0.044602993949435794,0.8657601547241214,0.03241355122725256,0.8387960834559127,0.025093426380689027,0.16134542528406196,34.86366705127044,0.17515177762150103,-0.14461281209060023,-0.87994384765625,1.0238949077045032,1232346000.0,-0.8418129089195886,2.4096640810399785,0.27197987554750824,0.003291533703380012,0.033998583268689146,1.0646308038874999,0
AVGO,2019-01-07,19.28692819236262,19.830908224673703,19.0483699313896,19.64435386657715,53433000.0,0.02016159381310371,0.03983527776992235,0.018532016631385845,0.0018008220666747854,20.15159854888916,20.205163097381593,19.988106352318635,-0.027755738858626842,0.9011815071105964,0.0322482126648447,0.8540822770883406,0.025000541128020536,0.14524013041912623,40.56748933013709,0.12559186592318738,-0.15533817903113112,-0.3227519989013672,1.0127424389744637,1285779000.0,-1.0366866963881916,2.8185413596242603,0.40106841283545686,0.014023598753256102,0.008643452738436962,1.0848069259192408,0
AVGO,2019-01-08,19.820170945622746,19.96792937229363,19.263809646152428,19.486684799194336,36795000.0,-0.008058560468391377,0.0361333768691624,-0.016825593844527538,0.008950005698315779,20.078627395629884,20.245995807647706,19.94035191868775,-0.03750425591768155,0.9095890617370621,0.032340730071148634,0.8562988498851988,0.02417173108165578,0.1309969400796955,39.9214825686953,0.07275403952020199,-0.16654080434729324,-0.7297115325927734,0.7260167341973711,1248984000.0,-0.9590705536533247,2.642070920191188,0.20732968287880582,-0.0016551680630791435,0.008459956252700195,1.1358431785280707,0
AVGO,2019-01-09,19.68067244870047,20.362504522012927,19.63362175000405,20.329486846923828,52971000.0,0.04234098462324408,0.035853476142248694,0.03296708481810686,0.009954882090264754,20.181645011901857,20.28530797958374,19.977412388043568,0.0021778751085648677,0.905387096405029,0.032096588740331784,0.8788814686941215,0.023346747798300243,0.12662581152442015,48.00236278480973,0.09775984840203478,-0.11322799637236836,1.0301761627197266,1.0353582737187754,1301955000.0,-0.9963817907382355,2.73205300967973,0.6215906045391456,-0.10128850113684527,0.0032392771816821364,1.1436542116500585,0
AVGO,2019-01-10,20.27087915920981,20.68361035223377,20.170999545626994,20.59693717956543,29594000.0,0.013069997990597894,0.02488772004735098,0.016085045825288257,-0.002882890658053557,20.19303665161133,20.306993103027345,20.03641474914089,0.014278040816987303,0.8633585739135761,0.03146834113628475,0.836429045179815,0.02328642753947435,0.12707693100861786,53.4199917969453,0.1375722910312689,-0.05873244299450742,0.11391639709472656,0.5947921021320384,1331549000.0,-1.0035661403017553,3.0416160523131746,0.7530499686887152,-0.12719411330407207,0.006888796456202095,1.1478853838446827,0
AVGO,2019-01-11,20.589507612829554,20.877593160732893,20.580426217235015,20.683609008789062,20158000.0,0.0041991671420815516,0.014367267493208288,0.004570356789648031,-0.0003607122103206265,20.190725326538086,20.299765396118165,20.09805229767881,0.01890877086467269,0.7879883193969732,0.030601470039690045,0.7983987946844093,0.022967741983703095,0.12606626849087496,55.33432921731872,0.17411059239074334,-0.017755313308026405,-0.023113250732421875,0.4259216805291587,1351707000.0,-0.9978210138844065,3.4892070278268372,0.7956516115690299,-0.15226452664863857,0.0015411972451870467,1.1321033623514873,0
AVGO,2019-01-14,20.480547181657457,20.766982719769032,20.298119446894738,20.7083740234375,25498000.0,0.0011966093812991118,0.0226412403077725,0.011124060292336636,-0.009817523965247989,20.168273162841796,20.28021659851074,20.15617817632249,0.02111207356370542,0.71533805847168,0.03045269782321216,0.7738117658008333,0.022889965211688155,0.12223145240787932,53.78943534749794,0.20272885710427602,0.008690361124405022,-0.22452163696289062,0.555692370726009,1377205000.0,-0.952259418438126,3.5307839717467306,0.8537752583612426,-0.14324811434982643,-0.0032938279250575276,1.1265206063030264,0
AVGO,2019-01-15,20.86438482053647,21.645273043921083,20.802476091237114,21.172283172607422,39247000.0,0.022154768108435953,0.03980661629239442,0.014757125818553873,0.007533705781168389,20.186516189575194,20.298035621643066,20.252950080730578,0.043070549625081514,0.6748290634155261,0.030703956469722474,0.7735171598671445,0.0232224125093358,0.1262588965302765,65.50920677594647,0.25984727176114575,0.052647020625019775,0.18243026733398438,0.8585879578483124,1416452000.0,-1.0952207508960894,3.60995329218725,0.999999995254827,-0.14314447005611944,0.006190646578018764,1.1599121416062963,0
AVGO,2019-01-16,21.23088766886016,21.24327067274565,20.74881803609803,20.776884078979492,24484000.0,-0.018851902417990084,0.023798209323884486,-0.02138410775601831,0.002767981883435208,20.171574974060057,20.298943519592285,20.302848556754284,0.023545095275054776,0.6357563400268553,0.03101958749751326,0.7203928162702926,0.023038445805236427,0.1263911200835614,52.798724107327295,0.2700951359264252,0.05031590783223938,-0.1494121551513672,0.5548983079273129,1391968000.0,-0.9920252584564215,3.2045220643968757,0.812376284399046,-0.16547807505753157,0.0019454725081462431,1.2450803808926199,0
AVGO,2019-01-17,20.641507719918433,21.243269725253697,20.5308951453256,21.076526641845703,35154000.0,0.01431891343443205,0.03379942965439762,0.021074958652208348,-0.006515719996629465,20.372739791870117,20.32230396270752,20.37653218390585,0.03711304978761717,0.5982601928710913,0.031113417249326335,0.7176807128408724,0.023210263650849668,0.13020059372363135,53.47176022460183,0.2989491925133194,0.06333597153530685,2.011648178100586,0.8120835369086352,1427122000.0,-1.092818566993422,3.3038171186444933,0.9545618646932643,-0.19173004677664884,0.00893925633191081,1.2496031274715738,0
AVGO,2019-01-18,21.39020331863907,21.62215832366587,21.214380401439964,21.529706954956055,34634000.0,0.02127376048758616,0.018940244885341375,0.006521847135983262,0.014882749995940416,20.6004846572876,20.392179203033447,20.4863583525773,0.055782549772589736,0.5971043586730964,0.03084550349270569,0.7141433025378487,0.02220400199253377,0.1397049397048202,55.37387235245768,0.3542999547880541,0.09494938704803318,2.2774486541748047,0.8239530189287467,1461756000.0,-1.3173459758198607,3.955274051624013,0.9999999959429227,-0.19746797733354535,0.01535528894886207,1.2520170459171946,0
AVGO,2019-01-22,21.29692620473176,21.417443622097906,21.041033338649903,21.320865631103516,37156000.0,-0.009747499966168654,0.01765454976285478,0.0011240789459651982,-0.010812072394264897,20.768135833740235,20.459867191314697,20.565835236246468,0.04208230832180052,0.6112692451477031,0.030878074543095397,0.7045324995943866,0.021632209639207877,0.14344238206039484,52.901185883885645,0.3769686235587919,0.09409444465501676,1.6765117645263672,0.9260408488790857,1424600000.0,-1.3065475171501248,3.9089748975137373,0.9152714544845867,-0.20366023565890998,-0.014821829689987192,1.252835516125369,0
AVGO,2019-01-23,21.424048247491044,21.53713586106993,20.93785038876325,21.257305145263672,31771000.0,-0.002985592471187335,0.028191977672122254,-0.007782987613887075,0.00483951346876846,20.94519786834717,20.511912631988526,20.631689513295726,0.03633949336100935,0.6211100196838402,0.030841408753749213,0.6989311836920317,0.02129752317009452,0.14668716412179622,52.90115050971718,0.3853626857075163,0.08199080544299292,1.770620346069336,0.8679379814042558,1392829000.0,-1.2295521329573587,3.7866438658785007,0.8894844734396103,-0.18670411669657275,0.001140498403874721,1.400304852896996,0
AVGO,2019-01-24,21.551994325792748,22.019205969626924,21.462019553309148,21.75505828857422,35999000.0,0.02314568765121775,0.025611809845358734,0.009422049747119212,0.013862960451256243,21.087755012512208,20.63470001220703,20.738677015703203,0.054294866179855315,0.7012948608398446,0.02894396033903032,0.616679694697922,0.020797359440633198,0.1442698746278759,80.98485808886633,0.42725443602308744,0.09910604460685124,1.4255714416503906,0.9734616175054892,1428828000.0,-1.5925712454764274,6.179360324127713,0.9999999962827764,-0.03155642688978748,0.0017761918096514536,1.368609269938073,0
AVGO,2019-01-25,21.88878017784122,22.14797461494301,21.537132807781976,22.117433547973633,30333000.0,0.016519850383432445,0.027618114260857224,0.010446144927684253,0.006146703331851415,21.239804649353026,20.716420650482178,20.86998716163372,0.0676281352098614,0.7311070823669432,0.026062879795416438,0.6279413145885305,0.019409531773606915,0.15702395238854583,81.72167779959527,0.4841140396010708,0.12477251854786764,1.5204963684082031,0.8274140752864155,1459161000.0,-2.4384427280318,8.727293784553728,0.9999999967240558,-0.04777349429664552,0.01049726162731556,1.4263957665766709,0
AVGO,2019-01-28,21.590793143219965,22.192555266459912,21.35058329926547,22.091022491455078,31320000.0,-0.001194841983947116,0.03811376169387289,0.02316864159112703,-0.023811099222310877,21.380545997619627,20.785635662078857,20.986276240664324,0.06280235302737144,0.7238480567932122,0.02603874242090102,0.6321865770106978,0.019473466185115404,0.16729787502196392,79.47487371055648,0.5210383280427244,0.129357445591617,1.4074134826660156,0.8616077016504518,1427841000.0,-2.3691967714429336,8.495843499897195,0.9913478821173481,-0.05655552893458318,-0.008987317290850477,1.3607186263700555,0
AVGO,2019-01-29,22.068726726958026,22.089362961744914,21.778163125072002,21.98370361328125,27870000.0,-0.004869869866612798,0.01415593304957699,-0.003852651523134303,-0.00100926810905544,21.508078956604002,20.8381760597229,21.081269323770698,0.054972544128886504,0.7040212059021016,0.026043454520568766,0.604239408456546,0.01922498979563949,0.1745912781452422,80.45084840219982,0.5354688050239709,0.11503033805829072,1.27532958984375,0.7675772293684355,1399971000.0,-2.270187392870238,8.140058830244897,0.9561908170158085,-0.053469423003339386,0.0018837211712474644,1.382412487663946,0
AVGO,2019-01-30,22.2874826886389,22.59703105931444,22.070385694947348,22.35517120361328,28727000.0,0.016756234039816128,0.023558100241540012,0.003037064162410568,0.013818375679615885,21.62636775970459,20.906441974639893,21.202593312327135,0.06929582900991853,0.6947286796569827,0.026233827528748126,0.5854899601147316,0.019073110109783242,0.18572360527020298,77.91162732627754,0.5703052679272282,0.11989344076923841,1.1828880310058594,0.7888587128150065,1428698000.0,-2.3021075887240654,8.112100793998813,0.9999999969607568,-0.061401355468662905,0.016251389484896316,1.376713961304162,0
AVGO,2019-01-31,22.333707307828686,22.370028164666735,21.98618807745116,22.14302635192871,21063000.0,-0.009535058525512449,0.017334581142689886,-0.008537810278715202,-0.0009601311297999095,21.762981986999513,20.967278480529785,21.29215836371776,0.05607536867171252,0.6988154602050791,0.026357880214187914,0.5762920515867886,0.01870362749028492,0.19256144562847424,71.63305852437058,0.5741763516295606,0.09901161957725657,1.3661422729492188,0.585868559944926,1407635000.0,-2.23499896946021,7.761674668442542,0.935524016307342,-0.21548485393969383,0.012233887441334777,1.3029463633912886,0
AVGO,2019-02-01,22.217313756786577,22.254458040789263,21.86566640178709,22.024154663085938,22878000.0,-0.005382819239710011,0.017652965336158146,-0.008694079569124144,0.0033548894210386794,21.857744789123537,21.115242290496827,21.36187229699092,0.04304532051558435,0.7944818687438975,0.015281738753659778,0.5828366726942382,0.016492799307211797,0.17609409522048503,68.58956120549698,0.5611832898746485,0.06881484625787554,0.9476280212402344,0.6795448908638072,1384757000.0,0.39718578408389965,-0.07741782103033731,0.8933207086932954,-0.27529937584583203,0.0002166639841115635,0.4798527977782382,0
AVGO,2019-02-04,22.08111516672303,22.46413022975814,21.87062298592658,22.462478637695312,20761000.0,0.01970651079339477,0.026422161736476702,0.01727102403660749,0.0025862742297466214,21.95102195739746,21.27575330734253,21.466691948486577,0.0557782990172877,0.8800750923156748,0.015531674854974913,0.5917398134769,0.01665591656343265,0.1628013696754306,71.82156508167363,0.5795743045383617,0.06976468873727093,0.9327716827392578,0.64893740056201,1405518000.0,0.30080824027446296,-0.3210252590958868,0.9999999966395522,-0.3143599932583911,0.007100389193675429,0.813159038276971,0
AVGO,2019-02-05,22.449271207682884,22.66966979769293,22.280051505174118,22.2874813079834,22619000.0,-0.007821156576652572,0.017481485994760425,-0.007206911000836693,-0.0005879774100381225,22.04768352508545,21.407909679412843,21.54486236367675,0.041086291998211434,0.9384937095642094,0.015613743273512816,0.5526483329079878,0.01592510358776335,0.15008898515928842,64.9478818725369,0.5734184828358941,0.05088709362784272,0.9666156768798828,0.7427852723666406,1382899000.0,0.5085813370724973,-0.18559028385037762,0.9411930568375673,-0.31276207530050537,0.004988754352872252,0.7614353327959758,0
AVGO,2019-02-06,22.557408169991735,23.11294457930364,22.514484092272077,22.800094604492188,27064000.0,0.022739540759845314,0.02624815805155342,0.010758613425974782,0.012111142496467222,22.2019624710083,21.573580169677733,21.664408291373455,0.056852614382930676,1.0239154434204103,0.01564143604420147,0.5762919496703179,0.01558136909079862,0.13422811686298375,76.29251967708919,0.6029530908208613,0.06433736129024792,1.5427894592285156,0.903185544492667,1409963000.0,0.2897896238443202,-0.3947589205181017,0.999999995952413,-0.2783889030664278,-0.0004455389480985285,0.7655741988254654,0
AVGO,2019-02-07,22.523560626655044,22.664715844435882,21.982057319306602,22.21236228942871,28646000.0,-0.026115691498139432,0.030733269875885198,-0.013816569335839654,-0.012128632912894111,22.24769287109375,21.66772394180298,21.716594386426337,0.025135927928434408,1.0494017601013184,0.015058157336984583,0.5838392857601387,0.015352011896188553,0.12449392708238771,63.732442713710476,0.5723368515354075,0.026976897603835148,0.4573040008544922,0.9964241985752444,1381317000.0,-0.30736898282463143,-1.004763732837215,0.7332318082465972,-0.4966798713355918,-0.010114640384180749,1.0004294088170962,0
AVGO,2019-02-08,22.067086951757997,22.641609671462597,22.044799113498343,22.622623443603516,23903000.0,0.018301449128604638,0.026381138296725223,0.025174890224897252,-0.006540292103008496,22.29821186065674,21.769008255004884,21.802882868062255,0.03921240592162731,1.0826617431640635,0.015263558089462136,0.5874949197704306,0.015401135134704274,0.12071913053645945,63.352111020927886,0.5745547977099186,0.023355875022676997,0.5051898956298828,0.839755131436802,1405220000.0,-0.31926224363846073,-1.0707813747241497,0.9161481795999677,-0.5309614776746374,0.0016377397099746767,0.9714865149243018,0
AVGO,2019-02-11,22.650688267191356,22.782762122730524,22.558235308758295,22.7596492767334,18012000.0,0.006038756603458088,0.009865126265504709,0.004810494418916331,0.0012405645020704037,22.36507453918457,21.872810268402098,21.89400347841189,0.04054527045420373,1.116548404693603,0.01526530747187685,0.5686272910322933,0.015338107797601804,0.11708773316541977,67.89150306260697,0.5806757074956401,0.023581427846718794,0.6686267852783203,0.6351881990129401,1423232000.0,-0.339305121112474,-1.0620579226716846,0.9806640820328705,-0.5166251769419081,0.0017005659799352699,0.9701727147296517,0
AVGO,2019-02-12,23.001504026430865,23.14513427297032,22.870255209075918,23.06258773803711,19809000.0,0.013222526647299117,0.011918830050534911,0.002655639888135006,0.010626470854483186,22.472962951660158,21.99052095413208,22.005297217423816,0.04875131360705995,1.1572884941101087,0.015350544380940996,0.5533558284558817,0.015113812796365724,0.11482370767068424,71.18759251913195,0.6030199362067314,0.036740525246248046,1.0788841247558594,0.7056371894202509,1443041000.0,-0.45484518414155156,-1.0345208214007655,0.9999999956249797,-0.5142669199347397,0.011434851729112211,0.9810648360959782,0
AVGO,2019-02-13,23.112943759250456,23.291243283623107,22.945375647538068,23.221904754638672,19190000.0,0.006884277529422529,0.01489402525720937,0.004714284622332622,0.0021834506077691505,22.559636306762695,22.093002033233642,22.12116460192047,0.0510977511881766,1.1805274009704583,0.014835512568826006,0.5236391721502951,0.014283541848119015,0.1190000399013953,68.70119278988639,0.626363125994672,0.048066972027350885,0.8667335510253906,0.7089120103141338,1462231000.0,-0.4159264108864944,-0.9193729555432344,0.9999999959100551,-0.4571311806985632,0.005094153901211777,0.9492783685536593,0
AVGO,2019-02-14,23.16246746640525,23.34737175616034,23.02626703049408,23.236759185791016,16015000.0,0.0006394687405379654,0.013818825721808177,0.003207418184675012,-0.002559535441275511,22.669009590148924,22.21599578857422,22.227411705146235,0.04594722678522956,1.2266449356079114,0.013825643976483538,0.5029436663292398,0.014052613909318177,0.11298237342255493,65.65806426137988,0.638698877447581,0.04832217878420786,1.0937328338623047,0.6010237857555671,1478246000.0,-0.46473301990686133,-0.5390193432617194,0.9999999953708688,-0.4388993889139313,-0.0014527423638240383,0.9255298442943953,0
AVGO,2019-02-15,23.45056212779747,23.45056212779747,23.01306648006651,23.272262573242188,17352000.0,0.001526731503035296,0.018799016475776156,-0.007603210256009117,0.00920106544535653,22.79382038116455,22.325782585144044,22.326921311631565,0.04239403407538365,1.2664585494995109,0.013697615751749662,0.47405250065327664,0.013523702212265634,0.10919642486670027,66.48224753272271,0.6439171993518329,0.04283240055076776,1.24810791015625,0.6737044816567723,1495598000.0,-0.3376213925765868,-0.5332850537191602,0.999999995037116,-0.49882930623120986,0.01131250202461689,0.840261538105073,0
AVGO,2019-02-19,23.207872321342222,23.346550957275948,23.12532577664621,23.249971389770508,15152000.0,-0.0009583024407347428,0.00951507323711895,0.0018139994837627065,-0.002766823883037459,22.87256965637207,22.411795806884765,22.414830842882893,0.03739885860704977,1.266558265686033,0.01318964778797871,0.4675072016708953,0.013341216696246614,0.10933403244917302,68.09810761429593,0.6388893263861739,0.03024362206808706,0.7874927520751953,0.6114115083528364,1480446000.0,-0.21252367319438428,-0.36341995646666336,0.9889371392906229,-0.453522825916365,0.001187161641956503,0.7761706099129435,0
AVGO,2019-02-20,23.38121696667486,23.6602226429609,23.30114703414771,23.395248413085938,16150000.0,0.0062290409893958985,0.01534822808117142,0.0006001161712444567,0.005644977996063123,22.983346366882323,22.515514945983888,22.508203944806993,0.03907232274375519,1.27361656188965,0.01279831087981786,0.4530017593249812,0.013286678026880893,0.10543389970801047,65.89285952810646,0.6392583699238727,0.024490132484628724,1.107767105102539,0.6805243619294021,1496596000.0,-0.3695577673992424,0.03202672252897318,0.9999999953226074,-0.50883821482408,0.0026393176452175608,0.7719315060169337,0
AVGO,2019-02-21,23.380388594046554,23.38946841285933,23.02461462187984,23.190532684326172,13254000.0,-0.008788821038526209,0.01573287667810899,-0.008120305993867141,-0.0006351639776165688,23.022390174865723,22.61217632293701,22.57318763428501,0.02557720906088658,1.2798678970336894,0.013043935178872328,0.4520584524671613,0.01290859388192339,0.09411089293408191,66.04280369141975,0.6159319114848358,0.0009309392364733604,0.3904380798339844,0.5811666743401361,1483342000.0,-0.3278173700364571,-0.19571739254857617,0.875187800211523,-0.4860969986347629,-0.004722405835850966,0.8209025813205529,0
AVGO,2019-02-22,23.108811531917702,23.112938149546206,22.672141073066943,22.824026107788086,27225000.0,-0.015930363651081626,0.019312853665888727,-0.012323672449058496,-0.00352390147828311,23.08355655670166,22.665624713897706,22.597077012713875,0.006988618042518258,1.2677006340026864,0.012989399946885586,0.4613155933426655,0.0127071570366858,0.08712527336218887,61.38652919852767,0.5614000372405599,-0.042880748006242086,0.611663818359375,1.2171868119094291,1456117000.0,-0.22841519123187629,-0.40048991819542923,0.5953211606673043,-0.5005488254461564,0.004225709890313139,0.8348254786677148,0
AVGO,2019-02-25,23.1773326876838,23.18146088139967,22.98747671231338,22.99738311767578,19245000.0,0.007566674178751357,0.008435054023726801,-0.007764032745062294,0.015479590595769558,23.121032524108887,22.709622192382813,22.635201403662627,0.012671321553855468,1.255015144348146,0.012621749364927064,0.4444532740412385,0.012191787499379738,0.08477756706523858,58.23590935895989,0.5261069623423182,-0.06253905832358697,0.3747596740722656,0.8822821514939653,1475362000.0,-0.20820883888586836,-0.17903469669600683,0.7181348387620737,-0.5065664779783656,0.0005168667329041046,0.7413060417149072,0
AVGO,2019-02-26,22.94207424740307,22.94867904194689,22.65481370530324,22.700214385986328,27211000.0,-0.013006063204304471,0.012945487276790093,-0.010542196782346198,-0.002405007125797741,23.11508903503418,22.740081787109375,22.641393116264886,-0.0017531775601666768,1.2480337142944329,0.013044675825790017,0.44109263974507634,0.011164997450758236,0.08071405082635086,56.12442956381075,0.4687544041266811,-0.09591329323137932,-0.05943489074707031,1.2593429072581945,1448151000.0,-0.1258102633506615,-0.5142950172928888,0.5076075288068398,-0.5246945239009306,-0.0015236419706626308,0.9091586152135235,0
AVGO,2019-02-27,22.553281943162137,22.708468632742985,22.252813393902777,22.410476684570312,29146000.0,-0.012845810107564902,0.02033224214952134,-0.00633190587908214,-0.006472733707523834,23.0498779296875,22.761420440673827,22.619401075151117,-0.015418359186503477,1.2431498336791975,0.013361553633846541,0.4146777802822168,0.011332959190285442,0.07572589955189273,43.8090744675924,0.3953651540826435,-0.13544203462033355,-0.6521110534667969,1.3449248076931943,1419005000.0,-0.08257414179000068,-0.721753652098888,0.2817619281444144,-0.4158771059412403,-4.451291200812214e-05,0.9485919295112467,0
AVGO,2019-02-28,22.285007032636845,22.758821934218286,22.174396008895638,22.729930877685547,31460000.0,0.01415403819114086,0.02571173349406329,0.019965165108426965,-0.005598705181485684,23.00068054199219,22.78015842437744,22.62992772301154,-0.00220488135921368,1.2236072540283196,0.013208743731314043,0.3979912545777213,0.011428552277250623,0.07380636010420913,58.99053131807459,0.3588443934808936,-0.13757023617766678,-0.491973876953125,1.4426064128578135,1450465000.0,-0.09471436900503434,-0.6721830540002437,0.5147541584607674,-0.42167457710117195,-0.0021220551098134924,0.731111158410416,0
AVGO,2019-03-01,22.925565546705997,22.961059821788538,22.380760542855196,22.514484405517578,19035000.0,-0.009523743395223178,0.02577448669148225,-0.01793112323321387,0.008606918783572214,22.928453063964845,22.798731327056885,22.61893312134545,-0.012467663982569672,1.2070649909973135,0.013208279322719518,0.3968118775040847,0.01170583265147284,0.06988574829672216,47.98517990205408,0.30895525399340684,-0.14996750053212282,-0.7222747802734375,0.8769323262547591,1431430000.0,-0.09477351470932456,-0.6718796002142085,0.3576194106751975,-0.47854260234146956,0.006012133626444425,0.9941458396198948,0
AVGO,2019-03-04,22.700211411854983,22.83063522561836,22.35847041259849,22.691131591796875,17382000.0,0.00781531592936302,0.02080834139547626,-0.0003999883476577063,0.008249223166393697,22.870339965820314,22.832080173492432,22.625809166150347,-0.006173269389508495,1.1987775611877431,0.013207932171057452,0.4145003060074876,0.011802565091429844,0.06231655459914385,48.7419682467464,0.28043897718653454,-0.14278702187119613,-0.5811309814453125,0.8110472644302438,1448812000.0,-0.24692784620599478,-0.62938255295512,0.40474673660085403,-0.48065804285048447,-0.0030237230674098887,0.8711799044353334,0
AVGO,2019-03-05,22.74148521827527,23.149264731401363,22.661415276230933,22.866130828857422,21699000.0,0.007682643271769704,0.021335024215876783,0.005480979334945846,0.002219088381497791,22.831955909729004,22.852262783050538,22.64869694355102,0.000606856569630443,1.1642815971374532,0.012584276785127958,0.42181205307416675,0.011599692471304233,0.060373414346491946,46.21510298425826,0.2688613321924045,-0.12349173349226095,-0.38384056091308594,1.010268431846804,1470511000.0,-0.2977428059271264,-0.419640489485328,0.5526893255628933,-0.435691733716303,-0.001636550867146881,0.6555381004556438,0
AVGO,2019-03-06,22.83723871623118,22.85952654946682,22.327103024886178,22.39891815185547,19973000.0,-0.020644151746323627,0.02377005535416175,-0.01919323827325281,-0.0012635330761678,22.732322883605956,22.85783462524414,22.624908487199065,-0.020076988074849242,1.121217193603517,0.013341959292854286,0.43560920792318136,0.011796127471566777,0.05881588497900831,35.82607517410483,0.21945605396388146,-0.13831760937662724,-0.9963302612304688,0.9356722406616645,1450538000.0,-0.31653734962562446,-0.6981363126983134,0.15771244342003374,-0.42346132771314815,-0.007958908770377296,0.9814698024521072,0
AVGO,2019-03-07,22.302337293115254,22.314720296661363,21.798806424825617,21.916847229003906,25411000.0,-0.021757039960943185,0.02353960248979651,-0.01728473831563393,-0.004311853728177219,22.604954338073732,22.813672256469726,22.557474081656668,-0.03931085784834051,1.0430458068847663,0.013072651808250908,0.4555382794491522,0.011687799632711035,0.0695476075468355,30.418989893481694,0.13979149109054134,-0.17438573779997385,-1.2736854553222656,1.195052554847508,1425127000.0,-0.3412170079995759,-1.072217954482645,0.0,-0.0811266791397553,-0.007385261066093778,1.1844031059899445,0
AVGO,2019-03-08,21.590792941255703,21.85494063646673,21.395983779870907,21.807889938354492,22167000.0,-0.004983792847396608,0.021045449957915477,0.010055072900236526,-0.014876879157907141,22.50334072113037,22.793448638916015,22.48608511562789,-0.043238682997993494,0.9726506042480452,0.011841725195000586,0.46149312240644086,0.011307557893583169,0.07671895851525505,28.73925773402192,0.06709142017112768,-0.19766864697551,-1.0161361694335938,1.058618738225033,1402960000.0,-0.27380390340580607,-1.0154231644005067,0.0,0.1421302314843636,-0.0029338343436261585,0.9372516693080428,0
AVGO,2019-03-11,21.865674590506792,22.33288631367008,21.796336048623935,22.20989227294922,27161000.0,0.01826595941541566,0.024158166019475055,0.015742376520797966,0.0026497131228946456,22.424591636657716,22.7728120803833,22.459781035372778,-0.024718941393794575,0.9174766159057626,0.011838623579736498,0.48401634272189853,0.011209706638166079,0.07992635376858435,36.39904827358199,0.04143666286380565,-0.17865872342626563,-0.7874908447265625,1.2871017346327078,1430121000.0,-0.27493440084893245,-1.0168094147505817,0.25325239286621426,0.051015339081770875,0.014535172195161363,1.047136123674345,0
AVGO,2019-03-12,22.26766843876543,22.289956271111294,21.814489861805928,22.25693702697754,23324000.0,0.002115949003854613,0.02136261645146538,-0.0004819279491511243,0.0026013708263943336,22.380263900756837,22.74767646789551,22.440462558382755,-0.02157316776484113,0.8613367080688477,0.011750044664213324,0.4886745681586824,0.011500984654518773,0.08255056027475882,34.72196705276092,0.024617426971563106,-0.15638236745480655,-0.44327735900878906,1.0915361953945253,1453445000.0,-0.23627416498991968,-0.9701120187017358,0.2828895255497489,0.03355909823415198,0.0015295314690537574,1.0442246562026751,0
AVGO,2019-03-13,22.329577519494304,22.5417212707353,22.20658351834251,22.387359619140625,32089000.0,0.005842760351925248,0.014969954382497127,0.0025876933663433067,0.0032637236843828838,22.37795219421387,22.713915061950683,22.43540513559779,-0.014376889311051435,0.7984860229492163,0.011383167013912095,0.48613913681487503,0.011564807561464815,0.08275084014823307,39.000724660213635,0.02156350390123052,-0.1275490324201113,-0.0231170654296875,1.4597819584615621,1485534000.0,-0.25507412856483147,-0.8457927476324446,0.36505281343815005,-0.007300621707139527,0.008222042772748041,0.9801459587832935,0
AVGO,2019-03-14,22.460001701916237,22.47403472368599,22.11330749943433,22.138896942138672,43094000.0,-0.011160392770975434,0.016293821007952736,-0.014296737992108078,0.0032447811627372572,22.31884880065918,22.659764671325682,22.407166260030255,-0.02298645800219923,0.7213547515869116,0.011401642208073512,0.4748773948857628,0.011594392563755173,0.08308635561403449,40.30381511519298,-0.000895293295350541,-0.1200062636933539,-0.591033935546875,1.859323258799037,1442440000.0,-0.04859679750812646,-0.9167044681575454,0.20852693765654365,-0.04568161989231626,-0.0005906615262663343,0.9682718139096258,0
AVGO,2019-03-15,23.64619165130754,24.726721754334115,23.401855214598157,23.962343215942383,144066000.0,0.07914746136364095,0.05528952353464395,0.013370083824202645,0.06808355055395363,22.46363468170166,22.69604387283325,22.555278351069504,0.05579383568547517,0.69691301345825,0.02212303212743226,0.6341909690703241,0.013625731165916323,0.09522491634767287,59.30876262058496,0.12697908736169694,0.006294493570954851,1.4478588104248047,4.870418326019782,1586506000.0,2.6505240463922197,9.456051513938524,0.9999999953584513,-0.17863965759425882,0.0036760227811433793,1.3252266999322173,0
AVGO,2019-03-18,23.957396277504287,24.514582778199564,23.95574468510874,24.255388259887695,56746000.0,0.01215522352756118,0.02303975046173982,0.012438412705926433,-0.000206446355997619,22.62006034851074,22.745200157165527,22.71719358048076,0.06639590294317314,0.6422591018676762,0.0222461195839644,0.649638731978773,0.013742432775636918,0.11120911580545881,65.01437439270998,0.2490953254292485,0.10272858531080512,1.5642566680908203,1.7986338927716756,1643252000.0,2.53267009352369,8.868591975747698,0.9999999959141954,-0.0013624118690419875,0.0057062513781980465,1.6298448830288719,0
AVGO,2019-03-19,24.281798520342434,24.844763135454823,24.277670327289375,24.706911087036133,51556000.0,0.01844421660590309,0.022952800774576676,0.01750745794890274,0.001088840968932864,22.804138374328613,22.81804714202881,22.906690485866985,0.08277938652779841,0.6060130310058618,0.022524144701301718,0.6591901346021244,0.014029766994099156,0.1338992706815882,71.49923582691414,0.3779506625432525,0.18526713793984728,1.840780258178711,1.544994411097492,1694808000.0,2.3175201983145035,7.773984015519409,0.9999999965505598,0.016593126169105573,0.0014729233808647262,1.650374009008478,0
AVGO,2019-03-20,24.818509211726933,24.901793119519656,24.176392808373407,24.23802375793457,41263000.0,-0.019160375851984136,0.029928195388021248,-0.023389215226681997,0.004516878872379837,22.988048934936522,22.86018590927124,23.033484130825805,0.06027238157769337,0.5562784004211423,0.02304917685128085,0.6692597335895244,0.014435303426316982,0.14324118247685158,63.734486875260174,0.4371944512650039,0.19560874132927894,1.8391056060791016,1.1916991452793977,1653545000.0,2.2925677833791327,7.435860144350092,0.8382601183515357,-0.015049345055397623,-0.0028212860035293436,1.7494806939757892,0
AVGO,2019-03-21,24.30881119642724,24.932605670549588,24.235522192188338,24.71856689453125,27379000.0,0.019632027647260134,0.02820080472519082,0.016856262308527513,0.0029205119691120027,23.268220901489258,22.936587619781495,23.193968203559656,0.07769156003118721,0.5280424690246583,0.023231685947631094,0.6776014621200892,0.014779094173727917,0.1598378826092103,69.14840211773424,0.516962177527482,0.2203011740734056,2.8017196655273438,0.7749153732069873,1680924000.0,2.065848495312192,6.457668611578882,0.9999999965643731,-0.07336220887279538,0.012427032425701307,1.6851253874868255,0
AVGO,2019-03-22,24.645284815029083,24.68859232988188,24.2688431815043,24.372947692871094,23307000.0,-0.01408084126318035,0.017221927913468348,-0.011050272865234273,-0.0029646572883794626,23.52472667694092,23.014033699035643,23.30625196444646,0.05904718881601018,0.5246193313598617,0.02315568238014668,0.6759985264063092,0.01473220720879363,0.1686590474983631,64.19436900254306,0.5459961899650523,0.19946814920878075,2.5650577545166016,0.6633424124181386,1657617000.0,2.0818075783938195,6.5376504125057195,0.8812581349025017,-0.09458937826229663,-0.019513463108446844,1.4419303017195382,0
AVGO,2019-03-25,24.335467256708984,24.500368745965243,24.068959991871623,24.332136154174805,23878000.0,-0.0016758639971188203,0.017729999174047092,-0.00013688262064877321,-0.0015377883969722812,23.736951065063476,23.080771350860594,23.403955220611063,0.05421676701135831,0.5166530036926247,0.023162910504716538,0.6719670477579657,0.014881394542639363,0.17574630262704272,62.659696414826804,0.559265835483501,0.17019023578178355,2.122243881225586,0.6751424689720885,1633739000.0,2.145588573011752,6.734038637338065,0.867236813000231,-0.07878768139410132,-0.0007544267636448213,1.4440136490558844,0
AVGO,2019-03-26,24.516189027626023,24.94093549971012,24.504529376614204,24.737722396850586,28009000.0,0.016531349033687248,0.017641321861347283,0.00903620741725259,0.007564188868786982,23.98502960205078,23.18264675140381,23.530980665967206,0.0670792969177179,0.5374461364746104,0.023032227793484177,0.6769507292982563,0.01496930072724446,0.18537967561602844,70.41403357245156,0.5956433396731278,0.16525419197712826,2.480785369873047,0.7910526798890056,1661748000.0,1.9994958934008102,6.292502259981052,0.9999999965868356,-0.11617460600731584,0.008927375042239089,1.4242481697485516,0
AVGO,2019-03-27,24.782702034187846,24.875146885524746,24.35712308431981,24.64944839477539,21862000.0,-0.0035747784157296758,0.021015634617794474,-0.005376880986377615,0.0018182610595948161,24.21123847961426,23.294595336914064,23.63750140204418,0.05816169105684035,0.5705732345581076,0.022758549666763585,0.6710873060250481,0.014988584227701688,0.18989655193478783,75.61192988260495,0.6103144742467812,0.14394026124062537,2.2620887756347656,0.6238612221253571,1639886000.0,2.0282492660384905,6.545162799397703,0.9698706280907226,-0.11115236713777289,-0.0051423743504792705,1.4166683974753924,0
AVGO,2019-03-28,24.744388163823984,25.25991316156641,24.624458953696365,24.907623291015625,33030000.0,0.01041939013566326,0.025512438508901527,0.0065968544481661475,0.003851598118062427,24.488111114501955,23.403479957580565,23.758465391470033,0.06427007160980587,0.604751052856443,0.0226933370868486,0.6792723602205513,0.01497196833703797,0.19715839275378974,78.26241760080856,0.6354489506157073,0.1352597900876411,2.768726348876953,0.9404482433150015,1672916000.0,2.070416736321721,6.7444824294543855,0.999999996773916,-0.10315337268453625,0.004921169207421717,1.4455226402346137,0
AVGO,2019-03-29,25.086685565217827,25.207447165445412,24.841831262243943,25.04421043395996,24493000.0,0.005468767537554569,0.014598819316727416,-0.0016931344370109196,0.00718905501781824,24.596297836303712,23.529966259002684,23.880917300278597,0.0643538608447592,0.6458908271789525,0.022442324133976666,0.6670627629459316,0.014703491896853146,0.20213953697970746,77.15681935901262,0.6587954611611018,0.12688504050642846,1.0818672180175781,0.6920011470724928,1697409000.0,2.044640736611155,6.854499473559466,0.9999999969100712,-0.10063029457846895,0.006479413157000704,1.5059896064931435,0
AVGO,2019-04-01,25.24408735498596,25.547238273372983,24.964254149505056,25.467287063598633,27040000.0,0.01675208792607127,0.022891489077071496,0.00884166281733972,0.007980963167238321,24.717487716674803,23.668774032592772,24.032000134880505,0.07598674218484551,0.6968833923339837,0.02258136061731931,0.6747425997004003,0.01476234033182003,0.21068310516636252,78.6922248427148,0.7033289488682826,0.13713482257088738,1.2118988037109375,0.7536788530925499,1724449000.0,1.9476338075476838,6.409340751648449,0.9999999972673095,-0.10054949854497006,0.011689449620742339,1.4943841062033458,0
AVGO,2019-04-02,25.49810871317179,25.597217362877416,25.202452286755946,25.239097595214844,22857000.0,-0.009000484272811225,0.01564101388632469,-0.01015805214296402,0.0012102447149626022,24.770706367492675,23.787422370910644,24.146961797769492,0.06102700835165588,0.7413439178466774,0.022822156305213677,0.6790016942524486,0.014632218517957553,0.21502966563208073,75.04940563300534,0.7120015648490678,0.11664595084133811,0.5321865081787109,0.63606069249553,1701592000.0,1.9918762006566555,6.3580008985040575,0.9376428766951622,-0.114811434487163,-0.0006296884915244943,1.5316264724992417,0
AVGO,2019-04-03,25.503103885257715,25.601378559095014,25.13665559890487,25.334871292114258,22266000.0,0.003787474603859664,0.018343213772369235,-0.006596553652229773,0.010460211148473288,24.880391120910645,23.934220027923583,24.26009603532614,0.0585208651868059,0.8078614616394049,0.022019492470742804,0.6864299611051976,0.014496138723130067,0.21383342854070972,78.84694046840315,0.7183224384915299,0.09837345958704002,1.0968475341796875,0.6176438769594367,1723858000.0,2.126281128057925,7.146610728778992,0.9638148644187697,-0.2046125041313729,0.0012100466165470632,1.4376487951291674,0
AVGO,2019-04-04,25.380671373459506,25.484775848667702,25.124157476348078,25.151641845703125,15228000.0,-0.007258582124482294,0.014337766670999829,-0.00902377735782195,0.001807788199007127,24.92369861602783,24.095959758758546,24.345005160123947,0.043811580741154627,0.8917144584655787,0.02128538269412669,0.5273437868283535,0.014280528950571946,0.2014970255075754,65.25007261936031,0.7004720852100483,0.0644184850444468,0.433074951171875,0.42846591588528654,1708630000.0,2.358669799648051,8.096554218934868,0.9137439266005084,-0.2510053605371205,0.002283296608429508,1.307824865810627,0
AVGO,2019-04-05,25.31821054311572,25.354855843023966,25.134987220591242,25.341529846191406,18875000.0,0.007521369298231918,0.008676217405990823,0.0009210486273019102,0.006622577501478285,25.020556831359862,24.272641754150392,24.43991227308275,0.044036743195366324,0.9966670227050791,0.021094471058128325,0.5031316817813464,0.014042015409037548,0.18399555381191512,64.30577725877947,0.6936519385445905,0.04607867070319116,0.9685821533203125,0.5335515594546042,1727505000.0,2.335331551508753,8.166026166159579,0.9622168007834874,-0.23531815604181588,0.0052667004224937995,1.2730648607652317,0
AVGO,2019-04-08,25.32987187681842,25.4264817861265,25.151645989833664,25.35818862915039,13899000.0,0.0006571548742070537,0.010838147795324767,0.0011179192874918218,-0.0004600341590955244,25.123162078857423,24.43005657196045,24.527367164136813,0.03799140022767238,1.0892667388916024,0.020994477119819686,0.4806646046903256,0.01373474785741519,0.1684617172503078,59.68788071587036,0.6817325591590375,0.02732743305411045,1.026052474975586,0.40039696886329484,1741404000.0,2.5000954261211334,8.894930121170255,0.9672218579736062,-0.2302358934061702,0.0009752415979714881,1.3347043417998847,0
AVGO,2019-04-09,25.199947085841455,25.327370871347867,25.00922759676857,25.272403717041016,11621000.0,-0.003388662475526528,0.012588564111884925,0.002875269179097517,-0.0062402542083400256,25.176630210876464,24.580829906463624,24.598323026318166,0.02813468108797226,1.176412448883056,0.02109555345106844,0.4537760847785806,0.013532954739832122,0.14766783128865352,67.36587164183379,0.6577817411911582,0.0027012920689848396,0.5346813201904297,0.34051318715772133,1729783000.0,2.5017774447930354,8.821930266148687,0.9414481629675624,-0.2212830496158486,-0.008880552839888149,1.2856631028378995,0
AVGO,2019-04-10,25.284900583869895,25.632193031224954,25.234929281891667,25.610538482666016,14992000.0,0.013290888008953563,0.015511729651723268,0.012878749417550357,0.0004944866728467482,25.272739219665528,24.741988849639892,24.694724498351295,0.03510427710372694,1.2650346946716304,0.02114904449979496,0.43236038984801184,0.013546015236300094,0.12509252080814634,65.72704263309997,0.6584944805973372,0.002731225180131025,0.961090087890625,0.4505748646427062,1744775000.0,2.4255245219394177,8.482448808515423,0.9999999971195183,-0.23367659147074288,0.004637005707250694,1.356126560714894,0
AVGO,2019-04-11,25.663840972103483,25.83373831616499,25.50393534685704,25.76877784729004,16669000.0,0.006159671877615456,0.012798549125396203,0.004088899836144307,0.002081271718419497,25.358854675292967,24.92348289489746,24.797015293488318,0.033915603032611374,1.3782566070556648,0.02072144217720921,0.4237946224395119,0.013481466167664309,0.08228723545859075,76.35223635640409,0.6641717672747802,0.006726809486059193,0.8611545562744141,0.5216920486482762,1761444000.0,2.478412201971576,8.939440715237831,0.9999999944642337,-0.12329910219806278,0.0012013222911503802,1.3217071702216439,0
AVGO,2019-04-12,25.930344855320982,26.43754127456572,25.865382806390652,26.40339469909668,30087000.0,0.024328990838898265,0.021669882773745923,0.01824309881849472,0.006269874690542762,25.49477310180664,25.045535469055174,24.950003808308164,0.05421561983280581,1.4151018142700167,0.011957889498787157,0.44074852766680195,0.011648760024060041,0.08947303214620288,81.94203383668744,0.7116755810006623,0.043384498569552954,1.3591842651367188,1.1460470006113617,1791531000.0,-0.2887018846223698,-0.6801415006957692,0.9999999953818537,-0.46068813384881707,0.00659146851665178,1.2366160695138715,0
AVGO,2019-04-15,26.403393874684213,26.444204241402847,26.081919507602993,26.35092544555664,16216000.0,-0.0019891933285244756,0.013748463385503538,-0.0019871850322244816,-3.1223730000525493e-08,25.58313694000244,25.15031232833862,25.083424916617545,0.04773750325906803,1.4333432579040526,0.011923641834802963,0.42314034111426907,0.011381372455007243,0.09530993474781982,77.91880492733951,0.7365978241673083,0.05464539338895924,0.8836383819580078,0.6693538234195409,1775315000.0,-0.11706544244766763,-0.7128860640515167,0.9757689260992995,-0.5372834380882205,-0.0024063596929739493,1.2324889032332962,0
AVGO,2019-04-16,26.65074865978069,26.651581038185885,26.3259431688123,26.52582359313965,21116000.0,0.00661533806812176,0.012276258571479008,-0.004687488077312179,0.011378090490351456,25.71180953979492,25.2412579536438,25.22079621914346,0.05089150633245263,1.4430219841003442,0.011454058814105711,0.409398488840601,0.011074588149347258,0.10507569577146471,81.52806905544304,0.7616815099407646,0.06378326332993234,1.2867259979248047,0.9300420404019489,1796431000.0,-0.0731630099497285,-0.4416698465792704,0.9999999956289882,-0.48030375627620303,0.003367281212375165,1.232732197845686,0
AVGO,2019-04-17,26.670736116353165,26.72903755374642,26.470857274210545,26.69489097595215,18138000.0,0.006353464169079169,0.009671524025767285,0.0009056690255772914,0.0054630734727119,25.84781150817871,25.364101314544676,25.36118619598238,0.052467447767198264,1.4777171516418441,0.010150137727875071,0.3824503511024461,0.01042038116502087,0.1094879712291652,80.95785501132043,0.7861406958857415,0.07059395941992741,1.3600196838378906,0.8417447477967891,1814569000.0,0.12284744343831638,-0.4953040881924637,0.9999999957676523,-0.380468514003098,-6.7573561289678385e-06,1.1473602335268502,0
AVGO,2019-04-18,26.737362956904,26.8547918492448,26.497506136399164,26.535816192626953,26548000.0,-0.005976822977974704,0.013464282014821449,-0.007538019531938348,0.0015910153366092642,25.986228942871094,25.454963779449464,25.47305571947234,0.042461361254243025,1.4938651847839353,0.009783824613775452,0.38185533750560097,0.009864997247802381,0.11371149935852744,75.63687712437002,0.7836552811228401,0.05448683572562074,1.3841743469238281,1.2344146318214677,1788021000.0,0.29125648960334294,-0.2504380040964359,0.9326740162856703,-0.27229532962449643,0.0013297946548337638,1.1108965413365604,0
AVGO,2019-04-22,26.427547432740017,26.475018415277606,26.1677024193036,26.234329223632812,13504000.0,-0.011426546087248505,0.01171426924001641,-0.007311242540604494,-0.004080099104583753,26.075508880615235,25.54803285598755,25.545557957963815,0.026862982807531067,1.5064949226379412,0.009550749470198957,0.36650745532384577,0.009719758740478313,0.1090226521926034,63.75854219660121,0.7487272317891467,0.015647029113541766,0.8927993774414062,0.6425458213585578,1774517000.0,0.4073789155244093,-0.34117147187472746,0.8050742480239113,-0.24140814092622692,0.0010501099812257808,1.4193403296668894,0
AVGO,2019-04-23,26.38090504998659,26.491671719047915,26.166866293028885,26.287626266479492,19777000.0,0.002029515490931326,0.01235582941582081,-0.0035358447064267003,0.00558717644748233,26.168452644348143,25.645807361602785,25.616231130203403,0.02502627020381444,1.5309693717956563,0.009476042301897523,0.36151033745938577,0.009566963577591021,0.10177494616174182,70.06661351187111,0.7170810628597586,-0.01279931185267702,0.9294376373291016,0.9502987552465356,1794294000.0,0.3624087016051506,-0.2848546542470409,0.8008916401616758,-0.17473256171308255,0.006656583030418717,1.3303184385305786,0
AVGO,2019-04-24,26.199354135656353,26.401733302082974,26.083589986486746,26.17853355407715,23335000.0,-0.004158599371317801,0.012152831816094993,-0.0007946982762800947,-0.003357934639222202,26.259065628051758,25.717847919464113,25.669783742000902,0.017913070948881494,1.5346322441101101,0.009138762705366388,0.3510403628455346,0.009410515337231947,0.09736252977136463,66.06401109780472,0.6754126393432749,-0.043574188295328664,0.9061298370361328,1.133997322337584,1770959000.0,0.5862965875316904,0.21550947979991622,0.7475571135057202,-0.11828110822901339,-0.0033301567654174624,1.2638107897073805,0
AVGO,2019-04-25,26.063601238411344,26.063601238411344,25.532251493214492,25.96949005126953,26732000.0,-0.0080173555235687,0.02046053826791534,-0.0036108282291783967,-0.004390326731953409,26.29496078491211,25.78385000228882,25.698327200026487,0.007199857619875792,1.5424962806701679,0.009353487692498887,0.3714449120271797,0.009392642357399013,0.08919048995994246,65.42089676632888,0.6183935934657292,-0.08047458733829949,0.3589515686035156,1.283886817010587,1744227000.0,0.5531516670634248,0.057347106124404364,0.5941285478735291,-0.03206024006025571,-0.004370448096737999,1.3516542701768308,0
AVGO,2019-04-26,25.74712534827591,25.897034491866354,25.410658579551175,25.852062225341797,16404000.0,-0.004532015030732427,0.018813814847245133,0.004075673521050195,-0.008562536366891391,26.303289222717286,25.83107194900513,25.7129686310089,0.0008125979583805445,1.5371150779724125,0.009294419412496245,0.3956565441190106,0.009110309044441876,0.08310530806777157,59.89674981702132,0.5573058694880473,-0.11324984905278512,0.08328437805175781,0.8206164628548984,1727823000.0,0.7715371720384878,0.3929746413424706,0.48940528826540597,-0.004878492008498238,0.0022260336477076693,1.3131257795082527,0
AVGO,2019-04-29,25.9211882080084,26.20684971157111,25.85456139132636,26.04444694519043,13404000.0,0.007414202003616737,0.013526427374359799,0.004755134531078266,0.0026739059369445734,26.26739444732666,25.88108377456665,25.74453799426428,0.006312068381046506,1.5309731483459466,0.009344295877896496,0.4013673791144731,0.009080266841501348,0.07807550168225963,62.45469326908083,0.518440982262824,-0.12169178902240674,-0.35894775390625,0.689669366208053,1741227000.0,0.733210420614388,0.2781866764970556,0.5785229851760935,-0.06616296490423935,0.00096995534787407,1.338735743128665,0
AVGO,2019-04-30,26.09441593994239,26.51916086588607,26.028621507594917,26.51749610900879,18953000.0,0.018000169279482198,0.018498705763532367,0.016213437000391375,0.0019186045630808935,26.284051513671876,25.933594226837158,25.818153052811375,0.022515270225915398,1.5185789299011248,0.009454483468443794,0.4114801166794257,0.008895386589482593,0.07933982014170857,69.81190745989353,0.5198192405845532,-0.09625082456054201,0.16657066345214844,0.9958988074751519,1760180000.0,0.7490785020194367,0.25029185382020847,0.8850510443733445,0.10975994383876633,0.0033775100521386643,1.406289557428322,0
AVGO,2019-05-01,26.692387132468838,26.91725318289414,26.541644053863887,26.559133529663086,18158000.0,0.001568955281412751,0.014142371341644939,-0.004992195044022088,0.006595306839722057,26.287382507324217,25.99959602355957,25.88872262203535,0.02152100768724565,1.5183974838256837,0.009094564774885485,0.4116582112902873,0.008850579663872177,0.07772358305166935,66.66666338696268,0.5182967102553739,-0.07821868391177711,0.0333099365234375,0.9660514681237059,1778338000.0,0.7525428951888472,0.4878380299881962,0.912031406499176,0.10246436913107884,-0.009272843255772534,1.0001472413240862,0
AVGO,2019-05-02,26.64908799372228,26.83314691354256,26.170208204791503,26.302629470825195,20428000.0,-0.009704786880583505,0.02520427507958258,-0.013000764710923372,0.0033869502541837813,26.248156356811524,26.047983932495118,25.928142321920095,0.009776017172470857,1.5086377716064447,0.009489758522391735,0.4354536212505093,0.00914147815310165,0.0743369327549461,59.06661721151606,0.4907354671527919,-0.08462394161148734,-0.3922615051269531,1.0921611188930822,1757910000.0,0.7731849409362018,0.28766306791449464,0.7458210052437441,0.11585054287643645,-0.0004836873686602923,1.0302784658693935,0
AVGO,2019-05-03,26.230166729686488,26.371748892773617,25.875378149325204,26.293460845947266,19214000.0,-0.00034864283316801703,0.01887810608758792,0.002413027598677566,-0.002754961864899592,26.223920822143555,26.105074882507324,25.962934562303634,0.0072164498365033195,1.5036701583862317,0.009262505839988016,0.4231398581199901,0.009295971538009049,0.06710395010677146,47.62930410038856,0.4628180733681653,-0.09003306831689128,-0.2423553466796875,1.0164255296638183,1738696000.0,0.7631125501152309,0.4572267773321574,0.717797024424574,0.1660757750211067,0.009949111885351565,0.8253709603491968,0
AVGO,2019-05-06,25.550569268736307,25.978646803168935,25.430640079268308,25.94866371154785,14371000.0,-0.01320015768422304,0.021118880331612643,0.015580648652820678,-0.02825385298510309,26.19535427093506,26.135431575775147,25.961575433660226,-0.007146155731705944,1.4715340995788573,0.009779718568001172,0.45889243189706896,0.009656311522154678,0.061491276164914725,42.296577634266924,0.4081660068512747,-0.1157481078670255,-0.28566551208496094,0.7693955017319559,1724325000.0,0.7653240285277148,0.41920967467653913,0.47540671138975515,0.18194794144407625,-0.0061801781531315055,0.9377188480316853,0
AVGO,2019-05-07,25.705483832067774,25.78626902850637,25.295728023090742,25.59221839904785,21734000.0,-0.013831777057510057,0.019167584363933208,-0.004406275085729378,-0.009371576208444836,26.125813484191895,26.14713306427002,25.926398573220954,-0.02122277282354251,1.431338882446287,0.010337758527170707,0.4822708475458923,0.009887714501419695,0.05825616989352123,33.28356145912943,0.3322615878497075,-0.15332202149487417,-0.6954078674316406,1.1396928691849255,1702591000.0,0.7029772820787691,0.1504514813223729,0.22482779916311207,0.27338584064612703,-0.01764782002729795,0.8979925731633551,0
AVGO,2019-05-08,25.42647809213252,25.623027395987503,25.244087162386574,25.267406463623047,15099000.0,-0.012773053375951908,0.01499719545797109,-0.006256140857200806,-0.0064761993013273955,26.034700775146483,26.14688320159912,25.863637419925915,-0.033636006665066887,1.379745178222656,0.010724579524823656,0.490896558550539,0.00994427907639453,0.05834932796662337,25.7907483109462,0.24309493323795905,-0.1939909408852981,-0.9111270904541016,0.7846102281496258,1687492000.0,0.6680962373772512,-0.06138364881175727,0.0,0.38312466708795984,-0.002073560973974131,0.9718560596340164,0
AVGO,2019-05-09,24.985078255805398,25.472286519309527,24.722734489337064,25.323209762573242,22282000.0,0.002206074001252415,0.02959940847563009,0.013533337905553468,-0.011173612464900621,25.970072746276855,26.13251676559448,25.81216811922566,-0.030969347880685637,1.3071240806579567,0.010274992864498707,0.5189155812024551,0.010515529555744219,0.0623310988333262,28.688436901351494,0.17491625124200993,-0.20973569830499783,-0.6462802886962891,1.1363468300656088,1709774000.0,0.8137899307813017,0.5778805728991274,0.03909205184175724,0.32260516901495634,-0.00245538512734535,0.895571859303301,0
AVGO,2019-05-10,25.2540814847151,25.43480766508309,24.706908673444964,25.314878463745117,21025000.0,-0.00032905266352326,0.028753801539796127,0.002407412007549708,-0.0027298386936836904,25.916354370117187,26.109821796417236,25.764807199656087,-0.030446141630761304,1.232730159759523,0.01015422728833674,0.5446145253677958,0.011081650018597986,0.06739122699135801,31.984226966157152,0.11884195232166661,-0.21264799778027293,-0.5371837615966797,1.0604627703171294,1688749000.0,0.9332804919338634,0.9029440887389023,0.033255702166643746,0.29109876916829003,0.004737418238787224,0.8516077979827994,0
AVGO,2019-05-13,24.470387828976534,24.625296014392617,24.002333758621848,24.43374252319336,37864000.0,-0.03542723717041613,0.025495981834320794,-0.0014975367789147186,-0.03335945839037016,25.755283927917482,26.01133918762207,25.638039135231065,-0.060650343776722314,1.0958623886108398,0.010972880072086237,0.6151673310180986,0.011225414859033314,0.08788519094355766,22.572704876376406,0.003264726259470052,-0.26258017907397563,-1.6107044219970703,1.8730552903522604,1650885000.0,-0.8002603776293625,2.5733556832833733,0.0,0.23117926804310673,-0.023506405866811134,0.9748380707955582,0
AVGO,2019-05-14,24.62612202277792,25.36817775624893,24.608632547191338,25.151641845703125,34277000.0,0.028958109268466623,0.03019863329062811,0.021339934165262635,0.007873517509728516,25.618698501586913,25.951375007629395,25.59171558384745,-0.03081660071510629,0.9866880035400385,0.013252410250150904,0.6591881822651945,0.011800099240889367,0.09192151857640231,37.12664693927344,-0.030056114315652138,-0.23672081571927825,-1.365854263305664,1.6231061906464337,1685162000.0,0.06798956666501271,2.021201097857218,0.31749322715142236,-0.23993635736655092,0.01005071008889323,1.1653800489620985,0
AVGO,2019-05-15,25.00756690836208,25.63219390787592,24.86931582747603,25.349029541015625,18166000.0,0.007817270348431438,0.03009496197337956,0.013654372445278664,-0.005728251786698333,25.49768810272217,25.892535305023195,25.568602627387275,-0.020990828337008022,0.8781903266906745,0.013297792445418882,0.6675164693749969,0.01236850797256791,0.09188184659633931,42.198964451736956,-0.04007363919356166,-0.19739067247775025,-1.210103988647461,0.8662583181732559,1703328000.0,0.06025983033810735,1.9537434799142108,0.4047885545319476,-0.12245412809695867,0.0046992572557160266,1.1673615045646455,0
AVGO,2019-05-16,24.964256305136495,25.24325556786649,24.543673288010332,24.75937843322754,34233000.0,-0.023536103063506737,0.02825524402643139,-0.008206848596756817,-0.015179012484740443,25.3433629989624,25.795759677886963,25.491533656514918,-0.0401764188067732,0.7342054939270035,0.013930294229439956,0.6851253823240638,0.012865675442701337,0.09528361332367455,37.719912675958454,-0.09450314290500472,-0.20145614095135464,-1.5432510375976562,1.5720951165076178,1669095000.0,0.19222082948616684,1.3981575468836702,0.15321223601248715,-0.16869624948923254,0.008113543150855518,0.9581962505337802,0
AVGO,2019-05-17,24.383768960126414,24.449563389047512,24.01981944932633,24.14307975769043,39094000.0,-0.025206557277210957,0.01779988070520678,-0.009870877743750879,-0.015170391862384173,25.128324890136717,25.676122856140136,25.363109475674488,-0.059706954451108955,0.5700440216064457,0.014715602843042888,0.7126090607291992,0.012959993867227333,0.10764483578289025,30.49047710008996,-0.18523380918439614,-0.23374944578459683,-2.150381088256836,1.7450575153887693,1630001000.0,0.20248153583958428,0.7686302976389142,0.0,-0.047656453402421896,-0.008354535290138831,1.034824294932887,0
AVGO,2019-05-20,23.152841148845944,23.315245510097135,22.373307521980113,22.70227813720703,65162000.0,-0.061532508638936154,0.04149090157425038,-0.0194603767437314,-0.04101542217409357,24.803686332702636,25.499520301818848,25.109696967249015,-0.10969783472025998,0.3755537033081069,0.019173055132248325,0.8039828376877107,0.014006138402036346,0.14829228208362158,17.339228470850188,-0.3691439042374718,-0.334127632670138,-3.2463855743408203,2.6079821977459003,1564839000.0,-0.8690578742258035,2.1979871889897677,0.0,0.189564904017828,-0.007261886127953872,1.2374043851201757,0
AVGO,2019-05-21,23.07704944450106,23.301083138356887,22.873837918768253,22.930471420288086,25060000.0,0.010001377844879712,0.018632203916414063,-0.006351679598467269,0.016508092493141127,24.53751163482666,25.331662559509276,24.902151677062257,-0.09479011228072369,0.19328437805175724,0.019454275532526363,0.8182005467780326,0.014128108995839389,0.1714342392604293,19.897759160905537,-0.4908227891274315,-0.36464521404807815,-2.6617469787597656,0.9924850741096443,1589899000.0,-0.8669723628584509,1.9976818764960127,0.05916563087528266,0.007971779380719912,0.009188497083622151,1.2700122337060984,0
AVGO,2019-05-22,22.526546749324815,22.90798576174267,22.40078770926594,22.42160987854004,31809000.0,-0.022441435232150433,0.022620947157588483,-0.004658364724337422,-0.01761519262119889,24.252931976318358,25.14381637573242,24.665909601012523,-0.10826544608148933,0.0021447372436504963,0.019749497215433905,0.8086823326545388,0.014352457695846683,0.19802793409365266,19.09812879161855,-0.6211547702020042,-0.39598175609812064,-2.845796585083008,1.2389842424761761,1558090000.0,-0.705055672767239,1.5255098476611115,0.0,-0.027424831631106074,-0.0054752773741552,1.3014279867273655,0
AVGO,2019-05-23,22.035174859950295,22.110962604919536,21.501326365629044,21.661231994628906,46607000.0,-0.0345011017847432,0.02814411660242663,-0.01697026992199371,-0.017234936326298526,23.886734199523925,24.928403472900392,24.379749828975985,-0.13106220302124835,-0.19874561309814354,0.020613195056858095,0.8389618161875804,0.014575293752280245,0.23270084884006548,17.057578790071688,-0.7768449595587334,-0.44133755636387995,-3.661977767944336,1.7477275454490904,1511483000.0,-0.5328111961435128,0.724293804946275,0.0,0.02449475074985781,-0.012507387022785307,1.384154376178903,0
AVGO,2019-05-24,21.878602813517748,22.13178408890352,21.298948061789865,21.31560516357422,27963000.0,-0.016084677491458206,0.03907165761102354,-0.025732797221326764,0.010035016426708367,23.486806869506836,24.701580619812013,24.08792652750915,-0.13707525469650736,-0.40910263061523366,0.020646136378355228,0.836820049075773,0.015247587738140302,0.2656405882539573,17.055566081162652,-0.9175428897706901,-0.4656283892606693,-3.9992733001708984,1.026347808692556,1483520000.0,-0.44087657187411683,0.6314023085357873,0.0,0.03611403853430199,0.0005238706032369787,1.3707660327801685,0
AVGO,2019-05-28,21.36807027105399,21.46468017552486,20.828393600904924,21.194007873535156,61965000.0,-0.005720947004696769,0.030022003300010335,-0.00814591094232629,0.0024613473123169358,23.162833404541015,24.459058666229247,23.812315227130675,-0.1334904517755321,-0.5962578773498564,0.020288035883778956,0.8356308266588321,0.015668933755312187,0.2917106878056614,17.644884438410955,-1.0270200503698312,-0.4600844398878483,-3.239734649658203,2.0882479813434336,1421555000.0,-0.38967410740650144,0.8285305633107649,0.0,-0.033043634616200725,-0.011637515706909695,1.255895525711669,0
AVGO,2019-05-29,21.049094500478326,21.351413065503227,20.952486184997127,21.164026260375977,28132000.0,-0.0014156284057628245,0.018849290556045627,0.005460175963409609,-0.006837469058307898,22.7640718460083,24.191385173797606,23.560097230296893,-0.12514202433721033,-0.8021041297912603,0.01930338925788935,0.8370584442949157,0.015673033520766485,0.3073314521713055,18.44499039604112,-1.1034805179816338,-0.4292359259997207,-3.9876155853271484,0.9336207340000627,1393423000.0,-0.46060647795743415,1.326761267232378,0.0,-0.08264039703092449,-0.00611899529260045,1.1519922787157009,0
AVGO,2019-05-30,21.20900142494254,21.432201182544425,21.164029157418984,21.372238159179688,17310000.0,0.00978993170224398,0.012547680921512684,0.007696578018435644,0.0021250760140458813,22.36639270782471,23.932040405273437,23.3517296997143,-0.10696130382848938,-0.9947554397583005,0.01967247040623461,0.8026743651660576,0.015650622895096996,0.3130103651035929,20.31289234748897,-1.134200669989653,-0.36796486240619186,-3.9767913818359375,0.5752789571199493,1410733000.0,-0.45077406779500356,1.0942424932476136,0.04051916247884751,-0.05327476290979354,0.0012149591968313154,1.2675257590898086,0
AVGO,2019-05-31,21.074083321739217,21.29894783944592,20.904184380031495,20.95748519897461,22192000.0,-0.0195969262577675,0.018836394513850104,-0.0055327731664134225,-0.013950566862479452,21.986203384399413,23.664783191680907,23.123706413929572,-0.11440197738697216,-1.1964018821716316,0.019767953183471274,0.7841139928453481,0.015490903084859623,0.3207915914963171,19.143672796302283,-1.1784295076192493,-0.3297549600286305,-3.8018932342529297,0.7353713555758423,1388541000.0,-0.36721091893541874,0.9584422030599301,0.0,-0.07770826713214445,-0.012706767915319142,1.2500904063381637,0
AVGO,2019-06-03,21.033269116372427,21.514649098806874,20.920837672245614,21.085739135742188,28911000.0,0.0061010703451249565,0.0281617553198825,0.002494620263474463,0.0036160787746387403,21.68046932220459,23.404397106170656,22.929614292197442,-0.09906933124230968,-1.3841314125061004,0.020004704325812778,0.7327759015194903,0.01573478936259151,0.3205116807782654,23.461803798037863,-1.1894212514601925,-0.27259736309565896,-3.057340621948242,0.9428688834679152,1417452000.0,-0.3799792950374573,0.8111514971786862,0.02569612290715175,-0.0927233081895861,0.0036592719009935267,1.3393429808864257,0
AVGO,2019-06-04,21.400553178377468,22.15343795292822,21.300613747783373,22.12845230102539,36805000.0,0.04826727329142538,0.03853971317822032,0.03401309845781188,0.014930187678441054,21.623086738586426,23.21338653564453,22.853313150181055,-0.046737438868983294,-1.530252075195314,0.02409465283286056,0.7422947289573804,0.016345582009095805,0.3093751981099927,27.209995255942616,-1.1012989606410706,-0.14758005782122963,-0.5738258361816406,1.1579543488178197,1454257000.0,0.26085445704538196,1.0426148779636628,0.2526503789917773,0.03396442866212322,0.021780314939621393,1.6271551554821622,0
AVGO,2019-06-05,22.404117320063506,22.612326290875515,21.853613385807634,22.130115509033203,23651000.0,7.515869088817626e-05,0.03428418186137995,-0.012229975722481452,0.012457492068947874,21.543051147460936,23.0402813911438,22.78443718435745,-0.0395032450456709,-1.6593168067932105,0.024109073309406096,0.7419972164336655,0.016778880463265325,0.29848066999558226,24.996725221220473,-1.0195741867321182,-0.05268422712982168,-0.8003559112548828,0.7418676394707082,1477908000.0,0.1677444407457534,1.0016331010769972,0.26702003123652884,0.06334423098703226,0.005657433653914662,1.7658584354453102,0
AVGO,2019-06-06,22.238385137144522,22.902988501230453,22.0934718605406,22.718931198120117,32687000.0,0.026259176793126258,0.03563181002108581,0.021608855939672322,0.004892411341781077,21.572783279418946,22.912857627868654,22.778198519001513,-0.008463650968966415,-1.7463647460937501,0.02519465988906741,0.7422943869825627,0.017345890764000026,0.2859599459135793,34.148540210895874,-0.8969546742924486,0.055948228247878484,0.2973213195800781,0.9977792870824713,1510595000.0,0.025488064642422877,0.43569946046633296,0.40109944428247835,0.08475741338601027,0.007048851584816441,1.8347794389574485,0
AVGO,2019-06-07,22.88466583280267,23.14201214354592,22.759739174600195,22.892160415649414,25963000.0,0.007595961610367766,0.01669885942776323,0.0003274936544070115,0.007295001390570163,21.695876121520996,22.791305160522462,22.78905203296798,0.0044251636478192845,-1.832771453857422,0.025305075158252213,0.7196888128057479,0.01702338343953941,0.269723259928363,39.56363486076717,-0.7768446950648169,0.14084656598040812,1.2309284210205078,0.7880997334855114,1536558000.0,-0.004610741025005808,0.3700750540642895,0.4405455260347409,0.1119607430592455,0.008799558131715271,1.8265504377620163,0
AVGO,2019-06-10,23.047072215094296,23.71667152022555,23.046239836537552,23.336898803710938,23280000.0,0.019241235560416427,0.02872839656373298,0.012575418941980407,0.006767024021856065,21.898005485534668,22.692406177520752,22.84122791589588,0.0284012466930286,-1.9002559471130382,0.025865241221563497,0.6521701605818778,0.017012372475196845,0.25127389136100947,56.34999361187035,-0.6384107978181497,0.22342437058166031,2.0212936401367188,0.7042477209509157,1559838000.0,-0.08434346995989728,0.10105291673599702,0.5418170497652998,0.1507825905005407,0.004492030162443882,1.8706190207144122,0
AVGO,2019-06-11,24.193054006923564,24.29799089072844,23.270271837562774,23.609235763549805,37105000.0,0.011602233807905572,0.04353038205146192,-0.02413164716473438,0.036686759899583754,22.139528274536133,22.651180839538576,22.91437152043435,0.04229602555271397,-1.91278179168701,0.025000519850059903,0.6828068785830071,0.01764263523482781,0.24436784669593228,56.732221411808,-0.5009509693007885,0.2887073592792172,2.4152278900146484,1.1237605470855816,1596943000.0,-0.2782685171679217,0.5261446132939714,0.6038309879172157,0.27692699378536956,0.0006331662076143184,2.0662409899546144,0
AVGO,2019-06-12,23.458489241068182,23.582581933121677,23.103700643005336,23.296918869018555,27057000.0,-0.013316866942508748,0.020555563274404776,-0.006887501165160099,-0.00638506574254975,22.35281753540039,22.558444690704345,22.950804601251892,0.032736041341145834,-1.962110576629641,0.02403479693833739,0.6810819792631732,0.017383574691495183,0.22420223670392594,59.03383092381966,-0.41245984772642075,0.301758784682868,2.132892608642578,0.8285054627406787,1569886000.0,-0.1468657817774325,0.9003176230818706,0.5327132057670485,0.24135327078799054,-0.003785411157248147,1.9918638574812966,0
AVGO,2019-06-13,23.44600044170777,23.56009825428181,23.103703826968307,23.453495025634766,37735000.0,0.006698410945242261,0.019459548635291608,0.0003196529805768726,0.006399196972243064,22.5609432220459,22.463667964935304,22.998679879764545,0.044063465583799526,-2.0211752510070795,0.02400798225565031,0.6479470445776381,0.01710632165086713,0.19680757680928235,71.13111708645162,-0.32593839413920733,0.31062419061606517,2.081256866455078,1.1218618119547328,1607621000.0,-0.14121227062564423,0.9172530771454775,0.6565175996020428,0.2573434232140617,0.005210961054550483,1.985981942666713,0
AVGO,2019-06-14,21.49632670040346,22.327496200915668,21.443024304003945,22.14760398864746,100797000.0,-0.0572902068215536,0.03993533101665251,0.030297143182551486,-0.08344889847300418,22.679955101013185,22.333079242706297,22.917625032991488,-0.008304956605406788,-2.0880186271667505,0.026382114279580926,0.7320638084717215,0.017545485096491308,0.17286440896710137,57.998328387933,-0.358610176824687,0.22236192634446839,1.1901187896728516,2.7268779969835713,1506824000.0,-0.32694382461272464,0.46108841367026043,0.3735939285433342,0.15448073191613196,-0.0035574130906668917,2.2886266461435114,0
AVGO,2019-06-17,22.056824947379425,22.378300920507936,21.765333658545362,22.150936126708984,35785000.0,0.00015044008489360327,0.027672296023044902,0.004266760039643548,-0.004098819958789565,22.786474800109865,22.233472061157226,22.844607041916962,-0.003712237755042889,-2.1276116943359398,0.025990904877051905,0.7303981432819098,0.017778737906139215,0.1558459737039391,59.41337048317006,-0.3798551901166718,0.16089353044198684,1.0651969909667969,0.9724501885931061,1542609000.0,-0.4767864069440098,0.7782470022852821,0.4500615326256932,0.03825926678000801,0.0010232238409998015,2.2842769535851057,0
AVGO,2019-06-18,22.332494179102707,23.570920704495077,22.191744396796555,23.157001495361328,54920000.0,0.044417416555814576,0.05955763777876051,0.036919625245484027,0.008196405395923853,22.889329719543458,22.256208229064942,22.87435889462595,0.04047379754091622,-2.0611849594116194,0.024729088315534154,0.8033308359447664,0.018734260222263696,0.15905076923478936,66.44668198577673,-0.31191538263109564,0.18306667034205037,1.0285491943359375,1.5135021922632808,1597529000.0,-0.13871258831797523,0.78943668663096,0.8294582143115313,0.10748520014881739,0.012046526395661169,2.22557204941492,0
AVGO,2019-06-19,23.217798592333526,23.241950273400718,22.795550831797215,23.110363006591797,28920000.0,-0.0020160432766441632,0.01931598570230232,-0.004627294240158134,0.0026254304549911942,22.987354469299316,22.265202808380128,22.896835476717932,0.03795879180197639,-2.0072338676452617,0.02465096641994026,0.816061158761556,0.018750440985465206,0.1604400723993652,64.73655493209219,-0.2588520467236606,0.18890400499958837,0.9802474975585938,0.7927696773822152,1568609000.0,-0.061214267155094704,0.8311016962784755,0.811870402992964,0.107901573421399,0.0024356199199779592,2.2721096544562385,0
AVGO,2019-06-20,23.52845185240396,23.773306183179944,23.082884672635576,23.240291595458984,57291000.0,0.005606347107688952,0.029707953852962543,-0.01224731055957945,0.018090968354452605,23.039490509033204,22.306136894226075,22.929545583264698,0.0418788204001351,-1.9256575393676734,0.0240704949469163,0.8319445681469971,0.018926250407114906,0.16479591368834937,70.33680632388736,-0.20396365341960987,0.1950339186429113,0.5213603973388672,1.5174896301829217,1625900000.0,-0.20788712687744995,1.241253722249314,0.8608676918454428,0.0329150789089509,0.013436018955703606,2.047122466520248,0
AVGO,2019-06-21,23.257945397726594,23.627066669037962,23.035128381303817,23.03765106201172,45399000.0,-0.008757598844912572,0.025694385503272358,-0.009471788322355025,0.0007596205148759522,23.054039573669435,22.374957847595216,22.939841343145368,0.02961762961227437,-1.8053788375854474,0.022709009219254523,0.8318107725164889,0.018860421966454374,0.16441432597021569,67.1615168238178,-0.17480061115246315,0.17935756872804642,0.1454906463623047,1.2044283614638105,1580501000.0,-0.20628440903323383,2.074442859156427,0.7844500470676234,-0.0458336779641684,-0.002408756376691561,1.9788266856626249,0
AVGO,2019-06-24,23.166295454684192,23.496737744474526,23.12257273320804,23.475717544555664,20506000.0,0.018836710758563132,0.01593838443476563,0.013356563216728781,0.005584093288252105,23.067921447753907,22.482963466644286,22.99087717185111,0.04415583732734652,-1.6515120124816924,0.022491171870480765,0.7883384771791159,0.018271015493035645,0.16289049545323064,63.25464058644238,-0.11501456961597967,0.1913148882116239,0.13881874084472656,0.5494559967631772,1601007000.0,-0.4153266679090625,2.3828552761004222,0.9496490242052535,-0.08809154700767782,-0.003850930396247923,1.831212401704156,0
AVGO,2019-06-25,23.47235512982098,23.785140267556788,23.2083364722978,23.249536514282227,24436000.0,-0.009681393990354151,0.024809259946174205,-0.009492810338436793,-0.00014322947651347482,23.03195152282715,22.58573989868164,23.01551139493979,0.029390076140274293,-1.4856584167480449,0.02260721185638292,0.7753449693356236,0.01812095028241186,0.1554703703773655,60.54712738265835,-0.08490587772611846,0.17713886408118812,-0.3596992492675781,0.6894236276277291,1576571000.0,-0.38976462239084203,2.2540585198412377,0.8643540373984077,-0.11658472278445274,-0.009294849092699885,1.9339351689940207,0
AVGO,2019-06-26,23.423590202293042,23.88183769092208,23.38323051384234,23.664064407348633,24774000.0,0.017672430743600184,0.021070225650425514,0.01026632565188007,0.007486329368497035,23.068666076660158,22.710741806030274,23.077278348502535,0.041976726653880594,-1.3069192886352532,0.022734280061874786,0.7626867219034806,0.018165405475697297,0.14830312444774996,59.207391323828126,-0.027281106254680054,0.18781090844210122,0.3671455383300781,0.7022865274604406,1601345000.0,-0.5123898913582016,2.225193364125761,0.9999999963052993,-0.130791684513127,0.0026724930414355978,2.0078345888846605,0
AVGO,2019-06-27,23.789344171536847,24.253477328558706,23.73048696745159,24.02309226989746,21813000.0,0.015057917955200315,0.021770318117820098,0.009825747888503308,0.005294093272891431,23.125625801086425,22.84328451156616,23.16735586482586,0.05164790366365455,-1.1243219566345246,0.02281473762788158,0.7745675773166428,0.01832191715817228,0.14512214606668208,60.632519104643436,0.046817801810931314,0.20952785320617007,0.5695972442626953,0.6144273386786698,1623158000.0,-0.54227228724002,2.1764549533453263,0.9999999967380033,-0.11072522069471433,0.003670974429139277,2.0227230070255646,0
AVGO,2019-06-28,24.203866958618164,24.32494600059201,23.948258320681827,24.203866958618164,49265000.0,0.007496866411864982,0.015563119744402122,0.0,0.007525038271081608,23.331252098083496,23.00560359954834,23.266071207091795,0.05208571700211732,-0.9121823883056628,0.022009973548861465,0.7425801898405034,0.01826946472249457,0.1311980984027618,58.57653170256051,0.11875973854876776,0.2251758319552052,2.056262969970703,1.3367250033916698,1672423000.0,-0.717013511855477,3.1147761912083376,0.9999999967929474,-0.11811765429955128,0.006017634732277913,2.1159732250206047,0
AVGO,2019-07-01,25.365881796993815,25.70809712691894,24.916042788099052,25.254053115844727,44832000.0,0.042474250203150384,0.03136345420962578,-0.004408625806900005,0.04800947056775559,23.64156379699707,23.214019298553467,23.455402817449215,0.08787938832029774,-0.6781314277648924,0.023423084965772775,0.7766166980644399,0.018365931866531238,0.13299622827351107,64.10128542988295,0.2575466503751329,0.2911701950252563,3.103116989135742,1.1907237646758853,1717255000.0,-0.6495757922303713,2.25180224207615,0.9999999968006151,-0.11471557718498042,0.006465891218222477,2.197586958570309,0
AVGO,2019-07-02,25.13045552809349,25.28096158427916,24.711725795168043,24.83196449279785,19011000.0,-0.01685494817610505,0.022923510101143307,-0.011877661144788058,-0.00489416836118442,23.809060096740723,23.34919490814209,23.58650392938718,0.06350409895733347,-0.5149085235595727,0.022091531625611636,0.7811667458192006,0.017856899057109434,0.13835630994718717,62.91707178226895,0.32967694298321604,0.29064039010667153,1.6749629974365234,0.5171464051238596,1698244000.0,-0.717411021405029,2.415882500204938,0.8648857036147592,-0.17734501914431203,0.0010038168316281128,2.2306948103362765,0
AVGO,2019-07-03,23.854088186725605,24.281224690390687,23.796911701850494,23.954145431518555,49411000.0,-0.0359903183126747,0.020218337144298906,0.004194553317979456,-0.03937974002644316,23.8934383392334,23.44039640426636,23.621517405780644,0.02191724995484788,-0.377037410736083,0.023935868873762402,0.8224994860787616,0.01746951288471614,0.13046841863259412,53.75684853555503,0.312406826115609,0.2186962185912516,0.8437824249267578,1.2986029984743495,1648833000.0,-0.6177740564767553,1.1548115170615596,0.5815454762285313,-0.05167023005718533,0.008170154378352909,1.844352180077751,0
AVGO,2019-07-05,23.84988396983053,24.00039162520115,23.70862667841202,23.766643524169922,24565000.0,-0.007858330776041934,0.012276236918757644,-0.0034901824147657154,-0.004352543570635581,23.946073532104492,23.492782020568846,23.635338940865335,0.0116572615046071,-0.27641399383545107,0.023476477784055906,0.6997347878757836,0.016867995192037855,0.12739953169246687,64.59967481190219,0.2803584989110064,0.1493183131093192,0.5263519287109375,0.6525738346184241,1624268000.0,-0.4683409556700415,1.2646404879268685,0.5211865586774772,-0.018684395493771457,-0.0030851353762196294,1.7460020880287812,0
AVGO,2019-07-08,23.542980792702576,23.643038024854743,23.071279663290984,23.11920738220215,34291000.0,-0.027619304574290286,0.024730880772175914,-0.017999989638176183,-0.009410783278669047,23.954229164123536,23.504134368896484,23.586183554325984,-0.016376990553625632,-0.20805599212646442,0.024355526027521283,0.7056202592269525,0.017039166449113168,0.12599156246523116,57.822664611185964,0.20040711443235182,0.05549354290453168,0.08155632019042969,0.9009804346598036,1589977000.0,-0.28765563361004376,0.6247145115640413,0.31276977366875486,0.000993019401301084,-0.0032411935600018763,1.9720319214793705,0
AVGO,2019-07-09,22.992246250033357,23.204974149521465,22.90480080205199,23.167137145996094,26131000.0,0.0020710117169005834,0.012956859772886698,0.007606516300529685,-0.005491586717048508,23.92337112426758,23.495646286010743,23.54627437258028,-0.013981702647201739,-0.16284557342529382,0.023962035365941714,0.6256337427757656,0.01669015859271697,0.12654533869731727,50.09688396257343,0.13930675601887543,-0.0044854524071557544,-0.3085803985595703,0.6840181979048325,1616108000.0,-0.2088650069913962,0.8303480079636815,0.3281988895747661,-0.02622635261400503,0.0017704068300462225,1.912646384556748,0
AVGO,2019-07-10,23.363046636886843,23.442083678235637,23.038490070870928,23.08053207397461,30134000.0,-0.0037452773174096463,0.017486321627954743,-0.012092368225009672,0.008456353051141119,23.906470680236815,23.469211101531982,23.501917963189268,-0.01656123104054355,-0.13000246047973718,0.02381122420065502,0.6225761831872801,0.015821460393232848,0.12756244596783364,49.71701108310987,0.08293989674713131,-0.04868184934311989,-0.1690044403076172,0.7960659011746554,1585974000.0,-0.11222729048072118,0.9112806788003011,0.3003197683670639,-0.012873531395355863,0.003901938309172815,1.917164417035535,0
AVGO,2019-07-11,23.142752516004574,23.32857448274575,22.950204470203502,23.211700439453125,20712000.0,0.005666985988488203,0.016300831271117103,0.0029792447277426077,0.0026957975591959493,23.861234283447267,23.464950180053712,23.47427819902392,-0.010792681789196146,-0.06814746856689169,0.023669346182718057,0.6002867904728431,0.01573373756544036,0.1278027806319435,49.72883585944235,0.04829621682314311,-0.06666042341368647,-0.4523639678955078,0.5517844012744961,1606686000.0,-0.23792012843198576,1.047808571295847,0.3425443018087606,-0.006425413261579929,0.0020099679544285914,1.9005423585078933,0
AVGO,2019-07-12,23.238604670162008,24.04158843508559,23.238604670162008,23.996183395385742,21971000.0,0.033238311682073925,0.03346297831443306,0.032600009150740995,0.001159080558490829,23.858543395996094,23.49208459854126,23.523983455820286,0.021458240307086266,0.010245952606201314,0.024815504150235264,0.6172831981798659,0.01616973512649284,0.12924314409714494,58.18727001752507,0.08318318525540747,-0.025418763985137705,-0.02690887451171875,0.597879624036007,1628657000.0,-0.2429801117766184,0.5439668625361245,0.5950779572094095,0.05572889637358215,0.006878005161784458,2.084700208988903,0
AVGO,2019-07-15,24.476297667056972,24.761334947384864,24.15426213622318,24.244230270385742,30334000.0,0.010283869570133754,0.025039888012151953,-0.009481311256022184,0.02000794308663067,23.86257972717285,23.596915912628173,23.592578390540808,0.027432159349977996,0.15624525070190387,0.020899778928891943,0.6391449745753169,0.015591971159279898,0.11977098198522172,56.784453630134514,0.12935553875355765,0.01660287161040999,0.040363311767578125,0.9129858344833187,1658991000.0,0.26040735415226446,0.1393946295826583,0.6745778983711433,0.05276390086425554,-0.0004149218718280628,1.5420248973019897,0
AVGO,2019-07-16,24.130715782985614,24.19798138323791,23.743938982469523,23.890241622924805,14617000.0,-0.0147085868158023,0.01900534987233613,-0.009965479769593553,-0.004682123793337557,23.726198577880858,23.683881187438963,23.620927269815475,0.008713117320828136,0.29127490997314354,0.021326166539540444,0.6336797954794048,0.015351534529261454,0.10489550321897724,55.53134471940054,0.13581791176800095,0.01845219569988263,-1.3638114929199219,0.454414743220074,1644374000.0,0.31740076670868156,-0.05300550659087963,0.38467323904158,0.07004321332859693,-0.0019129662431818643,1.6268233575762348,0
AVGO,2019-07-17,24.010475336862022,24.155937597996196,23.811201244565403,23.970115661621094,15453000.0,0.0033377984362761275,0.014381922813953563,-0.0016809194594393244,0.005032754202947981,23.640013694763184,23.724536895751953,23.654183307130296,0.010351256458439055,0.37150157928466854,0.018970618815380286,0.613139450964472,0.013184756673688009,0.10306879864316373,52.804242471661766,0.14570496024491675,0.022671395341438735,-0.8618488311767578,0.5118022872624057,1659827000.0,0.21359414783316263,0.40277149289985564,0.4207109417669404,0.09797904755823308,-0.00834606120763837,0.8877310632391296,0
AVGO,2019-07-18,24.062608954826214,24.409027665671356,23.86249287915289,24.365304946899414,19357000.0,0.016352318293406828,0.022430861730860778,0.012579516731359831,0.003858691985921965,23.68112964630127,23.787283992767335,23.7219091775845,0.024299577625795092,0.458786945343018,0.019219292346418688,0.6100767270579287,0.013277912198101803,0.10246796996631037,53.11493557947874,0.18331583909951377,0.0482258193568286,0.4111595153808594,0.6514185524892182,1679184000.0,0.0709172902389602,0.1905918068126772,0.5990131062193984,0.10142737878702615,0.0049701407459375214,0.9628523409785025,0
AVGO,2019-07-19,24.537673090086674,24.649501765345182,24.344283093479792,24.38380241394043,22047000.0,0.0007588843747161131,0.012517271365589852,-0.00627079330295996,0.007074327350423516,23.74284553527832,23.844459533691406,23.784946628666017,0.022619211782123148,0.5336345672607408,0.019212767744789857,0.604971797911872,0.012784309676412945,0.10215887609565609,51.687690645296286,0.2121695639022647,0.06166363532766361,0.6171588897705078,0.7887181853793603,1701231000.0,0.11292334694790075,0.20138035226629067,0.6073588244186616,0.10202855956897541,-0.0035778967818383437,1.1796394227421627,0
AVGO,2019-07-22,24.63605040550472,25.22378528641446,24.572149444656187,24.900909423828125,33905000.0,0.020985249480449275,0.026169158338972986,0.010750871745120193,0.010344899752799697,23.921015739440918,23.937622451782225,23.891228799633836,0.04024154752978673,0.6352434921264631,0.01945039072139932,0.557525562495676,0.012813403787236452,0.10384527131226891,46.31968203805785,0.2736085734236404,0.09848211587923145,1.7817020416259766,1.238391789102663,1735136000.0,-0.08529871360626122,0.0580916771161933,0.837524600135456,0.1233909053881253,0.00399649668158318,1.2215163644754543,0
AVGO,2019-07-23,25.18258133474851,25.4230554717271,25.158196494520965,25.290205001831055,19692000.0,0.015512840843143767,0.010472788855694559,0.00427373451550428,0.011311711798399094,24.133322525024415,24.028346824645997,24.024464628414524,0.05251539716272156,0.7264613342285173,0.019328003781977427,0.5541620095519514,0.012708830312814046,0.11322384961785897,54.80845663282703,0.3496814210269612,0.13964397078604177,2.123067855834961,0.7203279006348408,1754828000.0,-0.0722706483159807,0.12977259242824837,0.9999999954744434,0.18441523161846088,0.007766619561789803,1.4890578212847596,0
AVGO,2019-07-24,25.325525500266085,25.634947608409984,25.266666691783623,25.541616439819336,19006000.0,0.009891972427064652,0.01441885705824096,0.008532535266273346,0.0013966078342375371,24.379430961608886,24.142950820922852,24.168955277119743,0.05793267064542252,0.8189078521728526,0.019100505676518272,0.5065354471004516,0.012426668004493047,0.12145299041417237,69.17914175891649,0.42535329473202665,0.17225267559288576,2.4610843658447266,0.7022081168105428,1773834000.0,-0.22317356977930583,0.3250647725829502,0.9999999959367505,0.22324785576229697,0.006146713924543756,1.555001496408187,0
AVGO,2019-07-25,25.403722248626075,25.403722248626075,25.17417913508748,25.25741958618164,15741000.0,-0.011189181564550522,0.009088145867968835,-0.0057591033689858365,-0.0053988043990154284,24.584002876281737,24.222618579864502,24.272618544649447,0.04272044339376799,0.8964600563049316,0.0191650238834717,0.5119406155249321,0.012160582186126763,0.12619528011870076,67.5997059366263,0.4571220701967249,0.1632171608460672,2.0457191467285156,0.5914467356017793,1758093000.0,-0.020730234663335626,0.23867250210232324,0.8845237219710724,0.18946663465984054,-0.005354493010331265,1.6009938904645094,0
AVGO,2019-07-26,25.358317099940837,25.47855418996485,25.269189330235953,25.30198097229004,14996000.0,0.001762734413570152,0.008274642996350383,-0.0022216035633024606,0.003994767296592637,24.714582633972167,24.286563014984132,24.3706530615676,0.04180986647889714,0.9613454627990734,0.018966422701244837,0.4780670971609514,0.011854858966739388,0.13164802255863076,80.04625820446284,0.48035752257005626,0.14916209057551882,1.3057975769042969,0.5707641335106978,1773089000.0,0.08259214775101137,0.39296484695903683,0.9026301252076959,0.18233099250039722,0.005146548341885456,1.515218808954285,0
AVGO,2019-07-29,25.32804735164797,25.439035685055163,24.969016787994505,25.370929718017578,12068000.0,0.002721327326137484,0.018525883840260212,0.0016930782605271092,0.0010302110094256645,24.82725257873535,24.344916152954102,24.465917505039027,0.04214487978499473,1.0074675750732425,0.01893338706197639,0.49019892213175026,0.01193386321819566,0.13715849470853944,80.1610582097674,0.49858796186566323,0.1339140238969006,1.126699447631836,0.4943126195537749,1785157000.0,0.12435295917790677,0.4266581625115746,0.930645721261315,0.1771104008007941,-0.0015272207970399288,1.4937460715022157,0
AVGO,2019-07-30,25.148115786750303,25.302826864590205,24.980791303285688,25.187633514404297,11164000.0,-0.007250878781509339,0.012785463191391002,0.0015713991447065209,-0.008782253301070015,24.956991767883302,24.34159517288208,24.534652363073814,0.034756898024381845,0.9832555198669439,0.016396856872050444,0.4892378369436918,0.011301109358628126,0.13657196108687655,78.09419711566112,0.492567236104005,0.10231463850819383,1.2973918914794922,0.4911505787429112,1773993000.0,-0.20716068558725012,0.3789498834084312,0.8561678994473563,0.35607154283826725,0.0006517018662853847,1.0791270019677013,0
AVGO,2019-07-31,25.227149005111293,25.29441461116007,24.103811940731987,24.382965087890625,20819000.0,-0.03246840417103999,0.048829281658246064,-0.033463310369118385,0.001568844912897373,24.998276710510254,24.31914520263672,24.520205955913507,0.0026242651497777212,0.9271918106079085,0.01752866542541846,0.5472544553641087,0.01266026294503213,0.1353959049528764,63.23892036132936,0.4180467675249311,0.02223533594329591,0.41284942626953125,0.9122857756335253,1753174000.0,-0.3278805164701432,0.11193664410657575,0.5292110366874264,0.29498489552636914,-0.012319958232527232,1.4727985067188945,0
AVGO,2019-08-01,24.31064848659774,25.041321223583637,23.738049807007382,23.99197769165039,21911000.0,-0.016165224720066994,0.05432113320472967,-0.01310828030737007,-0.0029658657604690252,24.960943984985352,24.32103681564331,24.469898502174164,-0.013529814799917193,0.9078532981872556,0.015987199466970616,0.5810675568600937,0.01429960469360818,0.13524724662148585,49.947819215716514,0.3237078415304211,-0.057682872040971334,-0.37332725524902344,1.0216966571387265,1731263000.0,-0.09269377758408263,0.21276494549780753,0.37034310022911854,0.3471766363694431,-0.012128895429048348,2.0017706572213347,0
AVGO,2019-08-02,23.71703080156316,23.865856108350595,23.199084285645046,23.41938018798828,20080000.0,-0.02415561887549,0.028470942316518876,-0.012550079136793065,-0.011459951056178181,24.864501762390137,24.303673648834227,24.36984913891837,-0.036385176712760495,0.8705347251892093,0.01679303321968852,0.5830491178605381,0.01470580197177648,0.1379501299532947,40.529022053658686,0.20042930558412309,-0.14476912638981548,-0.9644222259521484,0.9462124407144653,1711183000.0,-0.08641608779849817,-0.19542734283609486,0.13768244491713855,0.3826636513008447,-0.00654899991092866,2.0928069024145666,0
AVGO,2019-08-05,22.866122401820768,22.890507245312254,22.20439745526406,22.50541114807129,27765000.0,-0.03980811698046743,0.030486436583147133,-0.01577492008715071,-0.023623929486027886,24.624951934814455,24.272983837127686,24.19228361598055,-0.07282057699163182,0.8229613304138184,0.01794427400965813,0.6340985067753954,0.014904847224736787,0.14720119463189257,35.911056133824474,0.02865025223584894,-0.2532385437904717,-2.395498275756836,1.328777252137457,1683418000.0,-0.3441734551664835,0.12877522393930793,0.0,0.5307070589548492,-0.030521004573319896,1.6296590435756302,0
AVGO,2019-08-06,22.713094187198394,22.885462398479625,22.244756033956858,22.402830123901367,22199000.0,-0.004568480068624463,0.028599349309586124,-0.013660140736584305,0.009228137969161382,24.336214447021483,24.23476848602295,24.02185947387777,-0.07559132914441555,0.7630014801025418,0.017942055242130363,0.6552392218533934,0.01528522355815888,0.15797466080352934,34.128133821704736,-0.11444407641507937,-0.31706629795312,-2.8873748779296875,1.0724905850892932,1661219000.0,-0.2834339365120271,0.10190744499061652,0.0,0.4820266506677413,0.011318997401307086,1.4471996750185168,0
AVGO,2019-08-07,22.200195783307414,22.9308687639328,22.11359068526276,22.706369400024414,22244000.0,0.013458179741518594,0.03599334019067034,0.022800412276976104,-0.00904503312631756,24.05268974304199,24.21606035232544,23.896574704939354,-0.06234254993226532,0.7140461158752451,0.018243564004014272,0.6745780284356486,0.015872963286163888,0.1625604688049915,32.88224362982099,-0.20103685231792667,-0.32292725908477393,-2.835247039794922,1.0955449774798618,1683463000.0,-0.39459177594415207,-0.02538008668329367,0.09670593809353169,0.4703371645308277,-0.0009181917572546622,1.487826865515569,0
AVGO,2019-08-08,22.734114262554414,22.9174135545074,22.071547342057762,22.784563064575195,29163000.0,0.0034377726427644254,0.03712453074834352,0.002219079283932585,0.0012218977874098097,23.805404090881346,24.19470348358154,23.79066883442848,-0.05828302129763373,0.6602785110473626,0.018209438161624444,0.7131957099059522,0.01651165216875612,0.16720105353603792,33.699039950136324,-0.26035150575550503,-0.3057935300178818,-2.4728565216064453,1.4070325089498512,1712626000.0,-0.3781186554265955,-0.01164127623907913,0.12161800805672447,0.4879959117534797,0.01861154844153868,1.2391539383302357,0
AVGO,2019-08-09,22.666845857111845,23.589226319435003,22.666845857111845,23.183950424194336,30735000.0,0.017376999131663795,0.039785301687098415,0.022813256423681642,-0.0051665334608225946,23.593601036071778,24.154091835021973,23.732886128691895,-0.04016468170495831,0.5834326171875013,0.016900388110179184,0.7190812520380325,0.016748579346769578,0.17152371977042727,32.068813877914295,-0.27199617129105036,-0.2539505564427417,-2.118030548095703,1.4521753099485932,1743361000.0,-0.7385419978507219,-0.14469371473605325,0.24886061655201155,0.46475391838223823,-0.00663329063821075,1.0717507796412478,0
AVGO,2019-08-12,22.986356719689947,23.39247296822323,22.915728085812557,23.176382064819336,20040000.0,-0.0003265015169607715,0.020570289222520535,0.008266875319303882,-0.008522866072823527,23.374146270751954,24.100699424743652,23.679885741656413,-0.03835230435643777,0.48566226959228587,0.016671187931139402,0.7158383116460111,0.016644797278025963,0.17561984720664336,26.011486798386713,-0.27862355704492714,-0.20846235375729477,-2.194547653198242,0.9704553488845085,1723321000.0,-0.6841331372256588,-0.0895483859403962,0.24644937902605904,0.49844680814621484,-0.01242977199258457,1.001070484048108,0
AVGO,2019-08-13,23.14779634798018,24.005432313521425,22.87284663503602,23.85408592224121,22340000.0,0.028821774459403305,0.04747973498974451,0.030512173311803777,-0.001233398584783789,23.240791511535644,24.09889163970947,23.69647623504544,-0.01015838076815502,0.428487548828123,0.017788187791487095,0.7704315089216571,0.017683359062568946,0.1757009560879875,32.53868916694684,-0.22657890988345386,-0.1251341652766572,-1.333547592163086,1.0619763503476136,1745661000.0,-0.6355685271465988,0.06392763084226823,0.4623620876503627,0.4851028043748695,0.013437144223489928,1.0970164594893905,0
AVGO,2019-08-14,23.44124716033488,23.55559854078511,22.73411707076784,22.83333396911621,27108000.0,-0.04373403571099943,0.03597728964016425,-0.02593348326568509,-0.01730683637394831,23.085828399658205,24.04205255508423,23.614272209718848,-0.05027518273225203,0.35755083084106687,0.020173541908749,0.8241837622603368,0.018212577575755087,0.18229662749733005,28.234937198415338,-0.26464859956596953,-0.1305630839673383,-1.549631118774414,1.253897035015495,1718553000.0,-0.6141610324390674,-0.34327962846403304,0.1371561490694779,0.20735569685381278,-0.029386991976803976,1.2242572806537706,0
AVGO,2019-08-15,22.870332474287572,22.93591576996738,22.26914531435441,22.58781623840332,20010000.0,-0.010810828030840113,0.0295190313344302,-0.012352957093140068,0.0016203724441382285,22.945412254333498,23.953178119659423,23.516514498164987,-0.05700128283041813,0.25952238082885515,0.019758572523736653,0.8560148945338911,0.01838875047982269,0.1902572368223038,26.479194330037018,-0.31104480105995336,-0.14156742836905767,-1.4041614532470703,0.9241789886682996,1698543000.0,-0.47793224849271887,-0.3238439710514048,0.05893555511391879,0.2165515654331811,0.0010620332888360642,1.1843460464137692,0
AVGO,2019-08-16,22.882935151721515,23.185631112591153,22.868641033237054,23.019989013671875,17458000.0,0.018952269628448776,0.013770209839289334,0.005989348000234822,0.01306540261366391,22.905473136901854,23.884987449645998,23.46922635678469,-0.03621515135545073,0.18531055450439737,0.02038869055255147,0.8651431786144036,0.01840554410604356,0.1930783477340577,30.83347568992862,-0.3093751101741553,-0.11191818998660769,-0.39939117431640625,0.81494897816284,1716001000.0,-0.5048619065145754,-0.49624309513697606,0.19662341608743109,0.18026687353236806,0.01683201386855397,1.185493641291865,0
AVGO,2019-08-19,23.500944419182787,23.548870542558067,23.17386514565375,23.440404891967773,17489000.0,0.01809831206555534,0.01599824740539513,-0.0025760465668706106,0.020892946787475268,22.998972511291505,23.81196222305298,23.466481455373554,-0.015603809860300135,0.10132043838500948,0.02021711030309658,0.8750534010539965,0.018194969182663577,0.19002779180749485,36.28560560996008,-0.27100385653718817,-0.05883754907971242,0.9349937438964844,0.8489228887357165,1733490000.0,-0.5249882496506063,-0.46849218413023097,0.3305655945735514,0.18287796755389543,0.014403114399367105,1.1693873973273587,0
AVGO,2019-08-20,23.388270907271053,23.960029296802347,23.291576709591254,23.574092864990234,17920000.0,0.005687110985996467,0.028355389569210278,0.007945091724671317,-0.002224107686577747,23.11609878540039,23.726156616210936,23.476730161051332,-0.006409118578131306,0.010770950317382955,0.019858766918441666,0.8377569665384971,0.018534215062184445,0.18157002478168988,42.903475436342156,-0.2271879778450412,-0.012017336310052362,1.1712627410888672,0.8736008736008731,1751410000.0,-0.5128738778062927,-0.360721905783432,0.37315784493432186,0.1749565159011721,-0.008334931234688281,1.1171048746543664,0
AVGO,2019-08-21,23.93312318379834,24.23749989447837,23.883514745131453,24.17359733581543,19381000.0,0.025112669293054796,0.014643461801856794,0.010047754740150345,0.015229867841120622,23.26282157897949,23.657755661010743,23.543098463409816,0.02180433689391671,-0.06891723632812585,0.020687818478063807,0.7920523674607741,0.018537650516406094,0.16840438747879485,51.53717059946978,-0.14244654270308388,0.05817927906552395,1.4672279357910156,0.943961853829837,1770791000.0,-0.4369642952459443,-0.5139173687098124,0.5965996590742213,0.21802485006321626,0.010508951861303923,1.157561974319848,0
AVGO,2019-08-22,24.248433645864168,24.334196771548108,23.92555777764848,24.18368911743164,12294000.0,0.00041738412152110256,0.016897297668125765,-0.0026700499236935074,0.0030957870692195737,23.402734184265135,23.60406913757324,23.604107097126178,0.024555934666798382,-0.14033916473388786,0.020596581513641146,0.7646056237389374,0.01863681543006406,0.15796348810440708,57.14964073375125,-0.07362531558027996,0.1016004049506623,1.3991260528564453,0.6038547683602495,1783085000.0,-0.5318326031533722,-0.3949262116063296,0.599999740932059,0.22069910973695975,0.0015391577044349932,1.1521710344482,0
AVGO,2019-08-23,23.878474255877897,24.003756718324468,22.79045142257019,22.88125991821289,25742000.0,-0.05536017115735196,0.053026157631217534,-0.04176206262432839,-0.012620690750351401,23.372465133666992,23.483033084869383,23.535264508658248,-0.025625870568992605,-0.2499305152893072,0.02360203391117523,0.7773381210344539,0.019865050841936814,0.14545912521617096,53.27762842254849,-0.1227640017826559,0.0419693749986291,-0.3026905059814453,1.2318809369990182,1757343000.0,-0.5804167355723865,-0.48063462263596496,0.16119061289184125,0.1764807617838074,-0.026303664821487206,1.2886283818877546,0
AVGO,2019-08-26,23.2865320980121,23.370614499837995,23.122572296507737,23.309234619140625,14249000.0,0.01853138628592793,0.010641370567361367,0.0009749206547038717,0.01771196958768089,23.385750389099123,23.379948329925536,23.513737852513714,-0.0030245452109983837,-0.3762478828430176,0.02413278625093015,0.7665272793989065,0.019758580332690037,0.12479449411664754,57.479893239329314,-0.1257235205078544,0.03120788501874447,0.13285255432128906,0.6783445327544384,1771592000.0,-0.601425828966588,-0.5878427060962514,0.32548240032871373,0.04438981846249609,0.009938053776062153,1.3069700747996094,0
AVGO,2019-08-27,23.47151510685222,23.561481630337184,23.115005637634347,23.170499801635742,14298000.0,-0.005969708357678525,0.019269156743810325,-0.012824707042467517,0.0069620684832927245,23.317391777038573,23.27909164428711,23.48104851433486,-0.0046647800637603255,-0.49749584197997976,0.024125369354908437,0.7400414161155349,0.019850519844590183,0.10189743292715993,53.93722139268567,-0.13767665001650187,0.01540380440807762,-0.6835861206054688,0.6756370423749835,1757294000.0,-0.6106602223791372,-0.5763310168135789,0.38768553044027976,0.03129073035532397,-0.00458097888511454,1.3120081285969873,0
AVGO,2019-08-28,23.06623815454825,23.241129040013252,22.74168158570055,23.211700439453125,17202000.0,0.0017765715485554695,0.021517055822787352,0.006306285570589576,-0.00449975822619631,23.355228424072266,23.220528411865235,23.455396316727075,-0.0003801796518892898,-0.5571530532836917,0.023222438529961382,0.7152972191057536,0.018990356413707353,0.09182807316172925,53.64629422945557,-0.1421860122840961,0.00871555371238672,0.37836647033691406,0.8198690268523545,1774496000.0,-0.8231489274577646,0.010154682248724138,0.4542023337885253,-0.00834908039093204,0.008697579654036808,1.2524370213253613,0
AVGO,2019-08-29,23.668265636897946,24.004593647469576,23.631268994426605,23.826339721679688,16429000.0,0.026135198891458284,0.01566856920732124,0.006678735448554485,0.019669614410015093,23.479080772399904,23.2122465133667,23.490724260055895,0.026455569808583906,-0.5797544860839814,0.023827189636399085,0.7060481295124175,0.01770727301325384,0.08988731539068476,55.28942295502996,-0.09506758115050573,0.04466718787678167,1.2385234832763672,0.7933917024430993,1790925000.0,-0.9468491470508718,0.15844270710284855,0.7993387432449375,-0.03163118927409607,0.014477777356616362,1.2790904418796765,0
AVGO,2019-08-30,23.993663982618337,24.03906902850178,23.534576180992204,23.76496124267578,16720000.0,-0.0025794005119001142,0.021228431308835893,-0.00953179722833978,0.007022659077860797,23.553577995300294,23.229525566101074,23.516842067924454,0.02304978958010112,-0.5729688262939447,0.023174897419911928,0.7080301270194818,0.017526557691281107,0.0920227490212231,54.80378280653159,-0.06196432908716787,0.06221635195209563,0.7449722290039062,0.8140491642850531,1774205000.0,-1.1190833795396744,0.7490119027517822,0.7648730843229042,-0.15262004825808603,0.0015813547648418442,1.253669728325589,0
AVGO,2019-09-03,23.542987725667246,23.61445674003984,22.78036343396124,23.042699813842773,22210000.0,-0.030863270824344813,0.03619772476554791,-0.02124997546792007,-0.009340369409478699,23.513807487487792,23.256389999389647,23.47168566277382,-0.009188450376889847,-0.546205368041992,0.022459567166526306,0.6974595648929913,0.01771437733527247,0.08754494674005397,43.42555791954335,-0.09293888285798602,0.024993438545021993,-0.397705078125,1.0961649034748076,1751995000.0,-1.1222900785191503,0.9728548699047621,0.3593039587485394,-0.17237827520432047,-0.005772606458493354,1.2887714189250556,0
AVGO,2019-09-04,23.44124374522275,23.90873992280871,23.391635303275926,23.796911239624023,19865000.0,0.03220678402458794,0.021729904948943904,0.015172722834812498,0.017295886966359423,23.53608932495117,23.32609405517578,23.502659527235743,0.02018414155120555,-0.4829251861572281,0.02346226140093213,0.6793217975710318,0.017546521416934444,0.08241709200041217,58.16007036349148,-0.055982549050778374,0.04955981788178371,0.22281837463378906,0.9861081119988478,1771860000.0,-1.1100230457403555,0.8621078401630087,0.7576386625358899,-0.24910619203610992,0.012275197880833894,1.394995093046982,0
AVGO,2019-09-05,24.245908987244476,24.69322530692362,24.245908987244476,24.469566345214844,20938000.0,0.027874362994387024,0.01828051683408,0.009224540024289697,0.01886790025391324,23.565686225891113,23.414253902435302,23.5947458908528,0.04507136749802929,-0.4191659355163573,0.024025079134288457,0.6957177698343623,0.017033947948843265,0.08900141143224617,64.86055549456597,0.027268918042469892,0.10624902798002558,0.29596900939941406,1.0427524521216853,1792798000.0,-1.0747895909912115,0.700889807358581,0.9999999946857981,-0.16130148834170513,0.012790052558924275,1.4334058860233205,0
AVGO,2019-09-06,24.539355807557904,24.66127521445986,24.324947198642818,24.544401168823242,13748000.0,0.0030536145329234095,0.01370284055278658,0.00020560284071224658,0.0028520923239290525,23.601757431030272,23.502245807647704,23.68518925065951,0.044342798950430085,-0.34878076553344783,0.02402572342823006,0.6770401370935915,0.016372234683442313,0.09470316692848754,62.75867822954099,0.09815339906670673,0.14170680720340995,0.36071205139160156,0.7120069605568441,1806546000.0,-1.072032525084844,0.6961812117940813,0.999999994889054,-0.15953696263844022,0.0013678067834289127,1.5592642581619243,0
AVGO,2019-09-09,24.80421650444219,24.989196524756547,24.41743966094711,24.603260040283203,21686000.0,0.0023951861859130893,0.0232390692388286,-0.008101705774176817,0.01058552351030554,23.773957443237304,23.57321128845215,23.772624563957002,0.0436957332113121,-0.2894186401367165,0.023814741746285305,0.6801026610166804,0.01578038612036481,0.10220387563741026,60.359578137439314,0.15726641070851954,0.1606558550761782,1.7220001220703125,1.150063506458036,1828232000.0,-1.0055768329137103,0.6746079012766861,0.9999999950383137,-0.15623999367410563,0.0036974521525262524,1.6226891536540298,0
AVGO,2019-09-10,24.49730846064028,24.75796239852136,24.28458062997476,24.757122039794922,20850000.0,0.006234250682810167,0.01912103384207873,0.010605801019570179,-0.004306404089110442,23.918746185302734,23.652248287200926,23.86638622832252,0.04671326542452835,-0.2214467430114766,0.023808214357313257,0.6661690311120739,0.015751059113912003,0.10982128857756035,60.5015554914614,0.21406170570850236,0.1739609200609288,1.4478874206542969,1.103358496257312,1849082000.0,-1.0521553991212633,0.749483894623916,0.9999999953902304,-0.1525216850166793,0.002125891315361392,1.7176647492418207,0
AVGO,2019-09-11,24.915201329766703,25.12204348543541,24.766376013202247,25.057300567626953,19260000.0,0.012052018092365228,0.014194165533965304,0.005703314852746085,0.0063852046177936975,24.107426261901857,23.712409019470215,23.979806641589608,0.05671678261307329,-0.1573509597778333,0.023135253171611626,0.6448486322658135,0.014478950277259156,0.12160107761936134,58.28475083493246,0.28006585978673115,0.19197205931132608,1.886800765991211,1.0275918550273833,1868342000.0,-1.100183239810699,0.9502706215458799,0.9999999959505717,-0.037036101240131264,0.005744149920910791,1.6948493640934772,0
AVGO,2019-09-12,25.344853069858296,25.42052704624296,24.927805841084886,25.27338409423828,33109000.0,0.008586604998948396,0.019495656107068188,-0.0028198615077714233,0.011475797301280294,24.313594627380372,23.834411525726317,24.103004494222816,0.0603737401426938,-0.044176845550538246,0.02052062417451087,0.6508545044985594,0.013922141031563492,0.12907755329645776,59.836028499518406,0.3458243147083344,0.20618441138634347,2.0616836547851562,1.7386532513430193,1901451000.0,-1.3570667015705937,2.67695787327081,0.9999999962763928,-0.13590236722115362,0.001039764496839516,1.8211612687932692,0
AVGO,2019-09-13,25.02702891182209,25.055617150672646,23.870060030885842,24.410707473754883,62557000.0,-0.03472996296227937,0.048567093787666,-0.024626232701949323,-0.009747613596089603,24.37203140258789,23.925556087493895,24.132309539892535,0.020277538556849065,0.037836475372312606,0.0220888741314157,0.6515749593907729,0.014849336295780977,0.12038432416530166,64.99590453487065,0.3245859456800524,0.14795683388644915,0.5843677520751953,2.9549485716984902,1838894000.0,-1.2215784474681317,1.461401349378801,0.6393679577661183,-0.11352549020475047,-0.0013553227771573183,1.8835331055581934,0
AVGO,2019-09-16,24.11474165940534,24.406506590035328,24.02225085491514,24.271133422851562,22176000.0,-0.005734147713833621,0.01583180019933016,0.006485317802290163,-0.012124425917100114,24.422648620605468,23.98811330795288,24.14553086207911,0.011798348254711167,0.09030389785766602,0.02189821139361877,0.6443679620489614,0.01488713379933525,0.11522599736652166,59.9965571252117,0.29311310040714034,0.09318719089082966,0.5061721801757812,1.0359639636272748,1816718000.0,-1.088553702102815,1.2931179401275168,0.581020631269149,-0.09449269937637711,0.0009415984866662345,1.9697727379498395,0
AVGO,2019-09-17,24.217321133569236,24.32494641591522,23.85829060734953,24.28542709350586,21912000.0,0.0005887431447024525,0.01921546640200219,0.002812282974358158,-0.00221713128698233,24.54692134857178,24.030364418029784,24.15885431269118,0.01061418257887768,0.10923061370849396,0.021599345176922788,0.6458093774677367,0.014958151512771837,0.11344495584850821,61.89456449429699,0.2662548039018482,0.05306311550842999,1.242727279663086,1.0131639178260805,1838630000.0,-1.0191036499029338,1.3277885282664375,0.5869959358698882,-0.10080709670341574,0.001141738162557113,2.027720858820228,0
AVGO,2019-09-18,24.256839283875454,24.44770499650587,23.869220535119993,24.193777084350586,16510000.0,-0.00378100754314601,0.02391046503941531,-0.002599769852982888,-0.001177159022994903,24.586607933044434,24.061348628997802,24.162180290944455,0.00550378357172168,0.11968202590942312,0.021617694605447223,0.6514548779729635,0.01482057278722372,0.11200328502019702,60.36567191601841,0.23486662438358508,0.01733994879213349,0.3968658447265625,0.7658836190900316,1822120000.0,-0.9448389609701859,1.2052959478415273,0.5486827037681914,-0.1142879987146761,-0.001369919635190541,2.2023612813885736,0
AVGO,2019-09-19,24.25767412776544,24.5477566514049,24.1508892337947,24.43760871887207,19421000.0,0.010027831769431924,0.01624002667418584,0.007417635758677267,0.002641052829084121,24.583412170410156,24.074549198150635,24.188411569794706,0.015080636301115818,0.10574106216430579,0.020987456349811025,0.623167321515374,0.014850480145213346,0.11275330734574315,56.99976883713865,0.22704915971561945,0.007617987299334272,-0.03195762634277344,0.9008386366588117,1841541000.0,-0.9930504310751155,1.4912412155345682,0.6506137138494951,-0.1227493523430944,-0.00013972108715314222,2.1457298360879093,0
AVGO,2019-09-20,24.410465005467216,24.472409692632684,23.914057797883952,24.12110710144043,35524000.0,-0.013036016056119664,0.02314785520287792,-0.011853846448375343,-0.0011107352489808924,24.541082763671874,24.071420097351073,24.182001620427634,0.002064149263639962,0.08442382812499716,0.021210487901879894,0.627014396318171,0.014999025288992704,0.11270389595528875,53.853162010282645,0.19308891837476594,-0.02107380323321542,-0.4232940673828125,1.563535692750535,1806017000.0,-0.8727471764885838,1.1514834146777153,0.5183038533160749,-0.17250964040180575,-0.004437424869112504,2.1462588844328865,0
AVGO,2019-09-23,24.066798152848424,24.36718771973948,23.936120809176703,24.222932815551758,14850000.0,0.004212550910758019,0.017795818271355738,0.006487554416123231,-0.002251511440317036,24.50305004119873,24.138503742218017,24.185899829487074,0.0034976929059235082,0.14697248458862333,0.0169930086876663,0.5874764750216165,0.013498103197095124,0.10240888829204305,64.74908435130567,0.1724042971579145,-0.03340673956005352,-0.3803272247314453,0.6696519162867459,1820867000.0,-0.4011926176207292,0.6085576553002446,0.5290901122990045,-0.05480305706246424,0.0019574008126430676,2.405046068347494,0
AVGO,2019-09-24,24.380756222113163,24.514827501478674,23.738398172180645,23.955629348754883,20292000.0,-0.011096479329426352,0.03241114302072274,-0.01743698469854367,0.006515454084902499,24.422900772094728,24.17082347869873,24.16396930751258,-0.008903053304926167,0.18506423950195128,0.016846150582313542,0.5810757050453373,0.014100544371311936,0.09739822583780249,52.25828269197908,0.13291032253233226,-0.0583205713485086,-0.8014926910400391,0.9027553791843966,1800575000.0,-0.197958222050131,0.5845304288380158,0.4092598575436437,-0.035295545082351276,-0.00943857428186501,2.1706010246870364,0
AVGO,2019-09-25,23.059552391031776,23.522866062932536,22.911055456765634,23.400672912597656,55588000.0,-0.02343856321619997,0.026145000538684765,0.014793024410595986,-0.03740569469821428,24.2572380065918,24.182332134246828,24.09127441275878,-0.03232356651900236,0.2063642692565928,0.017666872993425457,0.5916656925231697,0.014309066173301844,0.0942695071042712,34.264459689616544,0.0561830731745907,-0.10803825656500016,-1.6566276550292969,2.264982774673166,1744987000.0,-0.16393003977940557,0.08335365386999982,0.1604768098722805,0.024327204996194545,0.005853554965313935,2.087348493190838,0
AVGO,2019-09-26,23.357404615676263,23.64591443918596,23.138477163405604,23.497417449951172,27477000.0,0.004125740465574205,0.021595448803904956,0.005994366091556091,-0.0018490193458539496,24.079641342163086,24.196617984771727,24.034716606777103,-0.02889662245242846,0.23010408401489002,0.017682690309362203,0.6038877825205494,0.01430822786778916,0.0904987588704056,34.685788909159996,0.0031463813792136364,-0.12885995868830177,-1.7759666442871094,1.0966191865453916,1772464000.0,-0.18526351882597578,0.07625111360061261,0.20384670213810288,0.0038582781244705768,-0.00019237032852180915,2.1693908086258378,0
AVGO,2019-09-27,23.473652870035988,23.8682323489145,23.162231687197487,23.262361526489258,28660000.0,-0.010053850063297759,0.03034948367600525,-0.00900121274803506,-0.0010113698650416408,23.964806747436523,24.168419075012206,23.96115898008302,-0.037489317995351656,0.2239640426635745,0.016746904318781414,0.6134766252282334,0.014715723636545884,0.0961608484382734,31.34810787326299,-0.057193338353492607,-0.1513597427368064,-1.148345947265625,1.1165805985355102,1743804000.0,-0.08084072521249523,0.4237075759589361,0.0984727931210461,0.005811662379862272,-0.004659014878511511,2.154573952204168,0
AVGO,2019-09-30,23.40238031231565,23.48129655196175,23.123204342898816,23.42613983154297,19826000.0,0.007015816403450437,0.015286010050529486,0.0010152607939912335,0.006019113135480682,23.880307388305663,24.151478004455566,23.91020477546016,-0.030032868898477137,0.22617622375488367,0.016838990526509758,0.6052416566936858,0.014584200795261472,0.09905577334830737,31.536977839218565,-0.09075133559445092,-0.1479341919822118,-0.8449935913085938,0.767766657178982,1763630000.0,-0.16816943456150474,0.35861145758216456,0.17189344962491762,-0.018170246067900908,0.0033564982489087585,2.1687946684804777,0
AVGO,2019-10-01,23.612818741108306,23.729920137424106,23.197873685225183,23.322612762451172,19429000.0,-0.004429090941972883,0.022812472058335583,-0.012290187872784691,0.007968829303835063,23.784025955200196,24.165473651885986,23.854243631364064,-0.034878724134597944,0.27173780441284023,0.01535524020809713,0.6171791571621456,0.014094393453730949,0.09493637979388715,24.548292744685625,-0.12426758013421235,-0.1451603492175786,-0.9628143310546875,0.7564661130124316,1744201000.0,-0.07746662664315182,1.0456210317011345,0.02996049702701719,0.2248352559613802,-0.015757513159948906,1.3596969172495519,0
AVGO,2019-10-02,23.20466536097424,23.233515048294855,22.768506643560023,22.917003631591797,19543000.0,-0.01754424306807946,0.020290977477129397,-0.012396719572705694,-0.00505721218622748,23.656348609924315,24.121478271484374,23.7649826790048,-0.0499336991637503,0.27520645141601463,0.013873821865723772,0.6215637938573652,0.01404995422134762,0.10511456118154795,17.24818547152742,-0.18146687526800065,-0.16188771548109349,-1.276773452758789,0.7613819649521966,1724658000.0,-0.3446072326123577,0.9238217082234862,0.0,-0.01770027046672022,-0.01827688479223569,1.001232885327059,0
AVGO,2019-10-03,22.911058396017356,23.292910016682473,22.675159453893922,23.286970138549805,17096000.0,0.01601483093303796,0.026527734559191732,0.01640743678754356,-0.0002594246468698376,23.54128475189209,24.062348461151124,23.719457675151943,-0.03222371762801697,0.26116956710815487,0.012707334222481102,0.5654514009599446,0.014296972228039283,0.10880430714074828,31.902163192287475,-0.19470014155260174,-0.14009678541255566,-1.1506385803222656,0.6710708636072804,1741754000.0,-0.8988344561280287,0.5972551299760768,0.1570062692560396,-0.18513935239679627,0.009939092876376098,0.8379686622163265,0
AVGO,2019-10-04,23.631483686141063,23.903869977095844,23.35230780725457,23.880958557128906,25884000.0,0.02518744567456439,0.023096316183910514,0.01055688564440756,0.014794262436955793,23.517269897460938,24.029176330566408,23.734838711530703,-0.006168241946240912,0.2555266571044932,0.014126707138023255,0.5817687737961086,0.014520012130014998,0.10746194505576165,44.51852438925531,-0.1554655886803502,-0.0806897860322433,-0.24014854431152344,0.9923895332119232,1767638000.0,-0.4723458987524524,0.400445060791445,0.40908288654016806,-0.00861177337110869,0.013068109429856645,1.0318083894256644,0
AVGO,2019-10-07,23.76046385285045,23.846168038704583,23.39473568883543,23.42698097229004,18658000.0,-0.019193037166589055,0.01926976208374529,-0.014035200763980531,-0.005045639352800889,23.437674713134765,23.970362377166747,23.705518926841116,-0.022668885688921572,0.23421270370483427,0.014635728441938143,0.583166420919522,0.014413776150504976,0.10747966559558197,39.26597744020555,-0.15916931512165533,-0.06751480997883874,-0.7959518432617188,0.7195221182286904,1748980000.0,-0.28550789384667635,-0.11145371252873358,0.21642402261358049,-0.13705306920951227,-0.004710641835357758,1.0818990595042806,0
AVGO,2019-10-08,23.255569601014837,23.32684812835384,22.818562956833432,22.939058303833008,22757000.0,-0.021047330676461546,0.022158066149293346,-0.01361012877671748,-0.007316835723644925,23.336017608642578,23.879459190368653,23.63252267703082,-0.03938116347798727,0.19194694519043054,0.015045400099505977,0.5853045319245742,0.014484071385182045,0.10978390592048008,35.72557432287063,-0.19917980579877437,-0.08602024052476621,-1.016571044921875,0.8743797175565623,1726223000.0,-0.08130528692673657,-0.4159413451131053,0.009359554833027887,-0.09339169876006381,-0.015149992040179862,1.0967492752007562,0
AVGO,2019-10-09,23.223327394578135,23.327699306492622,23.082466504201136,23.178354263305664,16329000.0,0.010377776800326347,0.010580250840928729,-0.001936549853041517,0.012392360967042272,23.313785743713378,23.785511875152586,23.58926854239033,-0.025526363055735742,0.13818521499633718,0.01495618001459837,0.5847169308566753,0.014426918104227736,0.1027221288556895,35.65917391338196,-0.2091680646243539,-0.07680679948027658,-0.2223186492919922,0.6309529789527778,1742552000.0,-0.08383760110762128,-0.3763051179099308,0.11091189845939463,-0.2062414096359074,0.00868767356278517,1.0761691561439644,0
AVGO,2019-10-10,23.297997726145613,23.656089796491443,23.220779318569573,23.288663864135742,17340000.0,0.004747875482218501,0.018691947304255774,-0.00040062936375816975,0.005161861859595464,23.292910385131837,23.68627586364746,23.560639525413702,-0.016786598350570038,0.060835227966308025,0.014811727288851963,0.5789586193164643,0.014403055110914314,0.08597987950663691,40.05268450764403,-0.20581031560810104,-0.05875924037121896,-0.2087535858154297,0.6910720584103347,1759892000.0,-0.06597783469478961,-0.2843245470678162,0.24441601123703324,-0.08648159151261173,0.0076756072269881966,1.0527836108100939,0
AVGO,2019-10-11,23.71633669473122,24.105825954626184,23.682395231150416,23.83683204650879,23697000.0,0.02326523667055423,0.01776371635593026,0.005080689875411188,0.01836399172964522,23.350357437133788,23.657582092285157,23.586943575041808,0.007576850138303771,0.03524436950683807,0.0142341426820145,0.6065368464541547,0.013066709340657809,0.08142596786923478,45.83098754659249,-0.15710566789201152,-0.008043674124103561,0.5744705200195312,1.0236970509904546,1783589000.0,0.2191788996784581,-0.7298763677294687,0.6049094643719007,-0.06665810640051367,0.013161174891991234,1.141384659422575,0
AVGO,2019-10-14,23.795262430714445,23.98449049541258,23.749441193760827,23.900484085083008,13312000.0,0.0026667639262009783,0.00983449961585124,0.0044219581368653265,-0.0017439236771579626,23.397791862487793,23.63904962539673,23.616804575998113,0.01105943190266034,0.007089824676516088,0.01421425412086963,0.5678668444794207,0.01295941822517875,0.07843377053578028,49.37716291685751,-0.11207872238326289,0.029586617107716068,0.47434425354003906,0.5862961209411918,1796901000.0,0.12481708683589099,-0.7399432308040533,0.646769141607013,-0.036752548373372794,-0.0008625849124220494,1.1460608740228966,0
AVGO,2019-10-15,23.983639951259157,24.660789426690215,23.94630287354377,24.635332107543945,21230000.0,0.030282963692930334,0.029002513533707336,0.0271723623827521,0.003479254473680269,23.52906379699707,23.656544876098632,23.713807198050098,0.041374902216615786,-0.018013343811034588,0.015859524416227563,0.5475619480235606,0.013295415721097869,0.08365668128359124,63.40026959089771,-0.016903595507635316,0.09980939518667492,1.3127193450927734,0.9364324262333401,1818131000.0,0.22660744993754114,-0.8012103845973171,0.999999994180391,-0.00689200866059578,0.008786864481636708,1.257310800722532,0
AVGO,2019-10-16,24.523319684816787,24.616661559169156,24.314574223508064,24.47919464111328,20046000.0,-0.006358118575637443,0.012340574923585302,-0.001799309565451373,-0.004546820080938028,23.685282897949218,23.67081575393677,23.786701240246593,0.03415086726364976,-0.045269756317136256,0.015909025597628274,0.5342277057560979,0.013006780783548747,0.08698978509443177,60.520008386762555,0.045401034728175915,0.1296912203379889,1.5621910095214844,0.8773653653828895,1798085000.0,0.24742355079145345,-0.8233356842477524,0.9091340929821423,-0.04344582628678553,-0.0042004757164402365,1.2601008563590543,0
AVGO,2019-10-17,24.620057520967855,24.753280754433497,24.4656206648541,24.559810638427734,13125000.0,0.003287834631861393,0.011712634665520616,-0.0024470650592241703,0.005754391920148857,23.81256694793701,23.67692584991455,23.860330706740037,0.03728882684081567,-0.0762284851074213,0.015770397563387408,0.5043462363176968,0.012917021960569746,0.08869128153012942,64.37840560740264,0.1001287187758706,0.1475351235085469,1.2728404998779297,0.5824751532741758,1811210000.0,0.3137091430576457,-0.7059975270998334,0.9560494517005208,-0.020768047843112515,0.0034633095049021794,1.2559703902495798,0
AVGO,2019-10-18,24.565750811538148,24.603086269927086,24.099043015215283,24.330699920654297,16981000.0,-0.00937246890253481,0.02071634832324564,-0.009568235572827242,0.00024186559081687263,23.85754108428955,23.687405490875243,23.905127774731874,0.027157656829714195,-0.09667158126831055,0.01562954656570344,0.5147713110069017,0.012844078095710218,0.09056083319000455,59.88130167955836,0.12358882743785315,0.13679618573642355,0.4497413635253906,0.7859390909932422,1794229000.0,0.30585883422824506,-0.6484921235406863,0.8227159711428239,-0.016368801613612514,-0.003306520698357164,1.2464455788324766,0
AVGO,2019-10-21,24.475792333748327,24.769393797502275,24.35869098479502,24.571680068969727,13031000.0,0.009855638885859419,0.0167144782687759,0.00391765602006717,0.00596334727595984,23.972010993957518,23.704842853546143,23.96860894561167,0.03656793763255126,-0.1069888114929185,0.01575102438898293,0.5081032699104056,0.012816656184291609,0.09445705701134557,63.246847885957195,0.1597843223812312,0.13839334454384128,1.1446990966796875,0.6056690549173714,1807260000.0,0.25021128543752286,-0.7528473787107319,0.9629569962352407,-0.026858258983259033,0.009736847840336542,1.2305109028774044,0
AVGO,2019-10-22,24.573385231047393,24.681152758817483,24.37397524690728,24.392642974853516,13046000.0,-0.007312993661203632,0.01259303930701337,-0.007355203787387227,6.9395420780348e-05,24.11736946105957,23.726693534851073,24.0089931388728,0.028067519763914195,-0.10946334838867244,0.015624158726219695,0.49046551226890955,0.012182590262826344,0.0974935471520735,66.4397920634838,0.17203955082752387,0.12051885839210716,1.4535846710205078,0.616751958965146,1794214000.0,0.2337865648794088,-0.695062630774332,0.8587644069952362,-0.11781961687240135,-2.390160260944508e-05,1.2355501388357195,0
AVGO,2019-10-23,24.01079098051619,24.060007811730767,23.65439664165991,23.786771774291992,20957000.0,-0.025151951053445067,0.0170519637447696,-0.009329938622708521,-0.015654391971012635,24.178211212158203,23.745998477935792,23.987829199388916,0.00171705967120796,-0.08881212234496871,0.015764249183920928,0.49907235301212766,0.01187872276681807,0.09656638224360813,55.29011921615104,0.13134905511156347,0.0638626901409174,0.6084175109863281,1.0790785327374204,1773257000.0,0.1983843149260742,-0.6671390880713755,0.5061710550752148,-0.045514465301830065,0.00015675744083592564,1.3391094139129271,0
AVGO,2019-10-24,24.004844548037166,24.05660725862142,23.649300016416056,23.955629348754883,16896000.0,0.0070737237588433316,0.017002569045697278,-0.0020502194531314055,0.00916781713022783,24.244907760620116,23.768909072875978,23.98476254694758,0.0078556519034113,-0.0883474349975586,0.015809772891193025,0.4841014532735079,0.011742054776836196,0.09625408000012924,50.868508917262524,0.1114423016717474,0.03516474936088107,0.6669654846191406,0.8943397125261016,1790153000.0,0.16840173185488228,-0.7070554136343172,0.604439561849881,-0.06944766086599308,0.0019402481070569734,1.344593186726836,0
AVGO,2019-10-25,24.036249088488166,24.724428564005535,24.032855103205673,24.59290313720703,20869000.0,0.026254568844530663,0.02812085489298578,0.023158939917704457,0.0033653776554809383,24.32051486968994,23.835436153411866,24.04268069840086,0.03177902760419801,-0.061922092437743714,0.01655968507937454,0.5042854780561632,0.011667583565450819,0.09852950083380665,63.00648213490869,0.1454125001732436,0.0553079582899018,0.7560710906982422,1.1278955390053282,1811022000.0,0.008077642439953561,-0.8987025806898119,0.9753079922239644,-0.02569910801335802,0.005946520902378663,1.3838147978877093,0
AVGO,2019-10-28,24.70660341929299,24.818613001121765,24.465614333006265,24.73969841003418,12999000.0,0.00595126555193764,0.014268511366720714,0.0013395200532482765,0.004623296462870165,24.404436302185058,23.901114082336427,24.109063337604034,0.03508557485889887,-0.030638351440426703,0.016547363918233856,0.4860412389603699,0.011643640870162845,0.10240129773870135,71.74185359637862,0.1820803697640656,0.07358066230457905,0.8392143249511719,0.7157546975015482,1824021000.0,0.01834909880260809,-0.8908173832097022,0.999999994513618,-0.003241510366545757,0.0026888488385636857,1.383223598116167,0
AVGO,2019-10-29,24.801649932018048,24.92214531770594,24.444405852160088,24.452043533325195,13272000.0,-0.011695383988109164,0.019537813463294904,-0.014096094393323495,0.0025041340826831293,24.386107444763184,23.957585620880128,24.141728118148908,0.020638887409745336,0.0056004142761238995,0.016790979115239434,0.4924054148808154,0.011535048554958403,0.10147602840194596,65.20164997463039,0.18578693987964456,0.0618297859361264,-0.18328857421875,0.7433878140858319,1810749000.0,0.05631625219283982,-1.0015323260905673,0.8421815388220838,-0.04272189495954782,0.0005158510817039307,1.6098244806844848,0
AVGO,2019-10-30,24.609022602447894,24.690484715366566,24.31287677924582,24.6285400390625,17281000.0,0.00719214213408403,0.01533212831002219,0.0007931008444331234,0.006419875251275209,24.401041984558105,24.043162441253664,24.18809115823592,0.024346946829297555,0.07008829116821502,0.01614584593147878,0.48525344366188455,0.011400417434662066,0.09533763321837092,65.7428779410632,0.20065321105602862,0.06135684569000838,0.14934539794921875,0.9741097952120308,1828030000.0,-0.08038932570332083,-0.7544989176803547,0.9382672972952577,-0.001515210312942643,0.001498515441533846,1.8948454326229487,0
AVGO,2019-10-31,24.591207133568318,24.95439109977838,24.42149652756425,24.850017547607422,27881000.0,0.008952524026088687,0.021444434434654647,0.010524510347463531,-0.0015158391620034941,24.430062675476073,24.121314811706544,24.25113176674749,0.030209909421899567,0.13471225738525305,0.015934298229838807,0.4649486209278622,0.011195689686901402,0.09470097207157346,62.894308785901735,0.22768164971283866,0.07070822747745473,0.2902069091796875,1.5252563657201617,1855911000.0,-0.034360645399367354,-0.637342753016257,0.9999999947670261,-0.0607357492781382,-0.004279945642247927,1.7660867297573382,0
AVGO,2019-11-01,24.86189801387598,25.16737937927246,24.78552767252686,25.16737937927246,21234000.0,0.012690228208532474,0.015172485813455946,0.012287129691510848,0.000478086836188231,24.513730621337892,24.18563585281372,24.338393444130823,0.040592008083947265,0.1793594932556175,0.015242668410283506,0.47543450700599416,0.010942165650855576,0.10145769694497478,65.14512442213264,0.2715797275430134,0.09168504424610355,0.8366794586181641,1.1765911880335005,1877145000.0,-0.06525393358951466,-0.41229690096743415,0.9999999955123164,0.07061594004141515,0.012108735241129154,1.639890904597696,0
AVGO,2019-11-04,25.41600202047266,25.920045218890397,25.380362749538676,25.881011962890625,34075000.0,0.02796088409713436,0.020852448502284914,0.018295951576508297,0.009878765581964493,24.64466381072998,24.30833740234375,24.48530949353652,0.06469691998549737,0.2420660018920877,0.015365104096874612,0.47488882829247486,0.01100578642593849,0.11417923822823774,64.96742490509567,0.35980583818242806,0.14392892390841455,1.3093318939208984,1.8107759101706344,1911220000.0,-0.14490738539198064,-0.3284915550372895,0.9999999966008982,-0.015073793199640638,0.007005096883848733,1.6362246960432438,0
AVGO,2019-11-05,25.88101372994654,26.880614423118683,25.836040592387178,26.648109436035156,38711000.0,0.0292086366197737,0.0391987969295481,0.029639322238163575,6.827615238674789e-08,24.870210456848145,24.493789958953858,24.69129044044115,0.08795370090998253,0.36074106216430835,0.015022302999717563,0.5265899673421622,0.011861886508696906,0.13010485566713761,72.72417493805946,0.48602146872703145,0.2161156435624143,2.2554664611816406,1.9734802911968015,1949931000.0,-0.16492343771297704,-0.2494460540176864,0.9999999971179523,0.13858765516738064,-0.001495952525073717,1.4662225531511068,0
AVGO,2019-11-06,26.480092958086225,26.66847288460615,26.19582688503779,26.573434829711914,18076000.0,-0.002806181457397297,0.01778640971403622,0.0035249827762381734,-0.006305005552166108,25.148876762390138,24.66354398727417,24.870542287038365,0.07743781034261847,0.462436389923095,0.015182935157279628,0.5398032466270882,0.012019017092438215,0.13960318744201014,71.1234610000361,0.5734127039059658,0.2428055029930789,2.786663055419922,0.9174260707152985,1931855000.0,-0.03370421573866492,-0.3933691761797179,0.9777717440265778,0.0779785599352124,-2.769219898028739e-05,1.5491227671617425,0
AVGO,2019-11-07,26.778790695931484,27.111425561162573,26.360451625200316,26.452943801879883,23981000.0,-0.004544577182840067,0.028389049676391727,-0.012168095924489458,0.007727863090922676,25.398608207702637,24.821757984161376,25.02124719321375,0.06571596653638301,0.5558255195617683,0.015394791606906428,0.557441152430692,0.01234770288630757,0.14265304764908038,72.7820919925827,0.625735182764334,0.2361023854811577,2.497314453125,1.196955328175692,1907874000.0,0.04410114928901696,-0.5414485264586097,0.9317921662715272,0.11445894384895021,0.0036462208204555875,1.6191436079257868,0
AVGO,2019-11-08,26.294255065527018,26.61076799616633,25.892039574531744,26.59464454650879,17830000.0,0.0053424137107261314,0.027025306546489835,0.011424148739674844,-0.005998906493786426,25.598782348632813,24.959648609161377,25.171094560194227,0.0655055670972962,0.6383500480651847,0.014863517012878105,0.5774436199154499,0.012661823815667578,0.15016326177952105,72.18930406267054,0.6709014557119204,0.22501492674299517,2.001741409301758,0.9031666552694425,1925704000.0,0.16506181435674733,-0.19491629865540158,0.9813147186176752,0.13013059639116595,0.002854263270145778,1.6093024983424598,0
AVGO,2019-11-11,26.40711936788628,26.580223941451553,26.376570264289928,26.538644790649414,9154000.0,-0.002107897978573395,0.00767385368361545,0.004980680432462247,-0.007051238391043854,25.778676986694336,25.0915566444397,25.301337439285195,0.05767231448167914,0.7147844123840343,0.014951055150530948,0.5710791035089253,0.012634852498417184,0.15388763371535463,74.19183147393903,0.6941753191696911,0.19863103216061267,1.7989463806152344,0.4686248160235487,1916550000.0,0.20787682348458947,-0.2532759475983817,0.961743538182596,0.16182168660986132,-0.002747951383389999,1.6203893002149166,0
AVGO,2019-11-12,26.644714522749133,26.84836819996749,26.581921750693088,26.77454376220703,16875000.0,0.008849611794265615,0.009951484198620865,0.00487260763474588,0.0039968028863739,26.01092700958252,25.19851722717285,25.44164280337299,0.06254441561780576,0.7471081161498994,0.013747742696695101,0.5404703232321018,0.012076638262319306,0.16327200081615137,86.74623090923626,0.7233171493059345,0.1822182898374849,2.322500228881836,0.8736280803478976,1933425000.0,0.16547955664527095,0.22977022993221716,0.9999999966530244,0.24787379971550164,-2.9928677050152246e-05,1.303344483531506,0
AVGO,2019-11-13,26.515734915486284,26.789819061209666,26.475005472472738,26.616714477539062,12625000.0,-0.0059121942281234125,0.01182766523961146,0.0038082882611607015,-0.009666228079152649,26.209744453430176,25.30539321899414,25.553554391388804,0.05181983329318314,0.7975880432128903,0.01373010427090569,0.5338636336986422,0.012067129346338407,0.16762193967939046,82.81737429048238,0.7253157667405219,0.14737352581765784,1.9881744384765625,0.6664045035748309,1920800000.0,0.16397402976373898,0.24381631960096573,0.9471749200480803,0.23025472658052812,-0.0006656081111901519,1.3061333033481688,0
AVGO,2019-11-14,26.368936183618388,26.461428356036887,25.97520474042369,26.217891693115234,17268000.0,-0.015097315512408834,0.01854548874940333,-0.005728122264549604,-0.00930912393901082,26.346531867980957,25.388297271728515,25.616824610600844,0.03267625284913309,0.8455255889892577,0.014391800162651572,0.5247715281175509,0.012221052846989112,0.16761832932503828,71.29214872737907,0.6868010053834936,0.08708701156850363,1.3678741455078125,0.9016243649521457,1903532000.0,0.2140351386527678,-0.13939459093086493,0.8136899069004442,0.271065955645992,0.0007154062169103021,1.3784705067149476,0
AVGO,2019-11-15,26.497914585475748,26.564951055019332,26.312080538383242,26.552223205566406,18120000.0,0.01267141398379027,0.009523515774296562,0.0020495431780103656,0.010680602988151282,26.48501625061035,25.49937343597412,25.705910191073755,0.04128924076597304,0.9164453124999987,0.014212212516033787,0.5243472919595936,0.011969828202429972,0.16684724927151642,72.63692288670335,0.6754691505513399,0.06060412538907989,1.3848438262939453,0.9433053690838428,1921652000.0,0.021300354384642502,-0.054511335707164744,0.925589848624404,0.23982902773566264,0.008566125962055068,1.2870488176450177,0
AVGO,2019-11-18,26.459732333953827,26.59465337960462,26.13812912894386,26.39609146118164,15850000.0,-0.00589753225954639,0.01729514580441492,-0.0024051971480629386,-0.0034833569639919795,26.53652420043945,25.590594005584716,25.771641740607837,0.03147630942471969,0.9718092536926264,0.014332533857923928,0.5228319194678013,0.011985073336495658,0.16538809809562519,75.10426991294278,0.646438308603134,0.025258626752699187,0.5150794982910156,0.8191214470284233,1905802000.0,0.17928668696070568,-0.12807877104210955,0.8733329346116483,0.23404723939615385,0.0003528444990921927,1.4349550647230047,0
AVGO,2019-11-19,26.869582927949228,27.634982409401633,26.869582927949228,26.958681106567383,31743000.0,0.02108941598905212,0.028391577397383558,0.003315949444541512,0.01793793855669536,26.567581367492675,25.71889591217041,25.884693108794462,0.04820522615546039,1.056079978942872,0.014604479649352213,0.5843521346177474,0.012451521305294849,0.16497775117584165,77.36166332949261,0.6612054747018021,0.03202063428109381,0.31057167053222656,1.5648624466042382,1937545000.0,-0.030379672449073865,-0.3091699641633394,0.9999999968473248,0.11044712753755699,-0.0020633487857088712,1.0874882858971044,0
AVGO,2019-11-20,26.805936867338797,26.88485308007468,26.220431623114752,26.446996688842773,19927000.0,-0.019162759346150474,0.025122756452304513,-0.013390323947209792,-0.005665864684729539,26.55493755340576,25.851907157897948,25.938245830703824,0.023019173288839144,1.1612973022460906,0.014019161309586975,0.5990203425633547,0.012693313261822882,0.1498552914623928,67.55598550920013,0.6244219564170095,-0.0038103072029590512,-0.12643814086914062,0.9848591557997064,1917618000.0,0.169463239376377,-0.6310881054775177,0.8296118524465752,0.004660321846261689,-0.0006823023483722732,1.1096315820081315,0
AVGO,2019-11-21,26.402025382840506,26.788967175384226,26.288317987106282,26.750782012939453,19317000.0,0.011421101921517542,0.018715310372931324,0.013209464990270033,-0.0017004314906289338,26.58472137451172,25.991664791107176,26.015630229011983,0.029206179274824304,1.2715069770812981,0.014081217688783695,0.6075058769585221,0.012738915001376565,0.13510609800896334,67.45885023657422,0.6127206279860076,-0.012409308507168815,0.2978382110595703,0.9490331328852725,1936935000.0,0.11989825106337348,-0.69075013949054,0.9170605655090257,-0.04895751574526764,-0.0008188325495002596,1.0379158008686433,0
AVGO,2019-11-22,26.86873512361451,27.10972588730007,26.620108297503208,26.7227840423584,13216000.0,-0.001047170600538187,0.018322102548804238,-0.005432004168797555,0.004409333178297453,26.59753532409668,26.098158836364746,26.08297821123545,0.02393368856671885,1.331759490966796,0.013246007408986248,0.5887167162570167,0.01239983275768888,0.126753507721103,60.93484277642949,0.5943368929240762,-0.024634434855280163,0.12813949584960938,0.6617347002641227,1923719000.0,0.2535695940303472,-0.3101594381871358,0.9058910327579683,-0.07313494359869861,0.0012110877480076044,0.7897321244180998,0
AVGO,2019-11-25,26.866186621565312,27.169123657933774,26.837336939597563,27.12160301208496,19636000.0,0.014814032997860048,0.012233300445627758,0.009506983407148598,0.00536630386188825,26.655831146240235,26.217254066467284,26.1818948589354,0.03449441894181529,1.393845329284666,0.013457053900747964,0.5459857008887218,0.012360327346994805,0.12081234782298209,56.80158726537744,0.604975230356029,-0.011196877938661975,0.5829582214355469,0.967119131582576,1943355000.0,0.1599791456750013,-0.5147918263245503,0.9999999962540637,-0.08321393140963632,0.007092396694029026,0.8911437284066765,0
AVGO,2019-11-26,27.06899083321606,27.169122288156476,26.818666242103518,26.83733558654785,30793000.0,-0.01053653251258689,0.013058526051969116,-0.008557956519692874,-0.0019398624353235549,26.662110328674316,26.336518669128417,26.24431778537468,0.019016063722056414,1.4620717620849604,0.01338615931930434,0.537257847066193,0.012209071505820908,0.10393319267607795,53.57555024510854,0.5837392017444216,-0.02594632524021545,0.06279182434082031,1.4538956026185506,1912562000.0,0.1690581109428604,-0.49425791464154234,0.8859766329719925,-0.11949885332593677,0.0012288803061168267,0.8568142370540784,0
AVGO,2019-11-27,26.979045690717772,27.148756269974967,26.854306626526242,27.021472930908203,20182000.0,0.006837806735158738,0.010896876128575284,0.0015725997376290564,0.005280334320555738,26.70258617401123,26.456165313720703,26.31833256113978,0.02136770806616645,1.5251644897460928,0.013382933334126303,0.5058611861708258,0.01212116136409515,0.08610960877640421,57.57231738751558,0.5751380079179818,-0.027638015253324322,0.4047584533691406,0.9464142520176129,1932744000.0,0.17348697800434443,-0.49023154113600476,0.9559206147856762,-0.12882016020786216,0.0036316982809930427,0.8615056795139199,0
AVGO,2019-11-29,26.886549958676746,26.966314265017555,26.729567239180888,26.832242965698242,9229000.0,-0.007027583551085676,0.008823229055099392,-0.0020198572535997327,-0.004993176078019324,26.76402130126953,26.555276584625243,26.367276409192964,0.010429805921473866,1.5763830757141122,0.013591223029953296,0.4753738483203063,0.011828859011019053,0.06490998316457057,53.12503880931113,0.5467496336734747,-0.04482111159826507,0.6143512725830078,0.4525772235326423,1923515000.0,0.3225821055694368,-0.5681786114579782,0.8519309407339508,-0.14710829348899937,-0.004537750212812698,1.1540747024253326,0
AVGO,2019-12-02,26.960373907658646,26.978193541146776,26.352806948974727,26.366384506225586,23158000.0,-0.017514375471227812,0.023719087908590303,-0.022031942258931562,0.004775260201847581,26.74543743133545,26.615226840972902,26.367191466053214,-0.009349622910999897,1.5914277839660649,0.014215626343009363,0.504467584745534,0.01206759434318154,0.043143828792518886,47.954824042676414,0.48111476667299513,-0.08836478287899574,-0.1858386993408203,1.1303036367097312,1900357000.0,0.4259882904807742,-0.573500520401618,0.39124298030180177,-0.15703666464771043,-0.008826008996509045,1.5409184042975368,0
AVGO,2019-12-03,25.9505900097692,26.220430390363187,25.722327153194566,26.00998878479004,18736000.0,-0.013609236368784913,0.019150459506095376,0.0022889180930217145,-0.01576987153313374,26.70682716369629,26.62167568206787,26.33317216307577,-0.022977024600299222,1.5621355056762702,0.013246067858350656,0.5283485807250301,0.012011526131209363,0.04067217220395793,41.17525194371463,0.39577822054188516,-0.13896106320808455,-0.38610267639160156,0.9500363818906915,1881621000.0,0.517369803629389,-0.3169671339578223,0.0,-0.3719550597715404,-0.007850704991065743,1.2663639696725884,0
AVGO,2019-12-04,26.284078181113287,26.421543482992824,26.061755157031282,26.281532287597656,14439000.0,0.010385849869765512,0.013689777364862007,-9.686067348907865e-05,0.010537851384370005,26.639112281799317,26.603346824645996,26.3282540796969,-0.012096768840724777,1.497288589477538,0.011604237861449823,0.5352586599725913,0.01092415741834523,0.042253319950723296,46.23017464028673,0.34607040005866807,-0.15093510695304135,-0.6771488189697266,0.7801596628439433,1896060000.0,0.14245943291341778,-0.9644328524287575,0.2442785398902498,-0.44977934145241544,0.007770756318979722,1.4248272554937997,0
AVGO,2019-12-05,26.35535605994625,26.514036597616602,26.22552682339697,26.406269073486328,15494000.0,0.004734948724882777,0.010925806038993173,0.001931790009019698,0.0028089599777038395,26.63503952026367,26.594988536834716,26.335684079105416,-0.007096053567236786,1.4288183784484865,0.011652467358651957,0.5100443769086098,0.010757761282134291,0.04277825607438623,52.257902878484664,0.3131322170722406,-0.14709863195157508,-0.04072761535644531,0.8430434226670616,1911554000.0,0.03881004468056801,-1.018467528991576,0.3564908359401951,-0.4191903310126842,0.00017178533103158323,1.4188871930453928,0
AVGO,2019-12-06,26.699022702021747,26.84327758999099,26.480093667353614,26.818668365478516,16937000.0,0.015496778951721003,0.013542205658855553,0.004481275016965176,0.011086519936637432,26.64182815551758,26.613274765014648,26.38168258256952,0.007717712389784427,1.3806795883178715,0.012124304901026083,0.5164693165229358,0.010239431479490186,0.04306984478884234,53.13495952870643,0.3166554392552179,-0.11486032781487826,0.0678863525390625,0.9395638076271251,1928491000.0,-0.10954511062470908,-1.189658247930435,0.7274822088068724,-0.3652917190131488,0.010409608719825457,1.5064537213223992,0
AVGO,2019-12-09,26.81442499519745,26.912008941396422,26.639621012558106,26.676958084106445,24694000.0,-0.0052980261098007535,0.010210606766987177,-0.005126602978223778,-0.00015822449583399379,26.63724555969238,26.617390441894532,26.40980405890637,0.00223792194503701,1.3165033340454109,0.012145268889929709,0.503316722107047,0.009653635329457858,0.04310966417167804,53.315893593478215,0.30450266565088313,-0.10161048113537041,-0.045825958251953125,1.344282553015435,1903797000.0,0.026767221200429448,-1.2129195145595166,0.6000006809371703,-0.37641342393719346,-0.0014728733681258488,1.5106097623221135,0
AVGO,2019-12-10,26.738055087307806,26.80678773468122,26.581072355617565,26.734661102294922,14563000.0,0.0021606924304773097,0.008442799335124198,-0.00012693462559385267,0.002290253746650425,26.59855136871338,26.627191257476806,26.440742824943374,0.004036093921381134,1.260133724212647,0.012139669703046876,0.43094703859588,0.009665156800902006,0.04317131776853804,46.99726524830086,0.29611423575197193,-0.08799912882742533,-0.38694190979003906,0.7812726326575496,1918360000.0,-0.031155845732540703,-1.2085149695516946,0.6519098921118085,-0.37567938078760105,-0.000808980171866543,1.5174869829467725,0
AVGO,2019-12-11,26.744843181727614,27.268402193171834,26.744843181727614,27.130088806152344,20829000.0,0.014682507882507453,0.019298094266927385,0.014404482451551237,0.0003808568731704572,26.627826690673828,26.644968509674072,26.50639482315375,0.01820682565716184,1.2017614555358875,0.012424306469155147,0.416339296269043,0.009919646021975134,0.04613032511071245,59.45060496970185,0.3177116731958485,-0.053121353106839075,0.2927532196044922,1.1057023643949924,1939189000.0,-0.03649712802263119,-1.3020377739671016,0.999999991072226,-0.339670242389743,0.0026614022500430867,1.5788311083576398,0
AVGO,2019-12-12,27.130934232736042,28.015979267971584,27.105478538273783,27.815719604492188,38935000.0,0.024957914265424878,0.032733315632913706,0.02524002180055735,3.116195415867599e-05,26.707251358032227,26.704918766021727,26.63109242137646,0.041595364801028545,1.163737392425535,0.013460592950009427,0.4456144063704614,0.01075010816252145,0.06042469327131121,63.32551878866942,0.3857062913092335,0.01189861200523673,0.7942466735839844,1.9319416671215126,1978124000.0,-0.05513145684416272,-1.2008840903534364,0.9999999944620761,-0.24395434478677225,0.010029719260551824,1.720827061327102,0
AVGO,2019-12-13,26.989226475613332,27.13432944348874,26.357899975895993,26.765207290649414,70952000.0,-0.038498505631449666,0.029008909173436754,-0.008300318835863343,-0.02971316725328861,26.700547790527345,26.732284545898438,26.643865266069124,0.0012315724337788483,1.121538429260255,0.01576611895332697,0.5147716948561281,0.011160721844581003,0.05788603812312369,50.42267801829798,0.3507813626150593,-0.018421053351149963,-0.06703567504882812,3.106819923371646,1907172000.0,-0.6752882258585486,0.32548422060929944,0.418234264729227,-0.38661502525073416,-0.001737248111884289,1.8901837894893179,0
AVGO,2019-12-16,26.981595874395673,27.798754944029934,26.944258796514255,27.419450759887695,37921000.0,0.024149834639275395,0.031163868112708326,0.016227909103969946,0.008084696725732267,26.805854415893556,26.7756459236145,26.717730551194705,0.024044418493932688,1.0941299629211407,0.016421976871805716,0.5567151261279241,0.011852861337042891,0.06174411554424455,52.82384448782884,0.37161138055612497,0.001927171671932515,1.0530662536621094,1.5914770926931212,1945093000.0,-0.5700423626304388,0.10827413453895465,0.7805493221435136,-0.47775321006890015,0.007222174435920468,2.0558425185991314,0
AVGO,2019-12-17,27.47120749944801,27.573881608863974,27.302343403294206,27.476299285888672,20248000.0,0.002071145626946813,0.009882633852747395,0.00018534993188453462,0.001887592133538653,26.952485466003417,26.829656314849853,26.78997519259413,0.024101798517631137,1.0671539878845202,0.01632382160426771,0.551078137521982,0.011698283601455249,0.06430024490470088,56.330913431248526,0.3882312328056834,0.014837619137192726,1.4663105010986328,0.8420019586276296,1965341000.0,-0.6556672947980112,0.26741103328640853,0.8120316034812883,-0.4415967395148882,-0.00029181017340454895,2.038829599637735,0
AVGO,2019-12-18,27.527214924634702,28.104234509770546,27.455088285740533,27.78517723083496,35155000.0,0.011178896441320028,0.023363040602670096,0.009371173466433437,0.0018530748342874348,27.10284996032715,26.87098112106323,26.884756339093258,0.03402168701294298,1.011556415557859,0.01584948193805851,0.5752013904221889,0.011509606401976987,0.07160582302167756,57.38432357721056,0.4214680330789129,0.03845953552833781,1.5036449432373047,1.4516032463389903,2000496000.0,-0.7028878474850947,0.47830079980707774,0.9830858602207814,-0.3853578635916994,6.693867931621675e-05,2.172798353526994,0
AVGO,2019-12-19,27.935372964243566,27.9396134226727,27.468663577745186,27.501758575439453,31787000.0,-0.010252734537425198,0.017124353828662207,-0.01552205475129706,0.005405606455586087,27.21239891052246,26.923719215393067,26.943518456840515,0.021469521176004872,0.9778264236450198,0.015362661599963684,0.5879902585079174,0.011242320545410484,0.07277426479588656,56.35780134927348,0.42009631111807977,0.02967025085400371,1.095489501953125,1.281163030182116,1968709000.0,-0.7526118107522285,0.9031510278022848,0.8261307644038389,-0.3792640107646333,0.004182607240827172,2.014372510117779,0
AVGO,2019-12-20,27.640615454086735,27.640615454086735,27.164036938901198,27.343181610107422,50540000.0,-0.005782754314243517,0.017429519424874616,-0.010760753296747923,0.00504901816610696,27.264850234985353,26.953339195251466,26.981581614294505,0.014463603633200315,0.9263560485839868,0.015290286411638933,0.577361110151738,0.011199399296326993,0.07371163338944575,59.850665744007244,0.4015841635027044,0.008926482590902673,0.5245132446289062,1.916411979281212,1918169000.0,-0.5966140453931899,0.7899091232908021,0.738312047060353,-0.3490218308024794,0.005422791666842111,1.9755203439243225,0
AVGO,2019-12-23,27.47518670289703,27.62861784303696,27.22403983290646,27.388612747192383,20254000.0,0.0016601373316067216,0.014771759844764526,-0.0031509869836119824,0.0048277151749163165,27.336015701293945,26.986630630493163,27.020346484094304,0.014895602272632338,0.88861186981201,0.015281264025372764,0.5602554428017008,0.011106780299344686,0.07451166592360163,64.83328883097747,0.38612802273387103,-0.005223726542344598,0.7116546630859375,0.7578926886218803,1938423000.0,-0.6270196435112545,0.8269146701794482,0.7634714652514101,-0.3481783455797508,0.0016470502485646079,1.9740931195465516,0
AVGO,2019-12-24,27.428898980743813,27.487186071192042,27.344040026695925,27.471755981445312,7024000.0,0.0030310878266485894,0.0052106623450169105,0.0015624761575724047,0.0014709117954709277,27.409725189208984,27.004138278961182,27.0633378647944,0.017316520063714976,0.8346940803527829,0.014952844825084868,0.5410833961083673,0.01100589034657843,0.07608187926091318,63.347322770869816,0.37625070010343364,-0.012080839338225624,0.7370948791503906,0.26918581255868307,1945447000.0,-0.5803989120470655,1.0471412056393137,0.809515556034666,-0.3229100901444539,-0.00036459318981411676,1.9192175421253541,0
AVGO,2019-12-26,27.537756610349483,27.57804356450426,27.156323743701375,27.255754470825195,15848000.0,-0.007893749613122699,0.015472689303081686,-0.0102405632895999,0.0024024903595077,27.42229175567627,27.02505922317505,27.08166325584495,0.008536345680491712,0.803206577301026,0.014860523022422632,0.5505983994357424,0.011062202801723714,0.07622544309301196,59.335156723674494,0.3469934100146972,-0.03307050354156971,0.12566566467285156,0.6252601469645408,1929599000.0,-0.6067961723610464,1.172545674192841,0.6898955622531199,-0.3141678032281627,0.0029397940213134683,1.8817470023864533,0
AVGO,2019-12-27,27.368905373684132,27.373190420870515,27.019186013272257,27.131473541259766,14487000.0,-0.004570232770801989,0.013047739811456722,-0.008675240353818125,0.0041514500352597015,27.35386714935303,27.030559253692626,27.086407092551124,0.003733340719394111,0.7556610298156734,0.01483797506676353,0.5446695345138564,0.011103304948833614,0.07629084593755679,53.669864251036195,0.3102025426577377,-0.05588909671882336,-0.6842460632324219,0.5780579773756557,1915112000.0,-0.48792611716458084,1.0956594743070458,0.6210697286786167,-0.2918046248065749,2.228881634932141e-05,1.8795511630750552,0
AVGO,2019-12-30,27.130612944809965,27.200041816466545,26.807465501264982,26.868324279785156,13104000.0,-0.009746382585815139,0.01461112017882012,-0.00966762768912331,-3.17194880142513e-05,27.3641788482666,27.03236331939697,27.065637300859127,-0.00606824633173774,0.7112948226928708,0.014919914332614715,0.5532544192540882,0.011211272286263979,0.07618693940529772,52.18292645207179,0.25685075344097186,-0.08739270874847144,0.10311698913574219,0.5188624147454487,1902008000.0,-0.4605778277313741,0.9838979864872273,0.475339669056156,-0.32209799752267493,-0.005513062860306625,1.8837666306243446,0
AVGO,2019-12-31,26.83918162179662,27.116898752525472,26.811753072136366,27.08775520324707,12487000.0,0.008133731557769093,0.011265078187057638,0.009261593175999207,-0.0010846473968777704,27.331009292602538,27.068431854248047,27.067743767753214,0.0007138702787044599,0.6922222518920904,0.014424572829856352,0.5589280122059063,0.01086655185057998,0.07247661252476548,53.8844446497884,0.22962830560210534,-0.09169212526987036,-0.331695556640625,0.5051028044187897,1914495000.0,-0.6904432122096841,1.7243030489096782,0.5968588455870838,-0.4301890160642766,0.003068145669063182,1.9348835750063884,0
AVGO,2020-01-02,27.37061699109688,27.643192405629456,27.199187321453383,27.63376235961914,20329000.0,0.019956510774675234,0.016067485789203174,0.009614155519830407,0.010442422627029038,27.346755599975587,27.149620532989502,27.121650300311874,0.017832360708800125,0.7121692848205576,0.014550368342784554,0.5604777344562972,0.010778520613339925,0.0644679066676327,55.363302438728674,0.24923945660017566,-0.05766477941744008,0.15746307373046875,0.819673122632437,1934824000.0,-0.8722923061426404,2.0493571451623342,0.8813982805858781,-0.3655692340205017,0.009152120261976029,2.126828877823979,0
AVGO,2020-01-03,27.215464830055925,27.42889640102461,26.92146262851091,26.930891036987305,22870000.0,-0.02576430560489804,0.018842071420078963,-0.010456326751758532,-0.015137190662624651,27.26132698059082,27.182088470458986,27.10348275142382,-0.009241285254893684,0.693872261047364,0.015763030386601887,0.5463205202713279,0.010912130284655496,0.05760047261175323,40.61248164871712,0.20569447558700205,-0.08096780834449097,-0.8542861938476562,0.9067157226171452,1911954000.0,-0.6589906025072824,0.8167712144514557,0.3722173628927612,-0.4419016428533334,-0.005286120365229179,2.388819965168562,0
AVGO,2020-01-06,26.644602432684774,26.90774938031068,26.540029980346596,26.890605926513672,20789000.0,-0.0014969898746637737,0.013674641651148992,0.009232770290270836,-0.01063049135319501,27.20021171569824,27.206305313110352,27.08320876809904,-0.011603905155343165,0.6560124206542959,0.015753827246925117,0.47010919370307896,0.01096952056517586,0.052061998119797184,51.69339974154686,0.16602031383705196,-0.09651357607555289,-0.6111526489257812,0.8156499324182492,1891165000.0,-0.5950319839576669,0.7653963305858091,0.18761420780947513,-0.41117958101719065,0.003357788140108867,2.4135892502992995,0
AVGO,2020-01-07,27.021749430820996,27.13575192374902,26.76460417114199,26.798032760620117,18565000.0,-0.0034485231847808284,0.013849813371895552,-0.00827913346953461,0.004876926338726319,27.14569683074951,27.20527353286743,27.05604914833914,-0.014969184985610328,0.5981325721740696,0.015397255986753445,0.4227949150764011,0.01097289072528345,0.05224289504945375,40.10762943868722,0.12565984551339682,-0.10949923551936644,-0.5451488494873047,0.726073123561493,1872600000.0,-0.4819289415217359,0.9415267812965921,0.10632136165739568,-0.4013777188668353,-0.001782462835606802,2.4945731822749,0
AVGO,2020-01-08,26.827172045612414,26.87088735407645,26.4354525382268,26.4637393951416,31979000.0,-0.01255300909867284,0.016454016916636123,-0.013547184538028126,0.0010873665709938787,27.053209495544433,27.19461259841919,26.999638695653662,-0.026875661506989734,0.5500549125671412,0.015611426846659511,0.4345018158106783,0.011106368998313961,0.05511057415985922,35.18930552595768,0.06593909792235308,-0.13537598648832816,-0.9248733520507812,1.2331249783097402,1840621000.0,-0.4135957787039886,0.6783848715805525,0.0,-0.38261077091082435,0.0028714438817515377,2.4694876280448774,0
AVGO,2020-01-09,26.770606677016698,26.828035452413243,25.97602569161084,26.251171112060547,42397000.0,-0.008064869434176314,0.03245606669663604,-0.01940320482942467,0.011595764199954032,26.93115100860596,27.17043809890747,26.928356068644792,-0.03383335164351122,0.49565095901489187,0.015693531144933246,0.4489920684372777,0.01186783230159111,0.06167047705850172,26.911621469286843,0.0014408816673707747,-0.1598993621946484,-1.2205848693847656,1.5515827996340341,1798224000.0,-0.3060795368291375,0.5372437729501676,0.0,-0.3731321868600127,0.006919950801473808,2.272484954715124,0
AVGO,2020-01-10,26.181739332145572,26.190311058621003,25.61173178320182,25.647733688354492,40705000.0,-0.023255389351868903,0.022558690066885104,-0.020396110312330313,-0.002644902188118994,26.770348930358885,27.096320343017577,26.80639203242667,-0.05346064099444276,0.3976194000244142,0.015989617908367955,0.46102703157522157,0.011961053891425178,0.07972176467524782,24.54695757869824,-0.09724578745102264,-0.20686882505043347,-1.6080207824707031,1.437384352444312,1757519000.0,-0.10419409817087731,0.27041550972998823,0.0,-0.471390018282348,-0.0027599987592811675,2.3839186347764105,0
AVGO,2020-01-13,25.716311479307503,26.040313982406527,25.68630961264906,25.81574058532715,22054000.0,0.00652919361520144,0.01371273345617452,0.003866382862137385,0.002673834335083927,26.638775634765626,26.996321392059325,26.712044275560046,-0.043731173190215474,0.27387643814086715,0.014768250352291063,0.4550271586371143,0.01125878136488149,0.08642036331230878,29.08462838498359,-0.1600539291676064,-0.21574157341361377,-1.3157329559326172,0.802700661516483,1779573000.0,-0.30302945070404846,0.6513103912609746,0.07860179361353752,-0.35100033957990107,0.00691560646159592,2.123800169787088,0
AVGO,2020-01-14,25.886024142231456,26.498888736403998,25.85088055141145,26.41574478149414,28911000.0,0.022975819520332775,0.024531134371089423,0.02046357664458183,0.002722507869646567,26.593517684936522,26.978848266601563,26.683825276125198,-0.02087203572718097,0.2250887680053708,0.013598221718254505,0.47492502584756785,0.011073153122287922,0.08831347978310053,38.434904123088984,-0.15957502820668168,-0.17221013796215123,-0.4525794982910156,1.1394530341666431,1808484000.0,0.2276583745646655,-0.15243806793202136,0.35931292419319516,-0.017369576051808038,-0.0005033501433656796,1.5875967240852178,0
AVGO,2020-01-15,26.34117226039785,26.39002930619102,25.77459303723992,25.98373794555664,22733000.0,-0.01648934691384755,0.02368544010118024,-0.013569415634660053,-0.0028230330703578038,26.48311595916748,26.90706262588501,26.617150292261528,-0.034315328017149094,0.1369759559631376,0.012677400760941784,0.5104968615445752,0.010727436083639737,0.0929895681182838,33.66580190048248,-0.19184338583963978,-0.16358279647608748,-1.1040172576904297,0.9236063429121649,1785751000.0,0.2601340443826642,0.015562630332738314,0.1571991254750194,-0.17608125398273164,-0.001219213227805712,1.3634450185040037,0
AVGO,2020-01-16,26.14317327279347,26.38831849266276,26.0754577627981,26.318889617919922,21508000.0,0.01281603909311988,0.011887307340381384,0.006721308971398035,0.0061359657941013205,26.351628684997557,26.849192142486572,26.588744513752804,-0.01975115383564856,0.0703479194641119,0.013111495284591526,0.5092726277090919,0.01076461620463967,0.09290713015952631,39.978052771512004,-0.18820286726280955,-0.12795382231940577,-1.3148727416992188,0.8716055486438401,1807259000.0,0.19154857098348774,-0.34525544898377675,0.31399937031626596,-0.2618748704194716,0.00853218556248075,1.522885236063732,0
AVGO,2020-01-17,26.4568875204797,26.480887703193684,26.063454552512766,26.46803092956543,26896000.0,0.005650706915451943,0.015771220444544758,0.0004211912332050259,0.0052433026074861005,26.30534267425537,26.783334827423097,26.577247981925435,-0.011772391293749877,0.00809217453003086,0.01287069858963556,0.5138032522149961,0.010515781636124542,0.08783237883168624,42.94048681301179,-0.1713085344885812,-0.08884759163614195,-0.462860107421875,1.1085031539338133,1834155000.0,0.22273018236662354,-0.1526530150749033,0.4130339349825476,-0.18297519576614416,0.001729834981179778,1.6080853597378564,0
AVGO,2020-01-21,26.383171079169962,26.5297438431096,26.257168497108104,26.406312942504883,21967000.0,-0.002334516537546303,0.010322355358423463,0.0008771448760539727,-0.003206126312202436,26.25691337585449,26.728562545776366,26.56096845436157,-0.012056376118207734,-0.04333766937255845,0.012737563934964375,0.5052317544149914,0.01035825974758379,0.08505657931241709,44.86368082678776,-0.16104337205789676,-0.06286594336436602,-0.48429298400878906,0.9240567297721929,1812188000.0,0.14050385513237212,-0.04857319267891699,0.38195785453981873,-0.19463739073836808,-0.003471619517744977,1.5672602355978547,0
AVGO,2020-01-22,26.640317606231346,27.250610506382746,26.614602425323906,26.82632064819336,29264000.0,0.01578041112111101,0.023708360500216002,0.0069820129264782605,0.008861693953107612,26.259742164611815,26.702719497680665,26.58624009186936,0.004628785112210853,-0.07664825439453082,0.0133052763808318,0.5437426032356169,0.010578092973500259,0.08245002795934779,47.21763881926879,-0.11766072557371032,-0.015586637504143658,0.028287887573242188,1.2886776126172734,1841452000.0,-0.006036322471812702,-0.42555091512016696,0.5934390429288138,-0.18543295764744117,-0.001272040551927518,1.5234843978222643,0
AVGO,2020-01-23,27.015749328898682,27.41175394351054,26.64203153048521,27.398897171020508,30266000.0,0.02111924405397014,0.028093189588613277,0.01418238810685697,0.0070612993555670455,26.353257942199708,26.70323371887207,26.66363600416947,0.02605165573622165,-0.09221908569335824,0.014200140089906629,0.5590486897101129,0.011072526445799443,0.08255013699567548,47.51446425374751,-0.036654989606173416,0.0523352787707146,0.9351577758789062,1.304054650859682,1871718000.0,-0.012840153670760798,-0.7419815355021373,0.8817412856046585,-0.06363482023839859,0.002077282212696718,1.5697346815428457,0
AVGO,2020-01-24,28.328910423100233,28.421484426428172,27.494900789981955,27.77176284790039,55782000.0,0.013517016251642812,0.03336423550738433,-0.019667102146959256,0.03394345569001182,26.50531711578369,26.718234062194824,26.769171894048604,0.039431078523335286,-0.1018811035156233,0.014508086724295445,0.5812120843029296,0.011913043185696987,0.08632323939326998,59.567022327054474,0.0569730340466279,0.11677064193881274,1.5205917358398438,2.1749869868074487,1927500000.0,-0.08697963250025538,-0.9133504300538704,0.9999999952919667,0.022712773062481685,-0.009331754631133093,0.9121277018665663,0
AVGO,2020-01-27,27.121179453993978,27.41861165774362,26.455171188603828,26.48859977722168,38843000.0,-0.04730533625792864,0.036371891186357294,-0.023324194938207237,-0.02342607480373174,26.58940372467041,26.67987632751465,26.742450740065088,-0.007169319222968595,-0.13451995849609233,0.017841413816502318,0.6473356987783477,0.012677249621991177,0.08461029518741063,46.43454303481658,0.02731847105326679,0.0696928631563613,0.8408660888671875,1.4495387508956288,1888657000.0,-0.7394933513657225,0.5512056825221421,0.3958825523318771,-0.1139797803002784,-0.01642622042346551,1.6504302099838066,0
AVGO,2020-01-28,26.874320466181214,27.36289744928387,26.809176650448897,27.284038543701172,23166000.0,0.029587419131719712,0.020294678800762044,0.01524570929646733,0.014561762124218676,26.736233520507813,26.68750457763672,26.79403053088757,0.022352556946849324,-0.1402381896972642,0.01913564302336499,0.6832749787394307,0.01285278836673253,0.08569643743509903,53.832622446906015,0.06722732220437067,0.08768137144597216,1.4682979583740234,0.8507294143569307,1911823000.0,-0.6451950629750138,0.289910326523999,0.7703777701398091,-0.30925705911389806,0.007307890056937966,1.821670317028083,0
AVGO,2020-01-29,27.499182371675705,27.894328637554494,27.183750050718295,27.215463638305664,23668000.0,-0.0025165346045397247,0.026109369144642045,-0.010317351600937007,0.007885336609165624,26.816205406188963,26.704861545562743,26.834167017308342,0.019120192466849192,-0.14283266067505096,0.019001938737109134,0.7029281052384698,0.013167775946173502,0.08727976572924055,56.18737452425992,0.092258454474063,0.09017000297253158,0.7997188568115234,0.8526259098416904,1888155000.0,-0.7132423297215824,0.4566680846688951,0.738092476520151,-0.29497298071991773,-0.0033235816826667,1.807172956462503,0
AVGO,2020-01-30,26.942036949598524,27.044896046258724,26.450888237187073,27.017467498779297,21128000.0,-0.007301726646821078,0.021986065454825832,0.0027997344556347447,-0.010046740057086254,26.91957836151123,26.701347160339356,26.851624206019864,0.011839115697918661,-0.15565193176269432,0.019001210565036702,0.6966827938324833,0.013415488947812164,0.08695821533072319,56.32248317589389,0.09502379820492735,0.07434827736271674,1.0337295532226562,0.7494590472136494,1867027000.0,-0.5856990089295872,0.3268362671617135,0.6448752352669637,-0.32398404675518394,0.004578176608656176,1.7136608302707936,0
AVGO,2020-01-31,26.928324588659823,26.964324865232797,26.024884405452514,26.15688705444336,22123000.0,-0.0323710781066614,0.03591560637417443,-0.028647810278358603,-0.0032994546999455627,26.903378105163576,26.627503395080566,26.785458763012578,-0.017674069306377882,-0.22471160888671804,0.019651396146844257,0.7219073484373444,0.01406857257703147,0.08242389205401293,54.02987577604976,0.027457193907945765,0.0054253384525881285,-0.1620025634765625,0.7822649368650703,1844904000.0,-0.39840444253210316,-0.14309600590169605,0.23971109878765007,-0.2169366728592798,-0.019944693054801073,1.6120859917173387,0
AVGO,2020-02-03,26.197170941034944,26.28031489948187,26.026597977832115,26.162885665893555,21288000.0,0.00022930571615984187,0.009697589355883971,-0.001308739604191302,0.0015400871865118024,26.872863578796387,26.589103126525877,26.72616608709648,-0.01602977950944201,-0.24719596862793125,0.018902549534279237,0.7119885361228958,0.013904451412175872,0.0832207857684718,52.819921267945894,-0.025313985113978532,-0.037876672455468934,-0.305145263671875,0.7548507886077382,1866192000.0,-0.5704472424068419,0.4263029744117124,0.24253526501672204,-0.21880969352573681,0.004237876791630468,1.5158847390010195,0
AVGO,2020-02-04,26.725177687313032,26.96346614849224,26.54174631918508,26.708890914916992,22559000.0,0.02065467420962314,0.015789492363897987,-0.0006094168046514834,0.021491972582844403,26.903121376037596,26.580017375946046,26.724520832603197,0.004848512215010338,-0.26151960372924776,0.019539587912617996,0.720376559803027,0.013942764394021263,0.08268747051975969,52.402353556334894,-0.022814473199208152,-0.02830172843255884,0.3025779724121094,0.7974167641683837,1888751000.0,-0.6223232666675038,0.20206143008734925,0.4995963529019554,-0.20716773626105453,0.015195294061751909,1.5111960487258258,0
AVGO,2020-02-05,27.21460790549051,27.412611021289692,27.074035191981736,27.204322814941406,24825000.0,0.018379384649926278,0.012445662826701344,-0.00037792536203505665,0.018934406231412387,26.940921592712403,26.60033187866211,26.770216259492553,0.022706142870974298,-0.25027591705322294,0.019959205523944146,0.7248457285257756,0.013919976403759221,0.08499557645534847,59.89987030014689,0.018925460903471247,0.010750564536096446,0.3780021667480469,0.8679129185298093,1913576000.0,-0.7193295436718796,0.12370496694800685,0.7328473398129938,-0.15175297158767925,0.014305970133570524,1.4840138130371407,0
AVGO,2020-02-06,27.329469357109687,27.418613355536966,26.934321409563967,27.402326583862305,22683000.0,0.007252033914716914,0.01767338785318588,0.002665885157664251,0.004600244711827445,26.94126453399658,26.647261238098146,26.83041724276586,0.028335570351270108,-0.21693740844726506,0.01974789686905423,0.7305393998734099,0.013952757947620359,0.08881018794845416,58.987444467077864,0.06720718615819266,0.04722583183265428,0.003429412841796875,0.8061254588941049,1936259000.0,-0.8892493941160042,0.46753012380491027,0.8260681730105107,-0.15677324679355564,0.002390135746137251,1.511295903164159,0
AVGO,2020-02-07,27.28489508165049,27.302036899233563,26.989176248610306,27.020034790039062,15883000.0,-0.014049301511575797,0.011578839662442065,-0.009707213119997575,-0.004285457362623088,26.86609172821045,26.68570442199707,26.84847605679188,0.012528444542056734,-0.1764628601074243,0.01994839196254737,0.7302334844856299,0.01335258587046881,0.0883650916064096,54.408515761069324,0.07377264334726874,0.04303303121738429,-0.7517280578613281,0.5923707510647976,1920376000.0,-0.8354779846585966,0.2703354949629245,0.6460839245338416,-0.2105135596975018,-0.004613302487952931,1.6241574117960158,0
AVGO,2020-02-10,26.77488984918847,26.966034616299083,26.59746017198249,26.93174934387207,19218000.0,-0.0032727564578582413,0.013685499574263705,0.0058584552731510585,-0.009072710037404038,26.91040668487549,26.74990520477295,26.856406846037615,0.006797935829645262,-0.11415035247802763,0.019138233466589497,0.7409477182038496,0.013141833926805412,0.08048144888648463,54.17860556466193,0.07103309252371304,0.03223478431506287,0.4431495666503906,0.7466708109525703,1901158000.0,-0.9944767582818106,0.9912149512107535,0.57055012828497,-0.18730938254272253,0.006417550319032771,1.5212741333893103,0
AVGO,2020-02-11,27.141758404848368,27.496617835625795,27.086899668313972,27.442617416381836,15527000.0,0.018791321563447507,0.014929995960150003,0.011084728076014348,0.007797824727047735,26.926264572143555,26.831249046325684,26.912236424165638,0.02278568428822424,-0.04122940063476577,0.01947098969498285,0.7209884987664112,0.013167901478924585,0.07631361069499928,54.83136444743369,0.10883023549721571,0.05602554183085243,0.15857887268066406,0.6110129506254941,1916685000.0,-1.016562180048366,0.8769498694603707,0.8159167474422325,-0.21549994566497208,0.004991928852428768,1.5743683722448827,0
AVGO,2020-02-12,27.603762987740243,27.86519499960956,27.56861938937654,27.831768035888672,15310000.0,0.01408091817270104,0.010656010417449232,0.008259926306681238,0.0058720918968251,26.987895011901855,26.90205020904541,26.999810863377355,0.0345593670100677,0.00958126068115206,0.01908267881574871,0.6961924394951536,0.012822027475332001,0.08148864584090854,53.49390524968271,0.16824650536022645,0.09235344935509053,0.6163043975830078,0.6190398211213473,1931995000.0,-1.0570432841523794,1.0395176582528438,0.9999999945888327,-0.13328209241917735,0.007232356915861797,1.5974091009944422,0
AVGO,2020-02-13,27.555758231061454,27.896907431708577,27.51033118096666,27.769189834594727,13857000.0,-0.0022509766059359607,0.013921048936080675,0.007745444769334412,-0.009917077652821325,27.0630672454834,26.991322803497315,27.073085051112344,0.028819151861220756,0.07079774856567411,0.018592290856305663,0.6507630820190288,0.012564808333452917,0.07941471189709058,49.97813568350517,0.207888381584322,0.10559626046334886,0.7517223358154297,0.5705274816216203,1918138000.0,-1.206752012866384,1.6755814851721618,0.9626372192331443,-0.11786144146349414,-0.002454879973643707,1.5745928885670288,0
AVGO,2020-02-14,27.843762700104733,27.917476612183407,27.18032441227815,27.237754821777344,19137000.0,-0.019323070993394833,0.027063618292255384,-0.021764582777006075,0.0026854534091269784,27.171154022216797,27.037266063690186,27.08876788641377,0.007415274811466681,0.09218568801879812,0.019112184519563133,0.609374549205364,0.012970063873755515,0.07606396034317449,57.297950373604316,0.194184057015665,0.07351354871575348,1.0808677673339844,0.7917830323341398,1899001000.0,-0.9349400804170934,0.823608180935033,0.6453400407877734,-0.10107054118879517,0.001168648075037076,1.5788998081086931,0
AVGO,2020-02-18,27.000323435989504,27.00118011826618,26.404602275730205,26.63603401184082,26693000.0,-0.022339094616355155,0.022397397527229374,-0.01349203926676639,-0.008716995484444512,27.218468856811523,27.045666217803955,27.04565037454968,-0.01514594621233688,0.09349580764770593,0.019818507924931495,0.6064356116328603,0.013140459590570613,0.0747850641732743,43.43981553048569,0.1332336064097781,0.010050478487893269,0.4731483459472656,1.1048724406906638,1872308000.0,-0.7087090539956752,0.10330308513354353,0.28607821083693147,-0.02300866997462883,-0.00482530326623001,1.6295170336610207,0
AVGO,2020-02-19,26.828892260946912,27.15718304695829,26.71746307362313,27.059467315673828,20525000.0,0.01577197608484566,0.016250134122853144,0.008594281582643153,0.0072405016835598735,27.253526496887208,27.078323936462404,27.04696627370436,-0.0006963732624610662,0.11308956146240234,0.020098390432939515,0.5929049293672369,0.013249673989748353,0.07131323988373048,48.52660596985788,0.11774022796267403,-0.004354319967368653,0.35057640075683594,0.8521105564147003,1892833000.0,-0.8043505013102874,0.09272242254679076,0.5388921755280064,-0.06258150699709106,0.0045590946302011045,1.6602185271781842,0
AVGO,2020-02-20,26.911179623447477,27.059467402856853,26.23917122866026,26.506603240966797,25521000.0,-0.02064305638820944,0.030946861294521878,-0.015033766189046538,-0.005480066939102571,27.183754539489748,27.062338066101074,26.995503127729354,-0.020535358902527702,0.10334499359130689,0.02036031158686224,0.596884984587094,0.01351242035507606,0.07340661267760576,45.477993603922286,0.06015665509486112,-0.04955031426814524,-0.6977195739746094,1.0678197999171546,1867312000.0,-0.5687548345988634,-0.32979582109792727,0.20880061825864737,-0.14879266582063005,-0.0007459620097875625,1.7011199463773925,0
AVGO,2020-02-21,26.4431779728526,26.524606942683036,25.91088555844694,26.100317001342773,24522000.0,-0.015446420956470017,0.023513943680047403,-0.012965951813059602,-0.0023928101061313,27.053553581237793,26.997409057617187,26.910247306168728,-0.033228820366709044,0.04994880676269631,0.01994603587419301,0.5698234339377594,0.013335631077607907,0.07909155062347713,49.455464516493215,-0.018054524017674822,-0.10220919470454495,-1.3020095825195312,1.0385001418716036,1842790000.0,-0.3978823515919458,-0.38454185035510713,0.0,-0.16220646429763155,-0.007515801351845043,1.6824314509683478,0
AVGO,2020-02-24,25.21744697065702,25.611736654177005,24.862585928511034,24.994586944580078,36849000.0,-0.043288180693122534,0.02997251873084839,-0.00883753324624355,-0.03382602711838075,26.851008796691893,26.85855026245117,26.727803462207902,-0.06939925271331421,-0.05410850524902244,0.021474359778974488,0.6401101590221868,0.013187897960526806,0.09926111114566777,40.719072597128175,-0.16733172558243936,-0.2011891170154476,-2.0254478454589844,1.6257210610489155,1805941000.0,-0.2869502665772727,-0.6566832182412704,0.0,0.0015537098472916077,-0.032386711052813606,1.6045417621789042,0
AVGO,2020-02-25,25.20973102688797,25.348590401429142,24.092004206944022,24.230005264282227,31892000.0,-0.031067527115684643,0.05186074787275688,-0.03886299941765206,0.008607627034802565,26.58083438873291,26.7456205368042,26.489917919548315,-0.09405709125797647,-0.10903656005859474,0.020141266808127684,0.6726819955855036,0.014052176089526141,0.13269713890977874,30.968718125554233,-0.34337215457480497,-0.30178363680625053,-2.7017440795898438,1.4289362731700317,1774049000.0,-0.09705384791429526,-0.882093865024772,0.0,0.3767858637188314,-0.03175504419180141,1.3049282520022885,0
AVGO,2020-02-26,24.37314721864211,24.70315134855205,24.343146991822092,24.504291534423828,23074000.0,0.011256514790102066,0.01469148194214501,0.0053806886140499634,0.005907631995891102,26.28700180053711,26.606633186340332,26.300810644774558,-0.0790156964394005,-0.1817953491210922,0.018858887659168502,0.6562124225781554,0.013921676311276021,0.1515399891393937,28.542281071528492,-0.4555021083942812,-0.33113087250058143,-2.938325881958008,1.034054700839379,1797123000.0,-0.2710929776918902,-0.924191923507449,0.07615334123122494,0.2992319292059121,-0.0070693692152518405,1.201461221341587,0
AVGO,2020-02-27,24.02600677186503,24.455440089737177,23.446570650651456,23.481714248657227,34837000.0,-0.04262626570003137,0.04296404546843388,-0.022654306566609304,-0.01951840810769406,25.851996421813965,26.41994571685791,26.032325273715767,-0.11121262316650957,-0.30281295776367045,0.020530860353984368,0.6971716324209678,0.014622300801340679,0.18380116521310488,22.452477257907248,-0.6197354214092208,-0.3962913484124168,-4.350053787231445,1.5230920907375864,1762286000.0,-0.22060835875497478,-1.131866511229446,0.0,0.18728432104267886,-0.04479179401071581,1.0813106718472851,0
AVGO,2020-02-28,22.571408312848526,23.49713341391218,22.520836276786913,23.36770248413086,44586000.0,-0.0048671679414222105,0.04177976578444027,0.03527888733802503,-0.03876658774436605,25.41184768676758,26.237457466125488,25.77855167470768,-0.10937626043247266,-0.40426624298095604,0.020537205341757375,0.7373964039833442,0.01540761847487106,0.21071111568728526,23.332109162942402,-0.750440688646286,-0.42159729251958555,-4.401487350463867,1.8542385357728792,1717700000.0,-0.2399601995297543,-1.1281295744570923,0.0,0.16856683599826155,-0.008326269190042467,1.097690670863696,0
AVGO,2020-03-02,23.72257043512563,24.463151010959063,23.24170682496727,24.426292419433594,31976000.0,0.04430527708353254,0.050005304305616054,0.029664659904195215,0.01518625766635648,25.1307014465332,26.150927734375,25.649765078967288,-0.0659492975469052,-0.42979583740234517,0.022755199413071005,0.7944585159787171,0.01618725974214049,0.220318885180616,33.976587990149554,-0.7598471488945222,-0.3448030022142574,-2.81146240234375,1.3031163782036908,1749676000.0,0.03992477188324029,-0.29275830187408897,0.23713583966403354,0.175654880487359,0.04093250139006554,1.085227752698532,0
AVGO,2020-03-03,24.398861440843795,24.72715055851326,23.277704779380922,23.507421493530273,29930000.0,-0.03834393079506111,0.06165907132412046,-0.03653612891361752,-0.001123010325053435,24.81784019470215,26.018154525756835,25.445732356544717,-0.09649927433462094,-0.47701393127441705,0.02399745009320764,0.8576426079343322,0.018059143255583256,0.23935622594704467,26.081081827866242,-0.8318579007406193,-0.33345100324828353,-3.128612518310547,1.1986287654884618,1719746000.0,0.1243218332932801,-0.6106749366628473,0.03129860156990996,-0.025885051314545333,-0.026728924535375006,1.1148711869858006,0
AVGO,2020-03-04,23.78942740605396,24.490579337210423,23.551995625977128,24.467435836791992,23477000.0,0.04002690440075569,0.03836052609314828,0.02850040981988863,0.011996463014937666,24.558637046813963,25.906081771850587,25.352561259425407,-0.05553313492843556,-0.528400230407712,0.025501489619397712,0.8976840551095054,0.018686632403972763,0.24472774968586591,30.877913089478497,-0.802214378072204,-0.24304598446389458,-2.592031478881836,0.9384756216996251,1743223000.0,0.25254461110741544,-0.6232900374615649,0.24635241966027296,-0.21965385282809094,0.038745386587142654,1.097638678988959,0
AVGO,2020-03-05,23.765429420507505,24.265149891820077,23.35313959554988,23.489425659179688,24374000.0,-0.04079273599672026,0.03882641956064676,-0.011613666066286768,-0.028691458351711333,24.256919288635252,25.7203369140625,25.17511977368772,-0.08673724848431894,-0.6370699691772472,0.02612014526026832,0.9496640544309479,0.01930988623050191,0.25528481602801517,27.967551693725795,-0.8478652576364283,-0.2309574912224951,-3.0171775817871094,0.9752116045939848,1718849000.0,0.420198390935433,-0.5434395900289114,0.027267335876872127,-0.35147551107975444,-0.035155717668495325,1.089119569982298,0
AVGO,2020-03-06,22.884276420916077,23.222852332121075,22.50027182107378,23.095993041992188,30169000.0,-0.016891206836593196,0.03128596849768131,0.00925161963128914,-0.025762623873569156,23.956486892700195,25.505020236968996,24.97710770400243,-0.09445305950161305,-0.7665342521667462,0.0259815402816014,0.96766417144528,0.019625571197133068,0.2651949510548499,28.37066679793169,-0.9053542722542751,-0.23075720467227345,-3.004323959350586,1.1892612105479963,1688680000.0,0.5684232026704485,-0.37187343300350284,0.0,-0.30780247121443033,-0.01888246325793924,1.075899012525151,0
AVGO,2020-03-09,21.52140035764149,22.30912461082532,20.93596429300681,21.233396530151367,43934000.0,-0.08408389088812121,0.06466983815904963,-0.013382206667329637,-0.06817601137512633,23.580367851257325,25.21568832397461,24.620563782683284,-0.15792913289056093,-0.931098976135253,0.030624925240459778,1.0624410430837259,0.021343533938743286,0.30143088087863873,25.069241562366926,-1.0886612929449733,-0.33125138029037726,-3.761190414428711,1.6411409616591452,1644746000.0,-0.06246172936368491,0.23329546728440703,0.0,-0.21622396187031837,-0.09119692533821862,0.982156549204855,0
AVGO,2020-03-10,21.99369139275677,22.601412617357646,20.863106262078865,22.534555435180664,55071000.0,0.059474677991370434,0.07713958944109288,0.02459178100298801,0.035806558857683725,23.410822868347168,24.99582862854004,24.42189632101637,-0.09846735745197258,-1.0565346908569353,0.03467434157061156,1.1493808516666764,0.023825053367167663,0.3112596766205554,30.68424912978479,-1.1160753561282846,-0.28693235477895085,-1.6954498291015625,1.928050400780028,1699817000.0,0.18631406967723282,0.003087865317611548,0.1971939442824636,-0.43245531103764506,0.05176636222880848,1.0243545268452552,0
AVGO,2020-03-11,21.761405392138965,21.985122097866277,20.785107970651342,21.083396911621094,36030000.0,-0.0665640736932772,0.056917494447221474,-0.031156465678049836,-0.034309531655311344,23.068733406066894,24.677867603302,24.103943996312058,-0.14565564367252687,-1.2535341835021967,0.03620109724466484,1.2157488009761572,0.02490749960012607,0.3308885208309655,28.498631555955797,-1.240596736785161,-0.32916298834866164,-3.4208946228027344,1.2177151702367832,1663787000.0,0.3067118175983839,-0.09936050101761802,0.0,-0.5686135734821838,-0.054479220298521945,1.0314363517061593,0
AVGO,2020-03-12,19.45651815186198,20.8082483337408,18.541936257169255,18.752796173095703,64281000.0,-0.11714298397640188,0.12085195479351832,-0.03616895751397549,-0.07716397725559974,22.59584159851074,24.223919010162355,23.59431087029145,-0.2258562222121391,-1.5451722145080566,0.04169479706904963,1.3534444631344245,0.029293692309627563,0.3792367125823778,24.725807942592994,-1.5099352365350498,-0.4788011904788405,-4.728918075561523,2.0064769366430735,1599506000.0,-0.07313417860869462,0.3759773259818383,0.0,-0.3046209028820972,-0.10377166636419502,1.0325283366000915,0
AVGO,2020-03-13,19.329663618518257,20.09767285870592,17.242494259541452,20.076244354248047,84714000.0,0.06819437264993462,0.1422167686028466,0.03862357618206624,0.030761676290716328,22.26669578552246,23.83927173614502,23.259256916382554,-0.15784993023142496,-1.7895892715454096,0.0461491127608872,1.4689764293010479,0.03574931615254687,0.3885630758410065,33.33142394522439,-1.5981739756029008,-0.45363194363735304,-3.2914581298828125,2.380971118281262,1684220000.0,0.10322133282983925,-0.01147878461162865,0.15597579603976242,-0.4609281153997747,0.10121306549803694,0.9454243813148493,0
AVGO,2020-03-16,17.84421447826385,18.754509699685592,15.448471422867854,16.07847785949707,76935000.0,-0.2220556443882702,0.2056188591763226,-0.09895289142192873,-0.11117766035318793,21.43191432952881,23.281307888031005,22.575373196679177,-0.3093825338370748,-2.116447429656983,0.061861172013865415,1.7097754819364102,0.04408271341769581,0.47356406106511834,27.339901578457713,-1.9680042297176357,-0.6587697582016703,-8.347814559936523,1.9998960215235442,1607285000.0,-1.0091485497039392,2.3155276328015733,0.0,-0.6001871385276818,-0.12483671828981291,1.1034258812533289,0
AVGO,2020-03-17,16.44191296922077,17.143921690571226,15.555617803131366,17.101064682006836,70662000.0,0.06165912488487617,0.09287748546920853,0.04008972153174024,0.022603825617051758,20.791278648376466,22.804559421539306,22.054010480996098,-0.25010326363263946,-2.396599369049074,0.06489781056556668,1.78942961073427,0.045877441312595794,0.5196174702212488,30.242068880442716,-2.1537560016048403,-0.6756172240710998,-6.4063568115234375,1.7375353318768216,1677947000.0,-0.9502958614650008,1.808833795491297,0.09312337705627531,-0.6344428038133367,0.05351881965638733,1.116003686713787,0
AVGO,2020-03-18,15.913902166992903,16.069903328781955,13.343300734098163,14.38902759552002,98993000.0,-0.17267478007607245,0.18949178981613693,-0.09582028056433765,-0.06942038622092489,19.78343782424927,22.171037435531616,21.324012110950758,-0.3509989038235103,-2.7800897884368894,0.07126545534262348,1.9822898296011486,0.05218604173280638,0.6018416748012108,27.740499584485832,-2.4910886274857305,-0.8103598799615921,-10.078408241271973,2.220004552452437,1578954000.0,-0.7469322109767166,0.5984100166331319,0.0,-0.6854536537991203,-0.061522577341979905,1.1730569084752362,0
AVGO,2020-03-19,14.369314054314568,17.78335457187321,14.143025695502992,16.667341232299805,74438000.0,0.1469852462789766,0.21841089250224752,0.15992601788085803,-0.0013700398497803413,19.10122938156128,21.679074335098267,20.88051964631733,-0.23117837150328502,-3.069439058303832,0.08263492174013629,2.172577810975788,0.06043458625231226,0.625108022588452,35.168700518436665,-2.5452462792733925,-0.6916140253994034,-6.822084426879883,1.5825346746830167,1653392000.0,-0.16525003324523443,0.6292955501302413,0.19453994824016793,-0.751970002212983,0.017783644611174317,1.2589769613848292,0
AVGO,2020-03-20,17.608807590825272,18.191117993267245,16.380549375760804,16.756261825561523,74044000.0,0.005320838863243428,0.10805325407746387,-0.04841587145422568,0.05648569531299871,18.467256259918212,21.211871576309203,20.48773318719773,-0.21005264587889869,-3.3424922657012957,0.08281962153465959,2.2146581275125485,0.06197312354862654,0.6393465564515864,32.26083388948402,-2.5515784516756277,-0.5583569582413108,-6.339731216430664,1.4954365796664733,1727436000.0,-0.2041499207200564,0.6041258178463704,0.22320691911636287,-0.6130525335850742,-0.037356236354332016,1.2452201356050627,0
AVGO,2020-03-23,16.813795069942298,17.083157518324676,15.49487760779962,16.86522674560547,46921000.0,0.006481884424889377,0.09417483284042784,0.003058897495695377,0.0034335369654470383,18.03043928146362,20.805403566360475,20.142732573712752,-0.1893823787793242,-3.561241388320923,0.08280028408997468,2.224574851183457,0.06321789076610745,0.6537446449058582,34.0400985288652,-2.5187693800023574,-0.42043830925443215,-4.368169784545898,0.93810292121263,1774357000.0,-0.29967648035694755,0.6446289225245987,0.24479827344038757,-0.6107367640793259,-0.03641477500087176,1.2303855296374524,0
AVGO,2020-03-24,17.92610551215303,19.065448091948387,17.54690658992663,18.546772003173828,62970000.0,0.09504184474238227,0.08187632332694518,0.034623610256772235,0.06290332069350867,17.63166093826294,20.521241903305054,19.99073632889952,-0.09621590683802951,-3.70338381767273,0.08663605749781164,2.3115079585165117,0.06382882092323618,0.650246039165888,36.25054502374323,-2.3302199798824894,-0.1855111273076515,-3.987783432006836,1.2210398132276403,1837327000.0,-0.37287041778597485,0.2738304332140544,0.4110366697948977,-0.5619750815027801,0.10419896540354627,1.1759404346654545,0
AVGO,2020-03-25,18.497091538409155,21.270042386639275,18.238190680113924,18.96433448791504,64442000.0,0.02226432502139515,0.15987124182283732,0.025260346919030608,-0.002678658300008851,17.419754695892333,20.244244050979614,19.89298377261528,-0.06322338138234439,-3.843353548049926,0.08681410449174824,2.4484762060367435,0.06705749686947815,0.6353731421173782,39.2106073875214,-2.1226310496111296,0.01766224237096692,-2.1190624237060547,1.2013974854211098,1901769000.0,-0.38993411265791605,0.2558309465554724,0.45397118059963293,-0.5070750018040339,0.024650005526958698,1.170176331072202,0
AVGO,2020-03-26,19.703553243706345,21.33977616733869,19.703553243706345,21.19768524169922,60213000.0,0.11133190607347548,0.07718875453635604,0.07583058643048655,0.03897941982948945,17.664243602752684,20.130042600631715,20.017241055385178,0.05303727675686225,-3.8531938076019294,0.09088086025566756,2.5474967661308683,0.06767174707711815,0.6227825318546054,45.83887106383027,-1.7576415877050735,0.30612136342161866,2.4448890686035156,1.0966161579369125,1961982000.0,-0.4717059332231736,0.034174255719920506,0.6755687482018694,-0.45711032527940415,0.06735333631866319,1.2054659682071789,0
AVGO,2020-03-27,20.311144579165344,21.103541106419513,20.04962835268049,20.109777450561523,39448000.0,-0.05268585188663044,0.052407976955782545,-0.009914120187556363,-0.04182252224360368,17.667596912384035,19.967146348953246,20.026054045401974,0.00714328923343227,-3.8986108493804927,0.09157490523018912,2.475213061847536,0.06778139733866538,0.6090577083516366,47.45041347070698,-1.5384357466135334,0.42026176361052703,0.03353309631347656,0.7218152974048097,1922534000.0,-0.3861513989952475,-0.12007377850585602,0.5676243422982494,-0.47204043581560784,-0.03383944520947081,1.2106669849451366,0
AVGO,2020-03-30,20.241403728291328,21.039902168257893,19.913636419593555,20.930936813354492,52343000.0,0.040022157696102255,0.0538086640922667,0.034065477571535815,0.0065453870911002495,18.152842807769776,19.79237856864929,20.11223335663555,0.05752508422274233,-3.965619573593141,0.09145532720862079,2.4314958756607896,0.06783502842820893,0.5791985994254544,46.280225590529625,-1.283655657027122,0.5400334825575508,4.852458953857422,0.9402464008536099,1974877000.0,-0.38173680176669295,-0.10866382779522799,0.6491014309733715,-0.47403596715854035,0.028607101128768568,1.2165107944705116,0
AVGO,2020-03-31,20.747007604986155,22.029312777024863,20.57789478575082,20.66855239868164,50191000.0,-0.012614957501934705,0.0702234952199355,-0.003781519135696673,-0.008787433166918029,18.509591579437256,19.65043511390686,20.165216122544702,0.05181143716945651,-3.991573457717898,0.09113547386287607,2.4102080561425554,0.06796735052438356,0.557702054216576,48.981553871758024,-1.0903440226865726,0.5866760935184803,3.5674877166748047,0.8854761169673179,1924686000.0,-0.4286531429365994,-0.03406083268698825,0.6230671199858466,-0.4687248195803944,-0.01517184735208152,1.213887507158312,0
AVGO,2020-04-01,19.874409210117694,20.43405545665576,19.150008062053285,19.494338989257812,41858000.0,-0.058489222132983326,0.06586770624289238,-0.019123598425011733,-0.038422777427537774,19.020122718811034,19.40178027153015,20.101323062231664,0.004770630137265051,-4.101988821029664,0.09131661540892717,2.3371426048694497,0.06832261133853366,0.5142324003693588,51.93007924995019,-1.020132911374528,0.5255097638644199,5.105311393737793,0.7266818340825897,1882828000.0,-0.26629952522499706,-0.1501550356929583,0.5609986895534476,-0.4563980776054536,-0.0462552696672985,1.2235707584096789,0
AVGO,2020-04-02,19.3871129816611,20.742642069485576,19.30429992230237,20.665058135986328,45049000.0,0.058320146039294106,0.06960261795646427,0.06591724899292145,-0.005500366422057064,19.419894409179687,19.260561895370483,20.155012116874968,0.07292083416446045,-4.119981946945192,0.09216322032343519,2.2359400011565027,0.06880875975589003,0.48281962607293916,51.54483991341435,-0.8601080584836183,0.548427693404264,3.9977169036865234,0.7682914558295088,1927877000.0,-0.4147378047145536,-0.16668710523980368,0.7208057240885379,-0.4723698548377283,0.02991590778962283,1.2308780150382903,0
AVGO,2020-04-03,20.628457298778084,21.14364536113668,20.097578524844106,20.420988082885742,28960000.0,-0.011881061655989034,0.05122508428752294,-0.010057427600466127,-0.0017711461040850877,19.78636703491211,19.12681164741516,20.180343161256946,0.06766294658257122,-4.11417401313782,0.09212882788868446,1.980103851507387,0.06901489460221973,0.4525492103287985,64.18774513431362,-0.7444006359989466,0.5313080927111486,3.6647262573242188,0.49441014360258706,1898917000.0,-0.42397304168068073,-0.15612880599336068,0.7405241991305723,-0.48796607891807536,-0.01335477219084454,1.2310119580017345,0
AVGO,2020-04-06,21.32059992224889,22.090330776284194,21.23168480713558,22.005773544311523,38868000.0,0.07474165319870156,0.03901912227849781,0.032136695226209946,0.044053296329822834,20.300421714782715,19.16543049812317,20.35419367392881,0.14820136938664072,-3.960235376358032,0.09181075332426401,1.9858923376472863,0.06869222158771265,0.4612331952703755,65.45672811964235,-0.5188418421322751,0.605493509262256,5.140546798706055,0.6664431929535479,1937785000.0,-0.6415451240464733,0.1047397561958857,0.9350831633469682,-0.4698615527579418,0.06990278781480193,1.2472937401841442,0
AVGO,2020-04-07,22.825197726742317,23.144247703850116,22.013623731223852,22.0781307220459,45892000.0,0.003282705736536873,0.0512101312537836,-0.03272992476616513,0.037236781555566555,20.653557586669923,19.14260926246643,20.518378154701864,0.153350121595061,-3.8948472309112567,0.09088238316647489,1.7988002099065663,0.06817885398646478,0.45456646003625617,79.06757512692971,-0.33043717928775607,0.63511853768542,3.5313587188720703,0.7931202538427239,1983677000.0,-0.5682192000359783,0.14804441617944938,0.9999999986994582,-0.448329365176699,0.0005572775118022625,1.2527897353585968,0
AVGO,2020-04-08,22.38322659149695,22.856571437995765,22.11037759188984,22.760683059692383,27565000.0,0.03044706172037126,0.03278433445169929,0.016863362682938192,0.013818917610918972,21.033192443847657,19.226473569869995,20.7319310027962,0.1838199540410096,-3.7205158138275145,0.08965017072194047,1.5943796270193984,0.06790735335311811,0.4751334724388901,76.19554273447795,-0.12461240306697263,0.6727546511249628,3.7963485717773438,0.4798974918762137,2011242000.0,-0.7426841393786068,0.5043088110465924,0.9999999988054931,-0.5361221870057371,0.04177296573879455,1.2383465336151256,0
AVGO,2020-04-09,23.169523187346975,23.318587389718047,21.90726847808075,22.16791343688965,34828000.0,-0.026388717532621276,0.06366494144875502,-0.04322962289409633,0.017962559672851836,21.1302152633667,19.397229433059692,20.868691234614623,0.1428391622609436,-3.448808946609496,0.0856820992998909,1.565861790885888,0.06664756988147101,0.4892359963602267,72.29890719475456,-0.009220056529919418,0.6305175981296128,0.9702281951904297,0.6222986168560947,1976414000.0,-0.8646959570162803,1.2364090064226938,0.9291932599673379,-0.5208014111915771,0.012150150632579633,1.2621970171701449,0
AVGO,2020-04-13,22.09817725232645,22.797299102474234,22.037156911476078,22.65782356262207,25729000.0,0.021859300756426305,0.033548773498115324,0.025325451219441474,-0.0031458163512651286,21.385019874572755,19.526308393478395,21.03908478966295,0.16037415288318557,-3.2325371074676497,0.08461819105714585,1.5067090966339667,0.06355496146565358,0.5078628753305982,73.14208386675348,0.12037327408067,0.6080887429921618,2.548046112060547,0.48529304974117005,2002143000.0,-0.8214797299989451,1.3416081943186051,0.9877133611879217,-0.5325020523166532,-0.015308645281212195,1.353531692819599,0
AVGO,2020-04-14,23.198286912575472,23.395296120627574,22.867032977518107,23.329917907714844,23094000.0,0.02923136384204161,0.02264316338242863,0.0056741687685255,0.023853277366189234,21.62491798400879,19.88888039588928,21.25725937233456,0.17301313304728003,-2.8134257221221937,0.06892202689006269,1.4022270403241512,0.05805561265392406,0.4984994233617114,70.78573649043929,0.2741490988219475,0.6094916541867514,2.3989810943603516,0.4588935209655561,2025237000.0,-0.4527012687203295,1.6155724863522511,0.999999998881543,-0.5543855106556071,0.02420226028900602,1.2189567576584401,0
AVGO,2020-04-15,22.751967352533264,22.867034745341876,22.330052470448738,22.441633224487305,25926000.0,-0.03881870743775413,0.023927949863645714,-0.01363988103099166,-0.024772935655742744,21.802226066589355,20.155908823013306,21.37005688206339,0.1134021998417763,-2.4719722461700435,0.06936711890054886,1.257085163948491,0.05665846255104102,0.48621265676516057,64.51710231333652,0.3206442107256251,0.5247894128723432,1.773080825805664,0.5391298561405405,1999311000.0,-0.24900506600587813,1.3780131378858478,0.9006491902688409,-0.5821683005748246,-0.031669612081425484,1.239301831058217,0
AVGO,2020-04-16,22.818219772498214,22.818219772498214,22.151350605158807,22.515731811523438,26896000.0,0.003296396667129633,0.02961792104407315,-0.013256422449168775,0.016780710398563808,22.104365348815918,20.562244033813478,21.479168780107205,0.09500362769489167,-1.981773853302002,0.05610277624260816,1.1350442702281875,0.0510156631583783,0.4067286816897651,56.71287184798128,0.3593289382687068,0.45077931233234,3.021392822265625,0.6046252845140079,2026207000.0,0.8057311486360704,0.43606454748896256,0.8777971129437458,-0.33119441810238776,-0.00546891501726813,1.0343211064059272,0
AVGO,2020-04-17,22.945487104328933,23.312481976770048,22.572388536444475,23.177364349365234,34089000.0,0.028961871282604332,0.03193173429258038,0.01010557082013305,0.0190868898423079,22.355595970153807,20.88774518966675,21.64090169146511,0.10961542942102794,-1.5757335281372065,0.04643679839445483,1.1099509328158934,0.04093069700143497,0.3743554429489827,66.33253381032208,0.4383223724021619,0.423818197172636,2.5123062133789062,0.8027306358218163,2060296000.0,0.47320359542026846,0.04608670150021201,0.9767931929795193,-0.3631555770697681,0.044075013402182325,0.9750564277386405,0
AVGO,2020-04-20,22.664797275891328,23.1233227478544,22.482607493946535,22.514860153198242,23801000.0,-0.02900058533397582,0.02845743874328598,-0.006615418651302927,-0.022114985368815007,22.56498317718506,21.175675106048583,21.72413583067779,0.06324166950099833,-1.1900542831420893,0.04751588353246495,1.0791288690126335,0.0386179976012818,0.32582106613202655,58.57809061775362,0.44236735076232137,0.3422905404262364,2.0938720703125,0.5957078301002523,2036495000.0,0.507965406233789,-0.1253263022474827,0.8739216239697565,-0.370766172216863,-0.02036774746824332,1.0456196112392029,0
AVGO,2020-04-21,22.190579244277437,22.210629497633278,21.514123035050776,21.588218688964844,29138000.0,-0.04202780763963887,0.03226326693716045,-0.02714487749104083,-0.01440297237976586,22.52322769165039,21.411824703216553,21.711191340990844,0.008238157565310674,-0.8452683639526377,0.04917915153662682,1.046937378075021,0.03657772440074932,0.2607051058124134,54.646358632790616,0.3665751531767363,0.21319867427252104,-0.4175548553466797,0.7458850633559451,2007357000.0,0.5287788464448403,-0.32600678002860595,0.6358674270305779,-0.298977704600655,-0.0288342314382177,1.130108518610728,0
AVGO,2020-04-22,22.208887379416446,22.85832177914387,21.857583098896704,22.66218376159668,35438000.0,0.048549886902179616,0.04415896942383057,0.020410584926296244,0.028750342925183837,22.581632995605467,21.617595291137697,21.801762047715208,0.0483212150060006,-0.5541064643859848,0.045719385254197546,1.0291915747572118,0.035353038529788924,0.23060569034181091,66.16843686754933,0.3886887346153358,0.18824980456889645,0.5840530395507812,0.9402893197907046,2042795000.0,0.4780199961166115,-0.015818005016043517,0.8470458377773381,-0.39507415490849085,0.022843343500242093,1.2275289798894768,0
AVGO,2020-04-23,22.68659107747817,23.11809470042926,22.53578270361955,22.571523666381836,21659000.0,-0.004008524693894243,0.025798524067696182,-0.0050720450089941,0.001077006352885133,22.562717056274415,21.797954750061034,21.875072678064413,0.03548814211405563,-0.2763251304626486,0.045753623660441944,0.9680465640162479,0.028898062827466472,0.20071312454454482,60.93617547285647,0.39435254456159896,0.15513089161212767,-0.18915939331054688,0.6092674247698614,2021136000.0,0.5705605610902768,0.04897901728427761,0.8022738508374033,-0.5218865756028911,0.001135650101514203,1.2370597140409727,0
AVGO,2020-04-24,22.64823542063866,23.106760894554075,22.567164824744754,23.084096908569336,23373000.0,0.022454837893505285,0.02337522978320447,0.019244832087052598,0.003398607705472652,22.65433540344238,21.89227533340454,21.990217842874408,0.054440278886947836,-0.08705112457275277,0.038262768250847,0.9318700806960154,0.02702597379509411,0.2046951029904769,64.8200297374133,0.43518498996964894,0.1567706696161421,0.9161834716796875,0.6934116547626993,2044509000.0,0.07725244534980241,-0.8757507280924808,0.9359103244306339,-0.4266371152186234,0.011616708447962375,1.1212383855225607,0
AVGO,2020-04-27,23.043991494099416,23.642865290411148,23.043991494099416,23.401397705078125,16588000.0,0.01365181664224256,0.025591368669652687,0.01550973540825722,-0.0017373612071015085,22.72869281768799,22.05685634613037,22.12461592498905,0.060957977747996696,0.16488573074340707,0.03591962165565108,0.8554080166183926,0.026361786821864245,0.19693106740109892,59.042126048022176,0.48752859347272803,0.167291418495377,0.7435741424560547,0.5093929692838003,2061097000.0,0.016456279033168954,-0.6200562379740179,0.9999999974405299,-0.37737323289946795,0.020912743580628126,1.0773131380296437,0
AVGO,2020-04-28,23.906128486649106,24.09529319285764,23.023945675076583,23.077119827270508,18988000.0,-0.01395410855936793,0.046424663274087855,-0.034677662654360744,0.02156840321813144,22.703413009643555,22.164165496826172,22.21533058234919,0.04119055735092585,0.35540758132934513,0.03538359252120462,0.8506132564928544,0.026031988571638603,0.19396836095087003,56.26776088926744,0.4971143370933646,0.14150172969281083,-0.25279808044433594,0.6145679931383812,2042109000.0,0.215359598539875,-0.447325535032758,0.9170020441042813,-0.36401022916061,0.004979407115110446,1.0647989046113018,0
AVGO,2020-04-29,23.63066202755861,24.1458498682523,23.469393771436685,24.06129264831543,28871000.0,0.04176279212803079,0.028113871786594736,0.018223383672974297,0.023986624172830064,22.86537895202637,22.333802509307862,22.391136493393596,0.07734867976530777,0.5765394210815451,0.036049909774979065,0.8713482082808489,0.024666845489254536,0.195914543889295,57.86257669577157,0.5774689272260112,0.1774850558603659,1.619659423828125,0.967834934044015,2070980000.0,0.019368060086031404,-0.6481790192917007,0.9999999978103566,-0.48016386833406777,0.028634129092073475,1.0868653783660054,0
AVGO,2020-04-30,23.84423917251889,23.889568807272784,23.43191291374387,23.6777400970459,23379000.0,-0.01606906476411926,0.019328529304734145,-0.006982779957812959,-0.009020856816341334,22.981579780578613,22.542972564697266,22.51367016993191,0.0503379724474456,0.8533440208435046,0.03321516932541095,0.8154954099190105,0.023221608627960653,0.16079854356369494,59.36423094930495,0.6032471754938946,0.16261064330259944,1.162008285522461,0.8087786332163468,2047601000.0,0.2361722645639106,-0.6731448272033421,0.8946372334176851,-0.4151476160135988,-0.013535136047268869,1.0617161898064995,0
AVGO,2020-05-01,23.187827672899342,23.349095931332855,22.507883265106074,22.638641357421875,26836000.0,-0.04487712955093406,0.03715826637182069,-0.023684250331154705,-0.020690843895515152,22.927707481384278,22.641651725769044,22.5255721877881,-0.00013295709969841297,1.0293824195861845,0.03314948505153439,0.844760741414844,0.021688469271137805,0.1397620491612351,49.88861535578694,0.5336781295173125,0.07443327786081383,-0.5387229919433594,0.9585689333080911,2020765000.0,0.31157687321732636,-0.4642251156624481,0.6091944310111386,-0.2965822877893519,-0.032723876009395886,1.041797083503109,0
AVGO,2020-05-04,22.59592355225567,22.876618698837735,22.256823477293914,22.861799240112305,17046000.0,0.00980912136630089,0.027110518063917333,0.01176653333616135,-0.001886942086840416,22.962401390075684,22.76369228363037,22.55759381181898,0.004309799799454627,1.2161933326721162,0.03292143287689216,0.8363552173818667,0.020918078079782715,0.10442833260226475,47.13229994797484,0.49089243308911534,0.025318065146093305,0.3469390869140625,0.6221122473558585,2037811000.0,0.21644556894079692,-0.42723114637716103,0.5149787539439815,-0.26462032279160513,0.004046148176122315,1.0452043952953827,0
AVGO,2020-05-05,23.23576967010688,23.44411001656833,22.988200072109873,23.089319229125977,26462000.0,0.009902777381806435,0.019745490966485344,-0.006302801370349504,0.016357873939266465,23.112511444091798,22.817869567871092,22.608234327752978,0.011896363081947744,1.3084759712219238,0.028354093483845905,0.806529884466861,0.020400400638727858,0.10000502437905544,54.31724033748694,0.4699264030101169,0.003481628053675856,1.5011005401611328,0.9881291565689189,2064273000.0,-0.1965599115190765,-1.0271796369252544,0.6069776152127437,-0.3077828980137065,0.005732346070199127,1.0085780136814415,0
AVGO,2020-05-06,23.390940604246502,23.578361159710653,22.980358535384013,23.0291748046875,22727000.0,-0.002608257697716328,0.02596717551274336,-0.015466064641225453,0.013063242451083009,23.14921054840088,22.865421772003174,22.648323896984834,0.0071616012267577,1.3800447845458983,0.028379235829328414,0.8016108456802348,0.019566310846080227,0.09527403909906827,53.42880334186112,0.4433468936994558,-0.018478305005588225,0.3669910430908203,0.8870232791408824,2041546000.0,-0.16182995811717518,-1.045165590551783,0.5826579122099783,-0.3194610712764227,-0.011245297101713549,0.9956884923095526,0
AVGO,2020-05-07,23.536523465090106,23.577495221864638,23.18783456110622,23.34038543701172,18238000.0,0.013423258862763486,0.016694696908199712,-0.008333347458301133,0.022030692141836405,23.22609672546387,22.894406890869142,22.71423451984454,0.019479803432935663,1.4323080253601077,0.027721126074298778,0.7838658636752724,0.0191828419706587,0.09680902154523897,51.142118359793166,0.44229602495259,-0.015623339001963221,0.7688617706298828,0.7250161993695162,2059784000.0,-0.12832381018147598,-0.9057917819657872,0.7084975094808763,-0.2820567679038648,0.011795767886404625,1.0451077217214542,0
AVGO,2020-05-08,23.72829625902949,24.020324289210386,23.53913321824833,23.974994659423828,16757000.0,0.02682625728059249,0.020070539226260394,0.010396802096420674,0.016619726485006887,23.315186500549316,22.98476095199585,22.834306914090185,0.04308218428137151,1.5127964782714827,0.02747935968751805,0.7828074348738416,0.01746638442891391,0.10029030497180504,60.26978475673425,0.48705638171139043,0.02330961420546973,0.8908977508544922,0.69096044615337,2076541000.0,-0.34888934283312123,-0.7424095842087546,0.965104966547255,-0.22850555917512105,0.022441543503706935,1.0968524073256065,0
AVGO,2020-05-11,23.830287296254735,24.124057801608892,23.689067623547626,24.007247924804688,20851000.0,0.001344383609500216,0.0181191188278868,0.0074258705434703635,-0.006035762060627337,23.375771522521973,23.05223217010498,22.946015581777278,0.04142834182990427,1.5674767875671378,0.027161248816257866,0.7423969391533988,0.017038371837548257,0.1065008741463401,69.46279153535399,0.5191474472740332,0.044320543814489965,0.6058502197265625,0.8685075923083487,2097392000.0,-0.25044617100329375,-0.6817289121322119,0.9781467379542498,-0.27254207635194666,-0.0037059366015628303,1.1711282765072233,0
AVGO,2020-05-12,24.1101097567861,24.209484771522817,23.38134911841477,23.401397705078125,18764000.0,-0.025560030056856555,0.035388298732876806,-0.0293948081764559,0.0042846157253673455,23.408199310302734,23.055806159973145,22.989385307805932,0.014989349865157328,1.5915486717224105,0.027125250678143427,0.7108278365054714,0.017399610749253433,0.10681525238755075,56.431993351567,0.49004387772500024,0.012173579412365632,0.3242778778076172,0.7886900070824057,2078628000.0,-0.03463457785683809,-0.7454644710299153,0.733168129455267,-0.20202144689976584,-0.024430495417447955,1.1583145417342107,0
AVGO,2020-05-13,23.54262002180167,23.56528566819329,22.609005553150716,22.939388275146484,21927000.0,-0.019940306517418092,0.04168725439212241,-0.025622965746392435,0.00603478127688504,23.29600887298584,23.080693912506103,22.98462368564789,-0.006122243890675686,1.6277970886230477,0.026041111955770458,0.7375398449506759,0.01798643026776301,0.1038771772412526,53.006543232060686,0.424801937055566,-0.04245468900565491,-1.1219043731689453,0.9294488669599934,2056701000.0,0.006119970279136669,-0.5831581917825758,0.5463522736994597,-0.15375767033263493,-0.022456634105514257,1.1352690935587102,0
AVGO,2020-05-14,22.748478535067925,23.270639635490312,22.207138429227985,23.240129470825195,19912000.0,0.013025057953320825,0.04576141484666826,0.021612475523725302,-0.008322355321279406,23.25224781036377,23.11691379547119,23.00895756995049,0.005330109217470104,1.6885630989074691,0.026170468565717527,0.774961640411605,0.018630844246763353,0.10125422732266293,51.32098785716508,0.39283615941080186,-0.05953637332033529,-0.4376106262207031,0.8567175224376345,2076613000.0,-0.05125133084978209,-0.6364431775986322,0.667958501174202,-0.1792073977243431,0.011810031049371962,1.1418353261942422,0
AVGO,2020-05-15,22.614233447914515,23.018713457983875,22.383227427118705,22.70053482055664,21650000.0,-0.0234920184152185,0.027994319764209158,0.003816241342105809,-0.0269316926007838,23.258437156677246,23.09307231903076,22.979583974770122,-0.016998063007002018,1.680499439239501,0.025905822811804695,0.7933922295112306,0.018506020159749954,0.10258481212418016,44.28165023717006,0.32027039389093304,-0.10568171107216329,0.061893463134765625,0.9571070169427831,2054963000.0,0.16367821196869728,-0.5463889231357174,0.4497706681550994,-0.14141197821743698,-8.154109671566725e-05,1.2840609051639613,0
AVGO,2020-05-18,23.41622133080501,24.123189357714914,23.362174268771007,23.84423828125,26531000.0,0.04915412206312741,0.03191609979938729,0.018278651547383992,0.03152729730403851,23.356681060791015,23.15954122543335,23.06193200395868,0.02956436178317231,1.7320034408569356,0.027409602642260944,0.8184855880381746,0.018621598001819128,0.1033710517744257,55.52072843545743,0.35100267254018647,-0.05995954593832792,0.9824390411376953,1.1658518900985415,2081494000.0,0.09495469044690712,-0.5944626374754614,0.9122329619916598,-0.3419446608650796,0.046651691549140006,1.225579227930916,0
AVGO,2020-05-19,23.844235951013715,24.062166666039065,23.676863991347947,23.70650291442871,18702000.0,-0.005793211570314096,0.016253037232837813,-0.005776366112556649,-9.772743659638165e-08,23.41839942932129,23.265455436706542,23.123319709717734,0.018957182193680346,1.7884555244445792,0.02546713503939771,0.7696693475888409,0.01825256758594749,0.08284703260209203,47.092449281662475,0.36009320150710167,-0.04069521357713024,0.6171836853027344,0.841108255246807,2062792000.0,0.19343591869075283,-0.35943596796524196,0.7618491552665277,-0.23021424490692802,-0.013769699516779548,1.1744285930207248,0
AVGO,2020-05-20,24.14410863868485,24.522436375519014,24.066524691808656,24.29317283630371,18605000.0,0.024445962553643903,0.018767070345021918,0.006173936664544555,0.018459311600522624,23.54479923248291,23.347004890441895,23.234734293202113,0.040526309472951196,1.8348326301574716,0.023707770213830182,0.782994613768751,0.017417401315972383,0.08763432176958569,54.88105532492766,0.4099116643913554,0.007298599445698772,1.263998031616211,0.8696648015967612,2081397000.0,0.05620177062392695,-0.19574987312203682,0.9999999941916158,-0.23462457676125265,0.01833304055630246,1.1197002455563054,0
AVGO,2020-05-21,24.3140969490691,24.364657372852,23.941871205614802,23.954946517944336,14847000.0,-0.014020519905744749,0.017649221915148207,-0.014771283989257998,0.0008613165890838261,23.606255340576173,23.41617603302002,23.303325933653753,0.023008474310002285,1.8465727806091294,0.02398066943715404,0.7296324234328492,0.01723818258137027,0.08444844375436088,61.74553739465628,0.4172908487832103,0.011742227070042965,0.6145610809326172,0.7052302080018236,2066550000.0,0.10185314962943541,-0.3179731871473434,0.7955757683475975,-0.25201071747534376,-0.006541450343035628,1.1269922667792578,0
AVGO,2020-05-22,23.86254118255951,24.168515749000413,23.580974748901397,24.116212844848633,17452000.0,0.006709508737693166,0.02436290489038742,0.010630538476271687,-0.003857463648086439,23.620377159118654,23.467781829833985,23.380743734719932,0.027630690426566313,1.790910243988037,0.023560801991744477,0.7273285504725059,0.017262925053031897,0.08717489977171633,61.31828602968933,0.4311813600822063,0.020506190695231186,0.1412181854248047,0.8407907827130096,2084002000.0,0.18770741306873925,-0.0937376942344559,0.8930452501845879,-0.2839389753570542,0.001475263889631815,1.1140501026230312,0
AVGO,2020-05-26,24.844105256537112,25.026295042517223,24.529413203415224,24.584331512451172,23573000.0,0.019224963158656683,0.02021132194089682,-0.010456152125382976,0.03018269976183104,23.6780855178833,23.526928520202638,23.49537114212291,0.044944370485552124,1.75989519119263,0.023737131947493356,0.7507407948448319,0.01712864669663768,0.09666862112029292,62.927859672602985,0.4744932913066151,0.05105449753571195,0.5770835876464844,1.1168914853192704,2107575000.0,0.1588023199914046,-0.19039720396102774,0.9999999948604356,-0.259307742868163,0.022299045784674443,1.1234767566955242,0
AVGO,2020-05-27,24.671501528530218,25.088185632931573,24.408241173115876,25.06987953186035,22812000.0,0.019557797264006544,0.0271219675659136,0.016147294590399163,0.0035457549876797448,23.844933700561523,23.62656650543213,23.645324322097903,0.06108856424336962,1.6797051429748535,0.02369022866605205,0.7565937830940503,0.016422565907000704,0.11069263069721536,66.43731354828043,0.5417529849389311,0.09465135293442234,1.6684818267822266,1.0711317503322042,2130387000.0,-0.03534807149965445,-0.19103842162518342,0.9999999958868695,-0.18090196286000546,0.023529355726500983,1.110129207555438,0
AVGO,2020-05-28,24.84410223453639,25.218943341296704,24.620069479585723,24.681961059570312,18543000.0,-0.01559445154342689,0.02426362556941699,-0.006526344698236567,-0.00900591871760014,24.019190979003906,23.657599925994873,23.744051630428608,0.043299452875474535,1.5591206359863286,0.022276175413600018,0.7602047434178962,0.016295892675959045,0.11654752639554714,60.67411877988471,0.5573304395970737,0.08818304607405197,1.7425727844238281,0.8923183530872392,2111844000.0,0.05767744968627995,0.05929190704132778,0.8404440647679143,-0.14649354212473814,-0.006850764630642469,1.0814534445298576,0
AVGO,2020-05-29,24.66103703116063,25.454304588923883,24.574735668798493,25.390668869018555,27300000.0,0.02830908382269434,0.03464142375753705,0.02958642155397306,-0.0008477457832131042,24.234244918823244,23.743246364593507,23.900872319818127,0.06938488858827135,1.4247342491149908,0.022669461556785567,0.7744640339840908,0.016766336315226813,0.1332379828262639,61.132413041643325,0.6197187499593326,0.12045708514904868,2.1505393981933594,1.3014408809753648,2139144000.0,-0.14695547794699057,-0.06805798416865658,0.9999999963663154,-0.32412840196524795,0.000509206105286005,1.071483962218156,0
AVGO,2020-06-01,25.316574324650823,25.375852168895168,25.050698594890232,25.279090881347656,18444000.0,-0.004404132507094267,0.012862550136889118,-0.001480589072110871,-0.0029181800900937005,24.492100524902344,23.875268840789794,24.032131230439987,0.05879816681148804,1.3845217323303203,0.0198468582532282,0.7676768979888805,0.016119231814687496,0.13683472904913324,59.87813303803929,0.6526353502299855,0.12269894833576123,2.5785560607910156,0.8972060815823201,2120700000.0,0.2523532484299322,-0.2301406709717257,0.9585232574860254,-0.36583869042393297,0.004302056390761852,1.0048159608069815,0
AVGO,2020-06-02,25.36974840334217,26.005234384218472,25.28780658245101,25.982568740844727,31847000.0,0.02744827347631332,0.027611888903176122,0.02415555438382934,0.0035862651240123364,24.705933570861816,24.031307315826417,24.217887183811865,0.08119664063890901,1.3560340690612804,0.0204420771383317,0.7603917444005069,0.016135003072023407,0.15082752341421488,69.7479275866257,0.7271051614534265,0.1577350076473618,2.1383304595947266,1.4953608925116908,2152547000.0,0.15785050923146302,-0.5504687331079187,0.9999999969531089,-0.38412098435660436,0.012053452081817656,1.0240198024721832,0
AVGO,2020-06-03,26.24321651493048,27.097504525643078,26.19614439790625,26.982437133789062,31926000.0,0.03776029769003886,0.03340543787551484,0.02816806461800665,0.0100316399308131,25.033526992797853,24.22596321105957,24.481177655238263,0.11378180911020679,1.3483457565307617,0.02164712569954611,0.7717242922402053,0.01655360086163467,0.1803346150456316,78.58023720183948,0.8569259376445189,0.23004462707076334,3.2759342193603516,1.4800838185661824,2184473000.0,0.09928119469931837,-0.8913353316000652,0.9999999976645895,-0.2681985052569066,0.021789225829559066,1.0633429119603073,0
AVGO,2020-06-04,26.652926928377624,27.284924667437604,26.33474662348283,26.926647186279297,34997000.0,-0.0020697798202427885,0.03528764784670518,0.010269801081679394,-0.012212025317713246,25.29687442779541,24.42083683013916,24.714079515337406,0.10260952040846849,1.3756218719482405,0.021633548412072354,0.7636297806468088,0.016875339178008552,0.1980092277819589,76.9947846541101,0.9444213540881066,0.25403203481148084,2.633474349975586,1.5775855462745496,2149476000.0,0.09633227480482406,-0.8860782197428996,0.9869707542820244,-0.2835836655017942,0.0017334848914925477,1.0896376825065694,0
AVGO,2020-06-05,27.868987085237414,28.602107533830814,27.46712401052611,27.640596389770508,50958000.0,0.0261691777145019,0.04106219369832874,-0.008195155951898105,0.03499655536164542,25.665439414978028,24.6358473777771,24.99279540814056,0.1219665378136817,1.4171071815490741,0.021998025742230195,0.8220982309214536,0.01758791674341673,0.2236238547547041,85.2732637389704,1.0591624703370748,0.2950185208483592,3.685649871826172,2.1393036914512646,2200434000.0,0.026684625741438688,-1.0332373087685864,0.9999999979757338,-0.31618577324744546,0.0348220722237013,1.0346827753220034,0
AVGO,2020-06-08,27.67720139064886,27.79401293473379,27.316308504714,27.678945541381836,23916000.0,0.0013864596999800917,0.017258765480534684,6.301759732593733e-05,0.0013243202267480846,26.021712684631346,24.821044921875,25.248619230354013,0.11514022182993357,1.472679519653319,0.021610972053446916,0.7546017946972761,0.017531979793862076,0.245738478196979,82.51292807325774,1.1400483202864606,0.300723496638196,3.562732696533203,0.989169839336417,2224350000.0,0.1885866308544334,-0.8601572957693603,0.9999999979913269,-0.316077599154577,0.01796567810330426,0.9958507752945259,0
AVGO,2020-06-09,27.197752592276,27.79749765175776,27.16026748688381,27.487163543701172,22335000.0,-0.006952919952920614,0.023182827272410375,0.010640987718998253,-0.017384800601830036,26.311995887756346,24.995040702819825,25.461813926863265,0.09970469220332777,1.4991275787353509,0.021811819702595197,0.772596615424621,0.017637979101542405,0.25965732033306094,81.76358203627012,1.1751295724798432,0.2686437990652627,2.90283203125,0.9209530740700267,2202015000.0,0.23124621256770073,-0.9256458906220599,0.961477262915815,-0.34739357173979385,-0.013835412263382415,0.9833243520199638,0
AVGO,2020-06-10,27.6031055438207,27.82626538865324,27.433118187106242,27.462757110595703,25914000.0,-0.0008883155578676876,0.014315649365451282,-0.005084516050244581,0.004218041630057411,26.551283645629884,25.198108673095703,25.65237994436159,0.08987374671573078,1.5715591430664055,0.020560611150167954,0.7423975968858135,0.017114404873433405,0.2644880841220165,79.40797866603793,1.1872761420989555,0.22463229494749992,2.3928775787353516,1.0530058452917663,2176101000.0,0.30084985296888506,-0.7816505723873175,0.9565748082118772,-0.4924055381477882,-0.015464798943418616,0.923989469707229,0
AVGO,2020-06-11,26.81593606757456,26.897006647270967,25.57634713475969,25.606857299804688,45115000.0,-0.06997062101962942,0.051574447287040005,-0.04508806868692508,-0.023552662262434836,26.64377326965332,25.331482124328613,25.64804445440379,0.010870867090042598,1.606166496276856,0.02603877664877417,0.8469421546428718,0.017540428333249643,0.2495522423750813,61.95882372414479,1.035213485046846,0.05805571031631229,0.924896240234375,1.7507504186239633,2130986000.0,-0.9155233479012211,2.142076919900189,0.5837851949926016,-0.29195688689726834,-0.0670084943191805,0.9724281081681302,0
AVGO,2020-06-12,26.397511833250054,26.496017276648836,25.517944433627864,26.173479080200195,39439000.0,0.021886470359694547,0.03736885110497896,-0.008486889006061543,0.03087667198627286,26.722054290771485,25.478149604797363,25.698085847336785,0.027291207796306952,1.619251174926756,0.026248506818665595,0.8748372862801543,0.017138167864302663,0.2371687818168557,64.06770846253985,0.9494793688689498,-0.022142724689267146,0.7828102111816406,1.4746142312854962,2170425000.0,-0.9382869988706336,2.050154644089189,0.6976009910431592,-0.30452513852706264,0.019165787503317308,0.9750976119405237,0
AVGO,2020-06-15,25.71582795137249,26.740101789448524,25.49005102081596,26.508224487304688,29824000.0,0.012708393602718589,0.047157091519262825,0.030813572758475825,-0.017485299811514612,26.844967651367188,25.668534088134766,25.77524190828611,0.032712830267581906,1.6927723312377942,0.02533696688691143,0.8991207556347237,0.017914193068550376,0.21444490489764667,63.40011609564989,0.8981918246368359,-0.05874421513710493,1.2291336059570312,1.0983280547985559,2200249000.0,-1.1871439081844388,3.1415435145883173,0.7052893720385867,-0.21537078982128066,0.009404327966205476,0.9631666683093978,0
AVGO,2020-06-16,27.02340762142666,27.42004144097591,26.50037359299221,27.086172103881836,30387000.0,0.02156830033964931,0.03395340781698585,0.002322596887528884,0.01943484122705781,26.9553279876709,25.830630779266357,25.90009240310475,0.048606684631844345,1.7215653419494643,0.023570657159288487,0.916243854789581,0.017982672416684487,0.2075671150579694,63.86522336974496,0.8938775548413425,-0.05044678794607871,1.1036033630371094,1.1111720566940186,2230636000.0,-1.598434716771026,4.131178071938244,0.8507786010587534,-0.17238122961136265,0.021837986475405607,0.947234171783738,0
AVGO,2020-06-17,27.3215361838321,27.608333407988315,27.179446931743925,27.323280334472656,20279000.0,0.008715755110358768,0.0156967417834642,6.38379419144232e-05,0.008689455233747652,26.989412307739258,26.011469650268555,26.035634110854076,0.050432009468801275,1.7960540771484368,0.023390305884680943,0.9107643863892595,0.01797492504178915,0.1970544831668181,68.54798566121123,0.899225406816889,-0.03607914877642582,0.34084320068359375,0.7394172973110935,2250915000.0,-1.7304272589878482,4.6223571262048875,0.9044937408104328,-0.1500617352454572,-0.008253861784768989,0.9370240097508735,0
AVGO,2020-06-18,27.20821664838493,27.818423379042002,27.15591373688505,27.782682418823242,33625000.0,0.016673793714934923,0.023846136666401535,0.021113687003123577,-0.004211195898852423,27.075015830993653,26.185945129394533,26.202019663993998,0.060976882099495186,1.8564385223388697,0.02314643889109553,0.8952601522486567,0.01808933560283247,0.19440629638155824,67.40677599149916,0.9298151960699492,-0.004391487618692458,0.8560352325439453,1.1933640088513002,2284540000.0,-1.749283232963272,4.800374769721818,0.9999999973874896,-0.11513960685945528,0.0013218484256292981,0.9264381321284308,0
AVGO,2020-06-19,27.97819627160989,28.015185667650822,26.665067672729492,26.665067672729492,58465000.0,-0.04105851008221296,0.05063246082798351,-0.04693399766244109,0.007037256152565841,26.97746295928955,26.32145118713379,26.24611947434976,0.01305461781047697,1.9138568878173814,0.025065226445731552,0.9674135608767287,0.019123108117112483,0.17660257441404095,58.79765898523172,0.8540309179209089,-0.06414061261418624,-0.9755287170410156,1.9258800529028193,2226075000.0,-1.5594510893909859,2.9731246258557955,0.6951795915671533,-0.1477036108482741,-0.006368411695148771,0.9560054065402783,0
AVGO,2020-06-22,26.90550355029179,27.669954564562623,26.732006117833578,27.613590240478516,27195000.0,0.034953669616015176,0.033966914052865387,0.026317540892702256,0.009016886081567803,26.970927429199218,26.496320056915284,26.376354785409646,0.04216699453892523,1.9798122215271015,0.025943274176753343,0.9873238029454655,0.019396321367315304,0.16190759328879475,60.04075259488875,0.8605888430898609,-0.04606614995618741,-0.06535530090332031,0.8816749717131303,2253270000.0,-1.5024162841501452,2.64977159544999,0.9471314459338533,-0.24266406273457514,0.001529310162417901,0.9489762257788261,0
AVGO,2020-06-23,27.747451330425342,27.957057897974607,27.415425322073965,27.416305541992188,22419000.0,-0.007170122381359992,0.019755855684986164,-0.011934277652041768,0.004847652506648725,26.96384162902832,26.637918758392335,26.475397714607983,0.029221005979020425,2.0262412834167485,0.02596063172184275,0.9463735737384863,0.01938728970551932,0.14874878356758578,52.96381435982804,0.8401817276809922,-0.05317861229204501,-0.07085800170898438,0.7281969662519893,2230851000.0,-1.3446699074500472,2.2748130641659157,0.8818414029509116,-0.28121250883670884,0.0003813310912352617,0.9640677847682692,0
AVGO,2020-06-24,27.23136016885466,27.387244773788264,26.818310228750477,27.034963607788086,19096000.0,-0.014006952451648822,0.02104439839761605,-0.007212146575736523,-0.006745816749607471,26.92106227874756,26.73617296218872,26.528689704434658,0.011175520367487524,2.050394573211669,0.026098768851920594,0.9212176644018388,0.019240576756445013,0.13793323278396205,50.708414809352135,0.7841980872084058,-0.08732980221170517,-0.4277935028076172,0.6240278159026441,2211755000.0,-1.1422683146295836,1.772006545155913,0.7588564943468922,-0.23981763348238944,-0.029568296480417196,0.9432055761160497,0
AVGO,2020-06-25,26.95482096203943,27.256020824726004,26.685324137781485,27.200536727905273,15029000.0,0.006105729032516604,0.020981081823625385,0.009115837427402186,-0.0029644073841315574,27.080430221557616,26.862101745605468,26.592675135241382,0.012598976259524526,2.0811452865600586,0.025689489809926875,0.8423059743584818,0.019179635294738987,0.1174923747548838,46.899502442727,0.7446076424348576,-0.10153619758820276,1.593679428100586,0.49396065800069006,2226784000.0,-1.3120167468287065,2.3522253209689374,0.7674757683596767,-0.20803174294655638,0.01166690264042037,0.9214351507088209,0
AVGO,2020-06-26,27.61622780724413,27.81086224754415,26.69853466069313,27.073713302612305,31425000.0,-0.004673437442284745,0.04108515052986254,-0.01964477220502461,0.015282458706500265,27.17045364379883,26.946253967285156,26.638488294038613,0.004730131892714785,2.074137878417968,0.02515945636827058,0.8876361998464269,0.01938048568313597,0.10533291599924494,45.788266207153875,0.6949869621195646,-0.12092550232279664,0.9002342224121094,1.0258963330531226,2195359000.0,-1.2265752183615346,2.372810416051752,0.7168191724701247,-0.19727708653643808,-0.02529405411337099,0.8829058362741132,0
AVGO,2020-06-29,27.13183669058861,27.33792236634541,26.813022398804552,27.282438278198242,14516000.0,0.007679940371926112,0.019239481530062413,0.005550733231649033,0.0021468568912819657,27.247875022888184,27.046421337127686,26.699816863958578,0.00872636486880808,2.092203769683838,0.02510458198952904,0.8796126143226347,0.019477734292595274,0.08782048996644126,48.5786939523811,0.6648407067954096,-0.12085740611756135,0.7742137908935547,0.4769453940894386,2209875000.0,-1.3129053248895486,2.5756167024338277,0.7700899102812347,-0.18790714577999565,0.018579803987443185,0.8649855364851962,0
AVGO,2020-06-30,27.29741251646317,27.924473470481335,27.015585915271906,27.79589080810547,25125000.0,0.018644988432664072,0.032698630209664105,0.018261008846866197,0.0005488599703675536,27.318846893310546,27.137087440490724,26.804204858639235,0.02427686349232115,2.077249259948733,0.0247350045981672,0.9164512110128084,0.019621769427378945,0.08258994437336062,52.16571853979771,0.6746044896902212,-0.08887489857819986,0.7097187042236328,0.8347384071031667,2235000000.0,-1.3511336010166255,2.7731191972545286,0.999999995431774,-0.2767616518450104,0.0157609357743189,0.8516704082733397,0
AVGO,2020-07-01,27.751856263380247,27.905098531492847,27.472673665019624,27.54224967956543,15661000.0,-0.009167019437734758,0.015700419223090924,-0.007552885174599067,-0.0015842105953438454,27.340743827819825,27.16507806777954,26.874494841584585,0.01388442951299332,1.9861592674255348,0.02346724167834451,0.812595131772609,0.0192034932470203,0.083361881214339,65.89304005668343,0.6543328963517361,-0.0873171935333481,0.21896934509277344,0.5347606364815951,2219339000.0,-1.4431370055268604,3.1002824374229636,0.8841309936921725,-0.2929599562705039,-3.501233251071462e-05,0.8126630816015692,0
AVGO,2020-07-02,27.984361044168455,28.12791584807132,27.712223574665146,27.78356170654297,16638000.0,0.008723362611087075,0.014961806468414853,-0.007175412625530581,0.016052115195624116,27.340831756591797,27.207923793792723,26.961072638247288,0.021156995179103043,1.9265774345397944,0.02351048313816303,0.7845660835929605,0.01871136388450316,0.08518240133966878,63.96793602896255,0.6502437710009694,-0.07312505510729184,0.0008792877197265625,0.5865048884220098,2235977000.0,-1.5099266459566443,3.219733256691312,0.9943677831063682,-0.299004725503408,0.005247417973212412,0.8153918370991508,0
AVGO,2020-07-06,28.182521760341782,28.26971057697553,27.948253889723734,28.075956344604492,17561000.0,0.010469023679643575,0.011449536507028976,-0.003781259058564274,0.01435957196606866,27.481920623779295,27.229691791534425,27.067252038852736,0.031078741516361183,1.8382567787170423,0.022890775839063227,0.7300016622929605,0.017969631927732706,0.08875148208838164,63.70120866533654,0.662954783280906,-0.04833123426188424,1.410888671875,0.6577596991557481,2253538000.0,-1.5895172632023893,3.601443222548561,0.9999999959499397,-0.30030231119962414,0.012738613345634253,0.8290016583390816,0
AVGO,2020-07-07,27.94825524444563,28.020473605003843,27.526398020766194,27.57659912109375,16150000.0,-0.01794600880925442,0.017916479907073037,-0.013298008049814186,-0.004548414970854719,27.47822151184082,27.224574470520018,27.11576128478045,0.012930400466887586,1.7432894134521462,0.02327357778415551,0.703565267711146,0.017977618949300007,0.08824178052500838,54.34578847914908,0.6255237490517302,-0.068609814792848,-0.036991119384765625,0.6138373768049287,2237388000.0,-1.4059141363328937,2.8738860161147755,0.7977573104894206,-0.31210777635714737,-0.015464797916041398,0.8791575867450702,0
AVGO,2020-07-08,27.842565879075448,28.16842529363142,27.664664034829137,28.1446475982666,18023000.0,0.020389642745080396,0.017899007506291097,0.010849636502420254,0.009644654034886254,27.551055717468262,27.25744867324829,27.21375045749342,0.03254886160947116,1.6812986183166494,0.023648395484914698,0.7085413297419453,0.01787088794983233,0.09286915184404658,56.87509824934665,0.6343833728454875,-0.04780015279927263,0.7283420562744141,0.6906872382091105,2255411000.0,-1.4946210782005025,2.9191977072511195,0.9999999960595641,-0.3383666080536913,0.0031333598309424776,0.892210696826125,0
AVGO,2020-07-09,28.183400008328707,28.56386332667113,27.764185174299897,28.314626693725586,25225000.0,0.006021317530467763,0.028242581501737123,0.004656169422835324,0.0013769015912102748,27.67902202606201,27.300042152404785,27.318595813325054,0.0371642115160539,1.6191419601440415,0.023663018979344388,0.7183390804715367,0.01817299938422109,0.09885326346234916,54.67925330662003,0.6476548193547522,-0.02762296503200634,1.2796630859375,0.9679641287267574,2280636000.0,-1.5401652500214051,3.0129735658651438,0.9999999963069234,-0.46982365075354626,-0.013908635382423736,0.8861995172805411,0
AVGO,2020-07-10,28.35073496076955,28.445849107496603,27.7809185416742,28.13319969177246,13280000.0,-0.00642815280236586,0.02363508498397038,-0.0076730028065013,0.0012752513898396463,27.77228832244873,27.426359272003175,27.39617713508195,0.025772302203927785,1.6640209388732927,0.017329106819512472,0.6693971212501848,0.017164929004149187,0.08302110835167827,65.46091051837465,0.6361991853317974,-0.031262879243968866,0.9326629638671875,0.5427474957189155,2267356000.0,-0.7696171406407909,1.0979981110219315,0.9152664627325386,-0.4384538070059472,0.014835670959386808,0.6089975420811083,0
AVGO,2020-07-13,28.33047535186788,28.493406742237728,27.352895408693584,27.417186737060547,21549000.0,-0.025780292699703656,0.0415984084751664,-0.032236967546142754,0.007012201322877287,27.806635665893555,27.48854465484619,27.3981780495561,-0.002595914722138786,1.6514173889160162,0.01808303344006154,0.6790845813723999,0.017297867011252705,0.07089347583740618,47.82516718635365,0.5628559977831529,-0.08368485343409082,0.3434734344482422,0.9141157905453554,2245807000.0,-0.5624405348173346,0.3732048969065269,0.5031892905649911,-0.39393781906095476,-0.005883570608291619,0.6197328541234529,0
AVGO,2020-07-14,27.212866229161204,27.849614685428936,26.878197852275697,27.74921417236328,18363000.0,0.012037451748076015,0.035007003325184145,0.019709351396077327,-0.007452278377750463,27.85331325531006,27.550594139099122,27.431610061252023,0.0072092831170631625,1.6112554168701188,0.018063277102900885,0.7097834568904425,0.016751488062185887,0.06266596125186456,53.579571807728584,0.5254655921463041,-0.09686020725675171,0.46677589416503906,0.7983722128383882,2264170000.0,-0.5600310201562784,0.38328779210464803,0.6572341330392537,-0.4627016095178352,0.014967798961869977,0.6117742130263393,0
AVGO,2020-07-15,27.825831710889574,27.986120759042887,27.31678577158603,27.634719848632812,15253000.0,-0.004134574000860283,0.024220798722798097,-0.006868145548127092,0.002761070567634291,27.837196159362794,27.57802152633667,27.450953850526385,0.002055924215645315,1.5432243919372546,0.017523292074114388,0.7148791479058101,0.016437498370339542,0.060593527416876264,56.84142554064179,0.4810494525931084,-0.11302107744795797,-0.16117095947265625,0.6857176253211559,2248917000.0,-0.44823851415704313,0.5744833355272017,0.5878250839667081,-0.511685471634687,0.013567177686339808,0.5219311018073031,0
AVGO,2020-07-16,27.35553708810138,27.64352688905565,27.240164451821226,27.419828414916992,12929000.0,-0.007806531224664541,0.01471061127676058,0.002350212557883783,-0.010102608677078594,27.82495403289795,27.582848930358885,27.44798952332549,-0.005910213110849601,1.4614416122436502,0.017535566293730095,0.7029267014979462,0.016421546141672738,0.06021334398685735,52.47362946757025,0.4236261012211848,-0.13635554305590525,-0.1224212646484375,0.5910035266394985,2235988000.0,-0.3025472069965572,0.4765093005378675,0.457553035693263,-0.5383813755768413,-0.003439999784892167,0.5601565184470936,0
AVGO,2020-07-17,27.66730951822743,27.760663230157018,27.301816650310062,27.54048728942871,13354000.0,0.004390770570093539,0.016660801054761067,-0.00458382947099824,0.009025625527831635,27.800646591186524,27.57073917388916,27.456798834382937,-0.0010972460425771012,1.3591056060791011,0.01713630409850961,0.6562494867119416,0.01625420764932568,0.0598609405259788,55.2725860693985,0.383433857500858,-0.14123822942098574,-0.2430744171142578,0.6400866614260786,2249342000.0,-0.2547335555995966,0.7459315607405569,0.5306991749004536,-0.5146792835290493,0.0022116768483868856,0.5588366555637063,0
AVGO,2020-07-20,27.464744713392083,27.975552797765168,27.32471247416611,27.92975616455078,14323000.0,0.014035462661477744,0.023302757085724084,0.01693121330061525,-0.002750226429933271,27.786026573181154,27.633973598480225,27.50184238963702,0.01070358430029722,1.330552616119384,0.014591970772337122,0.6652452264303845,0.01517223980766955,0.05211884326904222,57.025423283535325,0.3786273790117569,-0.11683576632806952,-0.14620018005371094,0.7677546272720933,2263665000.0,0.21376602261246824,0.1457969908131129,0.6992407295352666,-0.28146503574232207,-0.002180973964066392,0.4705336184911653,0
AVGO,2020-07-21,28.114704460315483,28.114704460315483,27.536962713205565,27.684040069580078,14312000.0,-0.008836573314644585,0.020869126957234266,-0.015318119071467247,0.006621908715388051,27.796770668029787,27.637496089935304,27.519194549631596,0.0016840881488132684,1.2598941993713382,0.012511010402090102,0.6415919544232767,0.014714787447814393,0.052131692097891584,48.71116666267464,0.35094549365640404,-0.11561412134673793,0.10744094848632812,0.7946012419808396,2249353000.0,-0.19341455029600368,-0.6646142229128787,0.5072244904558018,-0.27540721085327163,0.01257801148251477,0.4198687170611375,0
AVGO,2020-07-22,27.743045730459155,27.80205405873381,27.334400290609263,27.6364803314209,14404000.0,-0.0017194252523895588,0.0169216109413049,-0.003841157169086395,0.00213139631104326,27.745953941345213,27.64850482940674,27.53036462408772,-0.0004349059037978445,1.19831829071045,0.012401669758903751,0.6441083045412282,0.014656476464101823,0.051565343141978866,51.13993624539092,0.32146408876807087,-0.11607642098805693,-0.5081672668457031,0.8179071933131936,2234949000.0,-0.25957657085918323,-0.5466229488584002,0.4700586627389864,-0.31684053494222586,0.0052018574704457265,0.4140714527770085,0
AVGO,2020-07-23,27.59861389525269,27.838164755832693,27.159142231052442,27.27275276184082,19417000.0,-0.013248514659231846,0.024897469296951327,-0.011807155769871848,-0.001370161312660234,27.64176654815674,27.660394287109376,27.505830161016586,-0.014014316683441719,1.1327806472778335,0.012357050931000044,0.6507766157036825,0.01476015291558097,0.04893533297738924,43.99833841541519,0.2656874088603587,-0.13748248071661529,-1.0418739318847656,1.1015581343234888,2215532000.0,-0.2588355275347881,-0.5248759865302435,0.1603975418832193,-0.27770305927293115,-0.006147160350829581,0.4315013866242285,0
AVGO,2020-07-24,27.00149604147704,27.38195935451564,26.789245447832762,26.931039810180664,15631000.0,-0.012608618787823728,0.0220085786007687,-0.0026093454659717567,-0.009946070451066246,27.521550559997557,27.646919441223144,27.451088222841737,-0.025893649102768593,1.0394727706909173,0.012612373599407584,0.6583884040072766,0.014779156902049105,0.05240316103269904,36.7021137396015,0.19170080129184797,-0.16917527062810084,-1.2021598815917969,0.8852604781686526,2199901000.0,-0.06624645132016316,-0.7512245948902068,0.0,-0.1956150653029934,-0.005385475535270685,0.4509161388461627,0
AVGO,2020-07-27,27.152101357298413,27.56250902813201,27.080764891883298,27.53784942626953,20646000.0,0.022281883484029506,0.017493890994051832,0.014206932412078696,0.008208429703266852,27.533616828918458,27.670126247406007,27.459351194596763,-0.004780492141812,0.9767251777648944,0.01356135881295014,0.6642391821582085,0.013927826402360352,0.04879900719282219,49.56089192577236,0.17995592654535741,-0.1447361162996731,0.12066268920898438,1.2060988433228172,2220547000.0,-0.10331771692483138,-0.892961936365635,0.4385771641231332,-0.25460845431634305,0.006014796319729055,0.5979050310872531,0
AVGO,2020-07-28,27.40574283039826,27.487648652480193,26.96362877901882,27.06843376159668,13974000.0,-0.017193158027496658,0.019359076254025286,-0.012307970295348468,-0.004797273520758259,27.465538787841798,27.65942602157593,27.42212096288247,-0.021366757911193586,0.8786669731140151,0.014032323735102558,0.6629816446377116,0.013924342566760005,0.051124598956061064,37.52563303929946,0.13125705796328901,-0.15474798790539324,-0.6807804107666016,0.8176280944830284,2206573000.0,0.07190095808748716,-1.0725942546851168,0.09930272688836711,-0.3928512260232785,-0.003648511491461618,0.6661978211396218,0
AVGO,2020-07-29,27.17235456949288,27.410143315894693,27.076356835157096,27.200536727905273,16562000.0,0.004868462623908839,0.012271319641735211,0.0010371629123985089,0.0038391880672327453,27.42212047576904,27.62965831756592,27.401017702408453,-0.015531194217936249,0.7817733001709009,0.013362874216151462,0.630269601918196,0.013298461816948846,0.053024124805782794,36.97222244902989,0.10214499518470532,-0.14708804054718155,-0.43418312072753906,0.9939535790910858,2223135000.0,0.0893847201575716,-0.8404342866453859,0.19478134621102455,-0.3820840218663308,0.013181034720445706,0.5717508562158022,0
AVGO,2020-07-30,26.94953298969801,27.559859659965365,26.94953298969801,27.48676109313965,21259000.0,0.010467768209455167,0.02220438661278433,0.019934597881442258,-0.009227896519768164,27.42881374359131,27.626883888244627,27.409183739620946,-0.00507197248958947,0.7033937072753886,0.013455781663312792,0.626369323664264,0.013471991462168173,0.053160628566227615,42.62161183378995,0.10100506635767914,-0.1185823754993662,0.06693267822265625,1.2547623895907656,2244394000.0,-0.10668725361453617,-0.8904616284156084,0.4016526071124866,-0.33994770422185294,-0.009636733744218608,0.4475228034741162,0
AVGO,2020-07-31,27.71574752395943,28.04160866369877,27.425115341947222,27.896291732788086,24719000.0,0.014789293230039191,0.022099472124675057,0.006514138166666457,0.008330789868033334,27.464394187927248,27.632520389556884,27.455574977065435,0.009545685280139401,0.6369678306579587,0.013733597511927022,0.5889394656790786,0.013653159978748063,0.05363928368192342,55.8798270891291,0.13163001569469657,-0.07036594092987905,0.355804443359375,1.4249972617270135,2269113000.0,-0.11521098742057882,-1.0013467806800618,0.6976445983340637,-0.3127551892103603,-0.0020166142162238877,0.39999919629487657,0
AVGO,2020-08-03,28.006378825067873,28.489884999943353,27.942969390848152,28.290847778320312,20796000.0,0.014044585094426514,0.019331891825489642,0.010157291484475833,0.003946298430425283,27.5005033493042,27.643264961242675,27.535124767661138,0.02342642295515087,0.5609943771362289,0.013898392370445718,0.561952068107795,0.013813971797063758,0.055975929969170106,56.54673393998894,0.18559842105026192,-0.013118028459450953,0.36109161376953125,1.187769334235754,2289909000.0,-0.12001323125848522,-1.0632140292037229,0.9828135655836195,-0.1948022517119623,0.0037769409982027296,0.38096474411859554,0
AVGO,2020-08-04,28.226559634943357,28.93905079116332,28.216873853953697,28.921436309814453,25258000.0,0.022044708703882945,0.02497029985730176,0.024617830993639362,-0.002272400738242313,27.624242973327636,27.71050682067871,27.667154438342404,0.043699290544736834,0.5321317672729471,0.01401577904275904,0.5657264930901356,0.014022691878976118,0.0693233817743631,63.82744168416232,0.2760696366354942,0.06188254970062507,1.237396240234375,1.4060460313351528,2315167000.0,-0.24714912866193528,-0.9234697098622889,0.9999999949758754,-0.008359479344283686,0.00739337033359555,0.3031077876854806,0
AVGO,2020-08-05,28.909098149111376,29.20237262750642,28.693326694315836,29.022706985473633,22299000.0,0.0034954621127334814,0.017539574556914187,0.003929864423198912,-0.0004266095421716767,27.76286563873291,27.754409790039062,27.79625468092633,0.045697141628022846,0.4872672271728504,0.01335827172814688,0.5732753142298613,0.014012140297101029,0.08015429373538673,67.65618002469716,0.3518841228402039,0.11015762872426776,1.3862266540527344,1.226726226987536,2337466000.0,-0.21782590441960226,-0.7164944808791373,0.9999999952191247,-0.021636841688736558,0.005858475116880344,0.2934358642226662,0
AVGO,2020-08-06,28.866826695659963,29.140726282896743,28.6589805604656,28.98924446105957,14193000.0,-0.0011536425612625764,0.01661808478355057,0.004240776675865262,-0.005370976935118097,27.934514808654786,27.78814067840576,27.909872755224736,0.043223610968507686,0.4426108169555647,0.013329873946579564,0.574910967271589,0.013667871320558002,0.0877777859585964,66.27105205157426,0.4046034861773542,0.13030159364913446,1.71649169921875,0.8052286246776783,2323273000.0,-0.13192494803564625,-0.7166804617094372,0.9840019795456247,-0.012630429576047437,0.001051125636980916,0.4317670625411685,0
AVGO,2020-08-07,28.921437592504915,29.039450927195652,28.312869497519603,28.704782485961914,14192000.0,-0.009861134515437107,0.025312208158283788,-0.007491159655363626,-0.0023390353841659427,28.11188907623291,27.816719818115235,27.98557844386637,0.03192549924413036,0.39073352813720774,0.013454161676332625,0.5803210462770882,0.013722254628170071,0.0919575650960978,58.914208776540335,0.4186048413633223,0.11544235906808203,1.77374267578125,0.8030942215356229,2309081000.0,-0.1079029392179136,-0.8020674038100151,0.8480042562473012,-0.0765146011924836,0.00811745540038314,0.5104767412747437,0
AVGO,2020-08-10,28.554174954807202,28.99892788590902,28.54008135789847,28.83071517944336,11989000.0,0.004377572097114626,0.015915197559114358,0.009684756256379011,-0.005246774861588546,28.241175651550293,27.887396240234374,28.06606765677846,0.03382599546922771,0.39260902404785014,0.011923191872847112,0.5718285306271333,0.012759076521757399,0.09615452124677872,63.56255474513441,0.4348500514150828,0.10535005529587405,1.2928657531738281,0.6972923143137142,2321070000.0,0.07199421107134615,-1.0491263182753512,0.9082111067285391,0.006291803884553039,0.010889656423440941,0.3002644848615992,0
AVGO,2020-08-11,28.849208509024745,29.355613763423587,28.42559095392796,28.537439346313477,19316000.0,-0.010224431671082989,0.032589567616194526,-0.010806853245407783,0.0006414453982942322,28.38807621002197,27.926807498931886,28.11096019863894,0.021865436899161882,0.36685331344604677,0.012026812253991158,0.6048548907250678,0.01259973945597246,0.09809031908761019,60.07091810974492,0.4192270007909684,0.07178160373740772,1.4690055847167969,1.1203331535325056,2301754000.0,0.28102753239776246,-1.0129873827208906,0.7679995878062277,0.019060171474945688,-0.003071752127446916,0.2865283098287319,0
AVGO,2020-08-12,28.697732830189924,29.581080659502987,28.65457853165713,29.383800506591797,18471000.0,0.02922663285873924,0.031531051516726055,0.02390668559855937,0.005616953992655779,28.606402587890624,28.014261531829835,28.23218308511064,0.04888720599388345,0.38628271102905387,0.013483754000711785,0.6308990898971578,0.012901439223707432,0.10762848594739785,71.29916198940222,0.46972519327814766,0.09782383697966957,2.1832637786865234,1.0614175219225148,2320225000.0,0.31798606195651613,-0.8891506633474253,0.9999999959229614,-0.11258297352852178,0.012117360954745311,0.66087178526295,0
AVGO,2020-08-13,29.257863690484733,29.363547213591612,28.873876079666758,29.012147903442383,15095000.0,-0.012728883812097181,0.01687814136980779,-0.008398281896373698,-0.004285926732956549,28.7589412689209,28.093877506256103,28.306465448761283,0.03268578346491817,0.4253044700622546,0.013733412734827281,0.6249855556287408,0.012948000630859189,0.1098567350702917,70.87099835650524,0.4742888094396207,0.08190996251291405,1.5253868103027344,0.8620541960537957,2305130000.0,0.3004381940012164,-0.9551653886872375,0.8484757962005947,-0.21882101635088805,-0.008086937166937971,0.7131512039639194,0
AVGO,2020-08-14,28.88884219728964,29.050013157388193,28.7109403389506,28.871231079101562,10140000.0,-0.0048690005736566865,0.011744314518184426,-0.0006096166146677416,-0.00425014054675046,28.856435203552245,28.160414695739746,28.360252651650836,0.02524168733981519,0.45294998168945355,0.013836356343160251,0.6041000985206156,0.01285017994361998,0.11060742679923448,64.75060272448657,0.46121806335729687,0.055071373144472135,0.9749393463134766,0.5844447774614113,2294990000.0,0.3948995175853099,-0.9679701186688812,0.7910234634179935,-0.18488954469557303,0.003030723703193325,0.7086819966877026,0
AVGO,2020-08-17,29.020069642833953,29.220870663553733,28.97515490700095,29.091407775878906,10594000.0,0.007597230220615421,0.00844633433903653,0.0024582343839408085,0.005155255185502876,28.936491203308105,28.218497276306152,28.42988647300589,0.030933982441239318,0.48201633453369297,0.013622028924633251,0.5880585940350055,0.012506817142086386,0.11389774879756767,73.68536935427724,0.4632853570430413,0.04571093346417321,0.8005599975585938,0.617245467813684,2305584000.0,0.4598015992728345,-0.790280957962968,0.8807903518885386,-0.16305151332096363,0.0006979233698359978,0.7706003225048612,0
AVGO,2020-08-18,29.22703584842713,29.343288718440526,28.899412596744718,28.94344711303711,8857000.0,-0.005099038628035079,0.015335979844035641,-0.00970295916300561,0.004662135074146463,28.93869228363037,28.281467628479003,28.47879701015172,0.023406829271385998,0.5196966552734352,0.013490003461981032,0.5953562059919909,0.012362669612033401,0.11438566903957967,70.33083573779393,0.4478222965753389,0.024198298397176632,0.02201080322265625,0.524374504162078,2296727000.0,0.44969570025454014,-0.738371068186036,0.8204662189818711,-0.19038382406370305,-0.0024677462226591613,1.0160151804869644,0
AVGO,2020-08-19,29.016544326295634,29.335358644001,28.908220160411148,28.993648529052734,11273000.0,0.001732963243077517,0.014732139800015972,-0.0007890600954249374,0.0025255185732731503,28.93578643798828,28.349326038360594,28.527830488142293,0.022727965017334175,0.5574253654479975,0.013457760890791709,0.5822713355150265,0.012309577447377455,0.11410772715334622,68.60194653600891,0.4346086465283854,0.008787718680178469,-0.029058456420898438,0.6736564071459087,2308000000.0,0.4117436075186781,-0.7394652728759503,0.8409335299121247,-0.2150460162756745,-0.004229974791874851,1.0128575111837834,0
AVGO,2020-08-20,28.85977955410014,29.062340995782485,28.71622308148994,28.96017837524414,8910000.0,-0.0011550628946421135,0.011951511820414065,0.0034788492033006103,-0.00461718278810109,28.932879829406737,28.433697319030763,28.56900647739009,0.01851609553696139,0.6118482208251983,0.012982458784076728,0.562958806410812,0.011963165360576983,0.10943749132584826,64.47745142706907,0.41663328283702583,-0.007350116008944918,-0.029066085815429688,0.5497047881693161,2299090000.0,0.4054716967939119,-0.5686164048804592,0.827287619114097,-0.3152991940946242,-0.003793555090758248,0.932094750642383,0
AVGO,2020-08-21,28.9135030099827,29.103734652718632,28.622869187158056,29.06498146057129,11508000.0,0.003612336427441797,0.01654449585827053,0.005239021037468133,-0.0016117084866210136,28.968899726867676,28.540394401550294,28.616242190074015,0.018380511896804563,0.6493828201293965,0.012451486966549338,0.5549068205826198,0.011810443406785604,0.09863794443311684,61.43633538702708,0.4061624231295866,-0.014256780573107308,0.360198974609375,0.7191353877975694,2310598000.0,0.35846403621217415,-0.3567618845217673,0.8623030000181634,-0.23865575709301481,0.0020388086873160847,0.8501178992825906,0
AVGO,2020-08-24,29.240252746269967,29.60838636131464,29.16362991500834,29.41551399230957,11996000.0,0.011988158688005984,0.015119791762652187,0.005993834851582209,0.00603032504722033,29.0273796081543,28.634277629852296,28.692363314096447,0.02728325723048708,0.6784253501892081,0.011831192690314863,0.5421373894064574,0.011747796127747206,0.09611952310287823,57.957495384978195,0.42129283559855324,0.0006989055166874425,0.5847988128662109,0.770453530977742,2322594000.0,0.3560555289356868,-0.0018517884838046466,0.9999999957393872,-0.10856982129653985,0.015559639598770537,0.7464706409581515,0
AVGO,2020-08-25,29.503576463269095,29.687643229725538,29.327435036340848,29.603975296020508,11140000.0,0.006386430873578115,0.012167561608235592,0.0034029377029044777,0.002993742383102595,29.134033203125,28.761054706573486,28.779183502851122,0.029307707862371656,0.7432874107360838,0.010820262158869191,0.5315061222774649,0.011576571061207233,0.08539120534628226,59.106020400703734,0.4433800395600258,0.01822888758252794,1.0665359497070312,0.7220473997543478,2333734000.0,0.49683664292663776,0.23910209723821763,0.9999999958392946,-0.10598508426909359,0.0023303454909686526,0.6390762483791066,0
AVGO,2020-08-26,29.480674729052875,30.076912852769055,29.372350566238566,29.91486167907715,14844000.0,0.010446750179377658,0.023552249509070835,0.01472784981576789,-0.004165000333053478,29.187139320373536,28.89677095413208,28.887343329158362,0.0352319892838119,0.8224298667907703,0.010902201600096287,0.5474215911417039,0.011892967125981976,0.07575299494915845,63.340907184477906,0.4804321183541873,0.04422477310135153,0.5310611724853516,0.9675117077129136,2348578000.0,0.4093138149315278,0.07562214659169268,0.9999999958815545,-0.10180801660495714,0.003090101911430788,0.7312659268951861,0
AVGO,2020-08-27,29.987086218282606,30.058424361385686,29.603978821067134,29.868192672729492,12552000.0,-0.0015612790725954503,0.01521503310045685,-0.003964824879883732,0.002414336391733085,29.272743797302248,29.015842533111574,28.980757552355612,0.029375336537324447,0.8906031990051275,0.010904528350940738,0.5279833133304541,0.01168691104729037,0.0660544682884027,68.00219522954357,0.5002636312238309,0.05124502877679604,0.8560447692871094,0.842014878816134,2336026000.0,0.5738456352581874,0.20743106493258484,0.976880159044152,-0.14902602733414969,0.003969451082125767,0.9794635675397672,0
AVGO,2020-08-28,29.855860375941727,30.368427276611328,29.741367940435236,30.368427276611328,14589000.0,0.016609368330191394,0.02064839677926117,0.017168049891838115,-0.00041289062659035795,29.422463417053223,29.139449310302734,29.1129165737133,0.042175744393779996,0.9624950790405258,0.011007187916540054,0.5399985139137071,0.011641415465962679,0.0677830562931796,71.32392572305852,0.5500048859900595,0.08078902683441969,1.4971961975097656,1.013082788217157,2350615000.0,0.562765689557385,0.10290046680165231,0.9999999951867065,-0.2356528507418488,0.009852559773980295,1.1505405777207962,0
AVGO,2020-08-31,30.253944283879772,30.875719065330394,30.253944283879772,30.573638916015625,22229000.0,0.006734672053401602,0.02033695704182413,0.01056703975621869,-0.003769803147485578,29.570686531066894,29.2535888671875,29.2520329872659,0.045124379588773314,0.998463211059569,0.010781539023993383,0.5179807976247781,0.011670918757310767,0.07495191786810164,78.94352964696384,0.5990782518592184,0.10388991416286286,1.4822311401367188,1.5359740192437241,2372844000.0,0.6694054112000024,0.4713797011044556,0.99999999508889,-0.3288766425443565,-0.007421074163108879,0.9512156096937809,0
AVGO,2020-09-01,30.82462779008236,31.887637742061248,30.597406758748804,31.664817810058594,29205000.0,0.03506805193833306,0.04074651528533748,0.02725710186755244,0.008209322899252844,29.842823600769044,29.390757942199706,29.48182201800806,0.07737329780869737,1.0546077346801752,0.0122923173897374,0.5372920485430718,0.01246825898215389,0.10372544297510136,80.3136810704426,0.7177445528272663,0.17804497210472858,2.7213706970214844,1.9908518296340718,2402049000.0,1.0828486322584432,1.374062405324989,0.9999999968024337,-0.23875334194935308,0.0032914617538778433,0.8926707662908987,0
AVGO,2020-09-02,32.221422801183614,33.37514580476326,32.019741582497176,33.02726745605469,37053000.0,0.042127290544349764,0.04103894527935625,0.02500959251840908,0.0175780260118285,30.246185493469238,29.59098596572876,29.819483488298214,0.11612595447628711,1.1426165199279765,0.014986445964598433,0.6230351605273307,0.01344907413703894,0.14976781768247402,92.23637891888562,0.9112227426927788,0.2972185295761929,4.033618927001953,2.4048989764592092,2439102000.0,1.1402532274053772,0.9167640235101261,0.9999999977727433,0.18202531318775206,0.015350171884357965,1.2578109251671095,0
AVGO,2020-09-03,32.234636981692965,32.489158276146505,30.838719093070484,31.008695602416992,41795000.0,-0.06306583837157172,0.053225043829806425,-0.03803180347872087,-0.023999275005610984,30.451037216186524,29.691958522796632,29.932741784880957,0.04434658893134116,1.1641144371032723,0.02128971233108193,0.7551405565663742,0.014996123809976645,0.15380928433522922,66.11767659362614,0.8913982393890407,0.2219152210179638,2.0485172271728516,2.4896648676983912,2397307000.0,-1.007776643618692,4.0781599867608715,0.550412218507366,-0.3292013873944998,-0.02572386671709497,1.7557324691219376,0
AVGO,2020-09-04,31.790767466246802,32.808859573525055,31.13288022889887,31.965145111083984,58514000.0,0.0303784254398188,0.05243146365447661,0.005485166250467932,0.0252210500518071,30.741053581237793,29.854976654052734,30.126304006424103,0.07068062657613881,1.231840400695802,0.02187558822374764,0.8587494413275094,0.016213750528445106,0.16388669130985695,69.50390705703265,0.9420058031400131,0.218018227815149,2.9001636505126953,3.0791170047622787,2455821000.0,-1.1131134814382981,3.8980793531389812,0.7634380812261644,-0.4221961842683268,-0.0026175074464762425,1.7756076233645284,0
AVGO,2020-09-08,31.058899818314192,31.947532335677348,30.82463362409508,30.8721923828125,26685000.0,-0.03479023805137197,0.03637249655919147,-0.006011398875483795,-0.028351045791296912,30.886721420288087,29.95705051422119,30.19734099465157,0.03054846363634461,1.2579446792602518,0.02362156943256229,0.9085091102770164,0.016774567723444253,0.16268709721618202,61.602070592940734,0.883733382705131,0.12779664590421347,1.4566783905029297,1.3519401366885693,2429136000.0,-0.8912765966257234,2.099660344404927,0.52000944673882,-0.485266944549302,-0.02641653530701651,1.7633914829966322,0
AVGO,2020-09-09,31.367153032438434,31.868273797476988,30.92151637463112,31.707983016967773,26273000.0,0.026712623523922882,0.02985864544082307,0.010865824643639499,0.016032572079380216,31.097122192382812,30.115577697753906,30.341211663443588,0.05287646594950984,1.3279609680175781,0.023936866836392026,0.9491478910680617,0.01670621340803908,0.16339481033212022,64.91775752102885,0.8946800738901324,0.11099466967137184,2.1040077209472656,1.308015722276294,2455409000.0,-1.050547482181402,2.2199198131053928,0.682561862733327,-0.5054206105934197,0.015064404607823998,1.7256416788825688,0
AVGO,2020-09-10,31.89292991193559,32.39493084222967,31.211263298206227,31.44817352294922,22851000.0,-0.008227573489496669,0.037638673762190926,-0.013945297282971541,0.00583281802784004,31.250453376770018,30.21879634857178,30.446636602444123,0.04068253281136124,1.358133964538574,0.02342182172546768,1.0089728646202687,0.01690629255172981,0.1657198721929063,63.341884492645214,0.8723352133425379,0.07091984729902179,1.5333118438720703,1.1253795219439398,2432558000.0,-0.9269737428874968,2.2470888504251434,0.6200480948476164,-0.49753405583920896,-0.01796210336834237,1.5963533841928108,0
AVGO,2020-09-11,31.749375311710267,32.08139971850427,31.236804990589256,31.67892074584961,17362000.0,0.007310593121964127,0.026661095383404408,-0.0022190851047226984,0.009577719626268506,31.43152618408203,30.35213499069214,30.56399699705417,0.04371309481613779,1.4087391853332534,0.023113553550267778,1.0349535262170144,0.01713356085724219,0.16587696285441733,63.83044547945166,0.8632946000583566,0.049503387211872196,1.8107280731201172,0.8503073193427524,2449920000.0,-1.0879756510432819,2.76115577355301,0.6755690772010833,-0.5224387282928408,0.006582075537843634,1.5579740571532195,0
AVGO,2020-09-14,32.0937297646168,32.224072882562226,31.648093172100104,31.899093627929688,16447000.0,0.006926097469518824,0.018056303323215787,-0.006064615675833826,0.013094165110455662,31.584592819213867,30.503528118133545,30.69114905713755,0.04575095392027803,1.4778216743469237,0.023008137208647743,1.0372802983397837,0.01723192696207179,0.16434374487206818,63.324516301282024,0.8639370320949951,0.04011665539880849,1.5306663513183594,0.793243898262985,2466367000.0,-1.18434781116294,3.0200422711282977,0.723745478350589,-0.5219523085765057,0.013852106052902404,1.476991607751887,0
AVGO,2020-09-15,32.260183961106556,32.684681859173814,32.17651601769827,32.313907623291016,16618000.0,0.012920117660016628,0.01572591737410345,0.0016653241107545092,0.011319767808722648,31.758619689941405,30.66465311050415,30.84569749200931,0.05378356984198455,1.5541876411437983,0.023068669140495948,1.067664586758315,0.017322854797608714,0.16556004576586952,64.19416304561699,0.8876855009035793,0.05109209936591419,1.7402687072753906,0.7900147610773443,2482985000.0,-1.2117502845209434,3.021050649896714,0.8253204643939436,-0.5196038476002947,0.0030874896872493843,1.4800464016035437,0
AVGO,2020-09-16,32.425746259397506,32.76217501203461,32.26457532149859,32.32534408569336,18498000.0,0.00035385504068542907,0.015393484724028496,-0.003096372027030374,0.0034610062456785743,31.824672317504884,30.833747959136964,30.986616215217317,0.048375440055143736,1.6283075904846207,0.022968857715901368,1.0528815441872814,0.017323843348933,0.1625500239534503,63.03458178511087,0.8970880874164315,0.048395748703013,0.6605262756347656,0.8596883409009574,2501483000.0,-1.2619962345700382,3.2054141577809534,0.8274138174284649,-0.5296086924675245,0.006767653775977119,1.4413854456465947,0
AVGO,2020-09-17,31.2649872977208,32.59661245925972,31.2649872977208,32.226715087890625,22862000.0,-0.00305579948384186,0.04132053662602667,0.030760536721290414,-0.03280264504413596,31.744617080688478,30.995401287078856,31.10472086975763,0.039725693144286325,1.7083195686340318,0.02303820144578935,1.1155372314173075,0.018099964989568375,0.15627660017695297,62.68234277883392,0.8863637199033008,0.03013710495190569,-0.8005523681640625,1.0346411543883542,2478621000.0,-1.2190028128035972,3.0626286015720696,0.8031633041988473,-0.5263795810219526,-0.006717143454826879,1.441841189785523,0
AVGO,2020-09-18,32.33239097097012,32.39580039152064,31.269381119452287,31.681549072265625,35295000.0,-0.01706130645252542,0.03555442535790922,-0.020129717566744695,0.0032791391487244775,31.81190242767334,31.131469821929933,31.159656889044108,0.017669556024993854,1.7770496559143076,0.023543861349198447,1.1512057982667545,0.018644186527461054,0.14386662376379916,57.027016131107644,0.8243713997231765,-0.025484172182574927,0.6728534698486328,1.5073155732454149,2443326000.0,-1.0800059527430435,2.3850918115656676,0.6603681834358434,-0.4947947617420967,-0.01055709530552844,1.4641887984828577,0
AVGO,2020-09-21,31.10653667265222,31.279839299817255,30.52619425475419,31.264732360839844,24198000.0,-0.013243762595452803,0.024105277349694407,0.005085609169594545,-0.018149756449781004,31.741861152648926,31.241457366943358,31.169664076834177,0.0007450034617675382,1.8244065475463849,0.0238832883031384,1.1893186579853838,0.01879698343900482,0.12912891700743862,53.61640175962199,0.7331570362805877,-0.09335882850013111,-0.7004127502441406,1.0061412955347746,2419128000.0,-0.9422054151804099,1.9046726058942505,0.5120001633480186,-0.4401577450025365,-0.019957597581995397,1.40322633528829,0
AVGO,2020-09-22,31.67177836174578,32.1543597224832,31.367829130899715,32.13569641113281,19500000.0,0.027476749371556707,0.024475293184131944,0.014647679203290064,0.0130193342520269,31.868211555480958,31.377466487884522,31.261667156291193,0.024164791102538836,1.8660454750061035,0.02442154761123959,1.159006410528079,0.018980407224792988,0.11851521284112017,52.52217485696179,0.7228163391762301,-0.08295962048359096,1.2635040283203125,0.7983459908701968,2438628000.0,-0.9362631099090571,1.647080332862886,0.7395574170600305,-0.4633528820689276,0.005473523351919228,1.5158739753544161,0
AVGO,2020-09-23,32.010393984668106,32.1019306841646,31.110106813383187,31.246971130371094,15542000.0,-0.02804500235315043,0.03174144035675754,-0.0238492176767388,-0.0038991663619680574,31.82211036682129,31.459616279602052,31.260267534774993,-0.006759305239881179,1.8782401275634797,0.02546309067973984,1.1100965250312906,0.01937343971669375,0.10581138408147167,39.95436616498916,0.6355819661798385,-0.13615519478398608,-0.4610118865966797,0.6306196643619953,2423086000.0,-0.7229055136690324,0.7621417445692618,0.4364500835987868,-0.49876641299055585,-0.022377716187271218,1.5249335197841107,0
AVGO,2020-09-24,31.123433756755606,31.778429621458816,31.024784327815986,31.329618453979492,13611000.0,0.0026414789368585665,0.024055361367050034,0.006624741304865969,-0.003953579151721786,31.810254859924317,31.53035411834717,31.26687238422304,-0.0063664259383375285,1.8750799942016627,0.025402045389303754,1.007603448649764,0.019380039134249374,0.09515318227635322,52.317090855383036,0.5665857970126282,-0.16412109116095708,-0.11855506896972656,0.553653908342638,2436697000.0,-0.6780747774534771,0.7493107643770932,0.46261195978577163,-0.4771810144947054,0.002694259988546686,1.5141399665020288,0
AVGO,2020-09-25,31.28785031208229,31.79175978127934,30.952795520604674,31.709997177124023,18183000.0,0.012068072934892794,0.026457405711008065,0.013492357598751038,-0.0013331838674816518,31.813362503051756,31.622444343566894,31.309074745451703,0.0027686927859912253,1.881366844177247,0.02546798550219001,0.9389463264759499,0.019603543215764106,0.08098896049114913,47.990659647015704,0.5364157529642348,-0.15543290816748045,0.031076431274414062,0.7312541473125411,2454880000.0,-0.7591950628986468,0.8013729677908444,0.5045695885895117,-0.4747881483727329,0.011569562719153022,1.4932142864414395,0
AVGO,2020-09-28,32.143697353828934,32.74359150416943,31.908183630308024,32.643165588378906,22192000.0,0.02900351080263121,0.02559212192039652,0.01553860555917318,0.013677080268483494,31.88776969909668,31.736181259155273,31.436131016206673,0.028578874110009585,1.893050193786621,0.025973018614435996,0.9313093864799856,0.0197102492523608,0.07650005908890817,64.3068092961017,0.5811060389755482,-0.08859409772493365,0.7440719604492188,0.8790425281187052,2477072000.0,-0.7457683244441292,0.6272517606579939,0.8434555720874433,-0.44833850291642,0.017241393576545763,1.49238798914019,0
AVGO,2020-09-29,32.660055939230325,32.95422775930532,32.34899729380333,32.37299346923828,13722000.0,-0.00831097001639659,0.018695536014923703,-0.00878940533470853,0.0005174238021030697,31.893678283691408,31.826148986816406,31.525356011733493,0.017182238494408364,1.8941531753540026,0.02610444584130158,0.9033914615398072,0.019678083197894516,0.06998692881726713,55.91262408666753,0.5879453129392829,-0.06540385900895929,0.059085845947265625,0.5528539139333527,2463350000.0,-0.6446163015333892,0.4488841534650037,0.696403154626015,-0.4867574211658357,-0.008362524881784609,1.5116795252572077,0
AVGO,2020-09-30,32.25656904855627,32.97199952763063,32.146369036603666,32.378326416015625,22403000.0,0.000164720867431023,0.025499480120244215,0.0037746533810934066,-0.003596343995578857,31.898976516723632,31.861824417114256,31.60659128833179,0.01621068498707274,1.8359428787231415,0.02496013424523483,0.8778173863257729,0.01918488093709666,0.07139622849599218,58.661976905864066,0.5870289072356805,-0.05305621177004938,0.052982330322265625,0.9151477520608488,2485753000.0,-0.6289726142531523,0.7615223650723767,0.6988777536870002,-0.6798876482477536,0.006351410920565012,1.4484354264514137,0
AVGO,2020-10-01,32.792475399372094,32.94622653589169,32.42276207574671,32.758705139160156,16016000.0,0.011679471354762095,0.015979400216262787,-0.001029817352620056,0.01279093236738803,31.952175521850585,31.84839630126953,31.71631641698211,0.02858256437761398,1.7200702667236314,0.023128160153883772,0.8580534857515622,0.0184848202157253,0.06810947911328892,59.782776227042085,0.6099647392887135,-0.024096303773613048,0.5319900512695312,0.6836162171044906,2501769000.0,-0.9002421800214261,1.202057091186255,0.9999999946992143,-0.5999770622020925,-1.4480920093703464e-05,1.3727878011163077,0
AVGO,2020-10-02,31.994389402532626,32.43164657301819,31.652228674242217,31.71265983581543,17100000.0,-0.03245276747250188,0.024577500044633476,-0.00880559285206546,-0.023331683391656956,31.955286598205568,31.883594512939453,31.71596817115671,-0.005361210982690179,1.6664703369140632,0.019753367430658846,0.8959461110698348,0.017416738641800898,0.06355556270780179,48.53078427092559,0.5375380337724067,-0.07721840743193586,0.031110763549804688,0.770492394203734,2484669000.0,-0.21584051458390363,-0.6665613489158349,0.4455137903095664,-0.5128310269106809,-0.0003288054802995599,1.1349098869993395,0
AVGO,2020-10-05,32.06904739607518,32.603177577452406,31.98550829522835,32.536521911621094,18923000.0,0.02564724446228415,0.018983875526461993,0.014577125089701222,0.01123802172712278,32.08246555328369,31.91216335296631,31.794116146439034,0.019564908575873754,1.582929534912111,0.01939721373746604,0.9034410760978956,0.01613566006028372,0.06607271121638753,51.64808461163899,0.5403888655971514,-0.05949406048575301,1.27178955078125,0.9361310573586189,2503592000.0,-0.2722883834015994,-0.6671902170788429,0.8822254259274293,-0.4941013770998943,0.018158780757008063,1.1689410089055818,0
AVGO,2020-10-06,32.53739997293613,33.0608642702853,32.1739078674143,32.34809875488281,16672000.0,-0.005807961408003591,0.027419120032917747,-0.005817957739481123,2.6986944622417243e-05,32.10370578765869,31.985958671569826,31.846876394862253,0.011321845529727719,1.560519866943359,0.017640238652654072,0.9312522698361084,0.01583061009985123,0.05934686499781478,50.164157274354544,0.5214332385337421,-0.06275975003932988,0.21240234375,0.84571915549829,2486920000.0,-0.1674801731159218,-0.4783620950227575,0.7283871440518023,-0.42294974679647973,-0.012053384735907753,1.0967461824399314,0
AVGO,2020-10-07,32.73648062841143,32.870680185000886,32.53296068142219,32.5933952331543,12747000.0,0.007554419517650364,0.010361593232593011,-0.0043708240002207676,0.012006327681622738,32.238348197937015,32.03022928237915,31.917973427080543,0.017582326546414572,1.4942912483215345,0.016725094648534635,0.8734634318774768,0.015366492374103098,0.060988411808360114,52.59050762355465,0.5202075148728582,-0.05118837896017103,1.3464241027832031,0.669587279575145,2499667000.0,-0.18619226202284653,-0.16976923814498474,0.8906488086189416,-0.40976129064396755,0.017798072062146546,0.9766519011240887,0
AVGO,2020-10-08,32.873343791505086,33.264388484413885,32.7329265258398,33.17906951904297,17045000.0,0.01780957330411612,0.01601798863313133,0.00930011042940772,0.00858911924787825,32.42329330444336,32.11677408218384,32.03807781679125,0.03307603166526175,1.461265392303467,0.016947767837038583,0.840933001819708,0.014690831497573222,0.06616792858082975,60.519418010252195,0.5600393551539042,-0.009085230943300049,1.8494510650634766,0.9092218405274495,2516712000.0,-0.37224025350800904,-0.19405795017272393,0.9999999948242801,-0.3768394920954384,0.012867828575799063,1.0539924653198602,0
AVGO,2020-10-09,33.410140697971094,33.77185638347643,33.23861790194163,33.478572845458984,17253000.0,0.00898637669503138,0.01592775426351105,0.0020482448154300406,0.006964365857080575,32.60015087127685,32.20675668716431,32.175267819521515,0.039489110010467315,1.431411762237552,0.016975661712695735,0.800749576599853,0.014406675411498461,0.0746472654641028,65.81185248610447,0.6087564257986919,0.031705471761190096,1.768575668334961,0.9205846964066083,2533965000.0,-0.38523876777287436,-0.20579267272669385,0.9999999955189137,-0.3539841093685497,0.002678825622392888,1.0558881963941555,0
AVGO,2020-10-12,33.93094148602439,34.22510988841383,33.753194189537446,33.98781967163086,18839000.0,0.015096597843451543,0.013884847668867674,0.001676292584251929,0.01351218412605549,32.73461627960205,32.311192989349365,32.347891805436696,0.05188996526111727,1.4140175056457522,0.01717859367768778,0.7905288395506739,0.014323498211100641,0.08855872020965166,63.94911537373084,0.6806113541660324,0.08284832010282439,1.3446540832519531,0.9988362198086517,2552804000.0,-0.4311697807106475,-0.295260009046455,0.999999996351495,-0.3451940079582372,0.009922252757004974,1.1061983490583516,0
AVGO,2020-10-13,34.16378725274887,34.465064976113,33.648320480629316,33.904273986816406,16731000.0,-0.0024611327323517352,0.02408972082871836,-0.007596150389785008,0.005177371859039443,32.88774433135986,32.390711307525635,32.496118679853815,0.046728293937522404,1.381267299652098,0.017067246949874867,0.7756113322459637,0.014529535060979148,0.09869003553919269,72.77554438257243,0.7224870826832657,0.09977923889604612,1.531280517578125,0.8868052537288112,2536073000.0,-0.30152245891882284,-0.30071597946105333,0.9695183103874698,-0.35025861196956953,-0.008383525417924873,1.0820682825957137,0
AVGO,2020-10-14,34.08646982879948,34.104244897853455,33.58078047154387,33.798519134521484,17298000.0,-0.003124093805671687,0.015487791760084774,-0.008447653735918142,0.005373831100289008,33.02976360321045,32.46437005996704,32.620156818393596,0.04109579430246437,1.357384395599361,0.017108318457208185,0.7591698417221606,0.01453265151382821,0.10577824261161774,71.07727499987959,0.7386259463506448,0.0927344820507402,1.4201927185058594,0.9197834802675651,2518775000.0,-0.2675181264231617,-0.3451207227647862,0.9309335982747505,-0.3465924952767514,-0.003915623874629252,1.1007693919324242,0
AVGO,2020-10-15,33.331946913766174,33.8154167413053,33.32927878792103,33.765647888183594,14361000.0,-0.0009730379394862523,0.014397412270902219,0.01301157041349374,-0.01380451666826899,33.13045787811279,32.54131669998169,32.72925120599265,0.03762389823108637,1.3394722175598162,0.017079943883913092,0.7339679626299898,0.013550146509722683,0.1111021762985644,68.65626925493453,0.7402307578197735,0.07547143481589513,1.0069427490234375,0.7812725259839345,2504414000.0,-0.2877051419709864,-0.31612446753352097,0.9189405071852111,-0.3762468797742432,0.002707634982641016,1.104930179318018,0
AVGO,2020-10-16,34.06336334128612,34.06336334128612,33.60744280199172,33.65188217163086,10295000.0,-0.0033749626970297204,0.013548143810608737,-0.012079874949862358,0.0088171106352949,33.32438011169434,32.63983335494995,32.817120821767716,0.031006555865805703,1.34473611831665,0.016530264168162268,0.6927055492192034,0.012817772656826138,0.11183228688706232,60.75419812750317,0.7239770827749084,0.047374207816824,1.9392223358154297,0.6009380353791685,2494119000.0,-0.36223591666225535,0.05831250277288038,0.8774330271384042,-0.4607269488655607,-0.000924654085071598,1.077796497507188,0
AVGO,2020-10-19,33.882061409856675,34.09269072195558,33.34082191785079,33.39592361450195,14803000.0,-0.007635143240281067,0.022513789783408063,-0.014347940325431897,0.006840010821738253,33.41032028198242,32.74639291763306,32.872244897266214,0.019835183017082373,1.3574728584289595,0.016286873070352047,0.7031797162622604,0.012749004671879324,0.10588132820744424,60.938885142427786,0.6825739244613942,0.004776839602647853,0.8594017028808594,0.8884394243118986,2479316000.0,-0.3936699147456839,0.2501202802629648,0.7840464162615424,-0.39128345872604214,-0.0143069440488896,1.0978512994335232,0
AVGO,2020-10-20,33.50611761481031,33.873162684370776,33.37725094378031,33.50434112548828,13297000.0,0.0032411712067178353,0.014801417481545042,-5.301984974560498e-05,0.0032996242769133396,33.525944519042966,32.81482515335083,32.93244453804927,0.021012331124882367,1.3324325752258304,0.015240100232327526,0.6796283769453676,0.01246592982458662,0.10605898703990549,61.781491086675786,0.6510056226766494,-0.02143316974567755,1.1562423706054688,0.8131901061972334,2492613000.0,-0.45157798345137834,0.6926212531682384,0.8236026007637822,-0.27225010763148366,0.004613503602094066,1.0622749807527863,0
AVGO,2020-10-21,33.395918167621986,33.49279109097848,32.91066869632156,33.065311431884766,11896000.0,-0.013190276411000021,0.017605229446577345,-0.009899615096037507,-0.003236086853945423,33.57313613891601,32.905742168426514,32.94509852793836,0.004849283222150446,1.3327921485900873,0.014039937754985988,0.6814692561804147,0.011965849508543807,0.09589003174477838,53.16912472473225,0.5838314434675027,-0.07088587916385947,0.47191619873046875,0.7357129383679611,2480717000.0,-0.2639713131194941,1.0066228566514668,0.6529577068320112,-0.3028358445238488,-0.007576343016815155,1.035438279543504,0
AVGO,2020-10-22,32.97910109216117,33.26616007539611,32.62627131958906,33.182621002197266,13547000.0,0.0035415352182307717,0.01928385209751332,0.006171178207848598,-0.0026072743909032223,33.57349128723145,32.998392295837405,32.96771971596302,0.00558296006218674,1.3494658660888703,0.014040439028805926,0.648141562672494,0.011815079881706521,0.08455000239005186,68.803904110781,0.5339067794001622,-0.09664843458496009,0.003551483154296875,0.8379855438678964,2494264000.0,-0.2746547017327206,1.010252183103921,0.6465050820068508,-0.2970933368444788,0.007861730818481254,1.0222840719474382,0
AVGO,2020-10-23,33.17285502225929,33.23328958395459,32.950671726216285,33.12486267089844,8868000.0,-0.0017421365646092053,0.008531895225071359,-0.00144673563111114,-0.00029431008289934195,33.53812026977539,33.06913557052612,32.98268571167116,0.0016851695514270612,1.3379548454284667,0.013905720789011292,0.6047201423940172,0.011314292235537211,0.07599428522842128,59.36086319461087,0.48410010415091875,-0.11716408786736277,-0.3537101745605469,0.5648263738503474,2485396000.0,-0.1352356533105852,1.1225402280856704,0.6207048870348125,-0.4189958623152302,0.0027394511626145624,1.0202675506476109,0
AVGO,2020-10-26,32.84757568938627,32.87956945827843,31.781986889926948,32.26456832885742,15509000.0,-0.026314466144240198,0.034018200920097996,-0.017748870293028633,-0.008370962447967447,33.36579513549805,33.05020570755005,32.91429357997461,-0.023771028398635482,1.2511582374572754,0.013729159891993371,0.6372858122583379,0.011694249177890331,0.07832870221803213,48.905070465179115,0.37093350105321576,-0.18426455277205256,-1.7232513427734375,1.0092898397461965,2469887000.0,-0.42008531292551976,0.8002188908825741,0.24258009566100847,-0.3238040291406838,-0.02188771498497241,0.961510921563525,0
AVGO,2020-10-27,32.454746903656336,32.454746903656336,31.92506153972992,31.958831787109375,9620000.0,-0.009521104482594609,0.016573990166133798,-0.01528020285803828,0.005894347411083076,33.171250915527345,33.0294976234436,32.82329721874935,-0.03241544416497995,1.1731016731262223,0.013767513101423774,0.6377932361017908,0.011637963262108664,0.08186491710057066,41.81180092944016,0.25365380582521624,-0.2412353984000417,-1.9454421997070312,0.6345165109506861,2460267000.0,-0.4077408336360911,0.7488457080761002,0.10819984879159818,-0.22159921967290377,-0.012633667723779819,0.9432326511765265,0
AVGO,2020-10-28,31.461146949624222,31.537576679437237,30.70839005250027,30.857696533203125,22331000.0,-0.035062366213228516,0.026871306669830067,-0.01918081426578432,-0.015572685534954205,32.87716865539551,32.95346612930298,32.63609715345924,-0.06359784998763063,1.0587851905822774,0.015711582786867642,0.6791824134838992,0.01168960790618411,0.0998600031291023,23.56264337521415,0.07103751374437195,-0.3390813523847088,-2.9408226013183594,1.4732592008602965,2437936000.0,-0.49303934201563343,0.18630861877646826,0.0,-0.12372650895426292,-0.032784316697382375,0.9838671305822558,0
AVGO,2020-10-29,30.862152345394552,31.944628113512177,30.69417910340791,31.550918579101562,15697000.0,0.02221650191684777,0.0396327291255539,0.02231750481222083,0.0001443987300423611,32.6556957244873,32.89307680130005,32.53274681304423,-0.04080366910940364,0.947250461578367,0.016383732568376413,0.7261582810318136,0.01267972792187599,0.10702074253170171,29.853305338195412,-0.01754770874011058,-0.34213325989535315,-2.2147293090820312,1.0366804036561519,2453633000.0,-0.37903365185027166,0.0012826332689189982,0.221467978423355,-0.20220519854172553,0.012926179108668768,1.0227625252990757,0
AVGO,2020-10-30,31.051443449488744,31.37138789145157,30.609745047196473,31.07277488708496,18530000.0,-0.015270673356371556,0.024511581176052236,0.0006869708850748623,-0.01583076348032722,32.39778499603271,32.861082553863525,32.393701867714775,-0.05442022986622844,0.8730042839050292,0.015139211699050881,0.7400608873854022,0.012688478559546872,0.11382952183271644,19.334317550207416,-0.12489462818381014,-0.3595841434712422,-2.5791072845458984,1.218029198519696,2435103000.0,-0.2424598183521278,0.26115239334970486,0.06871242557656881,-0.09850654032169186,-0.004166286441858463,1.0405486954889018,0
AVGO,2020-11-02,31.553568895864988,31.58467440640892,30.959004436830455,31.216737747192383,11757000.0,0.004622386991017187,0.020042772388486004,-0.010674898604258893,0.015473159720275364,32.17986640930176,32.79509334564209,32.28161004671264,-0.04812779708639442,0.763979949951171,0.013840576865930501,0.7264127069636009,0.01271296446790488,0.12237546135457573,22.082535049964548,-0.1960908226318807,-0.3446242703354502,-2.1791858673095703,0.7914613458276107,2446860000.0,-0.48475785247134334,0.6401953385235382,0.11470514001009985,-0.10284376997327055,0.018732285850554305,0.9122839681594435,0
AVGO,2020-11-03,31.634461120166698,31.926853084697548,30.80882717146096,31.43982696533203,15457000.0,0.0071210466736363505,0.035560816352895416,-0.006152599029071591,0.013381390981890312,31.973414993286134,32.749679756164554,32.2014402294383,-0.03999589614875567,0.6780801010131867,0.013954783861362516,0.7688813846012439,0.013084243354764116,0.1275545943290588,26.08154182021555,-0.2318403727024787,-0.30429905632483856,-2.06451416015625,1.0448119345277318,2462317000.0,-0.6100524020133432,0.6398706756530927,0.185976846444943,-0.0763458810328268,0.017602358570243434,0.8934512281970084,0
AVGO,2020-11-04,32.03705488053453,32.79247674888223,31.740218315450953,32.405879974365234,21277000.0,0.030264423124279644,0.032471219233637744,0.011512453160595565,0.018995903376346334,31.90747184753418,32.7403039932251,32.2209106813361,-0.010214444521557304,0.6126662445068334,0.015595895312413073,0.8307750867559529,0.01372795076139954,0.12787408469625233,38.405553409821906,-0.18014316622292625,-0.20208147987622888,-0.6594314575195312,1.39791269040869,2483594000.0,-0.18789488761871745,0.4448294748993982,0.49460783737526887,-0.04346612038871663,0.009782340725873005,0.9994532965163982,0
AVGO,2020-11-05,33.092861190035535,34.00736682680162,33.06175567144646,33.84917449951172,21783000.0,0.04357472502207366,0.027936018205981353,0.022854273763290425,0.02119927668107575,31.974127197265624,32.77380924224853,32.375983425924254,0.03281172624721394,0.5674852371215806,0.01814566015457383,0.9126012519803809,0.014075502557505191,0.13081982255734706,51.37134069254815,-0.022452137303062614,-0.035512360765092205,0.6665534973144531,1.4092233841933817,2505377000.0,0.4525913762024328,1.0175201052700984,0.9557061573795325,0.21184634349384035,0.01638846670040251,1.1135001618774276,0
AVGO,2020-11-06,33.7762968148097,34.0980177097181,33.52033993439541,33.82695388793945,13545000.0,-0.0006566750462897034,0.01707743999254629,0.0014997817372491417,-0.0021530121717760844,32.04433631896973,32.79122829437256,32.51417108897332,0.031585446691815,0.5057290649414057,0.01805354115978656,0.9001590356388025,0.01410024628398103,0.13255384200513648,53.0966288474762,0.09957824554066974,0.06921441766291211,0.7020912170410156,0.8869143304271523,2491832000.0,0.5440664895542177,1.1748081888834976,0.9486071997607477,0.14947373703480807,-0.0031588658803675756,1.107945869572642,0
AVGO,2020-11-09,34.58059778165526,35.006300931701986,33.3283727447872,33.3754768371582,24088000.0,-0.013436533124696079,0.050274283558518,-0.034849627289782276,0.02227938986798647,32.15542716979981,32.76061115264893,32.59620020784807,0.018768443648887034,0.4149709320068382,0.017972222158133024,0.9845887818048252,0.015454768344672739,0.12935627527702623,49.11769651016195,0.1580360372158509,0.10213776747047462,1.1109085083007812,1.5506131513727501,2467744000.0,0.7581898181472887,1.5021089906172433,0.8264291107073829,0.15737751169208147,0.039717410003020835,0.6457532549241585,0
AVGO,2020-11-10,32.91157236929733,33.16752595541494,32.02639206384198,32.2725715637207,26784000.0,-0.0336037119947414,0.0353592489202866,-0.019415687534229915,-0.01389956075007709,32.18680114746094,32.67902603149414,32.56537843221689,-0.012437777896359003,0.2994071578979458,0.01937160998819252,1.0385468063869323,0.015829788726528,0.12596885394265198,45.02460420484698,0.11405427341403396,0.04652480293492614,0.3137397766113281,1.6701221850515824,2440960000.0,0.5984219785496245,0.935440602309757,0.4729685599301979,0.20543807375434517,0.007343258194665606,0.6150424873152224,0
AVGO,2020-11-11,32.95955277979095,33.51767906405787,32.75425633908691,33.40925216674805,15133000.0,0.03461518072339069,0.022850637929043117,0.013643977205188052,0.021286844610874316,32.44195671081543,32.65956268310547,32.645747359315095,0.02295466999014161,0.24505512237549,0.021104375057280928,1.0817767167105123,0.015995019042052114,0.12374421439516249,51.26102655765305,0.16897123850123563,0.08115341441770224,2.551555633544922,0.9500342145408655,2456093000.0,0.4873969871146497,0.07101304953647997,0.852941473663622,0.026477694324754476,0.0027715791119332363,0.6223194020801338,0
AVGO,2020-11-12,33.525676528524485,33.64743387875092,32.73026004044812,32.90089797973633,12160000.0,-0.015332920986922056,0.02787686337889359,-0.01863582225015569,0.003484794008418861,32.5769546508789,32.6163251876831,32.67004741840283,0.008724857577561806,0.20434501647948622,0.021364547697838035,1.1271021438936903,0.01630439114007777,0.12000550322452612,48.81331433721554,0.1695192818307234,0.06536116619775201,1.3499794006347656,0.7687031611021025,2443933000.0,0.5613376116140664,-0.0015035235414839958,0.6830073504517191,-0.03799045596195338,-0.012698733373695462,0.6380939390795528,0
AVGO,2020-11-13,33.327487024411404,33.5345633292872,33.02354118353011,33.194175720214844,10997000.0,0.008874478803014327,0.015394934036332774,-0.004000040688903826,0.012965878467445244,32.78909473419189,32.5934398651123,32.71996439952778,0.01843118914126188,0.1377500915527321,0.021471582099030398,1.0764442559350749,0.016334356678477664,0.11759196106330358,55.240440399409486,0.1914121921489098,0.06980326121275073,2.121400833129883,0.6936441706956307,2454930000.0,0.46358144031732557,-0.14039557131793867,0.7810450905926019,-0.0555029972634892,0.019428188367124264,0.6330788103526536,0
AVGO,2020-11-16,33.31060724288823,33.893618022961604,33.23862210682551,33.843849182128906,12100000.0,0.01938284436741978,0.019353469885110688,0.01600817226754218,0.003507588911222226,33.051805877685545,32.61583614349365,32.827001045489794,0.037650821915344794,0.12257228851318303,0.021852599924407495,1.0885697515650996,0.016269915866415713,0.12053572351810557,60.22965956456128,0.2582092249195611,0.10928023518672161,2.6271114349365234,0.7697788635264774,2467030000.0,0.279319720243939,-0.4387510886311404,0.9982198340001206,-0.03151233286910402,0.02044254963084791,0.6718893203537548,0
AVGO,2020-11-17,33.652761835133134,33.98870141513397,33.50789657876584,33.82517623901367,11950000.0,-0.0005518904246951438,0.014214407423291681,0.0051233359292759606,-0.005646146984270186,33.29034080505371,32.63187789916992,32.92206534963493,0.036568485061303196,0.07955436706542685,0.021847567929402272,1.03359568740503,0.016261855816125957,0.12264903612920466,68.24787590677553,0.3061109477259052,0.12574556639445256,2.3853492736816406,0.7635075344456899,2455080000.0,0.30839824070009236,-0.4232783269975743,0.9919777880070973,-0.030157063342516884,-0.0006504824207351206,0.6700208865426797,0
AVGO,2020-11-18,33.76207472795524,34.21088581831372,33.738081948773115,33.82695388793945,13517000.0,5.25526372297167e-05,0.013977134062000367,0.001921657969416156,-0.0018655190622673995,33.43244819641113,32.669960021972656,33.008245210425834,0.0354146091649484,0.07525707244872848,0.02160673550182702,0.978049605936197,0.01619866416943051,0.12634660499084122,65.29679270757026,0.3402941504346231,0.12794301528253635,1.4210739135742188,0.859176863181312,2468597000.0,0.23256512473949087,-0.33667682933634496,0.9925720256848806,-0.026718856260124463,-0.01057202083385223,0.6329357833654011,0
AVGO,2020-11-19,33.56922905352443,34.20200867690368,33.26972776237821,34.156681060791016,14555000.0,0.009700268559489118,0.0272942477225256,0.017499716962666164,-0.007618919376211121,33.463198852539065,32.71866302490234,33.11762005331776,0.04395100234855812,0.06978992462158118,0.02168410565723593,0.9774144189805101,0.016412411295219614,0.13194942476746646,71.14823503714989,0.3895008882779365,0.14171980250067978,0.3075065612792969,0.9222006095204298,2483152000.0,0.18575391069348499,-0.39533464310215155,0.9999999969687642,-0.02700608170226218,0.006423970086871877,0.6364973764671144,0
AVGO,2020-11-20,34.15490935729421,34.558393002201655,34.01182391928896,34.067813873291016,16140000.0,-0.00260514168249698,0.016043561961008854,-0.0025500136178546852,-5.186989607257205e-05,33.48728485107422,32.765810585021974,33.20811470283902,0.03973664208590803,0.06915962219238736,0.021692088146508123,0.971764355647241,0.016511669428115966,0.13646984076811122,69.7004429307315,0.4165252988300736,0.13499537044225352,0.2408599853515625,0.9995974359768365,2467012000.0,0.19194593389530262,-0.3980451566550836,0.9730622570407751,-0.044033649453184796,-0.0068309694910319895,0.6316379354445713,0
AVGO,2020-11-23,34.24910141040089,34.585044399285444,34.03847213010884,34.39396667480469,12212000.0,0.009528097761145729,0.015891515921543208,0.004229753727714065,0.0053213727709133275,33.58913383483887,32.872280502319335,33.32105298588337,0.046290861138005936,0.12573207855224666,0.020747469152192402,0.9309462382143846,0.016013232936346492,0.14211595198554108,70.12594010445747,0.4589694303084215,0.14195160153648112,1.0184898376464844,0.7641263574161612,2479224000.0,0.07403443727573628,-0.1021801544109214,0.9999999971721618,-0.09625270751189033,0.017150770832290472,0.5661826440156058,0
AVGO,2020-11-24,34.53794340675594,34.91032141613918,34.32109300330558,34.8587760925293,13455000.0,0.013423768616905274,0.016903301799825736,0.009289281701055287,0.004186104304646132,33.847754287719724,33.01727771759033,33.46750280556393,0.05577377972019019,0.21983192443847344,0.020632847116464608,0.8764161403060565,0.01602391821543997,0.14865696953284313,67.93605705665337,0.5240717725636941,0.16564315503340288,2.5862045288085938,0.8319215501997101,2492679000.0,-0.08952945274360465,-0.03290193493357999,0.9999999975006746,-0.17313737984217997,0.01937263763986688,0.560565917038563,0
AVGO,2020-11-25,34.91299530386821,35.1493973039079,34.57172275933937,34.73435974121094,11787000.0,-0.003575538948709446,0.01663121326278036,-0.005116592290387414,0.0015553962994854119,33.980265045166014,33.21111087799072,33.588155847054125,0.04586564021774505,0.3654847717285108,0.018616891029053964,0.8032866897440663,0.015777078094976717,0.14127383216335987,58.01941549395219,0.5591806021734698,0.1606015877145428,1.3251075744628906,0.7533458603366947,2480892000.0,0.1340753849267592,0.24926831738867644,0.9671377915012747,-0.1042616682535931,-0.004568918503605681,0.3606779604323622,0
AVGO,2020-11-27,34.94054502350429,35.47556347510336,34.927214567758575,35.10051727294922,6846000.0,0.010486476179232103,0.015622245761351012,0.004578413109799238,0.005936061117278171,34.20022697448731,33.388590812683105,33.73219026856794,0.05127279762592098,0.4854886627197246,0.018252530324202126,0.8149671153561897,0.014984590192345293,0.14101558637565872,60.86111386894023,0.6095242392750819,0.16875617985292396,2.1996192932128906,0.4502866088077531,2487738000.0,0.20986182725144353,0.5395854985904063,0.9999999975172196,-0.05947257043314273,0.00046109574985662576,0.32217719214794355,0
AVGO,2020-11-30,35.01786787374396,35.74129600648625,34.9041080921559,35.68975067138672,15454000.0,0.016647684041757895,0.023457376371277622,0.019186856260733718,-0.002354649037293651,34.449784469604495,33.61943960189819,33.91862459264592,0.061580772713291314,0.6361734199523923,0.01774020723147948,0.7549142387430159,0.014959130493547178,0.13699904824613407,69.28334556475363,0.6890254882838889,0.19860594308938467,2.495574951171875,1.026854088246726,2503192000.0,0.03500888781208028,0.8281840696648151,0.9999999977643704,-0.061469013294918044,-0.01067156925517312,0.18102867470328302,0
AVGO,2020-12-01,35.856829231663795,36.143000066054796,35.55999267703829,35.95547866821289,18181000.0,0.007417917920264965,0.01621470247230444,0.002751203568063122,0.00468141573236114,34.66094741821289,33.85637664794922,34.11261069508087,0.062000196933974586,0.7792955398559585,0.01773077549154589,0.7001944255787507,0.014877007674741479,0.13209852742307923,85.66269563276667,0.7646583242822445,0.2193910232701921,2.1116294860839844,1.1828079409018895,2521373000.0,0.008785701805458485,0.8365949897310266,0.9999999977854802,-0.06068069792272956,0.008146271508196787,0.19688866829641297,0
AVGO,2020-12-02,35.97057759960379,36.030123902357666,35.647968451491,35.88081741333008,10031000.0,-0.002078650649833606,0.01065068965285559,-0.00249537795161092,0.000419934094890822,34.866511535644534,34.07842617034912,34.281011334914126,0.05288950943457258,0.9264426422119101,0.017852844229141445,0.6385549934737144,0.014158436520558268,0.12347317972428282,80.12994687358106,0.8092448811645738,0.21118206412201723,2.0556411743164062,0.664315634364807,2511342000.0,0.08641862580973207,0.7290297119428806,0.979727627506808,-0.06343902122468512,0.004102858750010768,0.2099505513598188,0
AVGO,2020-12-03,35.9492531719866,36.13944267177986,35.380464552593835,35.53154754638672,16120000.0,-0.009781853664044778,0.021360682868697644,-0.01161931302120019,0.0019073076810980146,35.036970901489255,34.23470954895019,34.40011002172104,0.037880794496107706,0.9970344924926735,0.01727949757100606,0.627255299251088,0.013762375454623117,0.11942769675160336,83.36334215517043,0.807093221174739,0.16722432330574588,1.7045936584472656,1.0861143115099812,2495222000.0,0.28072939794871626,1.1672999935312651,0.8848922553169998,-0.26312134904051193,0.002358352895255053,0.19778672378447693,0
AVGO,2020-12-04,35.762614551969214,36.65134748090213,35.76172291698879,36.58735656738281,20083000.0,0.02928176661503093,0.024315081687625466,0.023061569337568723,0.006503150623564479,35.28003845214844,34.37161865234375,34.60841921654597,0.06446417135037469,1.0287888336181652,0.01573190330317863,0.6619791981771266,0.013636362692670219,0.13312292161150643,86.05964186233345,0.880433885579258,0.1924519901682118,2.430675506591797,1.3609226870142095,2515305000.0,-0.1829732697744379,0.7536586995172149,0.9999999976823875,-0.32936885562902835,0.017562120306502962,0.1579562366547438,0
AVGO,2020-12-07,37.00774107366455,37.579197949622966,36.73490066488554,37.4058952331543,19707000.0,0.022125586806188355,0.02257123587737003,0.010758672316411581,0.011489884641092185,35.61384658813476,34.55056571960449,34.874845503842,0.08264204806068425,1.0938179397583028,0.01620760391181767,0.6828648467123689,0.01378393998673594,0.15288022438988116,86.54263892485719,0.9931576172331873,0.2441405774577129,3.3380813598632812,1.3081314304679712,2535012000.0,-0.3181796821234167,0.45991945943541274,0.9999999980519444,-0.2259547152194437,-0.006338986932314966,0.07804150015299986,0
AVGO,2020-12-08,37.26280330382322,37.922240400408775,37.1632656288669,37.62984848022461,18121000.0,0.005969259475012669,0.02016948783992678,0.009850176147784063,-0.0038253844331,35.93743476867676,34.763284301757814,35.13722673968797,0.08245953267129169,1.2068028640747102,0.01561092363346886,0.7027341277962077,0.012403966289952162,0.16763556893494277,87.4541830825934,1.0880211119735463,0.27120325775845755,3.235881805419922,1.227157141260881,2553133000.0,-0.46523551067870433,1.0751865966552432,0.99999999813338,-0.4865600422849384,0.003936864144945191,0.42663399169454824,0
AVGO,2020-12-09,37.279676381887874,37.868908063667234,36.76421308116188,36.990840911865234,20908000.0,-0.01712723895080981,0.029864013765969123,-0.007747799819568477,-0.009305700460653163,36.15064125061035,34.999197769165036,35.31376142275247,0.05690539409694184,1.3503593826293923,0.013796955756544476,0.74786920729369,0.012147409763018256,0.16157139783655844,77.67410196939879,1.0989702991292276,0.22572195593131095,2.1320648193359375,1.4446359908380164,2532225000.0,0.19581723054664296,-0.18819763162313374,0.8648732785546966,-0.22395290067051266,-0.0017223363683361679,0.5481363621802593,0
AVGO,2020-12-10,36.56603433102607,36.90464209180605,36.26119682671283,36.441612243652344,26244000.0,-0.014959023876343113,0.017656882484081947,-0.003402668340059105,-0.011484101749709227,36.321366500854495,35.15081577301025,35.421175786647694,0.036721664686541484,1.4207116699218716,0.01290828971389259,0.7333951480527564,0.011981888676899853,0.1589413390889159,69.24692791820448,1.0512117309279034,0.1423707101839894,1.7072525024414062,1.7462936839583711,2505981000.0,-0.0022428884440349826,-0.5593124031699525,0.7487315115823499,0.1527634618283002,-1.4084347156103593e-05,0.584188859913113,0
AVGO,2020-12-11,35.904817752059024,36.17143699774187,35.39646028817278,36.066566467285156,26664000.0,-0.010345015632492575,0.021487399141727877,0.004504930683621331,-0.014730261877664921,36.41797142028808,35.309099197387695,35.482641565756026,0.021452466556806882,1.5128378677368133,0.012555948547939738,0.7690082103789609,0.011758005830358154,0.14780098899756056,66.06194707103035,0.9718962468328627,0.05044418087115887,0.9660491943359375,1.6925655088360745,2479317000.0,0.06197643844687442,-0.516225607087197,0.6475659716133633,0.2840649268229752,-0.0032195897428627667,0.5370854355486582,0
AVGO,2020-12-14,36.12966735718396,36.820213369952675,36.0825632542932,36.59803009033203,26116000.0,0.01462811672128394,0.020155459559906334,0.012963383481727712,0.001749567427108497,36.508799362182614,35.479291915893555,35.58886904428707,0.03153214491357978,1.5853231811523472,0.012725644091141146,0.7837992556283123,0.01189049495338794,0.1391675718121225,67.14604538694022,0.9410747036187459,0.015698110125633602,0.9082794189453125,1.581872310268904,2505433000.0,0.0099809170096545,-0.6524162210009782,0.7288022905089461,0.20423868001085738,-0.008696247478061317,0.47620389863864526,0
AVGO,2020-12-15,36.90730549287393,37.27257414767945,36.703785545809865,37.15437316894531,21207000.0,0.015087064471535272,0.01530879283389194,0.0066942756374383005,0.008450602444408612,36.62868881225586,35.64481811523437,35.737964675206904,0.04234991600763048,1.6584923553466737,0.012497169038241895,0.7898932302364418,0.011780541024934777,0.1375206688814567,67.60735986503379,0.950582917301972,0.020165059047087652,1.1988945007324219,1.2500515770797345,2526640000.0,0.0076343269669943105,-0.5395027458567463,0.8750285727954716,0.2708479248847284,0.013080428308017375,0.4435120858556671,0
AVGO,2020-12-16,37.149040103836825,37.96223164274564,37.0566117870327,37.76226806640625,23160000.0,0.016228924029572718,0.023982136186326438,0.016507235737189815,-0.00014353801864016568,36.816833877563475,35.841672706604,35.930755474368745,0.053585539240542046,1.7470635604858344,0.01269020572444932,0.813317895318186,0.01206789044655416,0.13771459890562426,71.6207043786343,0.995692558961764,0.0522197605655037,1.8814506530761719,1.3215104933410926,2549800000.0,-0.16613038608194183,-0.6513837537382144,0.9999999974589069,0.2922343893053154,0.00042345543277512627,0.4247588485716162,0
AVGO,2020-12-17,37.90446569329066,38.21640914752718,37.731163020882036,37.86891555786133,17152000.0,0.002820200796281327,0.012813837401168253,-0.0009378877862997055,0.0037656008011582114,37.05057067871094,36.0437707901001,36.11534214898708,0.05063689861650551,1.8436512374877907,0.012641516458165764,0.7950352090862377,0.012045169590995611,0.13511679726611825,70.52847486301621,1.0281954392504815,0.06777811268337686,2.3373680114746094,0.968648257907116,2566952000.0,-0.200284351967891,-0.5992817479485825,0.9999999973691838,0.285093158154677,0.003957865498886338,0.42002131066400566,0
AVGO,2020-12-18,38.07506747140394,39.04755837989921,37.82410295802066,38.94986343383789,45243000.0,0.02814466053133442,0.031411032381221504,0.02297555908104969,0.005443829338804942,37.286821365356445,36.28342990875244,36.38529655706811,0.07348901498717887,1.9678944778442329,0.01361664829773704,0.8226257453396804,0.01223060183882695,0.14284833112754028,72.5315845622675,1.1281727920987379,0.13420437242530658,2.362506866455078,2.3513178512126087,2612195000.0,-0.11734742089960902,-0.7862278122515117,0.9999999979516799,0.25910688591834014,-0.004984216044909331,0.28955796310355236,0
AVGO,2020-12-21,38.375325769461575,38.720405364782785,37.97647002255196,38.440757751464844,19096000.0,-0.013156969634098268,0.019352775167626624,0.0017050534601138782,-0.014750697787483965,37.3903076171875,36.50207710266113,36.58105476605827,0.05311151589593401,2.0872979736328148,0.014181545038225553,0.8505104612160679,0.012320366156300633,0.13927141521340508,66.61745503862883,1.1530335378492538,0.1272520945406579,1.0348625183105469,0.984870560384953,2593099000.0,-0.12226710031670007,-0.9745913355670925,0.8882534617918739,0.11755247773308819,-0.005236877222126967,0.33757869297734877,0
AVGO,2020-12-22,38.4407660088758,38.85933999589015,38.361889972032166,38.819007873535156,17929000.0,0.009791723833393917,0.012814599109550576,0.009839602688292632,2.148087456418812e-07,37.509223556518556,36.72332916259766,36.79419315724655,0.05706668644032577,2.2119262695312543,0.01418505010203352,0.8587457878583054,0.012255964503004802,0.1383082030593827,68.87931734646389,1.189545145678217,0.13101096189569672,1.1891593933105469,0.9112486785394807,2611028000.0,-0.125097131940336,-0.9764670308906944,0.9689584971254587,0.08559699211369952,-0.004869165818108727,0.3290402549460984,0
AVGO,2020-12-23,38.989298297821634,39.07892750096725,38.10016251578119,38.13422393798828,10533000.0,-0.017797875296285515,0.025666314503239994,-0.02193100150411828,0.004386779405626515,37.62356185913086,36.887101554870604,36.92181513636481,0.03380917258908119,2.291099662780759,0.015021469945360523,0.8744448497154502,0.01251341697504275,0.13307157855700613,66.03221575080651,1.1499683974586645,0.07314737094091539,1.1433830261230469,0.5393489715347862,2600495000.0,0.0020321799639447316,-1.1375170272617305,0.8065143424399481,0.07562766939700873,0.004550684455532257,0.19446988669467224,0
AVGO,2020-12-24,38.40580112011016,38.7204059722037,38.3233418456822,38.67200469970703,4123000.0,0.014003800466465882,0.01026748236875945,0.006931337760538614,0.007121612926055722,37.84660110473633,37.08398380279541,37.088499856683114,0.04282228427582513,2.3905121994018543,0.015034938941904668,0.8363292854083078,0.012391504069009643,0.127117549656043,63.71660951973124,1.1487558105011502,0.05754782718672091,2.2303924560546875,0.21534636658501285,2604618000.0,-0.16996866706129105,-1.1200417496840722,0.9278166390354255,0.03375257511440222,0.0015395035007736509,0.16174728541459388,0
AVGO,2020-12-28,38.93013787231916,39.19275819020139,38.64421957052815,38.70964813232422,10625000.0,0.0009729292205301151,0.01417059172577388,-0.005663728719930332,0.006674936420197577,38.11090927124023,37.26444034576416,37.242894930553696,0.03878249002970772,2.4720887374877876,0.015017981022611468,0.8046648023678138,0.012359441955653324,0.12175663929288566,59.56097348610338,1.137717438586506,0.03720756421766147,2.6430816650390625,0.5495258561612836,2615243000.0,-0.06813696437960291,-1.1285133379846635,0.9297270004528295,0.01046265499690037,0.003249891202881082,0.15133337789779064,0
AVGO,2020-12-29,39.06369337884031,39.06369337884031,38.253433588572,38.455101013183594,9593000.0,-0.006597521414140134,0.021070281151512948,-0.01557948859568361,0.009146175788160961,38.29661636352539,37.402707862854,37.3583431288994,0.028136817096427253,2.5142918777465795,0.014962418125653411,0.8083280179911309,0.012269769964541386,0.11766843403515712,56.024892148117374,1.0957979475129704,-0.0037695414846994346,1.8570709228515625,0.5037864067472609,2605650000.0,0.1362297138218424,-1.0919161916061695,0.8552613493026754,0.01041714990178907,-0.0033855168487877396,0.40887934770166434,0
AVGO,2020-12-30,38.690821990706866,39.25818289115746,38.55010067731777,38.974056243896484,10553000.0,0.013404846959274175,0.018168040021979925,0.00732045065324392,0.006129771377858542,38.478584671020506,37.553636741638186,37.51222056842293,0.03782375357285032,2.5536581039428725,0.015099574671301422,0.7867842248103101,0.012318782713043245,0.11698917510940623,64.73712243526586,1.0918654535662071,-0.0061616283451702,1.8196830749511719,0.5655291419262177,2616203000.0,0.08024291086953964,-1.179057714963838,0.9999999970951418,-0.008276992036120935,0.0046023917859008435,0.43946245452235455,0
