ticker,date,open,high,low,close,volume,log_return,high_low_pct,open_close_pct,gap_pct,sma_10,sma_20,ema_20,dist_sma_20,sma_20_50_cross,rolling_std_20,atr_14,parkinson_vol_20,bb_width_20,rsi_14,macd,macd_hist,momentum_10,vol_ma_ratio_20,obv,skewness_20,kurtosis_20,hurst_proxy_20,autocorr_lag1_20,market_return,rolling_beta_20
SLB,2015-03-16,58.36459437725941,59.452857635381704,58.1892993877101,59.35060501098633,8265500.0,0.01039078274570894,0.021289728174425652,0.016893985887291615,-0.006341891664241594,60.29572868347168,61.4891695022583,60.7549619801009,-0.0347795312342514,0.7372040176391579,0.008094284037675441,0.9912293959325379,0.01079100326523774,0.1123512497626189,25.395047469157745,-0.6775329446683145,-0.3871869392709172,-2.4541053771972656,1.1025025226639598,-48164500.0,-0.16138038723817166,-0.6417520394878513,0.09917148961650749,0.10762647997219933,0.01370746771091987,0.48079162168824824
SLB,2015-03-17,58.685957851201394,59.22643680910884,58.42302093711666,58.77360534667969,7954600.0,-0.009769449492630955,0.013669671398465037,0.0014935002969624232,-0.011198658542097457,59.971438598632815,61.18167896270752,60.5662613483465,-0.03935939086430832,0.4984112930297897,0.00783096399833447,1.0006203545479768,0.010627411795947294,0.10644375244645954,23.430592654961657,-0.7450737918116346,-0.3637822291313898,-3.242900848388672,1.061058978104137,-56119100.0,0.01244367703788237,-0.47499392736275586,0.006828290945201035,0.11274682603937934,-0.0035534716726166662,0.4696380701237476
SLB,2015-03-18,58.47415748642682,60.37314788111644,57.98480475545961,59.927616119384766,11542100.0,0.019444570465979742,0.03985379830392199,0.02485642710278173,-0.005094937744359178,59.74574966430664,60.973885726928714,60.50543799320729,-0.017159306727303918,0.3025421905517618,0.009323690818552971,1.070005965644342,0.011835445729007762,0.09829022492557073,39.97835753981439,-0.6974417011034433,-0.2529201107385588,-2.2568893432617188,1.4960887120293977,-44577000.0,0.5259226642776508,0.7230405594875672,0.24847453634888753,-0.025899074254018592,0.011200248906518733,0.6508966601418371
SLB,2015-03-19,58.96352066730797,59.81806307219682,58.875873149235424,59.168025970458984,8425600.0,-0.012756141795913186,0.01592397088643463,0.003468336029405439,-0.016087665662458114,59.467475509643556,60.755866813659665,60.37806541961221,-0.026134773915260617,0.08796718597411513,0.009486798633674598,1.0997408928745769,0.011401099001278392,0.09364200667947428,34.170815232568145,-0.7127691438976171,-0.2145980428261861,-2.7827415466308594,1.080497416608852,-53002600.0,0.5239647082843564,0.549860569800746,0.10805963269073236,-0.18960776791132017,-0.004141554123404431,0.6673550625875365
SLB,2015-03-20,59.60623769605318,60.75293263898341,59.555111382891326,60.16132736206055,14383800.0,0.0166484491301576,0.01991015339278342,0.009312610348566324,0.007406225210436815,59.413425064086915,60.62768497467041,60.35742369984539,-0.0076921560307753965,-0.056782035827637856,0.010246850732284605,1.1242597390219804,0.011293099879913246,0.08901315635047415,39.6311427469771,-0.6374173810143162,-0.11139702395430817,-0.5405044555664062,1.7733869893920788,-38618800.0,0.4293842894037185,0.055535563484702816,0.38085585943242806,-0.2824982963229579,0.01034180560580032,0.8530429294462847
SLB,2015-03-23,60.248978454356646,61.037789325189,59.89109420776367,59.89109420776367,8932100.0,-0.004501926861152204,0.019146337741758692,-0.005940088210194293,0.0014569341492184926,59.38712997436524,60.4984073638916,60.31301136726618,-0.010038498244672863,-0.1828451538085929,0.010252810106759809,1.126346576966531,0.01122442620105675,0.08496237223395502,36.687966022971196,-0.5926741445566179,-0.053323029997287885,-0.2629508972167969,1.0819135799104511,-47550900.0,0.43688141770836286,0.05288907652616536,0.3231089317922209,-0.27939829217616957,-0.00211870203239217,0.8532954457526886
SLB,2015-03-24,59.818045839966985,60.263577510206176,59.6427564266704,59.781524658203125,6446100.0,-0.0018311553840065717,0.010384831887197197,-0.0006105378611258174,-0.0012196866456184747,59.42656898498535,60.37205181121826,60.26239358545065,-0.009781465683188974,-0.32528804779052933,0.010251840460473996,1.0908709644637216,0.010771097699218106,0.08084986900220982,34.838506569057046,-0.5596053718603358,-0.016203405840804486,0.3943901062011719,0.7902920393962929,-53997000.0,0.42304313511974884,0.0453379714695025,0.29853431440083805,-0.279003569214284,-0.005284830916773228,0.8364938182318179
SLB,2015-03-25,60.36584024206097,61.43949852646904,60.12481377569367,60.833282470703125,8243100.0,0.01744038723899565,0.02161127424627322,0.007743489144982651,0.009774183365155528,59.57410507202148,60.30193538665772,60.3167639554747,0.008811443291801412,-0.478564186096186,0.011152512086044257,1.1456490705950628,0.011022477323672487,0.0759878773980994,43.60899368626818,-0.44341861194887855,0.07998668325652225,1.4753608703613281,0.9944733384727305,-45753900.0,0.36543904837358604,-0.49925714181902936,0.6080465437808987,-0.2612280860328494,-0.014455694380276864,0.5525871157027178
SLB,2015-03-26,61.35183507297466,61.79006135188315,60.44616668691717,60.738319396972656,8150500.0,-0.0015622578231407635,0.02212597711475319,-0.0099999564034598,0.008524159493140369,59.736249923706055,60.27527618408203,60.35691209276022,0.00768214170394642,-0.5904055023193351,0.010627751176500156,1.1414762107097667,0.011204936128474417,0.07484796159339921,50.240408420352054,-0.35491129753578576,0.13479519813569202,1.6214485168457031,0.9852922421155768,-53904400.0,0.3493103286466713,-0.24565981953149915,0.5805003098074434,-0.23801745042946026,-0.0031420755333365262,0.5700747014475656
SLB,2015-03-27,60.62880133722889,60.96477522459285,60.12483772000639,60.8479118347168,5729100.0,0.0018027118089462926,0.01380388380242216,0.0036139671683292855,-0.001803113106043924,59.947331237792966,60.24423522949219,60.40367397294656,0.010020487486063736,-0.6999617004394523,0.010607203241020057,1.1315641983989313,0.011288938826996978,0.07313769761062915,54.851895459635415,-0.2727809701552246,0.17354042041300255,2.1108131408691406,0.7015092777849885,-48175300.0,0.3717938001164719,-0.20901147532961784,0.6122901288732182,-0.2524098362417302,0.003404726232393271,0.5762627911336609
SLB,2015-03-30,61.26419879368557,61.88502550573587,60.92092528686014,61.702430725097656,6537900.0,0.013945823762165308,0.015624995766715843,0.007153148821677752,0.006841433771787435,60.1825138092041,60.23912124633789,60.52736509219904,0.024291680364589105,-0.8262409210205135,0.011024370983006803,1.1425181594260156,0.01115800871261657,0.07265163473490316,65.99385797232978,-0.13715848342889814,0.24733032571146324,2.351825714111328,0.8064079452995923,-41637400.0,0.3253565480039451,-0.5501531731489524,0.8601630795316831,-0.23778193895701616,0.0119416871068143,0.6243768280532223
SLB,2015-03-31,61.147345855042104,61.54175128101365,60.87710355233449,60.942840576171875,7304700.0,-0.012386940861782127,0.010906083838485126,-0.003344466975803597,-0.008996158879519952,60.39943733215332,60.185437965393064,60.56693418591074,0.012584482831450389,-0.9176401138305721,0.011322609081572042,1.1607776041588882,0.01098852598685557,0.06822745522867947,59.94495622780213,-0.08993257569803603,0.2356449867538603,2.1692352294921875,0.8980529707041983,-48942100.0,0.456003863796499,-0.6365761979836643,0.6398264039768351,-0.2990336955919848,-0.008320976762830654,0.6798679706147474
SLB,2015-04-01,61.35185305213806,61.936158643479814,61.05970025646719,61.556358337402344,7808400.0,0.010016765766127514,0.014238307961763876,0.0033333188011532397,0.006711411415996689,60.56231155395508,60.15403060913086,60.66116505748137,0.023312282054440192,-1.0113786315917963,0.011560094012217853,1.186340919034286,0.01088584650132333,0.06451836955112662,64.62360560579513,-0.0029657601902499664,0.2580894418093171,1.6287422180175781,0.962472520462895,-41133700.0,0.36944015463214624,-0.878244639349011,0.8772713648625734,-0.33149793344758477,-0.0038589314473645928,0.6716071399394549
SLB,2015-04-02,61.41757228617576,62.3962831210984,61.271498703578345,61.636688232421875,6039400.0,0.001304130527515349,0.018248618635684576,0.0035676425832193454,-0.00225461763780548,60.809177780151366,60.13832664489746,60.754072026523325,0.02491525240420944,-1.065895538330075,0.011539110555252322,1.2004286180901111,0.011003206251811896,0.0626403990891562,68.02895220457432,0.07161251435660887,0.26613417308494075,2.4686622619628906,0.743318545486322,-35094300.0,0.2998975556171729,-0.8957693800477311,0.9778296319733326,-0.37821196970024434,0.0014181295200167954,0.6810275902219468
SLB,2015-04-06,62.053015996095915,63.572206065366224,61.943458001920945,62.74687957763672,8092500.0,0.0178515674931085,0.02595743524472845,0.011181786580437251,0.006754544665088695,61.06773300170899,60.24057903289795,60.94386322186745,0.04160485481671842,-1.0256768417358444,0.011214630595595345,1.2484257313238787,0.01126012985481863,0.0732619871905097,69.88878260446094,0.21778896196052955,0.32984849655108917,2.585552215576172,1.0058023954068047,-27001800.0,0.33386496223765516,-1.3216155480433773,0.9999999975060981,-0.49073600618422475,0.0076378636706138535,0.6342552577783085
SLB,2015-04-07,62.91486411100792,63.535685319190094,62.26482706601881,63.00981140136719,7175700.0,0.004181601866500115,0.020169212141836507,0.0015091392423853694,0.0026771774867841275,61.379604721069335,60.38336734771728,61.140620191343615,0.04349615082785201,-0.9522140121460012,0.010934221104689747,1.2729453155597084,0.011376298371734431,0.08376865794325125,75.75483626776406,0.3508073616975338,0.3702935170304747,3.1187171936035156,0.887008052134916,-19826100.0,0.21465518597788885,-1.2465139111938508,0.9999999976595665,-0.5654591426632993,-0.0018398957662466814,0.6702630722286776
SLB,2015-04-08,63.22163166378592,63.6014320277458,62.27214189859011,62.9002685546875,8739200.0,-0.001740017548335059,0.021133298151183047,-0.005083119505795692,0.0033617028476637723,61.69147911071777,60.559024047851565,61.30820574975732,0.038660538931175104,-0.8192934417724587,0.010396439701176338,1.1972986729524848,0.011555251361667435,0.0897860701447909,70.70198826096636,0.44228779125267437,0.3694191572684922,3.118743896484375,1.0762945967282083,-28565300.0,0.24955738906047825,-1.1444808787510752,0.9743622228027348,-0.6271732439681099,0.0027008640073919636,0.5992194170186844
SLB,2015-04-09,63.09013595790892,64.95260463519425,63.002494044290486,64.60202026367188,9207300.0,0.026695250483844715,0.030186526411162127,0.023963877756922575,0.0030185467818208676,62.06835289001465,60.821228981018066,61.62190237013014,0.06216236248422028,-0.6212247085571292,0.011666524562802085,1.2687696094065852,0.012191429426118507,0.10522252354113901,83.45317388410669,0.644672448843032,0.45744305188707984,3.76873779296875,1.1130379069718244,-19358000.0,0.29978896232851054,-0.9983953184173053,0.9999999982949473,-0.6265153042709728,0.004593309717286935,0.6570944309388245
SLB,2015-04-10,64.84307231345264,65.27399899110446,64.41945098894115,65.08409881591797,7315700.0,0.007434577827717544,0.013129904503714372,0.0037170740661424035,0.0037313391871788724,62.50293083190918,61.11959037780762,61.951635364967075,0.06486477434819089,-0.45182838439941264,0.011515115155738078,1.2166011332379345,0.012234899237571366,0.1183395136630673,82.34167809068877,0.8343456411645889,0.5176929953669094,4.3457794189453125,0.886053412462908,-12042300.0,0.16847938468612325,-0.9441126276713178,0.9999999984244525,-0.5950885832463014,0.005040852146038439,0.8032257742902619
SLB,2015-04-13,64.98914810956744,65.22286924664725,64.09808453309084,64.28797912597656,7936900.0,-0.01230759762173855,0.01749603469961808,-0.01078901638176193,-0.0014588925417725568,62.846937561035155,61.397134399414064,62.17414429458703,0.04708435914543411,-0.2706252288818334,0.011882637751870413,1.2150361043901543,0.012284826325952332,0.12045035463918585,77.0196579998434,0.9099336582740278,0.4746248099810787,3.4400672912597656,0.9665579168752154,-19979200.0,0.11045748387361401,-0.9905028665069529,0.8738419265370189,-0.5702491566985405,-0.005663403784227824,0.8400863236767783
SLB,2015-04-14,64.70431194705627,65.25209652732875,64.52902244162789,64.85769653320312,12053100.0,0.008822921868166035,0.011148624208858378,0.0023705465915836014,0.006476060170811628,63.1624641418457,61.6724889755249,62.42972069826476,0.05164713814197274,-0.09588962554931868,0.011846817551344478,1.2395572699484692,0.012034695285399835,0.12556830443492747,79.52428792286652,1.0042329673177406,0.4551392952198331,3.1552658081054688,1.4347408429344986,-7926100.0,0.12941914962378448,-0.9587174673139345,0.9641228861958713,-0.558039881901195,0.001978849723558386,0.9175050620830494
SLB,2015-04-15,65.33970661135264,67.19486999511719,64.93069614236036,67.19486999511719,13207800.0,0.03540131945158076,0.033695635588272675,0.028392588212849696,0.00743181000735595,63.78766708374023,62.09355220794678,62.883544440822135,0.08215535439310136,0.21048725128174084,0.013284248320223086,1.2880715266376228,0.01275371148228629,0.14001857999383094,82.1876910819174,1.2531111298571815,0.5632139662074191,6.2520294189453125,1.5245251657807712,5281700.0,0.36505893069579637,-0.26808758928713283,0.9999999987541802,-0.39235944520008126,0.004922387776291592,0.9904751186706114
SLB,2015-04-16,66.64708273422092,68.11514606210379,65.90209861740914,67.1145248413086,17143200.0,-0.0011964191111189313,0.03297419522714902,0.007013691941352785,-0.008152218479417805,64.34348373413086,62.45289764404297,63.28649495515418,0.07464228839845144,0.4921884918212882,0.013039384013631876,1.3501538680468133,0.012367300486360432,0.15248857281112121,82.30944685852134,1.4274113745075283,0.5900113686862127,5.55816650390625,1.9168109503941644,-11861500.0,0.5836129682736226,0.10479086184591806,0.9899904416403656,-0.3509982901610113,0.0007094427981435637,0.9511256542156727
SLB,2015-04-17,68.73600277453639,69.30569779005195,66.8589280214993,67.82302856445312,20002600.0,0.010501305474225302,0.03607579638275012,-0.013282329103104014,0.024159866095480185,64.96211776733398,62.885647773742676,63.718545775087414,0.0785136349151516,0.7963822555541995,0.012326035571128602,1.4649276011872558,0.013103487262176926,0.16118140981198892,83.32174913920386,1.604223414475797,0.613458726923585,6.18634033203125,2.100571753817687,8141100.0,0.5748775736713426,0.3237662194162093,0.9999999987564514,-0.31680420696636835,-0.01384943048114744,0.6350211009833266
SLB,2015-04-20,67.6185196622673,68.5095833358309,67.34827730430638,67.53817749023438,8938000.0,-0.004208761180561409,0.01719480854650595,-0.0011881681591701726,-0.0030153313190883864,65.44124755859374,63.254490280151366,64.08232022414903,0.06772147227984521,1.0622615051269548,0.012335183659863464,1.473798484080502,0.01303155082066511,0.16762576937945578,79.4834613424732,1.7017464550890367,0.5687854140294597,4.791297912597656,0.9662530344053323,-796900.0,0.78511247833193,0.600816545705044,0.9645773866200409,-0.2973239245165492,0.009057529997224121,0.43092700378417514
SLB,2015-04-21,67.5308730561897,67.69155740244344,66.17967239269113,66.67633056640625,6850200.0,-0.01284300456872356,0.022674988214094118,-0.012654101022393489,-0.00010815266736692945,65.80789947509766,63.5937520980835,64.32936882817353,0.04847297677244066,1.3192824172973658,0.012829499207276772,1.522838329579726,0.01313529889275685,0.16553742453434828,78.67059979734103,1.690008952186183,0.44563832890128485,3.6665191650390625,0.748977429650112,-7647100.0,0.6569661362516136,0.38536852131131505,0.8574025431076807,-0.2441735979923371,0.00039097678856176555,0.40011786920962883
SLB,2015-04-22,67.0999264637845,67.5308474358407,66.54483681614343,67.31173706054688,5910200.0,0.009484594690966307,0.014648420361078364,0.0031566442457533197,0.006353017536805939,66.2490463256836,63.970262718200686,64.61340389792338,0.05223480724263899,1.603181190490723,0.012741037699309008,1.5223163690361068,0.01320998674725325,0.16233158921075255,78.7171902896581,1.7122412391631343,0.3742964927025889,4.411468505859375,0.6480997667029451,-1736900.0,0.5349021142219959,0.3543355714165682,0.9278316863688002,-0.23004389072756795,0.005594366575301958,0.378203578951146
SLB,2015-04-23,67.4286051139923,68.6118213817994,67.4286051139923,67.96178436279297,6192500.0,0.009610931971584923,0.01741002357281944,0.007907315417533716,0.0017362210299268737,66.5850227355957,64.32668781280518,64.93229727553,0.05650992882714806,1.8452290725708025,0.012482784027279153,1.5348377907312833,0.013096694009543637,0.16365499861601043,79.86210115991497,1.7620026021970432,0.33924628458919814,3.3597640991210938,0.6867777673650525,4455600.0,0.6296952918944159,0.7245157842828449,0.9999999986156228,-0.20148106333451404,0.00027255265605924167,0.7538236384704297
SLB,2015-04-24,67.56738423156413,67.69885271606054,66.58137338401663,66.91004180908203,7604000.0,-0.015596494883066213,0.016701220053523157,-0.00972869425030997,-0.005803263332867363,66.7676170349121,64.63527393341064,65.12065389777305,0.03519390786546254,2.053315010070804,0.013267694575908809,1.4951873011478543,0.012953744156323435,0.15777725525127706,69.76423766604997,1.6970099324580872,0.2194028918801938,1.8259429931640625,0.8458832716682501,-3148400.0,0.47331838210051663,0.35784774864332297,0.8521561135539598,-0.2247134958582837,0.0004458722249542924,0.7545275175695576
SLB,2015-04-27,67.3263474741223,67.62580001556498,66.79316826492862,67.43590545654297,7422500.0,0.007828540329447704,0.012347009282360962,0.001627267578458463,0.006221871243604009,67.08240966796875,64.96467361450195,65.34115404622733,0.03803962530013193,2.289664306640617,0.01326161820844517,1.4638854081096448,0.012926579288141863,0.15136640172617252,70.50068519726543,1.668699841919235,0.15287424107307324,3.1479263305664062,0.8179883602653268,4274100.0,0.3992557020239795,0.3156137163709164,0.9250772008598848,-0.22046585529173393,-0.003733741644456782,0.7257368847689617
SLB,2015-04-28,67.26061183238454,67.77918592163292,66.81508568682915,67.67693328857422,4480500.0,0.0035678043618154586,0.01424562532543911,0.006189676912650802,-0.002599410847554952,67.36433334350586,65.26339874267578,65.56360921216513,0.03698144124265829,2.525868682861322,0.013101327169920038,1.4378004156559356,0.01289774152870243,0.14730925393841973,71.85821367100628,1.6467303405830762,0.10472379178953162,2.8192367553710938,0.49943040077046374,8754600.0,0.5294629415042045,0.58439899650192,0.9594168164794429,-0.18431373468825377,0.00207555788265326,0.7023036929872137
SLB,2015-04-29,67.61852571468852,68.94781599046291,67.12186750328091,68.86016845703125,8134100.0,0.017332501935983156,0.02651675893475915,0.018362463972991003,-0.000863035173840586,67.53086318969727,65.65926513671874,65.87756723548571,0.04875021542881172,2.8430000305175724,0.012753070430422815,1.4216298732755968,0.013312273074194346,0.1403837009325807,70.45621144237761,1.7051407408310126,0.13050735362997434,1.6652984619140625,0.9025163408482928,16888700.0,0.38060835897742373,0.5645987407048493,0.9999999986308516,-0.1713035993992629,-0.002264905563061404,0.4210263351610781
SLB,2015-04-30,68.82363132360489,69.48096811569339,68.23932576135864,69.1011734008789,8166600.0,0.003493807551566252,0.017968469900381617,0.004032656689808085,-0.0005305989550281655,67.72952804565429,66.03650588989258,66.18457734647555,0.046408686675461996,3.119886932373049,0.012732853331296878,1.4492794698592704,0.013394670328165452,0.13405369416036939,69.75567952429623,1.7506975372201623,0.140851320015299,1.9866485595703125,0.9043252940003986,25055300.0,0.4662110259536878,0.6441876964265749,0.9999999986603229,-0.17154925316814615,-0.009419369280775627,0.4372367749496993
SLB,2015-05-01,69.00623381970468,69.30568641383496,67.78649624026009,67.9252700805664,6926700.0,-0.017163580365839672,0.02236561108660964,-0.01566472591393042,-0.0013739214039601689,67.73975219726563,66.3509349822998,66.35035760686516,0.023727398848058148,3.3463787078857408,0.013701185668005761,1.4774512884320177,0.013502168575600788,0.12000724903643406,67.24379020712934,1.6726349614064446,0.05023099536126496,0.10224151611328125,0.7632756710356459,18128600.0,0.3268519400638303,0.2142279754215701,0.8149435073082681,-0.1268668078556399,0.010935422475726786,0.04683534356386405
SLB,2015-05-04,68.78711259235104,68.78711259235104,67.47242781653206,67.91065979003906,4993700.0,-0.00021511673086205748,0.019359034058623728,-0.01274152627260347,0.012688098417016163,67.7770004272461,66.60912399291992,66.49895781478648,0.019539902630418732,3.500853805541986,0.01338984115711605,1.5024918151796456,0.013299476772880417,0.10969789642830945,65.27770778259854,1.591247963317656,-0.02492480218201898,0.3724822998046875,0.559830269533998,13134900.0,0.5198699383547799,0.6487041991659109,0.808009693996328,-0.09177302555453438,0.0014779990365568038,-0.09650653745155846
SLB,2015-05-05,68.40734549938107,68.95513011520947,67.2168233680079,67.22412872314453,7349800.0,-0.010160773268952086,0.02585837526226051,-0.01729663338927893,0.0073138106871236085,67.83178024291992,66.8198398590088,66.56802171082057,0.006050431503409678,3.6166200256347736,0.013758466070191848,1.459715621271611,0.013463662698831612,0.09704793559137807,50.17539270128542,1.454583330267127,-0.12927154818603848,0.5477981567382812,0.8231629806254641,5785100.0,0.5888859881202183,0.427517055697489,0.6972950349560346,-0.07188901082069557,-0.010643684933522482,0.11959135693848977
SLB,2015-05-06,67.71344316009508,68.3415696083936,66.86620633340065,67.39207458496094,6665500.0,0.0024951817808584213,0.02189223709284923,-0.004746008475367761,0.007278851303015625,67.83981399536133,67.04443016052247,66.64650293692918,0.005185284200434194,3.7395415496826203,0.01370882125600456,1.407023894864346,0.013483858260784857,0.07968360236395451,51.6464915369457,1.3443308422924787,-0.19161922892854966,0.0803375244140625,0.7552935990694665,12450600.0,0.546738308517018,0.4402266732070001,0.6449138088443805,-0.03380474197566038,-0.0019167203330731992,0.14000848240878622
SLB,2015-05-07,66.91004386137907,66.96117018623188,65.42006951550219,65.9021224975586,8670100.0,-0.022356774400559075,0.02338468948077935,-0.01506382757585145,-0.0071526322130679824,67.63384780883788,67.1094352722168,66.57560956175104,-0.017990209122770426,3.7312164306640625,0.013678827449607215,1.3731121306433525,0.013222458979956865,0.07382378302993943,39.57159270988569,1.1237741015247735,-0.3297407757570039,-2.059661865234375,0.9854418837521602,3780500.0,0.4735175598395666,0.8911891849950067,0.33535803377917894,-0.07491558836023772,0.004463166680575593,-0.15191012212585595
SLB,2015-05-08,66.69822792679001,67.60389656917745,65.82907490077604,67.50894927978516,6078900.0,0.02408952216952471,0.026290168745566108,0.01215506585699724,0.012080118197420877,67.6937385559082,67.23067779541016,66.66449905870667,0.00413905516796671,3.7277100372314464,0.014587046651201835,1.4169346761345594,0.013581803633229207,0.06812519584155866,49.86124019608198,1.0663466080351043,-0.3097346153973386,0.598907470703125,0.6958173011711419,9859400.0,0.4302573884514773,0.20298310751179596,0.6691959566045119,-0.1896627117353435,0.012092248136245688,0.14511297046258523
SLB,2015-05-11,68.21013316298037,68.22474387180687,66.9538796768319,67.02691650390625,7335800.0,-0.007165893433233676,0.018960505141257654,-0.017346640509364755,0.01038653231424497,67.65283966064453,67.36762466430665,66.69901500586853,-0.005057446541987305,3.7534931945800807,0.014369652096311664,1.3997189036504634,0.013615589596103298,0.05434631191086726,51.72666195722423,0.9707487024327861,-0.32426601679972555,-0.40898895263671875,0.8425862221451388,2523600.0,0.43230117454644745,0.3374957966885261,0.511189299066298,-0.21189816450717197,-0.004123014115379502,0.09584518494711407
SLB,2015-05-12,66.74206112345874,67.88145666667465,66.56677164463785,67.53817749023438,5088100.0,0.007598752859489541,0.019465805428742784,0.011928255636321867,-0.004249865506358318,67.63896408081055,67.5016487121582,66.7789352424748,0.0005411538647291627,3.772847900390623,0.014342094951253801,1.4231956466747155,0.013785600544919296,0.041430650312909635,51.129042565817706,0.9255717473525067,-0.29555437750400415,-0.13875579833984375,0.6087671272212145,7611700.0,0.44643709594852865,0.37482190701720863,0.5114188667218524,-0.3429399408622779,-0.002190754883195348,0.06681562642189562
SLB,2015-05-13,68.01290690021486,68.04942251347019,67.02689061236094,67.56737518310547,5913600.0,0.0004322204786983689,0.015133515225924009,-0.006550693646472888,0.007029052716874488,67.50968475341797,67.52027397155761,66.8540247606301,0.0006975862030372599,3.680455780029291,0.011915762372686729,1.4033704738073385,0.013152541952420453,0.041202965900133504,47.90367003727457,0.8819580315801545,-0.27133447462108506,-1.2927932739257812,0.7398168222755722,13525300.0,-0.0677788540404376,-0.2978904683785696,0.5205458527130786,-0.39070215707172734,7.205715450043804e-05,-0.1301910455085716
SLB,2015-05-14,67.77919614039058,68.10786457158098,67.1218537056584,67.31905364990234,5266400.0,-0.003681939182258872,0.01464683195117985,-0.00678884549670887,0.0031349590939574712,67.33147277832032,67.5305004119873,66.89831322627506,-0.0031311297975725816,3.5879912567138703,0.011945485163260309,1.375199037174927,0.012535983893378058,0.04091283627038872,52.37694931125666,0.8179278125106322,-0.2682917549524859,-1.7821197509765625,0.7117247269744266,8258900.0,-0.03478075321255319,-0.33179540987001166,0.4429223512648348,-0.39188076793633037,0.01027199335901021,-0.15760113431105854
SLB,2015-05-15,67.08532377734464,67.69884516064064,66.58866573271482,67.29713439941406,4640500.0,-0.000325655495072675,0.016496682033098495,0.003157331740283738,-0.00347197204781327,67.26865921020507,67.50420570373535,66.93629619514545,-0.0030675318991247795,3.454769210815428,0.011695088761280534,1.3950238712670324,0.011780683088555458,0.040827187705449304,49.14336416889511,0.7566920275880165,-0.26362203190008127,-0.6281356811523438,0.6997784022493039,3618400.0,0.07775428432091602,-0.0922006446970477,0.4360705533153201,-0.3840307307117947,0.000651381698471533,0.00889659391192801
SLB,2015-05-18,67.16569819537273,67.92529354455336,66.93928233337729,67.7426986694336,4023600.0,0.00659902899485394,0.01455523961316534,0.008590701646284955,-0.0019530728197318323,67.25186309814453,67.51443176269531,67.01309643079193,0.003381009078779088,3.3241779327392607,0.011756486073088657,1.3965889410079109,0.011720471656062862,0.04094218924211684,50.39597156354563,0.7356355905409515,-0.22774277515771701,-0.16796112060546875,0.6300988229103782,7642000.0,-0.06282200251833264,-0.15886379912995646,0.5753506967366943,-0.4166685095569087,0.0027019977783765197,0.07634753032217702
SLB,2015-05-19,67.00495951769761,67.00495951769761,65.69028082556824,66.14311218261719,6213000.0,-0.02389592431931021,0.01987627507607485,-0.012862440948909044,-0.010890312406004831,67.1437614440918,67.48777084350586,66.93024078810862,-0.019924478821603597,3.1777356719970697,0.012606642908755586,1.4127653236281503,0.0116296761946818,0.04350609276914001,34.421723238328866,0.5831527296265193,-0.3041805088577194,-1.0810165405273438,0.9778392632446227,1429000.0,-0.2385526117888802,-0.2074390341285488,0.07533161915465397,-0.40041706710663305,-0.0014270018761493586,0.1461197939182612
SLB,2015-05-20,66.2453925676359,66.59597704264966,65.6026608645204,66.28191375732422,4476300.0,0.0020963050534000783,0.014986232620953858,0.0005513015814802143,0.0015463497504672279,67.03274536132812,67.43627967834473,66.86849535660535,-0.017117876705633358,2.9883489227295,0.012408841430920928,1.3950277396134732,0.011637037347342533,0.0463613391543725,33.64405234243182,0.46811297584253,-0.33537621011336705,-1.1101608276367188,0.7125472174158045,5905300.0,-0.1791630903010907,-0.05239839035897931,0.11871997978657912,-0.4350374112814019,-0.0011288243263301691,0.06720214937085765
SLB,2015-05-21,66.72745172228376,67.6842467995976,66.30383040089606,67.21680450439453,5117000.0,0.014006217327649078,0.020536775124608785,0.007333605127728124,0.006721863321429959,67.16421356201172,67.3990306854248,66.90166765639479,-0.0027036914207384925,2.793922271728519,0.012641832088906244,1.386680801663367,0.01173118315018973,0.04587311130181973,45.77158739872938,0.44722567306190797,-0.28501081031519127,1.3146820068359375,0.8215678829093168,11022300.0,-0.16634112922737657,-0.1872572782992119,0.4109600135971021,-0.3705369109197532,0.0024785350017917885,0.1147559483654498
SLB,2015-05-22,66.80046220227375,67.4504990619215,66.29649891266051,67.20947265625,4104200.0,-0.00010908355578486008,0.0171702009203859,0.006122868622342089,-0.006194021051589296,67.1342658996582,67.4140022277832,66.93098241828577,-0.0030339330817672166,2.647041778564457,0.012139132260997691,1.375203328337797,0.011747132868385655,0.04544149024542989,45.81138899674959,0.4251795115093131,-0.245645577494229,-0.29947662353515625,0.6780053012012367,6918100.0,-0.2887968986964677,0.2922936783282087,0.40866813130351226,-0.33454729837055835,-0.001191169456319362,0.11304183740356649
SLB,2015-05-26,66.55215245024374,66.96846835721354,65.91672056177367,66.27460479736328,6106700.0,-0.014007410656743702,0.015869544581301062,-0.004170378307267521,-0.00978017205057084,67.05903472900391,67.35593719482422,66.8684702639122,-0.016054002698132338,2.438226623535158,0.012398229573599243,1.3433779960002792,0.011821429440545591,0.04792553228412153,44.49136188038001,0.32848517384027787,-0.27387193213061134,-0.7523117065429688,1.0198987733724367,811400.0,-0.07884719013649366,-0.0014495483465088751,0.11643525217236574,-0.33905160639220866,-0.010065781483500048,0.33170362113470675
SLB,2015-05-27,65.79986785444595,66.96847918153239,65.79986785444595,66.46451568603516,5406800.0,0.00286141745640912,0.017582484654017797,0.010101051161067007,-0.007163180291589142,66.95166854858398,67.29531631469726,66.82999839935248,-0.012345593633544706,2.2353275299072237,0.012386092247949268,1.321467142578386,0.011900996543070771,0.04915212812410796,44.63247104032324,0.2641336676535815,-0.2705787506538462,-1.0736618041992188,0.8960749900147004,6218200.0,-0.07060085097418538,0.010804893770256726,0.17580001185190627,-0.40023228687717255,0.010057323484312498,0.3291113030736315
SLB,2015-05-28,66.21617528571578,66.3476381810196,65.52961711325929,66.20886993408203,4400300.0,-0.003853765653931737,0.012355158282791108,-0.0001103257867465897,-0.003736435867410632,66.81581802368164,67.16275138854981,66.77084330742196,-0.014202536893543614,1.9540573120117273,0.011620836915386542,1.247388107101037,0.011463768612169219,0.04607682229809932,52.07089436924408,0.19031235732124685,-0.27552004878894465,-1.3585052490234375,0.7525508022670757,1817900.0,-0.008589731312677918,0.523748465308845,0.09588701300319809,-0.4719010646207575,-0.0014882375276136105,0.40025498060309017
SLB,2015-05-29,66.47911121538964,66.93925366996444,66.28921663867243,66.29651641845703,6089700.0,0.0013229122161765223,0.009804995290990045,-0.0027466491894123763,0.004081647694284151,66.71356430053712,67.02251853942872,66.72566931799672,-0.010832211871366564,1.6864464569091808,0.011577753817695135,1.1727853976353941,0.011281472810479047,0.038658765810782,39.702417517476256,0.1372980889218809,-0.2628274537506485,-1.0225372314453125,1.0603072953257995,7907600.0,0.017976993152997525,0.581692535064857,0.1949407558111429,-0.4645785309085474,-0.006464956097396314,0.4662499182663455
SLB,2015-06-01,66.23777257403937,66.86937833188387,65.863214368058,66.57560729980469,5003300.0,0.004200900594903895,0.015113102300289815,0.005100333429655918,-0.00088607739276793,66.64141159057617,66.95503540039063,66.71137769721652,-0.005666909117693136,1.470811691284183,0.011091974591564009,1.1538782382676018,0.011070588351214645,0.03694370523617553,46.03002880467317,0.11646170291682267,-0.2269310718045654,-0.721527099609375,0.8859843833144596,12910900.0,-0.14428699176410364,1.1099109566776877,0.33531107508651453,-0.4711350669045725,0.0030974285917755974,0.7926680769403911
SLB,2015-06-02,66.87670336747695,68.01506375722317,66.64903353081375,67.1998519897461,5290600.0,0.009332791294872564,0.020327875522967838,0.004832005855514344,0.0045226184166275735,66.58712692260742,66.91949501037598,66.7578990584098,0.0041894664525881685,1.2945008087158243,0.011329968101847861,1.1627904836520082,0.011102503734054825,0.034656625496115694,47.08190153811328,0.14860699737636196,-0.15582862187602092,-0.5428466796875,0.9344031536503821,18201500.0,-0.2323778389808171,0.8149998894252976,0.7050669811805885,-0.4419682934280159,-0.0008013840268190506,0.7762184723076969
SLB,2015-06-03,67.03828295069786,67.91225010063069,66.89140025805067,67.09703826904297,3967200.0,-0.00153114105012139,0.015214529119551568,0.0008764442607862878,-0.0024043064718786123,66.68251953125,66.9131404876709,66.79019803085106,0.0027483059385914133,1.144027404785163,0.011105791847258144,1.1626703366142064,0.010753896523597938,0.03449104737990703,45.9941570627284,0.16389686577289808,-0.11243100278358786,0.9539260864257812,0.7222440686852799,14234300.0,-0.3373074510262617,1.1883650449683973,0.6492074510423748,-0.43762129792087606,0.0014206248238915395,0.7493624866194101
SLB,2015-06-04,66.71515528178384,67.08236773208837,66.09824105481653,66.14965057373047,6451800.0,-0.014220295728120416,0.014877277033760548,-0.008476405483354625,-0.005691502890602614,66.66929321289062,66.85101928710938,66.72919351112529,-0.010491518616443207,0.9545436859130945,0.011520134960031927,1.1635836472073393,0.010535446176985349,0.03526922872310141,41.100029729277765,0.09843325003843972,-0.142315694814437,-0.13226318359375,1.1768643764039768,7782500.0,-0.16882329803162235,0.6021960788335834,0.13448401571714216,-0.43260659464969864,-0.007715538973675393,0.8688455179507317
SLB,2015-06-05,65.8705475490057,67.36142866703729,65.76038273270655,66.22306823730469,7120000.0,0.0011092568281701296,0.02417655927075941,0.005351719416583198,-0.004219266803437962,66.56991958618164,66.86706657409668,66.68099110409476,-0.009631024206488377,0.8627952575683651,0.010380368497855983,1.198645540521976,0.010566645021754098,0.03386792098004966,41.88918873451065,0.0518790256878674,-0.15109593533200746,-0.9937362670898438,1.3173743544958174,14902500.0,-0.10366516167733617,1.4305880972450649,0.049985452394499065,-0.24425714810469357,-0.0004688808303161642,1.0342502914100924
SLB,2015-06-08,65.97335553963644,66.59026944280963,65.46660083116248,65.6355209350586,7115200.0,-0.008911837970580958,0.017119824686985162,-0.005120773406392535,-0.0037707811539842845,66.4125244140625,66.77339515686035,66.5814225165675,-0.017040832192652795,0.6711798095703045,0.008872767263035897,1.2084782119841964,0.010203588525024659,0.03641090436597191,34.42170240415855,-0.03205616594190985,-0.18802490156942778,-1.5739517211914062,1.303984876766355,7787300.0,-0.7682238065875777,0.9268225502574629,0.0,-0.1925404806548171,-0.006422842600827588,0.7562838013874874
SLB,2015-06-09,66.21575207590702,66.56092707430194,65.94401284409756,65.99542236328125,5077800.0,0.00546835441645157,0.009347833654408543,-0.003327451636782628,0.00884020013221988,66.3846061706543,66.7218204498291,66.52561297815929,-0.010886964439078137,0.5166548919677609,0.008889562160473116,1.1279773759397673,0.009964978530436557,0.037683830563511204,48.66307722907942,-0.06874195809058392,-0.1797685549744815,-0.27918243408203125,0.9502573637085825,12865100.0,-0.9581864539716769,1.2004400168822171,0.17079784995992586,-0.19195948699858167,0.0001486268268014604,0.7397562056879248
SLB,2015-06-10,66.81796228549015,67.44222216558411,66.63435610880276,67.29533386230469,6045600.0,0.01950551935992681,0.012004785627995437,0.007144359996715991,0.01246359054543382,66.46768798828126,66.70967826843261,66.59891972903027,0.008779169815741885,0.3926546478271433,0.00984556498355093,1.1603690633807386,0.009747924530432554,0.036826093579667145,57.58025029532108,0.006995640097827049,-0.08322476542885641,0.8308181762695312,1.1213247568385676,18910700.0,-0.4229018172658133,1.0106973465865137,0.7876947882905829,-0.0939592652775708,0.012267582068265401,0.9867510287903789
SLB,2015-06-11,67.29534100520655,67.33206448572828,66.50216649617147,66.59029388427734,5134600.0,-0.010532071396570825,0.012462747063393871,-0.010476908362417835,1.061426023871044e-07,66.50583038330078,66.66082420349122,66.59809822000618,-0.0010580475122625172,0.23085151672363224,0.010111150836610829,1.119480845329555,0.00967790976665117,0.034819463714769884,45.14690829489928,0.010011986413090312,-0.06416673529087452,0.3814239501953125,0.9592846747239157,13776100.0,-0.2730448152018981,0.5334932499471695,0.45310508416647155,-0.18820733531247022,0.0025645045053219444,0.9449635799909074
SLB,2015-06-12,66.27450009115893,66.53889349816654,65.96604298405578,66.20840454101562,3997800.0,-0.005751417754739628,0.008652232568991934,-0.0009972998672549695,-0.004742339681924405,66.49701919555665,66.60529174804688,66.56098453629279,-0.005958793912840926,0.08227813720704091,0.01015367079439658,1.0816416132553104,0.009548563268112037,0.03404878311661151,42.6708016247883,-0.018202983160378494,-0.07390536389147467,-0.08811187744140625,0.7558563838838366,9778300.0,-0.24153455225358325,0.45664023609270904,0.2718724642410038,-0.15549995371741354,-0.006586501155740479,1.1566630239198155
SLB,2015-06-15,65.66491754753142,65.95134274287793,65.14347106039699,65.67960357666016,5330500.0,-0.008018982249729321,0.012300191208340678,0.00022365107087980683,-0.008208731161125053,66.40741882324218,66.52441520690918,66.47704349251825,-0.012699271803012929,-0.07945671081542116,0.010279273407099717,1.065368855122618,0.009433142564212573,0.034773880792389196,45.36837754243931,-0.08228483986127344,-0.1103897764738957,-0.8960037231445312,1.0012961154106244,4447800.0,-0.12864788576041686,0.2471926651122032,0.020920229306350065,-0.1387617460896756,-0.005533745366273279,1.1688040163977123
SLB,2015-06-16,65.80448141434658,65.93667814356793,65.43726890020044,65.8705825805664,3731700.0,0.002903517564730955,0.007581673393531428,0.0010045085805571315,0.001901318383273602,66.27449188232421,66.43080940246583,66.4192853104276,-0.008433237934906523,-0.2355365753173828,0.010164129285123846,1.0175687062855505,0.009282816427332752,0.0312657768565509,45.37746066732537,-0.1163189114394072,-0.11553907844162356,-1.3292694091796875,0.7029000726124763,8179500.0,-0.09470278307199047,0.3873973476254837,0.14161935976822723,-0.07102243279403901,0.005512689441845579,1.1175191934083195
SLB,2015-06-17,66.12024351467963,66.55355692710292,65.51066977335924,65.85585021972656,4656400.0,-0.0002236811638800743,0.015835907520199165,-0.003998673944604687,0.0037901734633645013,66.15037307739257,66.41644630432128,66.36562482559893,-0.008440621499471081,-0.30682044982910384,0.008709405496123975,1.0252821763546802,0.009142650534950123,0.03200768045125395,47.14542531441594,-0.14283344175777302,-0.1136428870079915,-1.2411880493164062,0.8901250675039547,3523100.0,0.37576752948071107,0.26261210183227385,0.13274344338677813,-0.04562513993336345,0.002790537752467596,1.069054656014946
SLB,2015-06-18,66.16430786168686,66.50214810002585,65.07001680408762,65.09204864501953,7862800.0,-0.011665864723425758,0.022001631931242226,-0.016206006702417824,0.004683830531853138,66.04461288452148,66.35695304870606,66.24433185601994,-0.01906212304169675,-0.4101493072509754,0.009052413585646443,1.0754070020729531,0.009384157811383152,0.03667126822735495,41.220514828227465,-0.2229092427899957,-0.15497495043217133,-1.0576019287109375,1.4559392648828813,-4339700.0,0.4690927478710925,0.02894180437096255,0.0,-0.07340189779937861,0.009685082885488588,0.7853423168712468
SLB,2015-06-19,64.3135688174417,64.46045151173058,63.32944243863184,63.615867614746094,13888600.0,-0.022939471098931647,0.017778725898199944,-0.010848429274327514,-0.011959676239770501,65.78389282226563,66.17690620422363,65.99400192827957,-0.0386998839379723,-0.5704730987548885,0.00957229876333833,1.1294385908273692,0.009276642256258048,0.05029953895209044,31.631693530593253,-0.4008644483750743,-0.26634412481379993,-2.6072006225585938,2.378559636107058,-18228300.0,0.12985748465723115,0.6472487708625922,0.0,0.055246654918939764,-0.004978731899139118,0.8513973872334145
SLB,2015-06-22,63.82886873450195,64.07122468540955,63.01365667296759,63.87293243408203,7415400.0,0.004032749035615304,0.01655737371277549,0.0006903412273114688,0.0033482388552142505,65.60763397216797,66.01007919311523,65.79199530978457,-0.03237606718787427,-0.7130767822265653,0.00967596430363368,1.1021608447576168,0.00925642044939537,0.057053568895281855,28.367037943234962,-0.5152131913978337,-0.3045542942692475,-1.7625885009765625,1.2349449758853153,-10812900.0,0.07292672652314132,0.4758846229558326,0.06986470355798442,-0.01343838132555902,0.0044602173296384925,0.8728929353131588
SLB,2015-06-23,63.65993880750267,64.6954748117185,63.5203963092261,64.62937927246094,5931000.0,0.011773415841528124,0.018181800842285156,0.01522842282160683,-0.0033346461241492995,65.47102966308594,65.92781791687011,65.6812699728966,-0.019694852422484314,-0.8021660614013797,0.009790282810338901,1.1131771776085009,0.00933925435379799,0.05993997738405513,35.2113809465894,-0.538587949492026,-0.26234324189075187,-1.3660430908203125,0.9891833608384459,-4881900.0,-0.09424579141434486,0.4092259238417329,0.2754507275702892,0.06749013182986048,0.00021970505757339364,0.8235824089246062
SLB,2015-06-24,64.08590218311421,64.71750788610703,63.916982033293195,64.2695083618164,6565600.0,-0.005583785124498331,0.012455764377519963,0.002865001075861731,-0.008409133670548848,65.1684471130371,65.81806755065918,65.54681648612706,-0.02352787382660347,-0.9001526641845743,0.009787109948875562,1.0990149375076004,0.00918839782952853,0.06353379824666425,37.878784897790545,-0.5794714029848365,-0.24258135630684985,-3.0258255004882812,1.0845428363530645,-11447500.0,0.039989661358541886,0.4082352839634538,0.1776455337041241,0.03955002806894077,-0.007550033985346645,0.8582442410123006
SLB,2015-06-25,64.15935426572757,64.42374765554044,63.6525993347168,63.6525993347168,5865800.0,-0.009645147671972602,0.012114954124160162,-0.007898379539668649,-0.0017139402322591704,64.87467765808105,65.69025402069092,65.36641485265942,-0.031019132386553173,-0.9571207809448339,0.009938952409664139,1.0397365365428075,0.00917966556211203,0.06981261653354051,34.51352368800025,-0.6541110521511513,-0.2537768043785317,-2.937694549560547,0.957358084696274,-17313300.0,0.10520595286643301,0.21026625896069157,0.009982893550184484,0.060284159997929264,-0.004276828085546205,0.8838165322850479
SLB,2015-06-26,63.44696127668832,64.12997659983539,63.21194555276765,63.6525993347168,25487300.0,0.0,0.014422522515385035,0.003241101762647098,-0.003230630958951578,64.61909713745118,65.55805816650391,65.20319432714108,-0.02906521158615839,-1.0200781249999977,0.009920605624764054,1.0250481390728494,0.00928967968256393,0.07460905297083552,37.143135573978334,-0.705135152755517,-0.24384072398631784,-2.555805206298828,3.5913033063499107,-17313300.0,0.1264106482527764,0.24115648666718364,0.009982893550184484,0.0399026282778628,-0.001104213563057518,0.9703414613484251
SLB,2015-06-29,62.866754528902746,63.6085250604906,62.830036655055686,62.910823822021484,7008400.0,-0.011721933363273635,0.012374474822286608,0.0007009951992746475,-0.012345839981831551,64.3422191619873,65.37481899261475,64.9848733266535,-0.03769027904875143,-1.1050732040405222,0.01003268827396471,1.0177021776741182,0.009213447276350997,0.0814998724260024,30.943747681625084,-0.7962485470878278,-0.2679632946549029,-2.768779754638672,0.9737668997895711,-24321700.0,0.3202284026606668,0.2003739353432508,0.0,-0.013445085358095497,-0.020964083682008857,0.7485716977192284
SLB,2015-06-30,63.43961243331674,63.52039960986247,62.43345403978343,63.30007553100586,8043500.0,0.006168293628543742,0.01717131553100018,-0.00219952324673407,0.008405367775682446,64.08516845703124,65.17983016967773,64.82441639373468,-0.028839514214419493,-1.2152999877929744,0.009853058145467716,0.9919983039438455,0.00910146636346046,0.08200200994703875,22.1884919802455,-0.827508209200289,-0.23937836541389124,-2.570507049560547,1.0966141093546562,-16278200.0,0.32628013743928974,0.3867643400477308,0.08877883834688269,-0.0707978436009444,0.0032623676787063697,0.7684609093441092
SLB,2015-07-01,63.46898320457351,63.66728101754598,61.63292139742976,61.91200637817383,10109000.0,-0.02217239738411396,0.032858886977266556,-0.024531302500643958,0.002668364486941525,63.69078407287598,64.92057857513427,64.54704401130031,-0.04634235034548475,-1.3792650985717785,0.01071741281912716,1.0780312775552316,0.009885245328649308,0.08893131073035158,20.261740621203572,-0.9532982676715847,-0.29213473910814947,-3.9438438415527344,1.322831636992701,-26387200.0,0.2463158463981091,0.018522620643530715,0.0,-0.14577068643564348,0.006874049344814129,0.5865736801317254
SLB,2015-07-02,62.13232826758222,62.345312102173615,61.64761088106259,61.69902038574219,7607200.0,-0.0034460712572672307,0.011308140984232778,-0.0069739521103076,0.003558629453269668,63.35148124694824,64.69804706573487,64.27580366600907,-0.04635420721348194,-1.4895422744750988,0.010447142677248465,1.0832777290473357,0.009801180577684514,0.09771413413523616,20.70637283861528,-1.0579782699422609,-0.3174517931030605,-3.3930282592773438,0.9879852617825866,-33994400.0,0.1492155490934029,0.27735859611416813,0.0,-0.11447219307837918,0.00037215833097994753,0.5426901483222072
SLB,2015-07-06,60.861779848434026,61.86059793697773,60.51659932623224,61.31711959838867,7612700.0,-0.00620897411187737,0.021918815162035313,0.0074815385138028,-0.013569754139915598,63.1216064453125,64.45274963378907,63.994024230997596,-0.04865005842600323,-1.6019464111328006,0.010407826498420581,1.1032109526278258,0.009712322309927732,0.10593688664854452,21.109257929676915,-1.1584008043883074,-0.3342994620392855,-2.298748016357422,0.9855463472954665,-41607100.0,0.2619236195761725,0.3683684593935892,0.0,-0.10376838415508581,-0.0041322930648276,0.54445051912522
SLB,2015-07-07,61.41992875967622,62.161699192436345,60.384392962415,61.83855056762695,9442300.0,0.008467885957714794,0.028741071931782654,0.00681573255463578,0.0016766795629168363,62.918168258666995,64.26290111541748,63.78874102496229,-0.03772550734110714,-1.690365104675294,0.010682820602712017,1.1944893088173865,0.010211820932079655,0.11068119649224514,24.417406289557817,-1.1822826466003846,-0.2865450434010901,-2.034381866455078,1.2042674761182037,-32164800.0,0.06590780496792177,0.023249819952713347,0.08722186013194189,-0.09491793901501328,0.006355262906282959,0.5844834903106687
SLB,2015-07-08,61.64761877478111,62.029517200842044,60.64880061035531,60.898502349853516,6747000.0,-0.015318383119680408,0.022672422756059053,-0.012151587357564607,-0.003087585189064885,62.54508056640625,64.0080551147461,63.51348019876146,-0.04858064753441022,-1.814463043212882,0.010826697814748983,1.218619982870462,0.010576186592820804,0.11743372433959605,21.851600111074006,-1.2625097865421964,-0.2934177466743214,-3.730876922607422,0.8514467148568429,-38911800.0,0.2700573259650991,-0.016807285129354265,0.0,-0.2916730682994811,-0.015150839270280398,0.6175905884312247
SLB,2015-07-09,61.897313883617365,61.941377573345854,61.19961264790888,61.36118698120117,7410500.0,0.007568918958557332,0.012088503530158643,-0.008661553608356047,0.01640124954183297,62.254248428344724,63.71134777069092,63.30849989232715,-0.036887632607434676,-1.9848554611206026,0.00971666478050269,1.190815977695755,0.010576116597218146,0.11298560392202603,28.06567583266613,-1.2740689166279395,-0.24398150140805175,-2.9083213806152344,0.9271927536204684,-31501300.0,-0.1637471354937845,-0.5838906285393596,0.08128980615970417,-0.31642363482999414,0.0013030650054896768,0.4469658582340215
SLB,2015-07-10,61.89731197181891,62.09560977590412,61.133509621893076,61.662296295166016,6512200.0,0.004895161593961932,0.015602729898439905,-0.003796864018261283,0.00873720045184239,62.05521812438965,63.464947891235354,63.15171859735942,-0.02840389310897534,-2.087297897338871,0.009831852669749407,1.133636973954566,0.010652589790510541,0.10842575438865924,36.67331634222391,-1.2445857950212513,-0.17159870384109066,-1.9903030395507812,0.8078364677591724,-24989100.0,-0.3544481914447267,-0.5807855339862633,0.143843316953246,-0.243888690230669,0.011394071078245428,0.5064288232341753
SLB,2015-07-13,61.70636146240257,62.0442017587026,61.30243123518307,61.904659271240234,5613700.0,0.003922784789156224,0.011982466784437016,0.0032135715692536418,0.0007146209253320941,61.880424118041994,63.24976062774658,63.03295104249093,-0.021266505092768284,-2.1585548782348667,0.009967863465487548,1.1110800104601068,0.010711592692506126,0.10280787836730244,36.54603834177382,-1.1879693706565675,-0.09198582358112528,-1.7479400634765625,0.6894675562018551,-19375400.0,-0.47426428511558516,-0.6188271846257689,0.20236136037146038,-0.20607065630038016,0.010417888183913109,0.527003490521259
SLB,2015-07-14,61.98543499739063,63.24130034312379,61.823860695036394,62.63907241821289,6151600.0,0.011793795635830781,0.02262868196105761,0.010545016274384133,0.0013048408165283161,61.85324897766113,63.09773406982422,62.99543879255968,-0.0072690669224947544,-2.2048574829101497,0.010453833598536296,1.1283915208597495,0.011012051731433027,0.09670965639432369,36.35432560557851,-1.0714879965877628,0.019596440390143632,-0.27175140380859375,0.751741233647007,-13223800.0,-0.544642619054376,-0.6264728195710175,0.3500687808911576,-0.12650524758561366,0.005950370033476294,0.5685477336652247
SLB,2015-07-15,62.24981745353153,62.41139172775479,61.339127108493834,61.41991424560547,8792900.0,-0.019655124619430243,0.017457930907770283,-0.013331817535779404,-0.006214251738635005,61.6652328491211,62.87520065307617,62.8453888357069,-0.02314563440521604,-2.2975759887695304,0.011045681004667525,1.1640643392101226,0.011208872863194958,0.09038782901247841,32.52233011889432,-1.0652717543590953,0.020650146095049005,-1.8801612854003906,1.0422826878705387,-22016700.0,-0.34793665079102876,-1.0450073162675992,0.10517960578657352,-0.23191325771743865,-0.003480596348984832,0.5993308462306329
SLB,2015-07-16,62.11762890135534,62.249825542606,61.4492998808063,61.61087417602539,6623500.0,0.0031042649765623902,0.012993252774056637,-0.00815798565226451,0.011359746497851724,61.63511962890625,62.66295185089111,62.727816010975324,-0.016789468797594794,-2.397559700012202,0.011121532541051063,1.168261694651329,0.011142777990129625,0.08043430291013831,36.78691830209286,-1.0330283592534641,0.04231483296054406,-0.3011322021484375,0.7760807541112302,-15393200.0,-0.38031448026317766,-1.0779003831771958,0.16987336596100217,-0.2545788855288829,0.007775522688860576,0.6070977550984601
SLB,2015-07-17,61.84590728937176,62.38938003339964,61.08210487989725,61.478694915771484,9097800.0,-0.0021476931317011105,0.021263872879757985,-0.005937537174159626,0.0038147991972142256,61.61308708190918,62.48228416442871,62.60885209714638,-0.01606198080108879,-2.4599597930908246,0.010948352031027519,1.1960648451109468,0.011122107031362531,0.07345813744282634,36.168152255275935,-1.006538251549891,0.055043952531293794,-0.22032546997070312,1.0583390528483185,-24491000.0,-0.516810101733114,-0.8477613339620412,0.1555110437568054,-0.36603348103886907,-0.00019280347100171145,0.7172968407173745
SLB,2015-07-20,61.867940011785464,62.080923863877004,61.287743780891184,61.33915328979492,7110800.0,-0.002272335626442556,0.012931056926046335,-0.008547023254529109,0.006331381896562096,61.6152904510498,62.368448448181155,62.48792840120815,-0.01650345942534427,-2.4825361251831026,0.009898251041104958,1.193966088205569,0.011001472285587099,0.07324214581265796,39.169998874952555,-0.9854448979962172,0.06090984486797435,0.02203369140625,0.8611416897065787,-31601800.0,-0.5701970050655081,-0.48433766397724537,0.11810921343724026,-0.3429187139246389,3.229445962347154e-05,0.6496585750712508
SLB,2015-07-21,61.23633137470079,62.639085284902286,61.04538498107333,61.91200637817383,7809200.0,0.009295769954615339,0.025741377110188257,0.01103389096480374,-0.0016762852041395744,61.622636032104495,62.270402145385745,62.4330786847287,-0.005755475392228122,-2.4686435699462805,0.010130242699406027,1.230162854901991,0.01131434864747215,0.06995175342369671,40.671198684080984,-0.9119909427430741,0.10749104009689403,0.073455810546875,0.9434705391985115,-23792600.0,-0.5529600316723499,-0.5921147260948897,0.2716530313456355,-0.40114733883916426,-0.0038949480225805157,0.5981675554655916
SLB,2015-07-22,61.677032560361766,63.05774995947434,61.361229491021895,62.617095947265625,10589000.0,0.01132421403251302,0.02709356674543339,0.015241709075154387,-0.003795286755476532,61.7944953918457,62.16978797912598,62.450604138303646,0.00719494118734705,-2.4810613250732345,0.010099181816317537,1.2060314869260071,0.011634808550195445,0.06065269391404874,55.21769298562075,-0.7878020270731056,0.18534396461349,1.7185935974121094,1.244300822561692,-13203600.0,-0.5639119411093352,-0.590547066974691,0.5098162347427062,-0.2800932911928502,-0.003272073301363075,0.5575458142286864
SLB,2015-07-23,62.59501091477868,63.60851484224316,62.36733547935133,63.175201416015625,6419300.0,0.008873502471953303,0.019646622963946335,0.00926895758556308,-0.00035269972445769624,61.97589683532715,62.115072631835936,62.51961340284765,0.01706717450792031,-2.4485171508789065,0.010311428776458943,1.2448513541960646,0.011814301499151157,0.0541343419447302,60.392951833374156,-0.6370039842168893,0.2689136059757652,1.8140144348144531,0.7549732819691662,-6784300.0,-0.6999879601622531,-0.5493533733553958,0.8266589994500645,-0.21787773422285303,-0.0044915428157269125,0.5131240749166921
SLB,2015-07-24,62.97691344337024,63.02097712913552,60.707543975012584,60.88380432128906,8745800.0,-0.03694464103986897,0.03799751313033508,-0.033236133808992326,-0.0031386994928537487,61.898047637939456,61.97663288116455,62.36382206174682,-0.01763291274585537,-2.453285484313966,0.012906451927963586,1.3251126992144608,0.012735263842308253,0.0517077761118938,47.59572055148719,-0.6943875766100973,0.16922401086604588,-0.7784919738769531,1.0114627744621205,-15530100.0,-1.2059047687080904,1.0772396976574958,0.0,-0.3029382266546679,-0.00850153731569885,0.6920835537713492
SLB,2015-07-27,60.22282254556944,60.59003487816438,59.67200404667704,60.04656219482422,7186200.0,-0.013846902610931881,0.015288649306995191,-0.0029268032167016297,-0.010856446687062492,61.71223793029785,61.79633102416992,62.14313064584943,-0.02831509250381436,-2.4881375122070253,0.01315037374333961,1.2847194166852236,0.012753093016607346,0.05242142484955098,40.393692575422634,-0.7982215285836247,0.052312047114014826,-1.8580970764160156,0.929454720414712,-22716300.0,-1.006084558670996,0.5055310273650572,0.0,-0.1060876689877825,-0.006721999483692934,0.7262476682170235
SLB,2015-07-28,60.619415960212905,61.00131434226183,59.59856606621091,60.59003829956055,8330600.0,0.009010197225144581,0.023151467063210217,-0.00048462460726510004,0.009540159243921941,61.507334518432614,61.680291748046876,61.99521708906001,-0.01767588021372893,-2.470034866333002,0.013233785615116657,1.2862931085112368,0.013025618207005032,0.052401368722148366,48.272988378093,-0.8271221546399374,0.01872913684616173,-2.0490341186523438,1.0683351842969886,-14385700.0,-1.1888496948816472,0.8462133562064649,0.16704283858990704,-0.12008250246203964,0.01499304930740302,0.8502039373397263
SLB,2015-07-29,60.222812244500766,61.88995348390364,60.1640569365639,61.61087417602539,8491100.0,0.016707888724718255,0.028012856016435717,0.023048773044493213,-0.006060832198920143,61.52643051147461,61.59583168029785,61.95861300210433,0.00024421288449545236,-2.431858444213873,0.013775771879714812,1.3350803459289082,0.013368614271136186,0.04626554496840711,51.31570483699524,-0.7589050008106213,0.06955703254038237,0.19095993041992188,1.0858017524027763,-5894600.0,-1.0494823668934212,0.6181634785535,0.49999755983545335,-0.0024199515534137606,0.009321123989020165,0.9220027301217076
SLB,2015-07-30,61.73574333128783,62.0001366922831,61.01601020663554,61.33915328979492,4653500.0,-0.004420028758143691,0.016044018100446915,-0.0064239939473104855,0.002026738898488608,61.49925842285156,61.5671890258789,61.899616839027246,-0.0037038516731392416,-2.3644219207763726,0.012923007674914683,1.336653655331516,0.01281866981238616,0.04616574152551536,48.291935986011254,-0.7184857629421089,0.08798101632711586,-0.27172088623046875,0.6165744377658634,-10548100.0,-1.25916902767705,1.7404659828984634,0.4131480172223232,-0.04778337262506793,5.186046252440534e-05,1.0646190129270277
SLB,2015-07-31,61.030680707902384,61.33179747144914,60.68550026313992,60.825042724609375,5568600.0,-0.008416763945623408,0.010625511785259032,-0.003369419788666762,-0.005028967068312284,61.43389320373535,61.52349014282227,61.79727644717793,-0.01135253244885001,-2.298983383178708,0.013031281181558572,1.3303595484126214,0.012808517203744612,0.04737591145122403,44.4527420230542,-0.719642065960862,0.06945977064669029,-0.6536521911621094,0.7479233864062648,-16116700.0,-1.177597722736463,1.463917780691332,0.24882400055077805,-0.04279111542427453,-0.0020725643663072318,1.076193464584934
SLB,2015-08-03,60.252208030550136,61.06741996305369,59.973128638686745,60.281585693359375,6808800.0,-0.008974912211770106,0.018152995011335434,0.00048757819455086583,-0.00941774421191609,61.3281364440918,61.4717134475708,61.65292494681426,-0.019360575579636052,-2.212055702209476,0.01310713811824471,1.307277525289732,0.012698550156491517,0.05070039448390319,37.64436377973095,-0.755699649839265,0.026721749414629903,-1.0575675964355469,0.9194595163951915,-22925500.0,-1.1327709759407982,1.2988813888593986,0.0751200381917022,-0.004757675519351262,-0.0015066403840921822,1.0880025251826837
SLB,2015-08-04,60.47252156070193,60.957244507776984,60.127346690069565,60.421112060546875,4707300.0,0.002311902416930055,0.013735229117858568,-0.0008501299239431986,0.003167399549073018,61.1790470123291,61.400841522216794,61.53560943383641,-0.015956287200321537,-2.1471604156494166,0.01294879353914449,1.2737027044317577,0.012225660185708044,0.05263567371580734,44.09725916961695,-0.7642076233035198,0.014571020760300146,-1.4908943176269531,0.6566673223156406,-18218200.0,-1.1158436032932677,1.3846711667062226,0.11971654065720617,0.030438917721365494,-0.003327654052185845,1.0422507104417589
SLB,2015-08-05,60.91318696352061,61.654951882933155,60.31829914093815,60.59003829956055,5812500.0,0.0027919137738888927,0.02206060236150565,-0.005305069067451478,0.008144088815853547,60.976341247558594,61.38541831970215,61.445555040095854,-0.012957149139216934,-2.048892288208009,0.012534369988217171,1.309898521931363,0.012206230848058873,0.05349172774281831,43.95129135677901,-0.7486888982809319,0.024071796626310538,-2.027057647705078,0.8161623310017418,-12405700.0,-1.3845785965352313,2.401773702107677,0.1737100587750953,0.07453610533092622,0.005834261473906863,1.0754054036655034
SLB,2015-08-06,60.3183082188266,61.831227152429605,60.03922880545162,61.390567779541016,8265700.0,0.01312570905978239,0.029190124994660564,0.01777668492996194,-0.004484731951983539,60.797877883911134,61.38688735961914,61.44031815813825,5.995449647604802e-05,-1.9459442901611368,0.012778198075653972,1.34452160717962,0.012726868931412286,0.053489186368359094,49.516147138855004,-0.6641383842815358,0.08689784850056526,-1.7846336364746094,1.1537014769338565,-4140000.0,-1.325946350293455,2.1783076910530172,0.42958151624436125,0.07385921593554953,-0.005490109825535027,0.9161040466360156
SLB,2015-08-07,61.1188452774588,61.58153097911796,60.1861224525168,60.40645217895508,6275900.0,-0.016160280736377673,0.0231003225030869,-0.011655866456077532,-0.004426127854982419,60.750142669677736,61.32409515380859,61.341854731549375,-0.014963824130661031,-1.89268814086914,0.013214073193615181,1.3875379245807156,0.012924772098252773,0.05520472475970808,45.31371229150503,-0.6688315236816607,0.06576376728035238,-0.4773521423339844,0.8774181461799686,-10415900.0,-1.0435814294711117,1.1593955321943237,0.11503083530465445,-0.0035671314053188634,-0.0022879793190759674,1.0268925246320817
SLB,2015-08-10,60.369723393261154,62.04421684019195,60.340351328649696,62.01483917236328,6776600.0,0.026277774506855995,0.027475125861514394,0.02725067611102829,-0.0006080275263495797,60.94697036743164,61.329604148864746,61.40594848781736,0.011172989504958665,-1.8015456008911102,0.014560659550385264,1.3954068679888085,0.013357563711520682,0.05548187539376239,50.467978285890865,-0.5365820975417179,0.1584105547362361,1.9682769775390625,0.9397802057598045,-3639300.0,-0.645517586771393,0.7740805895038138,0.6291159932778603,-0.13730217635879716,0.011849377624596756,1.3157762132073436
SLB,2015-08-11,60.935216279945834,62.022161662905354,60.63409947316471,61.9560661315918,6088400.0,-0.0009481748161899437,0.022403975533121564,0.016753035665878664,-0.017409105737043944,61.08357315063476,61.29545383453369,61.45834064436731,0.010777508864546839,-1.7433050918579127,0.01429954548338879,1.3733741337951082,0.013356528390823434,0.05272644854302314,46.80371723157662,-0.431541426780889,0.21076098039765212,1.36602783203125,0.8447106729978807,-9727700.0,-0.5639474701119238,0.9244240941032589,0.6103304969555172,-0.07351945881443511,-0.00665808434141345,1.2157174002270021
SLB,2015-08-12,61.68435721661224,62.455505745848015,60.86180476219366,62.30127716064453,6682100.0,0.005556402673114114,0.025580550773381137,0.010001238107514021,-0.004385509473801297,61.15261344909668,61.339521980285646,61.53862031258419,0.01567920892288647,-1.6012654495239218,0.01362757246561702,1.3985542495638603,0.013602576573127528,0.05468411819140121,45.685478798215236,-0.3167885521944882,0.26041108398724233,0.6904029846191406,0.9408579251168838,-3045600.0,-0.7947799630835791,1.8923009656841754,0.7206695304916004,-0.06476995661529111,0.0017533365650568254,1.1561582253073228
SLB,2015-08-13,61.97810401865405,62.19843368428076,61.28040274952973,61.757774353027344,5908500.0,-0.008762057716967399,0.01486502621521413,-0.003554959757407111,-0.005187263515596557,61.19447555541992,61.34686698913574,61.55949212595973,0.00669809859995577,-1.4871351623535176,0.01377814141910876,1.2952126045718433,0.013638047182136797,0.054882263528893076,55.21473398041988,-0.2666286772464588,0.2484567671482174,0.4186210632324219,0.8361418179167991,-8954100.0,-0.645375650047589,1.5230593652386055,0.5469509367340779,-0.07488475703683661,-0.0023873274612879005,1.2440111684297859
SLB,2015-08-14,61.70633784979477,62.51420920152462,61.33912563654073,61.58883285522461,4201500.0,-0.002739298749560723,0.01907949072108793,-0.001904261355716679,-0.0008328749501001303,61.27085456848145,61.352373886108396,61.56228648112781,0.0038541127936657328,-1.3904119110107445,0.01378408146174088,1.2925899824555482,0.013579514721402286,0.05495995582694319,59.999792236264966,-0.23776794111763877,0.2218540026216299,0.7637901306152344,0.6159139318368059,-13155600.0,-0.6376846785004067,1.5076449641550465,0.49295254148337325,-0.06811510489980155,0.003466915921460661,1.2075132426898143
SLB,2015-08-17,61.00131043267832,61.58150658614182,61.00131043267832,61.324459075927734,4845400.0,-0.004301799794636385,0.009461088808710697,0.005297404940276505,-0.009539431018726409,61.37514190673828,61.35163917541504,61.539636252061136,-0.00044302156963713096,-1.2931744384765622,0.013810400337993804,1.2343595643480743,0.013529129288813203,0.054961822261594136,54.94066297741385,-0.23353629331255377,0.18086852034137196,1.0428733825683594,0.7222992412384658,-18001000.0,-0.6112939504521869,1.4474439232797032,0.4084513383209365,-0.05831039448355372,0.0030222186699880495,1.1751434285652358
SLB,2015-08-18,61.36119582219041,61.53011039263093,60.678180516909855,61.06742477416992,5106500.0,-0.004200191573934834,0.013950643552950713,-0.004787570452045368,0.0005990553657748707,61.43977317810059,61.309410095214844,61.49466373035722,-0.003946952362926236,-1.244041595458981,0.013663534654576003,1.17193337351817,0.013212312480612071,0.054449263910510456,45.92531702338949,-0.2480636782970862,0.1330729082854717,0.6463127136230469,0.7768708072899433,-23107500.0,-0.4860214062851116,1.5116719287174012,0.3262960360427853,-0.08902039521501202,-0.0019183649881689255,1.2522701712970465
SLB,2015-08-19,60.494577405451466,60.91319934923983,59.04775954262695,59.24605178833008,9410300.0,-0.030279436607990914,0.031486314282639274,-0.020638636893905746,-0.009380571897977873,61.30537452697754,61.14085788726807,61.28051021206892,-0.030990832716669556,-1.2776063919067369,0.014819693544786539,1.245900426796414,0.013364045676316468,0.05854013402133577,37.265546090547204,-0.40191330724601215,-0.0166213765307634,-1.3439865112304688,1.4445759514171284,-32517800.0,-0.39383492243874885,0.7422632419268852,0.0,-0.09501595166207646,-0.009445827780747994,1.4998972051856265
SLB,2015-08-20,59.099165243982476,60.0979834319261,58.342708587646484,58.342708587646484,8483800.0,-0.015364750324136077,0.03008559058657214,-0.012799785804301437,-0.002479263004265455,61.00058860778809,60.89923324584961,61.000719581171545,-0.04197958696593861,-1.3401785278320304,0.014811541368871263,1.3245876994838868,0.0136908782338252,0.06345998046239083,35.58039055966509,-0.5899321230611392,-0.16371215387671229,-3.0478591918945312,1.2820336519099866,-41001600.0,-0.18577827821382872,0.6327788979555542,0.0,0.10488203023500174,-0.020511665699959707,1.26672982077512
SLB,2015-08-21,57.872692985994924,58.68055937574696,56.917938232421875,56.917938232421875,11130500.0,-0.024723840620496946,0.030967761624244,-0.016497500017911684,-0.008056115546049262,60.651737213134766,60.70093994140625,60.611883262243005,-0.06232196260282048,-1.3450247192382818,0.013637563515988141,1.3723255436951827,0.0133786905388107,0.08658158567704526,32.275710631920276,-0.8441743333266913,-0.3343634913138115,-3.488513946533203,1.6522208977999582,-52132100.0,0.20137635371561433,0.2770102107401906,0.0,0.08175254270328365,-0.031370024849548026,0.9431250530643345
SLB,2015-08-24,54.28868626618433,56.036621082141565,53.62770274768022,54.25196838378906,17350900.0,-0.04797127503193323,0.044402413520191315,-0.000676345016256853,-0.04619373167561188,59.875450134277344,60.411210250854495,60.00617708334263,-0.10195528017878623,-1.3956256866455021,0.016649767696756843,1.5480639484833425,0.014477682637422228,0.12914618760167149,24.327862169598248,-1.246416687319389,-0.5892846762452072,-7.762870788574219,2.3949040190202107,-69483000.0,-0.5900129983619848,1.1821290080257527,0.0,0.32496168200160663,-0.039302628810912135,1.0278488572150746
SLB,2015-08-25,56.256949334895104,56.26429515320277,53.24580819878003,53.260494232177734,12085200.0,-0.018444415378953666,0.05667403199948325,-0.053263732536928135,0.036956833288009264,59.00589294433594,60.04473304748535,59.3637310975174,-0.1129864098145364,-1.5137207031250028,0.016563251315910788,1.668194963656752,0.015958552398778476,0.16790220190553812,21.453268484247715,-1.6264516071023891,-0.7754556768225659,-8.695571899414062,1.6259600371603418,-81568200.0,-0.3894388659251508,1.0605205374027389,0.0,0.31741301175089043,-0.01585706765365525,1.0659448320486282
SLB,2015-08-26,53.26047856853398,53.26047856853398,49.948227094533024,51.475826263427734,58004300.0,-0.03408255542834469,0.06434576605046609,-0.03350800355294991,-2.94094975586562e-07,57.923347854614256,59.53798065185547,58.61250206569934,-0.13541195553088486,-1.732577972412109,0.01668708100658412,1.776785591561518,0.017736850333274854,0.21050794288321964,14.134038833804624,-2.0480313781477193,-0.9576283582943168,-10.825450897216797,5.854103346532685,-139572500.0,-0.28350844639844897,0.7696531473942074,0.0,0.35231710977562514,0.03669183576934207,0.411306574132905
SLB,2015-08-27,53.09890033871021,54.3400740912439,52.0707047874117,54.23725509643555,28622100.0,0.052255731195257,0.041841522027565546,0.021438386679647557,0.031530801797651324,57.171295928955075,59.1828857421875,58.1958118781504,-0.08356521625687723,-1.855300979614256,0.021768802383607788,1.881702684505447,0.018514786239617734,0.22408917976899576,30.22598275967475,-2.1347046094886295,-0.8354412717081816,-7.520519256591797,2.5770016327916054,-110950400.0,0.8057353853102194,2.165888289303891,0.255086726333672,0.030084834650699364,0.02553572406345781,0.6706888342810282
SLB,2015-08-28,54.42088698063022,56.44790138569196,53.818658753435784,55.86035919189453,15702900.0,0.029486954990428606,0.04706812971295182,0.026450730429598737,0.003385714927279628,56.59844856262207,58.93465156555176,57.973387812792694,-0.05216442775160483,-1.9189013671874946,0.02317942173054834,1.9478010502707268,0.019539747096399083,0.22883122051894508,30.29174895947041,-2.0488054798816293,-0.5996337136809451,-5.728473663330078,1.3521293395766636,-95247500.0,0.6074618176585108,1.0071691004033274,0.40502081308630233,0.24245728830918237,0.002293194749146393,0.6992478539475803
SLB,2015-08-31,55.542443008913985,57.449798391623375,55.15801754680566,57.19844436645508,17008400.0,0.023671710912406104,0.040067188368531334,0.029815061560675725,-0.005691266357389928,56.1858470916748,58.78049449920654,57.89958367504626,-0.026914542761677814,-1.9447099685668974,0.023963821322361856,2.012352382776232,0.020144277435568896,0.22981605659416438,35.91859675301097,-1.8514155441290754,-0.32179502234271284,-4.126014709472656,1.4029351405211723,-78239100.0,0.413903558132736,0.39486406189349793,0.5286263040749974,0.3119003322497964,-0.006604363969934343,0.6787682336262801
SLB,2015-09-01,55.66812921543641,56.607018118014494,55.32805335687469,55.756839752197266,14970000.0,-0.025526612672311294,0.022938257742439617,0.0015935605886367398,-0.026754489006979826,55.65478858947754,58.547280883789064,57.695512825251114,-0.04766132755388872,-2.015601730346681,0.024466644840481944,2.032115956056663,0.020293383748909502,0.23356920609036427,31.81057214075406,-1.7906663552138298,-0.20883666674197365,-5.310585021972656,1.1846564436961755,-93209100.0,0.5285005183479647,0.2569913139729035,0.39545821467035513,0.23927366821690713,-0.02857390839912958,0.6995526397754925
SLB,2015-09-02,56.67356025003067,56.85098697508239,54.60356111001628,55.749454498291016,12993100.0,-0.00013246344462777658,0.040312966024358264,-0.0163057649398187,0.016441399869641583,55.30512886047363,58.30525169372559,57.5101739369692,-0.04383476824454922,-2.080032424926756,0.02443430636985528,2.119726774196042,0.02079655053766,0.23584658238970477,32.787691419991276,-1.723253519706219,-0.11313906498749016,-3.4965972900390625,0.9998072425254538,-106202200.0,0.5496498913257433,0.2927738290409656,0.3947760025417752,0.219611624914991,0.018790972474716408,0.6582234659311775
SLB,2015-09-03,56.30391462175163,57.30933643115317,55.46112503690387,56.37784194946289,11091000.0,0.01120858256429119,0.03278258497205399,0.0013130051117742389,0.009945570381816232,55.108642196655275,58.05461540222168,57.40233279530193,-0.028882689879892297,-2.172835388183593,0.024366653296778285,2.167807333429285,0.02088724674618062,0.23311107630804734,35.45472472553051,-1.6006712049591343,0.00755459980767581,-1.9648666381835938,0.844265034212868,-95111200.0,0.5613967108767532,0.3397447425379421,0.4528232336971038,0.24657360545422233,0.0019979462783507314,0.6741297441697164
SLB,2015-09-04,55.542458895295475,55.734674501474174,55.01756742176057,55.446353912353516,9072100.0,-0.016660250949385114,0.012933349609375026,-0.0017302975931103328,-0.01481757770927545,54.961483764648435,57.8066104888916,57.216049092163985,-0.040830219183870725,-2.2567153930664077,0.024379711491037858,2.223003912369002,0.020732284022684077,0.23413365810694114,34.18173202596935,-1.5606964005824224,0.038023523347510135,-1.4715843200683594,0.6833108879629546,-104183300.0,0.5629553391493314,0.33498857954540834,0.3667771146861721,0.27269326187713055,-0.016208017914521453,0.6834829079105481
SLB,2015-09-08,55.6681352481583,56.08213283868971,55.25413201733274,55.84556198120117,7189500.0,0.007174102051092023,0.014826618122952884,0.00318722249724974,0.003999926418162037,55.12084312438965,57.4981466293335,57.085526510167526,-0.02874152898850545,-2.4090385055542,0.023465428083055826,2.221294694200137,0.02048984656506328,0.2266987607221279,36.05442287755994,-1.479745737523558,0.09517934912509962,1.5935935974121094,0.5406726540864422,-96993800.0,0.6458313291675327,0.8872843388484652,0.40365392215305773,0.2535245628540811,0.02665508826735223,0.6052904554829116
SLB,2015-09-09,55.93427342491524,57.102338762053186,54.88448504605103,55.00277328491211,10927200.0,-0.015206451851043044,0.04032257981818048,-0.01665347707168402,0.00158851376128922,55.295071029663085,57.15048198699951,56.8871690601432,-0.03757988782274761,-2.598542137145998,0.023550961866569138,2.2354510145186497,0.020949824670483445,0.21881018370071015,38.042862738707385,-1.4666906611839963,0.08658754037172933,1.742279052734375,0.8070748301329503,-107921000.0,0.7340053380922729,0.927216139994223,0.3258013963310417,0.23618398801730575,-0.01388303492073555,0.6130503924673861
SLB,2015-09-10,55.113655694757334,55.32804321281845,53.886440851828155,54.75879669189453,8261000.0,-0.0044455813611640445,0.026326406862108475,-0.006438676556462912,0.002015942164786096,55.62336807250976,56.77335796356201,56.6844669298338,-0.035484271917832606,-2.8048405838012656,0.023405357176295414,2.213045837140841,0.020962243736130547,0.20575693612210166,39.51111931811966,-1.4592104217719637,0.07525422382700953,3.282970428466797,0.6066142319732182,-116182000.0,0.8125888116369773,1.1176281076623704,0.319294592490176,0.23792323577320026,0.0048478714086145685,0.6037795930983638
SLB,2015-09-11,54.31523155292473,54.50005267260105,53.4280867943026,54.48526382446289,8359800.0,-0.005007749396469645,0.019674418421686275,0.00313047126334134,-0.008100344890074244,55.6481689453125,56.40973243713379,56.47501901503657,-0.034115896841305476,-3.019931259155271,0.02339881373941121,2.182195033874187,0.02103674752286986,0.19233896674877848,42.36597349097998,-1.4585409424633795,0.0607389625084751,0.24800872802734375,0.6083936313635876,-124541800.0,0.7867954090558568,1.0913320831303628,0.2975808955271957,0.2390946407501743,0.005336458844977725,0.5997323442406449
SLB,2015-09-14,54.263498202200644,54.263498202200644,53.487247009736066,53.84949493408203,5997600.0,-0.01173725213292912,0.014415199128883168,-0.0076294983153486215,-0.004070194520425134,55.44708251953125,56.02276554107666,56.224969102564714,-0.03879263342330281,-3.249907646179203,0.023418753934684976,2.0184651288731277,0.020971288309070534,0.1768201574179046,48.552555835241655,-1.4921114790757812,0.02173474071685888,-2.0108642578125,0.4336477573608627,-130539400.0,0.8473785850016426,1.1526665413193455,0.24101504375627225,0.23770577135311843,-0.005743774529120163,0.6014557190439906
SLB,2015-09-15,54.17476572453325,54.57398002007159,53.74597937299656,54.4039421081543,8408800.0,0.010243592027112608,0.015219497245787361,0.004230316099313773,0.0060403684537689625,55.167632293701175,55.67673969268799,56.05153796023991,-0.022860490602700425,-3.4576699447631825,0.023714259537259832,1.8620018212054343,0.021033164594492733,0.1551801637476752,54.2457247851132,-1.4571796579307161,0.04533324948953932,-2.7945022583007812,0.600253413045418,-122130600.0,0.7340143680973473,0.8216678155040674,0.3052792335286348,0.22576199013980325,0.013864722557187723,0.6162908585458768
SLB,2015-09-16,54.869703025494225,56.55527098373905,54.69966508851973,56.303916931152344,7685200.0,0.03432748875513166,0.03295695923763757,0.026138539605212317,0.008561161182290828,55.22234001159668,55.43856430053711,56.07557405270776,0.015609217906944436,-3.5851526641845695,0.025398609130004253,1.779077659629723,0.02142332568015045,0.12697639832054422,67.77492995526968,-1.261640442857896,0.19269797164988778,0.5470771789550781,0.5435967769829361,-114445400.0,0.5795687651311617,-0.021544222514471533,0.6213578545484637,0.276866006101735,0.008784106224412102,0.6624231303173571
SLB,2015-09-17,56.303925707401625,56.791850678598074,55.50549687421324,55.66814041137695,8500100.0,-0.011356107360899188,0.023107540415018737,-0.011292024277822112,1.558728017415799e-07,55.21420860290527,55.25966873168945,56.03677084877149,0.007391859000654078,-3.6594409942626953,0.024726259592610635,1.6663709436703422,0.021236261080983903,0.10985324129617474,56.245392104823246,-1.1447797495167435,0.24764693199283228,-0.0813140869140625,0.6031787144283973,-122945500.0,0.5701011777373856,0.1710527118029208,0.6105120116968163,0.20772014591459845,-0.0017635808560261745,0.6417097890927502
SLB,2015-09-18,54.69227234016249,54.78098287450843,53.37634113099932,53.62770080566406,12646500.0,-0.037342257199765076,0.026192466251709123,-0.019464752312305624,-0.017530100053692915,54.93919448852539,55.023918342590335,55.80733560657078,-0.025374738458884955,-3.740521659851069,0.025735193044778504,1.6422678471075893,0.021149502242838094,0.09979585175334038,40.59764169129932,-1.202946414169375,0.1515842138721606,-2.750141143798828,0.8843514581152436,-135592000.0,0.5180704052745196,-0.07337992832528897,0.3760297297032034,0.2045304494381105,-0.015323034177033075,0.6857961184826132
SLB,2015-09-21,54.159986471259785,54.32262997097993,53.43548514713187,53.871665954589844,5935900.0,0.004538921021055769,0.016467744372261735,-0.0053234968369672625,0.009925573119843753,54.78172569274902,54.87160472869873,55.62298611590593,-0.01822324641411298,-3.7370226669311535,0.025330980568404843,1.5419367027526139,0.020866654059149285,0.09619158624022298,34.56787501906686,-1.215348188963894,0.11134595126211333,-1.5746879577636719,0.42276743553328994,-129656100.0,0.385735266848525,-0.013017458735976725,0.4186614664550239,0.10929811599753163,0.0045584009930274855,0.688300321267234
SLB,2015-09-22,52.87363218307723,54.056492056941124,52.858848972786184,53.64988327026367,5894900.0,-0.004125368364984458,0.022323312021421553,0.01468125141277683,-0.018526135285177398,54.562157821655276,54.841500473022464,55.4350715591781,-0.021728384389208502,-3.6020314025878903,0.023092525646423123,1.493883279507939,0.02023986101146085,0.09781780619119472,38.97911018136222,-1.2289066233620929,0.07823001349113157,-2.1956787109375,0.4377039125973249,-135551000.0,0.6154009143010218,0.2274238317738285,0.3799060087351926,0.034511272463292934,-0.01175162276663923,0.5399302305810277
SLB,2015-09-23,54.123001096357584,54.248678069438675,53.154540500992915,53.184112548828125,5726700.0,-0.00871957786370711,0.020572639384388268,-0.017347311281906072,0.00881861799606459,54.38029174804687,54.83768138885498,55.22069451057334,-0.030153879561416366,-3.4167512893676744,0.0227973813508847,1.4115055440350568,0.019034349704170433,0.0981776014735632,37.19545144530968,-1.2626801936363208,0.03556515457352294,-1.8186607360839844,0.43549529633596723,-141277700.0,0.5952015757819449,0.3342082663074727,0.2985148146635079,-0.027990437794250412,-0.00265443018175506,0.5152001733810521
SLB,2015-09-24,52.77752566074314,54.27827245415399,52.57052688100284,53.73859786987305,7655300.0,0.01037179640425775,0.03177875197425922,0.018209876213366557,-0.007644893721065701,54.27827186584473,54.950819969177246,55.07954244955426,-0.02206012758288508,-3.149986381530759,0.021458470455461058,1.401472271099475,0.01750401706308192,0.08193139389898144,36.728670714845826,-1.2305190029286521,0.05418107622495327,-1.0201988220214844,0.7199970279536944,-133622400.0,0.6037440676374797,0.5686842943490192,0.13812642921766194,0.2060574366406572,-0.0038455332553067527,0.9908549806362211
SLB,2015-09-25,54.15258923487221,54.19694449965887,53.39852153203366,53.89384078979492,5655600.0,0.0028846884732639895,0.014814734966456362,-0.0047781361654756025,0.007703799157574498,54.21912956237793,54.93364925384522,54.96661848195813,-0.01892844327973554,-3.0128164291381836,0.01775737258115979,1.3613400168082523,0.016659670949073734,0.08297577135720778,41.5322023572728,-1.1789144296690068,0.08462851958767881,-0.5914230346679688,0.5963256320064783,-127966800.0,0.13724118722295417,0.12665123137585738,0.1767985984821659,-0.020693076111968405,0.002985087650570348,0.7689413702345681
SLB,2015-09-28,52.9697438958341,53.02149359337299,51.247209385863236,51.284175872802734,9189100.0,-0.049633958250287186,0.034597108704845114,-0.031821336088504855,-0.017146614166266748,53.96259765625,54.704840087890624,54.61590966203857,-0.06252946191949627,-3.0377352142334004,0.019340554754955597,1.4912422012778752,0.01604393226220166,0.10076797595941718,29.954562736750205,-1.3332269718647396,-0.05574721808644312,-2.565319061279297,1.0033532094614883,-137155900.0,-0.33746006944879586,0.7636203118302525,0.0,-0.20348055229209439,-0.025190942871675167,0.9186988754466259
SLB,2015-09-29,51.46160093040691,51.66859971384083,50.29352992069401,51.084564208984375,11467000.0,-0.003899860770944994,0.0269175202811063,-0.0073265641683478286,0.003459645291838804,53.630659866333005,54.39914608001709,54.27959104746198,-0.06093077023961391,-3.138337440490723,0.018183481074219486,1.431043349645351,0.015512653634267865,0.10815250329312691,31.74935473702803,-1.454857079566402,-0.1419018606304845,-3.319377899169922,1.2911369030729667,-148622900.0,-0.3647345572546636,1.3730929045181293,0.0,-0.10477452770692504,0.0044313511300750445,0.9519644961965033
SLB,2015-09-30,51.21764079720984,51.60207198238876,50.08653615981175,50.98846435546875,11785800.0,-0.001882963271709892,0.029723111722121495,-0.00447456068209947,0.002605025417874845,53.09911460876465,54.16072731018066,53.96615041012929,-0.0585712768690168,-3.158285369873049,0.017590018703201912,1.4363243111872588,0.015724159399738508,0.11951616549149319,32.19284059838485,-1.541237840814631,-0.18262609750297076,-5.315452575683594,1.3512556021421422,-160408700.0,-0.5412590266221168,2.097296567946414,0.0,-0.09297337559880989,0.017932073098927175,0.9257072219935241
SLB,2015-10-01,51.83123922521533,52.48180758582528,49.835173235864445,50.01259994506836,12055400.0,-0.01932444544813213,0.05291935138080766,-0.03508770593434355,0.01652873606608601,52.533560562133786,53.87388458251953,53.589621794409204,-0.07167266046198648,-3.193038177490237,0.01786365236338115,1.5303189149278948,0.0163155686900998,0.13497887276394166,30.189983090687164,-1.6691978450061313,-0.24846888135557665,-5.655540466308594,1.3896354273232105,-172464100.0,-0.37345050332294727,1.6723803648879247,0.0,-0.1123563724767109,0.002120395112994067,0.9944563990646328
SLB,2015-10-02,49.480336001429144,52.08261623194873,49.214193000089026,51.98651123046875,12738800.0,0.038709312934394266,0.055176297927423686,0.05064992341537899,-0.010642596950045198,52.36944160461426,53.65431804656983,53.43694459784345,-0.031084298092345274,-3.188830909728999,0.02019740340818418,1.663919373294529,0.017455401851682494,0.13150906536639811,42.623036994026165,-1.5929662033577685,-0.1377897917657711,-1.6411895751953125,1.4545969422040133,-159725300.0,0.11167988516336087,1.2765492212433038,0.3137516813457416,-0.16108722835262376,0.014462660288272292,1.122290014184731
SLB,2015-10-05,52.674020965755034,53.768164514562166,52.52616632091579,53.29501724243164,8800800.0,0.024858556151659373,0.02330420849657852,0.011789422286184213,0.013224771561191848,52.31177673339844,53.54675121307373,53.42342770685185,-0.0047011996981925295,-3.144622001647946,0.02095810754827973,1.7320374187958423,0.01764981869499565,0.12802718807877364,45.856375011617054,-1.4107048512162024,0.03557724830063602,-0.5766487121582031,1.0064901275724636,-150924500.0,-0.06454066542016863,0.820610183713154,0.5217377060171049,0.035633684642755584,0.02189228316143258,1.1871149610471814
SLB,2015-10-06,53.45027445957393,55.01016528907255,53.13977066637484,54.66270065307617,11672500.0,0.025338745826009406,0.03421701819250417,0.02268325477765757,0.0029131657174637695,52.41305847167969,53.48760814666748,53.541453701730354,0.02196943454989587,-3.096087837219237,0.021764948415416163,1.7119706864467683,0.018141279083604345,0.12336009530093762,43.6133502482159,-1.1427281368519715,0.2428431701318936,1.0128173828125,1.301543230525635,-139252000.0,-0.0861250178418188,0.39257935619140094,0.7391299327155597,0.13710278622482971,-0.0018219275981122488,1.346747992360651
SLB,2015-10-07,55.764256599092725,56.851006233729066,55.11368795998947,55.70511245727539,12631100.0,0.018890340814439913,0.031187770692897923,-0.0010606102443459615,0.02015187564565679,52.66515846252442,53.522725105285645,53.74751644035369,0.040774967038706034,-2.9632723617553722,0.0219278591495711,1.7763958133230584,0.017837494531029903,0.1263374405290267,50.13945989937937,-0.8365969701421463,0.43917946947337505,2.5209999084472656,1.3951782729020439,-126620900.0,-0.2845791596991202,0.37280872029351847,0.904820487626092,0.17848863826441064,0.008828939923018211,1.4099796252755203
SLB,2015-10-08,55.653340256723276,56.873160897436485,55.0101663052933,56.65876770019531,8446600.0,0.016974816830380563,0.03288095854821705,0.01806589575457827,-0.0009293976489469116,52.95717544555664,53.617723655700686,54.02477846510051,0.056717141966382216,-2.769231681823726,0.022181935474888753,1.7457669070205977,0.018044681048929603,0.13522213958440651,62.4544035311009,-0.5111416837389271,0.6117078047012754,2.9201698303222656,0.9320206230500376,-118174300.0,-0.4131913371433441,0.2969789318902758,0.9999999984953736,0.20091893384911141,0.010239139145182695,1.4341136521054416
SLB,2015-10-09,57.03578315048327,57.198426594017825,56.08210575545091,56.45174789428711,6842500.0,-0.00366049144022334,0.019774778996345034,-0.010239804276119787,0.0066541413728392245,53.21296615600586,53.716047859191896,54.25591841073733,0.050928914991408475,-2.57315937042236,0.022161875680514816,1.7621366223576587,0.01804160591193804,0.1424293083422092,60.63362843545564,-0.26684477225627745,0.68480377294714,2.5579071044921875,0.7613936424604504,-125016800.0,-0.4235503532982015,0.3167456578229127,0.9688512503409176,0.17995042041318618,-0.00013551239084789803,1.4504428177131852
SLB,2015-10-12,56.66616495530256,56.66616495530256,54.90666402119828,55.4019889831543,7575700.0,-0.018770758368012664,0.03175880444724251,-0.022309185263294756,0.0037982359982365065,53.62474746704102,53.79367256164551,54.36506798906276,0.02989787357733792,-2.3870735931396467,0.022439271287834992,1.8022693259254687,0.018430897227269732,0.1449638250021507,56.75983073637214,-0.1561445436664357,0.6364032012295854,4.1178131103515625,0.8356428588368374,-132592500.0,-0.3886129701920886,0.13936397433710207,0.8109017449671602,0.20445752659554037,-0.00031120658986599206,1.461539660742765
SLB,2015-10-13,54.84753045958782,56.244778008867996,54.70706456998692,55.180206298828125,6666300.0,-0.0040111878974241535,0.027867120150903354,0.006065466146838113,-0.01000791729219441,54.03431167602539,53.8324857711792,54.44270020904041,0.02503545040400988,-2.246232795715329,0.02237741535053407,1.8339533166708486,0.018690647353702065,0.14637584573094778,57.848934883408376,-0.08532623632815728,0.565777206854291,4.09564208984375,0.7424662446998916,-139258800.0,-0.2896126682101993,0.12477190412526273,0.7775317350360408,0.1916050071380864,-0.007768229656850042,1.469940591611391
SLB,2015-10-14,55.15064115587306,55.697710290935085,54.53703346043733,55.45375061035156,7187800.0,0.0049450435759625854,0.020930537929766155,0.005496027754633339,-0.0005357925411687414,54.48084030151367,53.78997745513916,54.538990723451,0.03093091378593699,-2.1893938827514674,0.02093979809037453,1.7948769779098919,0.018364842906542913,0.1429564843785462,56.89660726134975,-0.007048230100238584,0.5152441704657678,4.4652862548828125,0.8027724789249608,-132071000.0,-0.3639113340740309,0.5679460079721143,0.818689936452314,0.24904992200375534,-0.003991059125166903,1.367271782991176
SLB,2015-10-15,55.71248700461664,56.385233046764554,54.618343332613726,56.303916931152344,11034700.0,0.015214754204666867,0.031381292997987274,0.0106157516624001,0.0046658051334183305,55.10997200012207,53.82176628112793,54.70707893370827,0.04611797087927895,-2.07188262939453,0.02106688897058476,1.8640531740902933,0.018603250764342393,0.14566505044337896,59.17796939858513,0.12218054943110701,0.5155783599976906,6.291316986083984,1.2152151049782776,-121036300.0,-0.5354752497115944,0.6224644567158233,0.9466082121933631,0.2271678720780378,0.014254727589192641,1.3439018224128902
SLB,2015-10-16,56.000802412408135,56.037768894540235,53.59073329696165,55.08409118652344,17828700.0,-0.021903156942936992,0.044423635660839615,-0.0163696087626341,-0.0053835423051446585,55.419729995727536,53.8945858001709,54.74298486254781,0.02207096257800286,-1.8729335784912067,0.01989938759926541,1.8688069048230795,0.019231876445578975,0.1469058092863528,66.18384424647178,0.12472776117976991,0.4145004573970829,3.0975799560546875,1.9089443185760357,-138865000.0,-0.4555865682394706,0.9738863108642266,0.7630700007402241,0.20476923505345396,0.004084137633562608,1.2055846525721985
SLB,2015-10-19,54.22651150181048,55.7568300375325,54.12301213342677,54.810546875,7586000.0,-0.0049783116137263215,0.029808458358056348,0.01077029218761422,-0.015568554663252212,55.571282958984376,53.94152984619141,54.74941933992421,0.016110351917835903,-1.7140714263915982,0.019937103252070647,1.8872889127487167,0.019517335887058847,0.14755905899336097,65.76965426828679,0.10348084227239696,0.314602830791768,1.5155296325683594,0.8051313592084113,-146451000.0,-0.3756722781119186,0.8916227106947903,0.721911799323951,0.21863944091695678,-0.0008355646960830048,1.20855786389619
SLB,2015-10-20,54.62573969746636,56.25216359275108,54.59616763606012,55.85295486450195,8901400.0,0.01883979461048669,0.029649209441261763,0.02246587732875159,-0.0033717448204833695,55.69030838012695,54.05168342590332,54.85451796131257,0.033324983135222856,-1.4806801605224607,0.020289354978462244,1.8973217794711417,0.019697100854367527,0.15047803111532196,69.06136032543104,0.1688101802707891,0.3039457350321281,1.1902542114257812,0.9299036081898042,-137549600.0,-0.505143768364864,0.7514560792692353,0.8787552655649873,0.1942458967371382,-0.0020066468127147466,1.2381420107541163
SLB,2015-10-21,55.668115486504306,56.91011345749515,55.52764965088341,55.91207504272461,7928600.0,0.001057937062886794,0.024725675188326385,0.004382392938727148,-0.003309393002502086,55.711004638671874,54.18808155059814,54.95523768335181,0.031814994050244946,-1.2234022140502958,0.02013042066256865,1.8070238835176349,0.01978371414162062,0.15231481838526922,74.9063021393647,0.22278651137821726,0.28633765291164504,0.20696258544921875,0.8188600343816695,-129621000.0,-0.5886088577067945,0.9479233065472596,0.8876506441217649,0.20058558464470072,-0.0029212113819455654,1.2114980915546902
SLB,2015-10-22,56.459159896868314,58.04861707656358,56.36304930105701,57.856407165527344,9091200.0,0.0341838339811432,0.02913364064733843,0.02474792878978938,0.009784735296009959,55.83076858520508,54.39397201538086,55.2315395387971,0.06365475845682712,-0.9286143493652332,0.021323352796986692,1.7547466550875828,0.019713552755227803,0.1629592374144129,74.84347280802194,0.41764019926284845,0.38495307263702094,1.1976394653320312,0.932021635630718,-120529800.0,-0.4894813745467565,0.5048881349294689,0.9999999987251089,0.1838133252475126,0.021673631423953,1.3313304711614506
SLB,2015-10-23,57.54591020694068,58.58090976870955,57.22062882031732,57.92294692993164,8867400.0,0.0011494237854415132,0.023484318745690506,0.006551929088185372,-0.005366682339923538,55.97788848876953,54.59542732238769,55.487864052238486,0.06094868692747547,-0.6504624938964838,0.02133130010808758,1.7246486311089266,0.019864698525436895,0.1719841694276826,71.88810290502906,0.5708519279652506,0.4305318410715385,1.4711990356445312,0.8943536324732447,-111662400.0,-0.47546982918096087,0.48917273657304927,0.999999998735833,0.19112027787841943,0.007588046019752436,1.3201138712854459
SLB,2015-10-26,57.70856234209441,57.775100898583766,56.90274471994294,57.03581619262695,7887200.0,-0.015434201338984599,0.0152948837568068,-0.011657648746808847,-0.0037012030499167727,56.1412712097168,54.883009338378905,55.63528806560882,0.039225379223923516,-0.2718201446533186,0.018103558885642728,1.6639206016297112,0.01943937351273611,0.16554946703871504,61.7582950965427,0.6136159081269881,0.37863665698662075,1.6338272094726562,0.800749255693658,-119549600.0,0.2533273938589906,-0.8800088155341008,0.8878518543016177,0.1499800063753154,-0.0029774308066478072,1.1013355785689551
SLB,2015-10-27,55.78642584252463,57.23542325710118,55.70510406984424,56.88795852661133,9291600.0,-0.0025957312141364304,0.02690058189627393,0.019745532492010404,-0.021905364620061898,56.312046432495116,55.17317905426025,55.75459001427573,0.031079946846359348,0.10707958221435376,0.018070429899561872,1.6169215735300004,0.01944256910650938,0.1541879363834723,56.430827888517605,0.6283327635786478,0.31468280995062436,1.7077522277832031,0.9538646166386322,-128841200.0,0.24568206131268863,-0.8672805457429446,0.8691601754016101,0.16242416444592267,-0.003722552948506001,1.0896044526929847
SLB,2015-10-28,57.55330463288153,58.92837443176527,57.072768517737195,58.49958801269531,11293200.0,0.027936018149833725,0.031719982602704484,0.01644186004348309,0.011695728296506903,56.616630172729494,55.54873523712158,56.016018395077595,0.05312187150575772,0.5339925003051746,0.018669462267946656,1.6295945244593406,0.019505127149548968,0.14465236304092569,59.339846864911316,0.7612656120266337,0.3580925267188882,3.04583740234375,1.1622853173122691,-117548000.0,0.06240416356912062,-1.1146230899805243,0.9999999988217256,0.10132785054213993,0.013242342381291452,1.3625654920721604
SLB,2015-10-29,58.203869388695466,59.10579171329698,57.937726525602244,58.17429733276367,6612800.0,-0.0055760810881482535,0.020078715880542043,-0.0005080771474883732,-0.005055054813987252,56.80366821289063,55.95682010650635,56.22156877009532,0.039628363835483335,0.9635124588012687,0.01789756113183513,1.6332905493970422,0.018421392242202933,0.11548014214255513,58.636124396789405,0.8307907739554139,0.34209415091813467,1.8703804016113281,0.7001936099709399,-124160800.0,0.10723252674007812,-1.0142335901337838,0.9500557570087491,0.21805253178691572,-0.002344794777833248,1.3429080501137363
SLB,2015-10-30,58.137327890336046,58.32214900027234,56.67354785820452,57.782474517822266,9474800.0,-0.006758109939873398,0.028531162014519267,-0.0061037097058044545,-0.0006354944386548695,57.07350654602051,56.24661827087402,56.37022646035502,0.02730575266857508,1.2645153045654283,0.01651482772357032,1.625369135680152,0.017213451243579383,0.09717415332752623,62.77770724895265,0.844537832691131,0.28467296772308137,2.698383331298828,1.0208764207047805,-133635600.0,0.15183905056249075,-1.0548955437741245,0.8622146695377026,0.1425859393827751,-0.003078803640574492,1.2273475573830224
SLB,2015-11-02,57.405460047232246,58.94317362951705,57.2575997179963,58.72138595581055,8480100.0,0.01611846615044617,0.02870460027611046,0.022923357943575036,-0.006524720059777538,57.46459045410156,56.51793670654297,56.59414641230317,0.038986724881846034,1.499764785766601,0.016067967418665393,1.635930598011557,0.017367613181149454,0.0910060614239256,67.64920275254092,0.9205828756689911,0.2885744085607531,3.910839080810547,0.9152823364464798,-125155500.0,0.16681328346180188,-0.9000312187780922,0.999999997536148,0.026950753295065907,0.014138082951699207,1.2503419188136755
SLB,2015-11-03,59.046671861424976,60.939238915515915,58.913600387915785,60.26648712158203,10257000.0,0.025972193290831468,0.033611358888623995,0.02065849304800458,0.005539479362071178,57.90594367980957,56.79812602996826,56.9438931465202,0.06106470994806711,1.6596637344360303,0.016112588295223232,1.7114431786692437,0.017339642077443537,0.1027630498974007,71.28836065972101,1.0929272858052812,0.3687350549576345,4.413532257080078,1.1155903672246794,-114898500.0,0.17073666049295344,-0.9050486336075031,0.9999999981671354,0.015450499301145925,0.00275333440464392,1.3536117242987251
SLB,2015-11-04,60.21472842035735,60.406943995660306,58.994913342461295,59.371944427490234,8788400.0,-0.01495438135151098,0.023782792812579952,-0.01399630978958615,-0.0008588305656551623,58.25193061828613,56.981467628479,57.17513612566021,0.041951829226253304,1.7207763290405254,0.01633842597561605,1.686096102886971,0.017128392110249205,0.10828809738725331,63.51785399141126,1.1441404146078114,0.33595854700813166,3.459869384765625,0.9762610946334744,-123686900.0,0.3687848493670444,-0.829399340985439,0.8360424304476899,-0.11265761012515714,-0.0029243107306709784,1.3735438089003331
SLB,2015-11-05,58.95056964353293,59.67507124488122,58.11517983203053,58.255645751953125,6730900.0,-0.01898078822731647,0.026776656454767577,-0.011788247268549342,-0.0070972037048899605,58.29185447692871,57.06131153106689,57.27804180435477,0.020930718009101158,1.6650238418579093,0.016711573636969578,1.6037180870769707,0.016912420782490882,0.10978846623407484,64.10265543887647,1.0821765566227057,0.21919575121842072,0.39923858642578125,0.754897062295354,-130417800.0,0.5357716390430967,-0.6860834548107659,0.6314399929135894,-0.015132199556928991,-0.0016175539301551756,1.4011337157553423
SLB,2015-11-06,57.70119081710237,58.455258961024796,56.92493938751767,58.4478645324707,7444300.0,0.003294141776349895,0.026182643040054264,0.01294035191986056,-0.009517617180171141,58.34434623718262,57.16111736297607,57.38945349274676,0.02251088202709055,1.6806174850463833,0.016670497528437106,1.5963253491770704,0.0170796808908413,0.11117479662241024,66.29154853099423,1.036630569962007,0.13891981164617762,0.5249176025390625,0.8320995975478418,-122973500.0,0.4720349813546037,-0.7107463462513927,0.6666710935997976,-0.04329781455915555,0.000441965967903773,1.3910458079724772
SLB,2015-11-09,58.270417627425196,58.61788232574806,57.16888504531427,57.59767150878906,5860000.0,-0.014653010615670882,0.025157219770814615,-0.011545242784041818,-0.003035986112836101,58.40053176879883,57.27090148925781,57.40928377998888,0.005705690167851548,1.7556553649902327,0.016431724762782363,1.5815397294444158,0.01688405526365971,0.1072615387830755,57.951501036690466,0.9213112728833011,0.018880411653977247,0.5618553161621094,0.6613532687328878,-128833500.0,0.5065121703936154,-0.6766882520263889,0.5108422201703332,-0.07549281789622383,-0.011031983860924268,1.3474589072299819
SLB,2015-11-10,57.220627943333156,58.307377184519865,57.1319117627262,58.23344421386719,5949900.0,0.010977690853274777,0.02018540097811616,0.017700194963554853,-0.006546159863396074,58.53508033752441,57.423563385009764,57.487775249882056,0.014103632396119118,1.887617263793942,0.01648314071123481,1.5667541305288393,0.01669412065939629,0.10220201095243035,60.05126943043693,0.8711790334360288,-0.025001462234636063,1.3454856872558594,0.6742249116127278,-122883600.0,0.3619273875329662,-0.8059944193170147,0.627370751491975,-0.09850608663401714,0.0015449389670465984,1.3958504116752255
SLB,2015-11-11,58.01906344406325,58.100379568777505,56.74749290788508,57.39066696166992,5575200.0,-0.01457813892467364,0.023573286956152455,-0.010830862221675995,-0.003681402889662629,58.424188232421876,57.520409202575685,57.4785268414809,-0.0022555861946120066,1.9517865371704133,0.016917678416454442,1.5202833642533489,0.016754302494405824,0.09682489137462437,47.770743202456636,0.7547435774723112,-0.11314953455868282,-1.1089210510253906,0.6375905317485822,-128458800.0,0.4637645373357429,-0.8928346130531795,0.4729010885992148,-0.1299851548729137,-0.0031237437087236896,1.491713551609922
SLB,2015-11-12,56.44437502699528,57.508946598271386,56.119093656000366,56.62919616699219,8141900.0,-0.013357008066753266,0.024543045572685208,0.003274394302506012,-0.016488603195823633,58.26967811584473,57.53667316436768,57.39763820581531,-0.015772149265270485,1.950455665588379,0.01692717387264671,1.5223956495304054,0.016529383553665802,0.09588543077498306,44.193749741059136,0.5941740419997004,-0.21897525602503498,-1.5451011657714844,0.9467843010024967,-136600700.0,0.6740716776920813,-0.6592729454763266,0.3333337988439617,-0.025070059051897988,-0.013223712008621914,1.454374083575032
SLB,2015-11-13,56.37045674512031,56.95449231806902,55.971242341827725,56.28913497924805,7311400.0,-0.00602315341298189,0.017467846620911626,-0.0014426309554303957,-0.004569011029379452,58.120344161987305,57.59692535400391,57.29206646995176,-0.022705906030884137,2.0124819946289065,0.01619815720640654,1.5197562042627335,0.015580037842230192,0.08957966143250466,46.475906868216946,0.4344730970429822,-0.30294096078540256,-1.4933395385742188,0.9055862486243855,-143912100.0,0.7526077058319456,-0.5517482826021255,0.2710051860381503,-0.03383868887294737,-0.010364366585933737,1.4588362469188825
SLB,2015-11-16,56.385227414042525,58.033834362371394,56.01558515695736,57.90815734863281,6662500.0,0.028356729366679875,0.0348525889584654,0.027009378243830713,0.001707122250677762,58.03902130126953,57.75180587768555,57.35074179173091,0.0027073001193833857,2.118126449584963,0.01724376982074221,1.5546083484168116,0.015791806866811822,0.07697135628036492,54.227887531194696,0.4335527953093887,-0.2430890100151969,-0.8132286071777344,0.8299605480667058,-137249600.0,0.5380811174993754,-1.0820571197987021,0.4656593312935148,-0.050173247340356504,0.015532209866238702,1.4989354752387622
SLB,2015-11-17,57.693776492528876,57.915558510001475,56.67356567544829,56.732704162597656,5579200.0,-0.020507424061930766,0.021892008373047018,-0.01665816294857514,-0.003702083884542699,57.68564300537109,57.79579334259033,57.29188106514679,-0.018393885065148354,2.1443710708618156,0.01754708879167586,1.4975781290881862,0.01554845201856427,0.07251661850677936,42.403072243785054,0.33412264326675256,-0.2740153296462665,-3.533782958984375,0.7096972796124853,-142828800.0,0.7053472381666028,-0.7918383733113575,0.18845922322624642,-0.14959571888974,0.0005449702731598797,1.543842595877939
SLB,2015-11-18,56.924911268833824,58.166909558492854,56.747484553252136,58.070804595947266,6955100.0,0.023312197465880563,0.024443005656921438,0.02012990976308844,0.0033879419123984764,57.555529022216795,57.90372982025146,57.366064258556364,0.0028853888378943225,2.1909469223022455,0.018264368926473398,1.5165881439596478,0.015551691344734908,0.06563784124756974,49.5906707327009,0.35915691605593025,-0.19918484548567106,-1.3011398315429688,0.8902294403794845,-135873700.0,0.5312906325010294,-1.2207603481356804,0.4479537009700541,-0.2398981904911606,0.014512697596375848,1.573762517889387
SLB,2015-11-19,57.464592713617016,58.181694016229976,57.39065974360269,57.60505294799805,6674600.0,-0.008052746263702915,0.013732029260373707,0.0024442918282051463,-0.010439185173138741,57.490469741821286,57.891162109375,57.38882508612224,-0.00494219067215137,2.1214540863037143,0.016666000084452643,1.4553333675710383,0.015151755231580376,0.06581227760278989,49.30235097670863,0.33752372862066693,-0.17665442633674755,-0.6505928039550781,0.8677468107581051,-142548300.0,0.6742083650671277,-0.9672703643721519,0.3308527679596575,-0.29503981616522423,0.0012114570111844873,1.5470929556088175
SLB,2015-11-20,57.60506293448403,57.7603120458996,56.355675616817415,57.03581619262695,8480500.0,-0.009930863886597767,0.024627269720105566,-0.009881887335224337,1.7336128470952796e-07,57.34926490783691,57.846805572509766,57.35520519150364,-0.014019605263531004,2.026086502075195,0.01680489541227144,1.4352664045397125,0.015183919500287173,0.06717037826592005,43.17362031621262,0.27131902602929614,-0.1942873031424947,-1.41204833984375,1.1053068544534854,-151028800.0,0.7554769758771552,-0.9292631430246807,0.18773324181031842,-0.2786092777644846,0.005397780129598287,1.5353857794573345
SLB,2015-11-23,56.69573880370254,57.235413412892896,56.41480704083644,57.08755874633789,5859600.0,0.0009067828091147741,0.014374522051340897,0.006910924011272661,-0.005962523404168896,57.2982536315918,57.84939270019531,57.32971505386881,-0.013169264503875197,1.9639123535156244,0.016446860291640816,1.3354630768505042,0.01517029747980689,0.06701475764703556,35.35412686668154,0.2204849012063974,-0.1960971423723148,-0.5101127624511719,0.7739379090362759,-145169200.0,0.682971928353038,-0.926757958402948,0.20074253837978964,-0.29221090446439896,-0.0004212036362693109,1.5056792632031446
SLB,2015-11-24,57.30193725952421,58.388686264795886,56.961867101461735,57.79725646972656,6960500.0,0.012355101061702711,0.024686624426221694,0.008644022067858205,0.003755258026339591,57.254634857177734,57.89485759735108,57.37424280776003,-0.0016858341427025154,1.9415109634399457,0.016655691978938302,1.3365193990030144,0.015097368587254823,0.06513055773675261,42.61943236882974,0.23475901039090274,-0.1454584265502476,-0.436187744140625,0.9337194039381079,-138208700.0,0.5307395098369375,-1.1692291873263991,0.37917725982435874,-0.2944626098400601,0.0029310119546646606,1.53384691478226
SLB,2015-11-25,57.242818411124674,58.033852867916316,56.525711301265,57.31674575805664,4055400.0,-0.008348480518767794,0.026312407424828866,0.0012914693752675154,-0.009592809286584325,57.2472427368164,57.83571548461914,57.36876689826447,-0.008973170336252136,1.8621122741699239,0.01545444415372829,1.3328229814173451,0.014898729980907173,0.06500101125109412,45.32047876840755,0.2049357740872395,-0.14022533028312872,-0.07392120361328125,0.5717705727222547,-142264100.0,0.7228941772965654,-0.73963418066182,0.2583655506102402,-0.3040189935154763,0.000763353246388578,1.4327588790268633
SLB,2015-11-27,56.769662306832195,57.29455367007117,56.51091383767124,57.16887664794922,3147300.0,-0.0025831923559645202,0.01370745549585744,0.007032177485208998,-0.009544914736328085,57.30121078491211,57.78544445037842,57.34972973156778,-0.010669949989891691,1.781826515197757,0.015421552999086265,1.2810738633372216,0.014771854744152137,0.06559703964509486,43.59715912237583,0.1674387137941835,-0.1421779124609478,0.5396804809570312,0.454849604663968,-145411400.0,0.6968460409479941,-0.7503072057799283,0.2211877739276677,-0.3073417342373236,0.0012526155852729537,1.430346599292925
SLB,2015-11-30,57.36234806796748,57.94274761701519,57.161444680336295,57.40699768066406,7979400.0,0.004156570952593021,0.013609890226711127,0.0007783783997767449,0.0033842088801162903,57.41299705505371,57.766670608520506,57.3551838219579,-0.006226305308365696,1.6874667358398412,0.015391815194827449,1.2333814102118719,0.014377193588382377,0.06587966754621043,48.98313663613201,0.1551479516296439,-0.12357493970038991,1.1178627014160156,1.1657847139229707,-137432000.0,0.5881450872636125,-0.8428115493396238,0.28105700943780726,-0.29616453574408075,-0.0045153580996086014,1.3717833561116506
SLB,2015-12-01,57.15400281087011,58.203180728185636,56.92333490436856,58.16597366333008,8172200.0,0.013134332097957443,0.022003342215587075,0.017706036369993332,-0.004407038863123928,57.438778686523435,57.73889999389648,57.432401902088586,0.007396636747127883,1.573809967041015,0.015235448672646753,1.240837153213544,0.014157640537830975,0.06442396492162013,49.644846631655334,0.2042954619227615,-0.059541943525817875,0.2578163146972656,1.196644148382,-129259800.0,0.6058824820060257,-0.7562701476134053,0.4718814457957079,-0.42938917172650276,0.010633308960737558,1.395398191748767
SLB,2015-12-02,57.585569495142416,58.18828523450363,56.268522518797525,56.40989685058594,9595000.0,-0.030655919621815075,0.03403237415574472,-0.02041609824933052,-0.009978414038886283,57.406497955322266,57.54607048034668,57.33502046861214,-0.019743722208604503,1.3257801818847668,0.015266892432324344,1.2718236824795441,0.014146631432770196,0.05304472129472715,45.29023432047356,0.10038729305118466,-0.1307600899179158,-0.32280731201171875,1.4118256399013267,-138854800.0,0.47833736382986997,-0.24675136281160231,0.03917266797499344,-0.44076184655812023,-0.011781713144060766,1.459711611512224
SLB,2015-12-03,56.89356114163972,57.012619188227575,55.167259205116785,55.665802001953125,8292700.0,-0.013278628455143434,0.03315069426370686,-0.021579931279569965,0.008574103447394637,57.165997695922854,57.36076335906982,57.176047281311284,-0.029549142268321834,1.0908392715454056,0.015204862817161097,1.3043598996823849,0.014476239097753392,0.05203628580738211,45.36594209280887,-0.04152424932375709,-0.21813730583428606,-2.4050025939941406,1.224669122099188,-147147500.0,0.47578863180244635,-0.2171123243422296,0.0,-0.3924695850380556,-0.013857761093396776,1.3523692726890921
SLB,2015-12-04,54.93657899486341,55.85181339515394,54.4380363100223,55.59138107299805,8605300.0,-0.0013378181614495908,0.025431587736148984,0.011919236510811147,-0.013100017979874408,56.96463050842285,57.22755012512207,57.02512669004336,-0.028590583530951647,0.9205703735351562,0.014750836614711485,1.3351118360316951,0.014448661159777335,0.05681749217207208,46.55568761966741,-0.15817200763303418,-0.26782805131485055,-2.013671875,1.2534850184265343,-155752800.0,0.3940433193067272,-0.025513814966433408,0.0,-0.3812690025069529,0.018774818020457648,1.0721383026066553
SLB,2015-12-07,54.05854672501257,54.52732491145753,53.62696991254005,54.170162200927734,10563000.0,-0.025897928607787262,0.016620865848211524,0.0020647146968810707,-0.027573237404781965,56.67806510925293,57.01366500854492,56.75322531012759,-0.049874057512194925,0.7011588287353518,0.015570206456357006,1.3312662613919781,0.014179986515020499,0.07107260422123862,31.18068020448463,-0.3611337566999566,-0.37663184030541835,-2.8656539916992188,1.5044790404833475,-166315800.0,0.4455859652826103,-0.2125292945460672,0.0,-0.3562010715446018,-0.008442298735348784,1.1346094573824297
SLB,2015-12-08,52.99449682408631,54.31154371922676,51.86346817751402,53.202842712402344,8305200.0,-0.01801841459604346,0.046013998818564224,0.003931462714093313,-0.021703191001729873,56.28959350585937,56.79392356872559,56.41509363415376,-0.06323001882371668,0.44304405212402287,0.015708824258274887,1.417415026189089,0.015104173952165385,0.09241598612026172,31.848134579274983,-0.5931989750626698,-0.4869576469345053,-3.884716033935547,1.1626567291425036,-174621000.0,0.44538408831733256,-0.274728792692795,0.0,-0.23142622105212723,-0.0061794454409366826,1.170770760847067
SLB,2015-12-09,53.6493261724886,55.10031693306439,53.143340611575425,53.66421127319336,9310300.0,0.008634493232569346,0.03646706576057563,0.0002774517737073232,0.008392097815145022,55.876288986206056,56.56546192169189,56.15310483787182,-0.05129014331245039,0.16298946380614865,0.015599370715013315,1.454755806588644,0.015628169055622795,0.1018217209777175,25.093875375587743,-0.7314520219212071,-0.5001685550344339,-4.133045196533203,1.2734097764902756,-165310700.0,0.4595347147609162,-0.19529356466628994,0.09295917525109476,-0.23562065706704324,-0.007722963321766366,1.0667875943319867
SLB,2015-12-10,53.41864091570627,54.49014073955685,53.128443992913525,53.18797302246094,7200900.0,-0.008914022812928796,0.025601591285839928,-0.004318116097512148,-0.004576054537295663,55.46341171264648,56.35532722473145,55.87071133164221,-0.05620327941030073,-0.0911354064941392,0.015450363522788864,1.495517411875504,0.01567733727407695,0.11425897414854591,25.064164105055553,-0.8694248162771103,-0.5105130795122698,-4.128772735595703,0.9740686632578525,-172511600.0,0.42909621005126736,-0.12026326112758108,0.0,-0.2752120598376526,0.0026831368767118516,1.0408666402466287
SLB,2015-12-11,53.18797202663348,53.18797202663348,51.87836178611352,51.9527702331543,9436100.0,-0.023497258671280455,0.025207707589848884,-0.023223329380948506,-1.8722793884836053e-08,54.94180107116699,56.121505928039554,55.49757408416718,-0.07428053873377022,-0.36376010894775135,0.01592842106043252,1.4887298981087345,0.01569057268533425,0.13429058329149396,23.311341312951654,-1.0661498797624347,-0.5657905143980753,-5.216106414794922,1.2653490333645778,-181947700.0,0.4005744773669274,-0.3046216017279518,0.0,-0.24768562774781563,-0.019206704105371307,1.064219527031472
SLB,2015-12-14,51.6253569709572,52.481068150561185,51.424453632371716,52.10157775878906,11322500.0,0.002860190466850048,0.020279894844666742,0.009224551959994587,-0.006302132893544048,54.41125907897949,55.9121280670166,55.17414586270259,-0.06815248211730007,-0.5754393005371057,0.01599823772900235,1.5055876228325213,0.01575388581730421,0.14926001297207872,24.085129500496663,-1.1962586610206785,-0.5567194365250552,-5.305419921875,1.4785452603303924,-170625200.0,0.3080073321190523,-0.40652973485587934,0.023950209753723375,-0.28586929537688976,0.005728318229249206,1.1156593168605022
SLB,2015-12-15,52.83078444920314,53.671610383337175,52.50338058808967,53.4558219909668,10511800.0,0.025660324019614468,0.021854117133301553,0.011830934336487613,0.013995865802568147,53.94024391174317,55.6895112991333,55.01049597015633,-0.040109694914871104,-0.8012721633911113,0.015711479659369854,1.5158171557763755,0.015307651639626326,0.15081227186511278,28.85212368657436,-1.1765322841003183,-0.429594447683756,-4.710151672363281,1.339026512261268,-160113400.0,0.2331804641875487,-0.5584244470287903,0.24191252906567892,-0.1096597816341003,0.011241777209417207,1.0904777099569345
SLB,2015-12-16,53.20284893392015,53.798127836148765,52.65965650986151,52.994503021240234,7865600.0,-0.008667364005695021,0.02148281918656643,-0.003916066843313035,-0.0047323761495874864,53.5987045288086,55.50260124206543,54.81849664168813,-0.04518884096776907,-0.9548182678222616,0.01528022627326791,1.4894121386075139,0.015300314943062143,0.1561881959902379,28.906170296581422,-1.1844697438235272,-0.3500255259255719,-3.415393829345703,0.9875637975303372,-167979000.0,0.19700223345379117,-0.3523192449585238,0.16766436156747916,-0.03702436415404363,0.014200494043230063,0.9513520858974859
SLB,2015-12-17,52.912654113700725,53.18052906255117,51.44678444276926,51.49142837524414,8278600.0,-0.028772837091329766,0.03367054817643123,-0.026859845952966196,-0.0015444791982803224,53.181267166137694,55.17363243103027,54.50163299726489,-0.06673847440421952,-1.1995133972167977,0.01488107829471847,1.5556916171358364,0.015585366270379633,0.16344443188373295,25.52925898973264,-1.2970937111639174,-0.37011959461276955,-4.174373626708984,1.030852994555354,-176257600.0,0.17710137812434046,-0.28257244598604647,0.0,0.009567349583214455,-0.014028129099530877,0.9193255501109693
SLB,2015-12-18,51.37236892519209,51.46909932457347,50.099965931791886,50.10740280151367,15152600.0,-0.027246596816917473,0.02732397442759147,-0.024623472698338093,-0.0023122188257121636,52.63286933898926,54.798749923706055,54.08313488338382,-0.08561047704051541,-1.4433686065673825,0.015603205568403089,1.599274439048219,0.015894436700982457,0.17841662007961856,21.366024728039747,-1.4809567659741916,-0.443186119538435,-5.483978271484375,1.7922049504862665,-191410200.0,0.2131112388819042,-0.5747808276632815,0.0,0.11465949534812023,-0.017569656386988274,0.9626505266219095
SLB,2015-12-21,50.18182123924928,50.851502899908084,49.96603278172579,50.56130599975586,7861300.0,0.009017822511804068,0.017512801551972827,0.007562195853700255,0.001485178508061909,52.27198371887207,54.4750244140625,53.74772260875258,-0.07184427095541297,-1.6492852783203062,0.015978602560654104,1.5711047457885918,0.015724749588776468,0.18786285941408967,19.43784540211982,-1.5719232145729052,-0.4273220545097187,-3.608856201171875,0.9332287878401166,-183548900.0,0.058559388903057334,-0.819235629206932,0.05632552042566791,0.04491801440932204,0.009002706246586906,1.0172716328637679
SLB,2015-12-22,50.91102833902064,51.9155564362577,50.72500440705082,51.707210540771484,7950900.0,0.022410660466858263,0.023024874418010346,0.015638698092071603,0.006916797981176917,52.12242050170899,54.20600700378418,53.55338812608771,-0.046098146702417166,-1.8444071197509757,0.017162085080705405,1.5307110115597158,0.015912665346983903,0.18833014675013718,30.125814817071813,-1.5338683808347753,-0.3114137766172709,-1.4956321716308594,0.9322927231943416,-175598000.0,0.10122780519114656,-1.0088807015757313,0.19852251282580266,0.10328015454533117,0.011148864994544696,1.0940094284781339
SLB,2015-12-23,52.54058696451833,52.86054827642272,52.07180881419267,52.838226318359375,7757700.0,0.021637671401762166,0.01492744017328964,0.005664941543992334,0.01611721875984251,52.039822006225585,53.95805549621582,53.48527747773263,-0.020753697803935524,-2.0455190277099575,0.01777968738307262,1.4812808510268904,0.015692379081142318,0.17958318625704764,38.42870755554667,-1.396349877775556,-0.13911621884644143,-0.8259849548339844,0.9054070929799642,-167840300.0,0.14668873174010516,-1.0655526650259008,0.3388719365112655,0.23995409527879094,0.012598235864304256,1.1376064235984535
SLB,2015-12-24,52.756388938839606,52.98705680088885,52.36201910617479,52.48107147216797,2968800.0,-0.006782350866081938,0.011909773889535251,-0.0052186563980111044,-0.0015488290433271627,51.96913185119629,53.716271781921385,53.389638810536,-0.022994900218840812,-2.2278491592407264,0.017764723963079484,1.4249423231399203,0.015371628240465849,0.17188446491838805,37.559555069882315,-1.3011856266102413,-0.035161574144901175,-0.7069015502929688,0.3487019988583322,-170809100.0,0.13298867706889694,-1.0603982825547804,0.2945520624451951,0.2149089132690133,-0.0015560937658003165,1.140317074007975
SLB,2015-12-28,51.72953975793736,52.42154910898043,51.36493438971058,52.399227142333984,6616900.0,-0.0015607191727809277,0.020164700452541602,0.012945937418549483,-0.014320052795209507,52.013777542114255,53.477789306640624,53.29531388975485,-0.02016841343463516,-2.3882378387451197,0.01777122759448004,1.3643513175684485,0.015503020001975393,0.16270875355766046,42.066714515191904,-1.2183273065488365,0.03815739673320295,0.4464569091796875,0.7616715818651049,-177426000.0,0.12342729118176676,-1.065811448477089,0.2843958782860135,0.21240827383413513,-0.0028015666175301565,1.1357967159538152
SLB,2015-12-29,53.3367887162706,53.46328364345511,52.012299062219604,52.4661979675293,6987000.0,0.0012772719746277133,0.027655607561529415,-0.01632251902851667,0.01789266035145669,52.05023956298828,53.23074932098389,53.21635046859051,-0.014362964324329017,-2.582919960021968,0.017711360113625698,1.2931305346772173,0.015832648682755846,0.14857159402244283,46.41048909634969,-1.1341833454418548,0.09784108627214771,0.3646202087402344,0.8088940136980592,-170439000.0,0.1474262172021849,-1.029737800492037,0.2927063872162672,0.19499959040816017,0.010771591490684022,1.1289986178440605
SLB,2015-12-30,51.647693538156894,52.48107722242126,51.625365894899325,51.81883239746094,5744600.0,-0.012415471010623002,0.01651352004534681,0.0033135818384146805,-0.015600604981496199,51.8865406036377,52.91339225769043,53.083253509435316,-0.020685875796791535,-2.8404427337646467,0.01729475919065842,1.214468749393858,0.01570449084636163,0.1225036259855011,41.16796055848219,-1.1069751211561751,0.10003944844626211,-1.6369895935058594,0.674538592869707,-176183600.0,0.3381154822955469,-0.7741118483626664,0.2715479903521226,0.289021749503685,-0.006636146984721374,1.1048016124560587
SLB,2015-12-31,51.61792618992796,52.369458838651376,51.34260870820733,51.90068054199219,5271100.0,0.0015782596582126565,0.019784906859038866,0.005477832468972839,-0.003877088661357507,51.77715835571289,52.68793144226074,52.97062751253598,-0.014941768991847402,-2.9868580627441403,0.01635236565535927,1.1905511339510524,0.015277615252179851,0.10691089666945734,43.59726781140309,-1.066513838506424,0.11240058487681082,-1.0938224792480469,0.6350611947140683,-170912500.0,0.278543548563068,-0.656619268576083,0.3226248552119986,0.25196859896638735,-0.009858728651718354,0.9891158257707143
SLB,2016-01-04,51.67745060765305,52.10158498303119,50.568749464471686,51.47654724121094,9160200.0,-0.008205592076252256,0.029777356887921744,-0.003887640819734249,-0.004301098405800768,51.77567024230957,52.47846870422363,52.828334153362164,-0.019092048372441453,-3.1076102447509797,0.016242521544097367,1.20649572553763,0.0151645321894996,0.0948167833850525,47.42348510897028,-1.0564933950282693,0.0979368226839723,-0.014881134033203125,1.0978819491054135,-180072700.0,0.24225242585205367,-0.6053117944379208,0.24966262983205556,0.2525244494710902,-0.013826351271244276,0.9635647229228085
SLB,2016-01-05,51.595594973882946,51.9676428373012,50.66547531533732,51.71465301513672,6783600.0,0.004614854675787199,0.02517985611510804,0.00230752337121102,0.0023126596295235135,51.936395263671876,52.28463230133057,52.722269283054985,-0.010901468770190508,-3.1786115646362276,0.016344101110813396,1.224035225807231,0.015156572500137617,0.07758987713368462,47.92665048269817,-1.017608616662102,0.10945728084011197,1.6072502136230469,0.8220119273887041,-173289100.0,0.18471148491584385,-0.6919455166508952,0.39560556057018575,0.26819710386176837,0.004749672102952737,1.1186484368048537
SLB,2016-01-06,50.538984268337906,51.64024852613574,50.20414343646034,50.375282287597656,11923000.0,-0.026240541272709673,0.02850812986965571,-0.0032391228891952024,-0.022733764576447962,51.917792892456056,52.094888305664064,52.498746712059045,-0.03300911229479384,-3.217402267456052,0.016367992922055326,1.2197835796735355,0.015461805680718536,0.07660771463270363,33.46646777031485,-1.0823910435958624,0.03573988312508125,-0.18602371215820312,1.4329779632915827,-185212100.0,0.18069037888413264,-0.6928253374087662,0.07531456570230609,0.16049437353583498,-0.01452644226878402,1.1194683121022715
SLB,2016-01-07,49.28146586733598,50.41993149918305,48.96150445576456,49.25170135498047,12041000.0,-0.02255671167495442,0.029611708901321202,-0.0006039697040594907,-0.02171335564964112,51.67224197387695,51.89733123779297,52.18950429709918,-0.05097814896666371,-3.2592770385742185,0.01660187112197365,1.2426375594686239,0.014705175501765451,0.0883918219417581,31.245290549444505,-1.2104419534126194,-0.07384882135334059,-2.4555091857910156,1.4153851579098942,-197253100.0,0.1706385120247005,-0.7615158848643622,0.0,0.2779476702123663,-0.02502194732061578,1.049230892248573
SLB,2016-01-08,49.37819623370288,49.713037062673635,48.284374532798026,48.42575454711914,9657900.0,-0.016912121360472425,0.029502122233025705,-0.019288709576913515,0.0025683352095941326,51.23099479675293,51.63540840148926,51.83105193995822,-0.06215993934653463,-3.3519557952880845,0.016577109366510807,1.2208459816181734,0.014421933304303244,0.10138881475039707,33.519956558936215,-1.3628600246549922,-0.18101351407657074,-4.412471771240234,1.1329439897801716,-206911000.0,0.3747671158424289,-0.6461343380307809,0.0,0.323616712781403,-0.012905973697050184,1.0866595097189813
SLB,2016-01-11,48.50760193434657,48.71594782818886,47.465866788135294,48.23972702026367,8693100.0,-0.003848897320743876,0.025913932712107887,-0.005522328529978773,0.001690162352509919,50.8068603515625,51.38799610137939,51.48902099522541,-0.06126467891265394,-3.394170875549321,0.016553252095486606,1.2107473099468382,0.014443992711136716,0.11356435672835985,38.4756505749464,-1.4815845267774534,-0.23979041295922565,-4.241344451904297,1.0109178570369504,-215604100.0,0.3264860154792063,-0.6560645004464095,0.0,0.31390319378571,0.0030922656283775157,1.094439436686567
SLB,2016-01-12,49.073111351322964,49.192169393637585,47.019408375895104,48.17275619506836,10189000.0,-0.0013892565305483502,0.04510352301504632,-0.018347219718937432,0.017275892351323204,50.384213256835935,51.198995399475095,51.17318625235331,-0.0591073942133982,-3.38314075469971,0.01598018951316506,1.3026966599154228,0.015304300348671548,0.12641712069937364,34.52257947780416,-1.5630605469541976,-0.2570131465087757,-4.226470947265625,1.1797111450226123,-225793100.0,0.22580811690760855,-0.4635563195641375,0.0,0.3533337773885527,0.008430095523985185,1.0595345252209
SLB,2016-01-13,48.812675136270734,49.3707468924255,47.257515062246114,47.58491897583008,12729900.0,-0.012277754290609798,0.044409696930507885,-0.02515240471892022,0.013283834925515131,49.89608535766602,50.973162460327146,50.831446511732054,-0.06647112560720883,-3.4050225830078134,0.01601211976905737,1.356909616606676,0.016163961913688,0.1405769467657426,21.205698779411577,-1.655975377436988,-0.2799423815932529,-4.881278991699219,1.4619919308436782,-238523000.0,0.3685589150176742,-0.416664272311859,0.0,0.34152398178868815,-0.02597780377683292,0.9388442697871229
SLB,2016-01-14,47.88999479109206,48.626647868927634,45.94790475925356,48.12810516357422,13814700.0,0.011350430608060732,0.05565860323338641,0.0049720275293588445,0.00641118702790977,49.52701263427734,50.70677661895752,50.57398543095511,-0.050854572649353225,-3.459542808532717,0.01484501453472467,1.465867143322593,0.017619355294688104,0.14190698650348718,14.156200504419473,-1.6665692908734115,-0.23242903602374088,-3.6907272338867188,1.5570464503585568,-224708300.0,0.19511426023214176,-0.46157188427261614,0.10041182134898098,0.36058208708701256,0.015228822071990042,0.8615959372736448
SLB,2016-01-15,46.17857890437656,47.49562859807507,45.91814371337981,46.885467529296875,14702300.0,-0.0261585467530216,0.03364549758855559,0.015307717164360862,-0.04050702292499895,49.025491333007814,50.40132484436035,50.22269801174957,-0.06975724003129818,-3.4973741912841803,0.015539625454118952,1.5790759829997607,0.017965696124226414,0.151226827314267,12.474955231517,-1.7550049113614108,-0.2566917252093921,-5.0152130126953125,1.595611560839182,-239410600.0,0.21732787242211565,-0.7150775079262568,0.0,0.24941031691825666,-0.02340796093585967,0.9762534456831464
SLB,2016-01-19,46.997091352844926,47.845362962512546,46.1711445477082,46.74409866333008,11463500.0,-0.0030197506865139428,0.035816679809418134,-0.005383156323769664,0.002380776590919171,48.552246475219725,50.163958358764646,49.89140283570962,-0.06817364114243687,-3.48218376159668,0.01462569106956645,1.6189389353102572,0.01805090432986325,0.1636694689920953,12.376148670324,-1.8155693108936788,-0.253804899793328,-4.732448577880859,1.2229748795934903,-250874100.0,0.18087079082020313,-0.47498456076950407,0.0,0.12368830241378971,0.0002852226172658189,0.93451433050782
SLB,2016-01-20,45.68748672329805,46.334849323655895,44.34811191083295,45.43449401855469,16075400.0,-0.028416419261505656,0.043727512669374,-0.005537461630918538,-0.022604178286593446,47.92423057556152,49.930312919616696,49.46693532931391,-0.09004187312624842,-3.4594061660766613,0.014718320138411718,1.6864390904003734,0.018637625772822266,0.18499887783976046,9.85546548494176,-1.9467996889036812,-0.30802822224266424,-6.280158996582031,1.706591419270149,-266949500.0,0.15802529606754434,-0.46623883086839585,0.0,0.2013859012054395,-0.015365289625944271,0.9393617188721217
SLB,2016-01-21,45.546109034666415,47.227767346297455,44.92106836956028,45.724693298339844,12999400.0,0.006366890022834505,0.050447554928070446,0.003920955433042661,0.002456614044521896,47.45917167663574,49.6884822845459,49.110531326364,-0.07977279248553083,-3.446773376464847,0.014597754971688276,1.7900810653443189,0.019672725649361966,0.2001412897982863,13.728894063455854,-2.004279960593564,-0.2924067951460376,-4.6505889892578125,1.3433989562341755,-253950100.0,0.16883402476298645,-0.3901105565320692,0.03919634957639518,0.020290449434557413,0.007632389802171475,0.9337744756335215
SLB,2016-01-22,48.009063556531174,49.29635192350853,46.855718351691216,48.51504898071289,19387700.0,0.05923555134841748,0.05030673209847911,0.01053937291623931,0.049959225385865426,47.38550643920898,49.528874206542966,49.053818722016274,-0.020469377551411108,-3.4247290039062506,0.019950722490048353,1.9718531006817932,0.020586560137031706,0.1980250940236046,34.76220906016428,-1.8038810881317389,-0.07360633814736972,-0.7366523742675781,1.8917893044141783,-234562400.0,1.7014490493664454,4.834862129314366,0.4160813537354201,0.023635562006916144,0.01965054896144991,1.1599567888089106
SLB,2016-01-25,47.54771259723946,49.20704269761759,47.049167041729326,47.101253509521484,13865300.0,-0.029574423617615392,0.0458135504918579,-0.0093897069560376,-0.019938893267076655,47.253056335449216,49.24202556610108,48.8678601303501,-0.04347449220393832,-3.4889338302612245,0.019864871545480386,2.0164988247767046,0.02135405119402279,0.19324556828026093,31.918760958319524,-1.73909778019393,-0.007058424167648569,-1.3245010375976562,1.3137831968253848,-248427700.0,1.9060153442138625,6.093072602866771,0.23653461550284735,-0.20093831762170725,-0.016116544160054046,1.1656043045582973
SLB,2016-01-26,47.91233017515462,48.939180379740854,47.19055630969155,48.61178207397461,13829900.0,0.03156631657231782,0.035971198656908884,0.014598578200287456,0.017219853086695013,47.290261840820314,49.048561096191406,48.843471744028626,-0.008905032328271757,-3.506820602416994,0.02156475074644394,2.0547673496520966,0.021847879587456,0.1839664399054625,38.397368507389665,-1.5480248439877755,0.1472116096308047,0.3720550537109375,1.2462990373329188,-234597800.0,1.4993042164694004,3.331506510466458,0.4518517949500318,-0.28634140897328864,0.015715276803749095,1.2380667493781268
SLB,2016-01-27,48.61920945832724,49.95114141915219,48.05370082370849,48.775474548339844,12629000.0,0.0033616847665478055,0.03890153018528202,0.0032140606923389365,0.0001527897977763659,47.350533676147464,48.8673734664917,48.836995820629696,-0.0018805782188164963,-3.53093379974365,0.0216174161998801,2.082405279421191,0.022291216274240647,0.17300520275275358,43.44111643339867,-1.3676244277060974,0.26208962072998654,0.6027183532714844,1.1080616773328607,-221968800.0,1.4522981088192148,3.1827267332167026,0.4751309994387692,-0.236007676494726,-0.008611681323919661,1.2240066034532435
SLB,2016-01-28,50.76966135770788,51.78906901913598,50.03300239306924,51.722103118896484,16450700.0,0.058657600831304245,0.033951957097142244,0.01876005739880717,0.04088503141864181,47.7642520904541,48.83016872406006,49.11176794427415,0.0592243375438407,-3.476797904968265,0.025903910320075618,2.193488667091023,0.022465651518321052,0.1681388829215185,58.81104421052976,-0.975640917267711,0.5232585049346983,4.137184143066406,1.3858396799141406,-205518100.0,1.3340009298714297,1.5143213588067443,0.9723828825270883,-0.1513195458242699,0.005496502033386008,1.4193997746151075
SLB,2016-01-29,52.07181709249937,53.94693566890432,51.76673514513621,53.77579116821289,18255300.0,0.03893817098245677,0.04054241651133221,0.032723537814833906,0.006761402814556505,48.32902069091797,48.928016662597656,49.55596063226832,0.09907972642841761,-3.296302642822269,0.027222205922719997,2.2503579542433245,0.023033059817947562,0.18317267254161873,67.54510626543741,-0.49358594740878203,0.8042507798349019,5.647686004638672,1.4608797944958827,-187262800.0,1.021726767563053,0.3839960749731604,0.9999999988011457,0.05966240932263575,0.025850166340090117,1.392892192904464
SLB,2016-02-01,52.92010200950237,53.329351344881836,52.11647708173744,53.173091888427734,12047100.0,-0.011270910790136068,0.02280992547300706,0.004780600741849196,-0.015912163077878065,48.95778312683105,48.991637229919434,49.90044932333112,0.08535037600161413,-3.1614898300170893,0.027387230952807044,2.2795888861306017,0.023086676294031726,0.19146522157175022,65.74827350723768,-0.15836121616417387,0.9115804088636079,6.287624359130859,0.9386204800972349,-199309900.0,1.0743378970239061,0.41387726080423215,0.9277451362481068,0.020130447529088755,-0.0013068643494318524,1.4029397883801378
SLB,2016-02-02,51.58072503091631,52.07183102578843,50.87383623138926,51.22355651855469,13600800.0,-0.03735296233065121,0.023387575479363983,-0.006924456997212547,-0.029946854714648915,49.40572891235352,48.97898769378662,50.026459532400025,0.04582717876492184,-3.0371944046020474,0.028632887933689954,2.288624217508887,0.022949582607411163,0.19041495230941408,58.6938405462315,-0.049434562031756,0.8164056503968207,4.479457855224609,1.0416537424953645,-212910700.0,0.9692768587255991,0.21597146393203054,0.6940242493695327,0.05558991611314536,-0.02054913884255883,1.4648250952663846
SLB,2016-02-03,52.109017322841176,52.7266180731814,50.33062917822238,52.70429611206055,12837100.0,0.028497457887345173,0.04546097892787783,0.011423719344606408,0.01728620315470965,50.1327091217041,49.02846984863281,50.281491587605785,0.07497330173216164,-2.8896971130371156,0.029339317122694053,2.308821150707432,0.02353878921252292,0.19597841729314283,63.88218348951834,0.15459186746313947,0.8163456639133729,7.269802093505859,0.960889187966261,-200073600.0,0.817848868083873,-0.24741758944757716,0.8715433528331161,-0.007319908770623864,0.0060915284925356855,1.5043537099128501
SLB,2016-02-04,53.22518647745913,54.222278078975144,52.31738844051235,52.48853302001953,10892700.0,-0.004102245303228524,0.036291538910722676,-0.013840317079050049,0.009883261969594697,50.80909309387207,49.134132385253906,50.49168600974043,0.06827027306525402,-2.6930889129638658,0.028670919191375776,2.253545902763769,0.02372329316409957,0.2042253325569136,62.037907624492604,0.2954680328879036,0.7657774634705097,6.7638397216796875,0.8185021291560246,-210966300.0,0.7993800883569199,-0.15052304143543385,0.8456765016814115,-0.06635623940165107,0.0030319328037475292,1.4633455252447038
SLB,2016-02-05,51.89323453560779,52.1387874885854,50.665475447719615,51.20122528076172,16470500.0,-0.024831264050461325,0.028774937177516446,-0.013335249980828067,-0.011341495945117974,51.077710723876955,49.23160858154297,50.559261178409116,0.04000715710835336,-2.4778860473632776,0.02877593292805039,2.225909911485591,0.023708122278481007,0.20726004268996714,61.88527190678275,0.2997827242298996,0.6160737238500046,2.686176300048828,1.217370994558953,-227436800.0,0.7925853264998443,-0.16851514604565268,0.6913470593155718,-0.08747088956473352,-0.021790152378327758,1.5003846911829977
SLB,2016-02-08,50.620832777983075,52.280168792259616,50.10740489573159,51.92300033569336,12547500.0,0.013998395369637926,0.041845884915752925,0.02572394577982222,-0.011335519796568605,51.55988540649414,49.40647087097168,50.68914109815047,0.05093522003005971,-2.1855386352539057,0.028524257279880314,2.261520303037283,0.02406732054171053,0.21146420899602683,63.820493149703196,0.3573243503273815,0.5388922799579892,4.821746826171875,0.9176143562493762,-214889300.0,0.654874221692745,-0.25960146580857574,0.7778773724211197,-0.11515236283990232,-0.014190614500677021,1.4125150663751027
SLB,2016-02-09,51.275646224975276,51.87091948108823,49.85442046874188,50.44969940185547,11138200.0,-0.02878506994961221,0.03997048617245452,-0.016107974914561018,-0.012467579040748803,51.74367713928223,49.51696949005127,50.666337127074755,0.018836571006058882,-1.937699089050298,0.029387938701515254,2.238134096926879,0.024400862453384686,0.2105709885980766,63.267732682291985,0.28080646892577477,0.36989951884510597,1.8379173278808594,0.807332400716134,-226027500.0,0.6618226610901624,-0.40192836474973337,0.6012500558733584,-0.1345044198104369,-0.0008031045208506325,1.419931244716382
SLB,2016-02-10,50.42736854615285,51.30540179421499,50.144614193285484,50.39760971069336,8324500.0,-0.0010330408664919052,0.023032592370808548,-0.000590132626735282,-0.0004426360507075441,51.90589065551758,49.62821216583252,50.64074403980034,0.01550322913688483,-1.69103107452392,0.029385475122652903,2.1562832843691884,0.023833705839467857,0.2090557960577012,62.51993773641408,0.2135011851261055,0.24207538803634937,1.6221351623535156,0.607491384233101,-234352000.0,0.6600078398246371,-0.40286135945647367,0.595005260829485,-0.12769520420086214,-0.001585892559838201,1.465720170867891
SLB,2016-02-11,49.33355629828473,51.67745364486781,49.184733724580575,51.21611785888672,12122900.0,0.016110536859586747,0.048670614339714424,0.03815985916805757,-0.02111317220234862,51.8552921295166,49.80977210998535,50.69554154637999,0.02823433413419364,-1.385653533935546,0.029316280737976545,2.0792162340205134,0.02403353040631078,0.20640072132740306,58.09185277828633,0.22363016052212714,0.2017634907458968,-0.5059852600097656,0.8866484186583142,-222229100.0,0.5162882292324217,-0.5177474944552705,0.6931324624537104,-0.12400895035561829,-0.012416235189709673,1.5094703343200484
SLB,2016-02-12,51.62835207545686,53.074965595122904,51.54590215579657,52.7001953125,10756300.0,0.028564877222881778,0.029014378983974208,0.020760748580094118,0.008048915728168817,51.74773254394531,50.03837661743164,50.88646095267713,0.05319554460008354,-1.04773345947266,0.029806238516316686,2.057857096902508,0.023132653180301038,0.20909347747637677,66.70295412371709,0.3474054206161057,0.2604310006719003,-1.0755958557128906,0.7955957944659705,-211472800.0,0.4261986306054017,-0.7458965446380253,0.8710517267128551,-0.09126234633268909,0.020740665956617867,1.534407487756026
SLB,2016-02-16,53.47971982195307,54.146810487937756,52.76016154353838,53.779537200927734,9571800.0,0.020273883731421118,0.025783950858830652,0.005606188289183835,0.01479168160251908,51.80837707519531,50.383080101013185,51.16199202393909,0.06741265307926754,-0.6504227828979481,0.02907857384997003,2.029906261560964,0.02294955162712846,0.20899975171857382,65.82371393836547,0.5265226505857825,0.3516385845132617,0.6064453125,0.7216766893257173,-201901000.0,0.2713079476853877,-0.6994896112867824,0.9999999988016838,-0.0921665523685029,0.018008663912795174,1.487019560387374
SLB,2016-02-17,54.379181862838294,55.23365783148837,54.094352727593666,54.664005279541016,10132100.0,0.01631240866873892,0.02084196169066872,0.00523772897909971,0.0111500524757252,52.152421951293945,50.77907543182373,51.49551709590118,0.07650651010637673,-0.23439151763916044,0.029041528764427955,1.9982405497836027,0.02261937854131269,0.2088981158667777,67.268496610945,0.7314122626669501,0.44522255727554344,3.440448760986328,0.7677746953596768,-191768900.0,0.16506039281932341,-0.7219711117052852,0.9999999989165189,-0.11426601317716209,0.018101127125909347,1.4183983298828187
SLB,2016-02-18,55.263616544480804,55.263616544480804,54.206761829150075,54.47659683227539,8123700.0,-0.0034342605379275143,0.01940016037684244,-0.014241190885000334,0.010969032764311618,52.32965202331543,51.231180572509764,51.77942945174634,0.06334845739446204,0.24000930786132812,0.02792428372176944,1.8584734243932164,0.02199375277534056,0.19178548042912613,59.637362654962786,0.8686531679325213,0.46597077003289167,1.7723007202148438,0.634707450704638,-199892600.0,0.1626797905318741,-0.49805442991509047,0.9790354719188581,-0.13420548746517796,-0.003475415894271633,1.3711831977220796
SLB,2016-02-19,53.94443472533852,54.63401066434552,53.80202018977858,54.619022369384766,8339000.0,0.0026110235968493014,0.01523261381245971,0.01250523149386871,-0.009768637137435622,52.542700958251956,51.67589702606201,52.04986687247381,0.05695354145160618,0.6757485580444325,0.027959015239328054,1.7589847047188667,0.02104167545717071,0.1701810006400472,53.40577271758008,0.9776404936173222,0.459966476574154,2.1304893493652344,0.6636105619044247,-191553600.0,0.18377703019290573,-0.5071335391778186,0.9940520432952602,-0.12859008309772188,0.001279603071140992,1.3879137682944527
SLB,2016-02-22,55.33107096611472,55.938196847748564,55.15118287498975,55.74332046508789,7649900.0,0.020375373757668454,0.014118534134537638,0.007450596776368802,0.013036641189115773,52.99691047668457,52.03731060028076,52.40162435748468,0.0712183205099599,0.9863525772094732,0.025362630424918625,1.7346890184251775,0.019996907885786987,0.1725865882534275,59.96132385945304,1.1415758191687146,0.49912144170043715,4.542095184326172,0.6385977712229056,-183903700.0,0.02146523473482118,-0.3529566282484641,0.9999999988428693,0.015131168478041222,0.0156287466432443,1.2328809224149457
SLB,2016-02-23,55.37606731927733,56.04315811445204,53.861997554122,54.02689743041992,8201900.0,-0.03127556776004499,0.04037175303540448,-0.024363772188418696,-0.006588289731333267,53.20730018615723,52.383592796325686,52.5564122691928,0.03137059805125663,1.3253810501098684,0.025489688133971795,1.7262536543745755,0.019799742220887123,0.1496505555294878,61.064718634337716,1.1200831305056198,0.38210300242987383,2.1038970947265625,0.701254141891554,-192105600.0,0.007691412507814271,-0.35762045678375104,0.7593193855059347,0.05280670105183205,-0.013458982339781284,1.2420871364281
SLB,2016-02-24,53.13492022312096,54.20676325865142,52.76764701639138,54.12431335449219,7857700.0,0.0018014768343459105,0.026589090060772078,0.018620393654806104,-0.016509872854492944,53.5747615814209,52.659219360351564,52.705736182078454,0.027822174577159214,1.582280807495117,0.02482456827518547,1.65790560775322,0.019524670659308525,0.13527712528799327,56.29183511139071,1.0982507201627385,0.288216473669594,3.6746139526367188,0.6894270509110164,-184247900.0,0.15232194053564901,-0.060170410129831105,0.7676459643889819,0.06919377102195806,0.00536927987753819,1.2002597356381064
SLB,2016-02-25,53.91445761427516,54.22926330566407,52.95504652516163,54.22926330566406,6358300.0,0.001937176182399493,0.023496848432557532,0.005838984667918695,-0.003877291501927433,53.95792694091797,52.931908798217776,52.85083400337232,0.02450987574228512,1.809440383911138,0.024833611828063595,1.6128575464703379,0.019088290384117485,0.11778050390402311,57.78934582208715,1.07700195351849,0.21357416562027642,3.831653594970703,0.5736518734380498,-177889600.0,0.16158906097848683,-0.06297581502229319,0.7167715882594493,0.09569639898454306,0.013252827800703646,1.1718552916801934
SLB,2016-02-26,54.80642799849003,55.17370140701509,54.116846083132906,54.3192253112793,6000700.0,0.001657545440912206,0.01945637696093445,-0.0088895172519573,0.010643048746075887,54.26823768615723,53.06176490783692,52.99068079460155,0.02369805085877685,1.894943542480469,0.021221335586361304,1.5581288144404997,0.018698896706752646,0.11764968810143969,65.6268102849998,1.05525698917657,0.15346336102268499,3.103107452392578,0.5681727801238472,-171888900.0,-0.28430664957302787,-0.5869776580919072,0.7336004085193168,-0.15068181316445595,-0.001425057123499558,1.120091344421917
SLB,2016-02-29,54.2292542036762,55.00877701237897,53.73456044574456,53.75704574584961,7726100.0,-0.010403479513580753,0.02370324762001613,-0.008707633264751376,-0.0016563400359175572,54.373922729492186,53.06082763671875,53.063667932815655,0.013121131730125319,1.887981796264647,0.01950545270200212,1.4939468623052414,0.01813460477068632,0.11761815836370039,59.341314386880065,0.9813483823880631,0.06364380338734243,1.0568504333496094,0.7699198998698548,-179615000.0,-0.35376096207414426,-0.6880973562551939,0.6284358026872687,-0.10149810312266329,-0.007345629715573616,1.0425043025468845
SLB,2016-03-01,54.31170165523952,55.510965260998034,54.17678414218294,55.47349166870117,8321000.0,0.03143053700025226,0.024050786757449722,0.021391154724565244,0.010317827211193627,54.54331817626953,53.17584762573242,53.29317495528094,0.04320841407437935,1.9534220123291064,0.02053942222721659,1.4714711228907373,0.018165700810533092,0.12419834090820665,74.96916198329495,1.0491837825118608,0.10518336280891205,1.6939544677734375,0.8448886571590886,-171294000.0,-0.4281186586609064,-0.6826404619263677,0.949524241344307,-0.2246221919645524,0.02383911158774813,1.0790234302603388
SLB,2016-03-02,55.06875677773725,55.795812180071394,54.319216069111,55.7733268737793,8584000.0,0.005390463026887078,0.026474951266616756,0.01279437084235912,-0.0072960053313586345,54.65425033569336,53.403336143493654,53.52937989989983,0.04437907631683398,2.095272560119632,0.018377175167285716,1.4940288736072296,0.018253648005158333,0.12591761542169352,76.07612119704882,1.1142931433271954,0.13623417889939726,1.1093215942382812,0.8943720927567217,-162710000.0,-0.4224379023550981,-0.4139591503273771,0.9999999981397831,-0.07877874086588584,0.005270395694331003,0.96389153020018
SLB,2016-03-03,55.49600409432721,56.19307729942677,55.30112187608896,56.10313034057617,7811500.0,0.005895868181270699,0.015898496535276304,0.010939999305481892,-0.004972319117338913,54.81690368652344,53.57327785491943,53.77449898948805,0.0472222829543448,2.1452997207641573,0.017461315035113605,1.379688552396556,0.017286066801324714,0.13259176383178484,74.88540214242342,1.1789153619061778,0.1606851179827038,1.6265335083007812,0.835766058258078,-154898500.0,-0.43381123930476384,-0.16092541501804133,0.9999999982473116,-0.04987928394272605,0.005555808249804873,0.9394305160027376
SLB,2016-03-04,56.29799377026764,56.972581440157484,55.323588722811095,56.0881233215332,11415900.0,-0.0002675256518243862,0.029400033727163617,-0.0037278495143333638,0.003473307612401311,54.96381378173828,53.75325736999512,53.994844163968544,0.043436734177181205,2.214742889404299,0.01739717581259388,1.364698908190142,0.017067503269849647,0.13702016419475613,70.2870811867003,1.2149132312178423,0.15734638983549454,1.4691009521484375,1.217998063519753,-166314400.0,-0.4713356990092124,-0.08841439720716009,0.9973697353860984,-0.09685423830835911,0.0035110719749253767,0.9391210271036956
SLB,2016-03-07,55.69837828068851,57.08503341674805,54.903866816082314,57.08503341674805,9614000.0,0.017617885896551704,0.03820907986060328,0.02489579012644813,-0.006948798030029014,55.097985076904294,54.047447776794435,54.289147902328494,0.056202203154869707,2.4013768386840866,0.01635511487072399,1.4171668671349973,0.017431372714493756,0.13926336993218186,69.99082722891877,1.3087971166931993,0.20098422024868112,1.3417129516601562,1.0646909970819005,-156700400.0,-0.6685472545627615,0.5902911498255452,0.9999999985046558,-0.06279522159272653,0.0013496215004632041,0.87184563743016
SLB,2016-03-08,56.41043183504567,56.75521985341242,54.47661555423347,54.49160385131836,8727100.0,-0.046495338486807564,0.041815695228868244,-0.03401548120280859,-0.011817485973555657,55.14445571899414,54.17587795257568,54.30842942127991,0.005827794780161318,2.4967394638061506,0.019781473395592192,1.4996166694174218,0.017367724918212795,0.13405022784286053,49.135961836561926,1.1605545303881186,0.042193307154880344,0.4647064208984375,0.987359186679685,-165427500.0,-0.8798523862021781,0.7413090976053502,0.6121930229718258,-0.114730677532371,-0.01255144262523791,1.3024790636766057
SLB,2016-03-09,55.27862391521022,55.41354146333815,54.416651008756276,54.529083251953125,6966600.0,0.0006875649586721148,0.018281812110717385,-0.013559322033898407,0.014442960167574842,55.184932708740234,54.37984714508057,54.32944407182022,0.0027443274431134127,2.6597484207153315,0.018405595042481224,1.4953335079353605,0.016710124301762393,0.11696011246430109,50.26706392725085,1.0341741710215189,-0.06734964176937552,0.4047698974609375,0.8072303815069088,-158460900.0,-1.0772455791968316,1.9611312622543529,0.617797483258197,-0.10070926376222386,0.005207121327923019,1.2490051926810073
SLB,2016-03-10,54.56657500973581,54.97881903736394,54.056887013807604,54.85139846801758,7058400.0,0.005893485636829875,0.016807812550009855,0.005219742273194765,0.0006875552557788365,55.24714622497559,54.602536582946776,54.37915401431521,0.004557698243427864,2.8333944320678697,0.01836997868647221,1.5017579042917464,0.016581344586063883,0.09419043821322091,51.161131044873066,0.9490845144400524,-0.12195143868067371,0.6221351623535156,0.8239109740987015,-151402500.0,-1.145223056330431,2.1074959260857264,0.6194126610098055,-0.092824740785001,0.0003441555738991903,1.2431853195101035
SLB,2016-03-11,55.39105964590563,56.32048852567095,54.94882765309885,56.215553283691406,8054500.0,0.02456578480927878,0.024400024414062475,0.014884958747069625,0.009838603808847502,55.4367790222168,54.85250835418701,54.55404918282723,0.024849272538333304,3.0083790969848607,0.018759798812663625,1.5124661599552875,0.015550790120346877,0.07720079358516957,52.304404043322265,0.9804245179192677,-0.07248914816116692,1.8963279724121094,0.96305086670991,-143348000.0,-1.0907472633565103,1.8630388754753664,0.801707584088142,-0.13897204863516996,0.018698196649070662,1.522375723949101
SLB,2016-03-14,55.443520259802725,55.743337649799095,54.723961954936094,55.0462646484375,5949500.0,-0.02101946036305445,0.01851852621378436,-0.00716505029810021,-0.013733441704160097,55.565700912475585,54.969811820983885,54.600926846218684,0.0013908147930830283,3.061133918762202,0.018690341532961237,1.4632112148428067,0.015249894596888256,0.06765583824349106,55.254916165896,0.9005291364320769,-0.12190762371868624,1.2892189025878906,0.7324097629193476,-149297500.0,-0.9332350089041916,1.237920943469879,0.3873869215284618,-0.2921915291216384,-0.0010282894506067567,1.5531330765983482
SLB,2016-03-15,54.32670713983353,54.9038509062393,53.92195451518717,54.88886260986328,6815400.0,-0.002863545984916483,0.017888809211282317,0.01034768163994917,-0.013071868058614844,55.5072380065918,55.025278091430664,54.62834929989912,-0.0024791420652288793,3.0568365478515602,0.018221307514590633,1.4407250641992562,0.015043100581955439,0.06448846529824538,53.91708419555752,0.815114311546651,-0.1658579588832898,-0.5846290588378906,0.8534863465852844,-156112900.0,-0.8523783353233622,1.3751873698380601,0.34009046082409833,-0.32368031242112233,-0.0028704310017873265,1.547550974593202
SLB,2016-03-16,55.2261591608386,55.35357970774874,54.08685980977672,54.97880935668945,7173100.0,0.0016373654836137719,0.023040147882320373,-0.004478852194460473,0.0061450818059893,55.42778625488281,55.04101829528808,54.66172644816486,-0.0011302287008006812,3.002531509399411,0.017865741450510963,1.4401895725899405,0.015103821120949282,0.06418198395671912,53.84612975473824,0.7460800517787121,-0.18791377492098305,-0.7945175170898438,0.9152379962015537,-148939800.0,-0.8025526747451711,1.561258259961628,0.3671178285461716,-0.32067818940903053,0.006532994635866611,1.6000085392528338
SLB,2016-03-17,55.54844777847981,56.215538376396495,55.12120991556081,55.870750427246094,7072100.0,0.01609316848051754,0.01958678651114054,0.005802190009909626,0.0103610541671552,55.404548263549806,55.11072597503662,54.77687158902974,0.01379086264539026,2.989117240905763,0.01817943719433862,1.4530376937202878,0.015111949939994592,0.06468788939580021,57.35589181391786,0.7546430384803955,-0.1434806305754397,-0.23237991333007812,0.9084457152913324,-141867700.0,-0.9032361132825519,1.476270078310811,0.6351299596234863,-0.31132501371407334,0.009300694964149162,1.6482038722824808
SLB,2016-03-18,56.223047597144685,56.223047597144685,54.91884270612517,55.10622787475586,9549100.0,-0.013778256696465393,0.023667105176998916,-0.019864090797624138,0.006305574333699821,55.30635871887207,55.13508625030518,54.80823885433699,-0.0005234121774709206,2.9188586044311577,0.01848591165204532,1.4551797168906526,0.015298962464301432,0.06411371388260328,56.276152112576085,0.6917644564841368,-0.16508737005735885,-0.9818954467773438,1.2171684082525422,-151416800.0,-0.7439389656472685,1.0060066012071942,0.40540478459404006,-0.35082829088898465,0.006590739909516792,1.628257444173834
SLB,2016-03-21,54.24426237414829,56.24553466540304,54.10184781159176,56.13310241699219,7508500.0,0.018462961068533398,0.03818935283296156,0.0348210107424021,-0.015641889017818864,55.21116561889649,55.15457534790039,54.93441633649463,0.017741539354070055,2.8007196807861305,0.01837984654943181,1.4830202410808566,0.01605203936214126,0.06541312406099709,53.27873857126008,0.7165331724605224,-0.1122549232647786,-0.9519309997558594,0.9579282163028321,-143908300.0,-0.7591211599865815,1.0577443069264183,0.7139619791204058,-0.31131205218247,0.0005413415903815057,1.5768611498630145
SLB,2016-03-22,55.503475180315334,56.38793318101671,55.12120793192116,55.173675537109375,6230700.0,-0.017239752330102835,0.022958870090928802,-0.00594196385243504,-0.011216683375160418,55.27937278747559,55.211914253234866,54.95720292702937,-0.0006925808793751562,2.7231001663208048,0.017379977418774156,1.4680294652333679,0.015445361103023485,0.06245507065196589,47.2027278897256,0.6512377638193385,-0.14204026552477,0.6820716857910156,0.8050301626288323,-150139000.0,-0.7483794130850513,1.6593125011055432,0.42567158508150676,-0.3793867756290184,-0.0014386054113087725,1.5541897653275112
SLB,2016-03-23,54.74644609626462,55.10622238178994,54.43913170544332,54.68648147583008,5923600.0,-0.008869407587580043,0.012198456699787013,-0.001095315307391858,-0.0077433565316380615,55.29511260986328,55.24002265930176,54.931419931677056,-0.010020654533139842,2.6222734832763663,0.017522459656976852,1.456785780113957,0.015105551886875103,0.060349480656565584,43.487206467792575,0.5537943958779579,-0.19158690677292056,0.15739822387695312,0.7750354736128002,-156062600.0,-0.640054353668289,1.3964765966521095,0.27927859688758055,-0.33318363634253084,-0.008118352188735382,1.487972794988554
SLB,2016-03-24,53.899485181736274,54.46164081833239,53.592170688829825,54.401676177978516,8185200.0,-0.005221574020024451,0.01598241434065451,0.009317176120494888,-0.014391057403128679,55.25014038085938,55.24864330291748,54.88096814561053,-0.015330098158161255,2.5063157272338827,0.01756789762273884,1.4171656422320902,0.014921561029021086,0.059603351349668356,42.43453296898873,0.44841931864937123,-0.2375695872012058,-0.4497222900390625,1.058291905589998,-164247800.0,-0.5694928411649923,1.285863704821965,0.19369976512499562,-0.32054859541671477,-0.00047192927884811485,1.5962412948396651
SLB,2016-03-28,54.634018567480105,54.73895380300674,53.95193953655701,54.56656265258789,8008800.0,0.0030263240412713444,0.014423013438842634,-0.0012346870440968468,0.004270868212616583,55.08524131774902,55.26101016998291,54.85102476532266,-0.012566681558279488,2.379049720764158,0.017576134370315664,1.3175833326452324,0.014821918558046581,0.058653331552226,37.790614669119634,0.3739036427992417,-0.24966821044106824,-1.6489906311035156,1.0222144789466934,-156239000.0,-0.5815113873910756,1.287953684949796,0.2432451632512476,-0.32289520907538855,0.00025501400155540784,1.6083025467990155
SLB,2016-03-29,53.65210373154187,54.783905629312606,53.47220991642616,54.71644973754883,10450200.0,0.0027431011585329033,0.023972602739726075,0.019837917471654185,-0.01675859494518939,55.052259826660155,55.30898036956787,54.83820809601087,-0.010713099899145203,2.295253028869631,0.017398620445548213,1.2249603219575087,0.014845042842638347,0.05367078918220002,51.42847725710652,0.3232182096052867,-0.24028291490801867,-0.3298149108886719,1.311034053614621,-145788800.0,-0.7111659373927836,1.5981737453178493,0.11730587111151664,-0.29114139673432127,0.008449025354004039,1.6267234320294008
SLB,2016-03-30,55.218662632045785,55.93072973636579,54.91884520488693,55.7733268737793,8328700.0,0.019131351405703483,0.01814280388489036,0.010044869167324173,0.009178462727495203,55.14070625305176,55.323972129821776,54.927267027226904,0.00812224297458391,2.132487602233887,0.01642067504287779,1.2404881465457294,0.01468717694315144,0.054126083625816404,56.9983714787788,0.3641332889434423,-0.15949426845589043,0.8844642639160156,1.0448299502781526,-137460100.0,-1.0267711437236011,1.933992896779164,0.5111696165055024,-0.33534787664854865,0.004170963885949415,1.7209083460192354
SLB,2016-03-31,55.68335893103987,56.23801724506163,55.07623301594226,55.27860641479492,8608700.0,-0.008909772519441521,0.021016887082891917,-0.0072688236488428525,-0.001613099805629923,55.17068595886231,55.299236106872556,54.960727921281,-0.0003730556428982937,1.9370614242553685,0.016501674450781732,1.2576204469430887,0.01451202313437963,0.05360827523517769,52.357158192066606,0.3525747157544288,-0.1368422733159232,0.29979705810546875,1.0797884749980557,-146068800.0,-0.8794482134014046,1.6305265997773826,0.3268033867717493,-0.36219801439230404,-0.002559652921153331,1.7236649830345947
SLB,2016-04-01,54.24426613843554,54.86638061486947,53.787045823433125,54.056880950927734,21467800.0,-0.0223491264459239,0.01996664943388343,-0.0034544699531852087,-0.018711402899667644,54.98929901123047,55.196923637390135,54.874647257437836,-0.02065409829634312,1.6623012161254849,0.01712249681390315,1.259225485065119,0.014597967028254845,0.05544934863529398,37.899138351710064,0.24204132692743485,-0.19790052971433375,-1.8138694763183594,2.4802796406172103,-167536600.0,-0.6371659331931528,0.7959022015359626,0.0,-0.31396117900670056,0.00671655221617939,1.5618337998587395
SLB,2016-04-04,54.29674175937444,54.656518169996076,53.891989008517896,54.44664764404297,9265300.0,0.007184436758540642,0.014041804124956574,0.002760863355905619,0.004437192901759356,54.92334098815918,55.11484985351562,54.833885389495464,-0.012123814384845515,1.4057883453369087,0.017237041063914348,1.2072924731167523,0.014181767573609571,0.05461060479327304,46.3168382348117,0.18377528753168804,-0.2049332552880645,-0.6595802307128906,1.0839314846455812,-158271300.0,-0.6887778080480539,0.7569525440073447,0.12871435511504367,-0.34942147357008174,-0.0031998527024930373,1.4645020169991085
SLB,2016-04-05,53.974417818662516,54.82889360736614,53.93693850290471,54.46162033081055,9575200.0,0.00027495959930921805,0.016377682100597098,0.009026545015916272,-0.008673258057461308,54.75619277954102,54.98367919921875,54.79843157438261,-0.009494796929042528,1.1556862640380814,0.016649784048014617,1.1906956853461164,0.013364260090365924,0.04402675997532968,47.328916784998306,0.13722535375828926,-0.20118655124917068,-1.6714820861816406,1.1204404438372675,-148696100.0,-0.6773703283485063,1.0717567444325227,0.18749458723533696,-0.23975932556946927,-0.007430116509766249,1.325330472349278
SLB,2016-04-06,54.71646982426531,55.780816220999675,53.89197621719703,54.83639907836914,10080700.0,0.0068579507378121315,0.034445004331944126,0.002191830987799672,0.004679432817216191,54.722465133666994,55.00091896057129,54.80204752714323,-0.002991220607060944,1.0182231140136722,0.01326958049994384,1.2351328357625893,0.013027839863481399,0.04329110329227182,49.140281580120636,0.129087666376293,-0.16745939090493356,-0.3372764587402344,1.1703229948436225,-138615400.0,0.03461043666341403,-0.5760465966091405,0.3611099804259394,-0.2915825912535667,0.008789331737640713,0.8514042362667381
SLB,2016-04-07,54.34919661162498,54.67149933456726,53.73457347933292,53.97442626953125,7505800.0,-0.015843843433237154,0.01735869966557168,-0.006895600403660272,-0.008884654625988026,54.65125961303711,54.9731861114502,54.72322645498971,-0.018168127273796818,0.8832373809814484,0.013749260953835373,1.2254968771432446,0.01300653443142021,0.04586177102560299,38.51048388587911,0.052479537193917736,-0.19525401606984705,-0.7120552062988281,0.8686700464610821,-146121200.0,0.13603095575531338,-0.8212218949851129,0.0,-0.31205090562390236,-0.01002779841831891,0.9287738540709518
SLB,2016-04-08,55.04627175636783,55.66838620165596,54.73895731934034,55.353580474853516,6129600.0,0.02523099817006584,0.016790763566556552,0.005582734464666739,0.019858395186715307,54.74645004272461,54.99829521179199,54.78326017116721,0.0064599322886893665,0.7767843627929665,0.01488027444181506,1.253336522936473,0.013004796243548281,0.04619552572314908,51.39478636163001,0.1018788650431901,-0.11668375057645974,0.951904296875,0.7132314226288308,-139991600.0,0.1934723101550197,-0.9888388652841578,0.615384219838718,-0.4596811224225073,0.005871052688648634,1.0335290682139464
SLB,2016-04-11,55.73583867011475,56.148088281589025,55.368565382600046,55.37605667114258,7465100.0,0.00040596532558148136,0.014076894344757528,-0.0064551284695225615,0.006905753737735035,54.82739944458008,54.95632038116455,54.83971698068867,0.007637634526235206,0.6617304611206052,0.013738512441975775,1.156966591002489,0.012715600671358459,0.041882128295381967,45.185806917999464,0.14121400234937198,-0.061878890616222315,0.8094940185546875,0.8716171287693433,-132526500.0,0.21946801007410408,-0.7062952683850012,0.6493009137878021,-0.3257803697428419,-0.002940643805926371,0.8174294075189755
SLB,2016-04-12,55.593425144872356,57.08501506199901,55.361069387905516,56.890132904052734,8227600.0,0.02697460463762929,0.030303069901435973,0.023324840227081783,0.003925315141535748,55.04476776123047,55.04851379394531,55.03499468767572,0.03345447466576254,0.6916370391845703,0.014233051929027851,1.1896251927880566,0.013133982896426647,0.0523255767296529,60.19601702754037,0.29120386352112604,0.07048877644442539,2.1736831665039062,0.9480374624361645,-124298900.0,0.2390439436640002,-0.7233209048067158,0.9999999965702997,-0.3351118319488363,0.009628394214453278,0.9908494331163925
SLB,2016-04-13,56.95008639709244,58.126864684974535,56.74021026571346,57.991947174072266,8647500.0,0.01918224416240932,0.023911154683232287,0.018294279129188747,0.0010538469498888449,55.26662979125977,55.20366802215576,55.316609210189675,0.05050894717353639,0.75041416168213,0.014714258334330578,1.2362045204734156,0.01330946908448635,0.07054497585395493,68.29881123234651,0.4932927408108583,0.21806212298732608,2.2186203002929688,0.9860133760311237,-115651400.0,0.06634079886600376,-0.9978415244684065,0.9999999975109028,-0.18306900326571285,0.01141721546960485,1.0776583894942633
SLB,2016-04-14,58.059438310064515,58.209349923468565,57.392347356410646,57.83457946777344,5349700.0,-0.0027173016007887465,0.01412654115542016,-0.0038729076414798554,0.001163801860104186,55.522227096557614,55.34645652770996,55.55641590138813,0.04495541532668426,0.7609822082519528,0.014765304258154586,1.2163967904775344,0.013079769330987052,0.08202302065808223,69.27627872704568,0.6334493633609029,0.2865749964298965,2.5559730529785156,0.6163962532528248,-121001100.0,0.11168074695097545,-1.0250000247087607,0.9608296460313993,-0.19900075026237238,-0.00039657164313049533,1.1218801055402816
SLB,2016-04-15,57.834545452949996,57.834545452949996,56.92759645126286,57.15995788574219,6869900.0,-0.011733241196954663,0.015866859165642688,-0.011664093872002576,-5.881398940647008e-07,55.83253479003906,55.41091690063477,55.70913418561232,0.03156491686004539,0.7363293457031261,0.01473164739152588,1.2249659869104528,0.012985238354175708,0.08669462358469843,63.77383169920405,0.6822239202012028,0.2682796426161571,3.103076934814453,0.7924779253617968,-127871000.0,0.32956969239703665,-0.9097518059027713,0.7929097779382365,-0.13159487961648564,-0.0011447137022884827,1.1013839597486366
SLB,2016-04-18,56.02068574768528,58.089420250709104,55.795826906873025,58.05194091796875,5947500.0,0.015484526581429812,0.039509330912416506,0.036259020095401134,-0.0199312977160378,56.19306411743164,55.55820255279541,55.93225863631293,0.04488515197739907,0.7723468399047846,0.014624995008715825,1.2951015319782837,0.013709422483524285,0.09610080071852162,66.42078714250033,0.7838183143682187,0.29589922942653835,3.6052932739257812,0.7006286515004173,-121923500.0,0.11943976900193516,-0.9852645988908538,0.9999999975475257,-0.1146660780308307,0.007165044273908034,1.3138925098152199
SLB,2016-04-19,58.45668085706354,59.70841824207441,58.351745610685434,59.693424224853516,10334200.0,0.027883724480206498,0.022727338044449465,0.02115657867770535,0.006972031127550295,56.716244506835935,55.73621864318848,56.29046488284061,0.07099881689136882,0.7805189514160205,0.015319990166107175,1.3266870552131904,0.013047770115345294,0.11640654248298987,68.24843571645216,0.985427196793367,0.3980064894813493,5.231803894042969,1.197461440147206,-111589300.0,0.20511860602470897,-0.9821172664903632,0.9999999982514419,0.06136965324090522,0.0027468381624061768,1.3766200412230643
SLB,2016-04-20,59.32614442872619,61.387381245325045,59.32614442872619,60.78774642944336,12106100.0,0.018166362326438448,0.033908755261907016,0.02463672660327901,-0.0061527680962622615,57.31137924194336,56.01692218780518,56.71877741108849,0.08516755393385007,0.8839275741577168,0.014893470352747702,1.3909336686045823,0.013489673362257884,0.14055365422276464,74.2896374116672,1.2194492925433948,0.5056228681851017,5.951347351074219,1.3565990501868026,-99483200.0,0.03401841401572945,-0.9844143308735733,0.9999999985322868,0.07426349489822909,0.0013228233288312334,1.3065945682094031
SLB,2016-04-21,60.62284294428069,61.432348181755174,60.08317850450544,60.16562271118164,8294100.0,-0.010287091777390036,0.022424261836801258,-0.007542045389050597,-0.002712775104339036,57.930498886108396,56.290879249572754,57.04704839204974,0.06883430341227609,0.963566169738769,0.014965045497236755,1.3807628890251493,0.013718208228271954,0.15253971617532813,78.43678902256163,1.3392749764458287,0.5003588416700284,6.191196441650391,0.9172469431460837,-107777300.0,0.033717645987526114,-1.007651015914567,0.9086900787359089,-0.01493670594240825,-0.004131472462205935,1.3570052891386752
SLB,2016-04-22,58.25429036138435,60.72777065611164,58.25429036138435,59.91077423095703,9933400.0,-0.004244778647137281,0.04128606793148726,0.028435396934656222,-0.03176784787838778,58.38621826171875,56.56633415222168,57.31978418623139,0.05912421458557604,1.0487577819824239,0.014932056642887855,1.5028308271143713,0.014652707463582697,0.15859449839933468,75.75961281848204,1.3975633118335722,0.44691774164621745,4.557193756103516,1.0880200486429323,-117710700.0,0.027828823364534752,-0.9907732342283231,0.8712856307033578,0.015478301276757225,0.007560371711685599,1.197210850310652
SLB,2016-04-25,59.63345481089945,59.81334869187181,58.43419086379162,59.041316986083984,6684400.0,-0.01461887252817326,0.023359198244260974,-0.009929624682875815,-0.004628873914873962,58.75274429321289,56.79007186889648,57.48373969097925,0.039641526117181976,1.115991516113283,0.015552510906838169,1.544589988736084,0.01485709497628686,0.1588969494134128,69.98038808426334,1.3579457509442534,0.3258401446055188,3.6652603149414062,0.7375014825827557,-124395100.0,0.09852020964286357,-1.1957202714501591,0.7436742425415913,0.05479626305578404,-0.0023470593538913293,1.2836510792875147
SLB,2016-04-26,59.311153138147006,59.476053006017764,58.7789799309088,59.36362075805664,5452600.0,0.005444106878606214,0.011742428548116534,0.0008846164192327819,0.004570293581469765,59.00009307861328,57.022430419921875,57.66277598308186,0.04105735797113316,1.2150815582275385,0.015552255592340814,1.459463779543679,0.014582472956889898,0.15926369602029494,69.84230272793542,1.3371420283428108,0.24402913760326106,2.4734878540039062,0.6186508609612654,-118942500.0,0.06953778893340502,-1.1991874230445734,0.7909791928352767,0.05319212750931161,0.005078485611995166,1.3650458283290043
SLB,2016-04-27,59.79835598224749,60.8477141033449,59.66343842784151,60.41297912597656,7311700.0,0.01752237445080603,0.019603000756408112,0.010278261561430458,0.007323259913047867,59.242196273803714,57.25441303253174,57.92470009192897,0.05516720766397763,1.3143953323364244,0.01547253263442852,1.4867686185616817,0.014615195631991991,0.16563710962255007,77.76341580083576,1.389314229120565,0.23696107070481198,2.421031951904297,0.8343979609362028,-111630800.0,0.07238674330046342,-1.1731495928342024,0.944994906430233,0.10601954756578086,0.0040957217124907505,1.35856859791332
SLB,2016-04-28,59.95573883691475,60.952629005247296,59.53599801594938,59.798336029052734,6661100.0,-0.01022613307938158,0.023690140618789976,-0.002625316790610546,-0.007568577078583588,59.43857192993164,57.48039951324463,58.103141609750274,0.04032568554562688,1.4376951980590817,0.015532760028348183,1.4669594083597677,0.014687349754176678,0.1661760184359708,70.51890464030994,1.3653258860537036,0.1703781821103605,1.9637565612792969,0.7686950440628403,-118291900.0,0.07417558173929337,-1.1917829277905991,0.8547829273076142,-0.023845591834279093,-0.008737293959436789,1.3208777554217792
SLB,2016-04-29,59.9557405924963,60.9151514791041,59.25117643932242,60.21807861328125,8606600.0,0.006994781453392596,0.027632483103083957,0.004375527984350923,0.0026322565792982803,59.74438400268555,57.788459396362306,58.304564181515126,0.04204332910580905,1.6309254455566418,0.014265368064294123,1.529064210720208,0.014914186206688294,0.1605511770440932,71.56198411967694,1.3644560697311832,0.13560669263027192,3.0581207275390625,1.0728204322768546,-109685300.0,0.11514385074677153,-1.1995694110541857,0.9163891007679655,-0.019090150776053662,-0.006847001812118559,1.4295657219937947
SLB,2016-05-02,59.925782353516794,60.502931949565486,58.68154764730949,59.5135383605957,7388100.0,-0.011768794280203316,0.03060453726041507,-0.006879242568568625,-0.004853961908043824,59.89054374694824,58.04180393218994,58.4197045795228,0.025356455669868272,1.786379661560062,0.014764508526933624,1.536024112731815,0.015352639330793982,0.15226155505899025,62.589997861726964,1.2920225915465338,0.0505385715564981,1.4615974426269531,0.9318355385508943,-117073400.0,0.2249651908566651,-1.329619025776064,0.8129827973629349,-0.023041490013496813,0.008416800886330266,1.2357947167220078
SLB,2016-05-03,58.711536799640555,58.78648974175757,57.33237864680725,57.88704299926758,8861400.0,-0.027710245001647735,0.025119802629557687,-0.014043130963964562,-0.013475951574174225,59.70990562438965,58.21307506561279,58.36897490521278,-0.005600667306747462,1.9147763442993124,0.016387461266487192,1.592774490912342,0.015561658102284458,0.1404362209843466,49.52069182122467,1.090799893585988,-0.12054730112323808,-1.8063812255859375,1.1227116170257785,-125934800.0,0.01599748724711446,-1.0992585384589784,0.5742599249943658,0.0976063012722128,-0.01064132466381271,1.5227016173388508
SLB,2016-05-04,57.87202742597203,58.23180942009727,56.36544926079258,56.76271057128906,7859000.0,-0.019613971032490952,0.032880039387137856,-0.01916844638114618,-0.00025939437424260357,59.30740203857422,58.30939064025879,58.215997349601004,-0.026525402717925976,1.956375656127932,0.01711433632142989,1.6677286046442543,0.015488747733725198,0.1315608718406501,45.50022708332132,0.8310256784951235,-0.30425721297128216,-4.025035858154297,1.009924477336133,-133793800.0,0.1354032178162437,-1.265689624906502,0.40924016958295695,0.23227054353428195,-0.007109190116694039,1.6770235945111742
SLB,2016-05-05,57.534737448589,57.647169681107876,56.163076792648596,56.51536178588867,7306900.0,-0.004367114894640493,0.026259990939841125,-0.017717568688154783,0.013600951567144368,58.94237594604492,58.43643741607666,58.05403205781888,-0.03287461924671457,2.0356014633178674,0.016683030033094584,1.7089507383548757,0.0157092395497665,0.11538210727618398,47.19325492202332,0.5982969666570099,-0.42958873984751667,-3.6502609252929688,0.9401781434862468,-141100700.0,0.09808537382523007,-1.1351423902180888,0.21379201861068747,0.35760076132982666,0.00011340393247125045,1.682842112461055
SLB,2016-05-06,56.23804220329831,56.97259466289149,55.915739448355716,56.305503845214844,8083800.0,-0.003720201605159905,0.018770016114962627,0.0011995730874246864,-0.004906977038225427,58.5818489074707,58.48403358459473,57.8875055613804,-0.03724999125152218,2.0416728210449193,0.01580922802264913,1.6206123005477109,0.015747723174095847,0.10981021212730524,41.91528512598097,0.39240065337786945,-0.5083880425013257,-3.6052703857421875,1.0272271487451292,-149184500.0,0.23842969139571565,-0.8481702533814092,0.1717480516929379,0.3856166443073621,0.003833138949888259,1.5443608581047858
SLB,2016-05-09,55.083745238983845,55.68338009507849,54.22926928610115,54.54407501220703,10161700.0,-0.03178319895250132,0.026659372418579075,-0.009797268221966837,-0.02169874209082015,58.132124710083005,58.44243450164795,57.56908360431627,-0.0667042624538681,1.9955767440795924,0.01737895958090452,1.650594960191142,0.016034113962046338,0.11624390727485591,26.424127513297194,0.0861012343194929,-0.6517499692477619,-4.497241973876953,1.2695198182491678,-159346200.0,0.11041505680342087,-0.8581314779240399,0.0,0.41282372473068724,-0.00028167450138594344,1.622564604844873
SLB,2016-05-10,54.96381565864997,55.8707591328819,54.78392179046591,55.660888671875,7380900.0,0.02026863139274178,0.01952605084735487,0.01268239849929937,0.007695439813563631,57.76185150146485,58.38097229003906,57.38735075360758,-0.046591954732281164,1.8960376739501967,0.016857658712852004,1.5981269104822857,0.015719230009782953,0.12181414998741129,26.57534599938161,-0.06576760530338532,-0.6428950470965121,-3.7027320861816406,0.9270123322820939,-151965300.0,0.036682807473440396,-0.8798798313215913,0.17887130555848457,0.1426151213918671,0.012843700352568018,1.5057346156283422
SLB,2016-05-11,55.47348557450043,56.1030967539034,55.06873307979595,55.32357406616211,5815800.0,-0.006078610213076975,0.018696616976886665,-0.002702399295551572,-0.0033668721762479454,57.2529109954834,58.24755363464355,57.19080059289849,-0.05019918238664644,1.7656173706054688,0.016189811142811195,1.5756407674006943,0.015582874475652866,0.13077063705659409,27.28547510466855,-0.21091196266817036,-0.6304315235690378,-5.089405059814453,0.7436661213012814,-157781100.0,0.18622045850068003,-0.5704468075095926,0.12484626441979703,0.1263990705325214,-0.00799014930512023,1.3461541725306538
SLB,2016-05-12,55.64590240744824,56.09562570346485,55.1661967958916,55.533470153808594,5058100.0,0.003786792980918337,0.016736373667970837,-0.0020204947493959076,0.005826238574186375,56.82642440795898,58.13249816894531,57.032959598699456,-0.04470869302026886,1.6553590393066386,0.01624483609170277,1.465351382603977,0.015628716190352474,0.13746211284833476,29.378666515231785,-0.3054816491939292,-0.5800009680758373,-4.264865875244141,0.6479871225033997,-152723000.0,0.12053990914751321,-0.6243364707203974,0.158463678483399,0.12139818951278958,-0.00016465971549877825,1.343447730112913
SLB,2016-05-13,55.13620536137423,55.69086952931604,54.28172952470185,54.28922653198242,6090400.0,-0.02266010397008305,0.02595616284538602,-0.015361572742275825,-0.007153610090168625,56.2335391998291,57.98896160125732,56.77165168758355,-0.06380067804481401,1.5481005477905256,0.016754096502822887,1.4605339995646038,0.01586178720522061,0.14949377499775088,28.376627569586347,-0.4753493375384892,-0.5998949251363178,-5.928852081298828,0.7841491253255808,-158813400.0,0.12116017438607961,-0.7984975536285154,0.0,0.13453623525884298,-0.008093375766600604,1.421762379165968
SLB,2016-05-16,54.941342409124374,55.803309746158966,54.73146618352857,55.46601867675781,5407100.0,0.0214447562948107,0.019324328448321427,0.009549753330131645,0.012011883734570855,55.82878723144531,57.85966548919678,56.64730568655253,-0.041369869531753416,1.4312465286254863,0.01714861011547386,1.5188918666408593,0.015136504209256694,0.15480446007082196,33.544434068895,-0.5091443144356163,-0.506951921626756,-4.047519683837891,0.6986034649160774,-153406300.0,0.14848263812822732,-0.8637292540591576,0.18108617985832712,-0.08583735400205764,0.011369572490123585,1.4574845693979839
SLB,2016-05-17,55.64590093797644,56.39544165105791,55.54096569562838,56.125606536865234,7226300.0,0.01182159575656464,0.015224351381722333,0.008620681681899216,0.003243107500953676,55.65264358520508,57.681274604797366,56.59762005324898,-0.026970070938805962,1.2720441818237305,0.015970170981298583,1.4792725544274192,0.014959645355962076,0.15447251222469013,31.282813933775103,-0.47720295063491847,-0.3800084462608465,-1.7614364624023438,0.9527752415295719,-146180000.0,-0.009228975393087927,-0.9132588825583893,0.2825843470563918,-0.16063847261178038,-0.009364040600404546,1.1262447237989086
SLB,2016-05-18,55.84077387003732,55.99067970039288,54.454124924355305,54.8438835144043,6077900.0,-0.023101485348993114,0.028016884975587346,-0.017852373571203773,-0.00507491472080269,55.4607608795166,57.38408145904541,56.43059752573996,-0.04426659589304457,0.9678054428100609,0.015733385168081638,1.4974761703711346,0.014721358562651452,0.15247558624077573,29.561037084038347,-0.548985166535715,-0.36143252972931444,-1.9188270568847656,0.8345250248350111,-152257900.0,0.1662291820938838,-0.8434018389361189,0.09057468815120111,-0.19534204638996738,0.0004791082195840337,1.0668060834940079
SLB,2016-05-19,54.39416420240265,55.73584263882394,53.96692626488066,55.61591339111328,8874800.0,0.013978704828105391,0.03180593945304021,0.022461034315454487,-0.008199990284851591,55.37081604003906,57.15659599304199,56.35300856053742,-0.026955464634672514,0.7185833740234315,0.01623979712983668,1.5049719799541061,0.015052704606794014,0.14825308825416766,31.550609469269006,-0.5373821242528649,-0.2798635899571714,-0.8994483947753906,1.2137142544549446,-143383100.0,-0.0018936311876664562,-1.07256174932307,0.21664605756044825,-0.2521919920566825,-0.004226191102052117,0.9784528354745915
SLB,2016-05-20,55.96819087577593,56.32047584533818,55.60091761153764,56.1855583190918,7389400.0,0.010190382090112613,0.012806818252369945,0.0038837675457175777,0.006334113083521521,55.35882148742676,56.97033519744873,56.33706091849498,-0.01377518449974085,0.5056393814086917,0.01653919493423698,1.4262701179215738,0.014084821344620756,0.14219501969220458,36.51275553428293,-0.4767256481611639,-0.17536569109237632,-0.11994552612304688,1.0284624699021558,-135993700.0,-0.11201017995199519,-1.2004168612962245,0.3096682556823926,-0.19368868608013967,0.007096552512494715,1.0984987410244658
SLB,2016-05-23,56.60531464176039,56.71025560729617,55.75083864850186,56.223052978515625,6250900.0,0.0006671136736154922,0.017064476366321243,-0.006753105528411809,0.007470893504068951,55.52671928405762,56.82942199707031,56.32620301944932,-0.010669983914070905,0.3645761871337925,0.01633368495494171,1.3390027782791347,0.013921882330065976,0.13872109262884583,42.25943753977152,-0.420778970150522,-0.09553521046538749,1.6789779663085938,0.87263767367352,-129742800.0,-0.2505156786534862,-1.0579136076914293,0.31579107968403053,-0.16688368191295036,-0.000525241748073104,1.0810273791760014
SLB,2016-05-24,56.59033182114206,57.0025815589118,56.29801135928447,56.68027877807617,6500600.0,0.008099465126422914,0.0124306057559451,0.0015894403520798856,0.006532531109023565,55.628658294677734,56.69525489807129,56.35992452027093,-0.0002641512066934561,0.1977288055419919,0.01641140897598363,1.2613719512142407,0.013932044722443004,0.1325282604892254,49.591168992942656,-0.335677047867847,-0.00834663054617002,1.0193901062011719,0.9009060199220442,-123242200.0,-0.2652526357755152,-1.086230384259281,0.3904553956889467,-0.1999316037431814,0.013790752185390203,1.013084010670813
SLB,2016-05-25,56.965076744400115,58.46415771135801,56.90511213327218,58.39670181274414,7489300.0,0.02983307916397786,0.026697493688686243,0.025131627133018128,0.005024639477145659,55.935971069335935,56.59444103240967,56.553903310030286,0.03184519093142698,0.02675815582275476,0.017424982310670977,1.282785240130138,0.01415308250400446,0.12124417250898972,58.14399343700956,-0.12825373792507833,0.15926134351727894,3.0731277465820312,1.036652338118667,-115752900.0,-0.05061436426795269,-0.8623089080710564,0.6927943584205518,-0.0858510732014519,0.006498875168427972,1.100307743463408
SLB,2016-05-26,58.74899211416429,59.19122405644533,58.224315964211684,58.37422180175781,7932200.0,-0.00038502754912269607,0.016563956869820377,-0.0063791785853653665,0.006032708877117882,56.22004623413086,56.52323532104492,56.727266975909096,0.03274735549371013,-0.1123558044433608,0.01730711218496327,1.276360445679986,0.0139724431202311,0.11331270691055241,59.10279014679895,0.03392570617277357,0.2571526300921047,2.8407516479492188,1.0883829167158339,-123685100.0,-0.13870013464777523,-0.780291434583949,0.689002728836923,-0.06153514258481592,0.0006714170789789023,1.108874653713894
SLB,2016-05-27,58.12526743280764,58.27614187332536,57.61982597054222,58.215789794921875,5050300.0,-0.002717764621245919,0.011273846925295596,0.0015573668064216414,-0.0042647997911755674,56.61270256042481,56.42312088012695,56.86903105391031,0.03177188512141177,-0.25937103271484574,0.01720446059128407,1.1819433936872643,0.013553934939861676,0.09989485032991849,68.809818991367,0.14796430477907307,0.2969529829587234,3.926563262939453,0.7102849479870244,-128735400.0,-0.05299200897481362,-0.7313621525345242,0.7515943504593139,-0.04714785432586094,0.004723234273230503,1.208041172367749
SLB,2016-05-31,58.14036323742099,58.54018575806101,57.189837972461305,57.55949020385742,5780000.0,-0.011337595057888561,0.023460037273040454,-0.009990873830483771,-0.0012956374510521957,56.82204971313477,56.32541847229004,56.93478906819099,0.021909677105630368,-0.4061386871337902,0.01719148268285512,1.1836336554676095,0.013292166972935988,0.08815122772518011,60.20798816653,0.18327019893238372,0.26580710168962723,2.0934715270996094,0.8222093248210486,-134515400.0,-0.05579056224589613,-0.7239295666194427,0.7961736688301635,-0.10109057224696015,-0.0014828125399950498,1.3693307812784523
SLB,2016-06-01,57.559496538514395,57.58966683107865,56.51090332938001,57.22756576538086,5542200.0,-0.005783323926642801,0.018850417404111062,-0.005766742120675658,1.1005408405737186e-07,56.93224563598633,56.2924446105957,56.96267256316145,0.0166118412737958,-0.46100181579590327,0.016131596463188267,1.1868050717241232,0.013107897913889409,0.08568653563775222,60.242905773968175,0.18236465995542517,0.21192125017013497,1.101959228515625,0.8074441860871694,-140057600.0,-0.05240701023254934,-0.3998956776008133,0.715363824587617,-0.20839124540575463,0.0030655650172126407,1.212503011996323
SLB,2016-06-02,56.93336864547496,57.114419216975,56.28459786248142,56.918277740478516,4827300.0,-0.0054191860574598835,0.014579171883541351,-0.0002650625697280006,-0.005140828829100288,57.13968505859375,56.30022296905518,56.9584444848107,0.01097783878694487,-0.48811550140380433,0.015558147014845519,1.1877721428188512,0.012511726743036734,0.08593680189330752,57.37102498179675,0.15490441335784766,0.14756880285804597,2.0743942260742188,0.719172801552971,-144884900.0,-0.10451458769103715,-0.06333789352186767,0.6400650088898148,-0.22916060111735906,0.002479315221970665,1.1098829981330194
SLB,2016-06-03,57.10683799549454,57.40859259598594,56.47315851440385,57.05403137207031,4342200.0,0.002382222433656258,0.016395582557204032,-0.0009246987800023317,0.0033128243246531553,57.28349685668945,56.327156448364256,56.96754799788304,0.012904520120279648,-0.5085330200195344,0.015526025747612837,1.1539360054594157,0.012212416633566297,0.0866761518641298,66.6854061142167,0.14245403220914454,0.10809473736747427,1.4381179809570312,0.6615113207374704,-140542700.0,-0.17587469801565092,-0.020032672869559526,0.6731153919066343,-0.2361905518763053,-0.002013036525601569,1.076584712551512
SLB,2016-06-06,57.75562489533107,59.80754985911574,57.49913715260395,59.664215087890625,8019200.0,0.04473369076458276,0.0386900708089647,0.03304596212089201,0.012297001743582418,57.63136253356934,56.49509201049805,57.224373435026614,0.056095546791988284,-0.4458482360839824,0.01846576161592832,1.2424670963786215,0.013067561617739837,0.10127860021074324,71.599014618997,0.3392958359078335,0.2439492328529306,3.478656768798828,1.2222843756049158,-132523500.0,0.3023585497929747,0.4553123823550144,0.9999999981395309,-0.23611380724086142,0.00576567472024554,1.291192862020212
SLB,2016-06-07,59.93578922178403,60.629826675908014,59.80754536006767,60.42613983154297,8546400.0,0.012689361570955883,0.013608039800866192,0.008181265586484018,0.004551708817309501,58.05167121887207,56.78919525146485,57.52930356802817,0.0640428969625927,-0.26893653869628764,0.016695870440022957,1.2450519973584282,0.01270814422645643,0.11287521514076918,71.8949640528093,0.5504303244997786,0.36406697715590053,4.203086853027344,1.3188756594262558,-123977100.0,0.4872001257962493,0.6911986066108993,0.9999999983705163,-0.0518581389223951,0.003206114289732592,1.2195482732789222
SLB,2016-06-08,60.9014037036666,61.41438489259368,60.358246473568364,60.96175003051758,6979900.0,0.00882482882900405,0.01732460794673072,0.0009908856476380764,0.007865203262173995,58.47981834411621,57.05423831939697,57.85620323112239,0.06848766763383733,-0.1287994766235343,0.016337139378641737,1.2010989121095272,0.012647689393281026,0.12819469192437444,83.70831340100098,0.7523031126367385,0.4527518122342884,4.281471252441406,1.0804773673126147,-116997200.0,0.5919426013489102,1.114611969640788,0.9999999985013166,-0.012339675659952015,0.0027420707836657014,1.1940325451611469
SLB,2016-06-09,59.95089484910778,60.441245579334954,59.83019065160877,60.32054138183594,5030200.0,-0.010573919993539451,0.010130130030798946,0.00616582177227761,-0.0165817940085998,58.67220230102539,57.304086685180664,58.09090210261892,0.052639434133680295,0.03010459899902429,0.016520831229149702,1.1555734124642083,0.012473217882953525,0.13393492022176107,76.30078290940669,0.8507417511667441,0.44095236061143517,1.9238395690917969,0.7834305574050323,-122027400.0,0.5879121648682861,0.9876276544127776,0.9039031248280446,-0.02667962081579553,-0.001792957137638302,1.2652775364805797
SLB,2016-06-10,59.36246824978447,59.9659718892128,59.03808295722584,59.241764068603516,5585100.0,-0.018045931530611133,0.015662749861946105,-0.002033341684396569,-0.015883032713296694,58.75895652770996,57.48950138092041,58.20050800414126,0.03047969882488226,0.13625614166259936,0.01726145369596466,1.1957805689506051,0.01244720363932466,0.13343798997404518,66.16522480946742,0.8321146680344853,0.33786022198334104,0.8675422668457031,0.8662984899377005,-127612500.0,0.5981764174287137,0.6152732481937816,0.7422285631944282,0.03587755871298682,-0.009759764084902171,1.3836145031596705
SLB,2016-06-13,58.849474690996566,59.55105176987531,58.5175440176158,58.570350646972656,5115400.0,-0.011398160406455292,0.017645579048841314,-0.0047430167472100266,-0.006621838221303955,58.79441261291504,57.70355758666992,58.23573111298234,0.015021483883395267,0.2600429534912152,0.01655410278561651,1.201072768483834,0.012190793084259171,0.12307442737086115,61.635325493375774,0.7544779662134715,0.20817881612986178,0.35456085205078125,0.7994892421231461,-132727900.0,0.7465653377159522,0.8595720680842548,0.6091121989442628,0.20438682500901245,-0.007689712457174469,1.2495824593495664
SLB,2016-06-14,58.22332855904041,58.75894024352361,57.800875569699365,58.43455505371094,5361900.0,-0.002321195909182827,0.016395515854337007,0.00362786704055121,-0.00592487639392649,58.88191909790039,57.85198440551758,58.25466672638506,0.010070020141570091,0.32871162414550525,0.016062548956642372,1.213825346585839,0.012112219975417544,0.11761618056797249,58.981996280426614,0.6742207540284042,0.10233728315583557,0.8750648498535156,0.838310995415157,-138089800.0,0.9843895570879159,1.6346159396669284,0.586915638643038,0.18892689886802005,-0.002089467368739282,1.172191763066198
SLB,2016-06-15,58.22334762639217,58.75895948628094,57.88387718528408,57.97439956665039,5384800.0,-0.007905884651527145,0.015094288298593337,-0.00427574280577663,-0.0036144268938923976,58.95660247802734,57.944424057006835,58.22797461593414,0.0005173148259108698,0.3508956909179659,0.016077353223816187,1.1489113014226267,0.012106298182572821,0.114030048294889,47.51856859531401,0.5669501842144413,-0.003946629326501916,0.7468338012695312,0.8541878172588833,-143474600.0,1.1592485838382685,1.9426332069882148,0.5117006130950899,0.26526572596863474,1.654483968977958e-05,1.5949253621342465
SLB,2016-06-16,57.446339236430255,57.69528732251753,56.518444440783504,57.58966827392578,6033100.0,-0.006658344955975178,0.020434965454851402,0.0024950073303301548,-0.009108508827470477,59.02374153137207,58.08171329498291,58.167183535742865,-0.00847159963340188,0.43311954498290817,0.0151554592592579,1.1838432323964294,0.011843041771831707,0.10236718097985913,45.57823538770473,0.4457545043512283,-0.10011384735177198,0.6713905334472656,0.9573674655969127,-149507700.0,1.445180620405812,2.504910675138201,0.36921346690090906,0.37522272053493994,0.0037370070951858792,1.504144810158279
SLB,2016-06-17,57.99703210771023,58.68352421872738,57.49914172701537,58.464752197265625,6583900.0,0.015080864734544138,0.020258060578377007,0.008064552142715812,0.0070735575667291856,59.1648136138916,58.224155235290525,58.19552340826884,0.004132253374957875,0.48575496673583984,0.015202203698771623,1.2145565652890309,0.011357635697685711,0.09409107811324066,51.2982817420974,0.4155280652450415,-0.10427222916636703,1.4107208251953125,1.0641136601847518,-142923800.0,1.427788815508078,2.4155496244641417,0.47719899265129306,0.3227341501318699,-0.0012085764952964487,1.6355955874896297
SLB,2016-06-20,59.5057866239719,59.68684286334928,58.47982428946453,58.532630920410156,5257200.0,0.0011603461368409021,0.02062129371095571,-0.016353967551278593,0.017806188987062262,59.05165519714355,58.341508865356445,58.22762888561564,0.003275918960114527,0.5395275878906247,0.015097464738305857,1.2053953424664559,0.011555995878594775,0.08800430251773622,55.406500015895055,0.3925258465352499,-0.10181955830092693,-1.1315841674804688,0.8645850207339566,-137666600.0,1.5503863240932356,2.8007617225967607,0.48738670391367156,0.3185481729846725,0.006479915634707271,1.5565790564558535
SLB,2016-06-21,58.46475711716533,59.573702463363325,58.22335447928836,59.23422622680664,5634800.0,0.01191512831107397,0.022796752318575243,0.013161247007308556,-0.0011595891416041235,58.932463836669925,58.492067527771,58.3234952990624,0.01268819397917979,0.6129228591918974,0.015250150743106988,1.2247942340647644,0.011737579438724428,0.08176118289021883,60.70858569490564,0.42599865293914974,-0.05467740151762168,-1.1919136047363281,0.9314026909980495,-132031800.0,1.3962422722359233,2.2957367867562213,0.5965116410180321,0.316146704379084,0.003849730452489555,1.5886620371630313
SLB,2016-06-22,59.60387584544269,59.70194368424129,58.99282094918065,59.04562759399414,5274000.0,-0.0031890264750211133,0.012009741685475365,-0.009365972321936342,0.006240473492819261,58.74085159301758,58.610334968566896,58.39226980334161,0.007426891957889252,0.6880804061889663,0.01524873451974362,1.2080910077905647,0.011728424067132684,0.07654922078428344,61.50079150536153,0.4323241954763688,-0.03868148718432213,-1.9161224365234375,0.8806923972233308,-137305800.0,1.5143674657793715,2.564694853242894,0.5261195565739559,0.2938500821864012,-0.0033071252465929324,2.0613869070226905
SLB,2016-06-23,59.58879451854975,60.04142379760742,59.36248275676768,60.04142379760742,4734400.0,0.016724226558602086,0.01130787709379393,0.007595879103021174,0.009199104941190516,58.71293983459473,58.69257106781006,58.549332088509786,0.022981660289493486,0.7293269729614238,0.014205585744313643,1.21240258793565,0.011256717724125493,0.07937129359995494,64.77626550548709,0.5117900676045863,0.03262750795511632,-0.2791175842285156,0.8091988599703456,-132571400.0,1.6415889089801496,3.902319251931281,0.7723920990132008,0.3061140818307574,0.015672331212797836,1.4879374030106265
SLB,2016-06-24,57.808422156077036,58.66841913293361,57.50667327369936,57.831058502197266,9561500.0,-0.03750874494553806,0.020088614826064517,0.0003915752285906332,-0.03719101747249652,58.5718692779541,58.66541290283203,58.480925080289545,-0.014222253954245803,0.7022392272949247,0.016592763369152348,1.1967763048544096,0.011359384728094175,0.08036686727082848,40.559435064253854,0.3918918519161352,-0.06981656618666787,-1.41070556640625,1.6117993523471097,-142132900.0,0.6785718768766804,2.777489021753272,0.2257418114895784,0.12051395568962683,-0.03655094861267621,1.1550278018800806
SLB,2016-06-27,56.888085282460274,57.10685152024994,56.224223853057204,56.631591796875,7036800.0,-0.020958987237481852,0.015585429248722627,-0.004508738241263257,-0.01630565381578073,58.37799339294433,58.586203002929686,58.304798100916734,-0.03336299513994691,0.6335966491699239,0.01720692117617105,1.2425779520774576,0.011449789364593678,0.08608584526572685,31.301154431209724,0.19780454573091788,-0.21112309789750816,-1.9387588500976562,1.16667205503095,-149169700.0,0.6859030350128129,2.2205157180722277,0.0,0.23515798944729088,-0.019789711837401566,1.1678209251392897
SLB,2016-06-28,57.30299016153438,57.883868884296085,56.97105946281341,57.80842590332031,5555300.0,0.020567553476214535,0.015790248691588207,0.008820407807012019,0.011855544641364475,58.31538047790527,58.59864978790283,58.2575245582885,-0.01348535994332162,0.6509137344360312,0.01770853974968647,1.2565878569628697,0.011217507581462156,0.08542073969303857,35.38463279337438,0.13736616281527603,-0.21724918465052007,-0.626129150390625,0.9227643896961603,-143614400.0,0.44976715725340766,1.4916601261976998,0.2717762354697103,0.13629095002240402,0.020195315884989413,1.135334226201903
SLB,2016-06-29,58.48739327237068,59.513356019703224,58.38932541986589,58.71371078491211,5854500.0,0.015538731480544573,0.019144260936853945,0.003869509305834284,0.011745128126925379,58.38931159973144,58.672957038879396,58.30097086558599,0.0006945916498755656,0.7448152542114244,0.017964413450145655,1.297542909639591,0.011222333185160908,0.08242939291519022,42.73044229221958,0.16066518484237235,-0.15516013009873902,0.7393112182617188,0.9699472903355675,-137759900.0,0.27020811786037496,1.1391585364494128,0.4808413159251213,0.1734244203741633,0.018021863732524363,1.1095759173143207
SLB,2016-06-30,58.81176148718769,59.70193461850868,58.72877880715416,59.656673431396484,4941300.0,0.01593274534705134,0.016312606040188034,0.014366377113068833,0.0016699796515122537,58.596012115478516,58.80987682342529,58.43008539566318,0.014398884230172283,0.9043564987182577,0.018174230357938453,1.2765261531386247,0.011267150721578537,0.07847084902131016,51.900470863034556,0.25231055355931176,-0.0508118091054397,2.067005157470703,0.8178800465771042,-132818600.0,0.0974635520329437,0.8984958855059723,0.6986076407167863,0.20111782491368652,0.0136980045915951,1.1128705200425737
SLB,2016-07-01,59.701937891325436,60.2828166834035,59.60387006204241,59.98860168457031,4050100.0,0.005548553495755514,0.011317927111071907,0.004801582718582547,0.0007587493121118161,58.74839706420899,58.95660533905029,58.57851551841624,0.01750433797171954,1.05462543487549,0.018186989045809177,1.2512003580744522,0.011153251754254918,0.07491617785833879,56.70474218772542,0.34771575376383623,0.03567471287926782,1.5238494873046875,0.6719938144911474,-128768500.0,0.06840332799509738,0.882530888956953,0.7752626344831587,0.24734356302099492,0.0005916243394456771,1.115020754820605
SLB,2016-07-05,59.39265507141925,59.566160168982854,57.99704006187858,58.562828063964844,5656900.0,-0.024054410322333023,0.02679378983184376,-0.013971879291413119,-0.009934330796451077,58.751416778564455,58.901535987854004,58.577021475135155,-0.00575040902089556,1.026515007019043,0.01603566527156374,1.3250215687078442,0.010454957038152775,0.07432572520918496,50.54048580392964,0.30476391804939595,-0.005821698268137998,0.0301971435546875,0.9573565187958791,-134425400.0,-0.5617868770500181,-0.44481259266911544,0.4459966953690972,0.13393348689764317,-0.007818429504531753,1.0881037008582086
SLB,2016-07-06,58.411935881269166,58.9249170780743,57.95930676773321,58.8871955871582,4562800.0,0.005523512687218455,0.01639762771368359,0.008136345743703349,-0.0025765863378535443,58.71671371459961,58.824588775634766,58.6065618667564,0.001064296628782713,0.9526502227783169,0.015793076987545583,1.3314878550895746,0.010529331311118382,0.07031598735711425,53.89063985712447,0.29351457376377255,-0.013656834043009158,-0.3470306396484375,0.7991320026726472,-129862600.0,-0.545117038970757,-0.3538340554377075,0.5209056259306043,0.06395614223997888,0.0034712026603907656,1.0806404566455106
SLB,2016-07-07,59.068262237544495,59.76229405086895,58.095106306571246,58.61562728881836,4922500.0,-0.0046223363017159685,0.028442717777000446,-0.007662912900769839,0.003074805118173736,58.67371368408203,58.707282638549806,58.60742524028611,-0.0015612262331362236,0.8503039550781253,0.015629082169353586,1.3465758992632044,0.010948827352363966,0.06157564537956448,54.415574138413945,0.2596925215497663,-0.03798310900561236,-0.43000030517578125,0.8779478581906872,-134785100.0,-0.43475996593040617,-0.33804184124290443,0.5378320957959222,0.08053624292318688,-7.617831334507482e-05,1.0740492975871454
SLB,2016-07-08,59.08333719686434,59.57368780311591,58.932462743629145,59.400177001953125,4217400.0,0.013295867880529923,0.010795002504212746,0.005362591554926561,0.007979269858214141,58.6095890045166,58.661264419555664,58.68292540806392,0.012596260747341353,0.824541778564452,0.01584327717123317,1.3304100437336004,0.010960236241318163,0.057164107413354676,54.05754856661392,0.29281946605895115,-0.003884931597141983,-0.6412467956542969,0.7576823264048895,-130567700.0,-0.6077882665248303,-0.27287391353432866,0.8119418189412332,0.03814263501946901,0.016741197550101797,1.0552682158408124
SLB,2016-07-11,59.59633543599664,59.75475538383822,58.81177539276232,58.85703659057617,4702800.0,-0.009185811402356516,0.016021533629623576,-0.012405105783969547,0.003302320699096035,58.71218681335449,58.6420280456543,58.69950742544604,0.0036664582056146248,0.8241313934326229,0.015458710418741103,1.3104735669473324,0.010968322115598903,0.0565237448974674,51.351438969994405,0.2721092106664571,-0.019676149591708825,1.0259780883789062,0.8516371578049535,-135270500.0,-0.6771986697581025,0.047454138003194285,0.6526552588797924,-0.03648497660383421,0.003658101682958523,1.026962521385935
SLB,2016-07-12,59.70193257809511,60.4714072656549,59.36246217537209,60.086669921875,6356300.0,0.0206766238427079,0.018455758851749854,0.006444303009397908,0.01435505483220707,59.057694625854495,58.717844009399414,58.83161813939166,0.023311923923100233,0.9025755310058585,0.01591124987379067,1.3293323305904587,0.010997926238320256,0.06055652267154785,53.40153771917674,0.35087267562590085,0.04726985229418795,3.455078125,1.1382824315043656,-128914200.0,-0.8033990963620442,0.18018503353753845,0.9999999971057094,-0.08448819973057502,0.008976829189352515,1.0485967309934054
SLB,2016-07-13,60.08668100203903,60.44878206431723,59.075803545902765,59.505802154541016,5328900.0,-0.009714195635715872,0.023073019246908653,-0.009667347868295494,1.8440303054504798e-07,59.22743225097656,58.77140636444092,58.89582614083446,0.012495800858432988,0.956292610168461,0.016085530917116852,1.376750600830017,0.011207132060636603,0.06146728460216103,51.78051143505397,0.3622463641614857,0.04691483266381824,1.6973762512207031,0.9545783090444813,-134243100.0,-0.7197348141809882,-0.047960378971008535,0.8318799880530099,-0.1335555106066322,0.00016913408698456743,1.0554579894534497
SLB,2016-07-14,60.17717711523364,60.29788125361947,59.581219137296436,59.6717414855957,3817600.0,0.00278474338741547,0.012010075430696668,-0.008399124948484623,0.011282512568253652,59.32323532104492,58.85627346038818,58.96972284033553,0.013855243923255756,1.005465736389155,0.01595091841515528,1.3621993790775295,0.011140814054212515,0.06144067434581252,48.47146267662327,0.3802665355579862,0.05194800324825494,0.9580307006835938,0.693591419495086,-130425500.0,-0.8393122140801118,0.19379878330046996,0.8799076518484301,-0.15290551568403307,0.005597950861876263,1.0488844363340124
SLB,2016-07-15,60.2149090213276,60.32052228295316,59.61894518473128,59.860347747802734,4723400.0,0.0031557453724739464,0.01172023091442256,-0.005888263874969616,0.009102592319398169,59.34360275268555,58.96980743408203,59.0545442600943,0.015101631707313524,1.0570469665527327,0.015835802792588755,1.2312584200999457,0.010905360113114916,0.059612469962619874,60.07499151525436,0.40509689548278516,0.061422690538443125,0.20367431640625,0.8684923749039278,-125702100.0,-0.9527091839638963,0.43607909957885527,0.9344957841098822,-0.13243142845698963,-0.001502698964765376,1.04599789045312
SLB,2016-07-18,59.45299226446317,60.131938913539024,59.2040499560456,60.124393463134766,4333600.0,0.004401328684266047,0.015432820258924644,0.011292975729211742,-0.006805097174774053,59.35718193054199,59.052789497375485,59.15643466038387,0.018146542693074745,1.0678483963012653,0.01554579235389485,1.1827622992680429,0.010760638058905035,0.06140622456528958,69.11663813978271,0.4409978682083846,0.07785893061123406,0.13579177856445312,0.8136527537478139,-121368500.0,-0.9264723615026011,0.535599319869658,0.9999999971369689,-0.13308055174549405,0.002522398035352302,1.064966601378762
SLB,2016-07-19,60.04142441789208,60.577042163944895,59.98107806742289,60.20738983154297,5780700.0,0.0013794590140187545,0.009898520732911337,0.0027641818171360824,-0.001379956461324753,59.52163810729981,59.13652744293213,59.25652562906569,0.018108306911396577,1.073548622131348,0.015545605937697488,1.1358827999181085,0.010489388661367949,0.06310420921626764,64.9158426127356,0.4707205871318507,0.08606531962776015,1.644561767578125,1.0800443922963672,-115587800.0,-0.9288571589652971,0.539029285218345,0.9999999972034215,-0.13388955535625813,-0.0007100449060358261,1.0680176625753983
SLB,2016-07-20,59.92070561555947,60.97684408932525,59.498252528249814,60.8033332824707,5937900.0,0.00984951173637298,0.024317606967473666,0.014729927791138082,-0.004761611768681981,59.71325187683105,59.21498279571533,59.40384064367569,0.02682345602015954,1.0268188095092725,0.015478528008137534,1.1197157602532886,0.010555276107216344,0.0678746279257042,63.512256152249996,0.5361829289592066,0.1212221291640928,1.9161376953125,1.1062826098499563,-109649900.0,-0.9272930741486058,0.5700207625118286,0.9999999976029196,-0.12382824566715891,0.004033225693122286,1.0672199642285125
SLB,2016-07-21,60.73545505425716,61.37668027784881,60.094229830665505,60.36580276489258,6140700.0,-0.007221845982703468,0.02124465158159303,-0.006086268540086791,-0.0011163570243461199,59.88826942443848,59.280991554260254,59.49545608379159,0.01829947816644379,0.9987292861938499,0.015567113415997732,1.1407319469380555,0.010811113220273645,0.06990218293398513,54.906185635576094,0.5464580223908229,0.10519777807656727,1.7501754760742188,1.1349031653535449,-115790600.0,-0.8770060690897318,0.4263068875568422,0.8951204124128866,-0.12549245940556591,-0.005886890763288772,1.0692413511974077
SLB,2016-07-22,60.36578861643906,61.56526184082031,59.498251858408146,61.56526184082031,10027500.0,0.01967501510348059,0.03357429044574701,0.019870082904120383,-2.3437861948811253e-07,60.1047779083252,59.3571834564209,59.692580441603845,0.03719985106807755,0.9500874328613307,0.015739584535005763,1.239879329870275,0.011643892206970803,0.07716836781431931,59.73917764422895,0.6439642125050895,0.1621631745526671,2.1650848388671875,1.766828034904875,-105763100.0,-0.8404657488906271,0.36607651080707454,0.9999999979731113,-0.024771472535747446,0.005375425540484568,1.0827195363291766
SLB,2016-07-25,61.33142302951656,61.482297531076476,60.426158753677115,60.88633346557617,11223400.0,-0.01108904021493993,0.01734607287522872,-0.0072571210964105645,-0.0037982265373670593,60.30770759582519,59.50994720458984,59.80627120579169,0.023128675551575224,0.9957939147949233,0.01331653409394161,1.178989434473951,0.011566356857224243,0.07626032713543139,65.81137341696247,0.6588597991847678,0.14164700898587634,2.029296875,1.9490077311531435,-116986500.0,-0.37983509954131994,-0.6434205351649761,0.8623887739105656,-0.43651668551075473,7.022482612536848e-05,1.1779352093504862
SLB,2016-07-26,60.27526692333363,60.81087873202741,59.558598858228585,60.8033332824707,11685500.0,-0.0013641289058372926,0.02059557932426466,0.008760912826959994,-0.010036185584865671,60.379373931884764,59.718534278869626,59.90122949880874,0.018165198069586823,1.0740988540649354,0.0121806901266453,1.2048554556887008,0.011713808392118049,0.06331121715344007,63.482137584883375,0.6564006596212835,0.11135029553791354,0.7166633605957031,1.9505237478832673,-128672000.0,-0.3494059580774255,-0.30090995342134413,0.79718875697603,-0.30400369477902955,0.004376603488877651,1.2655681308472002
SLB,2016-07-27,60.863694677733754,61.082466704408965,60.09422561450763,60.26018524169922,8415100.0,-0.008973003455962494,0.016399569399555832,-0.009915754198460155,0.000992731681051653,60.45481224060059,59.841122245788576,59.935415760036406,0.007002926753101383,1.1008034896850631,0.011784450770381386,1.1563592660889601,0.011724111447854638,0.055966301560157736,61.14533130855932,0.6036655850912425,0.04689217680629798,0.7543830871582031,1.371890357673569,-137087100.0,-0.21437654980174708,-0.33841483373456094,0.5653270973585944,-0.3997874249547991,-0.0035083246688213704,1.3336821171386082
SLB,2016-07-28,60.17721157328568,60.73545989974337,59.2945836390259,59.63405990600586,5567300.0,-0.010444721963566935,0.024161968227361174,-0.009025869645328373,-0.0013769235537649874,60.4510440826416,59.88713970184326,59.90671520250969,-0.004225945622004909,1.0766518783569339,0.011650922506161813,1.190846105118954,0.011886715949002202,0.053189218678951516,51.619830352552405,0.5055222311438357,-0.04100094171288715,-0.03768157958984375,0.9097512331310048,-142654400.0,-0.01166058919686495,-0.33273548770434325,0.35678783216829774,-0.4501944823619965,0.0006952959443303287,1.4992053576163067
SLB,2016-07-29,59.01545453473956,60.81843158018732,58.92492639552112,60.74298858642578,6200600.0,0.01842477557003785,0.03117240736306716,0.029272570469982634,-0.01037335663949986,60.53930816650391,59.94145545959473,59.986360286692175,0.013371933008389325,1.012985534667969,0.011837503169347724,1.2587407618039756,0.012428340824902184,0.05449187901778077,62.11249241117956,0.5113299000659026,-0.028154618232656192,0.8826408386230469,1.0029195073230301,-136453800.0,0.02620240925340695,-0.36435429508448225,0.7261310913851258,-0.5469260448235935,0.0016544888741626225,1.5237426786161998
SLB,2016-08-01,60.192296892424444,60.260188686225504,58.902301010768525,59.18896484375,8197800.0,-0.025916541496645528,0.022941568230524036,-0.016668778240305358,-0.009065930189091813,60.44576530456543,59.90147361755371,59.91041786355483,-0.011894678557539135,0.9015426635742188,0.013174601060931167,1.2749062547024417,0.012708962731950869,0.05566143712289336,44.465131419260274,0.38608524068807526,-0.12271942208838693,-0.9354286193847656,1.2829238482081586,-144651600.0,-0.06626998223918425,-0.4331258711053109,0.20854307679535092,-0.6365724884996157,-0.0017342144946392597,1.6760330108715098
SLB,2016-08-02,59.452995530167854,59.53597822269598,58.77405459929063,59.51334762573242,6648300.0,0.0054654973895836515,0.012802567050956996,0.001015122871881934,0.004460809326786767,60.37636108398438,59.94899959564209,59.872601650428884,-0.007267043200856681,0.8825128555297894,0.012040748811679165,1.2312594764875051,0.012314938400104765,0.051943331615008324,50.04804161209969,0.3094359404141471,-0.15949497788985212,-0.6940422058105469,1.0324240760741703,-138003300.0,-0.06906834882011097,-0.1550502538720634,0.30434968062781603,-0.6285193767433063,-0.007672747080110347,1.1624321850254062
SLB,2016-08-03,59.37754910666185,60.07912628150747,59.04561838787717,60.06404113769531,5416300.0,0.00921072806391209,0.01720676587945539,0.01156147468802209,-0.002281816172139717,60.30243186950683,60.00784187316894,59.890833982549495,0.0009365320060193362,0.864535369873046,0.012144684027481086,1.2485043903840654,0.01233548882370502,0.049153482295105404,52.38109130244924,0.2897867010921402,-0.14331537376948722,-0.7392921447753906,0.8355676639649007,-132587000.0,-0.10239742362210077,-0.24881134599400162,0.49104857514752503,-0.599820347077632,0.0033602424180620835,1.1729780419925075
SLB,2016-08-04,60.048952609208975,60.66000743432352,59.679306138553876,60.64491653442383,8183100.0,0.009624470160599773,0.016171203652543025,0.009924634807426395,-0.0002512073480328724,60.33034324645996,60.10930633544922,59.96265136844229,0.00891060355921518,0.8867070770263652,0.012213359033018838,1.268441833066048,0.011938127074240619,0.044752353471721545,54.545546968515566,0.31742722385703814,-0.09253988080367148,0.27911376953125,1.2314283521513993,-124403900.0,-0.2694659270561622,-0.2580245048283791,0.6601666301888355,-0.5538632273641751,0.0018005431570652126,1.1585279015512622
SLB,2016-08-05,60.818412778836276,61.42191625391563,60.36577797816354,61.255950927734375,6838600.0,0.010025187246968555,0.017241398749944323,0.007194172437370063,0.0028608538741077528,60.299412155151366,60.20209503173828,60.085822755041534,0.017505302688228797,0.9223107910156259,0.012069358682202663,1.277602498655953,0.012076088060687839,0.0463168079546328,56.30248779897038,0.3842089841921208,-0.02060649637487111,-0.3093109130859375,1.0091982757475721,-117565300.0,-0.2665603996142961,-0.16390840532387907,0.8857883324454134,-0.4909327543178661,0.01010798252386389,1.3550793943113002
SLB,2016-08-08,61.5878970615333,62.606314108066734,61.53509042224614,62.23666763305664,6213900.0,0.015883335127667576,0.01721209901751901,0.0105340594902136,0.005419002215646444,60.43444557189942,60.371076583862305,60.290665124376304,0.030902066929398175,1.0140434265136733,0.012199815761232862,1.33148814749955,0.012109518768680117,0.05039565117472768,60.27504261928281,0.5103862374810078,0.08445660553121265,1.3503341674804688,0.9068970675695891,-111351400.0,-0.4667837953105811,-0.05920109832780459,0.9999999967188402,-0.385682083955817,-0.00018401637467832917,1.3678098269705337
SLB,2016-08-09,62.6365093584316,62.64405481078394,61.46721748554539,61.73125076293945,4143800.0,-0.008154039803449524,0.019063882728666003,-0.01445257094886772,0.006424536219265516,60.52723731994629,60.453305625915526,60.42786375662041,0.0211393756518765,1.0259632492065407,0.011656451626985202,1.3099342735112012,0.01212224221160639,0.053938097008825715,54.741887163795965,0.5631085375985023,0.10974312451896573,0.92791748046875,0.6146976799382899,-115495200.0,-0.3832974570307937,-0.08319881383460011,0.8341646435367087,-0.3688958249429786,-2.8609417052854003e-05,1.2011589955043478
SLB,2016-08-10,61.882124422762246,62.11598164301242,60.83353102452003,60.99195098876953,3863100.0,-0.012048393570114304,0.02102655510607504,-0.014384985038834251,0.0024440402220615646,60.60041389465332,60.52761306762695,60.48158635015842,0.007671505575872933,1.0316214752197226,0.011782744137399865,1.3099342857475642,0.012053151780653207,0.05231757454404386,53.10403620584472,0.53902251111748,0.06852567843035468,0.7317657470703125,0.5793569499288382,-119358300.0,-0.3756355414460968,-0.18398452653057476,0.5915885713756981,-0.29901590809357087,-0.0022902023666557577,1.2717579975069448
SLB,2016-08-11,61.21070969390092,62.16878047793321,61.08246581115406,61.4822883605957,4385400.0,0.00800723473430831,0.017668741612346637,0.004436783498392384,0.0035866815470727543,60.7852367401123,60.618140411376956,60.5768913035334,0.01425559978175381,1.03705436706543,0.01187578392525882,1.2463499648012437,0.012178027494991958,0.05227230163212577,49.55756496580084,0.5531242179105789,0.06610190817876282,1.8482284545898438,0.654898974060302,-114972900.0,-0.4300070550429493,-0.2374805256728066,0.7524761001523638,-0.32121182275741683,0.005249415784012184,1.3554403598751474
SLB,2016-08-12,61.70858572840711,61.92735192511087,61.0522698718241,61.255950927734375,3902400.0,-0.003688136488412018,0.014285665964424099,-0.007335037666636492,0.0036806920146524695,60.83653297424316,60.687920570373535,60.641563648695396,0.009359858634506245,1.0200810623168977,0.01192577232522014,1.2274913195257844,0.012226555186481554,0.05162907006426054,52.0708437898196,0.539813746048317,0.04223314905320075,0.5129623413085938,0.5863641486044852,-118875300.0,-0.3340874785953644,-0.343946688867275,0.6782111708709324,-0.33229935794102755,0.001021822145498476,1.389301197317232
SLB,2016-08-15,61.67087644203134,61.95754021773594,61.17298036500094,61.8896484375,4016000.0,0.010291932584901436,0.01267675407022707,0.0035474118107320205,0.0067736359980186895,61.106601333618165,60.7761833190918,60.76042886667678,0.01832074766133635,1.0116314697265665,0.012082115860451935,1.1886931227677426,0.012167831117418607,0.05365765888952942,55.73252318304998,0.5737849583763008,0.060963489104947644,2.70068359375,0.6048766675151408,-114859300.0,-0.3790485121128051,-0.4419783425712226,0.8861374522359633,-0.34296517390792536,0.003852090104165303,1.4295371217958677
SLB,2016-08-16,61.80666730651306,62.14613772718135,61.44456053637394,61.79912185668945,3584400.0,-0.0014637803700231445,0.011352543041539407,-0.0001220814865520941,-0.0013407917653747304,61.335178756713866,60.85576992034912,60.859352008582746,0.015501437868176478,1.0485199356079065,0.012100523604825771,1.168217129975319,0.012190892119463831,0.05483780771218235,58.528425265530934,0.5866402270201689,0.05905500619905257,2.2857742309570312,0.5489501198780009,-118443700.0,-0.33903305330982575,-0.4813331439368832,0.856434234182306,-0.3512533609543849,-0.004999100461714846,1.3486966925649004
SLB,2016-08-17,61.557716356019036,62.04806697255395,61.27105258666384,62.01789093017578,3905500.0,0.0035337518846081306,0.012528874720440331,0.007475497815664994,-0.003906293381162122,61.53056373596191,60.916497802734376,60.96968904873446,0.01808037505714858,1.0774127960205107,0.011947372587792627,1.1207984246305074,0.011858128521016519,0.05736120989492443,63.83528731423086,0.6074783239620416,0.06391448251274012,1.9538497924804688,0.607582372877137,-114538200.0,-0.2844025925750286,-0.38335505330286906,0.9282158637874298,-0.3350760889908761,0.0005223073080462106,1.3070232661537202
SLB,2016-08-18,62.22156030447228,63.34559022882699,62.13103220275963,63.26260757446289,5467000.0,0.019871530176099942,0.019198671579222795,0.016731294826044192,0.003284042253642604,61.79233283996582,61.06133804321289,61.18806224166097,0.036050135843603164,1.176235885620116,0.012498974484163455,1.0803837184865794,0.01180394643773614,0.06598961097722068,64.3964608189184,0.7161752738287248,0.1380891459035386,2.6176910400390625,0.8549869022950307,-109071200.0,-0.39080475168595447,-0.41913842304032106,0.9999999975451946,-0.2639365208689414,0.002993519276639267,1.4141891218656253
SLB,2016-08-19,62.99860133370739,63.11929976529807,62.40263735984253,62.847721099853516,5185600.0,-0.0065797619558296185,0.011403156596830166,-0.0023949775179079617,-0.004173179874774404,61.95150985717773,61.12546100616455,61.34612499006026,0.028175821749880547,1.1898152542114246,0.011941705474978992,1.0103324784125154,0.010984184442536822,0.07063260455194038,74.0337954222774,0.7600788032559649,0.14559414026462292,1.5917701721191406,0.8428916371580365,-114256800.0,-0.28498089382593383,-0.357785436620294,0.8981534437315999,-0.23738130477244626,0.001860825250889245,1.1993112843767009
SLB,2016-08-22,62.349830728748984,62.39509192116756,61.565270779036574,61.89720153808594,5091600.0,-0.015239705761185163,0.01340644038035212,-0.00725950953471222,-0.00792217064344267,61.91756324768066,61.17600440979004,61.39860847082461,0.011788889046511262,1.1872499084472636,0.012193132464545191,1.0475129567990575,0.01088442444005725,0.07134686002383794,64.468948093005,0.7099893663613059,0.07640376269597116,-0.3394660949707031,0.8710193112214132,-119348400.0,-0.2919276751140657,-0.48302795531482773,0.6648193930383778,-0.1926702599241161,-0.0013975498556574872,1.273606865710539
SLB,2016-08-23,61.98773453495927,62.16124539475551,61.51247466672447,61.670894622802734,4473700.0,-0.0036628737568597867,0.010519885141915174,-0.005111332339107346,0.0014626347334560784,61.91152763366699,61.21938247680664,61.42454048529872,0.0073753136299136825,1.168617095947269,0.012226212208344482,1.0200317306848246,0.010613560901518531,0.07140400602563286,60.15268544455645,0.6446014853373541,0.008812705337615467,-0.06035614013671875,0.815628147803773,-123822100.0,-0.2609529638149872,-0.527482810138062,0.6092654503665176,-0.1674087451842173,0.0028628675074636994,1.3076388360430475
SLB,2016-08-24,61.46720460752194,61.72369237882679,61.18808048390263,61.35404586791992,4462500.0,-0.005150979210991584,0.008729854524625791,-0.0018409612137815232,-0.0033028548803551417,61.94773712158203,61.274075508117676,61.417826712215025,0.0013051255223206347,1.164920310974118,0.012096295323542141,0.988239630624433,0.010450817786245787,0.06981204434560562,54.635187268607176,0.5607500939993031,-0.06003094880034843,0.3620948791503906,0.8439963724704932,-128284600.0,-0.29832024944080554,-0.4007889225336636,0.5314852484562824,-0.20541306591100655,-0.004632194197888313,1.2283874457337571
SLB,2016-08-25,61.3992708535614,61.655764229101116,61.12769234086719,61.361549377441406,3767100.0,0.00012229105055193868,0.00860590864460899,-0.0006143635843812776,0.0007371149693833306,61.9356632232666,61.360449981689456,61.41246696604611,1.7917009283314465e-05,1.1835517883300781,0.011801500340122248,0.950520602944564,0.010007899778535964,0.06501369205221275,50.7493627628265,0.48926281557378815,-0.10521458178069076,-0.12073898315429688,0.724813774751868,-124517500.0,-0.4176724594451281,-0.06169538802341165,0.5333272139891193,-0.13660450516219966,0.00032943730395623027,1.231263151126026
SLB,2016-08-26,61.31631541889815,61.88210327882473,60.7052663719348,61.0296516418457,4535400.0,-0.005423568792499231,0.019283034971201107,-0.004675163128998034,-0.0007371710623703122,61.91303329467773,61.37478313446045,61.37600836374131,-0.005623343578398154,1.1290852737426746,0.011174835063203072,0.9381258691272478,0.009421568144016026,0.06452223001322667,40.56585996498409,0.4012024468387665,-0.15461996041256998,-0.22629928588867188,0.8868465949365232,-129052900.0,-0.35583915390640597,0.11681766477388464,0.4518527802400221,0.06804830359184331,-0.0007580433071465743,1.1919618002298324
SLB,2016-08-29,60.810878496188984,61.48227961684154,60.810878496188984,61.21070098876953,3359000.0,0.0029621884330881835,0.010968688641153409,0.006574851448751957,-0.003584702513797651,61.84513854980469,61.47586994171142,61.36026480422019,-0.0043133826848373615,1.17525310516357,0.00937339087122482,0.9020232830853908,0.009031753062902702,0.05518425851644376,45.71401470299091,0.3420798557401383,-0.17099404120895856,-0.6789474487304688,0.6894308142118394,-125693900.0,0.11725589542982004,-0.6301540108556501,0.45271690459464636,0.13803193365876687,0.00510785365683944,0.9565920830300935
SLB,2016-08-30,61.61051418325269,61.784024963248534,60.72034120457961,60.833499908447266,7873600.0,-0.006181404419252237,0.01748516459302419,-0.012611715469445577,0.006531753239625749,61.74857635498047,61.541877555847165,61.31009671890848,-0.011510497819262515,1.195243339538571,0.009488543996777402,0.886397078812286,0.00916620709218801,0.0474846343244895,48.61265772388626,0.2617702767540777,-0.2010428961560154,-0.9656219482421875,1.5959784327238822,-133567500.0,0.28062582234029965,-0.68210119096999,0.24056363485259352,0.11385755895656913,-0.002241401548981996,1.4598358894030516
SLB,2016-08-31,60.46388299138207,60.60721204769827,59.31721600789106,59.59634017944336,8306100.0,-0.020546456771062278,0.021645558031299493,-0.01434811608216368,-0.006075877890002341,61.50642127990723,61.51849250793457,61.146881810387995,-0.031245114275895033,1.1646160125732408,0.010418307758173853,0.9106438224831805,0.009323982527538877,0.051091486773460745,35.39704650473128,0.09717572478742653,-0.2925099584981333,-2.421550750732422,1.6357384661739423,-141873600.0,0.14878455397965767,-0.35763165145532844,0.0,0.14276679807105017,-0.0028060475981647372,1.6387246407074314
SLB,2016-09-01,59.17387357884101,59.694394543976586,59.0229933490615,59.5661506652832,6705200.0,-0.0005066949271042198,0.011271522289359476,0.0066292277776870065,-0.007088801079568142,61.13677558898926,61.46455421447754,60.99633598704468,-0.030886151757807415,1.100267257690426,0.010148701510790415,0.896095189742346,0.00918982675146125,0.057284165186360404,36.50593564463508,-0.035295816769441046,-0.33998520004400073,-3.6964569091796875,1.3399693644777821,-148578800.0,0.2721292445028597,-0.02750399465628074,0.0,0.07055618062614911,-0.0007859996856075547,1.5870915080755232
SLB,2016-09-02,60.16591112110233,60.50754489261914,59.6041111753438,59.63447952270508,4912100.0,0.001146451403790843,0.015149519615264905,-0.008832769062992928,0.010068813396879225,60.81545143127441,61.383480644226076,60.86663537139329,-0.02849302618823578,1.0273325729370129,0.009834402032487392,0.9072976450709841,0.009116416799862295,0.06324207403349887,30.20359013546556,-0.13323109498382024,-0.35033638260670397,-3.2132415771484375,1.000902668679842,-143666700.0,0.37083044958923184,0.3997606990502684,0.018484959764400132,-0.03865242161997184,0.003769748401320629,1.7598168950952424
SLB,2016-09-06,59.71798279390014,59.938143145608436,59.406711620503565,59.80908203125,5560900.0,0.0029236005798951516,0.008885465334967027,0.0015254908670351802,0.0014002515300442985,60.60663948059082,61.262101364135745,60.76591600566536,-0.023718078559681537,0.866392822265631,0.009024565596470207,0.8951443832350888,0.008897635628180479,0.06589501412114823,32.78506217384388,-0.19451430549596438,-0.32929567449507846,-2.0881195068359375,1.1406927561322826,-138105800.0,0.3156249819962127,1.1121821433050023,0.06572005876933305,0.039888867450414915,0.003098891268706751,1.8260883990414327
SLB,2016-09-07,59.84705766721712,60.01408069698307,59.58134184357609,59.68003463745117,3970700.0,-0.002159986575675006,0.007250981941210593,-0.0027908310997458033,0.0006349476480391361,60.40755348205566,61.15954055786133,60.66249873250211,-0.024190926009498646,0.7028631591796852,0.008907661553350465,0.8705532737720085,0.008580576439088477,0.06945002444770776,29.45737889220584,-0.250605908616258,-0.3083098220922976,-1.9908599853515625,0.8159478378625524,-142076500.0,0.23605128207786347,1.2962880768709506,0.0308089542656544,-0.006388385306590592,-0.002288602390473462,1.7404633938331577
SLB,2016-09-08,59.968537500465516,60.5531182238152,59.39155610641685,60.26462173461914,4845300.0,0.009747691038106498,0.01927436170616641,0.004937326246305849,0.004834160448581557,60.298611068725585,61.12317409515381,60.62460568508468,-0.014046265974311328,0.6173727798461925,0.008909699262354956,0.8586863322539467,0.008517212086188353,0.07069139291066433,20.199709089364774,-0.24506268497783168,-0.2422132787630971,-1.0894241333007812,0.9857236584460302,-137231200.0,0.041502172950401386,1.2099947136627116,0.18895690781943192,0.05570217267699001,-0.0027820809970074693,1.3699399402841397
SLB,2016-09-09,59.79390266828182,60.14312993768795,58.88286972045899,58.882869720458984,7626600.0,-0.02319501562786677,0.02140283283087136,-0.015236218195640498,-0.0078108690105146445,60.050743103027344,60.99320316314697,60.45872606940605,-0.03459948540566376,0.4840186691284174,0.009964634921784503,0.895956460792503,0.00866177947812415,0.07777549297864265,16.94301038881072,-0.34815219824280064,-0.2762422336224528,-2.478679656982422,1.5020280510129422,-144857800.0,-0.14689171579676083,0.9772518363032463,0.0,-0.08165544517628083,-0.02535345939670789,0.952746892401221
SLB,2016-09-12,59.07266112266298,60.18107949899701,58.533636104921904,59.82426452636719,6343100.0,0.015861128276392307,0.027538046762764685,0.012723371343361734,0.0032232023185182956,59.93020439147949,60.92161884307861,60.3983011605452,-0.018012560032883897,0.409082527160642,0.010741721468217455,0.9220273945966575,0.009234036970355032,0.07958872998127359,32.690528794330575,-0.3498557674435645,-0.22235664225857335,-1.2053871154785156,1.2199278017220654,-138514700.0,-0.14347408533955353,0.3832523499933911,0.21494318498952145,-0.24916013772644408,0.014142096361760108,1.010024684085224
SLB,2016-09-13,59.20173256123382,59.29283179860974,58.366617604159806,58.51845932006836,7482000.0,-0.022069091571128525,0.01582772692944595,-0.011541439947872007,-0.01040601117392746,59.660980224609375,60.75305938720703,60.21926860430931,-0.03678168786359455,0.269925918579105,0.011326399032678701,0.9798042656092534,0.009317133328064452,0.08569569192174581,27.69724527006457,-0.45137030942875356,-0.25909694739500994,-2.692241668701172,1.3925518391474203,-145996700.0,-0.0633830958649981,0.15269678435131284,0.0,-0.3797793594776616,-0.01590088194972416,1.0401921382298625
SLB,2016-09-14,58.381816906315024,59.141008268446114,57.82760466340434,57.97944641113281,5190400.0,-0.009253672877189199,0.022652917306736943,-0.006892051609628608,-0.002335030951617612,59.37557487487793,60.5620756149292,60.00595220495917,-0.042644331086296866,0.09060977935791215,0.011412757187741226,1.0353608163319403,0.009673686438388437,0.09347558728435403,26.85311216087439,-0.5687588543244999,-0.301188393832605,-2.854053497314453,0.9518133489328225,-151187100.0,0.04047978259552601,0.046988772018467524,0.0,-0.3026448152250371,-0.00040062788774526426,1.0505858764437361
SLB,2016-09-15,57.82002611744657,58.57162406370362,57.7668771531595,58.305908203125,5177400.0,0.0056148540933666285,0.01380215033681589,0.008403352926397654,-0.0027496001351202124,59.2465316772461,60.37647647857666,59.84404325240354,-0.03429428804422466,-0.08336360931396314,0.011486333389696556,1.0551233179255257,0.009704020598906793,0.09653311202100916,29.91952951085976,-0.6282058180089791,-0.28850828601366735,-1.2904319763183594,0.9384847822954213,-146009700.0,0.023839231676996857,-0.029585578652624556,0.061792889007475114,-0.4386302060706718,0.011025681156301013,1.0096938327522036
SLB,2016-09-16,57.77446104572824,58.53365240189331,57.64539990530106,57.94907760620117,7243200.0,-0.006138777017146407,0.01532815591351533,0.0030223832003335505,-0.009114807980441997,59.08482437133789,60.11079998016358,59.663570333717594,-0.03596229587155334,-0.33570911407470305,0.010128176794006075,1.0345101457614057,0.009572135181704513,0.09221780003416254,29.821804087441834,-0.6960871526387962,-0.2851116965147875,-1.6170730590820312,1.2921421977228027,-153252900.0,-0.22619423568891464,0.03370244070796342,0.0,-0.470749793515932,-0.004585100409989463,0.9480529763996457
SLB,2016-09-19,58.33625333439797,58.761404376459545,57.64539230332355,57.66816711425781,5925000.0,-0.004859327782555498,0.01935230698289484,-0.011452333359678138,0.006681309594397575,58.888193130493164,59.85182228088379,59.47353193186428,-0.036484355587004705,-0.5600466156005908,0.010115566135632598,1.0662680709387946,0.009793103126986153,0.08890568373784204,27.09554003139253,-0.7637467315192978,-0.2822170203162313,-1.9663124084472656,1.0500580854915644,-159177900.0,-0.2546077579288976,0.061431048606649497,0.0,-0.4997682196977376,0.0012725232774792928,0.9543782382758914
SLB,2016-09-20,57.75927429275351,57.85037353986992,57.22024917602539,57.22024917602539,6821800.0,-0.007797482499482729,0.011012261794003943,-0.00933226955027282,0.0015798521620287833,58.629309844970706,59.61797466278076,59.25893357416534,-0.0402181640741355,-0.7611584854126008,0.00982872478042866,1.0352995427370522,0.009738341958373633,0.0914154308378133,26.850010656123956,-0.8437840521363071,-0.28980347274659246,-2.5888328552246094,1.1907373903724088,-165999700.0,-0.32570517020624296,0.4418649408010766,0.0,-0.5115840674995814,0.00035099767236337047,0.9463008794479771
SLB,2016-09-21,57.69853108240942,58.237556138250575,57.59224477799957,58.12367630004883,7152500.0,0.015665248001631202,0.011102383767326588,0.007368388928865215,0.008358612786055831,58.47367401123047,59.440613746643066,59.15081383377329,-0.022155515624510402,-0.8992595291137704,0.010768269607503482,0.9996583328562652,0.009751369191049193,0.08822975551075517,40.1431660135445,-0.824807321334248,-0.21666139355562652,-1.5563583374023438,1.2199396383588934,-158847200.0,-0.1934337842643172,0.04616182262337659,0.2181505995467382,-0.5033459075933974,0.012593196589233925,1.0138525721442826
SLB,2016-09-22,58.60955916385497,58.94360515014082,58.389398809805776,58.46531677246094,5639400.0,0.00586061241738653,0.009479232661852124,-0.002461072791739847,0.0083594654491208,58.29374351501465,59.296177291870116,59.08552839936259,-0.014012041877834417,-1.0228862762451172,0.010928432579553492,1.010267451083187,0.009763643919501552,0.08410391721071261,42.926795072970606,-0.7732866276492132,-0.1321125598964734,-1.7993049621582031,0.9523053645488564,-153207800.0,-0.32237101166198395,-0.07012259076005098,0.30064654404994867,-0.37812087103702113,0.005653838911896554,1.0291010308712472
SLB,2016-09-23,58.22239808237109,58.503295230834254,57.372101515818365,57.6378173828125,6847400.0,-0.014254798682144333,0.019625894358609244,-0.010040477871274694,-0.004154919591648684,58.16923828125,59.10999069213867,58.947651159691155,-0.024905659637025873,-1.1683943939208987,0.011220668075068137,1.023824557346041,0.010043370472644118,0.08115243486518045,38.31115843502938,-0.7901203759004289,-0.11915704651815129,-1.2450523376464844,1.1269854201589735,-160055200.0,-0.1541615792111566,-0.41120770824223374,0.10464183639735249,-0.40159000671627637,-0.0063753212678253806,1.048654033835534
SLB,2016-09-26,57.79723237898759,58.16164675655594,57.30376266093444,57.37968063354492,5499300.0,-0.004488659328055778,0.01495100854778843,-0.00722442456594977,0.002765805566791371,57.92477989196777,58.92749214172363,58.79832063339151,-0.02626637333311496,-1.3012796020507835,0.01121236662801868,1.0471425980972289,0.009909746743329685,0.07935633559558435,35.91557301022053,-0.8148970945470779,-0.1151470121318402,-2.4445838928222656,0.8979841771376785,-165554500.0,-0.16791571327032828,-0.3987530935462478,0.039953234521171076,-0.38055900277324267,-0.008036689329796018,1.0183476520268169
SLB,2016-09-27,57.0380462493055,57.28858079462916,56.430696621086085,57.18988800048828,6457200.0,-0.0033131451733850866,0.015000626920894697,0.002662113469299065,-0.0059539262064086124,57.79192276000977,58.72645149230957,58.64513657311501,-0.026164759708365976,-1.4436301422119158,0.011123509983953863,1.0840172523152185,0.010006705859341707,0.07488377156621066,35.6643746719578,-0.8401626300890399,-0.11233003813904174,-1.3285713195800781,1.0283868666148535,-172011700.0,-0.08704857096836581,-0.3219353073158936,0.0,-0.37652675507859,0.0066607974977297485,0.982991742648915
SLB,2016-09-28,57.38727038464249,59.292842262355165,56.992493437950145,59.224517822265625,9420800.0,0.03495850900614823,0.038841157496772354,0.032014895033495146,0.0034513511226412037,57.916429901123045,58.64600238800049,58.70031573970078,0.009864533143072424,-1.5044218063354506,0.014085692878041286,1.1653591599585522,0.011087427076190134,0.06756476463916605,44.86885958556731,-0.6880764099862446,0.031804945571002885,1.2450714111328125,1.4821154378634178,-162590900.0,0.6925419498661092,1.2294540334670128,0.6617255317346108,-0.3335887770147463,0.006716648956718924,1.1126324470022166
SLB,2016-09-29,59.300439837398464,59.95334489508349,58.73863983154297,58.73863983154297,9859500.0,-0.00823783879821213,0.020679829615125298,-0.0094737915502136,0.0012819355551476714,57.959703063964845,58.60311737060547,58.70396565320956,0.002312546960265934,-1.5060129547119132,0.01346791638621877,1.153427234914293,0.01105167627351906,0.06590382000168254,49.21947930605519,-0.599838710761226,0.0960341158368172,0.43273162841796875,1.5324083500285204,-172450400.0,0.8005388386021682,1.6850522293090966,0.5037027462982737,-0.3600856882265455,-0.008302360824739088,1.0814832018885423
SLB,2016-09-30,59.09547562761966,59.96854718904806,58.92086479063759,59.70283126831055,6485700.0,0.01628167444640653,0.017548286675083836,0.010277531980925823,0.006074975469300394,58.13507843017578,58.609951400756835,58.7990957117906,0.01864666053177447,-1.4859194946289094,0.013997761212199302,1.1236032323021494,0.011199744911835438,0.06641677018702054,49.344463971156664,-0.4469552852358234,0.19913403308977584,1.753753662109375,1.0097594354053354,-165964700.0,0.6170461842321382,0.8826050737623378,0.8172880896172049,-0.3795314379981299,0.009795825010619309,1.1133958471132173
SLB,2016-10-03,59.83945175829425,60.02165602937691,59.48263095797077,59.90018844604492,4854700.0,0.003300206923366742,0.008998720795205351,0.001014994054357301,0.002288341894033794,58.35828056335449,58.62323684692383,58.90396168648149,0.021782345496470092,-1.4393325805664006,0.014013702159396393,1.0579873858163467,0.011082450482606901,0.06752060778670209,58.47303316116475,-0.3063377235919802,0.2718012757868953,2.2320213317871094,0.7561667220911678,-161110000.0,0.5898848826967904,0.8397543862859507,0.8814748433844526,-0.3520908228588211,-0.003724734421931195,1.1069475578035703
SLB,2016-10-04,59.96094198890116,60.05204125396595,59.47505414248142,59.626895904541016,5211100.0,-0.004572905283085573,0.009676624998360726,-0.005571061315580709,0.0010142462725466006,58.598945236206056,58.61412754058838,58.972812564391916,0.017278570993850058,-1.4232531356811506,0.01404026592779733,1.005386207705115,0.011093750898892338,0.06680021685235306,60.44280275057876,-0.2144773555454904,0.29092931506670805,2.406646728515625,0.813896735026329,-166321100.0,0.6726516014714607,0.8904717695766046,0.7925915239667712,-0.35345017930249484,-0.004946282808683189,1.1088421041763625
SLB,2016-10-05,60.287382204635826,61.45653167639138,60.02166062343068,60.84918212890625,7249400.0,0.020291632725140323,0.023580777962158836,0.009318698270286224,0.011076986149877866,58.8714958190918,58.67258491516113,59.151514427679,0.037097346518692086,-1.3657127380371108,0.014757740541030236,1.0785925549412754,0.011497472877101093,0.0733535011875851,64.47708651630448,-0.042558481137525916,0.37027855157973805,2.725505828857422,1.1039824322822043,-159071700.0,0.48109485458133905,0.1308169137358332,0.9999999972672325,-0.357287857346284,0.0036639511943008926,1.143242089707117
SLB,2016-10-06,61.061760492435575,61.94241944622214,60.94028709623311,61.813358306884766,6469500.0,0.015721116369581643,0.01621222948304712,0.012308813378256596,0.0034935286899828314,59.20629997253418,58.75002174377441,59.40502336855574,0.05214187964849508,-1.3193393707275405,0.01500584879170992,1.0932343278501067,0.011411579961091512,0.084413435646233,70.5740851317922,0.16953512960360229,0.465897729856693,3.348041534423828,0.9731790968440687,-152602200.0,0.43472212085385115,-0.09300682591395287,0.9999999978371225,-0.22664603441418746,0.0008568967277190181,1.166925728689561
SLB,2016-10-07,62.09425367728952,62.32960111373889,61.47931061189879,61.72983932495117,5305300.0,-0.0013520614045573834,0.013774383849666241,-0.005868729081313239,0.004544250273706139,59.615502166748044,58.89237022399902,59.626434412021965,0.0481805892708978,-1.2189064788818342,0.013901548710553924,1.0742542156146853,0.011204423033271002,0.09562654377062262,72.0893246503754,0.3271108302909411,0.49877874443522546,4.092021942138672,0.8122344216352929,-157907500.0,0.5995923318010768,0.18518940115991425,0.9819358650065503,-0.16396245163133094,-0.0029654675011893455,1.2752635265034118
SLB,2016-10-10,62.04872438313522,62.587749657762046,62.04872438313522,62.50423812866211,4565100.0,0.012466930967650943,0.008623819612315958,0.00734122659338174,0.005165817077627773,60.12795791625977,59.02636890411377,59.90051095646388,0.0589206025903104,-1.1201327896118158,0.013745603347716245,1.0905246419694241,0.010629900444339657,0.10935891075724499,77.75138539951195,0.5086152202389798,0.5442265075066113,5.1245574951171875,0.7085545415954312,-153342400.0,0.6293028882818974,0.3478570460995752,0.9999999981183024,-0.0877563135809764,0.0031608720190653542,1.341283936934058
SLB,2016-10-11,62.31444438176283,62.42832427373457,61.615989539521635,62.01836013793945,5063000.0,-0.007803892037978342,0.013098294318104518,-0.004751454446250873,-0.003036494045549276,60.610805130004884,59.20136394500732,60.102210878509176,0.04758329885015594,-1.0017256546020548,0.012773017360711993,1.0813061867490876,0.010564951459475887,0.11760335367987189,71.39306985297199,0.6062638316763582,0.5135000951551918,4.828472137451172,0.8008687282353285,-158405400.0,0.9654594029641649,0.4973096818395456,0.9085724523055949,-0.2392164021725516,-0.012395232862645503,1.2004519704396057
SLB,2016-10-12,62.071477954571975,62.09425276522679,61.517265795903405,61.82853698730469,4059400.0,-0.003065451031687338,0.009332049526610327,-0.003913890490010369,0.0008564853458617543,60.871207046508786,59.39381847381592,60.26662288887066,0.0409927931231114,-0.8555749130249026,0.012535765684988634,1.063953195265616,0.010202652934817712,0.12188289017846528,68.78713645588545,0.6607175769777882,0.4543630723652974,2.6040191650390625,0.6479142775286557,-162464800.0,0.9868293268256086,0.6262868474390337,0.8728534752530225,-0.20470544416751682,0.001404825344431442,1.1820551434730102
SLB,2016-10-13,61.50968424107275,62.19295765463728,61.206012316973556,61.896873474121094,4656600.0,0.0011046476792518438,0.015944994993589874,0.006294768666521665,-0.0051570482137950355,61.1870304107666,59.573366737365724,60.4218848493707,0.03900244125867097,-0.7126832962036147,0.01253218878840405,1.0536497397404614,0.010259481793476752,0.12577296245808745,75.99617957310315,0.7013025663818837,0.3959584494155143,3.158233642578125,0.746334321425738,-157808200.0,1.0471743056888176,0.7217611779826549,0.8857123357043756,-0.1942348272371705,-0.0029335394020104507,1.3127954316223478
SLB,2016-10-14,62.230925256231785,62.52700946393895,61.729856109545054,61.737449645996094,4681500.0,-0.002578958859687262,0.012911990355364432,-0.007929748886166125,0.005396908815602092,61.39049224853515,59.76278533935547,60.547176734763596,0.03304170472356239,-0.5451153564453151,0.012420003063346115,1.0493118296527757,0.010198486897187909,0.1266162804236993,76.92313131060789,0.7123903003793188,0.3256369467303595,2.034618377685547,0.7660512402617485,-162489700.0,1.0464239731506293,0.7838123471063693,0.8557135919295097,-0.22120823794105063,0.0014205746754922686,1.2808658118149463
SLB,2016-10-17,61.73742749233342,62.07147347025657,61.25913912662728,61.479305267333984,3710900.0,-0.004190091786259153,0.013213134730409989,-0.004180968263238476,-3.588366996661044e-07,61.548403930664065,59.953342247009275,60.63595088072268,0.02545250962052631,-0.35902553558349837,0.012398033696884575,1.0395511390220935,0.010025373592394101,0.12418611574115619,76.27889476008966,0.6923661495110593,0.24449023668967995,1.5791168212890625,0.6184312820337622,-166200600.0,1.0467344994701229,0.7967680964280023,0.8071386256682885,-0.2423695000561084,-0.0031242290905531657,1.3086211040649347
SLB,2016-10-18,61.93484042386233,62.101863471073344,61.24397341806606,61.790592193603516,3956800.0,0.005050504532944164,0.013883829601751076,-0.0023290320806775076,0.007409569033799571,61.764773559570315,60.18185939788818,60.74591672004467,0.026731191289376892,-0.12158687591552564,0.012125434187679989,0.9365183696365408,0.010091312686500943,0.11878766766597917,69.92915130288247,0.6936195052054472,0.19659487390725428,2.1636962890625,0.6755382854255108,-162243800.0,0.9867769574294996,0.8693189729057668,0.8657134124580237,-0.20463467033978122,0.005194801368433896,1.280010401995506
SLB,2016-10-19,62.253671508857195,63.999813392436465,62.253671508857195,63.34690856933594,9926100.0,0.024874983356675248,0.027564752929782547,0.01756100538300301,0.007494333664949355,62.01454620361328,60.44302101135254,60.99363022950098,0.0480433887882272,0.10726158142090014,0.01277441048756556,1.0075552364431428,0.010648727031264474,0.1225031991031048,80.68729709544833,0.8108475773297812,0.25105835682527056,2.4977264404296875,1.6554715819968029,-152317700.0,0.944186140701215,0.35788454157445815,0.9999999983758379,-0.19201012195060688,0.0021613076566412257,1.4258983296007288
SLB,2016-10-20,62.823086675770945,63.28619388080284,62.16258809019171,63.00529098510742,7773200.0,-0.005407399599533697,0.017833514821425346,0.0029002762993297474,-0.00826909955663656,62.13373947143555,60.670019721984865,61.18521696813016,0.038491354936486526,0.29399349212646797,0.012952608820401284,1.0042990308459383,0.01084311533644635,0.12355700816046905,73.98002089651129,0.866200959570449,0.24512939125275057,1.1919326782226562,1.2737469531554044,-160090900.0,1.0255972898087,0.376175426484833,0.9445157621525357,-0.24352283991388887,-0.0006279959889781785,1.495650715189133
SLB,2016-10-21,62.13979132905417,62.57253003100051,60.492348006922334,61.09210968017578,10221800.0,-0.030835986721128705,0.0340499294420862,-0.016860076715264617,-0.013736936097284764,62.06996650695801,60.84273433685303,61.17634960737261,0.004098687313132554,0.4745116806030296,0.014546191646384047,1.1452931670444342,0.01145915645997693,0.11398709901304074,56.928420549395334,0.7470793064075281,0.10080619047186368,-0.6377296447753906,1.6299214921201115,-170312700.0,0.2610733565425107,1.0049740411610129,0.6337840891897485,-0.16115347192622595,5.868414077586988e-06,1.3822039847465275
SLB,2016-10-24,61.16045901856861,61.29711370602718,60.36331150186931,60.97066116333008,5617400.0,-0.0019899360973519545,0.015315599115062457,-0.003103277154622197,0.0011187915878277017,61.916608810424805,61.02228336334228,61.15676023174951,-0.0008459565451661717,0.6597665023803714,0.014489216170921852,1.170779959378244,0.011470832217562734,0.10031195614610368,57.95142735637726,0.6355484508032205,-0.008579732105955085,-1.5335769653320312,0.8948823131148194,-175930100.0,0.24119662121582539,1.0618805292127838,0.6140588803341963,-0.10420266765130647,0.005595810292611694,1.3081232937997487
SLB,2016-10-25,61.00102891918365,61.87410020318422,60.67457637967634,60.90233612060547,5436600.0,-0.0011212500128084358,0.019695858975466118,-0.0016178874410288464,0.0004980716179577788,61.805006408691405,61.207905769348145,61.13252936402151,-0.00499232321220341,0.865135154724122,0.014446190935548489,1.1257719630680667,0.011592504030671403,0.08092300866986289,50.36427424878567,0.5354735781801807,-0.08692368378319593,-1.1160240173339844,0.8731782686766609,-181366700.0,0.22182329207018037,1.1058524352836896,0.4695247624389866,-0.05025851732289113,-0.0005003190642055986,1.4980130535328855
SLB,2016-10-26,60.34813295682709,61.228797909810936,60.21907178714998,60.75050354003906,4238200.0,-0.0024961630131586426,0.016620868368530863,0.0066674901690799765,-0.009099867083602317,61.69720306396484,61.28420505523682,61.096145952213654,-0.008708630791844625,0.9624068069458005,0.012312867268725478,1.1198068777355716,0.010542158857432387,0.07530610233296307,41.80342770938663,0.43885307521745887,-0.14683534939673426,-1.078033447265625,0.7102624562391383,-185604900.0,-0.18651605307083888,1.492813237884422,0.43657690525528325,0.06147262375339892,-0.00010957997940151138,1.164550277804033
SLB,2016-10-27,61.0389845665134,61.17563923866606,60.37848601908051,60.4316291809082,3919600.0,-0.005262741097957454,0.013190993365397896,-0.009950286524563142,0.004748619512004641,61.55067863464355,61.36885452270508,61.032858640660756,-0.0152720031860807,1.0787815093994126,0.012209547624377223,1.116011357574532,0.010328787635772925,0.06585560551904687,40.33909871936666,0.33271480549870347,-0.20237889529239173,-1.4652442932128906,0.6912758957301421,-189524500.0,-0.2128685636862687,1.6559572947606636,0.21632541249649131,0.13044612683088028,-0.00376340517970038,1.1821686443347046
SLB,2016-10-28,60.55311135350559,60.87956390696563,59.69522131255399,60.127960205078125,5001000.0,-0.005037668419215556,0.0196970359608443,-0.007021128046508778,0.002010241561314191,61.38972969055176,61.39011096954346,60.946677837271935,-0.020559512672839175,1.1627309036254871,0.01176347286345323,1.1393279476888725,0.010394324111481746,0.063685185033753,30.984170748578833,0.22154211399472956,-0.25084126943709256,-1.6094894409179688,0.8936964112754786,-194525500.0,-0.06268526176284446,2.212964837561582,0.13469424551483072,0.13191064028675442,-0.0010578172116535842,1.083367635874126
SLB,2016-10-31,59.885006413649975,60.05202942292431,59.23969498050171,59.391536712646484,6225100.0,-0.012323224761713441,0.013677612794444323,-0.008240288021260214,-0.00404061256359784,61.180952835083005,61.364678382873535,60.79856915873618,-0.0321543552777381,1.2064220046997036,0.012072741893644611,1.1393291359342967,0.0104842491091783,0.06673145890990717,29.789633222900264,0.07317027237746743,-0.3193704888434838,-2.0877685546875,1.0989905338271797,-200750600.0,0.0886740233647317,1.7271853658419276,0.0,0.158342142737014,0.0007541943379125964,1.0967912474471633
SLB,2016-11-01,59.71798187085221,59.83185591577941,58.99674676402162,59.74834442138672,6825500.0,0.005989745366717471,0.013977109488892544,0.0005084322943157761,0.005496492872126977,60.97672805786133,61.37075080871582,60.698547755179085,-0.026436150217322867,1.255471572875976,0.012110260369914725,1.1577664346796108,0.010573620126824976,0.06603759116149209,34.39626409976135,-0.015446028732299055,-0.32638943196260023,-2.042247772216797,1.1880559085133418,-193925100.0,-0.04677764225321119,1.6610837722006349,0.09020838514454861,0.17380877214906548,-0.008338141925901814,0.7738666661653804
SLB,2016-11-02,59.27765088518835,59.38393719088896,58.396986304047026,59.03470993041992,6395900.0,-0.012015907170819984,0.016718145782458855,-0.004098356651125865,-0.00787793437218463,60.545508193969724,61.2800271987915,60.540087009963926,-0.03664027858681921,1.2174716567993116,0.01139589083050476,1.1837959189421798,0.010334493048430048,0.0741600192715689,30.42559708139342,-0.14162683909504636,-0.36205619386027804,-4.312198638916016,1.1216105428830716,-200321000.0,0.01954572132839321,2.3000996354147394,0.0,0.0033296308280361575,-0.006973154878495902,0.6670392421358377
SLB,2016-11-03,59.16378397870364,59.71799623000886,59.06509118531308,59.56615447998047,4935800.0,0.008961960086689145,0.010961007142322952,0.006800959543454205,0.002186409460397958,60.201594543457034,61.16766700744629,60.44733153091788,-0.026182337921615687,1.1408692932128943,0.010942984952582922,1.1756625578846827,0.010207031393859586,0.07784729321349812,35.86949505822585,-0.19647803027933008,-0.3335259080356494,-3.439136505126953,0.8773601339557107,-195385200.0,-0.053603702563521524,2.92146504365688,0.12324213071541577,-0.054131017469286266,-0.004484734915643296,0.46637676329361066
SLB,2016-11-04,59.61169400382928,59.92296519449446,58.95879486198019,59.09544372558594,5178300.0,-0.007933707796523873,0.01631547665487491,-0.008660218215073344,0.0007645201246643305,60.00192794799805,61.035947227478026,60.31858031136245,-0.03179279736021669,1.0544716262817388,0.011026794794216059,1.1865079856621814,0.010272590213267811,0.08310939335421198,34.90380847791815,-0.2747631202440175,-0.32944879840026947,-1.9966659545898438,0.9215057150331264,-200563500.0,0.03670882950067242,2.73220110544887,0.014084183060834329,-0.088323614594937,-0.0019130810665641262,0.48081467244152865
SLB,2016-11-07,59.90019408405757,60.58346740514124,59.75594588511493,60.54550552368164,4756400.0,0.024241412605988347,0.013667761345268379,0.010773110997245051,0.013617807190154072,59.9594123840332,60.938010597229,60.34019223634523,-0.006441054929436932,0.9662179183959978,0.012136505531556862,1.2315175304156116,0.010372466274056745,0.08032148970849455,43.10915002322341,-0.21729194335692625,-0.21758209721054256,-0.4251556396484375,0.8449881016991608,-195807100.0,0.3792555577206833,2.1491729740832324,0.35035389513919935,-0.10612093107549671,0.023732921403419087,0.8017607654213272
SLB,2016-11-08,60.22663580306802,61.10729453220941,60.074794096547876,60.61381912231445,4012600.0,0.001127665676109424,0.017034076562277303,0.00642877215510531,-0.0052666125727350264,59.9305606842041,60.867783546447754,60.36625193977087,-0.004172394809472607,0.9079285049438468,0.012058103937723953,1.147466047331939,0.010475267543962408,0.07875669522157633,31.8913027763722,-0.1643388887156334,-0.13170323405539977,-0.2885169982910156,0.7195636638820322,-191794500.0,0.27237620294154663,2.232608489401024,0.36619583661608024,-0.07505294188798212,0.004860334975193351,0.848201593207071
SLB,2016-11-09,60.17350038720848,61.061752763874544,59.86222919296487,60.68975067138672,6737600.0,0.001251926206604166,0.019764845919448028,0.008579362690490653,-0.007264329182384024,59.92448539733887,60.81084423065185,60.3970613427819,-0.0019913152135470004,0.853864173889157,0.012059305859750529,1.1485519824580426,0.010735829403792642,0.07743701987593635,34.09800265223221,-0.11492142730469368,-0.06582861811556803,-0.06075286865234375,1.179893684181954,-185056900.0,0.21335519776711703,2.208866732527492,0.3838043828019924,-0.0717658923936162,0.011981147244698152,0.7646640495949575
SLB,2016-11-10,60.340535074199025,61.27433725341359,60.340535074199025,60.64420700073242,6798600.0,-0.000750716018285771,0.015398044189171917,0.005032635626448795,-0.005754111581024142,59.94574317932129,60.74821090698242,60.42059902449148,-0.0017120488767850405,0.7702735137939456,0.01205052472877031,1.0357562111030052,0.010718980466463556,0.07568456768981374,45.86272922097462,-0.07852751044170958,-0.023547761002067152,0.21257781982421875,1.1686573745003175,-191855500.0,0.2392343029192877,2.23420179550811,0.37324279360763896,-0.07041257660671292,-0.0004385738887595421,0.7848130674509284
SLB,2016-11-11,60.12796060578894,60.302577188084264,59.27007635129121,59.71800231933594,4955700.0,-0.01539059425870277,0.01728960776805396,-0.006818097309848479,-0.008512707486425613,59.90474739074707,60.64723854064941,60.353685052571905,-0.015321987343094673,0.666264114379878,0.01246775709538795,1.0672082429089582,0.010830807400400358,0.07562738175759565,39.926795435205804,-0.12300413123946896,-0.054419505439861224,-0.4099578857421875,0.8498659356508274,-196811200.0,0.29742138572822086,1.6784740980446593,0.15845568457004622,-0.07071515582360031,0.0031420076829938135,0.7540228713928095
SLB,2016-11-14,59.5205996612271,59.91537659253776,58.822145048509,59.75594711303711,6060900.0,0.0006351978009812837,0.01829494128778101,0.003954050415310536,-0.0033055804019237727,59.941188430786134,60.56107063293457,60.296757629759064,-0.013294406976015681,0.5776668548583999,0.01246153938985352,1.0596159372318783,0.01096777608410103,0.07566456909029341,40.73609623739742,-0.15342179497392294,-0.06786973533945216,0.364410400390625,1.0188689712212256,-190750300.0,0.23429641377056207,1.6633827121867069,0.16725509220186074,-0.07263189083374669,0.0011067942006238174,0.7567373780972083
SLB,2016-11-15,60.310149406504095,61.91963100682181,60.27978106413615,61.61595916748047,5833900.0,0.030652195247784612,0.026614045530449743,0.02165157562742747,0.009274429077638603,60.12794990539551,60.55233898162842,60.42239587144682,0.01756530307069979,0.532797660827633,0.014381991548762248,1.1420414923121456,0.011392728186169498,0.07506533788861584,55.480636087541754,-0.02712787139176953,0.04673935059416101,1.86761474609375,0.9654762673127558,-184916400.0,0.5175201328715154,0.9686472559879401,0.5985923764688836,-0.1032242438250739,0.006978692569034159,0.9059217929428816
SLB,2016-11-16,61.50969238204899,62.17778460470067,61.319894508281386,61.524879455566406,4501300.0,-0.0014792773793221184,0.013943791584977511,0.00024690537262139366,-0.0017246633318266163,60.376966857910155,60.46123752593994,60.527394308029635,0.017592129654476964,0.4047993087768589,0.013098643914606904,1.1463798406574124,0.010930483738299197,0.06350118319907445,57.1288561602298,0.06486389082208888,0.11098489024641553,2.4901695251464844,0.7799496471313939,-189417700.0,0.6075318834789248,2.2379411570432923,0.6271549389314559,-0.06595478140330971,-9.416955720514253e-05,0.888079533332847
SLB,2016-11-17,61.881676827808185,62.15498612536354,60.636603713242316,60.811214447021484,4733600.0,-0.011667416894107796,0.02496878948938006,-0.017298535457682684,0.005799237241894312,60.501472854614256,60.35153369903564,60.55442479745743,0.0076167202357806515,0.2841636276245083,0.013271189647576509,1.1702398276366688,0.011167780687424257,0.05023306530364277,54.22922153573414,0.07926747716472704,0.10031078127124296,1.2450599670410156,0.8423840022493945,-194151300.0,0.6369975799210894,2.037229235155182,0.6882343960485782,-0.1179775846936247,0.003836225368372707,0.8548615970440797
SLB,2016-11-18,60.81123139886258,61.130090404173096,60.522740745320334,60.735313415527344,3951100.0,-0.0012489215890374727,0.009999942779540992,-0.0012484204247943855,2.7876175885019594e-07,60.6654598236084,60.33369388580322,60.57165228489266,0.006656637508127533,0.2292749404907184,0.011428796986515341,1.1501744300849792,0.010290934487938375,0.04930087198854692,59.05844972379498,0.08359422204714662,0.08371002092293003,1.6398696899414062,0.7446819538406881,-198102400.0,1.4943248199964825,2.661155925581943,0.6588296295075032,-0.15205782087069497,0.0007990079488321185,0.8026009030144136
SLB,2016-11-21,61.57802506175208,62.185380598676254,61.517288349625325,62.033538818359375,5202100.0,0.021149888951894624,0.010769855497155695,0.007397342739564877,0.013875151025552973,60.81426315307617,60.386837768554685,60.71087957379425,0.02726920485745619,0.23823333740234176,0.01239311193335404,1.1941000037557739,0.01018614734092315,0.05465188744173723,63.669600251189316,0.18959362157357873,0.15176753635948972,1.4880332946777344,0.9843159589705941,-192900300.0,1.1668297286936973,0.9957728499981121,0.999999996665365,-0.14985801516488964,0.007386140651134489,0.9213098815873996
SLB,2016-11-22,62.23850264422634,62.25368392101826,60.94787401446438,61.874088287353516,4646400.0,-0.002573701437857346,0.021104309456480036,-0.005855127314934313,0.003304080820975199,60.94029006958008,60.43542537689209,60.82166135603799,0.023804960443142793,0.21970836639404467,0.012410007553892773,1.1908465601282157,0.010244519818051244,0.058479498289622206,68.1906740309888,0.25776127261433857,0.17594814992019964,1.2602691650390625,0.8857911954673356,-197546700.0,1.18048767771666,1.0053231494924777,0.9468290634669352,-0.16605261673622168,0.003458369582745165,0.9141242629246417
SLB,2016-11-23,61.547645080392435,62.192956596378785,61.50209545098675,61.798179626464844,3122000.0,-0.001227577883088514,0.011179312231653108,0.00407057891077985,-0.005275927548944628,61.05113296508789,60.48780918121338,60.91466309607865,0.021663380819856946,0.19571750640869112,0.012395199326310448,1.1913876205427225,0.010110092941092542,0.06169182440127323,65.18600725466706,0.3021761342692315,0.17629040926007405,1.108428955078125,0.6015796765497613,-200668700.0,1.1685789886549387,0.9970411336012128,0.9215162952256961,-0.17189747410878764,0.0013415671002433424,0.9120345501711674
SLB,2016-11-25,61.51725787988205,61.790567156909596,61.30468528489815,61.71464920043945,1819700.0,-0.0013525791539784682,0.00787303951827352,0.003208714551985151,-0.004545793230169641,61.15817718505859,60.551960182189944,60.990852248874916,0.019201509162563638,0.19169368743897053,0.012323415280937035,1.15776790690361,0.010011765846669136,0.06421745800037144,68.81133947803464,0.3268671043242435,0.1607851034520688,1.0704421997070312,0.3578793138204507,-202488400.0,1.1433992917729905,1.0077942734859646,0.8936619464554859,-0.18596070319190106,0.004199670238507986,0.8986597456594309
SLB,2016-11-28,61.80577211943045,62.2764670611368,61.365439735368625,61.5400505065918,5909400.0,-0.00283313838822979,0.014803811798474073,-0.0042993009184512125,0.0014765200835063416,61.34038200378418,60.622564697265624,61.04315684484795,0.015134394493335522,0.19047874450683366,0.01227545144573946,1.1165538816331007,0.00985859107576865,0.0653754996417386,58.7450826226728,0.3285587992532939,0.12998143870489537,1.8220481872558594,1.1519084929226457,-208397800.0,1.132433814065932,1.02480367336244,0.8354396537572842,-0.220836954777204,-0.0059579027972917,0.8573997112700716
SLB,2016-11-29,60.439216923487166,60.955467214122294,59.778718439357476,60.674564361572266,6326400.0,-0.014163618885227157,0.01939443302389991,0.003893952471009627,-0.017888083842029286,61.432243728637694,60.686716079711914,61.008052798821694,-0.00020023687100958261,0.19450218200683622,0.012386632775385525,1.1686132838882999,0.010034924366055424,0.06245169064698441,50.46846151402149,0.2570983116405543,0.046816760873724605,0.9186172485351562,1.2319771925314889,-214724200.0,1.0918972096261956,0.9689087456220703,0.5468316089254428,-0.17088838782794105,0.000488930442666214,0.8636384687701196
SLB,2016-11-30,62.61052320348938,64.05298819514556,62.29166416731936,63.8100471496582,13534300.0,0.05038608506709152,0.02760261285648702,0.019158503791291956,0.031907255738670565,61.65165252685547,60.88980121612549,61.274909403663266,0.04795952483351746,0.26579135894775874,0.016766238949071435,1.324249016935701,0.010543119902442307,0.07551555795816002,66.34855649213779,0.44830483792642895,0.19041862972767937,2.1940879821777344,2.474006507512887,-201189900.0,1.583282938774947,2.5469159738342544,0.9999999979059071,-0.30456704662142886,0.0002297017674872738,0.8941944798575083
SLB,2016-12-01,64.5236743576916,65.60173052925403,64.05297940475269,64.23518371582031,7991700.0,0.006640436750377961,0.024110635868235225,-0.00447108204458449,0.011183618253089216,61.92268295288086,61.149824905395505,61.55684029053537,0.05045572600082087,0.4035848999023415,0.01638034358628568,1.3855262455343624,0.010788224662522267,0.08423214231139539,68.094890081606,0.6269156619419505,0.2952235629945607,2.7103042602539062,1.4398447676649748,-193198200.0,1.5570602254807286,2.621603226053287,0.9999999980543763,-0.19199665128944182,-0.006386873842505781,0.6947940781708795
SLB,2016-12-02,64.22757768858791,64.8653013415503,63.96945544745825,64.53884887695312,5090300.0,0.004716257119377941,0.01388072315637415,0.004846379072155455,-0.00011840905236681516,62.29544639587402,61.39845962524414,61.84084110828944,0.0511476879204605,0.5307489776611334,0.016344365754294852,1.3513630487237083,0.01084869649322534,0.09363193568015235,75.91828748766387,0.7839325806548274,0.3617923853659501,3.7276344299316406,0.9158320761625119,-188107900.0,1.6096158919588828,2.7781577289599237,0.9999999981629146,-0.18320223210515948,0.0021213269289003267,0.7856623427219692
SLB,2016-12-05,64.85196337902725,65.05052260395495,64.32502603511352,64.4777603149414,5976100.0,-0.0009469876314318382,0.011251888485234849,-0.005770111567768856,0.0048515662662514895,62.66969108581543,61.667575454711915,62.09197627082772,0.04556989373278124,0.6630659484863273,0.016147418199257066,1.3250962647817555,0.01073394469492745,0.0964108843204878,75.3228378223008,0.893144667797543,0.37680357800693254,3.7424468994140625,1.067541025776147,-194084000.0,1.6198633972206598,2.894191121277722,0.987328248025551,-0.140788284316339,0.006111414375500705,0.7033102372658474
SLB,2016-12-06,63.9660935412551,64.3708446232586,63.50788487910848,64.11882781982422,4878600.0,-0.005582316489394257,0.013458757333728352,0.0023877380986321137,-0.007935554386304257,62.87821998596191,61.846241569519044,62.28500975168453,0.03674574545893214,0.7069491195678737,0.01557311623908953,1.2398242320709143,0.01072806918119985,0.10073007824110845,65.99859548506971,0.9398986148909287,0.33884602008025455,2.0852890014648438,0.8705388808045517,-198962600.0,1.9884874144705496,4.583745995436059,0.9128740022654338,-0.1262921837940186,0.002775075520193607,0.3298504688168026
SLB,2016-12-07,64.18754749980255,64.76030965181826,63.81333869878366,64.4166488647461,5138900.0,0.00463407590761371,0.014700717434446649,0.0035692493928709515,0.0010717550884029525,63.132476043701175,62.036383056640624,62.488023000547535,0.03836886824836699,0.7525553894042929,0.015570912649109342,1.24618715040058,0.010666199326944398,0.10506938979601396,68.00851987384581,0.9895759090474101,0.3108186513893887,2.542560577392578,0.9078638901991545,-193823700.0,1.9518601066784522,4.4783845680204415,0.9746517503734969,-0.12901548821943218,0.015121328332192555,0.2773124208610463
SLB,2016-12-08,64.48541410465788,64.72979250633335,63.996657301306925,64.5083236694336,4848400.0,0.0014221421705422953,0.011364970647560245,0.00035526739021222276,0.0010675072535388836,63.403490447998045,62.22731170654297,62.68043258806049,0.036656122534227745,0.8378079223632824,0.01556986049645749,1.190098064179523,0.010440745373730149,0.1083876257301241,74.95718902493981,1.0245327375035203,0.2766203838763991,2.71014404296875,0.8710790751656944,-188975300.0,1.950457643933017,4.4752693084560375,0.9936680794355546,-0.13152382661873693,0.0021337452264621765,0.3830925210852537
SLB,2016-12-09,64.81379830269123,64.89780392472223,64.10357266052779,64.74506378173828,4829000.0,0.003663198028432004,0.012267055089664679,-0.0010604920981785748,0.004735429722573562,63.70653190612793,62.43235454559326,62.87706413031552,0.037043440904604784,0.9227222824096728,0.015542654064672388,1.2034467502753567,0.010367764000376515,0.11098310652200305,76.49238496288507,1.0591302304378445,0.24897430144857857,3.030414581298828,0.8832206368918828,-184146300.0,1.9142537829243322,4.3950722152411235,0.9999999980107663,-0.15490806587253553,0.005037937606614173,0.35811443196006754
SLB,2016-12-12,65.74548109546834,66.30297237139469,64.66105239592959,64.92070770263672,8233600.0,0.0027091810941050603,0.025291159532421652,-0.012544944216530587,0.015451638399840878,64.04459762573242,62.692489814758304,63.071696851488966,0.03554202256860877,1.0785000228881856,0.014913636061476237,1.2171505211550848,0.010651345237075465,0.10804324054860753,72.39796159946968,1.0881781490143254,0.22241777602004753,3.380657196044922,1.4620914748325677,-175912700.0,2.080157046670892,4.993883001734201,0.9999999980638018,-0.17883571907325446,0.00013892159475228984,0.3844944682456334
SLB,2016-12-13,65.4705476893375,66.23423070725076,64.95124300409891,65.77601623535156,6273400.0,0.013088633246740656,0.019505402980947027,0.004665739890607596,0.008469408393070296,64.55474281311035,62.993493270874026,63.3292510785235,0.044171593286827245,1.2619869232177763,0.015015196378950223,1.2177014567308109,0.010688115203508406,0.10660808141556913,77.32053045580203,1.1667653396937752,0.2408039733595977,5.101451873779297,1.111908699204716,-169639300.0,1.9119259827940054,4.365125118860955,0.9999999980397738,-0.1722804830198077,0.006417049135263797,0.4356874750839071
SLB,2016-12-14,65.31780678696792,66.02803221795433,64.76795408859923,65.03524780273438,5858700.0,-0.011325880176880599,0.019375310649652488,-0.004325910469638146,-0.006966208575845234,64.67726287841796,63.16445770263672,63.49172695701977,0.02961776556215987,1.3247843170166007,0.014083431853629135,1.2583598127281732,0.010389393700319131,0.10798067067197055,70.7348123213818,1.1559473908755251,0.183988819633078,1.2252006530761719,1.0381783546715102,-175498000.0,2.357057910830468,7.498357788367269,0.8547926238464478,-0.1837717274567509,-0.007844820395517234,0.42474449392907
SLB,2016-12-15,64.53122022004291,65.44763758489967,64.37848593471328,65.12689208984375,6171000.0,0.0014081560479642296,0.01641643898363014,0.009230754784578327,-0.007750067843522112,64.76643371582031,63.34455833435059,63.647456969669676,0.02813712499320776,1.4193307495117224,0.014052073415815282,1.2994781919152938,0.010457096260903494,0.10817362569704173,71.8341859537559,1.1416092556918898,0.13572054755955398,0.8917083740234375,1.077577363017496,-169327000.0,2.3402158930860653,7.476933554465546,0.8727569777592564,-0.1963390523116957,0.0042894841319578445,0.3995718292033852
SLB,2016-12-16,65.29490661621094,65.33309310270276,64.89779395831896,65.29490661621094,9524800.0,0.0025764806340298216,0.0066666630973591465,0.0,0.002579802612650522,64.8420394897461,63.56874294281006,63.80435693600694,0.02715428359113264,1.5738843917846737,0.013631261066936485,1.265497607530696,0.009956194736441298,0.10423505335857383,74.04675410973462,1.130768750107876,0.0999040335804322,0.7560577392578125,1.5964346382470194,-159802200.0,2.4611517404400503,8.153245104739922,0.9056916265994054,-0.22388391473412092,-0.001152081274814127,0.4466721402509616
SLB,2016-12-19,65.2185453259198,65.4476467861234,64.89016132249834,65.00471496582031,3155900.0,-0.004454228287914441,0.008576077349438176,-0.0032786741720611558,-0.0011694831074645186,64.89473495483398,63.782213020324704,63.91867674837012,0.01916681606996058,1.721856956481929,0.013710209379332988,1.1795085644157486,0.009932146603359324,0.09679188089862611,79.93696775333557,1.0862400314555458,0.04430025194248155,0.5269546508789062,0.5325033936355729,-162958100.0,2.4483691803413934,8.03373882243076,0.8488074969434293,-0.2038165199722062,0.0030104858504891906,0.42075149606883905
SLB,2016-12-20,65.37890890443319,65.58510077227213,64.93597131996196,65.12689208984375,5185600.0,0.001877747653884414,0.009967149229456195,-0.0038547112335236625,0.005756412266550644,64.99554138183593,63.93688068389893,64.0337448761295,0.018612284384472648,1.82407154083252,0.013048752944649097,0.9845589657540964,0.00991603090105081,0.09469636777837852,65.606839461632,1.0487203782288717,0.005424478972645863,1.0080642700195312,0.8751018865249902,-157772500.0,2.938693444113123,11.348633789060127,0.8727569777592564,-0.18168167993482712,0.004689199267570022,0.23368782240311706
SLB,2016-12-21,65.34837405779656,65.87531735337467,64.95889397730662,65.7989501953125,4825200.0,0.010266330870994062,0.01392762913918555,0.006894986202983896,0.0034007759444020986,65.13377151489257,64.13312377929688,64.20185966843265,0.025974509237196592,1.9447028350830138,0.013102565453599625,0.9220403940735414,0.009683119314363817,0.0927017535558642,67.50852507636692,1.060984881940776,0.014151186147639994,1.3823013305664062,0.8130555298122046,-152947300.0,2.754313583202547,10.42366039699094,0.9999999980485467,-0.19025426128220752,-0.003340065463705227,0.1641522668685168
SLB,2016-12-22,65.51637919381851,66.44043512104179,65.36363906549225,65.96694946289062,3991700.0,0.0025499671621588395,0.016323265882641467,0.006877215661433072,-0.004294460635849503,65.27963409423828,64.34156227111816,64.36996345838102,0.025261854614650376,2.0703730773925813,0.013063168100498687,0.9349654056062187,0.009814646925968805,0.08908607346797275,66.49052946876927,1.0719044787646936,0.020056626377246145,1.4586257934570312,0.6677166039241336,-148955600.0,2.733285782867374,10.394820982236872,0.9999999981104928,-0.19849869467664896,0.0004999891165233306,0.16263917348924925
SLB,2016-12-23,65.69965628928003,65.88293860223543,65.08871330394881,65.30254364013672,2894200.0,-0.010122862222440973,0.012162241377049009,-0.006044364180457746,-0.004051925635290457,65.33538208007812,64.52095699310303,64.45878061854823,0.012113686520756957,2.1816543960571266,0.013370216117104546,0.9458753763276755,0.009892223869534188,0.08095034313029895,58.35921116932765,1.0152432484923537,-0.029283683116074988,0.5574798583984375,0.4798188286863422,-151849800.0,2.6014103529963224,9.640895469410278,0.8744600366793037,-0.2002496375901869,0.00120588977091353,0.19726870139225394
SLB,2016-12-27,65.52402617171923,65.63857399979928,65.08872694569234,65.24909973144531,2634200.0,-0.0008187397767906369,0.008426891043248334,-0.0041958111602210515,0.0033916371283029215,65.36822128295898,64.7064094543457,64.53404910549081,0.008386963234028776,2.2968738555908175,0.01333227643864455,0.9158733490615332,0.009757858308345597,0.06853144453262643,62.21152118327627,0.9550174913350276,-0.07160755221872095,0.32839202880859375,0.44890168879194287,-154484000.0,2.6019348156073,9.692104308874542,0.8643617714232265,-0.2208682934771934,0.0029445374896651124,0.11335518401564428
SLB,2016-12-28,65.12688061418137,65.27962069903698,64.46248018098453,64.63048553466797,4222700.0,-0.00952603711406408,0.012643267512111417,-0.007621969221189988,-0.0018731157635426762,65.25366821289063,64.90420551300049,64.5432335273172,-0.004217291871444224,2.4316463088989266,0.013059924352975247,0.9065997465628085,0.009551140524612043,0.03554044074819099,52.160540458872035,0.8476005377926583,-0.14321960460887218,-1.1455307006835938,0.732736818085986,-158706700.0,2.7891805427193836,10.43579985822803,0.3803780895280521,0.13800566172969,-0.009458918424882742,0.2985209586060683
SLB,2016-12-29,64.34791843874187,64.79848852261584,63.98898656775739,64.30209350585938,3535400.0,-0.0050940226492682495,0.012589045095159936,-0.0007121432051624294,-0.004372040432444651,65.18035278320312,64.92880783081054,64.52026781098789,-0.009652330697095791,2.4060186004638595,0.006500731787985586,0.9120545144079532,0.008947274178705191,0.03306094221503826,48.011435112504614,0.7275861754508952,-0.21058717356050827,-0.733154296875,0.6717499814743386,-162242100.0,-0.14207499447424218,-0.24206539723274353,0.0991632156525419,-0.04337523717962536,-0.0002545822333016726,0.4207649448282813
SLB,2016-12-30,64.37847686784518,64.53121113166418,63.88972023189797,64.1111831665039,4149700.0,-0.0029733760395380436,0.010005912667376415,-0.0041519109234281594,0.0011878829727191465,65.07878189086914,64.92260780334473,64.48130736865608,-0.01249833708619176,2.384533081054691,0.006368113327639877,0.9011444883773656,0.008459311072544447,0.03362321995423262,43.833332838519475,0.610036933719428,-0.2625091322335804,-1.0157089233398438,0.8183408369766924,-166391800.0,0.03724672195312865,-0.053630693054759156,0.0,-0.06393522815437987,-0.0045463435330222604,0.5672749521588675
SLB,2017-01-03,64.80614168764232,64.99706244306752,63.927905047398625,64.76032257080078,6667100.0,0.010074296730667813,0.01650945136198192,-0.0007070181258804919,0.010839895425631635,65.02532348632812,64.93368148803711,64.50788024505081,-0.0026697842054168217,2.3605061340332014,0.006688774335156427,0.8602328755347796,0.008545942574620618,0.0332489435442798,48.57132371730396,0.5627711619510194,-0.2478199232015913,-0.5345840454101562,1.294655427198813,-159724700.0,0.08342576636352776,-0.3337175063974699,0.349795877887656,-0.09132174142958678,0.008450868607679879,0.6347883099180412
SLB,2017-01-04,64.91305589176709,65.45527013004329,64.56176240611373,65.24143981933594,4655400.0,0.00740173727212512,0.013695401671143775,0.005058827119715058,0.0023584397807674008,65.04899597167969,64.97186546325683,64.5777430616494,0.004149093675501056,2.315703506469724,0.006873359497163652,0.8302317840573166,0.008612293144252341,0.032799456029629526,44.897985932107126,0.5577059513380931,-0.20230810705161417,0.236724853515625,0.9157548427072935,-155069300.0,-0.05796041974540745,-0.5888604759525012,0.609051176833092,-0.010313081791373316,0.005162547293474041,0.6929656968586588
SLB,2017-01-05,65.35600411272844,65.57747292112268,65.05816815609755,65.14217376708984,4543000.0,-0.0015226771017464009,0.007971867301847414,-0.00327177814099185,0.0017560049825655537,65.0505241394043,65.02303276062011,64.63149836692943,0.001832289289063853,2.2834405517578062,0.0067402183816435614,0.7773194008908894,0.008486839885538867,0.030406026105396385,51.16290261821114,0.5394631986691536,-0.17644068777644306,0.01528167724609375,0.8966043306600986,-159612300.0,-0.11834101045861888,-0.38888257376329766,0.555560577340869,-0.0007512401423198786,-0.0008673354518079796,0.70808940347162
SLB,2017-01-06,65.27962903032652,66.31059997231564,64.7908665228489,66.0433120727539,5689900.0,0.013738600332808007,0.02301116345880094,0.011698642497992889,0.0021100810011058834,65.07496032714843,65.1043659210205,64.7659568151032,0.014422168750901587,2.26195419311523,0.007304634646932505,0.8095038151252005,0.008820843329541098,0.03208886404529396,58.47459181672073,0.5909083917744482,-0.09999639573691887,0.24436187744140625,1.1168831933606114,-153922400.0,0.019794028682332303,-0.5705117369099196,0.999999994824362,-0.03464737537707394,0.004308020534223289,0.993367762385999
SLB,2017-01-09,65.6691327983197,65.98224578359402,65.24147196618095,65.5011215209961,4336500.0,-0.008243505366801166,0.01130933028643822,-0.0025584512869933837,-0.005665664890065065,65.02837753295898,65.15400581359863,64.8359725013787,0.00532761881733779,2.2165817260742173,0.007605588364017029,0.8356853124244255,0.008818516356827727,0.031290604576707744,51.783543807647284,0.5812287880355314,-0.0877407995806686,-0.46582794189453125,0.8555194965327441,-158258900.0,0.11557974273676766,-0.8355542656633189,0.7193817880381757,-0.14417655376692237,-0.002650232152556202,1.0438516402069231
SLB,2017-01-10,65.43999961081306,65.45527070752446,64.59231099557375,64.60758209228516,4306200.0,-0.013735491201704588,0.013356941770674233,-0.012720316679072214,-0.0009331429563910683,64.95888137817383,65.14713172912597,64.81422103384598,-0.00828201675991202,2.1261885833740237,0.008220945183593691,0.8607799596956599,0.0088435416160734,0.03170460546161538,46.889814355622214,0.4957418644336826,-0.13858217854601385,-0.6949615478515625,0.8539455967128786,-162565100.0,0.12488721651038567,-0.8999075891397845,0.2569181184580028,-0.026688110469663566,-0.0019735794947661075,1.1294136116774576
SLB,2017-01-11,64.90543444912943,65.5316544488761,64.62287539007868,65.41710662841797,4149600.0,0.01245201975087828,0.013892070524602455,0.007883348807865526,0.0046101765024857775,64.97568206787109,65.17195167541504,64.8716387095195,0.003761663517825941,2.045225601196293,0.00867655915318714,0.8804187385728584,0.008389618788116563,0.03172160141094971,52.05193185508363,0.48769290592505854,-0.11730490964371032,0.16800689697265625,0.8576193910935391,-158415500.0,0.0947688503029733,-1.144069764114156,0.6758987202824347,-0.19085659733068913,0.003492791050148196,1.19601577677993
SLB,2017-01-12,65.44000357845908,65.44763621405804,64.64577249321378,65.16507720947266,4286500.0,-0.0038600936893724387,0.012305114260306449,-0.004201197340351698,0.00035001471665774736,65.02914123535156,65.14140472412109,64.89958523332456,0.00036340151784910074,1.8992078399658112,0.008179997191478714,0.8722359060568726,0.008137957947203187,0.03051387224531732,45.235263284062796,0.4557240770246693,-0.11941899083527963,0.5345916748046875,0.9044842287618178,-162702000.0,0.23116379148024058,-0.8999469471985095,0.5454574144121891,-0.1165175879458233,-0.0022488094296363517,1.1080074119320602
SLB,2017-01-13,64.87488860065329,65.47819905657335,64.74506384881296,64.7756118774414,5117000.0,-0.005994527211342624,0.01131807460418145,-0.0015302796714303229,-0.004453130744962587,65.07649307250976,65.12842292785645,64.88777824704997,-0.005417159429852232,1.7856806945800798,0.007892103225750203,0.8476887026433617,0.007862398152355182,0.030905101759435352,41.33342805542574,0.39441537744465904,-0.14458215233223193,0.47351837158203125,1.0882417993738942,-167819000.0,0.27648739264929156,-0.7865724471613273,0.3438842539694846,-0.0869105427542098,0.0007699300716422276,1.0542390369260128
SLB,2017-01-17,64.76796578771861,66.0815017318786,64.76033315129071,66.00513458251953,5795300.0,0.018803363104227186,0.020016148576080414,0.01910155398203839,-0.00011803963715949496,65.26588821411133,65.17233505249024,64.9941931361423,0.012778420925973403,1.690184326171881,0.00898031193588387,0.8793267327609386,0.008017492732324463,0.03314484912819653,54.72279660947411,0.43996831718227725,-0.07922337007569102,1.893951416015625,1.2374407335006656,-162023700.0,0.42734672866138096,-0.6886058164303169,0.9802407075877357,-0.16075974707215998,-0.003613012251274351,0.8024495486843388
SLB,2017-01-18,65.51637292134022,66.8528183274341,65.51637292134022,66.80699920654297,8744900.0,0.012075317889514374,0.020004571706058356,0.019699293896386638,-0.007404903637735356,65.47055587768554,65.24793968200683,65.16684133332332,0.023894387043244435,1.620972061157218,0.009333230530027738,0.9355123293314342,0.008415931824187898,0.039987577593503826,59.514803145056746,0.5346104671303635,0.012335023897916186,2.0466766357421875,1.882931765820468,-153278800.0,0.31688037469903463,-1.034872254693921,0.9999999962905481,0.0037894913036164188,0.002617274751472742,0.8812236633435185
SLB,2017-01-19,66.47861473527182,67.08191924384316,66.37169956971947,66.5931625366211,7261400.0,-0.0032059459341023063,0.010665053994591809,0.001723077440849543,-0.004915420168115985,65.60572814941406,65.32736206054688,65.3026814479231,0.019376268016165207,1.5504400634765645,0.00929781927004385,0.9278751261936655,0.00845879710117404,0.043767943456566226,62.610466336076485,0.5856096768437027,0.050667386889004185,1.3517227172851562,1.4973270853631504,-160540200.0,0.3050692630268983,-1.013086605218379,0.9206783118904658,-0.025515568687632113,-0.0012401041351366427,0.9638602304507805
SLB,2017-01-20,66.53206548932867,67.03609324285172,65.34835450107052,66.05094146728516,10368600.0,-0.008175622936464268,0.025552076992227814,-0.0072314607776709705,-0.0009174672738935047,65.6966049194336,65.37356452941894,65.37394430690998,0.01036163383077246,1.4865338134765622,0.009529212723775967,0.9906063252595761,0.009027315277385057,0.044718679758609006,60.9360881127382,0.5756386056824283,0.03255705258218389,0.9087677001953125,2.0295866385448424,-170908800.0,0.4028432509514006,-1.099629321399253,0.7195440136774699,-0.0038853160085744356,0.0029476819124144684,0.9079075171218468
SLB,2017-01-23,65.56218854707934,65.62328458930351,64.0730089331109,64.3555679321289,6870200.0,-0.026002828673400275,0.02408922345037142,-0.018404215016159502,-0.007399635937784321,65.5278305053711,65.30139541625977,65.27695608074035,-0.014484031743912051,1.3395297241210926,0.010922492967619265,1.086066442003008,0.009394710340962726,0.04639535133873403,51.28620462025001,0.4260230558919602,-0.09364679776662743,-1.687744140625,1.318409702598842,-177779000.0,-0.04468346763711431,0.04185814880786551,0.09065335360009406,0.09796875067054978,-0.0025518779648763664,1.268068071205136
SLB,2017-01-24,64.44722925009616,64.83670934050265,63.99665892754893,64.59233093261719,6027400.0,0.0036722314770647477,0.013005420315765726,0.0022514805401166846,0.0014242950674278787,65.4369514465332,65.2326644897461,65.211753685681,-0.009816149043391686,1.192747192382825,0.010944925841306666,1.069701657523353,0.009301226724855024,0.04637031580555916,49.07573522683293,0.32283500916182106,-0.15746787559741326,-0.9087905883789062,1.1345138873203382,-171751600.0,-0.058919745236833354,0.01553948677323563,0.17847945007461077,0.045476356659474707,0.008841090433948349,1.1298492859208076
SLB,2017-01-25,64.9741596734368,65.44000683146318,64.64577570673688,65.30254364013672,5939500.0,0.010935301137309365,0.012162330599295966,0.005054070238851729,0.005911363397272943,65.50644760131836,65.2326644897461,65.22040034801012,0.0010712294360075325,1.0995804595947334,0.01103878380787945,1.0664279557316694,0.009303177474328477,0.04637031580555916,50.32791758209813,0.29496578672055307,-0.14826967843094507,0.6949615478515625,1.086820279870632,-165812100.0,-0.2690653561594717,0.015483754383936645,0.44192943862603296,0.06505675248300807,0.007860645788192708,1.1982284572021253
SLB,2017-01-26,65.62329606328956,65.71494014264943,64.47777129027259,64.82142639160156,5623600.0,-0.0073947857696205835,0.019085801119259706,-0.01221928369636665,0.004911790648162385,65.44687957763672,65.2112808227539,65.18240282835215,-0.005978328078112421,0.9761283111572254,0.01116259179402951,1.1177039619710776,0.009580557226769986,0.04672517013792663,48.346458303342956,0.231389768836749,-0.16947655705179931,-0.5956802368164062,1.0016216952726826,-171435700.0,-0.17958419789432534,-0.15859311407868698,0.26346130890027336,0.02448631090983532,-0.0014005088821262494,1.2387450602113108
SLB,2017-01-27,64.80613053022724,65.05814728234515,64.38610261003073,64.53120422363281,4758200.0,-0.0044873096678398495,0.010414258968195348,-0.004242288566606993,-0.00023596921921959378,65.38349227905273,65.20631675720215,65.12038391361698,-0.010353483636917214,0.875659103393545,0.011000168822040895,1.057154763603054,0.009532576022964742,0.04699222422790675,41.6806375596369,0.1557909520375489,-0.19606029908079958,-0.6338729858398438,0.8434625536448352,-176193900.0,-0.23241637506389032,0.03342447746998308,0.1558047913257361,0.017781203009471277,-0.001275553675548645,1.3611000151246344
SLB,2017-01-30,64.2791887301619,64.50829593228941,63.538415379912884,63.85152816772461,5550700.0,-0.010588377320237716,0.01518962161451887,-0.0066531729924684604,-0.003905327608602305,65.29108390808105,65.18378849029541,64.99954050924627,-0.02043852242140162,0.8084194564819427,0.011197957991566136,1.0707939591135525,0.009599931135875399,0.04908676811989339,41.05947175272652,0.04056654180006092,-0.24902776745463007,-0.9240837097167969,0.9666781898751924,-181744600.0,-0.18215591447644724,-0.18605877255882464,0.0,0.03196171944114224,-0.00551064135363292,1.3780926699717846
SLB,2017-01-31,64.07301532391686,64.34030325225845,63.46970495626592,63.927913665771484,4567900.0,0.0011955836721421872,0.013618437487952438,-0.0022646297729524167,0.003468783951583009,65.08336181640625,65.17462501525878,64.89748080986773,-0.01912878438802551,0.7511952972412104,0.01118427302517409,1.0680645141542802,0.009680174991048267,0.04994452714255227,45.9583070762008,-0.04407786001532088,-0.2669377354160095,-2.077220916748047,0.7926329333352999,-177176700.0,-0.24396335025205143,-0.15024022597139006,0.025845456370623236,0.03845024611989183,-0.0027912489393357182,1.3833419097979887
SLB,2017-02-01,64.19521106234063,64.48541442143382,63.15660139350767,63.515533447265625,5193600.0,-0.006471602379090047,0.020921071678149484,-0.010587668516502979,0.004181231347023697,64.75421524047852,65.11238555908203,64.7658667753342,-0.024524552404356973,0.6348694610595658,0.011000606340608135,1.0969745621067948,0.009826653024298764,0.05474014321470819,38.131590901948236,-0.14278881493649465,-0.2925189522697466,-3.2914657592773438,0.9128763444167706,-182370300.0,-0.06282971924784651,-0.03383403618336275,0.0,-0.0035096632145629096,0.0006101435031716013,1.3874577557784802
SLB,2017-02-02,63.843907720272604,63.85154618288216,62.293631917602404,62.958038330078125,8857700.0,-0.008816050977074,0.02474527965931658,-0.013875550883818871,0.0051699837061057645,64.39070281982421,64.99821548461914,64.59369263769076,-0.03138820257340435,0.4762448883056578,0.010950596094065505,1.1509781724236166,0.010205872914551231,0.0622643500849765,36.73102062721031,-0.26297177967958874,-0.33016153361027256,-3.6351242065429688,1.50146159303046,-191228000.0,0.13592603803023365,0.03010180881967152,0.0,0.013976757317513947,0.002293027610011143,1.2803582756087473
SLB,2017-02-03,63.11077182836281,63.546070968585134,62.91985105060846,63.00385665893555,5084000.0,0.0007274951028991209,0.009939390240293534,-0.0016940874961572164,0.002425957071342138,64.08599433898925,64.89129962921143,64.44227968733313,-0.029086225442558934,0.349922676086436,0.010964312798882402,1.1433413660104945,0.010236632723691455,0.06808227953795006,38.88887559837228,-0.35048036935943117,-0.334136098632092,-3.0470848083496094,0.8578513052113117,-186144000.0,0.10187686027987439,0.006424324265426342,0.01190407754429135,0.005038273233494698,0.00851252620016812,1.1046060169459093
SLB,2017-02-06,63.04204475277276,63.36279026923424,62.20962711078665,62.385276794433594,5958000.0,-0.009866642598432215,0.018484540226492718,-0.01041793553674796,0.0006061231147156672,63.88896522521973,64.70839786529541,64.24637464991413,-0.03590138448023234,0.15679714202880746,0.010475534299568939,1.1313409787147586,0.010058740673345477,0.07431693124548934,25.415075470622682,-0.46439255423285886,-0.35843862680441574,-1.9702911376953125,1.0030573214093308,-192102000.0,0.27928247383081406,0.45251917400472935,0.0,0.03993614052667435,-0.001446730686362168,1.0045061999219393
SLB,2017-02-07,62.01870028747259,62.42345137498029,61.46884755484352,61.91178512573242,5841700.0,-0.007618747405856592,0.015418773957141247,-0.0017239181286384507,-0.005876009946528144,63.62091064453125,64.52893104553223,64.02403279046825,-0.04055771384083717,-0.024941787719725994,0.010459570371574021,1.1040665797178224,0.010156878756927147,0.0829343250118866,15.201086446589642,-0.5861191848507943,-0.3841322059378809,-2.6805458068847656,0.9711725490848032,-197943700.0,0.273168066776757,0.47087261708522643,0.0,0.02759207540266,0.0008851659033845356,0.9781758747450047
SLB,2017-02-08,61.560486473202204,62.00342400706558,60.728068981876966,61.94996643066406,5366400.0,0.0006165148750317535,0.020586855791375216,0.006326784919599405,-0.005674180639708413,63.28565292358398,64.39605026245117,63.826502660963094,-0.03798499786583027,-0.16252891540527514,0.010160631834993583,1.1444333905081743,0.010381502317538595,0.09046648329513154,16.147187447504166,-0.6717638291312582,-0.37582148017467587,-3.3525772094726562,0.8843610283926956,-192577300.0,0.13765550416083808,0.781653717683626,0.007799721160983704,0.1132511369722352,0.0007517920495786275,0.8993572832023069
SLB,2017-02-09,61.94996334740831,62.43871997202214,61.94996334740831,62.01869201660156,6119000.0,0.0011087575495116412,0.007880795429916538,0.001109422273711981,-4.9770095663394076e-08,63.00537948608398,64.22612953186035,63.65433021864295,-0.03436977335157268,-0.34202247619629134,0.009603843869379403,1.058791810710505,0.010265107325512524,0.0951347980242462,18.421187855438276,-0.7257265227334102,-0.3438273390214623,-2.802734375,0.9922842158862774,-186458300.0,0.15896509794832522,1.509042217357473,0.02183906339659989,0.13648700754217377,0.005257300573316708,0.7904546565806064
SLB,2017-02-10,62.60673847924785,63.16422383828134,62.5074559546567,62.74420166015625,6199900.0,0.011630346173570255,0.010467387682799997,0.002195661110089014,0.00948176176448348,62.82667922973633,64.10508575439454,63.56765130831088,-0.021228956770329186,-0.5044589996337834,0.01011471600681815,0.9993346169608992,0.010227511199893563,0.09640620454864479,35.12005827839205,-0.7018591854973053,-0.2559680014282859,-1.7870025634765625,0.9900435147111661,-180258400.0,0.04529187093855206,0.7879779277384757,0.17004701305842113,0.15567840047307435,0.003787873077505754,0.9033799600022812
SLB,2017-02-13,62.81337206651318,63.10534648685809,62.61359700937394,62.867156982421875,4135800.0,0.0019577108768593296,0.007822040968412894,0.0008562653801126969,0.0011024191005183568,62.72824211120606,64.00966300964356,63.50093756298812,-0.017848961758313863,-0.58102394104003,0.01009965317832345,0.9744559787130724,0.010169527267605867,0.097503944645137,33.727079075390776,-0.6653529077042677,-0.17556937890819863,-0.9843711853027344,0.6656484028333272,-176122600.0,-0.07841053903547943,0.8157793551508462,0.1951644685945213,0.24914640091442838,0.005177305339943946,0.8983007788074151
SLB,2017-02-14,63.036146961705334,63.3895912518989,62.65196762078474,63.358856201171875,4672300.0,0.007790814165684435,0.011641997272995565,0.005119431548736433,0.0026880486949761436,62.6713363647461,63.877349090576175,63.48740600471991,-0.008117006995219734,-0.6958113098144452,0.00917791239624497,0.9665951024465131,0.009926459794433363,0.09348689936265937,30.877639651784378,-0.5899448844880126,-0.08012908455355483,-0.5690574645996094,0.7588549043046658,-171450300.0,-0.4860957031621327,0.9729296082316692,0.29560935407420513,0.1068555887697293,0.003405128926639119,1.3920805442277422
SLB,2017-02-15,63.00544043491375,63.28973538626166,62.7134661139911,62.813350677490234,4947600.0,-0.0086470536768196,0.00917431192660559,-0.003048780487804869,-0.005578001047493451,62.601118087768555,63.677666664123535,63.42321025926946,-0.013573298644754877,-0.8609837722778337,0.008651928058930648,0.924325190646794,0.00962755327633659,0.08415295297732901,30.491336441941158,-0.5676576159428919,-0.04627345280674722,-0.7021827697753906,0.8291360652234935,-176397900.0,-0.4603196248119373,1.2900882188948746,0.19258553000553993,0.07042104848245279,0.005076606569659756,1.2523658795429327
SLB,2017-02-16,63.10531879300534,63.13605385462449,62.23707528519012,62.33695983886719,5097900.0,-0.007613135558615793,0.014421277068341325,-0.012175819230998268,0.00464818565425986,62.539010238647464,63.46485652923584,63.31975783827877,-0.01777198834206884,-1.0309778976440427,0.008711491239484356,0.9405347547267908,0.009713684885623306,0.07442161960339434,29.426879166785895,-0.5817297360789837,-0.04827645835427119,-0.6210784912109375,0.8700972862263184,-181495800.0,-0.37535254887562436,1.1128254775425954,0.10272013836231833,0.08701729616772765,-0.002687758198185071,1.2716593931612203
SLB,2017-02-17,62.198674406937045,62.329299925119486,61.88365018570981,61.968170166015625,4345600.0,-0.005933636928207081,0.0071915910735423985,-0.0037059349434577548,-0.002218353803066312,62.43544158935547,63.260717964172365,63.19103520282514,-0.02043207601419846,-1.1921033096313423,0.008659903527410705,0.9020005268294656,0.009141050528591618,0.06680627541402726,31.248580476625634,-0.615544621927846,-0.06567307536250677,-1.0356864929199219,0.7818850814613565,-185841400.0,-0.4161595077727204,1.24308518031292,0.01662903444093209,0.01815876436634145,0.003766628698130663,1.2626114890959677
SLB,2017-02-21,62.605912105189745,62.659697016345895,61.92975223680887,61.9912223815918,4746100.0,0.0003719317329351994,0.01177496993112653,-0.00981839738338375,0.010291443776144745,62.39603614807129,63.142500686645505,63.07676731508863,-0.018233017263080947,-1.2618120574951206,0.006868340294269668,0.8919538470826437,0.008702157089821937,0.06714153148610824,30.51059438825257,-0.6331840894053258,-0.06665003427198923,-0.3940544128417969,0.870581264920955,-181095300.0,0.5947793868725629,-0.6497365434661416,0.023427576834988827,0.16516041853053148,0.007743209572823365,0.9475646104066323
SLB,2017-02-22,61.760696962375455,61.883637221470664,61.207483382789626,61.23821258544922,5905400.0,-0.012221417212101276,0.011041371231035884,-0.00845981996033065,-0.0037186783928428537,62.328678894042966,62.97479476928711,62.901666864646785,-0.02757582919007499,-1.3641157531738273,0.0071056936928253645,0.8530199878595026,0.008650850834819118,0.06882046511727073,28.553086128802335,-0.6998575694357498,-0.10665881144193057,-0.6735725402832031,1.0844460930907742,-187000700.0,0.7043598483762156,-0.43920663505628255,0.0,0.05343592366627221,-0.0017214957276574007,1.0362408951962614
SLB,2017-02-23,61.829849243164055,62.014253760505284,61.376514387979235,61.82984924316406,5754100.0,0.009614862000196529,0.01031442548109654,1.1491904710388052e-16,0.009661233284516457,62.31666717529297,62.80116004943848,62.799588995934144,-0.015466446885850187,-1.4794461822509675,0.006976049040963928,0.7971719099863819,0.008606694575243273,0.06129204737411305,39.4430459633076,-0.6969229549474463,-0.08297935756290153,-0.1201171875,1.058463745855388,-181246600.0,0.6602169657661747,-0.5276444591381348,0.16511341161051432,-0.01621661475109916,-0.00024539166957936886,0.7644253802516284
SLB,2017-02-24,61.20748625783875,61.77607032757622,61.069181390917265,61.583980560302734,5464100.0,-0.00398446444026836,0.011478454790150723,0.006151115255378829,-0.010065736742745152,62.27319602966308,62.63928775787353,62.68381676396925,-0.016847369044967305,-1.57458393096924,0.006897541373090867,0.8067753338628191,0.008363591220775532,0.055728618003064154,37.19308435088028,-0.7062950698079788,-0.07388117793874727,-0.4347114562988281,1.006595066595435,-186710700.0,0.6187561272732751,-0.4832995920705995,0.10500116969450572,-0.046331835846908045,0.002326124945854314,0.7307949884364142
SLB,2017-02-27,61.64544670591981,62.867134732953566,61.59166180904626,62.283180236816406,8033000.0,0.011289628314948034,0.02047860945856711,0.010345184680693623,0.0009980865974859767,62.227093887329104,62.526886558532716,62.64566090424041,-0.0038976244481351468,-1.6171284103393546,0.0075413322153725214,0.8160604063059077,0.008693775231184007,0.048153659899715165,49.092316228289725,-0.6498123358052155,-0.013918755148787043,-0.46102142333984375,1.4365061766367908,-178677700.0,0.4885634105056309,-0.9140034145269273,0.38850698136200146,-0.08389723167295078,0.0023859013317803547,0.7607354275662698
SLB,2017-02-28,62.129498802103946,62.129498802103946,61.46870970381886,61.74531936645508,7842000.0,-0.00867323629317676,0.010701849226227808,-0.006183527037173812,-0.0024674628708445,62.11491012573242,62.42157611846924,62.559914091117996,-0.010833701967580907,-1.656640281677248,0.007436189324986775,0.8060508857959634,0.008573499529512236,0.04507175797692585,48.536792437646525,-0.6410604930021861,-0.00413352987660609,-1.1218376159667969,1.3741970926671814,-186519700.0,0.5170493108717312,-0.8839079725625939,0.18853648192747713,-0.14655833530003542,-0.00486350292252183,0.712905019217746
SLB,2017-03-01,62.16793906158286,63.53561735391301,61.92974374872496,63.2129020690918,6692400.0,0.023490254078941595,0.02540420630321369,0.016808712389095152,0.006844562461804657,62.100314712524415,62.38582553863525,62.6221034223536,0.01325744307005026,-1.654111061096195,0.009355921146135843,0.8428325259580574,0.009054085154365548,0.040899862848137444,58.87168823373359,-0.5098259789945772,0.10168078730480246,-0.14595413208007812,1.151315280164739,-179827300.0,1.026433999226847,0.723194442006181,0.8671107827100152,-0.23845732729786845,0.014077172810526391,1.3465628391199307
SLB,2017-03-02,62.72884680534345,63.128396886053785,62.09879247386854,62.19867706298828,5104500.0,-0.016174696545408304,0.016553477675137176,-0.008451769311180905,-0.0076575390134639345,62.03884735107422,62.31998271942139,62.581777102414044,-0.001946496952337964,-1.6580292892456043,0.009905747602079674,0.8875005952873016,0.008890139406269358,0.03726133828976729,51.11607755345733,-0.48210377074052246,0.10352239644708572,-0.6146736145019531,0.8788172251275098,-184931800.0,0.8138471533609112,0.45462016160963853,0.45291177918296527,-0.43455261243733473,-0.006935403663099563,1.3867500967195459
SLB,2017-03-03,62.40612271045375,62.68273243623287,61.96815828832254,62.00657272338867,3357000.0,-0.0030933393413428256,0.011524167786180376,-0.006402416457097881,0.0033352099636362108,62.005808639526364,62.272409439086914,62.52699573298305,-0.00426893255123324,-1.6456397247314456,0.00975115844396714,0.8567179043037696,0.008390565166123576,0.03624392887876316,45.101987777576824,-0.47021459454668957,0.09232925811273485,-0.3303871154785156,0.6066860160409445,-188288800.0,0.7849996693946774,0.5647464229087551,0.36232402682823117,-0.38512455466996404,-0.00028436331682080265,1.3784251902522917
SLB,2017-03-06,61.729965750849416,62.15256559022556,61.49177631162718,62.02194595336914,5524600.0,0.00024789830956967136,0.010654120383375106,0.004729958926240074,-0.004460929872276593,62.01118621826172,62.223313903808595,62.4788957539722,-0.0032362138530704185,-1.6326363372802746,0.009748008760599879,0.8687921758119289,0.008407922807515098,0.034676926691007574,44.30627158915173,-0.4543147875069593,0.08658325212197215,0.053775787353515625,0.9944612150045812,-182764200.0,0.7938312924701286,0.5796292346227316,0.3695733495310167,-0.3877699588300366,-0.0021853452443621104,1.4289854403267577
SLB,2017-03-07,61.99889541513906,62.060359685711454,61.26895077923981,61.43030548095703,5807400.0,-0.00958500140974416,0.012883037130866559,-0.009170968778956488,-0.0003716513223788712,61.955094528198245,62.17556533813477,62.37903001368504,-0.01198637846113219,-1.5930120086669888,0.00973452815466426,0.8726339811946063,0.008220706859912073,0.03640985736952158,37.18100724678104,-0.4838766881952381,0.04561708114695473,-0.5609169006347656,1.046785776085828,-188571600.0,0.7965970538030098,0.5904249037299308,0.09058235583659305,-0.43674813292743647,-0.002874213418934184,1.419824934523196
SLB,2017-03-08,61.115277524952134,61.407251843962044,59.862854425116566,60.00883865356445,10152900.0,-0.023411425727979045,0.02573616576320365,-0.01810412905244428,-0.00512821731128382,61.832157135009766,62.080418014526366,62.153297503197365,-0.0333692882106106,-1.568997116088866,0.010866700550380538,0.938495478956013,0.008660123651984616,0.047966500270839936,33.302900063501056,-0.6149168223932051,-0.06833844244080978,-1.2293739318847656,1.7616164069819897,-198724500.0,0.3131734543001129,0.4845963946109134,0.0,-0.2735489779234869,-0.003637453201147993,1.5775098869120459
SLB,2017-03-09,59.56317729814628,60.65425135379095,59.378772809886286,60.46984100341797,9411800.0,0.0076528826695209445,0.021092804656664584,0.015221882820880125,-0.00742659523859495,61.69615631103515,62.006411743164065,61.992968312742185,-0.02478083631271401,-1.546349334716794,0.011052522961034747,0.9653883342753196,0.00868064101974324,0.05335449972069092,38.863410487534956,-0.6738008788575058,-0.10177799912408836,-1.3600082397460938,1.5776601789907923,-189312700.0,0.224218223230228,0.2112828817005475,0.13761192051266827,-0.32842478761227967,0.00021566539927519548,1.5536117437654289
SLB,2017-03-10,60.97697644815718,61.007711514503654,60.277766878532475,60.46217727661133,5633400.0,-0.00012674437962583777,0.01207274810220149,-0.008442517184884315,0.008386584722631358,61.58397598266602,61.92858600616455,61.84717869025353,-0.02367902812131464,-1.5284366226196298,0.011042673206480317,0.985147975904877,0.008766566264397419,0.05788646962522763,40.61299092606798,-0.7128678200621792,-0.1126759522630093,-1.1218032836914062,0.948161962099778,-194946100.0,0.24302093982821912,0.2310237119725028,0.13532425285873692,-0.3450745159197242,0.004194110565390607,1.5650499232524056
SLB,2017-03-13,60.56974057848649,60.800244758179645,59.99347133608278,60.38533020019531,6708900.0,-0.0012718025945052224,0.01336042080787128,-0.0030445958085657684,0.0017790180029915851,61.39419097900391,61.81064243316651,61.707955024533696,-0.02305933374681116,-1.5614770889282212,0.010617231496896475,0.9906357360877232,0.00883744419619653,0.0606682977518412,40.05698794344098,-0.7414822237393466,-0.11303228475214133,-1.8978500366210938,1.1243639849568616,-201655000.0,0.37213012296233244,0.7962585307227164,0.11238494728957454,-0.384113527430237,0.001496838654974917,1.5126683043110125
SLB,2017-03-14,59.94735883273315,60.354593974139625,59.39414534859389,60.223968505859375,6541800.0,-0.0026757769482668122,0.015947946463413357,0.004614209508345948,-0.007252943157057452,61.242055892944336,61.67848300933838,61.56662297513614,-0.02358220294196899,-1.612074012756345,0.010579966133056068,1.0054532970019554,0.009035336783822713,0.06268413338439546,43.22376623601697,-0.7683231341600489,-0.11189855613827493,-1.5213508605957031,1.0746918914301298,-208196800.0,0.44627430931227846,0.9007620212325633,0.06421752978768486,-0.41455685669657966,-0.0035296159797561827,1.4725755001506464
SLB,2017-03-15,60.700363586996204,61.92205163524878,60.63121408786381,61.66081237792969,7968100.0,0.02357817647892704,0.020934488171728955,0.01582278481012657,0.007910390048282505,61.086846923828126,61.59358081817627,61.57559339444981,0.0010915351707166294,-1.6479687881469687,0.011896646371529375,1.071313436597194,0.009336490885856606,0.057283860381626826,48.98525607673875,-0.665976494305589,-0.00764153302705195,-1.5520896911621094,1.2745024336484894,-200228700.0,0.6619988691407165,0.5808642451999086,0.5155870858247267,-0.34613027381841616,0.009782680396705138,1.6572843925629628
SLB,2017-03-16,61.683858822969114,61.83753413834633,60.90013523194389,61.19979476928711,6196400.0,-0.007504761422071129,0.015317026959588203,-0.007847499539081277,0.0003737616186139575,60.98695869445801,61.51290302276611,61.53980304919622,-0.00509012317892262,-1.657436027526856,0.011862604097965435,1.0839370833225968,0.009479927943405266,0.05444694498162651,47.75177158042118,-0.6149772381938945,0.034686178467714046,-0.9988822937011719,0.9813172177113473,-206425100.0,0.6572376198020426,0.6075368028128915,0.37170179161688777,-0.38490445150036084,-0.001467575358949975,1.7829140512325226
SLB,2017-03-17,61.199793862456055,61.66849330871229,61.076853611975956,61.12295913696289,8645700.0,-0.0012562771843492471,0.009679500225285307,-0.001255473599565496,-1.481755058347577e-08,60.89859733581543,61.4522029876709,61.500103628983524,-0.0053577225014059555,-1.635766448974607,0.011768322801854266,1.034543192185847,0.009372087757592636,0.05325764150381642,42.67705964243528,-0.5741416066314642,0.06041744802411553,-0.8836135864257812,1.3317959998521203,-215070800.0,0.5926978094304656,0.6512001900015785,0.34772110767909314,-0.398852930748145,-0.0007523990241955186,1.7728878551148861
SLB,2017-03-20,60.754144332201214,60.754144332201214,60.054940708492246,60.63888931274414,7318900.0,-0.007951133801627925,0.01153061396132828,-0.0018970725491065073,-0.006033981501701265,60.76029167175293,61.385738945007326,61.41808321791311,-0.012166500641659677,-1.6121648025512698,0.011821521397891336,1.0526537561482112,0.009451129590632542,0.05395468765937847,42.96882802810878,-0.5742202105400978,0.04827107529238561,-1.383056640625,1.102173430164485,-222389700.0,0.605247677831708,0.6076128941572196,0.1966411320574873,-0.3934853833722713,-0.00026769580264768956,1.8460298338375372
SLB,2017-03-21,61.107596083543825,61.19980128258325,60.3699720775719,60.46217727661133,6210500.0,-0.002918424528106786,0.013724765504472733,-0.01056200617105125,0.007729474865252505,60.66347885131836,61.3092866897583,61.327044556836746,-0.013816983672205787,-1.5769943618774391,0.011824029846004636,0.9840488431163124,0.00949783400392487,0.05478269826653866,29.08882217700868,-0.5818346613789345,0.032525299562839116,-0.9681282043457031,0.9250563591015015,-228600200.0,0.6508499265363588,0.6472283227702117,0.14148865451134504,-0.388249253631187,-0.012407282729854578,1.5519852810746793
SLB,2017-03-22,60.20091867678439,60.40837886268566,59.739904508945074,60.223968505859375,5341500.0,-0.003947579542772003,0.01109980578041029,0.00038288168323042244,-0.004321025335089961,60.68499183654785,61.25857448577881,61.2219896948389,-0.016889161861897678,-1.5221635055541967,0.011562979926218641,0.9560604982908123,0.009500799177565397,0.05707687307045875,32.98001757043957,-0.6001722138467969,0.011350197675981333,0.21512985229492188,0.798973891061933,-233941700.0,0.6266620634433167,0.859830458792607,0.06714281951503957,-0.3550980231264029,0.002096548851233204,1.5041353379201925
SLB,2017-03-23,60.016516082068094,60.27775530267249,59.593916328604074,59.678436279296875,5804100.0,-0.009099667214956112,0.011458728088451045,-0.005633112763641928,-0.0034446820582920814,60.605851364135745,61.15100383758545,61.074984607644424,-0.024080840311299763,-1.5311512374877907,0.011430937920246336,0.9538651287306757,0.009522911629027074,0.06087615706661864,31.086132572200682,-0.6512179130405968,-0.031756401214254826,-0.7914047241210938,0.8678444067315096,-239745800.0,0.8554714575371233,1.3273072683938025,0.0,-0.33867733769031116,-0.0013154153236536515,1.5171942852791296
SLB,2017-03-24,59.747601265910006,59.88590612915504,58.98692158700517,59.132911682128906,9805900.0,-0.009183103132299468,0.015202778225810903,-0.010288104806842205,0.0011589611076509646,60.4729248046875,61.028450393676756,60.89002528140485,-0.031059918764449728,-1.5280207824707048,0.011542683769191684,0.9708790761272107,0.00961368773909518,0.06731522750178634,28.390782492876752,-0.7273073271341417,-0.0862766522462397,-1.3292655944824219,1.4201076315271164,-249551700.0,0.8902738802436525,1.2481821723806976,0.0,-0.3082448409515755,-0.0010944518039188711,1.5524233599966157
SLB,2017-03-27,58.55664333505381,59.30195256215827,58.502858435268664,59.179012298583984,6435100.0,0.000779306383281196,0.013502998712750179,0.010628494532534137,-0.009745306474554205,60.35229301452637,60.87324199676514,60.727071663993335,-0.027832092436791633,-1.563507881164547,0.011135485796332684,0.9714280204427794,0.009389658656748772,0.06974608390737443,31.664565405557894,-0.7749555958134806,-0.10713993674046285,-1.2063179016113281,0.9428517635889054,-243116600.0,1.0507465026767686,2.0681327493683193,0.01129919729453163,-0.2924386235833727,-0.0026597794966928606,1.484316820768528
SLB,2017-03-28,59.47098906164763,60.385332305231465,59.11754461743926,60.17019271850586,7274600.0,0.016610135078538465,0.0210700287054638,0.011757054454457386,0.00493378905329636,60.34691543579102,60.79448566436768,60.67403557394691,-0.010268907435263045,-1.5501558303832965,0.011824028461760134,0.9500234941536182,0.009706856214292493,0.06919683618538434,51.41317987857438,-0.7243869341204672,-0.045257020037959506,-0.053775787353515625,1.0703017239793873,-235842000.0,0.7786817399094714,0.8651599335610477,0.2542361465235546,-0.21285415728570728,0.007094108227102407,1.5746484366446385
SLB,2017-03-29,60.093359592990026,60.66962887086156,59.60929550993906,60.44680404663086,4403000.0,0.004586614166605999,0.01754159508755036,0.005881589181145778,-0.0012769300220672603,60.225514602661136,60.65618076324463,60.65239447610728,-0.0034518611950036023,-1.5772941207885722,0.010380134370059526,0.9346559810834637,0.009381401043748405,0.05840789781392159,49.79150224034106,-0.6544466295918028,0.01974662759256396,-1.2140083312988281,0.6589043750621979,-231439000.0,0.653644577825124,1.6831647403577679,0.4285691163516108,0.018205795016250043,0.002443872325602248,1.4917036665780887
SLB,2017-03-30,60.49288472487893,60.600454476923275,59.593900565491374,59.80904006958008,5585100.0,-0.010606885030551265,0.01682946106911105,-0.011304546946454408,0.000762334402535477,60.08643913269043,60.53669891357422,60.57207500881898,-0.012020127576381245,-1.5568167877197254,0.010061839191060627,0.9544137864735153,0.009391126839315334,0.054566706282389854,44.69391853446833,-0.6430677723088252,0.024900387900433252,-1.3907546997070312,0.8328095748273834,-237024100.0,0.7458870212729263,2.0436378283740138,0.23403266338567522,-0.023329464124105765,0.003707963135987193,1.27368230907889
SLB,2017-03-31,59.58624470726964,60.216298873006714,59.417204783906065,60.00883865356445,5858500.0,0.003335041002257835,0.013316273186253098,0.007092139274272023,-0.0037251118234173618,59.975027084350586,60.436812210083005,60.51843345117569,-0.007081339019518152,-1.5250170135498067,0.010124673603164653,0.953865262688071,0.009436160344015884,0.05007496264209189,47.00129130269654,-0.610885956942397,0.04566576261348909,-1.1141204833984375,0.8575828416095652,-231165600.0,0.6344590262051766,1.8037013440923153,0.3031902311174791,-0.04473840128432893,-0.0015359677581725517,1.2482740070734402
SLB,2017-04-03,60.162527778617054,60.185577616706844,59.263543058306965,59.701507568359375,6994700.0,-0.0051345897846080705,0.015444074964842921,-0.007662912900769686,0.002561108138417076,59.88128890991211,60.32079029083252,60.440630986145564,-0.01026648887534987,-1.5140502548217754,0.01014461145304446,0.9489259560308179,0.009554007486522489,0.0447041558062453,45.93322604208114,-0.6032270604529444,0.042659727282353344,-0.9373817443847656,1.0130030565184365,-238160300.0,0.7161423927077128,1.850685511643588,0.22492809346732254,-0.046170683918879366,-0.0017699063303978657,1.2774962836064754
SLB,2017-04-04,59.70918137393649,60.22398053313188,59.33268707892494,60.093360900878906,4687800.0,0.006542095418672006,0.014831812380690163,0.006434178431227253,0.00012853621105507934,59.84440727233887,60.253943061828615,60.40755764469159,-0.0026650896653340954,-1.4956533432006793,0.010141733923000322,0.8912981220892132,0.00960821290338743,0.041335570229692614,35.428652890311156,-0.5590931627693081,0.06943489997279173,-0.3688163757324219,0.6844567805067503,-233472500.0,0.5104258741941404,1.615136354296384,0.379939455907447,-0.17765443491114813,0.00042899405832426944,1.2536927156142974
SLB,2017-04-05,60.4391349463489,61.06918922939134,60.13179010683949,60.16252517700195,5290600.0,0.0011502852127258328,0.01558111332252037,-0.004576666585193365,0.005753947529084486,59.838262939453124,60.26162738800049,60.38422121919734,-0.0016445326038153358,-1.3993729019165002,0.00871078408972255,0.894043080811356,0.009215882751560059,0.04118162941895935,39.59961139202742,-0.5126265124971638,0.09272124019594885,-0.061443328857421875,0.8008998125895044,-228181900.0,1.2921205557614792,1.8942859081419274,0.4072998170024597,-0.078426271436916,-0.0029591988044973946,1.0368436792419287
SLB,2017-04-06,60.46986958768741,60.64659479147175,60.20863026100665,60.40840530395508,5128500.0,0.0040786028078834075,0.00725005946211309,-0.0010164447873201557,0.00510856899342627,59.91125984191895,60.25855560302735,60.386524465364744,0.0024867788387580134,-1.304561920166016,0.008583626925046406,0.8863595035066031,0.008816701830855216,0.041121744543338945,43.07029589861669,-0.45076475058970544,0.1236664016827258,0.7299690246582031,0.8023743459244906,-223053400.0,1.3865034319854552,2.323972563112562,0.5045663458613279,-0.07586512281065154,0.0015072787441806135,1.044200656247088
SLB,2017-04-07,60.49290307334617,60.600472858018165,60.047253472783005,60.1855583190918,4265200.0,-0.0036958274166687894,0.00919189587478945,-0.005080674569076727,0.0013987750374459848,60.01652450561524,60.244724655151366,60.367384832386364,-0.0009820998668056777,-1.2256755065917986,0.00862291346393738,0.849588143275497,0.008754318386192944,0.041018325550254406,45.36898335705256,-0.4149376054309073,0.1275948374732192,1.0526466369628906,0.67452708221807,-227318600.0,1.431982461100171,2.3628664461939795,0.4164113861542818,-0.08589942188295542,0.00020932335502964563,1.0914901644680817
SLB,2017-04-10,60.446807810343365,60.6619474162061,60.23935343672276,60.477542877197266,3339900.0,0.0048396755118470846,0.00698761820303177,0.0005084646810520392,0.004340733866195542,60.14637756347656,60.249335289001465,60.37787607474931,0.0037877196005755794,-1.1399916458129908,0.00869107939281754,0.8243424212828506,0.008619832544302188,0.041111253949422874,50.153356014388365,-0.35884705566638786,0.1469483097901909,1.2985305786132812,0.5426500801407683,-223978700.0,1.292646851354833,1.952866503493132,0.531916143692998,-0.09958779035348757,0.0006128131127682721,1.1118243045232485
SLB,2017-04-11,60.4775354422989,61.245894432843336,59.9934713886169,61.19979476928711,6722200.0,0.011871732054127533,0.02046449745375546,0.01194260516249558,-1.2293651512296406e-07,60.24933776855469,60.29812660217285,60.45615404565767,0.01495350217201885,-1.038165664672853,0.009051586903760478,0.8622102981800062,0.008795406786127856,0.04342183338464804,58.88112053204719,-0.2531965075569218,0.2020790863197256,1.02960205078125,1.0905908110480278,-217256500.0,1.006822431046581,0.8836165180290209,0.8176282725090113,-0.015503419318333033,-0.0006283036518648377,1.098470886504339
SLB,2017-04-12,61.26128027951271,62.15257388406876,60.8924652921036,61.13833999633789,6024200.0,-0.0010046708368758293,0.020610775366826047,-0.002006818705288054,0.001004668568863532,60.31849136352539,60.27200298309326,60.521124136198644,0.014373788332331442,-1.008497810363771,0.007252860990745647,0.9033724137440592,0.008770507294252258,0.04021345497144521,64.57063448249605,-0.17243880636674902,0.22626943000791871,0.6915359497070312,0.9930076385202963,-223280700.0,0.6645564668538017,0.18439679908023995,0.9702669284809993,0.14998313294728913,-0.0059072516050064595,0.5546107355440238
SLB,2017-04-13,60.95391644356983,61.00770133517336,59.90126257977107,60.0472526550293,5030200.0,-0.018007368710422637,0.01842613452706594,-0.014874578065544142,-0.003016495913678819,60.34231262207031,60.21437587738037,60.47599351894442,-0.0027754704738848406,-0.9967593002319362,0.00810581614158022,0.9275219047738413,0.008874399777007075,0.037637743418137956,58.22943354041191,-0.19424029498177475,0.1635743531143144,0.23821258544921875,0.8372071347849894,-228310900.0,0.14547387969992231,0.3679330088785771,0.44237672375256026,0.14177046888688716,-0.006949654446795681,0.805247516065612
SLB,2017-04-17,59.793707502164374,60.25472180959218,59.77065766611023,60.116416931152344,5559300.0,0.0011511679694737069,0.00805211235453904,0.005397046653718352,-0.004222427199484662,60.353070449829104,60.164048767089845,60.44174812963089,-0.0007916993106946015,-0.9902539825439405,0.008118419210556458,0.905019763101866,0.008846035339111089,0.034890757203334795,58.402133024056695,-0.20359029058793254,0.12337948600652526,0.10757827758789062,0.9496599755038871,-222751600.0,0.09634731370424282,0.3351644416204534,0.47583980457127817,0.09551435747214948,0.009085938323542231,0.6653491487997657
SLB,2017-04-18,59.75528695927462,60.38534121137426,59.67845221869953,59.87822723388672,4078800.0,-0.003970010691143101,0.011805442901868007,0.002057395769781617,-0.006007177245631643,60.37074241638184,60.12601566314697,60.38807947289335,-0.004121151660014798,-0.9657744979858407,0.007982816340241729,0.8649555705934746,0.008850791590811792,0.03433183235342916,46.974690599196016,-0.2275965559804618,0.07949857649119685,0.17671966552734375,0.716586568657507,-226830400.0,0.05657012706723919,0.5492523199117851,0.3605987937985274,0.07703946837851541,-0.0020440121641136125,0.678585700607237
SLB,2017-04-19,60.15481532553467,60.30080538353104,58.51821307844182,58.76408767700195,8138400.0,-0.0187820392746447,0.030334722711722856,-0.023119140853589782,0.004619176358838877,60.23781509399414,60.04111118316651,60.23341358757036,-0.02126915176950602,-0.9782551956176704,0.008936427686867768,0.916545495176812,0.009550588369690544,0.039436308869624286,35.14265428447865,-0.3326884202305891,-0.02047463020714435,-1.3292732238769531,1.4059892405128895,-234968800.0,-0.14357385032227651,0.12860621664303357,0.0,0.10918892759256989,-0.002619316298585352,1.0793653240713998
SLB,2017-04-20,58.77180375540419,59.42490801620455,58.49519392648132,58.787174224853516,8053900.0,0.0003927911580849039,0.01581491374576345,0.00026152795162271173,0.00013130601881630892,60.1002799987793,59.96927146911621,60.09567650540685,-0.019711715938911564,-0.9876026916503946,0.00892375029420339,0.9110569364833354,0.009667727232879524,0.043533112130717616,39.87897509679877,-0.40939236794574896,-0.07774286233784333,-1.3753509521484375,1.3595374746792708,-226914900.0,-0.22328906235830764,0.17105229387555762,0.00947837604525722,0.06613794305399691,0.007867170759766274,0.9510251710676306
SLB,2017-04-21,56.83552153200354,57.74987070417513,56.20546732702437,57.503990173339844,14539700.0,-0.022069365969524666,0.02685732542203268,0.011761458737734914,-0.03319861378921107,59.809838485717776,59.86054916381836,59.84884923568618,-0.03936748030876567,-1.0074054718017535,0.009919211627471591,1.038386422821085,0.010216083535228241,0.05705155831560409,29.574328700290593,-0.5671848739066334,-0.1884282946389822,-2.9044151306152344,2.285836013822204,-241454600.0,-0.44660952445378155,0.04537541694661029,0.0,0.0024561605761004896,-0.0025816942933957767,1.0663223253782652
SLB,2017-04-24,57.62692620336713,57.703760932548796,56.81246752223604,56.935401916503906,8461800.0,-0.00993701426021282,0.015654467700427274,-0.012000020345052084,0.00213786955751601,59.484822845458986,59.75067367553711,59.571378062430725,-0.047116987740103415,-1.0156151580810544,0.0099496289114768,1.0361906265291476,0.010228026000572705,0.07143724799545212,28.365716822587174,-0.7297053036360381,-0.2807589794947095,-3.2501564025878906,1.344514048056947,-249916400.0,-0.43792436967516324,0.003609846453697527,0.0,0.10512465879235543,0.010102688401926579,0.6337869077594154
SLB,2017-04-25,57.02760190153415,57.112121854550594,56.6818368586177,56.927711486816406,9066400.0,-0.00013508202031950844,0.007558445345770509,-0.001751615207145052,0.0016193788385906733,59.129839706420896,59.63810863494873,59.3196002933246,-0.045447402846440936,-1.0118503952026359,0.009939028791574772,1.0032614509381443,0.010115569638435039,0.0828975328121624,23.657840406107866,-0.8493338762636569,-0.3203100416978626,-3.5498313903808594,1.411082093152834,-258982800.0,-0.42476740074894975,0.008627974282687077,0.0,0.07571029248537046,0.00665009580023691,0.6481117950125072
SLB,2017-04-26,56.666471217695005,57.55777039235726,56.651106618389605,56.94308090209961,6064800.0,0.00026994482174223805,0.0159222816820617,0.004881364208156814,-0.004588982453332957,58.70416831970215,59.476753044128415,59.093265113207934,-0.04259936886852184,-1.054724464416509,0.008945964726171474,0.9983211256135175,0.00993739496557269,0.09190755606587239,22.968189278214737,-0.9321548971742217,-0.3225048500867419,-4.2567138671875,0.9528882185194787,-252918000.0,-0.8026890661601563,0.06988750546814029,0.003597639425778711,-0.007083763217310337,-0.0024183363985826435,0.3927860316354362
SLB,2017-04-27,56.74332190773255,56.80479204648056,55.39869339872413,55.96727752685547,10844900.0,-0.017284998185462634,0.025123584885502502,-0.013676400231536818,-0.0035080468285602277,58.1870620727539,59.25277671813965,58.79555200974579,-0.055448864563985206,-1.1308692169189456,0.009323161571887225,1.0740581176782094,0.010221302065238155,0.10487508293248367,16.782099428723384,-1.06426217828119,-0.3636897049549681,-5.171062469482422,1.621850392081648,-263762900.0,-0.5634596815026661,-0.5299886969506367,0.0,-0.00031248967338802996,0.002920739277072495,0.28561869186698735
SLB,2017-04-28,56.397567207311276,56.44366688405137,55.68299290726199,55.77519226074219,7214400.0,-0.0034380026802727304,0.013638213441440408,-0.011035492794951715,0.007688236760298662,57.75985603332519,59.05108432769775,58.50789870031687,-0.05547556161333714,-1.191798439025881,0.009186790718824089,1.088876302789225,0.010135873821685168,0.11714690712131091,16.859682846163594,-1.1709597311087236,-0.3763098062260013,-4.272060394287109,1.065924372913961,-270977300.0,-0.6949421531411847,-0.24766938555845097,0.0,0.030114205962325256,-0.0031334452689446533,0.33329356981338387
SLB,2017-05-01,55.85968795134624,56.15934744407616,55.42940885657774,55.55234909057617,6909400.0,-0.004003384339368936,0.013139652948037974,-0.005501979549863552,0.00151493320200572,57.30344924926758,58.82825984954834,58.22641778510347,-0.05568600477644959,-1.2789307022094718,0.009046995109487328,1.106986980673805,0.010129370212930842,0.12783329442375277,12.60258069449577,-1.2589870726123848,-0.37146971818372987,-4.564067840576172,1.0129963618397084,-277886700.0,-0.6171208361278758,-0.1994901560153577,0.0,0.0366148346455258,0.0011239009378457758,0.3668897156045593
SLB,2017-05-02,55.58308909428565,55.62919462205612,54.53044098103874,54.89925003051758,9142000.0,-0.011826115274822274,0.020014000927273193,-0.01230300573269816,0.0005533520042393645,56.805551528930664,58.58814697265625,57.9095446656191,-0.0629631953347205,-1.3776651763916021,0.009217594279985915,1.0960105947303016,0.010270475869410288,0.1406867570681212,1.6516848801632733,-1.3657060022553935,-0.38255091826139076,-4.978977203369141,1.3195498923228812,-287028700.0,-0.5007382739935803,-0.49983885151961904,0.0,0.04801764107028655,-0.0022526464908693804,0.4080056248270957
SLB,2017-05-03,54.86852453940422,55.28343328260336,54.53044466941947,54.960723876953125,7843600.0,0.0011191310295306952,0.013700485729949571,0.0016803684502704568,-0.0005596705072706553,56.42521514892578,58.33151512145996,57.62870459050806,-0.05778679393957197,-1.4936870574951229,0.008961604291915826,1.0597877391030686,0.01024037249031747,0.14945606589768853,2.595137578531208,-1.4288502015220956,-0.3565560940224741,-3.803363800048828,1.106929102966309,-279185100.0,-0.5315000714933352,-0.36335960527821803,0.009756909741423937,-0.022737648348914077,0.0012413787872700625,0.41815608269629145
SLB,2017-05-04,54.67643663876791,54.74558614429299,53.95417720533841,54.50739669799805,12175200.0,-0.008282407115899178,0.014519294387501892,-0.0030916415033895427,-0.0051725526545407415,55.99723739624024,58.04875869750977,57.33143717217377,-0.061006679194737755,-1.6418271636962842,0.008900564594026213,1.0433212573207753,0.010216356199481249,0.15802668001787357,2.876706639132877,-1.4982018112172355,-0.3407261629740912,-4.279777526855469,1.638623229171994,-291360300.0,-0.3853101937674665,-0.4074063224944049,0.0,-0.0728686043423937,-0.0011274467942332396,0.4898739458945214
SLB,2017-05-05,54.58423104098742,55.47552454662272,54.47666123620582,55.298805236816406,11115400.0,0.014414891484535505,0.018063017928493793,0.013091220343333447,0.001409613146910644,55.77671890258789,57.79327869415283,57.13785317833022,-0.043161999348356773,-1.766686286926273,0.00972187631596086,1.0800926263875574,0.010458495271751083,0.15927145100839707,13.504536401603033,-1.4723312879533736,-0.2518845117681834,-2.2051849365234375,1.4380518236337867,-280244900.0,-0.05563698512024572,-0.25376362308069883,0.11825485113191615,-0.11230443135707822,0.00453828383808883,0.6272288563291144
SLB,2017-05-08,55.544671582555964,56.0594706942404,55.34489660559117,55.49088668823242,8160500.0,0.0034675002797997863,0.012877323310113391,-0.0009683178024304512,0.004446142094510685,55.63226737976074,57.55854511260986,56.98099922689233,-0.03592270131797444,-1.8795579910278306,0.00987870794041973,1.0839338024410767,0.010527643555181774,0.15870522856977706,16.53021088514957,-1.4199609184689663,-0.15961131382702076,-1.4445152282714844,1.0298135470233776,-272084400.0,-0.14474083697912538,-0.4137621275268707,0.1469562895524797,-0.020726714558599212,-0.0008408244119777984,0.5976240688817394
SLB,2017-05-09,55.58310605789948,55.78288110690385,55.237346735725225,55.53700637817383,6631900.0,0.0008307766871958058,0.009822898401542613,-0.0008293829365640171,0.001661883151825946,55.49319686889648,57.31151828765869,56.84347609844295,-0.030962570221542765,-1.9916613388061535,0.009728757224941858,0.9955725214474624,0.01056843098888623,0.15477493916251345,20.588889723286087,-1.3590690478124259,-0.07897555453638416,-1.3907051086425781,0.8198816889916366,-265452500.0,-0.11959666726970167,-0.2775108990902044,0.15384764439736706,-0.08999648382649934,-0.0007332553550233096,0.5802468266329078
SLB,2017-05-10,55.967266656574914,56.243876365101144,55.59077238856963,55.836647033691406,7021200.0,0.005380830552007809,0.011696690457387842,-0.002333857461451761,0.00774727171052884,55.38255348205566,57.04336090087891,56.74758761608565,-0.021154326255150756,-2.1416452789306604,0.009255391197812353,0.9796550855334688,0.010317639843650552,0.14303546037230333,24.39984880790594,-1.2719708171107413,0.006498140932240437,-1.1064338684082031,0.8664083516375034,-258431300.0,-0.2663087751995615,-0.20002926806284943,0.2004617252603472,-0.09896119114478186,0.004581386943967135,0.6960506577167845
SLB,2017-05-11,56.12096643303796,56.15170150983782,55.052947428237815,55.15283203125,7380200.0,-0.01232231488404196,0.0199219884298497,-0.0172508504988614,0.005091985540875947,55.30110893249512,56.744085502624515,56.59570613181559,-0.02804263135584265,-2.2797192764282173,0.009370401804759147,0.8737298843742448,0.01029224337694398,0.12944566542843328,27.23222069536179,-1.2437854135692916,0.027746835578952078,-0.8144454956054688,0.9031523814185717,-265811500.0,-0.09213839450396971,-0.3862436377944542,0.11507095807680401,-0.11743546406777651,-0.0018133567881076004,0.8765301050387747
SLB,2017-05-12,55.12207857403575,55.17586347497185,54.384454563148665,54.5688591003418,7308500.0,-0.010644721914956709,0.014502940410902339,-0.010036259299454904,-0.0005576043166165574,55.18047561645508,56.47016582489014,56.40267308119904,-0.033669225099217076,-2.4010425949096685,0.00898317961434161,0.8665952773392753,0.010181029015806472,0.12202887926565424,27.151320776120315,-1.2541133749289912,0.013935099375401938,-1.2063331604003906,0.8820815604099443,-273120000.0,-0.08547478812088284,-0.08586287289310424,0.010957778663531068,-0.03976350079579755,-0.0011935454280250825,0.7670632790700348
SLB,2017-05-15,55.69068009499662,55.85203483136461,55.275765403429325,55.32186508178711,8573000.0,0.01370484675551435,0.010416666666666753,-0.006622562564874267,0.0205578971807347,55.15742721557617,56.230438232421875,56.29973898601695,-0.016158030760480398,-2.5070760345458964,0.009824988398824435,0.9275160441314126,0.010218603484705926,0.10734258197383227,36.44637023786296,-1.187844339013708,0.06416330823254834,-0.2304840087890625,1.016215831772599,-264547000.0,0.09972451184102506,-0.28642450930349417,0.15164663580989937,-0.10302864498778415,0.006265295401326546,1.003445240668829
SLB,2017-05-16,55.552354051902334,55.6368740047964,54.46896512595851,54.8377799987793,7029200.0,-0.00878884819753172,0.021297522964348354,-0.01286307421743845,0.004166326818057797,55.15128021240234,55.9784158706665,56.16050479675622,-0.020376351387337406,-2.6154150772094766,0.009879610455961862,0.9461764087650002,0.01048980104933068,0.09072131203600702,33.53371237075015,-1.1610039404138774,0.07280296546590304,-0.06147003173828125,0.8188990321212715,-271576200.0,0.17277742236834281,-0.33837145926592155,0.07719637246004997,-0.14512204696808073,0.00022031538264980115,1.0545597454905333
SLB,2017-05-17,54.837802413667525,55.04525683422292,54.3998378706142,54.54582214355469,6347700.0,-0.005338250758452323,0.01183260125606126,-0.0053244341906754766,4.0874900896212043e-07,55.1097900390625,55.76750259399414,56.00672549645131,-0.021906673127066276,-2.688638687133789,0.009299539441894756,0.8819643702102314,0.00981357523559516,0.08066198195084276,37.55056603218853,-1.150034409273367,0.0670179972851308,-0.4149017333984375,0.7472994760533236,-277923900.0,0.17974859171693494,0.032575466757967304,0.00897837451263259,-0.11203597615390783,-0.01589033949371483,0.5049690929885257
SLB,2017-05-18,54.29225057036368,55.26037870420217,54.29225057036368,54.88388442993164,6073400.0,0.006178639648027509,0.017639570228934257,0.010897206384936941,-0.004648780845646729,55.14743881225586,55.57233810424805,55.89978825202086,-0.012388423769842782,-2.7813040924072254,0.009521173841764683,0.8967825242851681,0.009871963709318561,0.06380383616003917,42.38835046340788,-1.10136631035801,0.09254887696039038,0.37648773193359375,0.7234406491359308,-271850500.0,0.12650098840572915,-0.2341254346734164,0.12563857385902677,-0.08096367658014948,0.002286992985829963,0.5312038627993337
SLB,2017-05-19,55.14512915931235,55.560043770232554,54.983774454306925,55.129764556884766,7681800.0,0.00447000056131969,0.01045296167247394,-0.0002786212066562349,0.004759953346855918,55.1305347442627,55.453626823425296,55.826452662007895,-0.005840235979005812,-2.7932138442993164,0.008613285387190004,0.892941149485346,0.00928250959753154,0.055163731853350224,46.40532843910949,-1.0310704813043259,0.1302757648112598,-0.16904067993164062,0.9539924480875878,-264168700.0,0.27615885754936265,-0.47343781113247396,0.2555207507128703,-0.15223047712356721,0.008478427328998726,0.4747462038058497
SLB,2017-05-22,55.521630182311,55.61382952251593,54.83779105258909,55.237335205078125,6209800.0,0.0019493251609985786,0.014049165605937759,-0.005120436419092221,0.007108059114272005,55.10517959594726,55.368723487854005,55.77034623753839,-0.002372969331769088,-2.7736203384399403,0.008453111147440042,0.8698900658360215,0.009238840879727771,0.04921897874506443,53.1701025212164,-0.9556641762775584,0.16454565587042191,-0.2535514831542969,0.782123679021722,-257958900.0,0.11087557285202804,-0.36229377062497087,0.29968519845637154,-0.1270157180468653,0.004246671385957438,0.7203565041349896
SLB,2017-05-23,55.45247660659229,55.56004641504987,54.95304200325931,55.39100646972656,4969900.0,0.0027781554194904485,0.010958537323605194,-0.001108519233538104,0.00389485482446641,55.09057960510254,55.29188823699951,55.73421864060393,0.0017926360608665941,-2.7505691146850566,0.008502538703944348,0.8594626228793543,0.00930059380723436,0.04156190489681031,53.96603156341727,-0.8734357261418637,0.19741928480489324,-0.14599990844726562,0.6425342993520228,-252989000.0,0.05889489671610651,-0.43843031432035146,0.3627768191840287,-0.11658896894659776,0.0021411551371218955,0.7714185120571079
SLB,2017-05-24,55.42175802387087,55.53701309924907,54.60729898553377,54.83012390136719,5257900.0,-0.01017749333323005,0.016956265052177344,-0.010675123698689962,0.0005551723303875422,54.98992729187012,55.18624038696289,55.64811437972424,-0.006452994135832351,-2.7483400726318337,0.008714515666224212,0.8539745830293966,0.009332443203153898,0.03126291014461985,52.91683129674719,-0.8438008122449432,0.181643358961451,-1.0065231323242188,0.6833326943483621,-258246900.0,0.1933351318474589,-0.6268449431390701,0.2210640723401258,-0.13192143791486025,0.003709720782608095,0.7253451517520738
SLB,2017-05-25,54.76096150006309,55.08367684222705,52.970688891920695,53.31644821166992,14649400.0,-0.027994868742751075,0.03963107110806874,-0.026378523108866587,-0.0012613942187785815,54.80628890991211,55.05369892120361,55.42605093514764,-0.031555567447341816,-2.71399425506592,0.009913050984505237,0.9335549144500719,0.01016640884389764,0.04106502655327694,34.15235438309935,-0.9317156690565938,0.0749828017198404,-1.8363838195800781,1.8579480311285625,-272896300.0,-0.5035668466027475,0.928499145112559,0.0,0.022577724754265616,0.0038556721018321236,0.6199798935936697
SLB,2017-05-26,53.40094957611086,54.05405354238872,53.016770082757546,53.854278564453125,8960700.0,0.010036973417608659,0.019260929442955012,0.008489155940872307,0.0015849023570636772,54.73483085632324,54.95765323638916,55.27635832841483,-0.020076815638216873,-2.6631296157836886,0.010291013685918168,0.9533133431791561,0.010334719707812745,0.0435518162375691,37.60177321053408,-0.94707314218779,0.04770026287091533,-0.7145805358886719,1.1240166406695404,-263935600.0,-0.5654283226664907,0.6108130722970693,0.21340790494367556,-0.145669273094788,0.0009962824829283926,0.632465188013087
SLB,2017-05-30,53.56794458749012,53.776889472776595,53.126833470345304,53.19647979736328,7263500.0,-0.012289628889208787,0.012219906371765454,-0.006934460393942121,-0.005316828757074911,54.52229232788086,54.83985977172851,55.078274658790875,-0.029966888704781848,-2.6223934936523463,0.01054837642783833,0.9663069662455273,0.01031441067628081,0.05095782855853175,33.77304827237465,-1.000786469882506,-0.004810451859040499,-2.125385284423828,0.9091034251427456,-271199100.0,-0.45242152878210085,0.19193083302126415,0.0,-0.21404761628333666,-0.0013027437126229206,0.6762747266027549
SLB,2017-05-31,52.863717365027966,54.117404532157835,52.80181147982022,53.85428237915039,8944200.0,0.012289699722896006,0.024428754673127745,0.01873808849427856,-0.006255346850071243,54.42394256591797,54.787611389160155,54.96170396549178,-0.017035402463163877,-2.538949737548826,0.010764337406003164,1.0097871852034055,0.010494414985632557,0.05345894791152648,36.90646144263878,-0.9789903073368436,0.013588568549297575,-0.9834976196289062,1.1208481362431624,-262254900.0,-0.6165437016301254,0.32887870521256257,0.2491518606262402,-0.2618407615642929,-0.0009124795766847012,0.5601237191242739
SLB,2017-06-01,53.91618503585586,54.318605694823766,53.567941611646745,54.001312255859375,5874800.0,0.002726422644721435,0.01390084892049213,0.0015788806264186144,0.0011494472485893874,54.36949157714844,54.73964080810547,54.87023808838393,-0.013488005060799897,-2.457703018188475,0.010786281603800546,0.984923613887478,0.010499207186761996,0.05491146666022189,41.81371554652067,-0.9390280780569213,0.04284063826337592,-0.5445098876953125,0.7453996175811181,-256380100.0,-0.6358202781284349,0.3213328670939716,0.3048414677575572,-0.22330306222813553,0.006475703872173532,0.5657519214078448
SLB,2017-06-02,53.3048293899829,53.49056476129397,52.64703285323112,53.36674118041992,8646500.0,-0.011820619709646507,0.01580632224124525,0.0011614668153999814,-0.012897517426549288,54.217777252197266,54.68260803222656,54.727047906673064,-0.024063717864940683,-2.3775912475585983,0.010940502074135014,1.0251286489449833,0.010534036565882237,0.05932005670618509,41.51504968814991,-0.9476385189346956,0.027384157908481366,-1.5171432495117188,1.1221970220539328,-265026600.0,-0.595927166491736,0.1155206023161403,0.06448886270119276,-0.19399578554691205,0.004106289868101603,0.4651151821694817
SLB,2017-06-05,53.23519230742861,53.784646258540114,53.111368705031154,53.606651306152344,4670800.0,0.004485424316936582,0.012559589847607012,0.006977696193498998,-0.0024649973013449573,54.06546592712402,54.59800033569336,54.62034346852823,-0.01815724062137345,-2.34076324462891,0.0104088294998942,0.9815644934082793,0.010386245774093578,0.060902515890792194,36.94806955332349,-0.9244471617983478,0.04046041203586337,-1.5231132507324219,0.6326644086989325,-260355800.0,-0.7165687211254967,0.38048901549384806,0.1553581536773923,-0.2732266323486515,-0.0014233893311576392,0.3305033156135061
SLB,2017-06-06,53.50604343533309,54.31861950404213,53.17327491914785,54.14836502075195,6588600.0,0.010054627557847766,0.021151969860130355,0.012004654879689741,-0.0018767796228246526,53.95656890869141,54.530874252319336,54.57539314016859,-0.00701454427078278,-2.3081983947753884,0.010677798472304939,0.9799527581265934,0.010634683429679942,0.05936507819160794,44.79950321826168,-0.8525286550505484,0.08990313502693026,-1.0889701843261719,0.9020351444042085,-253767200.0,-0.6981338090849554,0.19683567875058122,0.3605397441061845,-0.23518934517733842,-0.001280474406771982,0.29168583193206543
SLB,2017-06-07,53.8233327913681,54.06323359695522,52.561905165061845,53.14231491088867,10227700.0,-0.018754277592529713,0.028251092080028305,-0.01265283744355289,-0.006002623149550031,53.731699752807614,54.41113967895508,54.43890949928479,-0.023319209550708233,-2.307199020385738,0.011347538846724396,1.0471699647038355,0.011209725670271616,0.06098091574335126,40.442513140469636,-0.8667215299802464,0.060568208077785846,-2.2486915588378906,1.3666197216973948,-263994900.0,-0.5073755066459752,-0.4846381762567161,0.0,-0.30990393112985,0.0009168879196565324,0.31300578207503565
SLB,2017-06-08,53.1423362760135,53.48284535315008,52.80183310311256,52.863739013671875,7739800.0,-0.005255860928436903,0.012882407917862168,-0.005242472986031961,4.02036020937799e-07,53.535061264038085,54.262494277954104,54.28889326255975,-0.025777570362269894,-2.3097153472900374,0.011224392912713856,1.026661687289481,0.01123206850615268,0.06096168978877626,36.131019256908054,-0.8901867140480917,0.02968241920795256,-1.9663848876953125,1.029246516229669,-271734700.0,-0.3851114019657478,-0.4712843191989662,0.0,-0.24921941888990617,0.001527580046760685,0.26160398851786165
SLB,2017-06-09,52.89466234621348,54.473377225828884,52.87144690602137,53.92392349243164,8141100.0,0.019856588076541767,0.0297072285556586,0.019458695841204132,0.0005849630222638427,53.595808792114255,54.201048851013184,54.254134236833266,-0.005112915053420828,-2.240703163146975,0.01206650204376671,1.0933387495649163,0.01162685762367013,0.059234657833557434,42.55402445056887,-0.8138534187694404,0.08481257158928313,0.6074752807617188,1.0771621538479859,-263593600.0,-0.3389991946702283,-0.2855253978853123,0.4194983289263078,-0.2974426364365325,0.0005615469934982859,0.17340173401716488
SLB,2017-06-12,54.365044883649254,54.705553815691474,53.45186666936311,53.637596130371094,7999200.0,-0.00532398648493269,0.023373291063998446,-0.013380817671263378,0.008180439453362963,53.574140548706055,54.15448570251465,54.19541632193211,-0.009544723127516528,-2.163837432861328,0.011903678585170071,1.127456512165025,0.011879081179341425,0.059620849131362286,40.33509870892505,-0.7676143767779635,0.10484129086460803,-0.21668243408203125,1.0535729573457844,-271592800.0,-0.3996627744940503,-0.09260239203131172,0.3062030936944263,-0.2690364597995208,0.0009554462077460305,0.12687123717767662
SLB,2017-06-13,53.63758506676814,53.9393975927399,53.27386076515297,53.668540954589844,7882700.0,0.0005767577869671756,0.012400874250523396,0.0005771305285868246,-2.0626582384066802e-07,53.621346664428714,54.07181949615479,54.14523771551856,-0.007458201801284357,-2.1196976852416967,0.01140744058272087,1.1316373990076234,0.011914381920664619,0.056583246869105826,39.437000605426,-0.7201709319548968,0.12182778855013976,0.4720611572265625,1.042970070528524,-263710100.0,-0.3830097857354158,0.216658574366868,0.31844747409119445,-0.24090391152799337,0.00399632297247657,-0.028009464156466945
SLB,2017-06-14,53.44411916982225,53.467334611356705,52.11304541567818,52.76310729980469,10261300.0,-0.01701477921881032,0.025667351014475575,-0.012742503395997659,-0.004181626345263997,53.51222915649414,53.968085861206056,54.013606247355334,-0.022327613480683864,-2.0846633148193376,0.011817944373878977,1.1763360722359348,0.012070867167631722,0.05896887505119527,37.83800041298942,-0.7470213914415638,0.07598186325077827,-1.0911750793457031,1.329263142622488,-273971400.0,-0.34596585344226327,-0.14835610752906273,0.0,-0.256121032456987,-0.0014457832163835276,0.046082320827452436
SLB,2017-06-15,52.59285434614431,52.685722019145324,51.84993067483369,52.10531234741211,9465900.0,-0.012545313104387178,0.01604042479851176,-0.009270118627207393,-0.0032267423655128577,53.32262916564942,53.84606037139893,53.831863971170264,-0.03232823370883861,-2.0469278335571275,0.012034098794535191,1.0906352632834089,0.012157652839891779,0.0657075227513807,42.07575914892258,-0.8120186833505727,0.008787657073415556,-1.8959999084472656,1.2019503647410623,-283437300.0,-0.2673497976991564,-0.38884850431103085,0.0,-0.17088378981659108,-0.001419544095863798,-0.04225125811890486
SLB,2017-06-16,52.314269057239734,53.07267379760742,51.88863874429264,53.07267379760742,10179200.0,0.01839527003623544,0.022309692890735,0.014497091406130095,0.004010276503754669,53.293222427368164,53.755499839782715,53.759560145116666,-0.01270244057278685,-1.9956913375854484,0.012783681083061738,1.1011175199750949,0.012302646211707067,0.06437904355320807,45.158242729436004,-0.7765202786101355,0.03542884945108227,-0.2940673828125,1.2596866128597133,-273258100.0,-0.14981553966314062,-0.5576971211084836,0.29441616025101525,-0.2533248796352606,-0.00024043134084435742,-0.3307499847042817
SLB,2017-06-19,53.033963196943674,53.2274330792639,52.54642121902031,52.701194763183594,5037600.0,-0.00702405172074297,0.012922133232534227,-0.006274628817090882,-0.0007293885514675768,53.20267677307129,53.634071350097656,53.658763442075426,-0.017393357681625338,-1.9629756164550756,0.012754065977075886,1.0978008604133644,0.012344432424155524,0.062045526754692416,46.81905178167008,-0.7694925593674213,0.033965254955037216,-0.90545654296875,0.6337775664179415,-278295700.0,-0.011516279771382414,-0.5505580895129842,0.1813566302203982,-0.2784252955623396,0.008274703062032894,-0.8373096249704719
SLB,2017-06-20,51.888626034349755,51.888626034349755,51.107006037997145,51.65645980834961,9580000.0,-0.020022869679792478,0.015131118145774893,-0.004474318241659632,-0.015418411906697205,52.95348625183105,53.45502758026123,53.46806785791106,-0.03364637253644892,-1.971437416076661,0.013301182135585695,1.1177005513311384,0.012368443713961712,0.06388727760430715,36.55290883035285,-0.8385580457096822,-0.028080185109778943,-2.4919052124023438,1.1802331884529336,-287875700.0,0.12492752484689139,-0.7941227213888202,0.0,-0.2493200595223367,-0.005897762566255252,-0.08156039273944146
SLB,2017-06-21,51.44752902397822,51.455263570526924,50.50339477244367,50.66590881347656,11374200.0,-0.01936198220114388,0.01878716518413793,-0.015192570475782548,-0.00404462065628467,52.70584564208984,53.21877269744873,53.201195567964916,-0.04796923631601425,-2.0114596176147472,0.013676999971992105,1.1464434765260612,0.012533539539026734,0.07060148276045293,31.502110947222505,-0.9621312776690232,-0.12132273365529589,-2.4764060974121094,1.3480924779445447,-299249900.0,0.28591453397944244,-0.8936809665796097,0.0,-0.14670757440438445,-0.0011656357208154544,0.05716648958331592
SLB,2017-06-22,50.68911082252386,51.40881904441754,50.41825415928053,50.58850860595703,8088000.0,-0.0015288265849104764,0.01958082798709682,-0.001984690891877395,0.00045794123880640375,52.47832260131836,53.00669193267822,52.95236823824988,-0.04562034034858153,-2.0113146591186535,0.013621216714792656,1.1204638681338293,0.012600658544276408,0.07778324819917391,33.57719965634422,-1.0541578289188465,-0.1706794279240953,-2.2752304077148438,0.9427935972098531,-307337900.0,0.1891614093640492,-0.8899677494476321,0.0,-0.21247785329101535,0.00031332935665691087,0.13592402659872624
SLB,2017-06-23,50.557554534924755,51.199876005328996,50.41825597392423,51.021881103515625,7402500.0,0.008530134105214377,0.01531931035272838,0.009184118434172227,-0.0006118794936886407,52.188118362426756,52.89196357727051,52.76851232065614,-0.035356646780996474,-1.9237138366699185,0.012680944969657156,1.1282026165549581,0.011638455038289423,0.084582637038674,35.06245453142567,-1.0796741831820498,-0.15695662574983882,-2.9020423889160156,0.9009403736301052,-299935400.0,0.19224060051195993,-1.1259263243833382,0.12173875736675524,-0.12054320723894081,0.0011142366162817294,0.569330896796273
SLB,2017-06-26,51.16118311418645,51.38560891672158,50.71233150911619,50.990928649902344,8042700.0,-0.0006068346639592672,0.013203866362741354,-0.0033278054556345167,0.002730240588115565,51.923451614379886,52.74879608154297,52.59921863772721,-0.03332526165949239,-1.885754852294923,0.01236049627828988,1.0944835324628943,0.01148129156801801,0.08878362063753827,30.608197991056883,-1.0898307911331173,-0.133690586960725,-2.64666748046875,0.9843565552477415,-307978100.0,0.2956394921947563,-0.8867147883723786,0.11304389726012484,-0.07212051775309421,0.0005486137120725998,0.5480719443382753
SLB,2017-06-27,50.80520586129817,51.107018486071055,50.40278509211177,50.580780029296875,6498400.0,-0.00807608447670292,0.01392294451669955,-0.004417378656313157,-0.003642271155313227,51.614675521850586,52.61801109313965,52.406986389305274,-0.03871737113431849,-1.8258271026611297,0.01222517423067213,1.0314673566249783,0.011516281027922468,0.09584561314216998,33.025539132786804,-1.11808693187092,-0.12955738215882207,-3.0877609252929688,0.7990890601136708,-314476500.0,0.2716482060139118,-0.8168774333766358,0.0,-0.02539899330204006,-0.00687344392693037,0.5253629318521194
SLB,2017-06-28,50.64267497663867,51.107001483022906,50.3795528836741,50.495635986328125,6243500.0,-0.0016847463822773179,0.014406167684386895,-0.0029034601821167055,0.0012236851093626532,51.38792839050293,52.45007877349853,52.224953017593165,-0.03726291423909032,-1.8061075973510796,0.011722563705939316,1.0347842387186412,0.011198599718326364,0.0999182569398928,33.89446451346434,-1.134275319843951,-0.11659661610548255,-2.2674713134765625,0.780708308194405,-320720000.0,0.3901377415536671,-0.4173232701353141,0.0,-0.06522455738045918,0.008520055919287601,0.5288086201816944
SLB,2017-06-29,50.76651074688004,51.3082301179175,50.53435036292167,50.596256256103516,7194800.0,0.0019906700878045015,0.015295197950589033,-0.0033536772228724603,0.00536432020828993,51.23702278137207,52.27982597351074,52.06983904030844,-0.03220304746730141,-1.8130037689209004,0.011704241665249885,0.9778525186780962,0.011228607935295102,0.10093376326473569,23.97114270266529,-1.1260056271359744,-0.08666153871800475,-1.5090560913085938,0.8922980569189127,-313525200.0,0.4000204001438037,-0.3934923866470361,0.0275466010622921,-0.042367784635869876,-0.009609552729371125,0.19274215782525514
SLB,2017-06-30,50.95996517982556,51.16117550808688,50.59624086097202,50.95222473144531,7981900.0,0.00701083718674859,0.011087536414601527,-0.000151892732911661,0.007188455246195588,51.02497787475586,52.15910015106201,51.96339958232147,-0.0231383481716781,-1.7770306015014654,0.011734504896932483,0.9286559115914176,0.011124233864487569,0.10160951662737205,29.22152365772307,-1.0782982045923575,-0.031163292939510256,-2.1204490661621094,0.9940105815757045,-305543300.0,0.1908972418865947,-0.5330648315990446,0.12499934694422664,0.0013159838510205333,0.0028843202409997827,0.37868796774128954
SLB,2017-07-03,51.168917136097924,52.159481999247966,50.99866269320045,51.82671356201172,5201400.0,0.017017298455762088,0.022398088288167656,0.012855390786641083,0.004252854625970427,50.937529754638675,52.07010326385498,51.950381866101495,-0.004674269620898077,-1.7524819564819296,0.012438330448684653,0.9673502287496832,0.0114027097446154,0.09845870207925096,37.394155857718744,-0.9588725029578171,0.07060992695602408,-0.874481201171875,0.6456133382568787,-300341900.0,0.20330200054383066,-0.8082727957897206,0.36440632729536454,0.038682442249399915,0.0025628925151011932,0.5327461816026852
SLB,2017-07-05,52.05115170959352,52.05115170959352,50.56529815742937,50.87485122680664,8872900.0,-0.018537002695557418,0.029206052034236422,-0.022598932860309316,0.004330549482232854,50.859368896484376,51.90642757415772,51.84795037664484,-0.01987376892538566,-1.7949466323852477,0.012653944970944242,0.962375801124861,0.011702883822685625,0.09319031799061432,37.15800380957125,-0.930310073967533,0.0793378847570465,-0.7816085815429688,1.0859359127814616,-309214800.0,0.3876023562098555,-0.7099059136770048,0.11061360480917884,-0.0027255875741974468,0.0014392964490614957,0.5366254750933248
SLB,2017-07-06,51.199879611046555,51.46299585355919,50.31765139309112,50.40277862548828,6503800.0,-0.009322414453929641,0.022723835703154716,-0.01556841523092754,0.006388782992030695,50.833055877685545,51.7694507598877,51.71031497177278,-0.026399200963869374,-1.801424789428708,0.012216024444595379,0.978959217946081,0.011479963564304476,0.09403738875520762,38.121012581411875,-0.9349884915422209,0.059727573745886886,-0.26313018798828125,0.814548606088387,-315718600.0,0.41648566176439444,-0.5565075607010322,0.0,0.020276268929950575,-0.008631726688896354,0.6027929928850727
SLB,2017-07-07,50.294422488150765,50.441461469162846,49.64436660116754,50.36407470703125,6743400.0,-0.0007681875354907747,0.01582665565945609,0.001384889525213154,-0.002149804837996001,50.810612487792966,51.64446754455567,51.582101613225966,-0.024792449189640166,-1.7948278808593727,0.012205517368008777,0.9513206332804042,0.011550041770418459,0.09504084406895964,28.28778018534385,-0.931086270982874,0.050903835444187084,-0.22443389892578125,0.8498593208964393,-322462000.0,0.35726099023954183,-0.5814764551224962,0.0,0.04261848036582165,0.006516793514448131,0.5839545335960082
SLB,2017-07-10,50.1628884733188,50.836166025829506,50.131932572765336,50.57304382324219,5873600.0,0.004140586095753894,0.013925075491313822,0.008176469944340304,-0.003994637742929904,50.76572875976562,51.47692356109619,51.48600087132275,-0.017558930785388165,-1.85448719024658,0.011140670438933815,0.9529793184818739,0.01099298945515484,0.08733175148245798,32.48432360746037,-0.9007484049097769,0.06499336121382737,-0.4488372802734375,0.7509701010695085,-316588400.0,0.24422660634242174,-0.40679558409436806,0.06323838705659174,0.07387960834460333,0.001133665377315244,0.5769475504722364
SLB,2017-07-11,50.57303854952334,51.261791028371015,50.35635317247918,50.91354751586914,5534000.0,0.006710344013662157,0.017783829649851427,0.00673301379770488,-1.0427924541616887e-07,50.7579906463623,51.340721130371094,51.43148150413669,-0.008320366467335312,-1.8934567260742199,0.011341069626006124,0.9037828278179728,0.01081111552356818,0.07847758638311386,43.08372966492224,-0.8395517947009594,0.10095197713811599,-0.07738113403320312,0.7188796181910059,-311054400.0,0.09338487443534334,-0.6286697048146629,0.16628186400179865,0.10458043933776677,-6.513156042743974e-05,0.5782734922972537
SLB,2017-07-12,51.47846123208458,51.54037300848684,50.56528319496315,50.75101852416992,6497600.0,-0.0031973604273859255,0.019213206786368363,-0.0141310111161844,0.011095548115938282,50.77501449584961,51.194845008850095,51.366675506044615,-0.008669358889619614,-1.943306236267091,0.01131781619133024,0.8910703119335263,0.010985422052714144,0.06654179937790955,50.93676706825622,-0.7950034664426866,0.11640024431711105,0.17023849487304688,0.8517158910895307,-317552000.0,0.14823782291275245,-0.5951783553317442,0.14285754471983741,0.1256088377760543,0.006685629653480142,0.5144082265728434
SLB,2017-07-13,50.66590275313878,51.49395376082242,50.642687307801545,51.455257415771484,6252300.0,0.01378095484907885,0.01654381876165595,0.015579603238862703,-0.0016771243909243958,50.87097663879395,51.129452514648435,51.37511187839955,0.00637215704646373,-1.9398188781738313,0.011383964975019206,0.8811204239252309,0.010668676133150397,0.060342283428148125,58.38317321847469,-0.6948624604551128,0.173233000243748,0.9596214294433594,0.8416768920835417,-311299700.0,-0.013751882105278576,-0.6493954819576994,0.40285869861956264,0.051428884540256604,0.0011203560495818923,0.4909478177265537
SLB,2017-07-14,51.46299190051589,51.919578017180534,51.36238968097095,51.733848571777344,5340600.0,0.005399636526059675,0.01077028583010835,0.005263134949189387,0.00015031476146173492,50.98473587036133,51.1108793258667,51.409277277768865,0.012188583998698052,-1.8938545608520556,0.011151703271757494,0.8650895885541467,0.010550295866009307,0.05875701452672117,57.098671989459895,-0.5862619508922435,0.22546680784529383,1.1375923156738281,0.7394781587677857,-305959100.0,-0.20988177348584772,-0.437439763699809,0.5057130324139575,0.20054396702978985,0.005471202366821078,0.48601034652637126
SLB,2017-07-17,51.656464373365644,52.26782997857709,51.579077592604186,51.71837615966797,6438500.0,-0.0002991218848101907,0.013317362939751783,0.0011985293041899886,-0.001495813679980416,51.0613510131836,51.04316444396973,51.438715266521164,0.013228249522801858,-1.9057890319824224,0.010232058309040937,0.8661949441518263,0.010261663510355488,0.04803393340543312,57.27547423199597,-0.4957293001962455,0.2527995668330335,0.7661514282226562,0.9151986081191628,-312397600.0,-0.32996799939691696,-0.21769741898831618,0.5794744875329992,0.27977793314717453,-0.001834764095697621,0.512081701335943
SLB,2017-07-18,52.08982902929142,52.097569477739945,51.06057374646188,51.21534729003906,5359800.0,-0.009773917765153486,0.02024775357678293,-0.016787955644097373,0.007182222204283502,51.000214385986325,50.9688720703125,51.417442125903825,0.004835798983084134,-1.8984122467041047,0.010330512896465948,0.8899636825317394,0.010469066889084631,0.03737227328797502,56.230784904801,-0.4592774831233726,0.23140110712472517,-0.6113662719726562,0.760126475015937,-317757400.0,-0.2989009997772482,-0.3375484637519271,0.5820114611949546,0.2388428879572118,0.00016456393134471075,0.6811284369394921
SLB,2017-07-19,51.17665860038172,52.34521851299717,51.15344315579882,52.19044494628906,6642300.0,0.01886019224003378,0.02283512544154104,0.019809545477042532,-0.0007554120337843755,51.13177375793457,50.995571327209475,51.49106144213099,0.02343092915682354,-1.8057041549682609,0.01033332440225593,0.9231298795209929,0.01072437779744434,0.04148167028715674,64.16555710299302,-0.3476988677315447,0.27438377801324243,1.3155937194824219,0.9620512404570478,-311115100.0,-0.14951977409188982,-0.12757312237501459,0.9999999945246589,-0.06948157188185002,0.004661393882739784,0.6202185977526821
SLB,2017-07-20,52.44581956961648,52.546427699539585,51.66420539969398,51.86540985107422,7458200.0,-0.006247340007991885,0.01700983955161662,-0.011066844284353849,0.004893129836126791,51.27803688049316,51.05554637908936,51.526713671554155,0.015862399473146268,-1.6722971725463864,0.009394387499437289,0.9281033201107236,0.010672154991903157,0.043620758539606536,60.22428831238595,-0.2822460699034437,0.2718692606730747,1.4626312255859375,1.1117520880195453,-318573300.0,0.09143512054769945,-0.004243876823292968,0.8220321945416439,-0.19217146175615224,-0.0018293160566770488,0.5713395788569089
SLB,2017-07-21,52.46904806237538,53.36674547908813,51.23083577083067,51.4862174987793,10910300.0,-0.007337940649725149,0.041485077211354644,-0.01873162559434449,0.011638550876864563,51.39025115966797,51.10043182373047,51.52285689319464,0.007549558022906472,-1.5404031372070293,0.009570530887666484,1.040315824478052,0.011711353545190454,0.04331173783007525,54.28580351123414,-0.2579978709915238,0.23689396766799564,1.1221427917480469,1.5928317243644725,-329483600.0,0.14728918448994946,-0.19795558409368116,0.6144114492688738,-0.13699261969066087,-0.0009276810518466595,0.5963147900711293
SLB,2017-07-24,51.602291432316434,51.726109096839224,50.95996995392082,51.40108108520508,6211000.0,-0.0016549454437469907,0.014905117299934087,-0.003899252175172715,0.00225446613047248,51.47305488586426,51.11939182281494,51.511259197195635,0.005510418890868304,-1.4464081192016636,0.009412487916746006,1.0088073869863199,0.011700579444875408,0.04358140013444612,46.08824851333319,-0.24285135644831968,0.20163238576895987,0.8280372619628906,0.9147208047068873,-335694600.0,0.30347588741244275,0.05828853688475152,0.5677963592514932,-0.12091715636826357,-0.0025524653442755892,0.5902937322252657
SLB,2017-07-25,51.8499293817071,52.27556549205585,51.795758049865654,51.857669830322266,6947200.0,0.00884364214911379,0.009252391088147958,0.0001492856153801686,0.008732273466349609,51.56746711730957,51.16272888183594,51.54425068606484,0.013582953131592015,-1.348847274780269,0.00959581415097876,0.9651381623210783,0.011631847083008426,0.04532191959257716,59.93717716902304,-0.19179385847551345,0.2021519069934129,0.944122314453125,1.031464936472527,-328747400.0,0.16174575091745158,-0.2246591502922371,0.8177942692058044,-0.13750749909402576,0.0048500499020691385,0.641761629246066
SLB,2017-07-26,52.221398864800406,52.74763723762529,51.63324870594133,51.842193603515625,8350800.0,-0.00029848114373673136,0.021495782763490033,-0.007261491831471844,0.007013987239848184,51.67658462524414,51.225799560546875,51.57262620201253,0.012032882810158903,-1.2161831665039031,0.009370075156329356,0.9629270245507848,0.011834293074892982,0.04541987489530421,66.03424977690902,-0.1508404310514706,0.19448426753396458,1.0911750793457031,1.2230416548584886,-337098200.0,0.08638182228376268,0.015183927534846136,0.809320507210979,-0.16315427085848477,0.0005967951274094302,0.5647764194715936
SLB,2017-07-27,51.81897882112151,52.469040774310834,51.37786767240599,52.45355987548828,6968600.0,0.011723838299678503,0.02080265104017758,0.012246112694681533,-0.00044779706992450753,51.77641487121582,51.323695755004884,51.656524647105456,0.02201447311738491,-1.0706025695800747,0.009627227770961245,0.9839326126871804,0.012012866868594452,0.04801340985876347,70.6420856666943,-0.06826547412539696,0.22164737956803054,0.9983024597167969,1.0152167420583758,-330129600.0,-0.07608423769024249,-0.2613900378005062,0.9999999952141322,-0.1681248435257571,-0.001815162213845962,0.644088473771677
SLB,2017-07-28,52.26783330291786,53.42865280086892,52.236877407797834,52.979801177978516,10545600.0,0.009982526730764557,0.022494901199562337,0.013621530300183928,-0.0035407810835202135,51.90101013183594,51.44287300109863,51.78255098337908,0.02987640633615194,-0.9201049041748064,0.009795581370657952,1.0187570369733885,0.012219684909804015,0.053931370734188855,72.37387947438935,0.03918732223043975,0.2632801407390938,1.2459526062011719,1.4997248172203268,-319584000.0,-0.17622554727318712,-0.42560577137034816,0.9999999961769703,-0.11680894424016305,-0.001749881369164814,0.812387701123679
SLB,2017-07-31,52.96431330478597,53.23516994093844,52.38390369693129,53.088130950927734,10621100.0,0.0020426496197547533,0.016034963536275582,0.0023377560930366707,-0.0002923354344143049,52.03798561096191,51.549668312072754,51.90689193266943,0.029844278134660236,-0.7773945236206075,0.009733305155487038,1.0148876361244825,0.012320039613246805,0.06004809814442074,71.12754043872926,0.13156909816066786,0.28452953333545755,1.3697547912597656,1.4826380406636281,-308962900.0,-0.1006781664078442,-0.3671979959653865,0.9999999963290038,-0.16864484058565835,-3.607782511801304e-05,0.7855051988780644
SLB,2017-08-01,53.01074961314073,53.40542984008789,52.662506174455416,53.40542984008789,10295700.0,0.005959042513894996,0.013911013690125035,0.0074452866602988475,-0.0014576014713821917,52.2569938659668,51.628604125976565,52.04960982861405,0.034415528836994606,-0.6639720153808568,0.009124564424995861,0.9983043398465387,0.012090801078703443,0.06796426144122426,75.0364480264815,0.22776021179215888,0.30457651757355886,2.190082550048828,1.387866463836708,-298667200.0,-0.17619574680910075,-0.050604376769290325,0.999999996711992,0.024227856206659668,0.001191031781452814,0.6927529826097897
SLB,2017-08-02,53.3048287304725,53.6840340140326,52.94884479621396,53.49829864501953,7973400.0,0.001737429173131095,0.013742291557660201,0.003629500725446107,-0.0018837243687883452,52.387779235839844,51.759776496887206,52.18758019208124,0.03358828545631141,-0.4980189132690427,0.007831871327626052,0.9900131087606644,0.011597006183819064,0.07353787429594881,71.78210533251232,0.30793639965420994,0.30780216434848795,1.3078536987304688,1.081375052723374,-290693800.0,0.2514169382664937,-0.4227628594258015,0.9999999968094175,-0.20100500218073458,0.0004177506171768042,0.7545110478250641
SLB,2017-08-03,53.36674434714784,53.591170172624274,52.430350602098116,52.79407501220703,9869700.0,-0.013250883630956762,0.02198768650189919,-0.010730827633322141,-0.0024590370386280472,52.480645751953126,51.87934131622315,52.245341603521794,0.017631945062838304,-0.3265154647827089,0.00818094146296709,1.0331296254975624,0.01157598145064091,0.0710775937461063,60.363172652428105,0.31106587072171976,0.2487453083327982,0.9286651611328125,1.3086863214255169,-300563500.0,0.06226144223002681,-0.2520024630501501,0.7753116387026173,-0.21578523017698895,-0.0016537529305788877,0.700753517772212
SLB,2017-08-04,52.73989693241253,52.925626386789695,52.20591810881617,52.26782989501953,5411600.0,-0.01001789409261744,0.013769622335939055,-0.008950852482665292,-0.0010262151535371476,52.55880699157715,51.974529075622556,52.2474833455692,0.005643164538734444,-0.18008182525635164,0.008612850187611477,1.0353407606404639,0.011524258865352646,0.06563794943208334,54.88305298958,0.2679931578425965,0.16453807636293993,0.7816123962402344,0.7239506655099367,-305975100.0,0.06318926773864554,-0.5690632026513031,0.5793635663350449,-0.03264130799641558,0.002632929349096794,0.809567077396138
SLB,2017-08-07,52.043410980618475,52.236880909914454,51.48621663956866,51.5016975402832,5756600.0,-0.014766305571346878,0.01457552481175296,-0.010408876553787218,-0.0042936336720274,52.56886863708496,52.02096176147461,52.17645612601815,-0.009981826625434672,-0.09735412597656534,0.009348684777173058,1.0170991552242354,0.011535924350053748,0.061201308633782966,52.43113379931819,0.17007670597437397,0.05329729959577392,0.100616455078125,0.7707070794973254,-311731700.0,0.06062683285525491,-0.7435488010272072,0.273244438265977,0.09114775046357043,0.0017311119778817264,0.6986031262530598
SLB,2017-08-08,51.26951603029158,51.56358810992296,50.50337699109933,50.681365966796875,8700100.0,-0.01605646120583076,0.02091915043328177,-0.011471730358195792,-0.00450823023474169,52.45123825073242,52.009352684020996,52.0340665870447,-0.025533613642380958,-0.04550495147704936,0.00996412796129743,1.007701709626041,0.011624720335406898,0.06263631977710529,36.84202823737274,0.025983785332563514,-0.07263649683682924,-1.1763038635253906,1.1406152696475278,-320431800.0,0.1351021819332767,-0.816887777535313,0.0,0.23746527877079535,-0.0023781706977270014,1.0339857786477051
SLB,2017-08-09,50.86710129478379,50.99865939060057,50.35633799916767,50.681365966796875,6274900.0,0.0,0.012673719012500733,-0.003651384161062034,0.0036647656282309616,52.33515548706055,52.00587005615235,51.90523795654491,-0.025468357474365173,0.0013146972656272737,0.009938895062141167,0.9905659304537048,0.01146526318000741,0.06308603604882113,39.05574556609428,-0.08720564007435172,-0.14866073779499558,-1.16082763671875,0.8238652962056295,-320431800.0,0.08422376584621522,-0.7985522649694515,0.0,0.258674629566278,0.000266853309809619,1.5370271177488362
SLB,2017-08-10,50.72781140636387,50.90580041243087,49.67533465178646,49.83784866333008,8060500.0,-0.01678359918125853,0.024689383543751792,-0.01754388211043823,0.0009164204373935515,52.073584365844724,51.92499961853027,51.7083437381435,-0.040195492932759896,0.0007729339599578111,0.010035210915637215,0.9258913627670589,0.011714859644648136,0.07297095301661201,35.96835891074642,-0.24218214697940965,-0.24290979576004282,-2.615711212158203,1.0458911419423693,-328492300.0,0.17173160739211413,-0.6864687571731788,0.0,0.2017895381581166,-0.014593502479814946,1.1975368828182433
SLB,2017-08-11,49.60569636189765,50.046807632738634,49.32710210040648,49.396751403808594,4627500.0,-0.008890047711597269,0.014569896033216985,-0.004212116216748596,-0.004658152541870102,51.71527938842773,51.80814476013184,51.48819208725446,-0.04654467685511286,-0.023990707397459232,0.010021272384496635,0.9225746762966125,0.011786528071558392,0.08518862070160964,33.91315689404641,-0.3960298224140999,-0.31740597695578643,-3.583049774169922,0.6032326229245343,-333119800.0,0.3678743413258137,-0.5793985664823739,0.0,0.23715152538860693,8.39165852267301e-05,1.1787363577370522
SLB,2017-08-14,49.528302160287794,49.744987537561656,49.27292043525772,49.48960876464844,4961000.0,0.0018780626160151744,0.009538711541424572,-0.0007812380790711001,0.0026631459102198604,51.3554271697998,51.69670639038086,51.29785081843484,-0.042693196140307595,-0.0578864288330081,0.010055509215768295,0.8938305831146961,0.011721289438659582,0.09434747918302508,29.81531904433345,-0.5046451652954786,-0.34081705586973216,-3.598522186279297,0.6529955727663596,-328158800.0,0.3316627835635825,-0.6362527939449316,0.02263959309805065,0.23070690997388624,0.011300816334221427,0.9289033280271193
SLB,2017-08-15,49.481864759588206,49.481864759588206,48.777634381921565,49.09492492675781,6850800.0,-0.008007056113267996,0.01434426020036175,-0.007819831259601324,-0.00015647739502365403,50.9243766784668,51.590685272216795,51.08804835256083,-0.048376181325953976,-0.0736730194091777,0.009993516539905701,0.8650867153320466,0.011567375718940962,0.1045723008674395,28.004935436187495,-0.6154764647032707,-0.3613186842220193,-4.310504913330078,0.89297945930868,-335009600.0,0.3225581420370952,-0.5936553035254661,0.0,0.35414071622820625,-0.0005026502343300103,0.9383157407968216
SLB,2017-08-16,49.24970743716763,49.489611225447455,48.93241685376115,49.30387878417969,6329600.0,0.004247087639882165,0.011301227924183045,0.0010999323616524982,0.0031527191586651505,50.50493469238281,51.44635696411133,50.918127441286444,-0.04164489589469325,-0.12111160278320199,0.008829363772671274,0.8269453774592941,0.011249478766107095,0.1114166207662858,23.04638788234911,-0.6786274432517629,-0.33957573021640924,-4.194419860839844,0.8267275845359519,-328680000.0,-0.029628228663933543,-1.1137954771914693,0.047453128059689334,0.4207837455842358,0.0015607610590864863,0.7591179676233104
SLB,2017-08-17,49.110405995240015,49.3735252163703,48.71572863960301,48.77763748168945,5292100.0,-0.010730795612432443,0.013485617810297154,-0.006775926747231841,-0.003924088605413188,50.10329093933105,51.29196834564209,50.71427125465816,-0.049019972230530735,-0.18820667266845703,0.008974864323886446,0.7888040334375945,0.01116354870813921,0.12066227370856163,14.039695752946173,-0.76235042273197,-0.338638967757293,-4.016437530517578,0.7011349506916158,-333972100.0,0.01818272099494022,-1.228944838508541,0.0,0.3606430046240039,-0.015922821354531724,0.6596712554770838
SLB,2017-08-18,48.808590021122725,49.38126226964015,48.70024734083698,49.00205993652344,9096300.0,0.0045903772426628625,0.013897679601334093,0.003963849709999504,0.0006345641369960072,49.77671394348145,51.1677604675293,50.5512035100739,-0.04232548994166355,-0.2351809692382787,0.009070272950079887,0.776643225208739,0.009900249786095192,0.12730029840336077,15.714401859568284,-0.8013549496002881,-0.3021147957004889,-3.2657699584960938,1.2198001798260876,-324875800.0,-0.16066542525117997,-1.2755187581680416,0.047540470835289984,0.3151135048424565,-0.0019160180708844752,0.6467772534956739
SLB,2017-08-21,48.839548473703736,49.0717117939191,48.74668373604095,48.75442123413086,4498200.0,-0.005066451434118673,0.006666637602306555,-0.0017429980872716582,-0.0033164210449563975,49.50198631286621,51.035427474975585,50.38008138855552,-0.044694565201069014,-0.26412391662597656,0.009086796610404754,0.746793538940573,0.009736311173215993,0.13431945950079696,10.512481361193181,-0.84253645603156,-0.2746370417054086,-2.7472763061523438,0.6102096366239733,-329374000.0,-0.09886382171292325,-1.3034634190557561,0.0,0.30549323306925014,0.0012592759927724172,0.639429316957425
SLB,2017-08-22,48.87824010873297,49.24970199812799,48.83954671544286,49.02527618408203,4710200.0,0.005540120288367648,0.008366200348266569,0.0030082113231158095,0.002539644025461794,49.33637733459473,50.89380779266357,50.25105232146281,-0.036714321243043115,-0.3134972000122076,0.008893900281077704,0.7296572208104654,0.009722331412547703,0.13822352416420428,13.137669131331421,-0.843592951318854,-0.22055482959416206,-1.6560897827148438,0.6488133487333869,-324663800.0,-0.12384902831283767,-1.2670962494939009,0.05709568901559698,0.2770689491728852,0.00906364266265156,0.6048728173396329
SLB,2017-08-23,48.83180182839968,49.141354850826254,48.653809873745146,48.901451110839844,4433400.0,-0.0025289344932964706,0.009969949071164365,0.0014263099011770127,-0.003946420514917297,49.158385848999025,50.74677066802978,50.122518872832046,-0.03636329037095716,-0.36519252777100064,0.008875292386328825,0.6815661784215331,0.009385840068337802,0.14170086484851047,14.527383107655254,-0.8446848785254417,-0.1773174054405997,-1.7799148559570312,0.6276185278697367,-329097200.0,-0.08405811202283106,-1.2549217876977614,0.030993607900062736,0.2685879131747022,-0.002141693202352313,0.5991302861522687
SLB,2017-08-24,48.831796285910706,48.94014189794409,48.413903590817675,48.66154479980469,5674100.0,-0.004917987446754159,0.010814254033475005,-0.003486488293594479,-0.00142439177870732,49.04075546264649,50.557169914245605,49.98337848492468,-0.03749468409043172,-0.4727620315551775,0.008180786510677752,0.6677468947895966,0.009068454459538362,0.14305920106855177,15.327264591753647,-0.8550521639291304,-0.15014775267543068,-1.1763038635253906,0.8106876293019694,-334771300.0,-0.1040584503408529,-1.2600498713216504,0.0,0.13500030307518035,-0.002632499373436383,0.6255695422089607
SLB,2017-08-25,48.839537217134676,49.628891733512596,48.746672500875405,49.4354248046875,5712600.0,0.015778184846974196,0.01784589160754087,0.012200926165691935,0.003657763395351628,49.044622802734374,50.379951095581056,49.931192420140185,-0.018748058907433175,-0.5965830993652332,0.008783110070032523,0.6810135860936707,0.008880393495624885,0.13737535085365626,30.163311972964195,-0.7916964792954531,-0.06943365443340266,0.03867340087890625,0.8453755621556589,-329058700.0,0.2318119616996957,-0.507218216752346,0.15999987347887015,0.043737019984765736,0.0018183440996980594,0.7094887123836469
SLB,2017-08-28,49.40448138028592,49.590213811782,48.75442229822492,49.10266876220703,4505600.0,-0.006753881576574097,0.017021305249305903,-0.006109012981144757,-0.0006259362496394191,49.00592880249023,50.18067798614502,49.85228540509893,-0.0214825559797265,-0.7164561080932614,0.008714707180610915,0.6649836142889173,0.008909858503030329,0.1298054064544823,33.27876032536933,-0.7595812941045992,-0.029854775394039024,-0.38694000244140625,0.6983591133802822,-333564300.0,0.3876745898865516,-0.34499312308880253,0.09120248323712753,-0.04380294212122503,2.886801737374692e-05,0.7031807979858368
SLB,2017-08-29,48.95563260883718,49.23422979642719,48.60738907646668,49.14136505126953,4076300.0,0.0007877585958470862,0.012755867064468495,0.0037938932158508424,-0.0029944635816418867,49.010572814941405,49.9674747467041,49.78457870473423,-0.016532948675559364,-0.8584627532959033,0.008480595573460962,0.6638778520408896,0.008877358331631335,0.11637801335495497,33.82124508067295,-0.7226767436839339,0.005639820021301034,0.04644012451171875,0.6638141261821691,-329488000.0,0.44108545405494237,-0.04260059923637142,0.09920295012480651,-0.1019791194468891,0.0017647682272793352,0.6924857485203086
SLB,2017-08-30,49.06396908708026,49.3425632704924,48.80858739547355,49.05622863769531,4629100.0,-0.0017339821009356956,0.010884976074343676,-0.00015776239731459804,-0.0015749656955708065,48.98580780029297,49.74537124633789,49.7152120316829,-0.013853401660829084,-1.0285616302490226,0.008389454827871509,0.6141285744962062,0.008804173731573064,0.09679604037398239,40.232069220317975,-0.692318798497773,0.02879821216596956,-0.247650146484375,0.7749380180162082,-334117100.0,0.506040823833055,0.14336059790370947,0.09550658232359771,-0.05287799017477696,0.0060055769405376385,0.6707586770574897
SLB,2017-08-31,49.218739092080654,49.3580376497771,48.87823314666502,49.14908981323242,5833500.0,0.0018911644436045735,0.009762225606523992,-0.0014150967727541465,0.003312738441137857,49.022953033447266,49.56312198638916,49.66129562992571,-0.00835363384232416,-1.180474510192866,0.008225344785369378,0.5969927866947725,0.008401559379295896,0.0783990954472324,46.6098960144621,-0.6532366815882966,0.054304263260356755,0.37145233154296875,1.0107074172254276,-328283600.0,0.32920369089712065,0.15349904972298567,0.13519314175208258,-0.09111447893956229,0.005538123587743897,0.6685927597297494
SLB,2017-09-01,49.297301523606414,49.858914320942,49.117897146279816,49.414302825927734,4907400.0,0.00538158530613148,0.014996005858315384,0.002373381477387623,0.0030155535115136416,49.06417732238769,49.42044563293457,49.63777250573543,-0.00012429687608371372,-1.2996667480468744,0.008310282895877739,0.6162035061489328,0.008440909132292007,0.059388026376222834,49.01562651151519,-0.5940159031497672,0.09082003335910904,0.4122428894042969,0.8539821699855042,-323376200.0,0.10991118024168055,-0.04521897578218426,0.2650413876493863,-0.122700368100341,0.0027006360146936397,0.7176505279002167
SLB,2017-09-05,49.515717482838724,50.896354584967376,49.4143139508967,50.77935028076172,7517600.0,0.027249868231453242,0.0291858920186335,0.02551983212928193,0.002052334063444023,49.26667022705078,49.384328269958495,49.74649419859507,0.028248273484198522,-1.3309334945678728,0.0102733528146324,0.6712090330284164,0.009122440212636302,0.05162403059027512,67.56280755456632,-0.43195577090319404,0.2023041324845457,2.0249290466308594,1.2884649004034594,-315858600.0,0.9671165520318509,2.027614875020007,0.9999999952781311,-0.06673620864393463,-0.006576998769074095,0.47931393588088467
SLB,2017-09-06,50.927538036867396,51.66855511510435,50.91973616573576,51.26294708251953,6806200.0,0.009478430705747767,0.01460741123921703,0.006586005500782817,0.0029182680614529277,49.49043731689453,49.41340732574463,49.89091828277836,0.03742991744289779,-1.3072948074340829,0.009849635983346717,0.6949240660752964,0.008903851151948625,0.057385054553538824,69.31991061553394,-0.26148548628598434,0.2982195336814044,2.2376708984375,1.1857811491425292,-309052400.0,0.9467291755150407,1.971737405366314,0.9999999961559195,0.08871042512499415,0.003499942274854623,0.4729680073965041
SLB,2017-09-07,51.26296243815317,51.58276783733858,50.98215450413945,51.379966735839844,4236400.0,0.0022801321526429697,0.011689640366780794,0.002282433400680619,2.995464465012365e-07,49.73828887939453,49.448337364196775,50.032732421165164,0.039063585847512676,-1.2883485031127933,0.009855340904607476,0.6908395486775706,0.00888004031169646,0.06370406816689221,77.91686957518118,-0.11561135378500609,0.3552749329459062,2.478515625,0.7514118682067146,-304816000.0,0.9067771673671398,1.9060513113328281,0.9999999963213952,0.09716498907692017,0.0038968099392420264,0.4723079115936216
SLB,2017-09-08,51.262946841816586,51.294148375112606,50.342522438377934,50.59212875366211,5487000.0,-0.01545233830200442,0.018809762707717424,-0.01308582766855829,-0.00227753931069853,49.93134727478027,49.486051368713376,50.08600826235535,0.02235129605931804,-1.2525643539428728,0.009737442596407332,0.7162987892960518,0.008624528224260714,0.06663293541163554,65.21809609415331,-0.06285246959146207,0.32642705371156017,1.9305839538574219,0.9959622416501717,-310303000.0,0.9873078406666498,1.9443386602860835,0.7101855385891056,-0.024636930406094364,-0.0014865503663810675,0.27181141832293226
SLB,2017-09-11,50.8495373737252,51.395549333352406,50.68573378583704,51.301944732666016,5617100.0,0.013932654512063665,0.013836035869872214,0.008896980824344411,0.005087918346279434,50.11799926757813,49.58131103515625,50.20181173571827,0.03470327148650288,-1.1714184570312511,0.009887371707192345,0.7504696837112051,0.008607355217420535,0.07407811334211838,72.39995760290017,0.03582260289770289,0.3400817009605801,1.8665199279785156,1.0105015088891787,-304685900.0,0.7501122145504322,1.246247236868462,0.9712987848381581,-0.13808339535546144,0.010501828431173784,0.3910542738381756
SLB,2017-09-12,51.29415627300291,51.96497446444496,50.96654309849327,51.816768646240234,5308600.0,0.00998515544209518,0.01926849921437804,0.01018853630140288,-0.00015181607059321637,50.38940925598145,49.69766902923584,50.35561715576798,0.04263981909811069,-1.0723513412475612,0.010051558504289152,0.7864090124222451,0.008901377135735454,0.08408651983946328,73.53538446298556,0.1537924721370416,0.36644125615993506,2.714099884033203,0.9520265489979116,-299377300.0,0.6091944121624991,0.83587132735402,0.9999999968306528,-0.08102114177605459,0.0033055938822725037,0.4854541510080072
SLB,2017-09-13,51.886965194187155,52.627988299143865,51.81676620008931,52.198974609375,5728200.0,0.007349035277972617,0.015540958517389292,0.006013252346136422,0.0013547071687577,50.69517021179199,49.8528715133667,50.531175008492454,0.047060540843254235,-0.9245940780639614,0.009804881829134558,0.8095288068489198,0.00893760975345183,0.0941284980408938,76.64107014736592,0.27495575168132547,0.39008362856337514,3.0576095581054688,1.037722091132659,-293649100.0,0.47097004933915376,0.9765855387630832,0.9999999971730889,-0.05592772702533924,0.0014365504881285616,0.4631706719459535
SLB,2017-09-14,52.58898350610778,52.994597520498985,52.39397837063474,52.80738830566406,5954100.0,0.01158825975734467,0.011373771154666664,0.004153052312390031,0.00747158157131183,51.070286178588866,50.02804698944092,50.7479572272707,0.05555566294262422,-0.788069343566896,0.009988084171965096,0.8287705642773179,0.008939343242090671,0.10689894279404386,81.61240705124848,0.4152852740860169,0.42433052077445327,3.75115966796875,1.0823274921835235,-287695000.0,0.3584635666166779,0.6159604069253176,0.9999999975879457,-0.027340682805719062,0.002359709294424605,0.4786147277049725
SLB,2017-09-15,52.799583003599054,52.96338657416166,52.0663619201521,52.448570251464844,11428400.0,-0.006818035750310763,0.017102938167976273,-0.006648021294226572,-0.00014780700798588172,51.40023422241211,50.21159362792969,50.90992037243205,0.0445509983234402,-0.6454385375976557,0.00973310488150678,0.8237475442988647,0.00905150357994446,0.11204305716200616,74.5280569784716,0.4918737984375028,0.40073523610075135,3.299480438232422,1.9676946426619077,-299123400.0,0.4320740066009528,0.7893776405639277,0.9134511317596509,-0.07139546965690365,0.0036413691878092545,0.0675919991028693
SLB,2017-09-18,52.32378165764126,53.04139915918162,52.261378583311306,52.939998626708984,6688900.0,0.00932609565430937,0.014734049794190695,0.011776996034034376,-0.0023792563500831723,51.752803802490234,50.40849056243896,51.103261158553664,0.05021987439069107,-0.5000600814819336,0.009814937604271243,0.819763905892667,0.009078002530706163,0.1190840637221857,80.45057747948081,0.5854759166988757,0.39546988348969936,3.52569580078125,1.1760403471032388,-292434500.0,0.3517090437288424,0.6078898690304831,0.9999999976627071,-0.09914253575836657,0.0044753847562859815,0.12389980272312677
SLB,2017-09-19,53.04140348495552,53.24421051752538,52.62799349820229,52.95560073852539,6817200.0,0.0002946696939783084,0.011636484351593708,-0.0016176560345817898,0.0019154677158486346,51.9704288482666,50.618549537658694,51.279674451884304,0.04616985714156033,-0.33765224456787024,0.009628730831467518,0.8190050701328515,0.009168285250460621,0.12250140664023153,80.3786611476138,0.653383432328333,0.3707019192953253,2.176250457763672,1.174651229108854,-285617300.0,0.3240966029451091,0.8342893529407039,0.9999999976711994,-0.10560461418874366,0.0013766202488972369,0.10123063376516668
SLB,2017-09-20,53.150607054763874,53.166210800500764,52.627994643199436,52.744998931884766,6766000.0,-0.003984879669192963,0.010204117322978499,-0.0076312980294127065,0.0036824493258295877,52.11863403320312,50.804535675048825,51.419229164265296,0.03819468539673993,-0.188295135498052,0.009791878620574368,0.819307947438743,0.009201260069384333,0.12376699525807087,78.80372909769729,0.6823412171797614,0.31972776331740294,1.4820518493652344,1.1455399537957651,-292383300.0,0.43651997878911597,0.6703339885986092,0.9509550366470264,-0.08169455432242421,0.0005660173343568158,0.12745810671097388
SLB,2017-09-21,52.67478177702327,53.431402590700046,52.26917374809636,53.11159133911133,8315100.0,0.00692623618093103,0.021882771976892822,0.008292574688531397,-0.001331257110312477,52.29179649353027,51.0150426864624,51.580406514250626,0.04109667545579213,-0.024999580383301634,0.009703196642900978,0.8680525431167148,0.009570379690450808,0.12432081279983759,79.67269216266554,0.7264968108201231,0.2911066855662117,1.7316246032714844,1.3630261274950946,-284068200.0,0.30338894569048336,0.7220942797246115,0.9999999977528325,-0.13018649958381287,-0.0026442574148686023,-0.03520751383091324
SLB,2017-09-22,52.8308062254513,53.77463058683315,52.8308062254513,53.665428161621094,6797600.0,0.010373801252136524,0.017587195215127853,0.01579801626740491,-0.0052867011998802725,52.59912643432617,51.26523685455322,51.77898000447639,0.046819081590855724,0.18099117279052734,0.009551907066981162,0.8825387707395481,0.0097539181286668,0.12401628587394882,80.51496138282509,0.7969931983930394,0.2892824585113024,3.0732994079589844,1.1041078379539506,-277270600.0,0.11659642083353747,0.8531906016016744,0.9999999978304259,-0.06402335846305322,0.0004825718125991883,-0.26738590617708247
SLB,2017-09-25,53.89943543405231,54.609257209938235,53.883837636720095,54.32844924926758,6914300.0,0.012279018664139383,0.013352480758097834,0.007959523356050416,0.004360484588448029,52.90177688598633,51.509888076782225,52.02178659921841,0.054718837056759256,0.3737503814697263,0.009368924601933218,0.8440942914022267,0.009620933064084545,0.12949820094727427,78.33107689609244,0.8960334384018154,0.3106581588160626,3.0265045166015625,1.1122085083315505,-270356300.0,0.1221073792751973,1.1081945575251255,0.999999998103266,0.04496671512819166,-0.0017447718671620813,-0.356266095681786
SLB,2017-09-26,54.032021888264445,54.258228566115626,53.46261020874651,53.68101501464844,6393400.0,-0.011988615877131554,0.014821224173052747,-0.006496275011545428,-0.005456208765375886,53.08820152282715,51.7388053894043,52.17980835306889,0.037538741194861225,0.5634149169921869,0.009767325094610228,0.842425306129258,0.009554439743907255,0.1263011491978669,68.81047030181884,0.9117706853518754,0.26111632461289813,1.8642463684082031,1.0130373055812598,-276749700.0,9.210175574432119e-05,0.8660227282330953,0.8771989468782767,-0.06379485445538437,-0.0002740561333215271,-0.29447869895666096
SLB,2017-09-27,53.77462479602025,53.96962995591172,53.26761019008537,53.883827209472656,6043100.0,0.003770980014807148,0.01302839464422706,0.002030742452720748,0.0017438154130704584,53.256686782836915,51.975928497314456,52.34209586320258,0.036707352178552796,0.7471684265136744,0.009730131960272946,0.8496686227454882,0.009561270065998414,0.12160347092678621,69.22129918566623,0.9298886386992748,0.22338742236823794,1.6848526000976562,0.9428407385333554,-270706600.0,-0.047872905057624766,0.9339075706846013,0.9156670250149115,-0.06502868053351823,0.004626778618060416,-0.2986255644721484
SLB,2017-09-28,54.07882245410261,54.33623064622444,53.47040741896672,53.94622039794922,6464300.0,0.0011572506332734607,0.01604974770930635,-0.0024520144880360354,0.0036188083647419687,53.37056999206543,52.22042808532715,52.494869628416545,0.03304822223598317,0.9565525054931641,0.009651305162740723,0.8374099748737603,0.009692049417259204,0.11334190443524787,78.97553249755971,0.9384638292778575,0.18557009035745653,1.1388320922851562,0.9943210658922479,-264242300.0,-0.08476443476598262,1.07360508588012,0.926201518681821,-0.07493322566336455,0.0020309116129907253,-0.21115238753847654
SLB,2017-09-29,53.844820327405785,54.42203389718618,53.244207092119865,54.41423797607422,6559100.0,0.008638215367215646,0.02164556279524128,0.010575161087102998,-0.0018796510635115578,53.56713676452637,52.48368549346924,52.677666613907746,0.0367838589164095,1.1688333511352553,0.00966270325239628,0.8641532766863332,0.010042331409229388,0.10431482777678022,78.05889324284263,0.971822274518594,0.17514282847855445,1.965667724609375,1.003304015296367,-257683200.0,-0.19614833172061194,1.077008568658936,0.9999999979999741,-0.08178542329332308,0.002729616981681461,-0.1578409655082279
SLB,2017-10-02,53.61082413158732,54.0710334777832,53.46261829755145,54.0710334777832,7254800.0,-0.006327230206897144,0.011252146317523944,0.008584261735396972,-0.014764772500170928,53.68024024963379,52.71652202606201,52.81036821999112,0.025694249158765642,1.3499735641479447,0.009995377253825759,0.8608095847271245,0.009955611716030282,0.09146496111364144,70.97231666408776,0.9595047742079927,0.13026026253436251,1.1310348510742188,1.0901490186885694,-264938000.0,-0.06979894988803946,0.5685329957540186,0.9102054683888714,-0.12397093508001598,0.003289658316985393,-0.23375167749792675
SLB,2017-10-03,54.02423662669657,54.26604114507106,53.704425275607655,53.868228912353516,6124500.0,-0.003757757827593001,0.010425734812577213,-0.0028877356550367633,-0.0008654698842747431,53.7715030670166,52.8709659576416,52.91111685735897,0.018862204172908185,1.4550745391845723,0.008541356016439015,0.8429805683277566,0.009236754814303423,0.08626944251626609,66.06603012263618,0.922741641688674,0.074797704012035,0.912628173828125,0.9300379714253825,-271062500.0,-0.6976955560492676,-0.524273866550812,0.857144565861578,-0.20336923224126469,0.001597133517823443,0.9867548220911508
SLB,2017-10-04,53.915023564448866,54.078827168875314,53.56401073974823,53.68101501464844,6319700.0,-0.003481457980805903,0.00959028865207941,-0.00434032175689768,0.0008686874070333329,53.86510467529297,52.991869354248045,52.98444049138654,0.013004743346445982,1.5395110321044925,0.008512678612979706,0.8229229624708354,0.009117248734457703,0.08211084993608378,59.15025994511826,0.8684886013886626,0.01643573096961881,0.9360160827636719,0.9632382192050164,-277382200.0,-0.5018083821881548,-0.7217896407364232,0.8081627376821335,-0.16982310039209267,0.0011249824586842267,0.9711350408258752
SLB,2017-10-05,53.93842127749131,53.96182094140772,53.48600793815918,53.72001647949219,6293100.0,0.0007262773181140964,0.008857275824369544,-0.0040491507320082,0.004795107968294373,53.925947189331055,53.10887184143066,53.05449534739661,0.011507392585672776,1.6189570617675741,0.008520354135819717,0.7928364159879051,0.009058979328221806,0.07754573869861832,64.27319755391494,0.8191965800996641,-0.026285032255503826,0.6084251403808594,0.9443817084288443,-271089100.0,-0.47041017479016217,-0.7537484453259802,0.8183669109467308,-0.1847177047952792,0.005011525700523816,0.9106143259248172
SLB,2017-10-06,53.60301793689919,53.60301793689919,52.94000160038429,53.30660629272461,5717400.0,-0.007725409475720624,0.012437789284015816,-0.005529756636529591,-0.0021779319937040554,53.8900650024414,53.24459571838379,53.07850591361832,0.0011646360255752124,1.7376200103759771,0.00783359208735812,0.7928360090763036,0.008861969318423955,0.06327282743770242,54.18889609529189,0.7382633111413668,-0.08577464097104093,-0.3588218688964844,0.8565078884745054,-276806500.0,-0.2251849697856624,-1.2570254235278622,0.6441107559075075,0.0049557763645543635,-0.0013161143369236124,0.7328278465236031
SLB,2017-10-09,53.322212533723196,53.66542352679724,53.22860791258882,53.29881286621094,3587100.0,-0.0001462107009013748,0.008195597438631543,-0.00043883526958787345,0.00029276373200138234,53.787101364135744,53.34443912506104,53.09948752815095,-0.0008553142482786742,1.8310831832885768,0.007377345335104899,0.780021622996684,0.008732195757038092,0.05304283065752684,53.92858671133308,0.6658190998864271,-0.12657508178078458,-1.0296363830566406,0.545670694558429,-280393600.0,-0.16636621064952403,-1.2012019067272204,0.5705723633547979,-0.06943463319780607,-0.0004630820630086155,0.2289977632789568
SLB,2017-10-10,53.634221986419114,53.8448249451148,53.25200758010108,53.29881286621094,3824700.0,0.0,0.011122524745565998,-0.006253640078774819,0.006292994199516412,53.74888114929199,53.41854133605957,53.11847089368048,-0.002241327951944844,1.9009717559814447,0.007134843652512035,0.783921709261855,0.008466048097743395,0.04566429291976977,56.660363179930144,0.6014731326651983,-0.15273683920161074,-0.3822021484375,0.5884561238854997,-280393600.0,-0.03577067878655927,-1.03946216875078,0.49648193907972954,-0.12318665460574092,0.0033403691570109877,0.034574637890215164
SLB,2017-10-11,52.510981522251946,52.885393992852364,52.13656905165152,52.83858871459961,8060500.0,-0.008672287603676084,0.014171933040178638,0.0062388320090500955,-0.01478140509314123,53.64435729980469,53.4505220413208,53.09181544805374,-0.01144859401463147,1.9442892837524397,0.00732876609011848,0.7839227786872642,0.008425531908906376,0.04168261475189039,46.78908632129057,0.5074921931734195,-0.19737422295471163,-1.0452384948730469,1.218303957050648,-288454100.0,0.149775473348293,-1.08505630436522,0.1984152541488766,-0.18835751871370043,0.003559394020857478,-0.15307710301176294
SLB,2017-10-12,52.43298577105058,52.5889875108751,52.09757667445144,52.487586975097656,6225800.0,-0.0066650675691093605,0.00936242004527294,0.0010413521801999075,-0.007676263757532133,53.49849395751953,53.43453197479248,53.03426987920078,-0.0177215924739743,1.9485134506225563,0.007016005122672204,0.76943618431343,0.008380699169767369,0.04345637118466307,35.452760245975,0.40007687739282005,-0.2438316309882489,-1.4586334228515625,0.9390701006825295,-294679900.0,0.3160514999252969,-0.910346471750771,0.019849093997855165,-0.0380961197391432,0.0009903365790245346,-0.19153732456544784
SLB,2017-10-13,52.752775329848596,53.103788065994664,52.36276514596394,52.39396667480469,4248700.0,-0.0017852581679064336,0.01414328723438814,-0.0068017019540749625,0.005052401339706407,53.29646682739258,53.43180179595947,52.97328862163924,-0.01942354714366504,1.9537854385376008,0.006858830654446531,0.7549500322929715,0.008278605003711744,0.04383200281683897,22.197172967419277,0.303892011987017,-0.27201319711524163,-2.0202713012695312,0.6775409379876299,-298928600.0,0.26594591612181684,-0.7785883509177155,0.0,0.050011424121474676,0.0007139221584172776,-0.028616798214401506
SLB,2017-10-16,52.69816540552704,52.9087742025153,52.08975057170698,52.10535430908203,4846100.0,-0.005523731577212069,0.01571860784114402,-0.011249179015686124,0.005805987788831395,53.09989891052246,53.390069580078126,52.89062821091951,-0.02406281319916975,1.915302734375004,0.006587172644428908,0.751606074456347,0.008304599802430444,0.04860341489462671,24.749913805540416,0.20204713371129657,-0.29908646031276964,-1.9656791687011719,0.7843330838171924,-303774700.0,0.47479680278031017,-0.39948305989968064,0.0,0.049764544705734805,-0.00018230325582772,-0.3069009815158327
SLB,2017-10-17,52.16776641229731,52.40957680251449,51.68415753403066,51.871360778808594,6621400.0,-0.004500890898427777,0.013984966995124486,-0.005681777347838433,0.0011978059461041127,52.900212097167966,53.33585758209229,52.79355512214704,-0.02745801548291603,1.853697471618652,0.006633076747040312,0.7532774675033101,0.008368154208026144,0.05455815095497759,18.06917389346465,0.10128545590979599,-0.3198785104914162,-1.9968681335449219,1.0733631228586922,-310396100.0,0.5747696252120021,-0.3866934813470137,0.0,0.07403137041492329,-0.0006365848077925496,-0.22055283480598728
SLB,2017-10-18,51.84015187953992,51.988357650765764,51.23173695715614,51.4111442565918,5936500.0,-0.008911859137589104,0.01471705608872175,-0.008275585764968394,-0.0006016595439197881,52.673225021362306,53.269164848327634,52.66189694447512,-0.03487985210630102,1.7724091720581043,0.006835441114108665,0.7454772865284462,0.008487346695861271,0.06287624275239938,14.285791059342472,-0.015525557882568819,-0.3493516194270248,-2.2698707580566406,0.9688511855024023,-316332600.0,0.5605090632866029,-0.5314506998363209,0.0,0.13940729585513795,0.0012442701410907205,-0.2491518125240709
SLB,2017-10-19,50.98213935141224,51.255145330815445,50.2879215961795,50.31132125854492,13577600.0,-0.021624836788127707,0.01922477308169818,-0.013157903952273814,-0.008344589706823101,52.33235549926758,53.129151344299316,52.43803259343415,-0.053037363000467797,1.6397965621948245,0.007899441385000669,0.7415769904817304,0.008358135679319778,0.08037396048524992,0.9328441619229295,-0.19460239693295023,-0.42274276678192496,-3.4086952209472656,2.1246587700307566,-329910200.0,-0.06613032827324315,0.7869374125839073,0.0,0.1670874980401781,0.0017106166008890814,0.07947402951943104
SLB,2017-10-20,49.58590031621432,49.882308923640366,47.8932573492764,49.25829315185547,19259600.0,-0.021152384190295956,0.04038003444885988,-0.006606861270435106,-0.014418642249579058,51.927524185180665,52.90879459381104,52.13520026566476,-0.06899611813085199,1.4310309219360349,0.008265449661552588,0.8463230069635698,0.009698679647769588,0.103163120470772,0.7974547590280991,-0.4166893147062467,-0.5158637476441772,-4.048313140869141,2.746042145350773,-349169800.0,-0.2804472980318441,0.7717955211664144,0.0,0.24963916906271577,0.0050070052854835866,-0.512141125316684
SLB,2017-10-23,49.25829965099797,49.51570488902171,48.21307197952265,48.291072845458984,14054100.0,-0.019831025952743175,0.02697461109774355,-0.01963581391140019,1.319400670376406e-07,51.42675018310547,52.6069257736206,51.769092892311825,-0.08203963384467097,1.1512756729125968,0.00797473706102499,0.8992527955375452,0.010181190007369213,0.1268293166368878,0.6896616853270103,-0.6630976158684447,-0.6098176390451002,-5.007740020751953,1.9067847488153908,-363223900.0,-0.581991180826393,0.17251765342424635,0.0,0.5523058171835512,-0.002886684212841386,0.9112095046010977
SLB,2017-10-24,48.7746773617426,49.01648477033274,48.29886441529785,48.70447540283203,9639500.0,0.00852420689528375,0.014734176871827287,-0.0014393115999498203,0.010014366792621139,50.967316436767575,52.35809879302978,51.477224559980414,-0.06978143734058088,0.9181513595581023,0.008453921086050517,0.9142953309480214,0.01018057536725636,0.14206441838222122,7.692182959734325,-0.8156179029045845,-0.6098703408649919,-4.594337463378906,1.2796566519047163,-353584400.0,-0.5834328377881961,0.21724924455236647,0.06751452033049522,0.3762783836848253,0.0018483768194388227,0.8419377944065182
SLB,2017-10-25,48.75129393944769,49.6249162936906,48.67329305936172,49.48451232910156,10748200.0,0.015888815121425936,0.019230728758121773,0.015039978027343772,0.0009612779160113489,50.63190879821777,52.13813304901123,51.28744244275386,-0.05089596739904734,0.6903938674926735,0.009488439702355921,0.9482817760251889,0.010359229863224415,0.14795294430522135,18.02129931832505,-0.8635938954623441,-0.5262770667382012,-3.354076385498047,1.3836268293483571,-342836200.0,-0.05233242131951226,0.44087461135176786,0.19490565030272325,0.4750030507300829,-0.005640874479864155,-0.7852257056264842
SLB,2017-10-26,49.492311833958134,49.77311974969801,49.188104250420835,49.429908752441406,8668300.0,-0.0011040570547683746,0.011835253473905748,-0.0012608641464574052,0.0001576150696343078,50.32614097595215,51.91231746673584,51.11053447224791,-0.04781926208332163,0.4620576858520522,0.009434470507122608,0.9343532488944233,0.010255807628502077,0.1517648744376767,19.053642630540722,-0.8956962388185232,-0.44670352807550423,-3.05767822265625,1.1002705520900038,-351504500.0,-0.021954553162733828,0.5235418115046386,0.18598810922613718,0.43377487815221155,0.0019723196651000884,-0.803140798627831
SLB,2017-10-27,49.22711205631341,49.8199265417341,49.04770763341579,49.57032012939453,12972700.0,0.0028365888177753554,0.015578251387172155,0.006971931903876648,-0.004102712330375905,50.04377632141113,51.670121574401854,50.96384739197617,-0.04063860082047099,0.204008140563964,0.009095591444764429,0.9583106270451296,0.010047337967934842,0.1504480777779187,20.85381971033992,-0.8994393753227641,-0.360357331663796,-2.8236465454101562,1.5822266455177847,-338531800.0,-0.05956705927815859,0.8725153826889435,0.2213245665667959,0.4803461012462823,0.005677467609302297,-0.615543821455018
SLB,2017-10-30,49.7263103493908,50.31132576526599,49.554704875227216,50.007118225097656,6632800.0,0.008773089657816632,0.015130263788306857,0.005647068397671614,0.003146847137341144,49.83395271301269,51.46692581176758,50.87273032846392,-0.02836399422823403,-0.019288787841794885,0.009563466910015053,0.9700108788326334,0.010138074873446621,0.1469619651387028,25.913228243417365,-0.8572777182221643,-0.2545565396505569,-2.098236083984375,0.8120554633587641,-331899000.0,-0.15328157281434315,0.3591299650346644,0.3076918336117642,0.508564360638346,-0.005024710912716593,-0.9294727316836154
SLB,2017-10-31,49.91350771518796,50.49852005148341,49.86670541904596,49.92130661010742,8519500.0,-0.0017174619979207291,0.012656211853027344,0.00015624818363722045,-0.0018719436998613827,49.638947296142575,51.26957969665527,50.7821185457633,-0.026297720685933525,-0.23997261047363594,0.009575454237421559,0.932123080109636,0.010182707276484758,0.14294366656925994,27.41545280252889,-0.8213209052425938,-0.17487978133678916,-1.9500541687011719,1.0279735003767647,-340418500.0,-0.18747139358733045,0.34873783134858094,0.3002856304172877,0.4982224133318135,0.001576904182919673,-0.9215812537434901
SLB,2017-11-01,50.40492716827659,50.670131283418236,49.91351341704514,50.13971710205078,11329300.0,0.00436555275398209,0.015090190174650015,-0.0052615901088480825,0.00968765825675032,49.51180458068848,51.09251480102539,50.72093745588592,-0.018648479188882763,-0.4393263244628969,0.00974683413319977,0.933237781982845,0.010301426736031873,0.1375079197558128,31.44266486564716,-0.7663667714398485,-0.09594051802723502,-1.2714271545410156,1.3269041460410897,-329089200.0,-0.27815098456292664,0.1593529990081852,0.34051638362899367,0.49997218469129945,0.0030022646779408932,-0.8084300728647545
SLB,2017-11-02,50.186527201966584,50.186527201966584,49.21930323456637,49.336307525634766,8984100.0,-0.016153179592734556,0.019604709308609154,-0.016941193657617773,0.0009335932195335012,49.41430320739746,50.87332935333252,50.58906793871914,-0.030212723390337183,-0.667208900451655,0.010090671211028926,0.9493949996520945,0.010560990667871261,0.13234915679666384,28.270639513290874,-0.7786676667621677,-0.08659313067964325,-0.9750137329101562,1.035906370511127,-338073300.0,-0.09278923464346177,-0.23724901720680389,0.2083995030801018,0.43218200116240907,0.004065223541961722,-1.1658888545820152
SLB,2017-11-03,49.250504668294475,49.710716982995386,49.078899168579404,49.59371566772461,10035100.0,0.005203854495677808,0.012739876532928669,0.006968679848900714,-0.0017391422593940166,49.447845458984375,50.68768482208252,50.49427248433871,-0.0215825433376533,-0.8714968490600583,0.010266723435200359,0.93602315562407,0.010568426424697944,0.12655025806265285,32.07143856874525,-0.7588974319133612,-0.05345831666466938,0.3354225158691406,1.128987982332386,-328038200.0,-0.250589362255761,-0.36256094884789397,0.2601258879786582,0.36013977850327644,0.0031269083128035685,-1.1158535574828716
SLB,2017-11-06,49.99931984145728,52.58898802502322,49.866717766201525,52.32378387451172,14246300.0,0.05358690083815616,0.05202739666822498,0.04648991307131931,0.008178539725682119,49.85111656188965,50.63893337249756,50.66851166435519,0.03327184025817601,-0.9780154800414991,0.016659009547953952,1.0981555191108399,0.01270576489078635,0.1211208777916248,52.38101165290391,-0.5169763091181636,0.1507702449044226,4.032711029052734,1.5120988713097858,-313791900.0,1.9288984330976184,6.174464846885189,0.805295603263812,0.37569099546016965,0.001972502887571109,-0.8537950579226167
SLB,2017-11-07,52.705991653298774,52.7917943953031,51.68416657262806,51.816768646240234,7147400.0,-0.009737210375274858,0.021375856727712216,-0.016871383673185948,0.007304666262357965,50.16234588623047,50.56483116149902,50.77786947215376,0.024759055968023486,-1.1063996887207068,0.016775228005028446,1.1232274569012266,0.012935785646278855,0.1131540714565196,52.12425573536264,-0.36199115922202196,0.2446043158404514,3.112293243408203,0.7454779182648557,-320939300.0,1.9766564188102849,6.188996982761878,0.7753014820582715,0.1379879742931556,0.002025333903828657,-0.9274434850539859
SLB,2017-11-08,51.988376397619156,52.71379582460306,51.543764874699036,52.30818176269531,8008300.0,0.009438981973714643,0.022368029445413773,0.006151478219481427,0.0033118188544428513,50.44471282958985,50.538310813903806,50.923613499824384,0.03502038196940666,-1.1962563705444396,0.016846090389844567,1.126570906150636,0.013143549182493296,0.11004610511135808,61.16932636030581,-0.19723774577737174,0.32748618342808133,2.82366943359375,0.835497724845893,-312931000.0,1.7924957690223542,5.535615467992548,0.9572489889387599,0.11144145232669934,0.002659163068104474,-0.7394511957416547
SLB,2017-11-09,52.14437371953402,52.33937886130572,51.87136771127059,52.175575256347656,6163400.0,-0.0025383194733866556,0.008969927935355032,0.0005983682339623992,-0.0031315950515051613,50.71927947998047,50.52271022796631,51.0428479528266,0.032715288252023016,-1.2742438888549827,0.016790557948140928,0.9872814233482511,0.013138428676416056,0.10838283087650771,68.1906840618982,-0.07648800930257238,0.3585887359223046,2.74566650390625,0.6432305758382041,-319094400.0,1.7724845660983812,5.54651522832472,0.9467713674766056,0.10418749065788913,-0.005985204906739442,-0.49425902209137107
SLB,2017-11-10,51.941573198413444,51.96497881726282,50.84174715590835,51.27855682373047,6577000.0,-0.0173418092660362,0.021904510012158974,-0.012764657168744111,-0.004484896559060818,50.89010314941406,50.466939735412595,51.065296416722205,0.016082153833242303,-1.3726037216186526,0.017216772929385064,0.9895096512725543,0.013329236957905093,0.10384305627129312,68.79295690355625,-0.05256888265158466,0.3060062900586339,1.7082366943359375,0.6781558943986405,-325671400.0,1.736839036466992,5.116301115431882,0.7408128054156915,0.10772666731125613,0.0012251383951386347,-0.5260734055875571
SLB,2017-11-13,50.896343741169275,51.12255042748243,50.59213618569965,50.732540130615234,5506300.0,-0.010705147260932928,0.010455109095999974,-0.0032183767735273006,-0.007453663016980904,50.96264533996582,50.398299026489255,51.03360534185488,0.00663199176524396,-1.4676091766357473,0.01732660694745006,0.9867245593552018,0.013237860380538225,0.0995737724523195,62.54830902481268,-0.07678663777294759,0.22543082794981678,0.7254219055175781,0.5658298882891104,-331177700.0,1.7442378860599301,5.031701082634586,0.6054158757007643,0.1302908084674645,0.0002608016891019443,-0.5228605395943211
SLB,2017-11-14,50.42052709205888,50.42052709205888,48.93068798374211,48.969688415527344,10606800.0,-0.03536601896085401,0.030423699976910065,-0.02877476218926801,-0.00615015604882088,50.86748352050781,50.2532154083252,50.83704182506178,-0.02554119139180928,-1.5764995574951186,0.0188808586144551,1.0474551959655045,0.013709885863168172,0.09893876162765049,47.16001299645796,-0.23551194868390013,0.0533644136310914,-0.9516181945800781,1.0680882601725568,-341784500.0,1.2877455577129593,3.7166619507507273,0.1682777574432318,0.16697544514905407,-0.0020882376385837854,-0.08433220418183825
SLB,2017-11-15,48.47827947632146,48.69668428311991,47.6670573717239,48.0102653503418,11273200.0,-0.019786653423384086,0.021445974186615858,-0.009654099341711563,-0.01003496152632383,50.65453834533692,50.0831714630127,50.56782501794559,-0.04138927412377983,-1.6814898681640642,0.019214316938528354,1.0987134491459523,0.013867977983099663,0.10440375777731917,42.87946885553291,-0.4337206624473424,-0.11587544010588069,-2.1294517517089844,1.1054893490790612,-353057700.0,1.2771111394563925,3.437873120688349,0.0,0.21899878394695313,-0.007652773927921768,0.43059550097271265
SLB,2017-11-16,48.0492627710864,48.08826617746273,47.596852417433965,47.82305908203125,7791600.0,-0.003906918758081619,0.010275665535862887,-0.004707745259959846,0.0008122725517142468,50.503213500976564,49.95875835418701,50.3064187383347,-0.042749246428714936,-1.7347648239135722,0.018736843065078182,1.078655938553842,0.013699570828197912,0.11205337133781079,41.27717776325351,-0.5990035375124521,-0.2249266521367922,-1.5132484436035156,0.7863809430091818,-360849300.0,1.2746824303076265,3.8011348721307527,0.0,0.17564659488574716,0.00959378836233907,0.3679233743058442
SLB,2017-11-17,47.86206693136491,48.61868790409949,47.784063082063994,48.330078125,8088700.0,0.010546171596318543,0.01726926283621632,0.00977833227107031,0.0008156703080567674,50.3768497467041,49.912347602844235,50.118195822779015,-0.03170096286462932,-1.7359345626831058,0.01841662049784944,1.0842276479821789,0.012775953922783976,0.11530634079691143,41.68603199818451,-0.6812264528678114,-0.2457196539937212,-1.2636375427246094,0.8651358396000698,-352760600.0,1.1365467593698646,3.727154829183177,0.11265275377186323,0.12161495784368692,-0.001867291448267916,0.5430128612752282
SLB,2017-11-20,48.13506235631303,48.43926986268415,47.75285399337463,48.14286422729492,7103500.0,-0.003881173894947185,0.014257894297040026,0.00016208291004468202,-0.004035080766527761,49.95875778198242,49.904937171936034,49.93006900416148,-0.03530858958043155,-1.6801633834838867,0.01789771708074476,1.0881277363301838,0.012412937893152872,0.1160562437089829,41.271088889571246,-0.7528172934575394,-0.25384839566675943,-4.180919647216797,0.7890936559247287,-359864100.0,1.1593753980658958,4.250261385221761,0.07105636520753697,0.14504096977079126,0.0020818605074820144,0.3499227239173991
SLB,2017-11-21,48.33787546244453,48.47827940247031,47.924462538794266,48.26767349243164,8491100.0,0.002589122264242216,0.011473866950783918,-0.0014523180702766122,0.004050677878842207,49.60384826660156,49.883097076416014,49.77174562209198,-0.03238418780433186,-1.6310215759277327,0.01779688523842486,1.073641950423251,0.012350669032704297,0.11788597495174065,40.72647012693008,-0.7903715742681356,-0.23312214118188446,-3.5490951538085938,0.9492905280010017,-351373000.0,1.228755560200751,4.523946077428719,0.09878729091708781,0.12212956780145606,0.005870348061115953,0.3380940195180557
SLB,2017-11-22,48.704472135927965,48.829275279448574,48.2364610916111,48.47046661376953,7610300.0,0.004192625952394667,0.012230420485968023,-0.004804600314840783,0.00904950688300347,49.22007675170899,49.83239479064942,49.64781428796603,-0.02733017713881651,-1.6071537017822237,0.017418826231478963,1.0468983947401982,0.012184773400120115,0.12054373880423361,45.439516302410645,-0.7946101313290441,-0.18988855859423426,-3.8377151489257812,0.8660088975777173,-343762700.0,1.3765358553521845,5.41296284359923,0.14384517164468216,0.12801788490098984,-0.0012476696458063642,0.6796049066350248
SLB,2017-11-24,48.673281739917634,48.712282170890695,48.24426807258751,48.306671142578125,2967500.0,-0.003385006653220534,0.009688394733759091,-0.007532070660418335,0.004184303150291665,48.833186340332034,49.77623291015625,49.52008636935766,-0.02952336248969699,-1.5733012390136665,0.017427708802225696,1.03519812930357,0.01215025007578758,0.1236053400075332,43.15347223997822,-0.8019418574253194,-0.15777622775240763,-3.8689041137695312,0.349004938993231,-346730200.0,1.3960271941592848,5.439444273530402,0.1074520397870902,0.12576108441766168,0.0018681443927965255,0.6744134168033996
SLB,2017-11-27,48.150674987333154,48.29887784154579,47.620260700461124,47.86206817626953,6741600.0,-0.009246375424717963,0.014178600443787963,-0.005993826901482605,-0.0032292880373508835,48.491537475585936,49.6908203125,49.36217987477784,-0.03680261514560743,-1.566983795166017,0.017495750028418484,0.8702794210763122,0.012117693715785662,0.12851549240337296,18.640352288351366,-0.8340140520219492,-0.1518787378792299,-3.4164886474609375,0.8230305975078103,-353471800.0,1.487949916184648,5.547207840433745,0.008667291591963656,0.12240264459830176,-0.0007636618116966016,0.6966155111349484
SLB,2017-11-28,47.768468942491445,48.727894045728405,47.74506629813934,48.58749008178711,8737700.0,0.015042797457133501,0.020227999963255427,0.01714564350558703,-0.0019556036198304814,48.277032470703126,49.619838905334475,49.288399894493004,-0.02080516273978434,-1.5509150314330995,0.017750308536431846,0.8613651299987423,0.012254994856369569,0.13004304769177427,27.97876270101817,-0.791768992054692,-0.0877069423295781,-2.145050048828125,1.0531873027390681,-344734100.0,1.4027062824398664,4.959478874678292,0.16984619884658606,0.09830638537336495,0.00851219773009294,1.2288393667770723
SLB,2017-11-29,48.673288084292416,49.375304859939135,48.306677439166634,48.4782829284668,8805900.0,-0.0022501690557281432,0.022043425555095204,-0.004006410158440687,0.0017658455368014126,48.22789192199707,49.547687721252444,49.2112458977286,-0.02158334408664945,-1.5335198593139623,0.017751376261813837,0.8541220207750619,0.012488395224958638,0.13168371348750796,22.44671350795352,-0.7583596838887487,-0.043438107330907805,-0.4914054870605469,1.0595788228626641,-353540000.0,1.4074364860667283,4.967830584045508,0.14558185074422583,0.09393802159191698,0.0007786674743329147,1.2295582854498424
SLB,2017-11-30,48.805894778571904,49.64831855968438,48.75129356781937,49.02429962158203,11308900.0,0.011200162840476533,0.01829755853299557,0.004474968525851454,0.0067579095280359295,48.3292953491211,49.49191684722901,49.19344149047655,-0.009448355518142692,-1.5148767471313462,0.0179335228641398,0.9042666265738083,0.012564758941526895,0.13165103421019408,28.601750014246704,-0.679985137198102,0.02794915148779109,1.0140342712402344,1.360921858518954,-342231100.0,1.319282405229022,4.515980668808147,0.26689935338609144,0.10807361613013923,0.008941997112279958,1.2793724595556177
SLB,2017-12-01,49.32069654383096,50.802733729116206,49.156892950683066,50.49073028564453,11964000.0,0.02947367490013406,0.032596889946372665,0.023722976839424155,0.006045918545227884,48.59606246948242,49.549637985229495,49.316992804302075,0.01899291980085851,-1.4047383880615172,0.01882401984355813,0.9360241985091561,0.013061492311035332,0.132675004497239,45.03437782815221,-0.4938512355386493,0.1712664425177951,2.6676712036132812,1.4143967238580732,-330267100.0,1.0201271579995612,2.8526006518316214,0.5927203552065785,0.1702030050893413,-0.001423996191315971,1.148781321182792
SLB,2017-12-04,50.537529990751295,51.473552230350705,50.29572553492304,50.38932418823242,9505000.0,-0.0020104297543547985,0.023374528521712748,-0.0029325889600460516,0.0009268969738009546,48.80198707580566,49.58941841125488,49.41911960277163,0.01613057387250969,-1.2994358825683605,0.018814689100526284,0.9711246311803597,0.013315965952129161,0.13343301837924568,47.70828727255314,-0.3504812720886008,0.2517091247742749,2.059246063232422,1.127223241789682,-339772100.0,1.0848194713766286,2.96512276692743,0.5701892959078136,0.15312658809861332,-0.0012118315304253079,1.1412249984789546
SLB,2017-12-05,50.41292093365583,51.096834570860395,49.870509461608606,49.87837219238281,8212800.0,-0.010191845173655336,0.02458630976411591,-0.010603407447398159,0.00046828858698847196,48.975537872314455,49.46714782714844,49.46285794463936,0.008313080161227485,-1.332704925537108,0.013976077905990165,0.9300155570645501,0.011705035842034544,0.12347184063938009,57.28544269418794,-0.2749199924494832,0.26181632353071405,1.7355079650878906,1.0101161668029839,-347984900.0,0.020189301809978966,1.2202352062124264,0.45825125690090207,0.32963844845305984,-0.0025663631334888267,1.0647655226581705
SLB,2017-12-06,49.744719581711365,49.744719581711365,48.56556217317837,48.79353332519531,9299300.0,-0.021989695553832105,0.024166264014418435,-0.01912135126128555,-0.0026795704189371697,49.02812385559082,49.31598606109619,49.399112742787544,-0.0105939833638047,-1.3861170578002913,0.014559779051627893,0.9307426267360499,0.011801608261559784,0.11587157333427162,56.15610861763463,-0.29912642096998354,0.190087916008171,0.5258598327636719,1.1288099444717228,-357284200.0,0.024181064392819078,0.7178787033160623,0.21637629783999848,0.3871743806262184,-0.00037071577899032003,1.1450710876895411
SLB,2017-12-07,48.785673595256135,49.14728114750569,48.70706130210252,48.79353332519531,7862500.0,0.0,0.00902209402359177,0.00016110733664117442,-0.0001610813852482146,49.0604305267334,49.14025363922119,49.34143851254066,-0.007055729027600017,-1.4600436019897458,0.014287109189276498,0.9270859185485075,0.011473976330382479,0.10139004894388712,57.85871828297119,-0.3146827234180094,0.13962529084811615,0.32306671142578125,0.9552470551358273,-357284200.0,0.09867148448687832,1.018740391927467,0.222968554754836,0.355716414989092,0.0037392692753061346,1.0965984079932252
SLB,2017-12-08,49.037230267211996,49.94911193847656,48.817118830180846,49.94911193847656,11030100.0,0.02340693567663231,0.022662927615009813,0.01859570098669057,0.004994451629327825,49.22467460632324,49.028930473327634,49.39931217215361,0.018768132534514884,-1.491424598693854,0.015517974064267815,0.9500111893517759,0.01181836838077747,0.08509705939021385,61.86441436052031,-0.23110167244269064,0.17856507345874795,1.6424407958984375,1.3016111274351885,-346254100.0,0.10470227125658856,0.30091364395448605,0.6152667456952735,0.3615283644467286,0.004251689217571528,1.4526712967658397
SLB,2017-12-11,49.823333501354625,51.04965832581334,49.53247250531959,50.75093460083008,11702900.0,0.01592530760519551,0.029894736568436234,0.01861780483737068,-0.002518131599153582,49.5135612487793,49.00254936218262,49.52803811774184,0.03567947507638781,-1.4445396423339787,0.015592516861838514,1.0093519001506495,0.012144036282142551,0.08068171830653434,67.53283254912702,-0.09902124436894866,0.24851640122599195,2.888866424560547,1.3404639032081265,-334551200.0,-0.10842649039198221,0.25896128218500974,0.9999999965845543,0.3992247319552701,0.0027320318754345024,1.4987648720816098
SLB,2017-12-12,50.63302005528189,51.09681907267789,50.389323455247606,50.452213287353516,6487800.0,-0.0059034167860232065,0.014023083851657809,-0.0035709260030503073,-0.002323396533987378,49.700033569335936,48.98853302001953,49.616054800562,0.029878017917700055,-1.3861795806884771,0.015463637630510917,1.0203289539902383,0.012207450145735052,0.07873448127501821,64.35009311733586,-0.018240600721057376,0.26343763589910657,1.8647232055664062,0.7389664174514441,-341039000.0,-0.14808398024298047,0.38370409075373507,0.8979733528497661,0.33593414538881294,0.0004754417392790092,1.4814156835052559
SLB,2017-12-13,50.405057347768285,50.727357295618035,49.74472599515277,49.76044845581055,7485600.0,-0.013806155980281376,0.01974723562505439,-0.012788575707994472,-0.0009346654291785301,49.828250122070315,49.02807102203369,49.62980657725234,0.014937920634236589,-1.2644859695434576,0.013589231653855584,1.0481730334636516,0.01181941826354966,0.07991740590938151,57.96230114908644,-0.00992657188101731,0.21740133179131732,1.28216552734375,0.8680466168029223,-348524600.0,0.4292894283478111,-0.1343118113103576,0.6617048282015315,0.2000980699113525,0.0029193726922264423,1.1086069713754048
SLB,2017-12-14,49.48531555631826,49.79975579015034,49.021513437569496,49.02937316894531,8550100.0,-0.014800889827680339,0.01587298189391859,-0.009213690611996825,-0.005529148310160718,49.82875747680664,49.07902641296387,49.57262244312786,-0.0010116998573028331,-1.120497741699218,0.013240221200934797,1.0703321944834845,0.011659190350902748,0.07741588761931895,54.168870823361445,-0.06161900439865775,0.13256711941894153,0.00507354736328125,1.0073939494624056,-357074700.0,0.5236055521163349,-0.08662991451809811,0.4120100308393087,0.24181321052083898,-0.0037237078929631003,0.9620215107851247
SLB,2017-12-15,49.304500622642955,49.48530439102132,48.74636386079853,48.80925369262695,15834700.0,-0.00449965120675103,0.015139353182415377,-0.010044659691544692,0.005611482177216683,49.660609817504884,49.128336143493655,49.49992065736587,-0.0064948759904005,-0.9729727554321244,0.013252681947089973,1.074084343633898,0.011752281050388126,0.07375123760510142,55.60905856440955,-0.11897595101310543,0.0601681382435951,-1.6814765930175781,1.7812812869115249,-372909400.0,0.528288747120225,-0.0929856659435167,0.3278744579624386,0.2790427909643668,0.007973488515511279,1.0589016115833527
SLB,2017-12-18,48.96648869578666,50.34217265722751,48.93504377125299,49.99628448486328,10716600.0,0.024028772632769063,0.028144669158375824,0.021030623524476485,0.003221417892391521,49.62130584716797,49.211646461486815,49.54719340284181,0.01594415305715338,-0.8234560012817411,0.014098128107269143,1.1133765734204333,0.01213269854687632,0.0735727760803472,57.910162985251354,-0.0678659633558496,0.08902250072068074,-0.3930397033691406,1.1879752507927428,-362192800.0,0.5197794347909657,-0.4763557123240941,0.7387729259689384,0.24035864091216702,0.006712949803950196,1.5529021162137802
SLB,2017-12-19,50.14563634756339,51.08110317344558,49.980555024908575,50.6172981262207,8949500.0,0.012344685710261082,0.0217425305039523,0.009405838932588045,0.002987259238140493,49.695198440551756,49.335368156433105,49.64910813840171,0.025983995208525467,-0.6461040115356411,0.01422387920062702,1.1156566254036118,0.012332240996009115,0.07462114140975795,61.35747706143283,0.022490425297078787,0.1435031114988873,0.7389259338378906,0.9820375839647895,-353243300.0,0.343071253005324,-0.6866477985636447,0.9537408573097622,0.28209542134191795,-0.002727599904563005,1.260202199882916
SLB,2017-12-20,50.656599835609924,51.50558853867558,50.50723799083257,51.316925048828125,9227500.0,0.01372724266868576,0.019454605802921326,0.013035324426848204,0.0007764481875586749,49.94753761291504,49.48783073425293,49.80794784415661,0.036960486799216055,-0.4540036773681635,0.014443310550215718,1.1033934051625711,0.012514498332719724,0.07957622095192096,61.977712213480615,0.1488368612269113,0.21587963794297588,2.5233917236328125,1.0084682921284829,-344015800.0,0.22541577572448077,-0.8855553146712963,0.9999999971055241,0.30237433381416845,0.0007280929868835,1.282270261317139
SLB,2017-12-21,51.47415006362709,53.70668503892126,51.293343302738556,53.34507751464844,15943700.0,0.038761084980954257,0.045240195508573465,0.036346932367191984,0.003063804283856992,50.402692031860354,49.731561279296876,50.1448173365844,0.07266042212223606,-0.22040290832519105,0.016578165042565745,1.1487439500660375,0.01385793276092022,0.10285628961257903,64.08566039298664,0.4079200278330859,0.37997024363932036,4.551544189453125,1.6665856563689512,-328072100.0,0.4093073344020847,-0.6486416065326719,0.999999998176184,0.3491569604823164,0.001650832040957308,1.3026208771119476
SLB,2017-12-22,53.187870982368786,53.71455993063207,52.79481845426085,53.01492691040039,6695900.0,-0.006208192006217019,0.017348726669484255,-0.0032515697427656794,-0.0029469735466497973,50.70927352905274,49.966974067687985,50.41816110551926,0.06099934806105093,0.004463081359858734,0.016663986740534747,1.1303092915620054,0.013990738296547685,0.11426918230295027,62.670791308208955,0.5799199531505153,0.44157613516539973,3.065814971923828,0.6865403376668251,-334768000.0,0.42099114332291493,-0.6809190566172261,0.9397866038025892,0.2064601231545326,0.00010521892656592592,1.358050030344782
SLB,2017-12-26,53.062083731955376,53.518026038979244,52.999193897020064,53.148555755615234,5028200.0,0.002517417711450928,0.009761923623002017,0.0016296386718749024,0.0008895008312410588,50.94903564453125,50.23129844665527,50.678198691242685,0.05807648615848613,0.25369567871094034,0.016348975456742878,1.0797740796125335,0.013922695757284874,0.11980675947368395,66.37790151850066,0.7187288059018186,0.4643079903333625,2.3976211547851562,0.520117280333408,-329739800.0,0.3627515216515731,-0.5678037640070228,0.9596198760499592,0.24523334016354337,0.0004514741032755926,1.2581583885803684
SLB,2017-12-27,53.266480185683555,53.76958694089026,53.14856322797763,53.39225387573242,7107900.0,0.004574745507863588,0.01163134477068571,0.0023612164650344374,0.0022187701696082677,51.24303970336914,50.47153663635254,50.93668013738456,0.057868601473809934,0.46819587707519617,0.01618627163516165,1.030361305760432,0.013740013925729159,0.12745789843396058,75.15055571990732,0.8387318447801135,0.4674488233693259,2.9400405883789062,0.7414918403975821,-322631900.0,0.4697912588345969,-0.38911844974568216,0.999999997964986,0.2637318330291555,0.0017379868886714537,1.2131060484985132
SLB,2017-12-28,53.41582171302949,53.62807337936165,52.89699563505842,53.03063201904297,4386800.0,-0.006795967717759421,0.013785951938885238,-0.007211153580223981,0.0004414092979089854,51.570058059692386,50.69915409088135,51.136104126113935,0.04598652521859242,0.6726279067993204,0.016321763400253354,1.0511368699675796,0.013548130431368969,0.12885809067440157,72.29112096003159,0.8943457944242965,0.4184502184108071,3.270183563232422,0.4684254868398151,-327018700.0,0.48809376298547186,-0.4445811972786737,0.9213646791691085,0.2733667326094833,0.0008257636128738943,1.2266722085566535
SLB,2017-12-29,53.030643566200936,53.23503254930222,52.51181737525805,52.975616455078125,5918800.0,-0.0010379684159402438,0.013651850085735906,-0.0010376474321703846,2.1774505654463227e-07,51.96468238830566,50.89671993255615,51.31129577649148,0.04084539289126574,0.8389043045043962,0.016290112160320197,1.020253767164931,0.013451056343541235,0.13036386203599465,68.00752821719615,0.9233372963714075,0.3579533762863344,3.9462432861328125,0.6507404497945959,-332937500.0,0.6104421546805668,-0.31926287720025637,0.9094014465176298,0.2655037697283241,-0.003909120966880644,1.3003150794152554
SLB,2018-01-02,53.51015946708365,54.89370574876905,53.14068921025537,54.65000915527344,8678200.0,0.03111764134455918,0.0320771499513011,0.021301556555647225,0.010090359447894414,52.54875793457031,51.1046838760376,51.62926847923262,0.06937378358186465,0.9600944900512687,0.016435690060790237,1.0488897295361579,0.013430118334367868,0.14514435255808794,71.01697570909641,1.069098861771522,0.40297195334915914,5.840755462646484,0.9716728836398713,-324259300.0,0.6251158019644825,-0.31938890960425664,0.9999999982924885,0.2677658563737752,0.0077100873292122365,2.1670225779544725
SLB,2018-01-03,55.00376511965185,56.31655896604867,54.343433833242536,56.07286834716797,9529200.0,0.025702683218475415,0.035188589258351846,0.019436909913175107,0.006473118117387897,53.15641632080078,51.388861083984374,52.052468466655036,0.09114829876320012,1.1079801940917946,0.017071754602491437,1.1392918377772898,0.013915586196929388,0.16741326340808604,77.02198957795753,1.284620492572067,0.4947948673197633,6.0765838623046875,1.0668123534479237,-314730100.0,0.410229265848426,-0.7992146579873882,0.9999999986262481,0.3379914023623932,0.008123046770780901,2.3347242420086256
SLB,2018-01-04,56.41089751948623,57.53502793011476,56.01784501223857,57.46427536010742,12252300.0,0.024511391265983277,0.026402193508376557,0.01867330404125059,0.006028390954166885,53.84111404418945,51.76815624237061,52.567878646983836,0.11003133067108771,1.3038113021850606,0.017175769289083414,1.1774740961637846,0.013995714532585673,0.19389485886012334,84.70257177263704,1.5498323525782425,0.6080053818607509,6.846977233886719,1.3413389852403776,-302477800.0,0.18973785233863538,-0.9797839622325965,0.9999999988466961,0.3316152269941905,0.004474530538268165,2.3531380315485473
SLB,2018-01-05,57.346360841661955,57.92022016549496,56.79608970716911,57.857330322265625,8552700.0,0.006816701551319734,0.019429352375307306,0.008910233763821544,-0.002051962157471578,54.495154571533206,52.221346092224124,53.07163594939163,0.10792491292905818,1.5739440536499032,0.015767828827219665,1.202180389431285,0.013871869140448101,0.21069952835512928,91.015350564702,1.7713123270278572,0.6635882850482924,6.5404052734375,0.9401619206226194,-293925100.0,0.3057041346504934,-0.9661831328703401,0.9999999988967095,0.2898105443598787,0.005601595185300175,1.9904448483884718
SLB,2018-01-08,57.660792055033475,58.894976483294435,57.15768540895922,58.8006477355957,9778900.0,0.016172712571497046,0.029545441100362696,0.01976829731153033,-0.003396946698671205,55.04071159362793,52.72170181274414,53.6172561195063,0.11530253603046872,1.887977066040044,0.015717256127076397,1.2734911425821724,0.014392233635975386,0.22714151960517803,93.49769290760072,1.9999010200158054,0.7137415824289923,5.455570220947266,1.0637483179899205,-284146200.0,0.15212979128810572,-0.9967397631229538,0.9999999989991386,0.3229546924508736,0.0032383471147614394,2.065409918542075
SLB,2018-01-09,58.78493007383172,59.1937080264087,58.611986016780314,58.87926483154297,9370300.0,0.0013361177099461318,0.00987991292508028,0.0016047438959742044,-0.00026730422825718935,55.62714538574219,53.16820945739746,54.11839980636694,0.10741485245467322,2.1454975891113293,0.015446955441079975,1.2055485029413033,0.01412156900477132,0.24196565152698427,92.80312276666892,2.162475279782612,0.7010526737566389,5.864337921142578,1.028586545596649,-274775900.0,0.3478264386778627,-0.7787905768560835,0.9999999990069524,0.2922336701814959,0.00013532575439946488,2.010935061210097
SLB,2018-01-10,59.05219651127041,59.798993694731074,58.95786177333169,59.42952346801758,10017600.0,0.009302142506815025,0.014153435402389551,0.006389719249057127,0.002937055688827101,56.25524215698242,53.602138900756835,54.62422110747653,0.10871552305123526,2.3822429656982393,0.015343847941996308,1.1926328397020964,0.013660979121702298,0.2574437632503807,92.75371223909944,2.3090999582385408,0.6781418817700542,6.280967712402344,1.1099077458987558,-264758300.0,0.4204272638541219,-0.6669099746710785,0.9999999990584043,0.3229549239832647,-0.0021791645929749356,1.8404928247031016
SLB,2018-01-11,59.48456066406589,60.703025746566894,59.28803442479185,60.56938934326172,10248700.0,0.018998508135000907,0.023361492283766227,0.018237147035889027,0.0009260918283810426,56.97295570373535,54.10799770355224,55.19042760612274,0.11941657266842973,2.6768563461303714,0.015169658075665452,1.222392894982956,0.01389779368127194,0.27327716104526295,93.0505749003376,2.488591785159521,0.6861069669528275,7.177135467529297,1.1123375509840823,-254509600.0,0.22740571935667317,-0.7119902051633568,0.9999999991496696,0.26949426790368636,0.005454259059885129,1.8245288948450695
SLB,2018-01-12,60.820940779121635,61.386931292547864,60.56938744065286,61.2926025390625,9211500.0,0.011869520191893551,0.013338377194441576,0.007754923779521266,0.004153111639186455,57.7991527557373,54.68460540771484,55.77158712354557,0.12083834348040134,3.026038131713861,0.014174499828416329,1.1084073318195489,0.013765541805904606,0.2836451575167936,92.0900325181177,2.658551485287866,0.6848533336649378,8.261970520019531,0.9904886636548241,-245298100.0,0.22646689851645965,-0.4998487451772648,0.9999999991989328,0.14153355333159934,0.006817168122412402,1.779445223732767
SLB,2018-01-16,61.11964228302098,61.316168463995325,60.49075610490185,60.663700103759766,11902500.0,-0.010313661474557709,0.013606363569674842,-0.0074598306244975324,-0.0028218781529351865,58.56796112060547,55.26632175445557,56.237502645470734,0.09766125513625414,3.3972748184204136,0.013788205082723838,1.1016695377282812,0.013723289991085075,0.27918220652579484,89.26534244279043,2.711245056244188,0.5900375236970077,7.688083648681641,1.2571857101739359,-257200600.0,0.35048376873164594,-0.6123020869798815,0.9496206945319391,0.01647104603551879,-0.0012808574017140841,1.6517444772086283
SLB,2018-01-17,60.53009001223213,61.15111373335701,60.06629090262944,60.69517135620117,8009600.0,0.0005186477555084402,0.017873297108942626,0.002727260837307233,-0.0022024718455865397,59.172477340698244,55.86061763763428,56.66204252268316,0.08654672867973753,3.7643934249877944,0.01353928784485511,1.1420974440688805,0.013784932259590696,0.26662447410843293,89.15155727530652,2.72414234073527,0.4823478465504718,6.045162200927734,0.8824721913727149,-249191000.0,0.36705347646930186,-0.5207086975667731,0.9471127504142492,0.15019298184305757,0.010661719171915683,1.4572950890899172
SLB,2018-01-18,60.192058227513634,60.89955391076379,59.50028800250517,60.03483963012695,10588500.0,-0.010939091373866191,0.023307564688761728,-0.0026119491842665826,-0.008289178816794546,59.56867446899414,56.36254539489746,56.983261294820664,0.06515486853015601,4.057498703002928,0.014002413620646335,1.1976856385677088,0.013611569074372132,0.2529722134710612,83.03346154809267,2.650526658518828,0.3269857314672242,3.9619712829589844,1.1674310067955433,-259779500.0,0.4788470857574055,-0.35813381648370585,0.8821801356554919,0.19425715353821024,-0.00276481231063395,1.5709576649397592
SLB,2018-01-19,58.95788228688561,60.671591638591316,58.36830346401675,60.07415008544922,13389800.0,0.0006545797582508488,0.03834075340722059,0.018933308919270853,-0.01793887265921675,59.82966194152832,56.835387992858884,57.277631655832906,0.05698495615086275,4.375333976745601,0.014110378468409164,1.3099863835870897,0.0142734792639004,0.23823358348969986,86.18734786511392,2.565780998990121,0.19379205755081363,2.609874725341797,1.441013869023981,-246389700.0,0.5929918413739081,-0.33661377374982554,0.8778576729666075,0.22317640126256266,0.005140263013677789,1.6562718831165866
SLB,2018-01-22,60.56154226088817,62.79407803703021,60.404317630345936,62.723331451416016,13192700.0,0.0431538569205887,0.03810002356994264,0.03569574204724265,0.008113176378620154,60.31626205444336,57.40570831298828,57.79626973160272,0.09263230599707799,4.727523040771487,0.016164092629137185,1.45260872483972,0.014965690293109386,0.23462251242060342,89.54068645579787,2.6814758647471493,0.24758953864627342,4.866001129150391,1.3901407664124743,-233197000.0,0.6939449477024207,-0.41109400373302657,0.9999999989741185,0.09951240163068609,0.00866618283923905,2.146658757762679
SLB,2018-01-23,62.74691200510956,63.16354676951075,61.7721433112741,62.26738739013672,9332600.0,-0.00729567903727014,0.022345621304436705,-0.007642202614429699,0.0003759454918590628,60.66293601989746,57.851823806762695,58.22209046098691,0.07632539983740078,4.974454421997073,0.015045482776811413,1.4149883080215575,0.013957052963827656,0.23451828119897777,84.28862164154039,2.705190254799497,0.21704314295889704,3.4667396545410156,1.018883394371064,-242529600.0,0.859062211981614,0.1788221202713286,0.9532255435265756,0.06925305193555052,0.001258650809537824,2.351291363737149
SLB,2018-01-24,62.070840595237044,62.298811730101335,61.056764580497656,61.457679748535156,10369000.0,-0.013089008078387225,0.02020979566240918,-0.009878404107659826,-0.003156496572888299,60.92077751159668,58.27396144866943,58.53024182170579,0.05463363431487491,5.210949974060057,0.01545227304418777,1.362768452078525,0.014026178952236614,0.22526368897043497,75.65519437372505,2.6283494635754394,0.11216188138787153,2.5784149169921875,1.1097803878505323,-252898600.0,0.766407647789463,0.07300151926560848,0.8701591386229549,0.12460294383047815,-0.002255965156522665,2.418358638838653
SLB,2018-01-25,62.08659122620511,62.17305728034755,60.71090712861358,60.78951644897461,7142000.0,-0.01093145649048928,0.024052669557937167,-0.020891383334362187,0.010233244734315602,61.05677680969238,58.6560094833374,58.74541083382663,0.036373203435247026,5.40277881622314,0.015962448379573543,1.3588375402112238,0.014326054790058496,0.21092508636754512,67.01527777886221,2.4848930879953386,-0.025035595353783524,1.3599929809570312,0.7558487794449771,-260040600.0,0.7474038384340909,-0.09986324340639195,0.8016135051974689,0.1941190509257169,-0.0009324580346874388,2.5198366194920903
SLB,2018-01-26,61.07250288012602,61.457692672968285,60.83666896756637,61.009613037109375,6055300.0,0.0036140952506430618,0.010179112347822579,-0.0010297570928128272,0.004655184770040732,61.10079917907715,59.03687744140625,58.96104913890118,0.033415310585507445,5.578105316162109,0.015971132696602632,1.3262693806160684,0.01430602403963518,0.19457710958605565,66.42090838492655,2.3617381843807124,-0.11855239917472815,0.44022369384765625,0.6444310822819499,-253985300.0,0.7559327268676957,-0.09604094890916327,0.8241928058840051,0.19683210767171036,0.013045002434472151,1.9086914037846794
SLB,2018-01-29,60.600839438647284,60.85239882891074,59.82259706691412,60.04270553588867,7877900.0,-0.015975374556156007,0.01715115521203627,-0.009210002830466914,-0.006700150650250022,60.975809478759764,59.387481117248534,59.06406403385237,0.011033039393378723,5.707248649597169,0.016497618457551856,1.2869640160346425,0.014370734984944154,0.1686876986680195,56.454279395894766,2.1612026821991606,-0.25527032108502423,-1.2498970031738281,0.8231092044064798,-261863200.0,0.6586859023532161,-0.2078267468566871,0.7249995589956804,0.18501812576905385,-0.006609475828131865,1.936680157728107
SLB,2018-01-30,59.2723454941956,59.57892610557441,58.11676965245639,58.59629440307617,11371000.0,-0.024384608832182783,0.02495305322654089,-0.011405843407793438,-0.012830202017339394,60.76906890869141,59.668515014648435,59.01951454520702,-0.0179696211864672,5.776561965942378,0.01779559173388961,1.3829792927349207,0.014638238897764161,0.13505027330648797,48.71257290687878,1.8640756578473798,-0.44191787634944424,-2.0674057006835938,1.1551767839029046,-273234200.0,0.452365762498122,-0.3515200569169466,0.48880561163775255,0.34488233402284524,-0.011300732157548975,2.0469306976928086
SLB,2018-01-31,58.87139786697063,58.91856224368056,57.47213204786591,57.84160232543945,10198700.0,-0.012963178952357714,0.02500674493207273,-0.017492289615037973,0.00469489524375142,60.48371200561523,59.82809467315674,58.907332429038675,-0.03320333630160838,5.735770759582522,0.017087856206912944,1.4206008164939594,0.014367440780395091,0.11349705657770423,42.907392489057735,1.5498374455910948,-0.6049248708845836,-2.8535690307617188,1.0281424340241583,-283432900.0,0.6623767426732009,0.17522508015028657,0.2659565127851207,0.31962166257123753,0.0014843833431408995,1.9391883938161376
SLB,2018-02-01,58.00669722176842,59.39810063800411,58.00669722176842,59.35879898071289,8671600.0,0.02589208566095889,0.023440558773565996,0.023309407770195578,0.0028542586942885513,60.416107940673825,59.992391204833986,58.95032924348384,-0.01056120970337389,5.6794928741455095,0.017101707822758827,1.4307084586932177,0.013914648687298227,0.09714345652070927,44.769099563625986,1.4070073834680628,-0.5982039464060924,-0.6760406494140625,0.8779891177786823,-274761300.0,0.6625290589576558,0.1694922471572035,0.3602402378126487,0.14400115079122816,-0.0026256366823206416,1.6056797772496196
SLB,2018-02-02,58.863538542458734,59.15439954316815,57.66866161583781,57.928077697753906,9066600.0,-0.024398164482631227,0.025647975668765227,-0.015892025315978456,-0.008343505036466095,60.201500701904294,60.01558132171631,58.852971953414325,-0.034782694393514994,5.506978721618658,0.017312749155548375,1.493036566763223,0.01387109335719961,0.09449371914062256,36.299720772095604,1.164937604150225,-0.6722189805791441,-2.1460723876953125,0.9330297534056265,-283827900.0,0.7715555717443048,0.6163299063488604,0.017714086526669656,-0.004577020726402855,-0.02001265737607561,1.3949611975750096
SLB,2018-02-05,57.26775396579152,58.470493780423915,55.49115480298184,56.08859634399414,11310300.0,-0.03226968322695383,0.05311844424078011,-0.02059025437773832,-0.011399027176556716,59.53802719116211,59.927144622802736,58.5896980858505,-0.06405358211156949,5.262123565673832,0.018671560121535796,1.6468884680738374,0.015323342186779523,0.10697000554551093,33.04212801119387,0.8152668986394644,-0.8175117488719237,-6.634735107421875,1.1476415374335824,-295138200.0,0.6559427447312037,0.42509131624391777,0.0,0.10831527439367089,-0.04059851825235192,1.0300106280471828
SLB,2018-02-06,55.02777096640817,57.442307643035896,54.62402647090568,56.23899841308594,12391900.0,0.002677920048017096,0.050112577600145224,0.022011203168981065,-0.0189133878672926,58.93518829345703,59.799062156677245,58.36582192653959,-0.059533772189666115,4.978670463562011,0.018235628708559427,1.770706921031169,0.016256607835662063,0.11966126967044761,33.6273010111849,0.5440154636666819,-0.871010547075765,-6.028388977050781,1.2409391036666182,-282746300.0,0.7759424035336451,0.8858888682889668,0.022668888272097305,0.06839561881129347,0.016662938331618443,0.9229268531863917
SLB,2018-02-07,56.3261000513392,57.41857878218395,55.114872188051564,55.2177848815918,7345000.0,-0.01832534691322506,0.04172037322888668,-0.01967676030716164,0.0015487764844865854,58.3111988067627,59.615988159179686,58.0660088746398,-0.07377556614249717,4.657374191284177,0.018562191647668588,1.8353098271650095,0.017110132478766065,0.13791505035345528,32.75858396581978,0.24383259941021862,-0.9369547290657827,-6.239894866943359,0.7430720795092184,-290091300.0,0.8724668426970281,0.8269851816258214,0.0,0.049003512577221235,-0.0046210987523158985,0.9361026188240282
SLB,2018-02-08,55.2573589802054,55.33652303952335,53.31780630784762,53.357391357421875,12186000.0,-0.03427257846715125,0.03783387231495403,-0.03438397451213955,0.0007166911656899726,57.56798629760742,59.3123815536499,57.617569111095236,-0.10040045670466882,4.243861122131342,0.01952038683897478,1.8149832955293783,0.017721276167970406,0.1677570436492938,28.731662748213026,-0.14253958504826159,-1.0586615308194105,-7.432125091552734,1.219446295729236,-302277300.0,0.8779029900005297,0.8360131988647274,0.0,0.06871330807803935,-0.036980981468073534,0.9110949378351207
SLB,2018-02-09,53.97488935497783,54.12530532309422,50.16703821448781,51.60784912109375,19725600.0,-0.0333387371386723,0.07669893584052777,-0.04385447125823117,0.011572867073271296,56.62780990600586,58.864304542541504,57.045214826333186,-0.12327429123372179,3.735376930236818,0.01956391390626012,1.903436092459765,0.020199494456634912,0.2040561398274954,12.676861310708475,-0.5831930750855179,-1.1994520166853335,-9.401763916015625,1.884568552021825,-322002900.0,1.0403289822755923,1.446104691525538,0.0,0.10242809312117239,0.014990970395653011,0.7069230835593708
SLB,2018-02-12,52.54198323622631,53.57904617000289,52.46281314737606,52.91405487060547,11382800.0,0.02499521544152545,0.021095208548209624,0.007081415878543147,0.018100620952845484,55.91494483947754,58.44537715911865,56.65177102102579,-0.09464088619796311,3.2277341079711874,0.0204806265170577,1.9448499203649428,0.020316773664926954,0.22056157478282448,20.29015782111668,-0.8175895892552489,-1.1470788246840515,-7.128650665283203,1.0763398695282573,-310620100.0,0.992574978202565,0.8736013937014215,0.11751228687336014,-0.013285018674012031,0.013397132522867288,0.7552624342086683
SLB,2018-02-13,52.74781022750161,52.92989298186641,51.99574267822651,52.18573760986328,7959900.0,-0.013859759419728,0.01790049056360063,-0.01065584742217935,-0.0031417861192151847,55.27388916015625,58.02147903442383,56.22643450567698,-0.1005789842257939,2.740607223510743,0.020523802315716582,1.922857288510387,0.0203758854772953,0.2388143782062117,20.395614439376516,-1.0500157041852631,-1.1036039516912526,-6.410556793212891,0.7669723674499005,-318580000.0,1.013003803674792,0.8794599587811918,0.051989510763126884,-0.036870317087107994,0.0032830466488410143,0.7435250134251868
SLB,2018-02-14,51.726594300718105,52.462831692538636,51.117024263969974,52.146175384521484,13030900.0,-0.0007583916771493478,0.025808363099398796,0.008111515739159235,-0.008798252744412614,54.70434646606445,57.59402923583984,55.83783839890026,-0.09459060120642236,2.2800485229492153,0.020500174283289756,1.914547093998579,0.02053236275205685,0.2527901647693609,21.248557225243403,-1.2233059067453311,-1.0215153234010566,-5.695426940917969,1.225929391155949,-331610900.0,1.0255477721464614,0.9147890834960508,0.048430310709497014,-0.038853814736544784,0.012906016181446635,0.7334703381625151
SLB,2018-02-15,52.44698818094882,52.44698818094882,51.3149246472989,52.415321350097656,8844500.0,0.00514810075240202,0.02159795083747608,-0.00060378740418631,0.00576864543198363,54.00999870300293,57.21305332183838,55.51188439425239,-0.0838572964241609,1.858552665710448,0.020668464693143533,1.9476819018311677,0.020504172617194106,0.26339479625866524,21.5047017820075,-1.3236634424744125,-0.8974982873041102,-6.943477630615234,0.8389611091797209,-322766400.0,0.8845820796919762,0.5991502355862298,0.07264392171941461,-0.02505832803631873,0.011774651350492365,0.7391701325449477
SLB,2018-02-16,52.36783620722737,53.2703199553206,52.16992299861338,52.47074890136719,7512500.0,0.0010569097745067016,0.020971626663376052,0.0019651889708136227,-0.0009059401268022141,53.46426582336426,56.832883262634276,55.22225244254904,-0.0767537050884597,1.4265350723266579,0.020676058712962683,1.9414948294391654,0.020031617798212335,0.27070948859929045,23.279306173559462,-1.3827850866910723,-0.7652959452166159,-5.457328796386719,0.7330455468885693,-315253900.0,0.8808016799081315,0.5890878943661984,0.07763043958454256,-0.07437424465519782,0.0010410860981205723,0.7387170745572627
SLB,2018-02-20,52.8111549639391,53.199063125694046,51.663260876369236,51.940338134765625,6840700.0,-0.010160134223961283,0.029568583965317693,-0.016489259319704245,0.006487539623491932,53.04944000244141,56.29373359680176,54.9096891751411,-0.07733357132104424,0.8244493103027324,0.01689584940153306,1.9136281412886318,0.019738087321331064,0.2651222613109254,24.88832420535968,-1.4556591985932457,-0.6705360456950314,-4.148258209228516,0.6888409121576036,-322094600.0,0.5786651583955913,0.13554891788708648,0.03119169001208619,-0.11146313674859491,-0.008246204459212154,0.6380749410411433
SLB,2018-02-21,51.73450868400551,52.32033005819408,50.96660451036067,50.98244094848633,7855000.0,-0.0186144380032845,0.026552780185657338,-0.014537061521407595,-0.003962805367690586,52.52378425598145,55.729486274719235,54.53566553450731,-0.0851801379045966,0.21642383575439084,0.01701117935165255,1.9070063807185436,0.01982516110758779,0.26070510642444983,24.512472118179232,-1.5725790424523538,-0.6299647116433116,-5.256557464599609,0.7969069257349704,-329949600.0,0.6671699214647704,0.14242406125314483,0.0,-0.10815753558935169,-0.006440306949350164,0.6434955593029466
SLB,2018-02-22,51.33075786404151,52.22532927522058,51.21992696988616,51.425758361816406,8393800.0,0.008657904065155566,0.019550558657019854,0.0018507519025244656,0.0068320956995198984,52.1445816040039,55.227890205383304,54.23948389901294,-0.06884441591788866,-0.3147051620483339,0.017482230830343455,1.8846056674449432,0.019812567634081797,0.2527305504336776,17.965529809046984,-1.6108974279742938,-0.5346264777322012,-3.7920265197753906,0.8601879464239964,-321555800.0,0.4772500522853776,-0.32609796542177294,0.044211609112698426,-0.1338656409658732,0.0035845760888891074,0.6613556941434438
SLB,2018-02-23,51.694913018931615,52.80322173751516,51.51283027811888,52.644893646240234,7652000.0,0.023430064721811947,0.024511236893503326,0.01837667522451811,0.005233849061038951,52.07333183288574,54.82065906524658,54.08761816065363,-0.03968878623689636,-0.7598154830932629,0.018910275366341527,1.8622718110752057,0.01983338664965173,0.2389520411222878,28.295037849355452,-1.5253081924836067,-0.3592297937932112,-0.7124977111816406,0.7821251890919498,-313903800.0,0.3665218335347705,-0.8017123153900809,0.16579477058962594,-0.027049143382567732,0.014672889782376002,0.7293552988171592
SLB,2018-02-26,53.15948091026774,53.254475370379495,52.48657731187567,52.826988220214844,6605000.0,0.0034529535583630797,0.014536093848522294,-0.006254626349985186,0.009774685223706496,52.19524574279785,54.41152782440186,53.96755816632613,-0.02912139518119538,-1.2164422225952123,0.01890553089709007,1.7043117454367593,0.019882338569007917,0.2173557092966523,34.487834808996,-1.4263426067253135,-0.20821136642793436,1.2191390991210938,0.6732180997310695,-307298800.0,0.36775738155481397,-0.7986154712487686,0.20358646835296212,0.04014483989513139,0.011966135758548796,0.7310361962749362
SLB,2018-02-27,53.27823415019838,54.66362650584423,52.92990499660425,52.96949005126953,8736100.0,0.002693887727857131,0.03273056824904103,-0.005794938662164698,0.008541958290381228,52.200789260864255,54.0578670501709,53.87250406013027,-0.02013355425013807,-1.6342838287353487,0.01890373350007885,1.6341943964009857,0.020218480630429664,0.196479390772571,34.43856745389935,-1.321183182850774,-0.08244155404271591,0.0554351806640625,0.8865541336280361,-298562700.0,0.21810586723314626,-0.8687120455808757,0.23722112793724554,0.030044552751829278,-0.012326524418566088,0.6905253074366196
SLB,2018-02-28,53.349476900377496,53.57905691646503,51.948254228196824,51.96408462524414,10144600.0,-0.019163288718469798,0.03138326596204411,-0.02596824478186313,0.0071736927944779745,52.17862396240234,53.7262565612793,53.69074982823635,-0.03279908277296882,-2.0245885467529234,0.01868072208593738,1.5861298316964014,0.020368674539212296,0.18360413727172434,34.49046849099655,-1.3039403840810024,-0.05215900421835529,-0.22165298461914062,1.0359375757900675,-308707300.0,0.21358043571036406,-0.8008595730406411,0.11719218206876895,-0.008869069093921976,-0.011725217988990934,0.6811477263251298
SLB,2018-03-01,51.845331545048914,52.81906698438116,51.4811720424862,51.631587982177734,9674000.0,-0.006419144283129054,0.02591233378986475,-0.004122715710390549,-0.0022852914864497803,52.12716522216797,53.41575584411621,53.49463917623076,-0.03340152795263695,-2.391535949707027,0.0186079159981896,1.5374997038549176,0.020386556984616142,0.1727162307834275,40.37096994584949,-1.3020952980634704,-0.04025113456065843,-0.51458740234375,0.990534933916555,-318381300.0,0.16123231043474262,-0.7756170062780091,0.07749752701818045,0.03160603583227465,-0.01169356097143382,0.677693184973323
SLB,2018-03-02,51.1803471474549,52.02741527639924,50.58660763539587,51.82950210571289,6797200.0,0.003825870475121019,0.027798986725063573,0.012683676341383883,-0.008739627277754687,52.06858329772949,53.03929100036621,53.3360546933243,-0.022809296124357482,-2.8046651458740186,0.017220198532337253,1.3576811704547005,0.02048664026681214,0.13995647659015517,51.495668083954065,-1.270023003744221,-0.0065430721931272195,-0.5858192443847656,0.7027185734726117,-311584100.0,0.0640650008096007,-0.6117203269249639,0.12195586763104578,0.1411879801223785,0.004150866942490475,0.6859877311582062
SLB,2018-03-05,51.402008418398665,52.71614871790695,51.386178022427494,52.3757438659668,5274300.0,0.010484054972793363,0.025392874588720714,0.018943529203026156,-0.008248076287561034,52.05908279418945,52.761674308776854,53.244596519290255,-0.00731459810299951,-3.1174507522583,0.017110735619074533,1.3118792880668657,0.020489233130073285,0.11059615474470558,45.952468502308655,-1.1868470999269007,0.06130626529935457,-0.09500503540039062,0.5561785934037428,-306309800.0,-0.1519833811206887,-0.550370809657603,0.2650599606706662,0.08703507012340742,0.010319497692808035,0.6844865220997898
SLB,2018-03-06,52.91406051108005,53.13572832772815,52.320321020391106,52.7478141784668,5131400.0,0.007078753289652455,0.015458598996693973,-0.0031418177136196867,0.010277976127476973,52.13983039855957,52.59463520050049,53.1972839154023,0.0029124449172878396,-3.313107643127438,0.01607392157328267,1.303397645473805,0.01935966974558973,0.09364815438449942,54.46544654465446,-1.0784746477916514,0.1357429739476832,0.8074760437011719,0.5593318625356436,-301178400.0,-0.2908901957555557,-0.18992144078234385,0.33584208648169245,0.15742490558420003,0.0032199412175804997,0.6947580555842818
SLB,2018-03-07,52.14615693549883,52.64489588002348,51.631581557277,52.43115234375,5851900.0,-0.006021409069965775,0.01932656974813319,0.005465319498111617,-0.011406297158254211,52.28470153808594,52.40424289703369,53.12431900381637,0.0005134974809040359,-3.485221443176272,0.01603125047248786,1.286999444946743,0.018329456502771707,0.06743185084804905,52.16853655350585,-1.0065379197110502,0.16614376162262756,1.4487113952636719,0.6614438983809494,-307030300.0,-0.2058371182247312,-0.188709869400737,0.34205283318771923,0.1724787524160884,-0.000787448536337026,0.7204801497421636
SLB,2018-03-08,52.51824140384135,52.86657055234411,52.07491778926059,52.834903717041016,6099100.0,0.007671102505808367,0.014983518609653199,0.006029568103102986,0.0016610174714524,52.425616073608396,52.28509883880615,53.0967556431711,0.010515517622523826,-3.6007650375366254,0.015817685021144584,1.2626843899062858,0.017602156711802153,0.045814941812731304,53.12872455356558,-0.9064986309556247,0.21294644030244259,1.4091453552246094,0.6942736171813682,-300931200.0,-0.4195847419416512,0.07259592048687048,0.7800006070800255,0.07292176110720894,0.004739628537839573,0.7098468407722053
SLB,2018-03-09,53.27031771015504,54.67945872972296,53.238650873331636,54.44987869262695,8309700.0,0.030108593950784586,0.026461176608395698,0.02214293124531243,0.0082410293666077,52.60611457824707,52.33972320556641,53.22562450502404,0.04031651980223173,-3.5721671295166004,0.015583846019641455,1.3158385367616232,0.017256576980450508,0.056244044691441814,61.973140243156635,-0.6889598895084035,0.34438814539973106,1.8049850463867188,0.9672508017064271,-292621500.0,-0.11046664431070362,0.2235064643642762,0.9999999971160262,-0.14725718604590657,0.01633085149772792,0.7594751350659772
SLB,2018-03-12,54.41029643685167,54.79028637644459,53.71363814787932,53.90363311767578,5226700.0,-0.010082741085236109,0.019973574438199047,-0.009311901466368896,-0.0007269484657391227,52.713779067993165,52.454512405395505,53.290196753848015,0.027626235491061753,-3.467605514526369,0.013693047934098314,1.2830418209930845,0.014173360314273084,0.06044441461153881,61.85463192702205,-0.5542473044446368,0.38328058437079826,1.0766448974609375,0.6644584581568642,-297848200.0,0.4166434732345946,-0.14252135866962642,0.842464198730352,-0.02536147903261036,-0.001844399443937739,1.087880272973955
SLB,2018-03-13,54.101542560096014,54.19654305833187,52.8507358857265,53.15156173706055,6964300.0,-0.014050392491782422,0.025320181169145008,-0.017559218796399906,0.0036715418047644664,52.73198623657227,52.46638774871826,53.27699341891587,0.013059294106997556,-3.458148765563962,0.013013146499469812,1.28247622276251,0.014293122883533982,0.06111502060981061,63.43128390169606,-0.5023813458888213,0.34811723434129105,0.18207168579101562,0.9109399647882718,-304812500.0,0.5543665057943821,0.3141010007301664,0.6255687750945127,0.1479260131580863,-0.004767227796135538,1.0381033543025584
SLB,2018-03-14,53.26240029567556,53.555314010843695,52.45491708388981,52.58949661254883,5963300.0,-0.010631072300145728,0.020924271914238273,-0.012633746871925476,0.002085330232878772,52.79452743530273,52.48657569885254,53.2115175325952,0.0019608997600988037,-3.4302384185791013,0.012850196240848336,1.2722982656353408,0.014364827563408575,0.06091171805699903,57.10148139285101,-0.5008575837803377,0.27971279715981967,0.6254119873046875,0.7903278177950659,-310775800.0,0.5756073445131563,0.41007133294195136,0.46347065989676145,0.19280677003775573,-0.005901255115688689,1.0663243282483275
SLB,2018-03-15,52.72406672458467,52.96156494201487,51.46534187576406,51.734500885009766,6310900.0,-0.016391528152170206,0.028921184908625292,-0.018768769198781798,0.0025588781164284343,52.80481872558594,52.46599197387695,53.07084928044421,-0.013942194959954251,-3.3925119781494146,0.013384053014577154,1.2807811006747731,0.014456138031587039,0.06203340619079127,44.18613035907261,-0.5621607617180615,0.17472769537767685,0.10291290283203125,0.8753771144416626,-317086700.0,0.5886837402263588,0.13346880070835532,0.21689212318962858,0.24128235772207332,-0.0008639035486358139,1.1882166882521619
SLB,2018-03-16,51.75034015594755,52.755736446511946,51.71075510426361,52.328243255615234,9394300.0,0.01141136183844622,0.019969738658027657,0.011167136253137642,0.00030616456459081495,52.85469284057617,52.46163806915283,53.000124897127165,-0.0025427115592876336,-3.3219733810424756,0.013592838851054959,1.3005727637993811,0.01440871925653858,0.06207806692244817,46.97405299567435,-0.5564198628834447,0.14437487536983495,0.49874114990234375,1.2981218321808967,-307692400.0,0.5188486062740362,-0.11207167442718875,0.3881258734989035,0.1703364051577983,0.0034493655691762368,1.2674848437261252
SLB,2018-03-19,52.3203216461423,52.34407629951152,50.77660136782032,51.21992492675781,6097500.0,-0.021407634249742517,0.03060283539916585,-0.02103191809153603,-0.00015138305779236087,52.73911094665527,52.39909687042236,52.83058204280628,-0.022503669225073127,-3.259627571105959,0.014388379669105169,1.2813468099466536,0.014711340516151042,0.0656640243486281,40.498676637050515,-0.6339938987152252,0.05344067163044364,-1.1558189392089844,0.8508824198412245,-313789900.0,0.5089162399697486,-0.3248969477198787,0.06848975961800438,0.09620304719350872,-0.013439722782161299,1.2970442767753723
SLB,2018-03-20,51.56033451343775,52.32823854425316,51.56033451343775,51.9007453918457,5446300.0,0.013204537078077942,0.014795626248097325,0.006602185218934773,0.0066460383760169476,52.65440406799316,52.39711723327637,52.74202617128623,-0.009473266233727637,-3.1424755096435533,0.0145682348929975,1.244026162034307,0.014313963824860639,0.06575476529903224,49.6434553309913,-0.6332358110696887,0.043359007420784135,-0.8470687866210938,0.767476893115776,-308343600.0,0.29224512221613524,-0.5914451200568835,0.2648366051453371,-0.026954337455911234,0.0026085278759049495,1.320896045180076
SLB,2018-03-21,52.18574489930668,54.04612754934772,52.07491400371824,53.62655258178711,7240300.0,0.03271117725652086,0.03675816271469507,0.027609219438382966,0.0054912411239810615,52.77394409179688,52.52932281494141,52.82626678181012,0.020887948064954018,-2.9067880249023403,0.0156574323876351,1.301703820291954,0.014744209136478763,0.06360653888557882,59.70721399646881,-0.4877542764111169,0.15107243366348477,1.1954002380371094,1.0247203542215244,-301103300.0,0.3334030028163585,-0.509891186731858,0.7450966242950964,0.10748736708354129,-0.001052141172854319,1.2379351787210238
SLB,2018-03-22,52.842826677427624,53.016991267306835,51.607850188948525,51.86909103393555,7500000.0,-0.033321265119859104,0.02716725992819836,-0.01842701658327484,-0.014614512151684687,52.67736282348633,52.551489448547365,52.73510718677444,-0.012985329659969909,-2.7444179153442363,0.01745659298218712,1.3429820168516124,0.014955405254677862,0.061651807625784684,50.16725038307397,-0.5084109265623766,0.10433262680978006,-0.9658126831054688,1.0682322678784693,-308603300.0,0.1475345043679471,-0.38519657221470627,0.20098309518471416,-0.15850728379176623,-0.023800706909851553,1.2930939880425718
SLB,2018-03-23,51.88492258474384,52.80323664509291,50.665776610279245,50.776607513427734,8622100.0,-0.021287297772429374,0.04209536909783542,-0.021361023898723002,0.00030522128868492644,52.310035705566406,52.45807514190674,52.54858340836047,-0.03205355179217671,-2.6647739028930673,0.01720265349568512,1.400659826804056,0.015601844438787574,0.068719906808297,43.542219187806246,-0.6059507375582811,0.005434252651100535,-3.6732711791992188,1.2196281181704376,-317225400.0,0.3319332972025709,-0.17668913935129504,0.0,-0.04118862090848623,-0.019473118544914864,1.247406356532187
SLB,2018-03-26,51.338678009011254,51.631591691604555,50.31744828888255,51.02993392944336,7386100.0,0.004976633824649389,0.025752402590585477,-0.006013868910175324,0.011069477129500654,52.02266578674316,52.36822242736817,52.40395012465408,-0.02555535467679736,-2.5638375091552703,0.017230019811866747,1.4362838336172672,0.015861911767431118,0.07261927284764336,42.99552043800161,-0.6552570208209758,-0.035097624489275336,-2.873699188232422,1.0390511084960903,-309839300.0,0.31738325848687077,-0.20408511544891422,0.06896480084576895,-0.06778479860781152,0.025769793885821964,1.016559473581778
SLB,2018-03-27,51.38618348041776,52.32032793770178,50.642027954289844,51.045772552490234,6318000.0,0.000310330904773921,0.03287833447297013,-0.006624561406807973,0.006981187776315232,51.81208686828613,52.2720365524292,52.2745998796861,-0.023459273462762713,-2.4550867843627913,0.01720702192435045,1.47643150234742,0.015875657059968983,0.07525645490166454,44.20919967561096,-0.6851565033527223,-0.05199768561681739,-2.1057891845703125,0.9041731066460588,-303521300.0,0.340954707924101,-0.17519662916683948,0.07327665865072668,-0.05275304479200611,-0.01548332314726628,0.9952296924739981
SLB,2018-03-28,50.942846850123054,51.164508625883286,49.61287015573124,50.04036331176758,7702900.0,-0.019892785240953077,0.031007737903197104,-0.01771560865082074,-0.0020163413583630676,51.557173538208005,52.17585048675537,52.06181544464624,-0.04092865099592156,-2.338806114196778,0.01724551952154835,1.5307161957094577,0.015871649685059355,0.08448938808039828,38.878389973833,-0.7809775586890595,-0.11825499276252371,-2.54913330078125,1.121969728418043,-311224200.0,0.3379825374343924,-0.18889220126675735,0.0,-0.07517813634156552,-0.0016310739555469409,0.9665367803368645
SLB,2018-03-29,50.404532874118956,51.623678924145565,50.254119927654294,51.283267974853516,7282800.0,0.024534592641270513,0.02670576682365148,0.017433652305222737,0.007277516353797926,51.512050247192384,52.15843448638916,51.98766806657075,-0.016779002670488936,-2.1679840469360343,0.018190311075946954,1.5120562385448895,0.015908378453704367,0.08541818423515744,37.01302846186051,-0.7480019160005398,-0.0682234800592032,-0.45123291015625,1.0795802818133238,-303941400.0,0.1845242774228007,-0.6425559779266323,0.28186876627358964,-0.14547727588695109,0.013960210187430176,1.0487085677876224
SLB,2018-04-02,50.958677935945616,51.18825790526249,49.09829259067719,50.25410461425781,7598600.0,-0.020272311171567095,0.041587952479255716,-0.013826365797272895,-0.0063293555915169206,51.30463638305664,52.079664611816405,51.82256678539809,-0.03505322108284832,-2.0511392211914057,0.018690923443242514,1.5912224639456791,0.01643747605395639,0.09149956702018053,35.60276537086308,-0.7957405618504936,-0.0927697007273256,-2.074138641357422,1.1197424117948283,-311540000.0,0.31250857635558427,-0.7831786376757667,0.04847274213699436,-0.22056626146136207,-0.02227511690894611,1.0285332158297045
SLB,2018-04-03,50.610346552982925,51.33866543200946,49.628696085692,51.291168212890625,8844500.0,0.020426350293717827,0.03333847533399933,0.013452222841330711,0.0070888127737936376,51.31176071166992,52.025435829162596,51.771957397540234,-0.01411362739339862,-1.9297083663940455,0.019160195209662622,1.6172340477822575,0.016706575712217165,0.09239856612302659,42.822223641679734,-0.7413456461798873,-0.03069982804537541,0.0712432861328125,1.2699340300536934,-302695500.0,0.27686840241453164,-0.9701358005295256,0.28366040035054196,-0.28828108145654285,0.01278919152636652,1.0615755955322694
SLB,2018-04-04,50.26994752421959,51.449508381273034,49.92953661435211,51.307010650634766,6645700.0,0.0003088249332597862,0.029625030724765487,0.020629882812500045,-0.019910263779376748,51.25238723754883,51.95339565277099,51.72767675497781,-0.01244163146633038,-1.773422126770022,0.019071367678748424,1.6472036792084748,0.01705914122453238,0.09234190850472992,44.834175363548084,-0.689016379368006,0.0173035510132048,-0.5937347412109375,0.943957956038493,-296049800.0,0.3358807422469817,-0.8971931057003111,0.28725318466806155,-0.2689982302297602,0.011083162496918347,1.0141267324409204
SLB,2018-04-05,51.55242053012711,52.55781669495828,51.512835483393616,52.06698989868164,6032900.0,0.014703754063422175,0.020069937086782123,0.009981478333375626,0.004783164647096942,51.096430969238284,51.93518753051758,51.75999229247341,0.0025378240540021428,-1.5876222991943365,0.01936187274530432,1.6296738919279536,0.017072651851010825,0.09199839590598594,51.34958868203592,-0.579540502342212,0.10142354243119911,-1.5595626831054688,0.8558154710396777,-290016900.0,0.17565963351887603,-1.0890713271730603,0.45960301921501884,-0.2570022400682529,0.005681568136716464,1.0313065719678345
SLB,2018-04-06,51.884921815787884,51.884921815787884,50.23036745208301,50.95077133178711,7515900.0,-0.021671258210486207,0.032473588141199224,-0.018004276605010226,-0.003496804467630016,51.004598999023436,51.84098091125488,51.682923629550906,-0.017171927764864186,-1.4716907501220717,0.019829080041934528,1.686219685095832,0.017501746949697503,0.09213512451137663,44.636278941539395,-0.5762074302099762,0.0838052916507479,-0.9183197021484375,1.055583176735289,-297532800.0,0.333103902672185,-1.1417230257814317,0.20646441600062107,-0.3533320811649539,-0.02060042609776417,1.0309952529115558
SLB,2018-04-09,51.28326167178517,51.520759901108185,50.75285580477209,50.871604919433594,6369700.0,-0.0015549907833656788,0.015094945354136982,-0.00802711721002058,0.006525717497639259,51.014098739624025,51.66206722259521,51.605655180968306,-0.015300632468998399,-1.452246208190921,0.01832832236160043,1.6291074825704672,0.017248725441730648,0.08059003890940193,48.525502937367385,-0.5733448518301856,0.06933429602443097,0.09499740600585938,0.9069589955489995,-303902500.0,0.3977523641105972,-0.8334386857987168,0.21516529967519285,-0.3422355677245167,0.0020443938012630323,0.9510077946683436
SLB,2018-04-10,51.81365804318359,53.381132781824775,51.655329945871436,52.81114196777344,8172300.0,0.037417282801486845,0.03267876382992177,0.019251370435156453,0.01851825051012135,51.19221954345703,51.607442665100095,51.72046344637832,0.023324141645316463,-1.342901344299321,0.020430970925280432,1.729194214348741,0.017603773815170334,0.07292745542967853,53.482718112235595,-0.4098473423849498,0.18626544437573345,1.7812080383300781,1.1397240329018383,-295730200.0,0.37968319462792727,-0.9103123457973669,0.7726247667526264,-0.31409112180843396,0.016110192619049064,1.0631416445592574
SLB,2018-04-11,52.73990938486784,53.8165576285815,52.54990837256689,53.47614669799805,8141900.0,0.012513507799283253,0.023686247686616292,0.013959775845603654,-0.0013488173186836587,51.43525695800781,51.62367191314697,51.887671375104006,0.035884211955471285,-1.1953409194946332,0.020395524196248804,1.6664275785282119,0.01757044515435921,0.07525583171202818,49.373799310842536,-0.22403156770327115,0.2976649752459297,2.4303741455078125,1.1262362884373314,-287588300.0,0.19667241047083825,-0.9889885653420111,0.9580596889776428,-0.2393543193270364,-0.0029192408462461457,1.0501783595718683
SLB,2018-04-12,53.57904742097567,53.86404283596729,53.206969738079394,53.484046936035156,5845300.0,0.00014772295716856767,0.012285403508708485,-0.001773090219280784,0.0019242359319332721,51.77962532043457,51.66839942932129,52.039707142811736,0.0351403861309376,-1.0483684539794922,0.02022929494044859,1.569168343174591,0.01742596914612095,0.08024030036465563,57.87027965592821,-0.07526612333486327,0.35714433569147014,3.443683624267578,0.8092172661073732,-281743000.0,0.12279668636678419,-0.9324845726041381,0.9602626507903741,-0.2719167435333466,0.0074865968887517466,1.0191903501727282
SLB,2018-04-13,53.507794052200225,53.9115385521286,53.28613230002928,53.792789459228516,7853500.0,0.005756011940639624,0.011626209727854607,0.005326241009865956,0.0004440037268209993,52.03057746887207,51.77131385803223,52.20666736342286,0.039046248792132164,-0.8644777679443365,0.019833887702511283,1.461164501552138,0.017067781000661468,0.08810756412011773,65.91468466270709,0.06677476653428016,0.39934818044849085,2.509521484375,1.0757438158599444,-273889500.0,-0.015463756069812271,-0.781023234917274,0.9999999973350575,-0.25659327600349296,-0.0014060486809503085,1.0195954059997034
SLB,2018-04-16,54.05403887951163,54.4181983528736,53.38113537352038,54.24403381347656,9026400.0,0.008353577320144653,0.019118470851914628,0.0035149072650877754,0.0048565880838197595,52.42957038879395,51.86710338592529,52.40070226342797,0.04582732160431922,-0.6663929367065435,0.019769284072253146,1.4413730427400822,0.017051901072275895,0.09743570576835343,66.61202649069297,0.2132960986334851,0.43669561003815666,3.98992919921875,1.2395265948791117,-264863100.0,0.006104882085148123,-0.7479331166141853,0.9999999976211266,-0.23213633092141892,0.007210403329218193,1.009686658683026
SLB,2018-04-17,54.24403292305327,54.608198430267464,53.79279118739997,54.3548698425293,6490400.0,0.002041200487382401,0.0150015489914666,0.0020433016039433124,-1.6415137879871524e-08,52.735940551757814,52.02385063171387,52.58681346143762,0.04480674118717448,-0.43818153381347713,0.019004282454869088,1.379737846986908,0.01667871723478105,0.10525704090352886,66.93670320607539,0.33450290987629216,0.446321937024771,3.063701629638672,0.8888791500154757,-258372700.0,-0.0911519680616624,-0.4333354405113796,0.9999999976822379,-0.2074484028999852,0.008992005740867908,0.9484952963107175
SLB,2018-04-18,55.11485635571146,56.207334772729936,55.05944091513437,55.68484115600586,8640300.0,0.02417374722381081,0.02061411748270317,0.010341763328125465,0.013981939711821755,53.17372360229492,52.21305541992187,52.88186371806317,0.066492675216232,-0.24090164184570284,0.01947676799822986,1.4012254512760929,0.01679036362666688,0.12211922288670458,77.96074785428407,0.5317480900176292,0.5148536937328865,4.377830505371094,1.1579874234066163,-249732400.0,-0.11188077659497683,-0.6164010597870951,0.999999998228357,-0.2688025961606258,0.00048787747877421467,0.9452132715094934
SLB,2018-04-19,55.708588596664825,56.14399384774638,55.178176831420046,55.63733673095703,7184700.0,-0.0008534584722290833,0.017359152559668547,-0.0012790104273447587,0.0004264614959111585,53.53075828552246,52.31359462738037,53.144289719291166,0.06353495926347703,-0.1283292007446306,0.01820514273100413,1.3571184087009749,0.016200352240541987,0.1333676137879014,74.4660793113959,0.6764355779875117,0.5276329453622152,3.5703468322753906,0.9632643758295681,-256917100.0,-0.07474801074143529,-0.31810010641241715,0.9915839097476202,-0.13033961018787887,-0.008616804179971281,0.9436377708636932
SLB,2018-04-20,56.05692856460834,56.4052577028173,54.331125350493814,54.806121826171875,9967400.0,-0.015052599952249628,0.037844902781152746,-0.022313151477695584,0.007541551380870577,53.91629333496094,52.460446166992185,53.302559443755996,0.044713223591597594,0.02675559997557997,0.016794559379261456,1.349201049282915,0.01657338891351626,0.13926969128072197,76.160339402783,0.7157783117361873,0.45358054328871256,3.8553504943847656,1.3146014215115398,-266884500.0,0.18665656954333362,-0.41662753486020876,0.8443222982664059,-0.3183043716933573,-0.008255816554962367,0.8765804154159941
SLB,2018-04-23,54.3865392099357,54.600288825705114,53.444476584345566,54.552791595458984,6792000.0,-0.00463301391586844,0.021187041167949307,0.0030568664220670646,-0.007655761842937247,54.28441200256348,52.64925537109375,53.42162917248962,0.03615504551675653,0.1916567993164051,0.01594110523413041,1.3243207561049755,0.015878927819582677,0.13967539506823404,70.60017992917517,0.7182366937133366,0.3648311402126895,3.6811866760253906,0.9067406797751572,-273676500.0,0.23850834499220638,-0.13966212420899612,0.7994412238331575,-0.2853906708281745,-0.0005242076190022167,0.8348878087847175
SLB,2018-04-24,54.67153092639112,55.257358245178565,53.6107192580142,54.05404281616211,7474500.0,-0.009184546958348824,0.030462827595793114,-0.011294509222000527,0.0021765949543454794,54.40870208740235,52.80046081542969,53.481859043315566,0.02374187613843878,0.2939383697509754,0.01619277226627486,1.3333684146937925,0.016020548242730363,0.13807081831154563,66.35255230596789,0.6721915155040747,0.25502876960274207,1.2429008483886719,0.9972668390930736,-281151000.0,0.3438163017443287,-0.25898816927263796,0.7110807426378281,-0.2565393016823903,-0.01377426233268643,1.0374818028891863
SLB,2018-04-25,53.81654661459745,54.837773157514405,53.73737652242587,54.70319366455078,5994000.0,0.011937753819093006,0.020115765851558033,0.01647536131039731,-0.004393680642396818,54.531406784057616,52.98333187103272,53.59817662629035,0.03246043109754587,0.4410266494750985,0.01630119264890082,1.322624885462723,0.01564923866104293,0.137455350402276,65.90264446918468,0.6802400445220798,0.21046183889659764,1.2270469665527344,0.8014670832227427,-275157000.0,0.2274509165628549,-0.38965822254519566,0.8260871019773802,-0.3031494082808115,-9.948741177896821e-06,1.1273123509786485
SLB,2018-04-26,55.004042487203954,55.49486338703106,54.76654421708433,54.996124267578125,8145000.0,0.005340622071350176,0.013243099939246003,-0.0001439570487509315,0.005499657378288153,54.68261451721192,53.23111991882324,53.73131449688919,0.033157377703991464,0.632606964111325,0.015352460779847577,1.2479854051685548,0.015196816970804059,0.13032102358446343,77.09443995055645,0.7021615322332764,0.18590666128623545,1.5120773315429688,1.0858711432909962,-267012000.0,0.20387869779427262,-0.05544867203256294,0.8731816776849449,-0.2196102961602608,0.012555340104537063,1.044972839578354
SLB,2018-04-27,54.6715338638908,55.17819111180552,54.54487257182753,54.68737030029297,4559500.0,-0.005629922424043435,0.01158070933929314,0.0002896651197238037,-0.005902059608929206,54.77207260131836,53.40132503509521,53.82236743054669,0.024082647094478857,0.7519881820678691,0.01476394767292562,1.2383721511429755,0.014842805291700366,0.12731932971102852,74.7942160379622,0.6867047000613766,0.13635986329146854,0.8945808410644531,0.6190998306114621,-271571500.0,0.4082654178189451,0.4296333270064138,0.8163286220555434,-0.11795045412994384,0.0013734618111527026,1.0000174315509662
SLB,2018-04-30,54.62403636604002,54.92486221806464,54.17279456808771,54.27570724487305,6249900.0,-0.00755604601688756,0.013856432060550823,-0.0063768469769021705,-0.0011581089729707852,54.77523994445801,53.60240516662598,53.86554265095872,0.012561042291928374,0.9158605957031298,0.013962866264196584,1.1128392788276718,0.013870813383082924,0.1147730586207098,61.874219446370596,0.6339297336816756,0.06686791752941401,0.031673431396484375,0.8564686342464121,-277821400.0,0.5803004414211607,0.7340011000571208,0.7072377400680626,0.020120889918422865,-0.007773288424855274,1.0038390874158396
SLB,2018-05-01,53.91946023841001,54.164870616986036,53.104059009101135,54.14904022216797,6197600.0,-0.002336497585458514,0.019590589298212845,0.004257831638945351,-0.006563654801507679,54.75465698242188,53.74529876708984,53.892542419645316,0.007512125978269781,1.0251883697509783,0.013453367736892128,1.1060534916674791,0.013370139938912746,0.1073016967761604,55.97738829523713,0.575253063240396,0.006552997670507543,-0.20582962036132812,0.8649891939156547,-284019000.0,0.816483677086025,1.535771455543205,0.6809213458135143,0.05142061115241304,4.0145019975135427e-05,0.9668528542906841
SLB,2018-05-02,53.81654583860695,54.766526532667584,53.753212181714915,54.3548698425293,6460300.0,0.003793962210831515,0.018642567885606705,0.010002946037019062,-0.006140355991478879,54.62165985107422,53.89769172668457,53.93657360277712,0.008482332010860108,1.1292906951904271,0.013441992528306192,1.13149929545782,0.012993574713175702,0.0984797895105832,57.47283791790652,0.5391451793253097,-0.023643908995663043,-1.3299713134765625,0.9028218861253481,-277558700.0,0.7756512478450656,1.5017124850175407,0.7236845948661468,0.06030744734926183,-0.008334711246516167,1.0147673177013872
SLB,2018-05-03,54.22029922322533,54.291551116781896,52.95365593618501,53.6107292175293,6563900.0,-0.013784991057869421,0.024955735542568067,-0.011242468492961125,-0.002475778521663785,54.418999099731444,53.97487869262695,53.90554080418209,-0.006746647401866198,1.1539118957519534,0.013630506337762803,1.1869141279038895,0.013144847225983915,0.09322631697007497,48.546305851449425,0.4453497767784427,-0.0939514492340241,-2.0266075134277344,0.9139089905983174,-284122600.0,0.9485819327716476,1.74875568061175,0.5690816236261754,0.15218765900613765,0.0003045932939377974,0.9781324828224519
SLB,2018-05-04,53.4286319557303,54.77444499138856,53.14363653828879,54.45778274536133,5620900.0,0.01567655295016229,0.029946288131583645,0.01926215873323792,-0.003396657058331017,54.38416519165039,54.15022926330566,53.958135274770584,0.005679633978282661,1.2686219787597608,0.012845934206995119,1.229324518885786,0.013050716085624359,0.07680440644636008,51.60525319128333,0.4343593607436702,-0.08395349221503734,-0.3483390808105469,0.7930751078487049,-278501700.0,1.0614651225544485,1.5986548009969843,0.7450658231209037,0.051572314910372744,0.012665760092020134,0.9257719243762023
SLB,2018-05-07,54.81403563434593,56.08859706632002,54.687374332942646,54.790287017822266,6388900.0,0.006087161080023336,0.02557429080306847,-0.0004332579465975524,0.006541817735224349,54.40791473388672,54.3461633682251,54.03738782172789,0.008172125170786849,1.4216482162475614,0.01280422703234319,1.2875678816065859,0.013334066017022687,0.05186019363131314,53.16461592205877,0.44732322905240807,-0.05679169912503956,0.23749542236328125,0.9013131953668193,-272112800.0,0.9760946653260749,1.5128066437149794,0.6887098869868414,0.1517733704485136,0.003579245819555702,0.9314930436879004
SLB,2018-05-08,54.98027704766665,55.11486259558827,53.594884836560844,55.05152893066406,6142300.0,0.00475670222969474,0.027610091645988582,0.0012959535095765713,0.0034675859570252082,54.507663345336915,54.45818271636963,54.133972689245624,0.010895446463660283,1.4891767501831055,0.009951602227251092,1.2638187979513564,0.013131034644267776,0.045600164733358504,44.550496996879694,0.4732222160275228,-0.024714169719939894,0.9974861145019531,0.8791122287526648,-265970500.0,0.242196205863398,0.04166232365456951,0.7132639916859896,-0.0029634559170234266,0.0023667736638530736,0.6102699670064845
SLB,2018-05-09,55.8194389872255,56.82483535630603,55.74818709659621,56.11234664916992,7774400.0,0.019086234913140696,0.019187368271038927,0.005247413217668704,0.013948932418000649,54.64857864379883,54.589992713928225,54.32238925685746,0.027887051445846398,1.5581296157836917,0.010422090989090766,1.3214966129024732,0.012992010319178212,0.04971767936338766,53.48041207837517,0.5727442350366729,0.05984627943136811,1.4091529846191406,1.1156393860424536,-258196100.0,0.3050769100061067,-0.16383832476879387,0.9999999961952589,0.03504780349027881,0.011910325468785453,0.7523931241338413
SLB,2018-05-10,56.53984130575025,56.658590433253046,55.60569076380323,56.30234909057617,5650400.0,0.0033803876101082455,0.018700812425356653,-0.004200440073572075,0.007618548895364244,54.779201126098634,54.73090782165527,54.51095686006877,0.02871213600259579,1.6122794342040976,0.010409420226877254,1.2485514212686393,0.01313092056965985,0.05317844255422539,62.09984865433155,0.6593472169362258,0.11715940906473676,1.3062248229980469,0.8119773265994282,-252545700.0,0.25502021929275936,-0.16913871898896218,0.9999999962847652,0.042864421259908386,0.008744385496069,0.7599432111945872
SLB,2018-05-11,56.46857735086986,56.626905443563594,56.104417905810585,56.27066421508789,5449200.0,-0.0005629213502341131,0.009285256270582876,-0.003504836584641141,0.0029524213994387076,54.937530517578125,54.85480155944824,54.678548036737254,0.02581109794199557,1.6433916473388663,0.010404899185838805,1.1886115852634036,0.01309638624761677,0.05609349046430874,64.4088078889607,0.7171570592181666,0.13997540107734208,1.5832939147949219,0.7968297604772907,-257994900.0,0.3535658507776628,-0.11769765717310776,0.9882283209126786,0.03223185459709883,0.0015787070313353516,0.7706121891139418
SLB,2018-05-14,56.349827029825796,57.038566901632265,56.3419088134153,56.68231964111328,5142400.0,0.007289001752033389,0.01229057125092774,0.005900508108241353,0.0014068221131230184,55.17819175720215,54.976715850830075,54.86938342763021,0.031024112006091276,1.6682495880126922,0.010374606223107274,1.12584470664769,0.012944584450236312,0.06226007302514354,72.37175611533263,0.7871155501565426,0.16794711361257442,2.4066123962402344,0.7739449762205767,-252852500.0,0.36870640824028156,-0.07296921953726981,0.9999999967443577,0.02538951560867004,0.0010664223357173825,0.7627930799499854
SLB,2018-05-15,56.60315559649666,56.801068727952945,56.136083505377975,56.68231964111328,3571600.0,0.0,0.011731792678658077,0.0013985800576376013,-0.001396626763298489,55.43151969909668,55.09308834075928,55.0420440193905,0.028846291762123763,1.6984905624389697,0.010386820952942528,1.0947438914681495,0.01288338048339953,0.06696738055688572,68.93920367266122,0.8329563558757158,0.17103033546539814,2.5332794189453125,0.5496071376910837,-252852500.0,0.3995993983644361,-0.07046166401807828,0.9999999967443577,0.025487915091779594,-0.005677884287970289,0.8005001600629148
SLB,2018-05-16,56.68233027904889,57.956891568018776,56.68233027904889,57.87772750854492,7121700.0,0.02087029967459942,0.022021619435243233,0.021089415759921175,1.8767643379965638e-07,55.783805465698244,55.20273265838623,55.31210911359568,0.048457652752672435,1.7055366134643535,0.010025923672937247,1.1292369060699505,0.012931389629677265,0.0802896668831752,73.51399238109231,0.9547393086886871,0.23425063062269547,3.522857666015625,1.108862083945112,-245730800.0,0.24962987147402532,-0.3789171846309387,0.9999999976564322,0.04013463849331988,0.004717220238922268,0.8602115700530122
SLB,2018-05-17,58.18649200481894,59.71438244463402,58.170661603296395,58.9227294921875,10825700.0,0.017894277041604838,0.02619907215164403,0.012653065376541142,0.005334772278825745,56.315005493164065,55.36700229644775,55.65597772108062,0.06422105312296957,1.7399747085571278,0.010618631853033538,1.2151895057921729,0.013197052606358027,0.10004771894081252,80.85345723543438,1.1226350646169152,0.3217171092407388,5.312000274658203,1.6391201257309322,-234905100.0,0.11649606689055317,-0.7652268137894191,0.99999999811747,0.17233282246114542,0.0014723592539806225,0.9163043345459603
SLB,2018-05-18,58.732721763595116,59.263127677381966,58.70897314653472,58.811885833740234,5715400.0,-0.0018829414083496056,0.009422492120280426,0.0013478699397545656,-0.0032246932589498787,56.75041580200195,55.567290496826175,55.956540398476776,0.05839038232572057,1.8207232666015685,0.009834797473468996,1.201052854425767,0.012265446414929685,0.11344347609570078,84.55951248886895,1.2325415323812123,0.3452988616040288,4.354103088378906,0.8941517338915328,-240620500.0,0.26873720462033945,-0.6765055042604124,0.9791333466665283,0.043764299833988995,-0.0017100735844542924,0.825334643234703
SLB,2018-05-21,59.191858465325,59.42143842944689,58.55062183301085,59.39768981933594,4641200.0,0.009911359175283048,0.014660782247335084,0.00347735920695102,0.006460813595723438,57.21115608215332,55.80953540802002,56.28426891474908,0.06429285578321244,1.9640119552612276,0.009734829719458691,1.1795648801874903,0.012087854132590751,0.12700056913242708,87.37296090987911,1.3513353332425737,0.37127412997231213,4.607402801513672,0.7385224459140353,-235979300.0,0.07838315270174448,-0.6553990309337409,0.9999999982719772,-0.04175040648890129,0.008083367511215035,0.8147097558064296
SLB,2018-05-22,59.373953260673524,59.5718664382091,58.09939191415793,58.36855697631836,5881200.0,-0.01747799678109079,0.025227187381874003,-0.016933288574218806,-0.0003996209067155773,57.54285888671875,56.025261116027835,56.48277253966044,0.041825701721185715,2.090439186096191,0.010473892376820414,1.212362035408812,0.011870470999127065,0.12917263669708087,75.58023063353231,1.3469114993377644,0.2934802368540024,3.317028045654297,0.9478506472837451,-241860500.0,-0.19827796431748637,-0.31954197059864275,0.8221634944399092,-0.04545621848850387,-0.003743492117264424,0.933944446044908
SLB,2018-05-23,57.79064743179716,58.16272516930632,57.27607196587664,58.146888732910156,5737200.0,-0.003804963530747648,0.015248506373271358,0.00616434175674222,-0.009901042178508386,57.74631309509277,56.1974458694458,56.64125979616041,0.03468917195975726,2.1627173995971702,0.010425969536484224,1.1903099714157714,0.011736858022035519,0.1309945170826377,80.97276927412688,1.310413177011256,0.205585531621995,2.0345420837402344,0.926560114083885,-247597700.0,0.0011168372464690525,-0.3118860643745532,0.783858716115351,0.02613522823553146,0.005104110696108484,0.9292274958696618
SLB,2018-05-24,57.47398256784068,57.56898306247026,56.27858534636487,56.38150405883789,8648500.0,-0.030831210870060532,0.022886897709553333,-0.01900822703060915,-0.011572522274757994,57.754228591918945,56.266714859008786,56.61652115451065,0.00204009066668881,2.1561462402343707,0.012807671771136233,1.207273895233308,0.011994762416195345,0.1292940740843724,61.67143745880332,1.1260557347837477,0.016982471515589292,0.07915496826171875,1.391080421610684,-256246200.0,-0.5753834741890779,0.6897373035891199,0.47879621569492264,0.11936589567607322,-0.0008103486941060145,1.1731895453203802
SLB,2018-05-25,55.257359893890154,55.336523954517084,53.85613125748777,54.307373046875,10719800.0,-0.037481161225854695,0.02725951586263483,-0.017192041907890622,-0.01993817269888041,57.557899475097656,56.24771499633789,56.39660228711678,-0.034496369311877294,2.0856889343261713,0.015342369571679068,1.2711709295469815,0.012439119882675178,0.13070671665964442,47.581264270087985,0.8033258547647648,-0.24459792680271475,-1.9632911682128906,1.6428497538361333,-266966000.0,-0.8857551672029956,0.7319746642541645,0.12038164350460591,0.3983331548272299,-0.003053734704091499,1.3972942981948515
SLB,2018-05-29,53.5394616132729,54.1252888689862,53.17530215259778,53.88779067993164,8369200.0,-0.007756067015846131,0.01762897874271561,0.006506024830335395,-0.014140095359414358,57.27844657897949,56.22831916809082,56.15766784833724,-0.04162543932999892,2.0351021575927746,0.015347398162297656,1.2434632963505383,0.01252829797631625,0.1324447649716368,44.26227781554021,0.5078491405234757,-0.43205971283520317,-2.7945289611816406,1.2621152781820184,-275335200.0,-0.8832554818183658,0.7239713175704448,0.04787685297824197,0.3910370810957863,-0.00957175387757659,1.3459400662862804
SLB,2018-05-30,54.40237439315352,55.2811093714466,54.18862478230885,55.004032135009766,7710300.0,0.020502559832625816,0.019861900059548302,0.011059402251603956,0.009549170725485277,57.11061782836914,56.27106876373291,56.04779778040129,-0.022516661875449595,2.002169609069824,0.016032380201610408,1.2163213153414658,0.012533475076956655,0.12943754276523614,44.565242603523735,0.3596077381409657,-0.46424089217417064,-1.6782875061035156,1.1496371179674134,-267624900.0,-0.8840450824450169,0.5231755058137085,0.24076592376278352,0.34014905622518576,0.014352922036059573,1.3967112063289706
SLB,2018-05-31,54.687369658348146,54.87736461412822,54.03029647147993,54.362789154052734,8419700.0,-0.011726597182891256,0.015581763846734877,-0.00593520051015772,-0.00575707751541483,56.759123992919925,56.27146472930908,55.88732076836809,-0.03391906687408849,1.953324699401854,0.01625658310355082,1.2106667434900389,0.012456408510444843,0.12940551051966098,40.89218744849981,0.18821280915364724,-0.5085086569291913,-3.5149383544921875,1.237336868147654,-276044600.0,-0.7166832328668259,0.14236566093666259,0.12995767328864724,0.28555928102619643,-0.009548654116521251,1.5550489063303137
SLB,2018-06-01,54.3390442559775,54.687373398589905,54.125300671085164,54.59237289428711,6512800.0,0.004214285504347535,0.010295810526374103,0.004662000257425287,-0.0004367858685092133,56.32608833312988,56.32054691314697,55.763992399408,-0.030684610032727697,1.9830904769897444,0.015945343809150025,1.2134942570437341,0.012077231123914641,0.12479114523180967,42.262858187982964,0.07009853000388233,-0.501298348863165,-4.330356597900391,0.9574633865224768,-269531800.0,-0.9078272096720827,0.6238102346314314,0.12787570067079082,0.3311532918687865,0.010399159838373083,1.4546238820275101
SLB,2018-06-04,54.75069905182483,55.011939830703525,54.37070313008177,54.679447174072266,8104200.0,0.0015937191887346609,0.01172719794661372,-0.0013013875436571453,0.0029001515989111807,55.91284446716308,56.33163013458252,55.66070237794745,-0.029329578365884387,1.9379665756225606,0.015564608024425127,1.2044466866206898,0.011483183816949929,0.12393521640625131,40.481638611145655,-0.01629389464630293,-0.47015261881068027,-4.132438659667969,1.1700610931802744,-261427600.0,-0.8738475953805678,0.7735603202271851,0.1436789445095769,0.32149178457148925,0.005121659695927571,1.4423538934696474
SLB,2018-06-05,54.615649992919586,54.91069950575412,54.14517204734523,54.59172821044922,7058000.0,-0.0016055283043727665,0.014022773843279117,-0.0004380023395028437,-0.0011667488325107058,55.43224830627442,56.32170219421387,55.558895314376194,-0.030715939262616565,1.8517362213134803,0.01550912474897194,1.2116282748945413,0.011129921994808351,0.12465066738846434,40.14691636719815,-0.0907921059900687,-0.43572066412355687,-4.805961608886719,1.014115429267676,-268485600.0,-0.8035366027672685,0.730446419999738,0.1277586960178181,0.3165378043543614,-0.0011342668558777331,1.4244561432883018
SLB,2018-06-06,54.886780151204626,55.07018454750463,54.280735271704025,54.93462371826172,6387900.0,0.006261445251514684,0.01437070507389628,0.0008716774226014257,0.005404700500009669,55.08885498046875,56.31585693359375,55.49944087665101,-0.024526541733365558,1.767797164916992,0.015537611991876499,1.1769766569584779,0.010655095922380767,0.1249932695006072,34.916914852728596,-0.12077149481294214,-0.37256004235714424,-3.4339332580566406,0.9162167744304393,-262097700.0,-0.8131296212932086,0.719922348672098,0.18999132469480073,0.3054746188231968,0.007982060604084788,1.4097239720158974
SLB,2018-06-07,55.31738906550829,56.05101879934322,55.12600263452145,55.50079345703125,8330600.0,0.010253498625004291,0.016666719648574357,0.003315492553449524,0.00696765211698951,54.82424545288086,56.285279273986816,55.499569693830075,-0.013937672995044188,1.6481190872192357,0.015075220837426151,1.125529524457935,0.010579523561370069,0.12570164988489732,31.557823615952742,-0.09771876906219745,-0.27960585328511967,-2.6460952758789062,1.1901112166689287,-253767100.0,-0.894462913853173,0.9515902164492874,0.2927463340729202,0.31242494913701474,0.0006027271813451839,1.3185521877349329
SLB,2018-06-08,55.740021368792945,55.89152801615077,54.99841570710652,55.365230560302734,5125200.0,-0.002445527662643757,0.01613128492387465,-0.006723908590032298,0.0043103512014995874,54.722618103027344,56.238423347473145,55.486775490636994,-0.015526622817558837,1.4947658157348656,0.015053709017833112,1.1497407943291498,0.010500490618406329,0.1266525160569893,31.47396324154792,-0.08935804669950187,-0.21699610473793926,-1.0162734985351562,0.7349442683037001,-258892300.0,-0.8348600076243273,0.894088025069933,0.2681428171930928,0.3037817254858425,0.0034081882666758133,1.3613049375242638
SLB,2018-06-11,55.40511104280146,56.170638580313984,55.11006149947882,55.71610641479492,6970700.0,0.006317479263696601,0.019035376825139016,0.0056131170236842255,0.0007203163807886022,54.863491439819335,56.2106954574585,55.50861653103299,-0.008798842260151239,1.3783811569213924,0.015136595135524176,1.1632951146433734,0.010736077258636399,0.12698434687021692,29.698489100852413,-0.05379920122280879,-0.14514980740899694,1.4087333679199219,0.988798758522568,-251921600.0,-0.8912581360495385,0.8973111981957494,0.331823811160128,0.3010639491567556,0.0011664721852562446,1.3588473598520305
SLB,2018-06-12,55.81976956336396,56.194560418137506,54.28871448689813,54.703372955322266,9664000.0,-0.018343898444503414,0.0348396420234623,-0.02000002179827017,0.0018605598136612405,54.9450496673584,56.111748123168944,55.431926666679594,-0.02509947052006298,1.1904484558105466,0.015522394503115862,1.1942502151568166,0.01157622480608139,0.12914238715452692,29.752300190084426,-0.1061144649101351,-0.1579720568770586,0.815582275390625,1.328248859738762,-261585600.0,-0.6472747527936862,0.27449235673454386,0.14802127103883594,0.26264766136949125,-0.00045579269336160305,1.3986682315718897
SLB,2018-06-13,54.03354542865827,54.82299485102869,53.77039359324385,54.20100402832031,7161000.0,-0.00922593754805073,0.019420327660994,0.0030991599446891786,-0.012244720763581804,54.86474685668945,55.9876823425293,55.314695939216804,-0.031911989199306254,1.008185958862306,0.01560631172333797,1.1914013756813249,0.011759502274807362,0.1325232257901413,28.857328099667498,-0.18596793958372615,-0.19026042524051973,-0.8030281066894531,0.9605356787161738,-268746600.0,-0.545407290481599,0.11059472438769723,0.056845568293665584,0.28907758875554607,-0.005562179674387875,1.4876865506642771
SLB,2018-06-14,54.35250679748245,54.679447979374764,53.953794181012206,54.488067626953125,7104000.0,0.005282302291270954,0.013317664398206792,0.00249410445733031,0.0027952022638358244,54.877274703979495,55.81819934844971,55.23596943328693,-0.02382971391092586,0.7750818252563505,0.014746016718994186,1.109783547953987,0.011514657227916109,0.1309818627959146,37.94487829828905,-0.223512250168298,-0.18224378866007326,0.12527847290039062,0.9530031538716424,-261642600.0,-0.6884214270112543,0.3953552833801212,0.10894517862207757,0.1743112252022037,-0.00010976162923578439,1.3815816151063127
SLB,2018-06-15,54.1611295122433,54.20897917133716,53.06068469504829,53.29193878173828,15094700.0,-0.022196657708418912,0.021547245278349014,-0.016048238623024555,-0.006000178184849085,54.74723129272461,55.53665981292725,55.050823656948964,-0.04041872591456182,0.4690433120727562,0.014463352034800155,1.0313557001364668,0.011335022151383807,0.12652587120619382,42.7211545087333,-0.34579784582670214,-0.24362350745478192,-1.3004341125488281,1.968588039823782,-276737300.0,-0.5770304065436872,0.05791808086744494,0.0,0.12028789880435896,-0.000837773186436766,1.4086599282412284
SLB,2018-06-18,52.83740556076686,53.6667286574415,52.789555902582904,53.45939636230469,6110400.0,0.0031373418926575933,0.016408205377289126,0.011771789226526119,-0.008529117749553084,54.625226211547854,55.26903533935547,54.89925915269713,-0.032742365882441775,0.15124633789062614,0.014561985728304666,1.0131486901779938,0.011479928122938694,0.11832851758258614,46.81402045477112,-0.42430649302582424,-0.2577057237231232,-1.2200508117675781,0.7948456786510102,-270626900.0,-0.6135264771246759,0.01790027439918186,0.027426205107444306,0.07010141672871942,-0.002662479728537627,1.3688410154649664
SLB,2018-06-19,52.63804843033455,52.749687491295695,51.992129767490766,52.39084243774414,11577800.0,-0.020190605841531716,0.014459735491085726,-0.004696336584696553,-0.015363958216132926,54.405137634277345,54.91869297027588,54.6603623227016,-0.046028963833860854,-0.22948078155517493,0.014519392186464763,1.018430683270777,0.01147308756547829,0.10511470402680588,30.426807107051502,-0.566221484180673,-0.31969657190237755,-2.200885772705078,1.441035751447533,-282204700.0,-0.402399741052858,-0.21745375979084566,0.0,0.08610990985598009,-0.005442039105566546,1.3685613930890481
SLB,2018-06-20,52.58223567050758,52.68589878792733,52.05593195774579,52.271240234375,7567700.0,-0.0022854935116373054,0.012051882208206223,-0.005914458222760786,0.003653181049548313,54.13879928588867,54.61382713317871,54.432826885718114,-0.04289365938576667,-0.523548583984379,0.014298210829469703,0.9938757666030413,0.011088041983192184,0.0962634706252109,33.00600863264398,-0.6804966930843648,-0.34717742464485546,-2.6633834838867188,0.9321337137726122,-289772400.0,-0.5678369385612437,0.09117763372959763,0.0,0.0783966869337569,-0.00020221218030578824,1.3305895858006545
SLB,2018-06-21,52.167552047785,52.29514299251984,51.441898322186695,51.66517639160156,6371400.0,-0.011662336102497676,0.01651488933021134,-0.009630040829273864,-0.001983656521733157,53.7552375793457,54.28974151611328,54.169241124373684,-0.04834366587899012,-0.8114147949218733,0.014358298004534689,1.014673762519356,0.011116172672161055,0.0877220905473408,27.587475925464005,-0.8106205770554027,-0.3818410468927147,-3.8356170654296875,0.7817289836872937,-296143800.0,-0.47498134352069665,-0.03652050371508859,0.0,0.09147287782326616,-0.007597414591618372,1.3185379305526044
SLB,2018-06-22,53.53115531428601,54.18504378169642,52.94903828362176,53.09257507324219,10995000.0,0.027253105540118453,0.023280194949473983,-0.00819299038978107,0.03611676283733297,53.527972030639646,54.125295066833495,54.066701500456396,-0.01908017300074046,-0.9680318069458025,0.014977713983583711,1.1488616689102922,0.011131196963015292,0.08210216946417077,39.91898136367801,-0.7894650861661674,-0.2885484448027835,-2.272655487060547,1.3298708712922063,-285148800.0,-0.16441728694652638,0.5335853138212073,0.35236320300387974,-0.23265735257309195,0.002651414616302009,1.4001049019572713
SLB,2018-06-25,52.86131561766828,52.91713513660235,51.75289511035522,52.17552947998047,7608700.0,-0.017423488275095402,0.022313909180238265,-0.012973308168262792,-0.004355777719481089,53.1739143371582,54.01870288848877,53.88658987945869,-0.0341210230892285,-1.0422787857055695,0.013181384764331608,1.1898725620872976,0.01093472238229604,0.08825724312740015,36.113673753591115,-0.8370481524685047,-0.26890520888409664,-3.540576934814453,0.937937036537102,-292757500.0,0.4298721446986118,-0.00792361079380859,0.12598417750913202,-0.45508374219926584,-0.011607188653272208,1.2873183368124572
SLB,2018-06-26,52.15161915812526,52.86930319060644,51.864545545132785,52.646018981933594,5618500.0,0.008977021775787752,0.019085159047229253,0.009480047442233802,-0.00045826697100191346,52.96817893981934,53.956614303588864,53.768440270170586,-0.024289799101944353,-1.0724070739746097,0.013324015752853077,1.2052517313496582,0.010979656808931534,0.09124169238862719,37.03709465532739,-0.8272573962536498,-0.20729156213539335,-2.057353973388672,0.7045467940205377,-287139000.0,0.24365733008844737,-0.23473342894032037,0.24212775394662403,-0.4789062422092935,0.0027961261432050506,1.383470222775626
SLB,2018-06-27,53.22016999729619,53.97772778480523,52.996891856598126,53.2759895324707,6856500.0,0.011895129018944853,0.018410468520895437,0.0010488417300686932,0.010905877148272604,52.875677490234374,53.870212173461915,53.721540199913456,-0.011030634872530616,-1.1372315979003886,0.012699845498671055,1.2206312829060966,0.010928523003733155,0.09013612092632316,37.488893322264204,-0.7599050801307357,-0.11195139680998334,-0.9250144958496094,0.8644165235743084,-280282500.0,0.16405720672618274,-0.06362025966272479,0.3976403264608676,-0.37434729654559706,-0.00806929714078284,1.0531561962444476
SLB,2018-06-28,53.51521571396067,53.6109089461347,52.84537525648772,53.43547439575195,5827800.0,0.002989088072741493,0.014326319702475365,-0.0014900681450101298,0.004490318877027418,52.77041816711426,53.823846435546876,53.69429583761236,-0.0072156128837799075,-1.138610000610349,0.01250523629214439,1.2115185243777198,0.010899493512000705,0.09005795392592325,39.17720262413375,-0.6857538452982652,-0.030240129582010278,-1.0525932312011719,0.7469292885664502,-274454700.0,0.010251098735152937,0.09658287775067112,0.43701026422193223,-0.3334567570690693,0.005098766659468665,1.0184703753603048
SLB,2018-06-29,53.443451501654714,54.10531609171874,53.435481627466054,53.4514274597168,5350900.0,0.00029850362965647565,0.012531647817216903,0.0001492410732835269,0.00014928483358603537,52.78636703491211,53.76679916381836,53.67116551590802,-0.005865547308120035,-1.1519390869140622,0.012453187373625708,1.1836088540299785,0.010939506986499117,0.08931431165909738,36.80305413559374,-0.6185706807651101,0.029554427960915897,0.15948867797851562,0.6909513510023566,-269103800.0,0.059143550748800636,0.15842304100287005,0.4409483880192144,-0.3372855366569982,0.0020891102202963314,1.1480770045651518
SLB,2018-07-02,52.98890866370454,53.20421690131645,51.84062037063916,52.00010299682617,9404700.0,-0.027527644276114056,0.026222958265304182,-0.01866061581214761,-0.008653067242419817,52.64043769836426,53.63283195495605,53.512016704566896,-0.03044271388654512,-1.2297859191894531,0.013733340103753195,1.1625346510184258,0.011373232197854018,0.09263786044395562,35.013314993494774,-0.6746602305977589,-0.0212280974973863,-1.4592933654785156,1.2042987345176088,-278508500.0,-0.010750641205937763,-0.18263106498583953,0.08267894100372447,-0.31673798171658707,0.0005609216507414652,1.1132737635383387
SLB,2018-07-03,52.82143938076161,52.869289026022365,52.01604437263592,52.50246810913086,5207700.0,0.009614480807398487,0.01625151510235491,-0.006038670573352937,0.015794899175210653,52.65160026550293,53.52836894989014,53.41586921928727,-0.01916555390880041,-1.2932424545288086,0.013997000922308057,1.1494335632620942,0.011426717295820496,0.09304001422242951,40.58346596871483,-0.6708418891078907,-0.013927804806014299,0.11162567138671875,0.6748557684831458,-273300800.0,-0.10678701846845977,-0.3805152739690566,0.2066912315612762,-0.36895356054535633,-0.003537493100211285,1.026757453708367
SLB,2018-07-05,52.93309535201061,53.38762758227812,52.58223231642338,52.97296905517578,6492800.0,0.008921585526859491,0.01520389134722381,0.0007532849326117487,0.00820203808294604,52.72177314758301,53.43028621673584,53.373688251276654,-0.0085591374095393,-1.3697037124633837,0.014091525775061587,1.1608268257467158,0.011444518202566457,0.09021726410396212,41.76786171755368,-0.6226725502036032,0.027393227278618593,0.7017288208007812,0.8408178963883085,-266808000.0,-0.12116105247404912,-0.44241612775630995,0.32283763305170743,-0.35973978182419114,0.009253927005490036,1.0538307040079256
SLB,2018-07-06,52.59818246327677,53.62686203384205,52.41477801496286,53.4514274597168,4303400.0,0.008991577941856054,0.022676363878077258,0.016221948297087035,-0.007075053533598211,52.90039825439453,53.32781791687012,53.38109198541381,0.0023179186337488624,-1.447136688232419,0.014037061011937094,1.1454483319591695,0.011636514455769291,0.08269808272670622,50.93986390642949,-0.539669434173291,0.08831707464714467,1.7862510681152344,0.5722115589819756,-262504600.0,-0.11794621042970942,-0.4109471218627996,0.4409483880192144,-0.32005637647133106,0.007305201731010146,1.0614549709778658
SLB,2018-07-09,53.82620603385335,54.71932453157196,53.82620603385335,54.49604034423828,5230900.0,0.019354701231816367,0.01638868607841947,0.012444390190972106,0.0070115727857596455,53.04074478149414,53.28435840606689,53.4872775433971,0.022739917949981876,-1.4805945205688502,0.014821852622207764,1.1733572117446383,0.011645293656544781,0.07754043507236046,55.53654917026127,-0.38515748143358763,0.19426322190947853,1.4034652709960938,0.6950503127188268,-257273700.0,-0.1736213155819217,-0.6946595216172992,0.6988182786275232,-0.24007482447111916,0.009297041747623297,1.2617218287271794
SLB,2018-07-10,54.942596553741765,55.50876770595945,54.830957514367654,55.4130744934082,6343100.0,0.016687522799697967,0.012231954241637076,0.008563081637509481,0.008194287267161003,53.36449928283692,53.269206809997556,53.670686776731486,0.040245909631383636,-1.5102602005004897,0.015262539932761075,1.1408901236665845,0.01147964975361005,0.07486292103052032,66.40679813752834,-0.1865581278554984,0.31429006039005425,3.2375450134277344,0.8463616894943659,-250930600.0,-0.19094827956254556,-0.8645251890892863,0.9999999973318379,-0.10920358699136513,0.005159403911585799,1.3392530435967653
SLB,2018-07-11,54.727294403929854,55.2456220491784,54.30465998182431,54.49604034423828,7497400.0,-0.016687522799697846,0.017266613526602363,-0.004225570845595585,-0.012375781270897144,53.54950141906738,53.25884017944336,53.7492918783988,0.023229949443631524,-1.5250334930419882,0.015165458270623359,1.175064958052467,0.010753389740048403,0.0737713210039704,61.11540144571994,-0.10198804646336157,0.3190881134257529,1.8500213623046875,1.015052354248858,-258428000.0,-0.18828558164296108,-0.8359740531077172,0.7553204137857756,-0.21883270832738716,-0.010151815410544109,1.3803015370700984
SLB,2018-07-12,54.743261833585336,54.79110541678227,53.42750854080567,53.80229949951172,6217000.0,-0.012811836914638424,0.025344583570986214,-0.01718864208227233,0.0045365037126627325,53.602132415771486,53.23890495300293,53.7543402232667,0.010582384198287513,-1.5380339050292946,0.01529766273711612,1.2115186870269998,0.010968662878943833,0.07258058187686965,60.58462424408226,-0.08990832875298338,0.26493426490890487,0.5263099670410156,0.8471158274538018,-264645000.0,-0.1655470560043386,-0.9140884214881219,0.5702191052573666,-0.14853421743897943,0.00672602397345774,1.1619729166789396
SLB,2018-07-13,54.0255559635349,54.496033899638086,53.75443432250012,54.2887077331543,4607000.0,0.009000036716718014,0.013660291580030943,0.004870875735124598,0.0041495710425017455,53.68745574951172,53.228936958312985,53.805232367065514,0.019909673861630683,-1.5466786575317428,0.015391835047978187,1.0844995575300789,0.01097626542271213,0.07164567946908793,56.533086199259344,-0.040617769700666884,0.2513798591689771,0.8532333374023438,0.6386043023660379,-260038000.0,-0.1929287664604988,-0.9589730511160813,0.7000007106084548,-0.15176654813469584,0.0021966582005764046,1.1822610275243755
SLB,2018-07-16,53.49925362000696,53.84214669854313,53.31584923141288,53.76240539550781,4544100.0,-0.00974180616371381,0.009789321427464094,0.004918793397940819,-0.014541773899422065,53.71855354309082,53.25246028900146,53.801153607869544,0.009575991489198339,-1.526188850402832,0.014703323470846514,1.0582980245911113,0.010674820775958745,0.07217072634084278,59.0537080613891,-0.043521161825779586,0.1987811736350915,0.3109779357910156,0.67957898137181,-264582100.0,-0.18399758233769947,-0.7581592142822614,0.5595747113027306,-0.1669190777638732,-0.002510757860032276,1.1795718010329348
SLB,2018-07-17,53.4992629036764,53.58698017739817,52.91714581502013,53.22016525268555,6614300.0,-0.010137067803073036,0.012586100760824672,-0.005216850398357111,-0.004894544615248871,53.840559768676755,53.24049873352051,53.74582138356631,-0.00038191754996017176,-1.513398056030269,0.01487671735235992,1.046905305663542,0.010578632778298356,0.07209502192409241,53.24911329336767,-0.08855555551845384,0.12299742395393382,1.220062255859375,0.9854682065336826,-271196400.0,-0.050974634991179955,-0.8942975216554747,0.41489624709525946,-0.1303944710685208,0.004213336248908347,1.126275930836032
SLB,2018-07-18,52.94904800887917,53.786341032225685,52.54235934961199,53.475345611572266,6493200.0,0.004783347366204202,0.023262714216932354,0.009939699059458865,-0.005094257834772487,53.9378475189209,53.29472389221191,53.72006178623354,0.0033891107068245393,-1.4328740692138666,0.014148966684304657,1.0406390827879746,0.010863163616229661,0.07051242731573792,51.17813829801623,-0.10247346433492766,0.08726361210996803,0.9728775024414062,1.0055121054942195,-264703200.0,-0.18757247421317802,-0.5686444636608885,0.4829825053856993,-0.164551243733578,0.0015317015280577606,1.018203721017966
SLB,2018-07-19,53.10851741516076,53.86607500993318,53.02877611146669,53.36369323730469,7049000.0,-0.0020901051922040436,0.015690422601432063,0.004804800332669074,-0.006859762984535454,53.976919937133786,53.3493465423584,53.68612192443079,0.0002689197877034815,-1.3444947052001979,0.014146565710464739,1.0457651691322256,0.010946453790232583,0.068085560010597,49.57338166391354,-0.12111676218872702,0.054896251404934926,0.39072418212890625,1.0959828473786746,-271752200.0,-0.18983287089102532,-0.5660356797125176,0.4531918411422263,-0.1837186406382889,-0.0017120330736544165,1.0175379360359007
SLB,2018-07-20,54.49603862894852,54.56781006501474,52.65398824949737,52.70183181762695,7510300.0,-0.01248039851390014,0.03631414221312257,-0.03292361897234262,0.021219396989791705,53.901960372924805,53.40117931365967,53.59238000949709,-0.013096105835509636,-1.2244516372680678,0.014185928386769788,1.1346208919572673,0.011744408230127573,0.06242590806682041,45.86257226212454,-0.18714114854774522,-0.00890250796326661,-0.7495956420898438,1.1574581016133643,-279262500.0,-0.18732497341226034,-0.5885397135933347,0.20560641055674606,-0.08386403855916881,-0.0016511863483930553,1.0064564914354508
SLB,2018-07-23,52.60614378805339,53.10851949649863,52.20743117008587,52.422733306884766,8542800.0,-0.005309875311661053,0.017188884851496666,-0.0034864840484710334,-0.0018156490253449114,53.69462966918945,53.3676872253418,53.480985085438775,-0.017706480598775456,-1.180351409912106,0.012785387807358021,1.0839266946240618,0.011558975899237038,0.06442172006413979,52.6794576365631,-0.25900126238056487,-0.06461009743686899,-2.0733070373535156,1.3419405105713866,-287805300.0,-0.35446120396119224,-0.7661684211173674,0.12383060018038149,0.08617007662558138,-0.001185268180689731,0.9503977368276707
SLB,2018-07-24,52.638053473097706,52.9570248566326,52.14364752442497,52.247310638427734,8872000.0,-0.0033519204939581582,0.015567831573887612,-0.007423200686356551,0.004107381523821882,53.37805328369141,53.37127628326416,53.36349228096154,-0.021059373563994583,-1.0962952804565447,0.012192581247192491,1.0799403591248786,0.011358044602179873,0.06403475526450948,48.31234956022385,-0.3263441711307067,-0.10556240494960861,-3.1657638549804688,1.379960399242826,-296677300.0,-0.44930500500899434,-0.34134394203860485,0.07243179180512178,0.15389378060368494,0.003644723200191755,0.8034128931796362
SLB,2018-07-25,52.31108740900226,52.51841964667365,51.61733143828293,52.45462417602539,7586700.0,0.003960075979354176,0.017178432264939644,0.002743907154918506,0.0012206708784666125,53.17391166687012,53.36170654296875,53.276933413824764,-0.016998751084037044,-1.0213111114501956,0.012050522667096653,1.0810781259279827,0.011303417710828417,0.06476353576304729,46.44792144286314,-0.35884885537296896,-0.11045367135349671,-2.0414161682128906,1.1622530861360565,-289090600.0,-0.4170427013222488,-0.2551970310165328,0.13317461875162429,0.11203056854713833,0.009620077522468488,0.7559168780827178
SLB,2018-07-26,52.80550899797702,53.44344564393313,52.247307588408574,53.315860748291016,6497500.0,0.01628536745525689,0.022434938473030238,0.009664744455612493,0.006689301991262848,53.125267791748044,53.36370010375977,53.280640779012025,-0.0008964774814290341,-0.951988372802731,0.012323459721227222,1.079939128545509,0.011443017263839235,0.06474895740633962,49.11730517028971,-0.3115234101356279,-0.050502580892924476,-0.4864387512207031,0.998136606842478,-282593100.0,-0.3640630500096878,-0.3395366769749264,0.38551677004257445,0.12156272995504548,0.005026314311372731,1.259471026975187
SLB,2018-07-27,52.893225092087626,53.74646997591793,52.893225092087626,53.45939636230469,5888100.0,0.002688557337311843,0.015960615754949812,0.01070404138207402,-0.007927015531057277,53.04233665466309,53.3648962020874,53.29766512027799,0.001770830020158273,-0.8624256515502964,0.012319931521228388,1.0503211151151624,0.011481747614992575,0.0647565884108303,42.35294581129968,-0.25944481106670025,0.0012608145408025129,-0.8293113708496094,0.9041027109569153,-276705000.0,-0.36051015543404596,-0.3381383925746987,0.42757267755216205,0.130815701116397,-0.003891082432826802,1.1367922813218239
SLB,2018-07-30,53.83418367673145,54.464150393447945,53.674694966496254,53.8900032043457,5816900.0,0.008022572148974571,0.014649385414919188,0.0010368788714145729,0.007010691102584759,53.05509643554687,53.386824989318846,53.35407827114158,0.00942513841434714,-0.7398423385620134,0.012448099108792557,1.0497515915024545,0.011527207444052348,0.06531758521867634,37.896058603758895,-0.1813354504815976,0.06349614010072413,0.12759780883789062,0.8899860693442188,-270888100.0,-0.43808092683743627,-0.3964282666354715,0.553740400080925,0.16238221168915348,-0.0033472142701052453,1.0016557282680778
SLB,2018-07-31,53.929872729311406,54.13720501802519,53.49129244934168,53.84215545654297,5986900.0,-0.0008882723885528884,0.01199640993579542,-0.0016265062075839388,0.0007398315567828229,53.11729545593262,53.47892761230469,53.40056181260838,0.00679198070072572,-0.5483451080322297,0.010632271960276343,1.0167157384381416,0.011104857682410561,0.0607995259641286,43.97057395836118,-0.12188907149483441,0.09835401526998985,0.6219902038574219,0.9405888872916259,-276875000.0,-0.09027591163491298,-1.0017995682824707,0.5037788306820142,0.2893069825623325,0.007422796832758737,0.8628479082356507
SLB,2018-08-01,53.42749757933265,53.55508855351225,52.63804819918204,53.156375885009766,4834900.0,-0.012818661217258057,0.01725174711522836,-0.005074572207322774,-0.007701361018969516,53.085398483276364,53.511623001098634,53.37730600997995,-0.006638690739796382,-0.3908234405517561,0.01093548226950516,1.0053236228227362,0.011132092251007458,0.05861719052209388,44.03522677234698,-0.1286312865819852,0.07328944014627128,-0.3189697265625,0.7618316797751171,-281709900.0,0.1006358129836669,-1.1013502004905056,0.287155102323982,0.27101624027014376,-0.004954139349045328,1.0861573085670144
SLB,2018-08-02,52.66197093261738,52.96499037593278,52.33502361830876,52.58222961425781,4985000.0,-0.010859835170709597,0.011980601854380116,-0.0015142106713324124,-0.00930095297433191,53.00725212097168,53.492086029052736,53.3015844484826,-0.01700917803618203,-0.2946338653564453,0.011039758972559753,1.0110202435058102,0.01106067023787107,0.060042111025718534,34.49283300112663,-0.17824860733323789,0.018937695516014874,-0.781463623046875,0.7949258693754211,-286694900.0,0.306575783323059,-1.0611849523473205,0.10579404848698165,0.29238963657572214,0.002865692859300854,1.0539959555649
SLB,2018-08-03,52.502480883633005,53.148399538909786,52.34299825094903,52.542354583740234,4588300.0,-0.0007586243072286234,0.015328610496073869,0.0007594631612857604,-0.0015166479476021147,52.99130439758301,53.446632385253906,53.229276842316665,-0.01691926621298529,-0.227996826171875,0.010818446928794467,0.9990590139500485,0.010822106784099686,0.06216451090887468,37.837915947008845,-0.21827216753766976,-0.016868691750733578,-0.15947723388671875,0.7300084165039847,-291283200.0,0.43902707838790095,-0.811023812105695,0.09319834261053463,0.22371706570717884,0.0058771518608591936,0.9780955918064215
SLB,2018-08-06,52.60614378805339,52.73372866218969,52.27122664908989,52.422733306884766,4348800.0,-0.0022792593431901057,0.00882254670683224,-0.0034864840484710334,0.0012140530210058983,52.99130439758301,53.34296703338623,53.15246317227553,-0.0172512662433177,-0.25248676300049055,0.009701290364541407,0.9717191877080568,0.010659908088666395,0.061645774581120055,41.31938734662487,-0.2566846636573885,-0.04422495029636184,0.0,0.6967929865658095,-295632000.0,0.4457760010113191,-0.5740892197440374,0.055412429965970796,0.028352159185773707,0.0028611273280398784,0.7490007520816404
SLB,2018-08-07,52.96500042948412,53.67470864018097,52.406805011140676,53.172332763671875,5745200.0,0.014197861256500481,0.02384517592402004,0.003914515859653197,0.01034412149829926,53.08380661010742,53.230929946899415,53.15435551431328,-0.0011008108121724378,-0.3418230438232399,0.009457921842279688,0.9734278981670995,0.011009870659904506,0.04976630937785942,47.022043469100225,-0.22405763513390298,-0.00927833741830103,0.9250221252441406,0.9249638157735858,-289886800.0,0.3655942918688448,-0.7224614435809242,0.4113531825280832,0.22436711932561224,0.003205233318074568,0.6757390447821624
SLB,2018-08-08,52.81347539248532,53.13244061577351,52.614119085994375,52.95701217651367,3549300.0,-0.004057706805162846,0.009787590131623983,0.0027178060705463905,-0.006748949172147828,53.13404541015625,53.153978538513186,53.135560910713316,-0.003705580794047257,-0.4001588821411133,0.008840064326390904,0.9534932395393143,0.010845654716132826,0.04465299344799635,46.08302550080501,-0.2131183560909804,0.001328753299697255,0.5023880004882812,0.5901861781067583,-293436100.0,0.4706183894701151,-0.5811240374411266,0.34765481759659855,0.07500436995575373,-0.0019296948691591845,0.42839506205067773
SLB,2018-08-09,53.08458573951124,53.1643270283446,51.928321841751654,52.1515998840332,4760800.0,-0.015325633949504286,0.023700235262990744,-0.017575457027323264,0.002409002278533892,53.01761932373047,53.07144355773926,53.041850336743785,-0.017332177382838806,-0.42564521789550724,0.009022838012338833,0.9050777660447125,0.010777431957100032,0.04619632701516592,44.84300924568642,-0.2663684103026185,-0.041537040729552666,-1.1642608642578125,0.8013391560926468,-298196900.0,0.3944645629806446,-0.5714246051990719,0.0,0.1945140203130907,-0.004073638712458838,0.8355728823930045
SLB,2018-08-10,52.119715001332274,52.70980798482521,51.73694820314624,52.661964416503906,4851200.0,0.009738597660776902,0.018473670560114588,0.010403921340662958,-0.000611388390228292,52.93787612915039,52.990106391906735,53.00567072529237,-0.0061925139945170375,-0.4729658889770505,0.009070171058398073,0.9102042985637274,0.01090990692240635,0.04131451753660279,52.14900813164144,-0.2643401606097697,-0.03160703282936311,-0.7974319458007812,0.8148805739371588,-293345700.0,0.39557629268956235,-0.5994354044574468,0.29358234856749765,0.13631745500312253,-0.006442829593663786,0.46794906633834377
SLB,2018-08-13,52.59020459230446,52.66197604450574,51.59342280637092,51.80873107910156,4563400.0,-0.016334768429457584,0.02062496447757731,-0.014859678133240243,-0.0013626499693763332,52.72974891662598,52.892422676086426,52.891676473274195,-0.020488598217960223,-0.5149767684936535,0.00948745435697215,0.9284311489870986,0.011174268572032136,0.04354677504350052,46.48793162752421,-0.32780285046530366,-0.07605577814791764,-2.0812721252441406,0.7664131214279596,-297909100.0,0.2794896418655265,-0.6676675887084552,0.0,-0.027656007530557126,-0.0035097249011240175,0.5498491917619307
SLB,2018-08-14,52.055928966136214,52.42274391885632,51.66519222491503,51.67316818237305,4851000.0,-0.0026200325901324074,0.014660446041698423,-0.007352875865728257,0.004771355751933591,52.51285018920898,52.8150728225708,52.775628064616946,-0.021620809726683784,-0.532201042175295,0.009289326374542335,0.9181785408121392,0.011217484873739574,0.047771478782134766,43.66949115878342,-0.38460282031376636,-0.10628459839710425,-2.168987274169922,0.8269598103669155,-302760100.0,0.20503765321346604,-0.514364981687819,0.0,0.017906424917127597,0.0048106518564738805,0.6085288174323239
SLB,2018-08-15,51.290395633906044,51.3222933763322,49.2968323613135,49.67162322998047,9831900.0,-0.03950484724755343,0.04077702485462937,-0.03156092644478393,-0.0074075688008148,52.164374923706056,52.624886703491214,52.48000855655633,-0.056119141693369595,-0.6239850616455058,0.012348970418910884,1.0024783812074958,0.012049714496984118,0.07036171614032374,25.08196764071438,-0.5843886866786221,-0.24485637180956799,-3.484752655029297,1.6296867230233714,-312592000.0,-0.9380996711028905,2.3646165712987983,0.0,0.02917819268105817,-0.006659746040078398,1.1054049581417829
SLB,2018-08-16,49.92680209907712,50.3015929903663,49.759343504136304,49.831111907958984,6080800.0,0.003205717196439809,0.01088174566988522,-0.001916609658440479,0.005137316892487501,51.88926315307617,52.44825763702393,52.227732685261344,-0.04989957430382713,-0.6985438919067377,0.012439835648657036,0.9865301581043191,0.011953581289276673,0.08375831618256328,25.245055299133767,-0.7215336311806837,-0.30560105304930363,-2.751117706298828,1.0160762892696074,-306511200.0,-0.9791660479032697,2.29981993624733,0.03780803971421149,-0.05743700965129963,0.009057192630144966,1.0781255783566488
SLB,2018-08-17,49.815175458627,50.253758906056206,49.4882311023321,50.10224914550781,5657500.0,0.005426374135831303,0.015279310146353822,0.005762775785447805,-0.00031980922603968616,51.64525260925293,52.31827850341797,52.025305681475295,-0.042356694855037805,-0.7205521392822263,0.012395775512350923,0.9694425704315225,0.011142305111876603,0.09284321581510065,23.582166272103393,-0.7991315871977065,-0.3065592072530611,-2.440105438232422,0.9602084199628307,-300853700.0,-1.1863587771550075,2.7601304760461636,0.10208324454491804,-0.04779010483518635,0.0033878364769610817,1.0710879667333626
SLB,2018-08-20,50.285642888175374,50.764096873999144,50.03046702347786,50.63650894165039,3670300.0,0.01060693650149476,0.014488160140871103,0.006977459833918563,0.0036603894195437526,51.466630172729495,52.22896728515625,51.893039325301494,-0.030489945068441854,-0.7152889251708956,0.012712710271272644,0.9757080905627917,0.01107662235650898,0.09731329301592029,29.062693248913817,-0.8082017788327462,-0.25250351911048063,-1.786224365234375,0.6498032602585723,-297183400.0,-1.2444691647784176,2.5902142133610524,0.22873371181499055,-0.013541179239627072,0.0035447048349783817,1.1146141962987592
SLB,2018-08-21,51.24254563523512,52.00807310583161,51.146852419958726,51.641258239746094,6092600.0,0.019648094576188088,0.016676988811439176,0.007780889875166849,0.011968374326181865,51.31352272033691,52.19866466522217,51.869060174296216,-0.010678557182468526,-0.6640945816040045,0.013578238115423481,0.9876692981928125,0.011108522223885284,0.09788690590482883,40.50001459037638,-0.725946836489797,-0.13619886141402504,-1.5310745239257812,1.1058644795987915,-291090800.0,-1.0745298028062786,2.0175922341544568,0.4669173988748688,0.07073279466468814,0.002789179452208775,1.193432537499045
SLB,2018-08-22,52.063892377887306,52.31906820019799,51.76087299010321,51.90440368652344,5134400.0,0.005082704738906385,0.010754293864274008,-0.003063326310800521,0.00818404029156534,51.20826187133789,52.17115364074707,51.87242622307976,-0.005112977873950929,-0.6356262207031236,0.013600069595319104,0.9774162763178761,0.010957773558892022,0.09794790116230039,45.57746260127473,-0.6322375230993842,-0.03399163841888975,-1.0526084899902344,0.9531553407069954,-285956400.0,-1.081187954715535,2.005230541847722,0.5292980871373419,0.08083135227509751,-0.0006997361276437251,1.2779120042287382
SLB,2018-08-23,51.649234047920544,51.808722758379204,51.25052139758224,51.55354690551758,4430200.0,-0.006782622776966969,0.010827603420187216,-0.0018526342968452636,-0.004916146231907225,51.14845657348633,52.0830379486084,51.84205676426431,-0.010166285684281386,-0.6707927703857379,0.013065041267302182,0.966593490673622,0.010627749445986089,0.09638310927575733,43.80003195539257,-0.5796021344766018,0.01491500016311409,-0.598052978515625,0.8385170463955331,-290386600.0,-1.055265981422147,2.2471103537055224,0.4461247404245623,0.05102356932506448,-0.0009973332200883607,1.168148676567506
SLB,2018-08-24,51.816691740666215,52.1197111239448,51.816691740666215,52.0319938659668,6418000.0,0.009237782789025277,0.005823712696060797,0.004155072778056395,0.005104301273991947,51.085459518432614,52.011667823791505,51.860146012045504,0.00039079773877187383,-0.6930414199829116,0.013260486277795325,0.9739979339112951,0.010437623713546462,0.09324494060065962,47.65550396936934,-0.49359172051150324,0.08074033130257019,-0.6299705505371094,1.2086924915299244,-283968600.0,-1.0618127821321253,2.070618541171122,0.5595443380479409,0.020037662971007338,0.0069479460842331335,1.3181602804523662
SLB,2018-08-27,52.11973192731022,52.28719055468915,51.5216627935824,51.713043212890625,8459200.0,-0.006148759823957461,0.014803378674800584,-0.007802970187697641,0.001686232927560567,51.075890731811526,51.90281982421875,51.8461362216498,-0.0036563834483531238,-0.7703115081787075,0.013114143819272039,0.9381139433446134,0.010441376306656975,0.08707492642051866,40.766881027386745,-0.44602302411174577,0.10264722216186217,-0.0956878662109375,1.5544328034715273,-292427800.0,-0.9412894617011386,2.0325218792873385,0.4894866811035051,0.002472265017342008,0.007797370832667516,1.291778515065376
SLB,2018-08-28,51.78478833867563,52.24729027648707,51.059128571842805,51.091026306152344,9470700.0,-0.012101164870529325,0.023255780722126307,-0.013397023619871594,0.0013873700197771996,51.017676544189456,51.765263366699216,51.77422099160243,-0.013024893851513009,-0.8605005645751973,0.013300707113580194,0.9831102309850966,0.010768805134447739,0.08079990669642825,38.771526384871166,-0.4532908012692758,0.07630355600346572,-0.5821418762207031,1.686325657587237,-301898500.0,-0.7878193750605852,1.5725108609770266,0.4054615381415368,0.018795296655301455,0.00048226725122770637,1.401960426050819
SLB,2018-08-29,51.21862672578759,51.54556791621504,50.96344784600393,51.42595291137695,7611600.0,0.006534094145261735,0.01131957770844396,0.0040478669351941355,0.0024975113803865317,51.1931095123291,51.678742218017575,51.74105260300953,-0.004891553002086963,-0.9277239227294984,0.013221163812952262,0.9364041512435369,0.010626090732101794,0.07700263288073575,45.37137250932422,-0.4271014296651501,0.08199434208607315,1.7543296813964844,1.3226041310093293,-294286900.0,-0.9999009456472865,2.0037561365006447,0.5011354582552969,-0.036738067153471776,0.0033362052198451344,1.402530542774156
SLB,2018-08-30,51.51367919908791,51.89644606484052,51.08306875656858,51.30634689331055,6300100.0,-0.0023284998454214663,0.01585334675967719,-0.004024800965508099,0.0017058757834227624,51.34063301086426,51.61494808197021,51.69965205922867,-0.005978911151272932,-0.9722201919555715,0.013044344040221324,0.9250125460001775,0.010715982336796007,0.0755258572361171,40.899361769365235,-0.41125665928357336,0.07827128997411992,1.4752349853515625,1.082349141392927,-300587000.0,-1.1287279924803308,2.4648405377224476,0.466969236644039,-0.03880300174814155,-0.00526353676811684,1.3093927183566016
SLB,2018-08-31,51.091040068561234,51.14685959767136,50.213873432313896,50.36538314819336,7953200.0,-0.018510368845723293,0.018524353574602546,-0.014203212919409847,-0.004196494932625668,51.366946411132815,51.50609951019287,51.57257882960626,-0.022147209220798506,-1.0550728988647506,0.013597566068276817,0.9267211333474508,0.010804599307670418,0.07665308279131694,40.423209766799786,-0.4692186147571107,0.01624746760046608,0.2631340026855469,1.327965723884248,-308540200.0,-0.8989160578579147,1.4088590504555967,0.19817694371791242,-0.031172112260759492,0.000641455760241418,1.3915452800146948
SLB,2018-09-04,50.686901717661684,50.751203200446525,49.625901188929745,49.77058029174805,8287000.0,-0.011880044524331118,0.022609782825926884,-0.018078071352985215,0.00638372130560983,51.28035354614258,51.37349185943604,51.40095992123881,-0.031201141087970927,-1.1212406539916984,0.013772816447119389,0.9529890131742716,0.011153771841559409,0.08054076076106903,38.1012341744067,-0.5567318434655562,-0.05701260888638349,-0.8659286499023438,1.3396552170089493,-316827200.0,-0.7705966428828233,1.0385420914902854,0.02826771559665887,0.01738761213926894,-0.0005974827629152747,1.4325421689370765
SLB,2018-09-05,49.40887796920418,49.47317945203302,48.38002664805566,49.04717254638672,10127200.0,-0.014641512235369187,0.022287784335447754,-0.007320656482887625,-0.007267392110431957,51.02094497680664,51.167233848571776,51.17678969506242,-0.04143396354900342,-1.2649315261840854,0.01342638476260182,0.8825760005051885,0.011095224011469802,0.0834591500801765,45.351547458537745,-0.6766595568304368,-0.14155225780101133,-2.594085693359375,1.5811347973932945,-326954400.0,-0.6291027491143812,0.9701814667624095,0.0,0.04900331623994987,0.0005309616903590271,1.3507861461853583
SLB,2018-09-06,48.870326667641194,48.99893266941621,48.066538389995095,48.39609146118164,9684100.0,-0.01336348450817146,0.019265900432661767,-0.009703949999858746,-0.003605628409635055,50.670113754272464,50.93918781280517,50.91196129183568,-0.04992416371005124,-1.4079790115356445,0.013587719798398224,0.907623457362745,0.01131491685846171,0.09023847602667086,40.04612552960215,-0.8148468882656559,-0.22379167138898426,-3.508312225341797,1.442855525227362,-336638500.0,-0.5126988542767426,0.6803733963278611,0.0,0.07712412661261432,-0.004021125159466709,1.4045497121622779
SLB,2018-09-07,48.05850134518738,48.38001481310075,47.62445494398497,47.98616027832031,11056200.0,-0.008506413728944924,0.015745370430422477,-0.0015052709685528384,-0.006975565707925816,50.313375091552736,50.73091583251953,50.63331357626279,-0.054104198774187574,-1.5104544067382832,0.013387787025973158,0.9080597940393567,0.01106871881542493,0.1014815119831263,35.59924403300086,-0.9465283746239024,-0.2843785261977846,-3.5673866271972656,1.5734936021051642,-347694700.0,-0.5908207083323808,0.9763619453263154,0.0,0.1400788285117648,-0.0016478267411135295,1.3586184485811426
SLB,2018-09-10,48.22730355278824,48.85425751778749,48.19515128119613,48.21122741699219,6954600.0,0.004679286095622561,0.013671218757625987,-0.00033334096272786195,0.00502526714096932,49.931298446655276,50.508378982543945,50.402638703951304,-0.045480603650845136,-1.6285063171386724,0.01315674540841516,0.9176646075354918,0.010935498305332685,0.10453378915236537,32.769977836881836,-1.020956908433611,-0.2870456480059945,-3.8207664489746094,0.9751672111838692,-340740100.0,-0.6089598890040627,1.1660166600257436,0.05562936122800492,0.1868847934638794,0.005856454654354564,1.879174374680564
SLB,2018-09-11,48.29160864447387,48.87033420865817,47.7691449569007,48.48451614379883,9782200.0,0.0056525643096059265,0.0227121839989386,0.003994638090131936,0.001667271956933211,49.608445739746095,50.34216823577881,50.21996036488916,-0.03690051813580255,-1.6953788375854515,0.01302562869063822,0.8983521137909379,0.011016976597261348,0.10777366313961115,24.972281181629185,-1.0458342155941551,-0.24953836413323094,-3.228527069091797,1.323235001298589,-330957900.0,-0.8373156227481904,1.6225953813405212,0.12317754881674223,0.21524465956011593,-0.00028221290097527334,1.7725173373731258
SLB,2018-09-12,48.78995981818424,49.51336758775745,48.78995981818424,48.88641357421875,7931700.0,0.008255024654087676,0.014797726335046814,0.00197691812811368,0.006299818966523433,49.38798446655274,50.2028305053711,50.092955908634835,-0.026221966329398615,-1.7724427795410094,0.01327842697899958,0.9234265054699898,0.011020854593539974,0.10800994848775168,26.587463644854168,-1.0213464507936294,-0.1800404794661642,-2.2046127319335938,1.05101915744351,-323026200.0,-0.8892023797803054,1.4480275576149773,0.22251367342990253,0.3207939266516478,0.003059668619363859,1.8715326910546124
SLB,2018-09-13,48.797997018176986,49.28027193733682,48.57293722896153,49.04717254638672,6006300.0,0.003283023177800316,0.014421518543323271,0.005106265491120803,-0.0018086120371160243,49.15010643005371,50.171607971191406,49.993357493182636,-0.022411787667844723,-1.7345594024658197,0.010253869506232726,0.9272445354295681,0.009797472281793496,0.10966560666829114,29.96550081750317,-0.9776975267365771,-0.10911324432728942,-2.3787803649902344,0.8165842894909111,-317019900.0,-0.0709802185897727,-0.8208784260891911,0.26224812327516667,0.5042108478995617,0.004277037664518646,1.214913143001181
SLB,2018-09-14,49.031090499410105,49.481213089797414,48.83817994175575,49.21596145629883,8059100.0,0.0034354506933573143,0.013065540711068833,0.003770484298956133,-0.0003278893795846015,48.94106788635254,50.1408504486084,49.919319775384174,-0.018445817811916235,-1.6901767730712933,0.010258485805684293,0.932735173259171,0.009846706745008838,0.11091452626030604,26.31790341684129,-0.9188931572204169,-0.0402470998489034,-2.0903854370117188,1.081132928466887,-308960800.0,-0.07405689139959178,-0.8250080125052086,0.3039673155845825,0.5029526710398401,0.0023560540659792466,1.393955354084393
SLB,2018-09-17,49.50532885732264,49.5696303364247,48.77388151855596,49.006980895996094,6825400.0,-0.004255235500639914,0.016237458486934756,-0.010066551880966461,0.0058795437996421755,48.80522766113281,50.08608703613281,49.83243035829959,-0.02154502785091264,-1.6560512542724624,0.010188141674871884,0.9348938201707421,0.009870729544315764,0.11287112493811255,26.81386321650784,-0.8790204547778231,-0.0002995179250476765,-1.3584022521972656,0.9085143100920374,-315786200.0,0.06823625038362142,-0.759394208993503,0.252314039378586,0.4775514267090357,-0.0028072205773912316,1.3198557333629473
SLB,2018-09-18,49.529448224510986,49.810776048967,48.99091138266559,49.02306365966797,6779700.0,0.00032811907592331563,0.016724060168763554,-0.010223908866249378,0.010661079686252992,48.730475997924806,50.00541477203369,49.75534781557277,-0.019644894794775606,-1.6272639846801766,0.009817851041972105,0.9085868888605384,0.00992859745744825,0.11408646825428002,30.22822896424549,-0.8364808753657513,0.03379204918961931,-0.7475166320800781,0.8841347517499275,-309006500.0,0.15259082440807645,-0.44542895269181554,0.25628918153006514,0.4035884153441746,0.003461754800626723,1.2202443721915874
SLB,2018-09-19,48.89444794848729,49.601779505398255,48.63723284954505,49.21596145629883,9367100.0,0.003927116424716616,0.019598248765487828,0.006575664953826013,-0.002623575549532471,48.747354888916014,49.88414993286133,49.70397768611811,-0.013394805313146721,-1.6245865631103555,0.008554812446321397,0.9359030735492594,0.010025123179423008,0.11083720333918534,28.28041677413937,-0.7782317410482378,0.07363294680570642,0.16878890991210938,1.1960188460016088,-299639400.0,-0.36015102925748316,-1.2330796597724263,0.3039673155845825,0.3566555328005046,-0.00010338899101867659,1.0417958514786294
SLB,2018-09-20,49.79468678701185,50.05189880282256,49.4812098343806,49.4892463684082,7364100.0,0.005537410161854981,0.011531575247552502,-0.00613399618136195,0.011758895154916307,48.85667037963867,49.76339206695557,49.683527084431454,-0.005508983354239751,-1.6452085494995075,0.008576384584519847,0.9375145048529591,0.010039905156707355,0.10445350332669832,32.665336203872315,-0.7019257113030264,0.11995118124073434,1.0931549072265625,0.9270732817306476,-292275300.0,-0.3588004222071157,-1.2404090488992492,0.3715145603027905,0.4172667498849754,0.007156203172406475,1.155588361577984
SLB,2018-09-21,49.6339337347221,49.70627481342108,49.13558578491211,49.13558578491211,21545100.0,-0.007171867199585019,0.011614576673759982,-0.010040468532546786,0.00292361223763266,48.97161293029785,49.64249401092529,49.631342198762944,-0.010211175649265741,-1.6727723312377947,0.00858728647760784,0.9002441882466964,0.010054264433375797,0.09951616077626776,36.78754098360657,-0.6623548717381951,0.1276176166444526,1.1494255065917969,2.44854889062896,-313820400.0,-0.35220916849275236,-1.2540052333955094,0.28410103353247973,0.4401946688001344,0.0011004000848258099,1.148784232397177
SLB,2018-09-24,49.69020879392584,49.89919553769706,49.36065560524973,49.51337432861328,8715200.0,0.007659287845885024,0.010876655848036427,-0.003558738624865184,0.011287603478292866,49.10182762145996,49.51656303405762,49.620107163510596,-6.439674421958888e-05,-1.7031966400146459,0.008480387729113423,0.8744090269087087,0.010129094310157459,0.0888239155940109,47.10152341436029,-0.593666895695705,0.15704447414955425,1.3021469116210938,0.9776990999541171,-305105200.0,-0.38839929225124104,-1.2694835304273666,0.4097832083827488,0.4397670721685415,-0.004219335431322438,0.6754460375952355
SLB,2018-09-25,49.99563098206378,50.54220725068524,49.89113764847791,50.26087951660156,8517500.0,0.014984209760670279,0.012953804399548472,0.005305434281506359,0.009739927039709094,49.27946395874024,49.44395484924316,49.681133101900215,0.016522235526046408,-1.7057743072509766,0.009284878789262619,0.8485718325072494,0.010084992953008465,0.08003455898991385,63.60348820106925,-0.47345605165541826,0.2218042545518728,1.7763633728027344,0.9552081131289388,-296587700.0,-0.28077943863093957,-0.9906343176168185,0.6612954542108409,0.49412914858719226,-0.0010398902961647823,0.8077791441039397
SLB,2018-09-26,49.76253617415161,49.971519794122585,48.87033062315678,48.934635162353516,10408600.0,-0.026741600004109592,0.02250326721170636,-0.016637034111379113,-0.009915133743040505,49.28428611755371,49.33613529205322,49.610038060038626,-0.008138053929902711,-1.727883262634279,0.010611755493802099,0.8778514565824749,0.010055760516125783,0.07419103216591506,55.242651242036274,-0.4796755263028416,0.17246782392355964,0.048221588134765625,1.1611816417144514,-306996300.0,-0.6682644256461944,-0.15273803096944258,0.27573606390133365,0.21693888749097096,-0.004168134538290254,1.2266170096307265
SLB,2018-09-27,49.14361956928922,49.58570255161387,48.54881790324057,49.16773223876953,6553000.0,0.004752128236144307,0.021088722240390465,0.000490657173640064,0.004270684888981902,49.296342086791995,49.22322425842285,49.567913696108235,-0.0011273544244478498,-1.7546420288085898,0.010542162030014483,0.8967977516665202,0.010336621953459156,0.06271306061537832,61.91258570745087,-0.46048730773641466,0.15332483399198926,0.1205596923828125,0.7353939626546006,-300443300.0,-0.6694827620446567,-0.11098543206231208,0.35587516423197874,0.09935697021923626,0.002076309459323319,1.1966854630267303
SLB,2018-09-28,49.05520646270773,49.60178283551306,48.91856390261114,48.96678924560547,7206600.0,-0.004095261707336642,0.01395270025721032,-0.0018024023029946255,-0.0022886102518487298,49.27142486572266,49.106246376037596,49.51066374844131,-0.0028399061366697837,-1.7836818313598641,0.010550710755143494,0.8835921583404307,0.010286622037722975,0.048617860034427716,57.654795638684185,-0.4562357250352136,0.12606113335455227,-0.24917221069335938,0.8046497424408469,-307649900.0,-0.6403764246453001,-0.14898903289508772,0.41216355793345505,0.09717039778108445,0.00021066257478578564,1.3980732081326237
SLB,2018-10-01,49.19184834692829,50.13227925829185,48.93463631649334,49.50532531738281,7667000.0,0.010937948134928512,0.024192204255205338,0.006372538967101001,0.004596158024451608,49.321259307861325,49.06324348449707,49.510155326435736,0.009010448586128006,-1.7627545928955044,0.010234712655810328,0.8904817076290767,0.010499815607100987,0.04308123532118653,59.814592989948444,-0.40474530294764577,0.14204124435369603,0.49834442138671875,0.8574254757246375,-299982900.0,-0.8290589412956921,0.47311231647601293,0.6678472695961766,-0.009035356702180973,0.004609860083282852,1.5265531663645566
SLB,2018-10-02,49.272239830167685,49.915270087312734,48.926610492037824,49.74647521972656,5660200.0,0.00485936528244191,0.0198739627462664,0.00962479869381785,-0.004708291193337224,49.39360046386719,49.06203823089599,49.53266198293963,0.013950439352100878,-1.710434684753423,0.009967398610647406,0.8876108612945259,0.01041138261083202,0.042945863085260716,58.532833963600915,-0.34055429282942384,0.16498580357753434,0.7234115600585938,0.642434718851104,-294322700.0,-1.087763449333697,1.2136934386273246,0.7738603094585508,-0.07100552871086971,0.0004492154127216363,1.4530079857551457
SLB,2018-10-03,49.95544302746421,50.5663207735655,49.50532048503608,50.333221435546875,7315700.0,0.011725713769623437,0.02107952279366942,0.007562307231966079,0.004200655560311657,49.505326461791995,49.126340675354,49.6089057403308,0.024566876824154524,-1.6078504562377987,0.009677965219691451,0.9128726884483923,0.010368371770313028,0.04872809516185261,61.764709987842004,-0.23957526434851673,0.2127718656467532,1.1172599792480469,0.8437976140632552,-287007000.0,-1.3403934540689477,2.3445661585543416,0.9999999957393526,-0.18377224692799501,0.0006983266619167184,1.4223487603694265
SLB,2018-10-04,50.38949471456436,50.87176960407533,50.07601772279743,50.51810073852539,6920100.0,0.003666377516796112,0.015751817064473615,0.0025522388086948187,0.0011180146514075512,49.60821189880371,49.232441139221194,49.695495740158854,0.026114073760197344,-1.463019523620602,0.009052772911966905,0.9237811693938376,0.010263003994053757,0.052665707348315396,61.876939778152014,-0.14298223194668225,0.2474919184388702,1.0288543701171875,0.8110978144042795,-280086900.0,-1.703658934256399,4.37156315130446,0.9999999960504601,-0.29647599333158564,-0.006444866955478573,0.8817203820815015
SLB,2018-10-05,50.437736163063654,50.92804771436597,50.188560585753066,50.6386833190918,7358200.0,0.002384074163760659,0.014603206089564712,0.0039840637450199315,-0.0015908075380286393,49.75852165222168,49.36506729125976,49.78532312862866,0.025799945137672926,-1.2768498229980523,0.008698654564217203,0.9197624773041346,0.010233246451475985,0.052762190856166236,65.12684894475852,-0.0560553798265957,0.2675350164471654,1.5030975341796875,0.8815520069199592,-272728700.0,-2.0210685846819203,6.16892018835649,0.9999999958804607,-0.29380507539667644,-0.004234667358038332,0.7193652123912453
SLB,2018-10-08,50.01170953103643,50.70296796687049,49.90721619240338,50.59043502807617,4725700.0,-0.0009532493309621582,0.015729292978514383,0.011571799933785385,-0.012381320898582382,49.86622772216797,49.48402767181396,49.862000452385566,0.022358878375868706,-1.1005102157592788,0.0087232101931455,0.9180401278873985,0.010291004632825554,0.05226537988856431,64.44431788699686,0.008839644970812799,0.2659440329956591,1.0770606994628906,0.57382588026726,-277454400.0,-1.9012567146486041,5.7496982553249625,0.9776023414779372,-0.2978552323732482,0.0016768515819025338,0.7379166485795671
SLB,2018-10-09,50.791390408980035,51.16113542162079,50.07601918812546,50.727088928222656,6410500.0,0.00269753893850369,0.021391257736684675,-0.0012659917407185318,0.003972201084895581,49.91284866333008,49.59615631103516,49.94438983103672,0.022802827906562274,-0.9251232910156233,0.008690722304426949,0.926652240576122,0.010238450478423613,0.05310583824844702,64.07187032649276,0.07048375449647182,0.2620705140170545,0.46620941162109375,0.7946730070262953,-271043900.0,-1.8687204170305438,5.727973500343496,0.9999999945672116,-0.3170604259674482,-0.0021212592430817044,0.7253153974750793
SLB,2018-10-10,50.46183820969066,50.67082492500998,48.7658440795184,48.88641357421875,10393700.0,-0.036960549439773095,0.03896749027415277,-0.031220119824516578,-0.005228975762975809,49.9080265045166,49.59615631103516,49.843630187530245,-0.014310438340531062,-0.8260084533691412,0.012114908358355391,1.0070313478747306,0.011287188487219582,0.05310583824844702,45.654764556204654,-0.028857313339820223,0.13018355694461,-0.048221588134765625,1.2690813363712066,-281437600.0,-1.965745181141377,4.276612523147017,0.0,-0.24597869520349808,-0.030991839973501398,1.119758611987482
SLB,2018-10-11,48.484516645417784,48.69350334909298,47.14219147251176,47.51996994018555,12620400.0,-0.02834947437550195,0.032645472598865015,-0.019893911953093497,-0.008221035241024804,49.7432502746582,49.519796180725095,49.62232921159266,-0.04038437947605998,-0.7896404647827211,0.013600966006292639,1.090855138817446,0.011938835171591092,0.06454193737067147,39.8382465286442,-0.215363826600651,-0.04505836505297661,-1.6477622985839844,1.4811554759058734,-294058000.0,-1.5168766320836367,1.7127122904662304,0.0,0.16424405828981076,-0.02266555284938086,1.1890165940803687
SLB,2018-10-12,48.050472644358194,48.33983697746087,46.860866104210224,47.68877029418945,9737400.0,0.0035459040935744476,0.031012979871926954,-0.0075275503083154435,0.011163784506606449,49.6154483795166,49.44343662261963,49.43818074326854,-0.03548835696480374,-0.7681308364868187,0.013603104094926696,1.1419523617078526,0.01252446939182683,0.07253586278737066,38.213921553456245,-0.34556731927363415,-0.1402094861807678,-1.2780189514160156,1.1316557732179218,-284320600.0,-1.5173272981633126,1.7125803551480987,0.05263301863985063,0.11014422055238167,0.011251122495207624,1.0994103823981267
SLB,2018-10-15,47.745037965766485,48.315727062955105,47.31099144133721,47.865604400634766,7302100.0,0.003701228936557017,0.020990764332740205,0.0025252139280887613,0.0011798935311168655,49.4514762878418,49.38636779785156,49.28841156777961,-0.030793181702318956,-0.7316646575927734,0.013634391819549648,1.1402311259611342,0.01265318497006581,0.07774904092143746,33.296160899885024,-0.4295340891525754,-0.17934100484776722,-1.6397209167480469,0.8462871716002802,-277018500.0,-1.6004496611587402,1.8896096726675702,0.10777101213293347,0.1179032154669811,-0.004940743056906719,1.0868815900056323
SLB,2018-10-16,48.13888760441904,48.33179817283327,47.84148674989783,47.9700927734375,6310100.0,0.0021805739883253455,0.010221189799468863,-0.0035064132010820437,0.005709385835743253,49.27383804321289,49.33371925354004,49.16285739688989,-0.027640861073021356,-0.695260391235351,0.01365082944095226,1.0759284494961807,0.012530392350240293,0.08177404957484327,41.89198289180781,-0.48208978978397,-0.18551736438332944,-1.7763824462890625,0.73331346096969,-270708400.0,-1.6165817152280209,1.9176245607772502,0.14035114803268825,0.12025196369494356,0.019835167692689823,0.8901528047855298
SLB,2018-10-17,47.62445727980282,47.84951702500148,47.166298189243214,47.61642074584961,6484100.0,-0.007400074100845411,0.014348387070185644,-0.00016874804275444398,-0.0072052287925961685,49.00215797424316,49.25374221801758,49.01557771583843,-0.0332425801255974,-0.6641191864013649,0.013670042711775595,1.0592791591976796,0.012401059939627188,0.08765400691668043,37.21865078092932,-0.5459851609718811,-0.19953018845699244,-2.7168006896972656,0.7663727807119096,-277192500.0,-1.4805100292117517,1.5725589976817607,0.030073971599773635,0.1047373228075587,-0.0017608165123414806,0.8877590165235699
SLB,2018-10-18,47.278828054416394,47.67268567466125,46.684026423282184,46.96535110473633,11215300.0,-0.013767556100729293,0.021050822108713358,-0.006630387481670739,-0.007089837626290739,48.64688301086426,49.12754745483399,48.820318038590614,-0.044011892759057446,-0.6704807281494141,0.013818681549840285,1.08109632480319,0.012622788708195758,0.09705373488658948,34.6486749345616,-0.6417607632053901,-0.23624463255240113,-3.5527496337890625,1.2960682743338543,-288407800.0,-1.2483299955794602,0.924736384969604,0.0,0.13237498489314084,-0.013690003973231352,0.8982796688666079
SLB,2018-10-19,46.619731255333534,49.183815370541396,46.29017810531491,46.99751281738281,11347900.0,0.0006845622315029417,0.061570008533647934,0.008103469322467591,-0.00735903897816149,48.28276596069336,49.02064380645752,48.64671754133273,-0.04127099997018399,-0.6743026351928663,0.013791676144220751,1.202238776476617,0.014940961763574168,0.10473957391957665,29.144682244200297,-0.7069195085253099,-0.24112270229785676,-3.6411705017089844,1.393497731002712,-277059900.0,-1.347399183274396,1.141477427034174,0.008549695398809154,0.13623238631528095,-0.0030931213590035503,0.912917769373448
SLB,2018-10-22,46.98143191837527,47.11003793787953,45.148792307677894,45.6632194519043,13371500.0,-0.0288015336746025,0.042950226763300375,-0.02805815856701035,-0.00034216489434294405,47.79004440307617,48.82813606262207,48.36257486614907,-0.06481747750229028,-0.7268354797363301,0.014765002579313092,1.2717092075428116,0.015928491470962414,0.12120616719188078,21.267133271093158,-0.8563531015802255,-0.31244503628221776,-4.927215576171875,1.59635303499883,-290431400.0,-1.0349222364819128,-0.015319341936635776,0.0,0.059330905978938996,-0.006120991359915246,0.9520339244505129
SLB,2018-10-23,44.70669597717407,44.811189295055165,43.790377978146566,44.28068923950195,13516700.0,-0.030744474655749792,0.02305319394165963,-0.00952892465794441,-0.020947350760883235,47.1454044342041,48.52912654876709,47.973823854087435,-0.08754407118776114,-0.8752841567993173,0.015167286887888449,1.329697863630548,0.01613262246678131,0.14454561124521093,11.699296138101587,-1.073959003662985,-0.42404075069198177,-6.446399688720703,1.5669283488518753,-303948100.0,-0.87412908725515,-0.7273798510662877,0.0,0.3219767580967444,-0.008580814355944648,0.9830821242396645
SLB,2018-10-24,44.6182928752174,44.69867355519589,42.57667266311451,42.608821868896484,16957500.0,-0.0384873552400855,0.04980191422824567,-0.04503693164462254,0.007624173008903313,46.517645263671874,48.21283588409424,47.46287128406925,-0.11623489704422385,-1.0102878952026373,0.016145097269149002,1.4244299358307966,0.01714548554810134,0.18188422701861176,7.877031821646639,-1.365577446497916,-0.5725273548215302,-6.277591705322266,1.8939129531583923,-320905600.0,-0.9295766295461291,-0.6436858191650364,0.0,0.5211625261537698,-0.028144671898160216,1.0470262182636672
SLB,2018-10-25,43.22774468800417,43.60552626540774,42.41591964952244,42.84192657470703,9850400.0,0.0054558980064714074,0.027767346405649616,-0.00892524271348828,0.014525696603676528,46.04984092712402,47.896545600891116,47.02278131174904,-0.10553201619805425,-1.1899842453002876,0.01617244807097092,1.4565813277788249,0.017312171136956284,0.2074609490551101,8.968079438237297,-1.559896051144399,-0.6134767675744105,-4.678043365478516,1.0802588787368175,-311055200.0,-0.928010227201261,-0.6482097494329854,0.028713604001930782,0.37646474811852043,0.01237976512691553,1.0077176710579219
SLB,2018-10-26,42.24710907447536,43.275956993639035,41.668380586841465,42.5203971862793,11131300.0,-0.007533321372965148,0.03780718227430648,0.0064688002987889565,-0.013884004473851975,45.533003616333005,47.574225997924806,46.59398282360907,-0.10623039483324348,-1.3660895538330067,0.016161035045835374,1.5145688015167151,0.017946695673730195,0.23060756346139782,8.717335069322488,-1.7200124470110154,-0.6188745307528214,-5.168373107910156,1.1950135215071944,-322186500.0,-0.8949895104361486,-0.6877741164783665,0.0,0.37199808855172906,-0.015747773795015924,0.9723755134887327
SLB,2018-10-29,42.761541436544704,42.761541436544704,40.83244814284433,41.35491180419922,11125100.0,-0.02779269410364592,0.04664725928648925,-0.032894736370362845,0.005671260529598735,44.881934356689456,47.16670532226563,46.09502367890337,-0.12321813614831562,-1.5986634826660122,0.01620335679905062,1.5748528772456467,0.01870745967528794,0.2570510717041291,6.622162270960089,-1.9188316771350031,-0.6541550087014472,-6.510692596435547,1.1725819601072758,-333311600.0,-0.6883709293037106,-1.1590536869427892,0.0,0.3262197595356589,-0.004977887859330217,0.9413545899918768
SLB,2018-10-30,41.282578246037936,42.23908546636476,40.84853171598987,42.05421447753906,12235800.0,0.016768406293958128,0.03306574067903656,0.018691570737231846,-0.0017490923086417543,44.29034652709961,46.78209228515625,45.710184707344865,-0.10106170067808884,-1.8116306304931626,0.016945628707944093,1.534089227364978,0.01905150442974353,0.2711533318738864,14.642444543941977,-1.99694987292429,-0.585818563592587,-5.9158782958984375,1.246455575957765,-321075800.0,-0.546279107046935,-1.110434516438968,0.07461475208371739,0.15378499121138725,0.019651903786530447,0.9448925264485374
SLB,2018-10-31,42.480213799467904,42.60881981502487,41.18611710939245,41.24238204956055,13260600.0,-0.019493188644828446,0.03449613322341026,-0.02913901883240668,0.01012976528562591,43.6529426574707,46.32755031585693,45.28467969231779,-0.10976553328691417,-2.0581950759887704,0.01643088774000978,1.5111235562167948,0.01938165195752109,0.28362958657265863,15.534163993535898,-2.100157885271166,-0.5512212607515701,-6.3740386962890625,1.3111496066729156,-334336400.0,-0.40651290998246326,-1.1997334055145181,0.0,0.0440659817573343,0.005458238762592171,0.8715739639773626
SLB,2018-11-01,41.47546850519331,41.94970364996742,40.84047817876715,41.52369689941406,10799400.0,0.006797855757851533,0.026713071186489676,0.0011628173462274773,0.005651624470979097,43.10877723693848,45.87783012390137,44.92649085489838,-0.09490713080213652,-2.3003011322021436,0.016580937624237874,1.4847131703560537,0.0195988814059083,0.28743571319278605,16.56498401006607,-2.134644369768054,-0.4685661961987666,-5.441654205322266,1.0477037278496577,-323537000.0,-0.39976037020842653,-1.2239797062240527,0.029659835897490473,-0.023019524822288067,0.013652863436207958,0.8888766034457519
SLB,2018-11-02,41.973834070523274,42.02205941541377,40.76815138890696,41.314727783203125,8458000.0,-0.0050452325783881865,0.030350146153367643,-0.01570278965254252,0.010840488798471212,42.54049873352051,45.41163234710693,44.58251341949884,-0.09021707329498385,-2.561722526550298,0.01637987101250467,1.5025111992766906,0.019920027799095498,0.28600070381794396,14.596061365867612,-2.1540071646725494,-0.39034319288260955,-5.6827850341796875,0.8161985201697438,-331995000.0,-0.3609204208206311,-1.17323659583285,0.007627619334136644,-0.02848880102780855,-0.006829848133916102,0.884979501178445
SLB,2018-11-05,41.756810266452455,42.022058858463495,41.23434655152614,41.76484680175781,8644900.0,0.01083595878131109,0.01886065357012646,0.00019246046941987207,0.010700360548643434,42.15066146850586,44.97035293579101,44.31416421780922,-0.07128043087876239,-2.7976589965820367,0.016929090081877846,1.5237541195625421,0.019968786199209172,0.2759668366034356,17.671756241002086,-2.1087234251298597,-0.27604756267193586,-3.8983726501464844,0.8187516662901976,-323350100.0,-0.34265605073175287,-1.2549071972836177,0.05508496554825673,-0.029675294123760045,0.008751095597083015,0.9088865674912827
SLB,2018-11-06,41.7969930693809,41.98990361729468,41.39509890525224,41.861297607421875,6433500.0,0.0023067151813075102,0.014208941099259716,0.0015384967510516702,0.0007696967685689637,41.90872230529785,44.52706336975098,44.08055787396281,-0.05986843866600157,-3.0439136505126925,0.016914568174183176,1.508826271551696,0.019852832724593546,0.2569868090534954,19.191090791538926,-2.0415195942656084,-0.16707498544614752,-2.419391632080078,0.6092453586886476,-316916600.0,-0.3416927083183381,-1.251354322241915,0.08096716438899443,0.08846868643372645,0.0065452866374810965,0.9145372970207668
SLB,2018-11-07,42.27927427850777,42.55256249377398,41.55586646130415,42.05421447753906,9417300.0,0.004597891502746535,0.023700265118545134,-0.005323170863486533,0.00998479968312759,41.85326156616211,44.18545341491699,43.887572788589125,-0.048233949697536076,-3.2047873687744115,0.015939785563317602,1.5094003273438936,0.019436671732618083,0.2459700885473929,22.353050318017495,-1.9502124597128727,-0.06061428071472941,-0.5546073913574219,0.8959500864097635,-307499300.0,-0.5185162642029735,-0.9849982567232859,0.12066993663841488,0.001374921359248371,0.018372232988300426,0.88254875297245
SLB,2018-11-08,41.96579229881889,42.27123275423916,41.37099059038987,41.459407806396484,10936000.0,-0.014244783371086428,0.021713821095881467,-0.012066601502878279,-0.0021025759205988326,41.715009689331055,43.88242530822754,43.656318980761256,-0.05521612547191556,-3.308484573364261,0.015287416101241118,1.3670149629598076,0.019163419997570614,0.24274263049936814,20.68086395443943,-1.9038998527360533,-0.011441338990327843,-1.3825187683105469,1.0488412251378547,-318435300.0,-0.6009189063228358,-0.6372540491565222,0.032258485155005005,0.030735281815750963,-0.004898847726426858,0.8825829996309368
SLB,2018-11-09,40.75206880731121,41.22630404306611,40.189416364959946,40.51093292236328,13347100.0,-0.023142937029788875,0.025595255485557276,-0.005917144626156217,-0.01706100102510733,41.51406326293945,43.52353343963623,43.356758403770975,-0.0692177376051325,-3.451468162536621,0.01549668452847587,1.3176396637623005,0.019013834251108527,0.2395141048136146,21.561680812402486,-1.921579996392353,-0.023297186117301916,-2.0094642639160156,1.2583021203462166,-331782400.0,-0.37549110256107904,-0.9367174550473928,0.0,0.028428515866014786,-0.007191227737478034,0.899432286585462
SLB,2018-11-12,40.944976421079616,40.9530160214557,39.66695285389621,39.74733352661133,10256900.0,-0.01902912862446197,0.03235596085202685,-0.02925005700703513,0.010714231132325504,41.353305435180665,43.11761989593506,43.0130036535653,-0.07816494457388788,-3.6450207138061543,0.015419806872655137,1.2757269276052834,0.01928526462210876,0.23426210971707925,23.14290673266933,-1.974447525170028,-0.060931771915981425,-1.6075782775878906,0.9536893175899143,-342039300.0,-0.1828394555230647,-1.0010288039474176,0.0,0.031088160721940664,-0.019255407699902864,0.8845324973687855
SLB,2018-11-13,39.66695928092406,39.68303541807182,37.97900474113524,38.05134582519531,19044100.0,-0.04360630416342186,0.044782402303580784,-0.04072945053052507,-0.0020221292488326386,40.95301856994629,42.62168254852295,42.54046481276816,-0.10723032151826724,-3.9065733718872053,0.016879537951760833,1.2504646342763337,0.020119289312618225,0.2342350119964578,23.07695427939673,-2.1286595934117116,-0.17211507212613197,-4.00286865234375,1.671756643231414,-361083400.0,-0.1699412371876788,-0.9182685570829935,0.0,0.08410591941857991,-0.000983138086695124,0.9249170677378681
SLB,2018-11-14,38.750644125059885,39.28918403222159,38.05938550170511,38.42913055419922,17285400.0,0.009879326582862504,0.032001726627200536,-0.00829698649196763,0.018377754707470547,40.67169342041016,42.16231803894043,42.14890916909493,-0.08854322196643213,-4.153577041625979,0.017526536265729704,1.2539097479292611,0.020476673322987936,0.22489470841078035,24.369761677078685,-2.1950861118752627,-0.19083327247174608,-2.813251495361328,1.4486912423046607,-343798000.0,-0.21210641924627208,-1.0951412776392548,0.04222866943033044,-0.044753406358922936,-0.003448824345391945,0.9130801520651709
SLB,2018-11-15,38.26837092069273,38.88728843274999,37.83432439542508,38.64615249633789,16015200.0,0.005631442586683542,0.02724628376459186,0.009871901169455901,-0.004183275322343207,40.38393898010254,41.74635810852051,41.815313295499024,-0.07426289987077608,-4.3745381927490214,0.017872231510684837,1.214294578681214,0.020614637335642935,0.21153117082706357,27.221222900564754,-2.2048021624453327,-0.16043945843345275,-2.877544403076172,1.3157702315118722,-327782800.0,-0.3368355726153976,-1.1647146044540775,0.06648732032356841,0.01867596751059655,0.010498407032026374,0.9639397323939579
SLB,2018-11-16,38.80689995946581,39.18468145933764,38.36481698701255,38.75867462158203,11775800.0,0.0029073691834039343,0.02115305748531867,-0.0012427000851433661,0.004159468737363992,40.12833366394043,41.334416198730466,41.52420485036407,-0.06231469593678561,-4.601930389404302,0.017946111850544233,1.1350639485829792,0.019150041496454287,0.18648728423653713,32.578169236897054,-2.1783123782577363,-0.107159739396685,-2.5560531616210938,0.9657737454508176,-316007000.0,-0.34464541121775366,-1.184180634956482,0.09292440076455794,0.08748268580264991,0.0011517335748868292,0.9806568436016766
SLB,2018-11-19,38.5577321649821,39.53031543435326,38.477351481846334,38.83102035522461,9449600.0,0.0018648289474502045,0.027116566674644568,0.007087766185862697,-0.005184451185749305,39.83495101928711,40.99280624389648,41.26771108892221,-0.05273573796850626,-4.755936203002932,0.017534728030786092,1.1109503915924104,0.01863493521237591,0.16715281655990752,26.38390214370881,-2.1269630315152455,-0.04464831412335535,-2.933826446533203,0.7876616129158633,-306557400.0,-0.5682887311044487,-0.8605630431586294,0.12516159038319177,0.034915707363082596,-0.016041812709366252,0.8344224835280649
SLB,2018-11-20,38.18798596622715,38.34070772632627,37.24755499938486,37.69767761230469,12276800.0,-0.029620930134878213,0.02899787987429236,-0.012839335238996007,-0.016559811797758697,39.41858901977539,40.66365566253662,40.92770790067293,-0.07293928698507263,-4.869350013732912,0.017463131648231198,1.1224334380357905,0.018782267515967517,0.16527251705460064,25.19678986285969,-2.152902274596478,-0.05647004576367021,-4.1636199951171875,1.0286354417896555,-318834200.0,-0.5686271760988771,-0.842829786137365,0.0,-0.1437222931434761,-0.017183575081195158,0.8365795940037862
SLB,2018-11-21,38.26032438403603,38.5818409517846,37.93077128188791,38.292476654052734,9262500.0,0.01565495412137437,0.01700254793594777,0.0008403553951601544,0.014925236973953383,39.04241523742676,40.447838401794435,40.67673349623291,-0.05328743964834669,-4.873288536071776,0.016728220625857652,1.1063575714843366,0.017757722413987875,0.16755378225259165,28.34053316790846,-2.1012421879298273,-0.003847967277615272,-3.761737823486328,0.8019282641077687,-309571700.0,-0.6863658117910661,-0.4536730349313653,0.1156240774773928,-0.17225612018622175,0.0023207155534327967,0.7737253082408673
SLB,2018-11-23,37.13502492340237,37.46457804679654,36.813508334925864,37.27166748046875,8001400.0,-0.027019991837333106,0.01746822065881147,0.0036796139856706826,-0.03022660929213793,38.62364120483399,40.16932544708252,40.352441494731565,-0.0721360872845881,-4.916291389465329,0.01718682159682034,1.1224333066714836,0.01752375149564641,0.17299950062810204,25.55876150961079,-2.118254051962033,-0.016687865047856576,-4.187740325927734,0.6983343711966528,-317573100.0,-0.44826542563985533,-0.8840343614321128,0.0,-0.23990779323656922,-0.006915718605630941,0.8058739025811001
SLB,2018-11-26,37.78608922272483,38.212099135934395,37.19932409146859,37.48065185546875,11263600.0,0.005591396262354955,0.02702127616059677,-0.008083328376634186,0.013801951375683746,38.320613098144534,39.91733818054199,40.07893771956368,-0.061043306897177345,-4.9335724639892575,0.017407106986631254,1.138509216494944,0.017153781110735598,0.17474529730562083,23.32330629897919,-2.0907716699136287,0.008635613600438408,-3.0302810668945312,0.9824806248882415,-306309500.0,-0.5358981851154189,-0.909230969587133,0.04369729658507202,-0.28602251816314095,0.013129060788063468,0.8862620651271477
SLB,2018-11-27,37.416345896842806,37.54495190613029,36.6045210381298,37.1350212097168,11644400.0,-0.009264357034507155,0.02532463527325006,-0.007518764336357797,-0.0017157107852317467,38.05938186645508,39.70634365081787,39.79856471862588,-0.06475847949419815,-4.907127799987791,0.01669820271976298,1.1631967990633758,0.016353229597356526,0.18280246994317503,21.456326023581113,-2.072985106774283,0.021137741391827447,-2.6123123168945312,1.0134011695835181,-317953900.0,-0.668363295183974,-0.46795278287563324,0.0,-0.22102890763036084,0.002958886190746639,0.8422312115053652
SLB,2018-11-28,37.21540814994209,37.38420300455428,36.37946734680093,37.30382537841797,10630200.0,0.004535386180543812,0.026933850551816,0.002375823156893518,0.002164720460810227,37.98462982177735,39.468824195861814,39.56097049574893,-0.05485339027836655,-4.910262489318853,0.016051636238654916,1.1637710580121983,0.01614325947237844,0.18262131207232743,21.226899004425192,-2.021960143771281,0.05773016351586335,-0.7475204467773438,0.93164541874395,-307323700.0,-0.7642714920160856,-0.3517003564255588,0.034315417014047826,-0.17726292426242457,0.021367392233018635,0.7350280677338719
SLB,2018-11-29,37.40027102001646,37.496727829882346,36.82958202625152,36.89388656616211,13565000.0,-0.011050016846317434,0.01808282796214559,-0.013539593164534484,0.002585408885553358,37.831105422973636,39.25139942169189,39.30696250245495,-0.060061880347301144,-4.881245765686039,0.015790400579601734,1.147121317996594,0.015672231702058035,0.18737394584258155,21.713162853093863,-1.991642711697935,0.07043807647136768,-1.5352439880371094,1.1872716427629602,-320888700.0,-0.8564713523545002,-0.06700670798658678,0.0,-0.15683915332508325,-0.0013626928719096033,0.769419420044311
SLB,2018-11-30,36.55629493327811,36.61255987424094,35.913264846410506,36.2508544921875,16183600.0,-0.01758290838584065,0.019290442601322327,-0.00835534458971005,-0.009150340728635173,37.591575622558594,38.98775730133057,39.015904596715195,-0.07019903165986065,-4.880120048522947,0.015730667791174022,1.1264520521619557,0.015471756737080544,0.1922046094396609,22.567312095051506,-1.9964889607131155,0.05247346196494984,-2.3952980041503906,1.3838565179636866,-337072300.0,-0.6623778636091577,-0.31743111918047623,0.0,-0.14784575975828249,0.009987137257595063,0.682107616340552
SLB,2018-12-03,37.199324560551545,37.46457619285001,36.81350651319773,37.21540069580078,12790700.0,0.026259719583711306,0.01749463038095797,0.0004321620201212985,0.026164074796318312,37.43724822998047,38.782790946960446,38.84442803472335,-0.04041458112963651,-4.8466827011108435,0.017403703213250344,1.1212848045264572,0.015111856548466461,0.1886552844494202,34.10697943270529,-1.900590011810408,0.1186979286941261,-1.54327392578125,1.073838068372624,-324281600.0,-0.38504534591418227,-0.32094667619365996,0.1662047855700618,-0.21120521318640234,0.010314743537213065,0.8016460338315766
SLB,2018-12-04,37.20727058006911,37.28852566217931,35.76903330900308,35.85028839111328,12979400.0,-0.03737106140905932,0.042384382981780724,-0.03647088775393063,-0.00021846105589807077,37.13917503356934,38.487063026428224,38.55927187818906,-0.06851067418431818,-4.869148902893066,0.01833389162456599,1.1035107736478962,0.01590986149102175,0.1870263758499737,35.58512509343534,-1.9126942099180013,0.08527498446922621,-2.980731964111328,1.0702078055396946,-337261000.0,-0.2327650789221548,-0.6170218591290211,0.0,-0.3764799039916396,-0.032585835228625064,0.8145466231790213
SLB,2018-12-06,34.77770622418204,34.92396785608052,34.02202215926746,34.38767623901367,23678300.0,-0.04165336006877601,0.02622874807079246,-0.011214942775529233,-0.029918369281434206,36.80817489624023,38.113381958007814,38.16197705541045,-0.09775321757326635,-4.925365905761716,0.019615874504647343,1.1456842039921493,0.0161802173864391,0.1928493915655208,26.825198565906817,-2.0170560842732783,-0.015269511908840627,-3.3100013732910156,1.822786700553842,-360939300.0,-0.11688949820632291,-0.8729862314054385,0.0,-0.20910318759891838,0.00048324369323365696,0.791396638413316
SLB,2018-12-07,35.0702392925767,36.28096022851073,34.948353532024726,34.97273254394531,14196900.0,0.016870436356528462,0.03810416285920764,-0.00278032743996783,0.019849060134765513,36.47620048522949,37.759307861328125,37.858239482889964,-0.07379836854045553,-5.00020195007324,0.020273884029936986,1.2057070577187312,0.016641004910833607,0.18183479468966463,29.78869074229624,-2.0291635331978455,-0.02190156866672588,-3.319744110107422,1.073153253668321,-346742400.0,-0.09573218789473387,-0.9987928337897588,0.08273169004360952,-0.29240712274656483,-0.022964202446616518,0.5422542115697191
SLB,2018-12-10,33.957025083818706,34.875219490096,33.33135089654876,34.10328674316406,15376600.0,-0.02517492260881916,0.04527037540910051,0.004307257746646748,-0.029042839556511903,36.159362411499025,37.3915018081665,37.5006249362494,-0.0879401710547041,-5.066719093322753,0.020557196356356965,1.2643868559381215,0.017479620490926325,0.1785851049008883,26.355289681035828,-2.0848825552586376,-0.06209647258201434,-3.1683807373046875,1.143141770142757,-362119000.0,-0.03095475205493116,-1.1201116601595313,0.0,-0.34125500763492844,0.00119548722337821,0.5189202613478233
SLB,2018-12-11,34.395795160833664,34.53392939054849,32.93317920101776,33.510101318359375,19863000.0,-0.017546839803984006,0.04776918381484321,-0.025750061550628863,0.008577132751822947,35.76230735778809,37.04146022796631,37.120575067878924,-0.09533530503046313,-5.107626914978027,0.020405623312006634,1.3035144442969642,0.018288208698732492,0.18511674140362716,24.33301768989486,-2.15209734939031,-0.10344901337094914,-3.970550537109375,1.441753883473652,-381982000.0,-0.06338655843881409,-1.05638379328569,0.0,-0.3409802960616613,-0.0005700691117485465,0.4986503190133987
SLB,2018-12-12,33.8107600561434,34.566444187583095,33.62387086552799,33.67262268066406,13509300.0,0.004838198562302127,0.027992275237781247,-0.0040856039689719775,0.00897218229594855,35.41606750488281,36.737724685668944,36.79219865004894,-0.08343200432879694,-5.0947084045410165,0.02050619900096974,1.265862838110105,0.018162695756869632,0.19025969758789185,28.57754843655718,-2.1672685198863633,-0.09489614709360206,-3.4623985290527344,0.9691318037331084,-368472700.0,-0.23031071698368225,-1.0538635292978353,0.030543851705549876,-0.4316519582219664,0.003670431181780781,0.5090733775633598
SLB,2018-12-13,33.52636188403327,33.607620077454136,32.81130838002843,33.33134841918945,15276200.0,-0.010186775710396225,0.023890773556801463,-0.005816720153482922,-0.00434361166392837,35.01881980895996,36.501724815368654,36.46259386615756,-0.08685552291612117,-5.002405738830568,0.018838569769021336,1.2642307639069423,0.017478957781353235,0.2054444140080286,22.863178488352204,-2.1816807054366762,-0.08744666611513185,-3.9724769592285156,1.1108998163432342,-383748900.0,-0.22299842885629828,-0.8394837472479159,0.0,-0.3919415185676093,0.001846712826567661,0.5070230251012675
SLB,2018-12-14,32.957575729318734,32.98195164171984,31.5437139160651,31.771230697631836,18278300.0,-0.047937162863090806,0.045268555673606325,-0.03599612548660662,-0.01121384845191357,34.506554222106935,36.16882982254028,36.01579737391702,-0.1215853304208332,-4.964060916900635,0.020448482061078133,1.286278348478191,0.017975690258222383,0.23146220752153876,21.589420806286185,-2.2925636809586294,-0.158663713309668,-5.122655868530273,1.3244338750394904,-402027200.0,-0.18896173281268572,-0.8144811294084318,0.0,-0.38177232624155916,-0.018215758422885687,0.6662926511675942
SLB,2018-12-17,31.689957567475453,32.421265520443804,31.535571710596315,31.7305850982666,20140600.0,-0.0012801399269137647,0.027912936591133728,0.001282031719501135,-0.002558073085989737,34.054527282714844,35.82305145263672,35.60768191909317,-0.11424114329793911,-4.934088973999025,0.020240189467913467,1.2772011174340254,0.017982541285249138,0.24888469949866948,19.774424918292354,-2.35655410924047,-0.17812331327320674,-4.520269393920898,1.4378840460309086,-422167800.0,-0.15761481321125223,-0.7358574663709764,0.0,-0.4202029546619146,-0.021531649378876316,0.5350535112799042
SLB,2018-12-18,31.673718167496904,31.68996980602607,30.609259091459855,30.74739646911621,20384400.0,-0.03147572233564275,0.03514803979100216,-0.029245751745409887,-0.001792180339366126,33.40772686004639,35.422487545013425,35.144797590523936,-0.13198087994120408,-4.936827144622804,0.020553027266037693,1.2901221987773301,0.018358102940627435,0.26963851216800616,18.532258673759245,-2.4582647444448966,-0.22386715878210683,-6.46800422668457,1.411902581741765,-442552200.0,0.04601368426294644,-0.8654906443666935,0.0,-0.4614276643213252,0.001119665284144217,0.4921895608908703
SLB,2018-12-19,30.7798988573165,31.657465614767435,30.31673802150125,30.706768035888672,25769400.0,-0.001322235505894024,0.04366228291102478,-0.0023759279316294575,0.0010570777344655962,32.893374824523924,35.01627492904663,34.7221281091301,-0.12307154035917012,-4.945366420745849,0.0204576178486365,1.3141216227425325,0.01891152849222558,0.2818310112492609,17.084839314433623,-2.5131791656238462,-0.22302526396884526,-5.143520355224609,1.6894056654426877,-468321600.0,0.06381728710677613,-0.8216275527150945,0.0,-0.4567434416462809,-0.016578302473788557,0.49987530866556595
SLB,2018-12-20,30.341114710008902,30.901782288936992,29.301034644861225,29.414793014526367,24543700.0,-0.042985375931507336,0.05441981669853141,-0.030530245982589462,-0.011907906603925572,32.39608650207519,34.60213069915771,34.216667623929744,-0.1499138226409166,-4.93326473236084,0.021233416540288635,1.3808074684885998,0.019838837062303674,0.3097419123744786,15.702744918167454,-2.630626600837118,-0.27237815934569376,-4.972883224487305,1.5468515381888368,-492865300.0,0.017098796015302915,-0.9257192333184314,0.0,-0.43350784960309496,-0.014116740737429086,0.5342673737885113
SLB,2018-12-21,28.821617611412098,29.80481833660616,28.626601080123407,29.008506774902344,30594300.0,-0.013908587522431582,0.04061626700144823,0.00648433984552783,-0.020165887375829313,31.799663925170897,34.137932205200194,33.720652304974756,-0.1502558912902314,-4.999905090332035,0.020193246074023393,1.3949214353979678,0.020437547424791484,0.32896959781011265,16.05126844299231,-2.725075469753854,-0.29346162260994335,-5.964225769042969,1.8067359515610066,-523459600.0,0.11046157938127045,-0.6112897262489726,0.0,-0.3840249979846704,-0.017727783540298706,0.4680995595557581
SLB,2018-12-24,28.80537106402096,29.154773548693957,28.439716940562807,28.59410285949707,14037400.0,-0.014388621196087057,0.025007135619701915,-0.0073343337273572605,-0.007002625555932893,31.2487455368042,33.70405397415161,33.23240950064355,-0.15161235851845828,-5.055265979766844,0.0199600336988059,1.3593025002171562,0.020573550953140826,0.35176387671697784,7.389721027878352,-2.801076742416061,-0.2955703162177201,-5.509183883666992,0.8144580312516227,-537497000.0,0.0274380351761184,-0.49741677932062606,0.0,-0.36353808616960226,-0.029276540822750555,0.40320487896547974
SLB,2018-12-26,28.77286911129769,29.764197425055926,28.431593980144832,29.74794578552246,19950500.0,0.03955957754041577,0.044796486268965714,0.0338887536885192,0.006251857338522738,30.872529983520508,33.3174186706543,32.90055581348916,-0.10713533723654885,-5.083084793090819,0.022950343452502738,1.345953292483932,0.021168271710012745,0.35413459615123766,19.19621718453608,-2.736656346643219,-0.18491993635590198,-3.762155532836914,1.1290854750048247,-517546500.0,0.4677396955426058,0.05327632560702611,0.13247757574297228,-0.32923719757982695,0.04845156911923087,0.6179645111999157
SLB,2018-12-27,29.33353919801558,29.634189905189928,28.45597228705546,29.520431518554688,16779100.0,-0.007677462918844773,0.03991193751330886,0.00637128439488651,-0.013930595090319232,30.45731086730957,32.93668918609619,32.57863921397159,-0.10372195117242178,-5.096910820007324,0.022960304598643705,1.307646668671159,0.021591069536688823,0.35490157959527624,21.93081606873602,-2.6731468459337933,-0.097128348517181,-4.152191162109375,0.9360022915993194,-534325600.0,0.4558927493430349,0.03926927143545184,0.10635570260495839,-0.26703500932973134,0.009818247781990537,0.6108473649159255
SLB,2018-12-28,29.674815114204144,30.194855183288627,29.528553457313716,29.739818572998047,15785500.0,0.007404223113563216,0.02240436418061651,0.00219052615976666,0.005229720153393433,30.09815788269043,32.558488845825195,32.308275343402684,-0.08657251527165309,-5.110505676269533,0.02307297644371508,1.2205852169023648,0.021488798019914067,0.3458234479863525,18.493187496468693,-2.575424516579833,0.000475184669423534,-3.5915298461914062,0.8680930768676608,-518540100.0,0.4405450134640797,-0.029120164968791398,0.13289364709655516,-0.25874073298176553,2.765154803568188e-05,0.6199385682251319
SLB,2018-12-31,29.788570642872518,29.910456378518475,28.650980775786987,29.317285537719727,19349800.0,-0.014309548412512805,0.04296017109466161,-0.015821004330919625,0.001639286055320288,29.852763366699218,32.179658794403075,32.02341917143288,-0.08894977025614682,-5.123353023529056,0.023084028127052746,1.1933062137120032,0.02212086072795564,0.33667546639186724,19.545028091353643,-2.5032182098822133,0.05814519309363497,-2.4539451599121094,1.047444020710916,-537889900.0,0.4629951619702028,-0.020262711567517747,0.08388327269457614,-0.260334723699002,0.008226213440227647,0.5999489933011217
SLB,2019-01-02,28.837875251099618,30.674267096175594,28.715989506208402,30.227357864379883,15926100.0,0.03057011169582171,0.06478494080605171,0.04818255856860614,-0.01635247867689857,29.702440643310545,31.878483963012695,31.852365713618305,-0.051794373300453875,-5.089767990112303,0.0248681770716903,1.2188438851717507,0.023687742969947703,0.3215941550445274,29.920562050616752,-2.345521251683188,0.17267372103412892,-1.5032272338867188,0.8627134458891226,-521963800.0,0.3313918702788672,-0.56486610427476,0.1894442152445821,-0.24601220438579932,0.002706240387734218,0.675360831544268
SLB,2019-01-03,30.31674238626551,31.35682257437446,29.951088226482373,30.552383422851562,20007900.0,0.010695295829522156,0.04601062799050469,0.007772637098793498,0.00295707359825049,29.682939338684083,31.545333099365234,31.728557876402427,-0.031476912080337226,-5.09401626586914,0.023916236869167953,1.2438004193623482,0.024361945162079318,0.28482482420327776,31.286562551619397,-2.169311952114324,0.2791064164823944,-0.19501304626464844,1.0630436151314453,-501955900.0,0.3258450335740388,-0.3310964962782871,0.26987741040016366,-0.06463461532789813,-0.022748628651279943,0.5262041928177807
SLB,2019-01-04,31.1211645724589,31.876848466097375,30.90177217433656,31.763090133666992,19506600.0,0.03886222835699655,0.030698407732290857,0.02062665616877894,0.018616588491159013,29.788571548461913,31.34097318649292,31.731846662808575,0.01346853349646437,-5.0203735923767105,0.025399660464613213,1.2768826152630752,0.024076878102552858,0.25616949871093025,41.482715034722,-1.9099541370353208,0.43077138524911796,1.0563220977783203,1.0187440315923144,-482449300.0,0.262912725774159,-0.4787881498376762,0.49681317555212656,-0.06619116485389799,0.033889962067031265,0.6166884666632361
SLB,2019-01-07,31.86061809173556,32.884449966118524,31.649352919068367,32.64067840576172,15736900.0,0.027254386324118935,0.03783919659072216,0.02448352733710779,0.0030704807894366077,30.11116008758545,31.253623294830323,31.81840206689935,0.04438061781978505,-4.874923267364505,0.025032887497421025,1.2374156541149186,0.02436757288236449,0.24354135544183833,55.10011915617291,-1.6149806689056447,0.5805958827030353,3.2258853912353516,0.8392733575547482,-466712400.0,0.11523738348066685,-0.5781738328898243,0.6343957464385588,0.12871331753405468,0.008566372530997646,0.6705123492126204
SLB,2019-01-08,33.12820566796634,33.31509485249399,32.68942074793642,33.04694747924805,13070200.0,0.012369886973613657,0.01893288646252334,-0.002452840021965567,0.014936186562794124,30.51500415802002,31.15733404159546,31.93540639188494,0.060647468590538885,-4.779975032806394,0.0248676734196322,1.2223244138924032,0.023979296056291698,0.2242989824492684,57.40409477972552,-1.3330628328119047,0.6900109750374201,4.038440704345703,0.6991546616640696,-453642200.0,0.13294732466478654,-0.5107259899597045,0.8082584835967599,0.208664893621288,0.008768842755355876,0.7901103756378968
SLB,2019-01-09,33.52634985152886,33.81887304349205,33.10381979611763,33.510101318359375,17909200.0,0.013917723926967003,0.02133843883613268,-0.00048464963354032385,0.014506706635517811,31.00660400390625,31.127674770355224,32.08537733726346,0.07653724750019171,-4.62299779891968,0.024547954257608116,1.1973672394236357,0.023372451222162305,0.21830930558530848,66.50482261839133,-1.0600486910679052,0.7704200934251357,4.915998458862305,0.9515581597498953,-435733000.0,-0.06439933577662621,-0.41084855975030665,0.9679982794775576,0.1973046664301056,0.003883851853415441,0.8043408176723881
SLB,2019-01-10,33.258218916305566,33.99765145755599,33.11195726202014,33.843265533447266,13299600.0,0.009893104026876449,0.026170470892075033,0.017591038732830876,-0.007516611175264003,31.41613597869873,31.14433298110962,32.25279526070954,0.08665886516094802,-4.432796955108643,0.02432309163879054,1.1648648538714688,0.0227643252307486,0.2215349727466687,68.1050887601066,-0.8074911931581283,0.8183820730679303,4.095319747924805,0.7191791377702073,-422433400.0,-0.22969073453905556,-0.26970821704859316,0.9999999980949342,0.2163548574884763,0.006583500739304797,0.8080164768262421
SLB,2019-01-11,33.40447377940635,33.94076536952952,33.06319562222835,33.91638946533203,13330500.0,0.0021583333112545613,0.02587450377635832,0.015324764260806043,-0.012965408246649721,31.855731773376466,31.156521320343018,32.41123280400692,0.08858075382077439,-4.271838169097897,0.0243068167175994,1.1132092898161405,0.022733357096202788,0.22395898147403479,80.24018063133326,-0.5945830826436094,0.8250321468659596,4.395957946777344,0.721198713901517,-409102900.0,-0.21197695771585615,-0.26704528906253644,0.9999999981211083,0.22228227268929038,0.0015512467149099095,0.8074508991384128
SLB,2019-01-14,33.39635408090005,33.778259866004646,33.30697471175608,33.57511901855469,11804200.0,-0.010113075349422275,0.014036738156851273,0.00535282795306308,-0.015332863923016837,32.23926181793213,31.16870985031128,32.52207911015433,0.07720592798997017,-4.090067729949951,0.02430511962530174,1.0725805396085122,0.02258308993409914,0.22602310393085576,80.94726109591322,-0.4482227116684001,0.7771140142729351,3.8353004455566406,0.6446785700437079,-420907100.0,-0.21241880216148837,-0.26604879553879107,0.935878978076455,0.19424355991407544,-0.003258191783197688,0.8150499252177462
SLB,2019-01-15,33.9976532257421,34.29017654952681,33.66450235136138,33.900146484375,9398400.0,0.009634048190627877,0.018456386271186627,-0.0028680432946256718,0.012584741902296907,32.697547912597656,31.27515563964844,32.65332362198487,0.08393214329519699,-3.836777229309078,0.021636247064514575,1.0725806055257245,0.02191487485848079,0.23802272621672038,86.39921263778119,-0.3025168372871292,0.7382559109233648,4.582860946655273,0.5260431490385624,-411508700.0,-0.11767310144243716,-0.06090848444239764,0.9969481179557853,0.1826495541728233,0.006232123885723237,0.7225013939079197
SLB,2019-01-16,33.7213750665838,33.91639161155221,33.477606710135426,33.51823425292969,12481600.0,-0.011329738642264702,0.013090931285511526,-0.006024096385542069,-0.00527347036313234,33.026635551452635,31.36453809738159,32.735696063027234,0.06866659884680062,-3.5872855186462402,0.02186564467591096,1.0087364238475593,0.021667582918403802,0.24561160753284902,78.92768156438478,-0.21537826086682088,0.6603155898749385,3.2908763885498047,0.7139169943371562,-423990300.0,-0.05517508479565876,-0.2003739559189876,0.925190946835192,0.1622698622992992,0.0021238936555150086,0.7660581963841683
SLB,2019-01-17,33.225715501168956,33.91639622127606,32.93319219379967,33.615745544433594,13889800.0,0.002904977788362852,0.029248318356550562,0.011738800425559396,-0.008727152795501554,33.33297176361084,31.50795555114746,32.81951029935165,0.06689707270484489,-3.2898884201049796,0.020356747112434844,0.9866814616339443,0.021526241481662226,0.2518015444542759,82.06103997797219,-0.13687416479513104,0.5910557487573027,3.0633621215820312,0.8094980136707476,-410100500.0,-0.0751358696417648,0.3196504288770291,0.9435122621912251,0.14875462325153682,0.008982135356589437,0.7535192420228175
SLB,2019-01-18,35.63089460592757,36.51658860612748,34.94021713499261,36.345951080322266,26638600.0,0.07808823611806764,0.043371308888057104,0.020068440108032985,0.05994658243799284,33.79125785827637,31.789914703369142,33.15536180230123,0.14331703684849045,-2.8995513534545907,0.02651448450942061,1.1457114185596546,0.021557487641932015,0.2827158602349559,87.12326517732694,0.14398588672560209,0.6975326402224287,4.582860946655273,1.5485761971213223,-383461900.0,0.8508720371798115,1.9663215535591567,0.999999998709985,0.07818667100211797,0.015366346188247386,0.913564863287125
SLB,2019-01-22,35.66340813137571,35.97218309995657,35.20024722834617,35.72028732299805,21523500.0,-0.017364010981351596,0.0216105728554259,0.0015948894007215013,-0.018779064205478566,34.09921875,32.105189418792726,33.39964042331997,0.11260166875356382,-2.46145643234253,0.02451134625099861,1.1375848649342692,0.02054724051187344,0.2911252700920578,85.17864309838757,0.31248157167210167,0.6928226601351426,3.079608917236328,1.2623024417650945,-404985400.0,1.360605362875392,2.3884876435616995,0.9192884395186854,-0.24622119979779766,-0.014694986411869327,0.8364352808516098
SLB,2019-01-23,35.801545988077855,35.90717700263766,34.7045834932823,35.19212341308594,13765800.0,-0.01489650884203273,0.03417223494130463,-0.017022241866171343,0.0022748603432282814,34.31373634338379,32.41437025070191,33.57035308901197,0.08569511426259717,-2.0150337791442823,0.02456212599503472,1.0836074306048527,0.020341559451713245,0.2855944306749663,78.47165541312863,0.39880008334178996,0.6233129374438647,2.1451759338378906,0.8492395845414681,-418751200.0,1.3519635141534188,2.363975164994549,0.8511545062701129,-0.23448719941742094,0.0012180671566990422,0.8273405688159686
SLB,2019-01-24,35.33837305477908,36.06155376841641,35.09460162798148,35.3952522277832,10990900.0,0.00575540239503388,0.02731869614071929,0.0016095583380692057,0.004155749284476649,34.50225143432617,32.75442771911621,33.74415300699018,0.08062496256424445,-1.5536931991577205,0.02391999545662049,1.052265844357913,0.020395621392361347,0.2712619847780207,78.16640139011716,0.47808782461620325,0.5620805429746224,1.8851509094238281,0.6844827269452057,-407760300.0,1.3847351481799086,2.6459688116376747,0.8647397780668277,-0.1590486032820495,0.001809924787035224,0.8628516834670045
SLB,2019-01-25,35.752786254882814,36.60597712511954,35.736534616441354,36.56534957885742,15921400.0,0.03252336586875582,0.02377777099609371,0.022727272727272686,0.01010118602344547,34.77445983886719,33.09529790878296,34.01283839478706,0.1048502926197732,-1.1339113426208485,0.023500657336431995,1.0441415482215215,0.019712047796010768,0.27295584804887707,78.06277593065468,0.6281006547645731,0.5696746984983938,2.7220840454101562,1.004138553890127,-391838900.0,1.446288658967271,3.0884396535193206,0.9999999986203213,-0.12052301257104288,0.010712794818504288,1.041122211328746
SLB,2019-01-28,35.9721717710288,36.19968846586496,35.56589018757424,35.94779586791992,11225300.0,-0.01703328791253496,0.017631074812470636,-0.0006776322337176077,-0.016222402210304798,34.977600479125975,33.41666612625122,34.19712005889495,0.0757445321476972,-0.7365523719787603,0.023965091133280204,1.027310287095309,0.019092097612767065,0.26080599283723704,69.93141013173098,0.689210688284497,0.5046277856146542,2.0314064025878906,0.7205825617903093,-403064200.0,1.3655237410193173,2.8175368212715615,0.9147974249978427,-0.18094704376139567,-0.009135611769668817,1.1689757264657168
SLB,2019-01-29,36.30533576100292,36.43534579104612,35.62278232835524,35.75279235839844,8097500.0,-0.005439397225133404,0.022727272727272763,-0.015219344237493455,0.009946086664024698,35.19536781311035,33.71731481552124,34.34527932551433,0.06036890998034622,-0.3899326133727996,0.02421334678497999,1.037177931092352,0.01909718498068786,0.24392927326058406,66.73377593682072,0.7136788312994256,0.4232767429036661,2.17767333984375,0.5329515081589792,-411161700.0,1.3969485743408214,2.750660029451439,0.8878932050370828,-0.14411734076786653,0.0017434807662010834,1.1812009014958014
SLB,2019-01-30,35.89092053211061,36.60597712511954,35.704031339558426,36.56534957885742,7961500.0,0.02247268513766845,0.024666680230034724,0.018791076872587208,0.003863423374810293,35.46188812255859,34.079718017578124,34.55671458773749,0.07293580187480495,0.009746208190918537,0.02371168734144198,1.0464650897578598,0.018508122753590744,0.2195040638173551,68.1118649602469,0.7895353161334953,0.39930658219018866,2.665203094482422,0.5444030558779837,-403200200.0,1.2960431531583043,2.685829940263165,0.9999999984222132,-0.11842495670632744,0.01617478679919538,1.2205554477790306
SLB,2019-01-31,36.565361184794426,36.57348545675228,35.533405063839254,35.92343521118164,15458100.0,-0.017711185238222033,0.02895269861578515,-0.01755557590060749,3.174025994009315e-07,35.70240821838379,34.36452188491821,34.68687845663693,0.04536403362409648,0.34900442123412745,0.024076558816949423,1.057492675284801,0.01670560985709335,0.1951182079043465,61.89601912773347,0.788762637415303,0.31882712277759706,2.405200958251953,1.05871052248581,-418658300.0,1.4423345022703689,3.07040758022084,0.893244970958788,-0.14922391700443055,0.012314205389955292,1.1209709870053408
SLB,2019-02-01,36.0778222944507,36.54098326271718,35.91530896706087,36.20783233642578,8583700.0,0.007885584396915543,0.01728008155370488,0.0036036000430957507,0.004297670374825463,35.961616897583006,34.64729433059692,34.831731207093014,0.04504068891898303,0.6827937126159611,0.024073653964960532,1.0395001430244537,0.01570091956887345,0.16887702482333664,62.79505688130926,0.8018554645083782,0.2655359598965378,2.5920867919921875,0.61182501506629,-410074600.0,1.4624611394124627,3.1158742422092427,0.9255522830934874,-0.1544616511196521,0.00017354628088072746,1.58697181352102
SLB,2019-02-04,35.931561635922435,36.28096421489965,35.65528990137497,36.240333557128906,12786700.0,0.0008972269341149483,0.01726458484545595,0.008593334304117128,-0.007630136428394045,35.95105514526367,34.87115650177002,34.96588381185834,0.03926388433057538,0.9584696197509714,0.022996612679853826,1.0406615401636483,0.015315720174093779,0.1531566977772637,65.41363800420226,0.805568113432173,0.2153988870562661,-0.10561752319335938,0.9337672077682608,-397287900.0,1.815803682614398,4.917636656031468,0.9171864300050356,-0.23369466176471096,0.006821536877412863,1.9425239840953665
SLB,2019-02-05,36.240330268647476,36.784749416597556,36.06969268035655,36.679115295410156,10662700.0,0.012034842313671005,0.019494928666681382,0.012107644260137593,-9.074092613112361e-08,36.04693794250488,35.073078346252444,35.129048715053756,0.045791160197072266,1.180762710571294,0.02251564873600379,1.0406614833971395,0.014666006257222726,0.14649686453837601,65.86279549625428,0.8342991523842826,0.19530394080670055,0.9588279724121094,0.793358015946476,-386625200.0,2.004447298431171,5.943220979944766,0.9999999972468233,-0.25721864809792894,0.0048425019565634265,1.8937055622745835
SLB,2019-02-06,36.540979239575606,36.74412010152622,36.38659020069566,36.62223434448242,6945800.0,-0.001551975853767122,0.009762645759608866,0.002223670700614752,-0.0037660683667535525,36.18994903564453,35.25184268951416,35.27125687023744,0.03887432685542673,1.392931900024415,0.022524965977720347,1.0348575547838383,0.01450288721527,0.1401981065854329,68.40092138595045,0.8427640312341822,0.16301505572528008,1.4301109313964844,0.5288516446952658,-393571000.0,2.1019712710944143,6.242792558537071,0.9820508962219285,-0.2682832120450205,-0.00022326379138370194,1.9033611116818774
SLB,2019-02-07,36.31345947730725,36.45972114633306,34.858973257058345,35.31400680541992,12647300.0,-0.03637587311510286,0.045328979464007886,-0.02752292638248628,-0.00843134977158199,36.1818244934082,35.342037963867185,35.27532829263577,-0.0007931392772516722,1.5222803878784177,0.024204751936959073,1.090575916208673,0.015441826553637215,0.1319202603974759,58.80377266404551,0.7354318787129159,0.044546322563211005,-0.08124542236328125,0.9826469458212855,-406218300.0,1.7486969266903485,5.197499625379284,0.5681240523369332,-0.22843105483847098,-0.010369742625753091,2.049971573181628
SLB,2019-02-08,35.20025203210505,35.34651371614657,34.31455765637976,34.76146697998047,9173500.0,-0.015770175979135184,0.029686781065975186,-0.012465395183090661,-0.003221236659483646,36.00143623352051,35.38794803619385,35.22638912000193,-0.01770323206004007,1.622574157714844,0.024487338402161007,0.957083987499596,0.015547239164016314,0.12667129287561654,39.390673075400365,0.5988814953211659,-0.0736032486628313,-1.8038825988769531,0.7243567371059211,-415391800.0,1.8363975245812363,5.276003278539749,0.3933184154700055,-0.14716824357022212,0.0015216796752679032,2.0659839123191945
SLB,2019-02-11,34.51769170206776,35.54152328754382,34.50144006265095,35.500892639160156,9541800.0,0.021048338317197626,0.029297382335270575,0.02848397122202411,-0.00701280179150966,35.95674591064453,35.467173194885255,35.25253231230272,0.0009507226327178402,1.734481887817381,0.0248794162452428,0.9495396569936513,0.01566043809766055,0.12020336121739553,48.55302942246469,0.5440582390334612,-0.10274120396042885,-0.4469032287597656,0.7648795722292073,-405850000.0,1.651682343463653,4.435860697586592,0.6272486541923488,-0.17281021203822336,0.0016535667210741513,2.0503057606158763
SLB,2019-02-12,36.051612569674816,36.462597659369116,35.95297702610706,36.216007232666016,8981100.0,0.019943368912451406,0.01407169570041375,0.0045599808517159555,0.01551284741238237,36.00306739807129,35.59921760559082,35.344291828527794,0.017325932100775335,1.8882826614379908,0.024988667254623245,0.932333336340337,0.015660835690061565,0.11001811167965876,56.59029045353809,0.5519516298679576,-0.07587825050074593,0.4632148742675781,0.7281726968683491,-396868900.0,1.45628371953646,3.845241128966802,0.8534876621248619,-0.13622530120682455,0.011497825036072249,2.0451658124727867
SLB,2019-02-13,36.30641696465878,37.09551062527499,36.22422121080379,36.51190948486328,11036100.0,0.008137284782091572,0.023863156618319552,0.0056599504270699805,0.002496402527532545,35.99772338867187,35.72980575561523,35.455493510083556,0.021889392139366325,2.0265103530883763,0.02497313793520427,0.9260869972099118,0.015790309334784598,0.10215626992540623,57.10260704318512,0.5754506014393002,-0.0419034231435228,-0.053440093994140625,0.8888872780167909,-385832800.0,1.4686782479255087,3.885361756729871,0.947101514492087,-0.12247037671907146,0.005021843459820185,2.0465269795672967
SLB,2019-02-14,36.396836486364435,36.594110697936756,36.2653213905053,36.281761169433594,9671200.0,-0.0063233267459530855,0.009062109909605294,-0.00316168458689955,-0.0031516565450117485,36.03355598449707,35.86798210144043,35.53418566811689,0.011536168018120655,2.1640685653686518,0.024837694464854936,0.863091597930992,0.015739916851275827,0.08428293838051629,47.95123147686279,0.56894422521232,-0.03872783949640235,0.3583259582519531,0.7878704191366028,-395504000.0,1.4689492890981322,3.9671274543479385,0.8702885492184622,-0.1288768168089376,-0.0015076948093007787,2.0371050129736177
SLB,2019-02-15,36.684529156067335,37.07085299947445,36.55301405575627,36.94755935668945,8174900.0,0.018184424740753356,0.014015511517797152,0.007170057969208402,0.011101114544931793,36.10752868652344,36.034572792053225,35.66879268607618,0.025336405953939056,2.3360160827636776,0.0250328920596084,0.84806534355654,0.015352768370365907,0.06437603942516619,57.17273549316559,0.6104750482319616,0.0022423868185913465,0.7397270202636719,0.681845668287825,-387329100.0,1.3424606697060146,3.5305621880556317,0.9999999954256279,-0.18722987973573604,0.0109968660975444,2.083285378550041
SLB,2019-02-19,36.594119339534984,37.646240354863515,36.52836020829297,37.43252944946289,10039200.0,0.013040505144897251,0.029863868752972613,0.022911061259564675,-0.009565990915458877,36.22674827575683,36.08890171051026,35.83676761592253,0.03723105096770861,2.3587001800537166,0.017673895653410262,0.8698736781193733,0.014730149863479858,0.07276357789237867,61.56977737139014,0.6747435346568338,0.05320869859477073,1.1921958923339844,0.8996182590461853,-377289900.0,-0.21448417443139411,-0.5446221371172509,0.9999999962561714,0.022721752263518236,0.0010508805116433706,1.5070560056999813
SLB,2019-02-20,37.27634183497976,38.09831191412434,37.27634183497976,37.72842788696289,8565600.0,0.007873767889606708,0.021786491650467373,0.012127961858073128,-0.0041725102946622095,36.33167953491211,36.1893087387085,36.016925736973995,0.042529664199088,2.3922921752929724,0.01714960256842776,0.8641611276610496,0.01473329920447799,0.08231997148145234,58.624977793569016,0.7410113861617162,0.09558124007972246,1.0493125915527344,0.8148785544981427,-368724300.0,-0.3989734203108811,-0.16495852585064483,0.9999999966295477,-0.029655040474859548,0.002478735250985786,1.6528049891263308
SLB,2019-02-21,37.695556173067295,37.769533621002516,36.659871901974206,36.75851058959961,9527400.0,-0.026044086136609097,0.030187885777457905,-0.0248582506427425,-0.0008712717634056002,36.345307159423825,36.26762809753418,36.08755286579548,0.013535004019157405,2.4348959732055633,0.01789919757178337,0.8691312223835698,0.014566366691878937,0.07899117646970506,55.90534613081268,0.7071137488199,0.0493468821903249,0.1362762451171875,0.9250275617901109,-378251700.0,-0.4311970749350277,-0.36689487246562114,0.6730940061220134,-0.0433062437147863,-0.004430985114231328,1.7530192616932545
SLB,2019-02-22,37.05442029003122,37.103736498154724,36.322864135333326,36.46260070800781,5716500.0,-0.008082682366400067,0.021415706714795726,-0.015971632463580125,0.00805010038995791,36.46016654968262,36.32099552154541,36.12327170791094,0.0038987143504478033,2.4410771179199244,0.01802579301134242,0.8802167986096475,0.014388033281564107,0.07565307550876281,51.798699493888535,0.6488921478260323,-0.007099775042834211,1.1485939025878906,0.5696071041210697,-383968200.0,-0.3058911515109829,-0.51728046580831,0.5733589944816325,-0.012979776642391857,0.003953982073480259,1.7533702787481273
SLB,2019-02-25,36.43793833644633,36.99687515498033,36.37217921922628,36.816043853759766,6033300.0,0.009646627301500676,0.0169680354096561,0.010376698972983432,-0.0006763744517013241,36.66562423706055,36.333530235290525,36.18925000751558,0.013280119364800362,2.3874929809570276,0.01658182164857883,0.8801469144831741,0.014206508643092287,0.07639161110294584,53.888380179538615,0.6240770458785576,-0.025531901592247164,2.054576873779297,0.6323246127951069,-377934900.0,-0.5487513518017927,-0.47781647116193815,0.6924853178952305,0.08120658543953016,0.0005314056392966651,1.5489118430329594
SLB,2019-02-26,36.82426480693506,37.11195626197908,36.380400140684884,36.42150115966797,5853200.0,-0.010774432999671478,0.020085831116272043,-0.010937452502547764,0.00022329811448377655,36.75768508911133,36.35721549987793,36.21136916486343,0.00176816785626098,2.3562006759643594,0.016296659760567916,0.8813254419869736,0.014259957957535048,0.07570382987253535,48.2495992833756,0.5660495340448293,-0.06684753074078054,0.9206085205078125,0.6312187562514457,-383788100.0,-0.5894139758958242,-0.2826580829008399,0.5595065881002083,0.03684361325330641,-0.001397345606803314,1.596455128471382
SLB,2019-02-27,36.495481057146144,36.80782750055336,36.23245082292548,36.45438003540039,7442700.0,0.0009023253626318118,0.015783471754810763,-0.0011261948207065785,0.0020312149450912235,36.78152236938477,36.39229488372803,36.23451305729552,0.0017059971587590982,2.328819427490231,0.01623112159222369,0.8968859260439247,0.014094308964073536,0.07401412788514285,48.855754668308755,0.5167584931048026,-0.09291085734464577,0.238372802734375,0.8054769881110787,-376345400.0,-0.6582936103026488,-0.1710135942942388,0.5705882560602505,0.06864367652887551,-2.5442089233261606e-05,1.5676735226875584
SLB,2019-02-28,36.54479342308102,36.61055254250446,35.6899436839807,36.216007232666016,8846900.0,-0.00656040697284778,0.02541994352412732,-0.008996799806982812,0.002480178996126877,36.75193214416504,36.374827766418456,36.232750597807,-0.004366220914427653,2.2224567794799768,0.015480403401374842,0.8366964811224733,0.014111058775103739,0.07402829672612216,57.19888497566822,0.45323567627435324,-0.12514693934007615,-0.2959022521972656,0.9528794852863167,-385192300.0,-0.6092358112677434,-0.09784429741595321,0.49024584191857234,0.16429959491191168,-0.001978246799600704,1.5398437891147652
SLB,2019-03-01,36.3475199078281,37.14482879638672,36.3475199078281,37.14482879638672,8811700.0,0.02532335368823334,0.02146486911890617,0.02193571640047174,0.003631341089513141,36.838238906860354,36.43589744567871,36.31961518814793,0.019456947691900078,2.1752415847778366,0.015962170978556352,0.8293297314048945,0.013878134178373459,0.07524202580953054,67.94391063198188,0.4723960365327784,-0.08478926326532088,0.863067626953125,0.984320377477152,-376380600.0,-0.6835914742712943,0.22321031573336775,0.803300711770168,0.1494880732946524,0.005706457164613014,2.4269915884545292
SLB,2019-03-04,37.34210919485142,37.53116197854634,36.63521426895092,37.185935974121094,6946300.0,0.0011060610516270741,0.024093724848527273,-0.004182228162726712,0.005311113413555139,36.86207656860351,36.484802627563475,36.402121929669185,0.01921713415075261,2.095375976562501,0.01589720759991264,0.8190343374550773,0.014062407544525108,0.07706435253550176,64.17712321134672,0.48530348924359856,-0.057505448443600615,0.23837661743164062,0.7831056701684687,-369434300.0,-0.6239421528580995,0.21368607458204628,0.8171556896025635,0.13944286170692557,-0.0027422157702296683,2.3652496024033254
SLB,2019-03-05,37.153051490594315,37.21058915037821,36.42149855714132,36.816043853759766,7391100.0,-0.009996900129973042,0.021433334781197792,-0.009070792931231137,-0.000884325825485854,36.800428009033205,36.51358814239502,36.441543065296855,0.008283374128700581,2.001975975036622,0.01610083968380086,0.806704735528501,0.014162599605209675,0.07714039142753727,55.35976415075052,0.4603785780424161,-0.0659442877158265,-0.616485595703125,0.8593887620539241,-376825400.0,-0.5090260883705435,-0.04848239445806083,0.6924853178952305,0.14175482149019208,-0.0017072953390936203,2.5351307779187264
SLB,2019-03-06,36.58589508698348,36.75028976696888,35.50911604743611,35.64884948730469,9948900.0,-0.03221685055899231,0.03481665572334341,-0.025612209225739882,-0.006251317161900463,36.59247016906738,36.46207485198975,36.36604843882141,-0.022303321135348993,1.8257815551757801,0.017423458081146904,0.8372350507938354,0.01466003154849343,0.07993835100921096,43.32915433705512,0.3424945120787797,-0.1470626829435704,-2.079578399658203,1.1616134785413426,-386774300.0,-0.3793849277577508,-0.4852316957014964,0.2990880339019566,0.1960838699476626,-0.007994481082829906,2.6648165767084064
SLB,2019-03-07,35.68994360153493,35.722823161170695,34.89263466155564,34.925514221191406,8086500.0,-0.020499245274453917,0.02377025845223861,-0.02141862113535662,0.0011527472785587385,36.40917053222656,36.3772388458252,36.22885470380903,-0.039907499048691446,1.6226054000854475,0.017935242507534515,0.8730492788069496,0.014938653292925168,0.08839981759944511,40.25976018427806,0.18853017122554405,-0.24082161903744487,-1.8329963684082031,0.9379175481572208,-394860800.0,-0.2431729795698905,-0.8132233431538889,0.055291338781025615,0.30010689137009366,-0.007428870020683986,2.635921029223167
SLB,2019-03-08,34.300817538599375,34.350136881515674,33.602144092907004,33.939151763916016,12739200.0,-0.028648361349485705,0.0220392304973259,-0.0105439403674962,-0.01788654216042981,36.156825637817384,36.30849609375,36.01078775715255,-0.06525592036960835,1.4469616699218761,0.017265207633231427,0.9112120143957745,0.013984003889602411,0.10420521748782627,29.345367612626248,-0.012929837957514678,-0.35382530257640293,-2.523448944091797,1.4767766918936214,-407600000.0,-0.1176932850037758,-1.0077605194942418,0.0,0.31133321722341856,-0.002737225012829135,2.6363540165253556
SLB,2019-03-11,34.350140276351866,34.78578354068065,34.06244878425889,34.5885124206543,9494500.0,0.018952348702360015,0.02091257200150135,0.006939480956546112,0.012109569363864049,35.934072494506836,36.29984836578369,35.875332963200336,-0.04714443784681207,1.3415026092529274,0.01755073108092564,0.8918371308382095,0.013699733878941694,0.10594364517115913,30.905042321570164,-0.11882067780036465,-0.36777291393540235,-2.2275314331054688,1.0985946620182692,-398105500.0,-0.31518142284802414,-0.9754928668922822,0.17136799587528195,0.25691759425922434,0.014547593411924936,2.335515644971242
SLB,2019-03-12,34.646039983569864,35.27895418326483,34.621378749085835,35.00770568847656,8230600.0,0.012046583813015151,0.018783734073594197,0.010438875700605635,0.0016631985271854228,35.79269294738769,36.27518901824951,35.792701794179024,-0.034940778093128566,1.2070977783203105,0.017077036300867605,0.8824422510857778,0.013347616114374036,0.10904825370912612,32.03036305559489,-0.1669895859102155,-0.33275345763620257,-1.4137954711914062,0.9596302603113382,-389874900.0,-0.34602468624941446,-0.8890362273959471,0.28199420866732816,0.22618912916821002,0.0014427357223971205,2.3268967322342347
SLB,2019-03-13,35.35294291145028,35.591315062368814,35.20499113510802,35.468021392822266,8822800.0,0.013063284890879776,0.010892175883794243,0.0032551315928699078,0.009861749468699296,35.694057083129884,36.237789726257326,35.761779851192664,-0.02124214360892155,1.0551344299316412,0.016698138719705005,0.8448670835760593,0.01329414243674084,0.11096709635204305,40.861502986609956,-0.1661054026193014,-0.2654954194762308,-0.986358642578125,1.0296268028797062,-381052100.0,-0.379398097643145,-0.8209630706302743,0.4034727412902788,0.2276604273646333,0.00810908073070655,2.3538659643898954
SLB,2019-03-14,35.46802051982049,35.75570887724935,35.38582160657801,35.418701171875,7934400.0,-0.0013915223365171632,0.010443275965326805,-0.001390530038684585,-2.4613771496113597e-08,35.61432647705078,36.18312931060791,35.729105691257644,-0.021126645298443013,0.8784457015991194,0.01656079223242811,0.8155110055653404,0.012980629657187335,0.11267517801825823,42.340196362732506,-0.16745410396131177,-0.21347529665459292,-0.7973060607910156,0.9430171342590694,-388986500.0,-0.30230760390972927,-0.7861718480169313,0.3904570044541227,0.23457785534367973,-0.0006816182440495431,2.3459363889548306
SLB,2019-03-15,35.098134692081715,35.47624030183778,34.80222486337939,34.84332275390625,14144900.0,-0.016378443091449296,0.019344178028567242,-0.007259985193257327,-0.009050768921132499,35.384175872802736,36.11120738983154,35.644745411509895,-0.035110557845327316,0.7142044830322263,0.016862552758856248,0.8190338271870792,0.013178131882002782,0.11761142880677838,35.9813821351991,-0.21250160298220067,-0.20681823654038545,-2.3015060424804688,1.6376093628618367,-403131400.0,-0.2266245234286672,-0.9751665196724036,0.23861311718742706,0.2607889966715104,0.0037764710659356888,2.2515419125058562
SLB,2019-03-18,35.098132358039464,35.87900476839378,34.909079565733535,35.64063262939453,13518800.0,0.022624833741232232,0.02721402879533341,0.015456670623410065,0.007313011044695729,35.229645538330075,36.045861053466794,35.6443537179751,-0.011242023695069672,0.5470931625366191,0.01717632151005761,0.8407571052723171,0.013551335920406664,0.11626463388942826,44.75141124731289,-0.1817704898914414,-0.14086969875970096,-1.5453033447265625,1.518160302536013,-389612600.0,-0.17869714380704027,-0.9740828305174284,0.449025303445065,0.12346396480392233,0.005596860270881251,2.4236151739151515
SLB,2019-03-19,35.98585608368201,36.158472217016815,35.418697747203716,35.55021286010742,8834700.0,-0.0025402091318363815,0.020809283835350398,-0.012105956922673626,0.00968623250538924,35.10306243896484,35.951745223999026,35.6353879219877,-0.011168647346320415,0.3772348785400439,0.016820139698012215,0.8524998047141185,0.013227168213555731,0.11126633024356561,43.96931096740575,-0.16283492145985434,-0.09754730426249111,-1.2658309936523438,0.9988919667590028,-398447300.0,-0.07469348831236688,-0.8279681001691039,0.42516328703022943,0.08926298140528778,0.0014250669491768628,2.4148058024287438
SLB,2019-03-20,35.53376657648225,36.65986472062081,35.410472944454156,36.40505599975586,9512500.0,0.02376152223161349,0.034319182922697124,0.024520041279560416,-0.0004626212419568009,35.17868309020996,35.88557662963867,35.708689643679904,0.014475993390841593,0.2357787322998064,0.01770659055743292,0.8759842988314682,0.01371355990362823,0.10217061004179895,51.16511875474907,-0.0779510783980939,-0.010130768960584527,0.7562065124511719,1.0698004744797058,-388934800.0,-0.03197637957404315,-0.988064103579171,0.7594912592263642,0.13843886215887136,-0.0028427904088080542,2.170074497380323
SLB,2019-03-21,36.25710551317802,36.48725616255582,35.98585384592494,36.3475227355957,6168400.0,-0.0015816147593270512,0.013794676470202716,0.0024937793885621016,-0.004064009311751453,35.32088394165039,35.865027236938474,35.769530890529026,0.013453091655826005,0.14921783447265113,0.016777665729562227,0.8454543526107666,0.013246825598888998,0.1004295973424369,44.49493318611645,-0.01514785971121313,0.042137959781036995,1.4220085144042969,0.7070694913223967,-395103200.0,-0.10494935551272071,-0.6859128481339785,0.7417711829114306,0.09593426014290703,0.012311687509545874,1.6151586032589793
SLB,2019-03-22,35.96120544160666,36.14203993520916,34.777569179876075,34.90908432006836,7892200.0,-0.040378960288401565,0.03908640922296227,-0.029257114955357093,-0.01062843530766178,35.417877197265625,35.7873514175415,35.687583598104204,-0.024541271222509386,0.04356235504150163,0.01888047597338624,0.893597627333924,0.013929389342361136,0.10206200773422372,36.82209274342223,-0.08051765759448415,-0.018585470481787214,0.9699325561523438,0.8935226907348619,-402995400.0,-0.3120819537475148,-0.613108906163941,0.2987363774027088,0.10970987523716542,-0.019453403425356553,1.7608585695024317
SLB,2019-03-25,34.32548294586982,34.974840322380366,34.29260651249796,34.90908432006836,6390000.0,0.0,0.01954315970098951,0.01700198581674313,-0.016717750853838323,35.44993438720703,35.692003440856936,35.61344080971984,-0.021935420971420254,-0.07310199737548828,0.018687823225094057,0.8859649999514606,0.013992722889642768,0.10080956444111883,38.469231940286114,-0.13081573106321542,-0.055106835160414785,0.3205718994140625,0.7219918840881011,-402995400.0,-0.24963396347804023,-0.5391797342532235,0.2987363774027088,0.09889729754938247,-0.0006423870346508054,1.754191662961092
SLB,2019-03-26,35.27896147145123,35.93654017704466,35.1556678158282,35.38581848144531,6500500.0,0.013564040964886136,0.02206738164403102,0.0030289159753342457,0.010595441232190672,35.487745666503905,35.6402193069458,35.59176249274132,-0.0071380263771528025,-0.15427471160888473,0.01891635191044519,0.8660027178552211,0.014048196774883516,0.09932730528018145,48.2646337841715,-0.13070220046802916,-0.04399464365218281,0.37811279296875,0.7318009474404698,-396494900.0,-0.4145788543365778,-0.5480282842917771,0.44556909834861785,0.10636466751259561,0.00889774455066869,1.7500341275744156
SLB,2019-03-27,35.36936854729056,35.574861049908925,34.84330824227825,35.08168029785156,5254400.0,-0.008632066622766908,0.02085284403197411,-0.008133824867536076,-0.000464873637538589,35.44911155700684,35.57158432006836,35.54318323608515,-0.013772341929128244,-0.2530409240722662,0.018978042926909904,0.8589573112849084,0.014165486088797584,0.0980193642052849,51.09064461471243,-0.1533855036733769,-0.05334235748602442,-0.3863410949707031,0.5988967870732943,-401749300.0,-0.33057140019701325,-0.6311712405121369,0.35189543143196034,0.09015737877781614,-0.005220661050504703,1.7365523247792045
SLB,2019-03-28,34.925515522058596,35.903658940900016,34.794000414184396,35.854339599609375,7419800.0,0.02178554314000689,0.030949071691386266,0.026594427130621538,-0.004451462257995948,35.492675399780275,35.553500938415525,35.57281717546841,0.008461576307631483,-0.31020816802978857,0.019660788753281262,0.8436921968871383,0.014378399776772513,0.09690107943635871,63.78697015914792,-0.10777270001969441,-0.006183643065873545,0.435638427734375,0.8526437840937428,-394329500.0,-0.4357095653416352,-0.7475783455289063,0.5898722261168281,0.08675996368891478,0.004863995661991091,1.7921045374586604
SLB,2019-03-29,36.35572862052706,36.454364131436115,35.52554039387368,35.813228607177734,7984800.0,-0.0011472692033389976,0.025935213709726127,-0.014921995348018439,0.01398405399504688,35.58966598510742,35.48692092895508,35.59571350229787,0.00919515330383055,-0.4226880645751905,0.01868726484915798,0.8495630512298382,0.014500351559054308,0.08784959379267412,59.66261564668845,-0.0740875033907642,0.022001242850445343,0.9699058532714844,0.9219508900195306,-402314300.0,-0.424870408735464,-0.5808459332377129,0.5772101612417426,0.07842688273758938,0.006613141640268568,1.6636737220971198
SLB,2019-04-01,36.15025363093257,36.980445394746724,35.936542731322035,36.79138946533203,9717800.0,0.02694649655643587,0.0283735591016029,0.017735306671565507,0.009410629447893072,35.704741668701175,35.467193603515625,35.70958740353922,0.03733579478036705,-0.5059282684326192,0.019778142172898784,0.8836184101554423,0.014646464508105889,0.08323238867956227,62.93206257190902,0.03117826046917571,0.1018136053683082,1.1507568359375,1.1043782829166733,-392596500.0,-0.3959396358381292,-0.7555721031596576,0.9914301970417753,0.08072364128657919,0.011514704227779747,1.7818550266998738
SLB,2019-04-02,36.90646183693329,37.35854480270375,36.45437573559547,36.569454193115234,6899400.0,-0.006050528816621375,0.024724707739239418,-0.009131399409325175,0.003127698444487637,35.80666580200195,35.4548641204834,35.79147947873693,0.03143687333969785,-0.5227278137206994,0.019697331549184054,0.9065155310994442,0.014732912019419989,0.08078061878522796,58.271521471338126,0.09559189123139333,0.13298178890442067,1.0192413330078125,0.7862783633275231,-399495900.0,-0.4285939082691402,-0.6929529983406234,0.9221890653333324,0.010674865072767907,-0.0007517789115523778,1.7748108540503784
SLB,2019-04-03,36.816038431138296,36.848917984905505,35.665279133820626,35.829673767089844,7230600.0,-0.020436880805702485,0.03303515568629239,-0.026791711060748014,0.006742901786854792,35.749127578735354,35.463905334472656,35.79511703000864,0.010313822721087704,-0.515874328613279,0.018880108817914944,0.9646406439861259,0.014662700244177786,0.08117852576908992,52.79632465543644,0.08595522161877511,0.09867609543344195,-0.5753822326660156,0.8369873733047493,-406726500.0,-0.385391249929174,-0.5880719834362859,0.6628206322379995,-0.07709138010993906,0.0013349937391082007,1.6600936265213686
SLB,2019-04-04,35.6817315300781,36.25711138222856,35.39404317178684,36.2488899230957,6670900.0,0.011632331766447006,0.023809507333128574,0.01589492349998516,-0.004129042256243704,35.73926429748535,35.53007411956787,35.838333496016936,0.020231193470321263,-0.47084087371825945,0.01838143052165264,0.9781444134135064,0.014679611108405814,0.08200431465591487,59.7713604393308,0.11086732229745877,0.09887055688970049,-0.0986328125,0.7785776476822057,-400055600.0,-0.6112650735327355,-0.16041682063593707,0.8097986187949952,-0.23119639744077874,0.0022389369459948003,1.610300258816518
SLB,2019-04-05,36.50369259816944,37.43251970395213,36.380395826974805,36.98865509033203,9149600.0,0.02020248842609422,0.028444502088758743,0.01328529958601816,0.0070292545679140365,35.94722137451172,35.68254928588867,35.947887933570755,0.03660348911673433,-0.35023376464844347,0.0173560323171872,0.9887121110112851,0.014879778179256368,0.07805712017792671,59.446899153517464,0.18813451055976316,0.1409101961216039,2.079570770263672,1.0907209563477966,-390906000.0,-0.8169500117097785,0.5381574805846877,0.999999995833581,-0.13286204293976983,0.005328804702860892,1.523598084572385
SLB,2019-04-08,37.111941381075724,38.007888676781114,37.07084037857305,37.950347900390625,11421400.0,0.025667424688603363,0.024691428407127108,0.022591287012067363,0.003333083899444525,36.25134773254395,35.850641059875485,36.13859840660122,0.058568181166086856,-0.20984195709228715,0.017725648014381996,1.0086734764852838,0.014989419269687318,0.09083539746238148,64.98958654460537,0.32324373395444894,0.22081553561303174,3.0412635803222656,1.346081432658509,-379484600.0,-0.7596741839057531,0.40187104977363,0.9999999967814873,-0.08500843400314867,0.0010273536543555692,1.5321070753753274
SLB,2019-04-09,37.69554749477538,37.84350235658356,37.169487157487154,37.465396881103516,7577500.0,-0.012860913991924464,0.01799033922516282,-0.006105511896431963,-0.006714046634935316,36.45930557250976,35.97352561950684,36.26496016607763,0.04147136639806311,-0.11730941772460568,0.01805566005415668,0.9752069741093423,0.014970728698379804,0.09608658939429437,56.94293327578403,0.38672929793644073,0.2274408796760188,2.079578399658203,0.8965047259493604,-387062100.0,-0.5464152734549894,-0.04086904140647421,0.8439178941712092,-0.15372923934012814,-0.008844141120722944,1.5406615793361564
SLB,2019-04-10,37.646238881107884,37.810633567209315,37.31745264447285,37.44074630737305,6148800.0,-0.0006581723092674076,0.013172304811652321,-0.005458515374771207,0.004826907361431951,36.69521217346191,36.07216186523438,36.37693979858196,0.037940183547958715,-0.05243225097655824,0.017933006960813434,0.9746197316883125,0.015002776867665334,0.1014105703567898,57.1892017728792,0.430095100896132,0.21664534610856806,2.3590660095214844,0.7391655056097383,-393210900.0,-0.4390335633555456,-0.045594450247200075,0.8359840756506147,-0.13448512775651933,0.0047147143689799005,1.5139061298560972
SLB,2019-04-11,37.440747991416266,37.73665781259498,36.91468748068433,37.24347686767578,5291400.0,-0.0052827729897532314,0.02207018251360012,-0.005268888425672262,4.4978890263446014e-08,36.83412590026855,36.163400650024414,36.459467138495654,0.029866555640160407,0.025243988037111365,0.018002259178184855,0.9211923585590996,0.015227587232444998,0.10360284325564748,68.34618776970783,0.44343319519472146,0.18398675232572598,1.3891372680664062,0.6463631233188623,-398502300.0,-0.40269813165040225,-0.11864935671745637,0.7724926554779897,-0.1474283946027189,0.001148471046911766,1.5157225521679305
SLB,2019-04-12,37.8106299105347,38.180517134599086,37.465403925119624,37.52294158935547,8667000.0,0.007475709789640002,0.019058026348401366,-0.0076086624808934175,0.015228251778801046,37.005097198486325,36.29738159179688,36.560750419529924,0.03376441891432644,0.12723480224609318,0.017464199360740586,0.9393928197763068,0.01522139599334749,0.1024332582189816,69.67812860955856,0.4711233814008864,0.16934155082551272,1.7097129821777344,1.095351989409196,-389835300.0,-0.5925570969787269,0.3847860052518463,0.859464229803946,-0.09411485884525447,0.006460658262540957,1.5484705096110916
SLB,2019-04-15,37.44896818938791,38.49287085202438,37.1941562662731,38.13942337036133,11178400.0,0.016295959660479798,0.03405176248051336,0.018437228429943053,-0.0019714179335167392,37.139900588989256,36.42232112884521,36.71110022437101,0.04714422882171095,0.21354251861571782,0.01715098518628658,0.958768443260234,0.015472219259833758,0.11001206664399364,70.30299757379177,0.5366270781224216,0.18787619803763833,1.3480339050292969,1.433954567407756,-378656900.0,-0.6196952426053717,0.5303192669901707,0.9999999969043497,-0.06483982276706694,-0.00228633481280604,1.4230774102194728
SLB,2019-04-16,38.336695192076775,39.08468805724858,38.31203708587847,38.91207504272461,7654400.0,0.020056133571294026,0.01985632918629374,0.015008592883790127,0.005172386058378355,37.374162673950195,36.59041423797608,36.920716873738016,0.06344997325389531,0.32820079803467195,0.017480579176857757,0.9740335774928462,0.01545551927191921,0.12270623402023292,76.41727997373309,0.6434682607779862,0.23577390455456237,2.342620849609375,0.9893892449935306,-371002500.0,-0.7493001193080876,0.49781856487325243,0.9999999975018679,-0.003663826659845301,0.0034697586542385746,1.4499065401005065
SLB,2019-04-17,39.29839380477855,39.42168744532474,38.73945385471412,38.9696044921875,8346300.0,0.0014773554003969045,0.017506813310034845,-0.008366482208518888,0.009927991802795653,37.68815574645996,36.718641662597655,37.11584902787606,0.061302998359079305,0.4106184387207037,0.01688241479364875,0.9435032249139178,0.014922677761319902,0.135131399710453,73.83647145220552,0.724432012265531,0.2533901248336856,3.1399307250976562,1.0870154125066096,-362656200.0,-0.6974134770456235,0.7088036152812727,0.9999999975372613,0.00936017354071001,-7.793144172846947e-05,1.568525286091241
SLB,2019-04-18,39.561426312895904,40.177903958360325,37.40786214713162,37.4489631652832,15721600.0,-0.03980294652647251,0.07396845138283177,-0.05339704213151935,0.01518675461094429,37.80816307067871,36.77371368408203,37.14757418381959,0.01836228690423129,0.4491558837890608,0.019372873789273666,1.0750188016043662,0.01764261792760065,0.13569982208922898,60.20523858664402,0.6583047941934339,0.14981032540927086,1.2000732421875,1.9276493898850395,-378377800.0,-0.7576368558660797,0.1552934873073101,0.6255057803676053,-0.015563196298722803,0.000861564306106559,1.863834780846654
SLB,2019-04-22,37.51472296228402,37.958587664656974,37.1612754921242,37.68733596801758,7901000.0,0.006345098314121133,0.021155970621255807,0.004601206995640047,0.0017559844503726508,37.878031158447264,36.91262626647949,37.19898006802892,0.020987661401963235,0.5406018829345669,0.01677396450516169,1.0485970433874938,0.017107906889229082,0.1280805856142272,56.15821359968662,0.6180091655038638,0.08761175737576055,0.6986808776855469,0.9687014178032142,-370476800.0,-0.7557889968343743,0.749637559553138,0.6842107718571367,-0.06719390500354896,0.001131093118040863,1.6985505750041077
SLB,2019-04-23,37.53937278980316,37.88460186071511,37.21058663265095,37.72020721435547,8539400.0,0.0008718291839975284,0.01786881032317451,0.004817193552083773,-0.003926071567912985,37.85501708984375,37.053182411193845,37.24862074863145,0.018001822239163842,0.6219832229614255,0.016764229686576006,1.032157483455771,0.017073189482144827,0.11821993114589568,58.120663580238606,0.5820178844378034,0.04129638104776023,-0.23014068603515625,1.0333565270004539,-361937400.0,-0.7653700042911644,0.7692475175066396,0.6786466962399464,-0.06169328705736924,0.0068640037930022485,1.5891771406325108
SLB,2019-04-24,37.58047963577476,37.65445708133997,36.36396408081055,36.36396408081055,8941800.0,-0.0366176647465607,0.035488237686672426,-0.032370942754177845,-0.0037043163041674348,37.74487380981445,37.10208969116211,37.16436773264851,-0.019894448439312158,0.6536290740966777,0.018808245624643928,1.0444863607743453,0.017456275638496565,0.11180226698564591,53.46860619292603,0.4389965694230682,-0.0813799471735801,-1.1014328002929688,1.066300651755375,-370879200.0,-0.6687696306473117,0.0689127187305079,0.3298119293398108,-0.016864409947776587,-0.003342337622360177,1.9822463517904525
SLB,2019-04-25,36.28998902605183,36.32286545413862,35.484455394353816,35.591312408447266,9404900.0,-0.021476711884901852,0.023556592973116026,-0.019252599307842077,-0.0020342956723399764,37.559930419921876,37.1275712966919,37.014552939867436,-0.04137784494353699,0.6916045761108407,0.01937122676940727,1.0456606804897035,0.01751486576365239,0.10665493062428669,45.9183228895944,0.26030399183640185,-0.20805801980819721,-1.8494338989257812,1.0944405784014133,-380284100.0,-0.5899937644596561,-0.3038148320038625,0.0,0.15067051086253128,-0.004360330873793216,2.212169442838526
SLB,2019-04-26,35.30362406538924,35.73104898619529,34.90085724954024,35.591312408447266,8527500.0,0.0,0.023325684850497796,0.008148974805679067,-0.008083105780323572,37.394713973999025,37.11441993713379,36.879006222589325,-0.041038160673572084,0.696865158081053,0.018722327137903977,1.020415105903891,0.017290545883485366,0.10877952036842974,40.449401290186664,0.11733625735298858,-0.2808206034332884,-1.6521644592285156,0.9859834831145631,-380284100.0,-0.5411885034276567,-0.13426873456865218,0.0,0.15260900223782758,0.002468671133576059,2.0949833026788784
SLB,2019-04-29,35.62418464363687,36.470812852386466,35.55020720841633,35.69816207885742,8927300.0,0.002997630468994026,0.025788600599003154,0.002076607112852543,0.0009236027829590701,37.21223602294922,37.108666610717776,36.76654487556724,-0.0380101108632389,0.7027838134765645,0.018734272077949664,1.0133702528696804,0.01728403458265957,0.10966980213996592,32.56991701183563,0.01251095467245733,-0.30851672489105575,-1.8247795104980469,1.026616144482713,-371356800.0,-0.576764528482999,-0.11233712084254893,0.031628310236448194,0.1668107244560044,0.0008659325803628836,2.238995519475557
SLB,2019-04-30,36.051605161055555,36.084484714010514,34.84330824227825,35.08168029785156,12163700.0,-0.017420139691967845,0.03537961868400807,-0.026903791353283368,0.009900876168845208,36.90646171569824,37.02318115234375,36.60608158245146,-0.0524401413942055,0.6546159362792991,0.0179501728644842,1.046249947786023,0.01749414076251831,0.12023151885211852,31.920062265095368,-0.11893774026770387,-0.35197233586497356,-3.0577430725097656,1.3793944191210283,-383520500.0,-0.49750807980276696,-0.23064404575754652,0.0,0.1845472897841933,0.0033870337494042377,1.8702768824945672
SLB,2019-05-01,35.040593821349766,35.25430471393269,33.980251410428,34.00490951538086,10523300.0,-0.031174153680369923,0.037466745880574186,-0.029556699616713637,-0.0011711661514774243,36.415745162963866,36.894953918457034,36.35835090939712,-0.07833169840687629,0.5949411010742196,0.019039631636066784,1.1020265464123251,0.017878837335991927,0.14092976337751625,27.526745319880916,-0.3064654384348131,-0.43160002722566626,-4.90716552734375,1.1693413072514207,-394043800.0,-0.3957805487866727,-0.725488044961149,0.0,0.2317538643818687,-0.009189911751481436,2.114944427636762
SLB,2019-05-02,33.68434405750672,34.152866899078354,33.429532124054354,33.79941940307617,9108300.0,-0.0060612867853884035,0.021400804741579894,0.0034162857787282995,-0.00942703457949632,35.89872665405274,36.793441200256346,36.114643146890366,-0.08137379107554948,0.5720085525512673,0.018641918699842722,1.0949811494918502,0.017569693197688897,0.1584219642934854,27.497174806099736,-0.4662887386819534,-0.4731386619782453,-5.170185089111328,1.0016578276684014,-403152100.0,-0.5061050247043942,-0.44168079817731765,0.0,0.2805760860567206,-0.0006154724944976289,2.152435656058205
SLB,2019-05-03,34.16108105410714,34.366573594562524,33.79119385417399,33.93092727661133,7184800.0,0.003883282612366785,0.016957383324597352,-0.00673730954624294,0.010700232649500938,35.546923065185545,36.67754306793213,35.90667020686379,-0.07488549018219864,0.512662086486813,0.018403671781842133,1.0691482547393665,0.017417458894474526,0.17329719949667544,26.06773545688418,-0.5757019357026181,-0.4660414871991279,-3.518035888671875,0.7879003215293039,-395967300.0,-0.4808232824512408,-0.35846093761637216,0.025435815355577956,0.2352125228786236,0.009772211067265914,1.8627740833875288
SLB,2019-05-06,33.569270438800466,34.103552439935065,33.45419508731133,33.8980598449707,6571600.0,-0.0009691264931953439,0.01915618048919341,0.009794356620577963,-0.010658619343425766,35.16799545288086,36.523013305664065,35.71537398192159,-0.07187121825696345,0.4094231414794933,0.01756600370352799,1.0227655952302561,0.01718647065018895,0.18655047768622332,19.358423176135986,-0.6574857235197342,-0.43826022001299525,-3.789276123046875,0.7309883626510286,-402538900.0,-0.49056007234893073,-0.11806966046155502,0.01907870608181629,0.13310298977334162,-0.00612691571312733,1.4925399262281298
SLB,2019-05-07,33.50350531570796,33.50350531570796,32.85415121470272,33.37199020385742,10438900.0,-0.015640849540810534,0.01945805740198815,-0.003925413493640605,-0.011639442819653872,34.73317375183105,36.2940954208374,35.4921945744869,-0.08051186241446649,0.24938632965087493,0.016209497734042042,1.029811591186023,0.017060041890492355,0.19903887473396542,8.49717656203562,-0.7560342953339827,-0.42944703346179497,-4.348217010498047,1.1675453072651003,-412977800.0,-0.5932210064953088,-0.18560191337166457,0.0,0.1803072036782523,-0.017653340209353878,1.0923473096806855
SLB,2019-05-08,33.30624257932359,33.371998583977195,32.81305843436377,33.10074996948242,9237900.0,-0.008160991681392055,0.01688602675554928,-0.006169792625264033,-0.001970143948029649,34.406852340698244,36.07586307525635,35.26443794543886,-0.082468244753221,0.09756900787353828,0.016144610201100213,1.0210049168290805,0.01704012156681238,0.21258267041328896,7.398335126765076,-0.8462663370151304,-0.41574326011435414,-3.263214111328125,1.023713100134476,-422215700.0,-0.6446932870586575,-0.08906964237947382,0.0,0.191520786860475,-0.0022299090060310355,1.1231046794520907
SLB,2019-05-09,32.81305843436377,33.24870489941353,32.459614030159884,33.10074996948242,12928500.0,0.0,0.023839063162652174,0.008767592807422257,-0.008691390236894758,34.15779609680176,35.858863258361815,35.058372423919195,-0.07691580374445466,-0.05235820770263899,0.016156838492008756,0.8795084209737192,0.017252858468144446,0.22293476614100458,9.494355510448926,-0.907316895745204,-0.3814350550755421,-2.4905624389648438,1.3808221811618195,-422215700.0,-0.6491214545879354,-0.09248232643707513,0.0,0.18777646935737072,-0.002544228010741658,1.100135735194959
SLB,2019-05-10,32.796617099086646,32.977448437724235,31.769154196678766,32.517147064208984,12810800.0,-0.01778838763626018,0.03715867934722401,-0.00852130675652656,-0.009188096060547704,33.85037956237793,35.62254676818848,34.816350961089654,-0.08717511760705068,-0.2146974945068365,0.016361933299416702,0.9176715352787819,0.017721256095015025,0.23613278378726216,4.747865827599483,-0.9913639539088592,-0.37238569059135784,-3.0741653442382812,1.3154298188598883,-435026500.0,-0.5199557608006368,-0.3525439429816336,0.0,0.17223064152992393,0.004875064014020917,0.9727987927988199
SLB,2019-05-13,31.958204087562862,32.18013643056434,30.930741278612118,31.366384506225586,16732200.0,-0.036030789846327405,0.0398322972704821,-0.018518549406460357,-0.017189176391840977,33.41720180511474,35.314718914031985,34.48778272729308,-0.11180421448116254,-0.40695646286010145,0.01720093255792136,0.9828422893882612,0.018326867744974613,0.25543791198832394,3.4895867801826626,-1.1377139163103038,-0.4149885223942419,-4.331777572631836,1.6497717934989988,-451758700.0,-0.33533735002034837,-0.7339546230055007,0.0,0.15869405405871476,-0.02337113505871957,1.0382878259101158
SLB,2019-05-14,31.637635551355718,32.85415111621842,31.5307785434326,32.05683898925781,12042900.0,0.02177378327154301,0.04128206693209139,0.013250150670129048,0.008647826308329996,33.114717674255374,35.01058969497681,34.256264276051624,-0.08436735089163006,-0.6085037422180193,0.017670460773186278,0.9922368234202548,0.01857725773424909,0.25870120412193837,15.066501572969187,-1.1843311769093177,-0.36928462639460446,-3.02484130859375,1.182374104780835,-439715800.0,-0.22233977324847515,-0.6383098755455041,0.09081079902974376,-0.16734207637055898,0.009969203752414307,1.2196399198881145
SLB,2019-05-15,31.5718764252376,32.41850475919469,31.56365810258308,32.32809066772461,10558400.0,0.00842598678770664,0.026442843946396836,0.02395214754744553,-0.0151282091220136,32.947035789489746,34.68139047622681,34.0726286943062,-0.0678548286613631,-0.8479438972473119,0.016837230803757635,0.990475249859889,0.01872974257945055,0.24711614086917055,21.190000356995398,-1.1857197095589456,-0.2965385272353859,-1.67681884765625,1.0220554461981954,-429157400.0,-0.3717889257957553,-0.6348902988129715,0.1264866940598572,-0.11503809204445303,0.004626030807521349,1.18048430391404
SLB,2019-05-16,32.541800578286406,32.88702655970561,32.44316503153341,32.76373291015625,7632500.0,0.013385667298558293,0.013547343014586996,0.0068199155524887945,0.0066106567430274455,32.84346714019775,34.37109689712524,33.94797195295858,-0.04676498954281059,-1.1005351448059102,0.017436582910811165,0.971099832383171,0.018671825184465588,0.22430952111428887,26.819286045781425,-1.1385430282265432,-0.1994894767223867,-1.0356864929199219,0.7413890322991122,-421524900.0,-0.3357531432795541,-0.7739070030997461,0.2199224728042058,0.03010331162811481,0.008205363971545903,1.2500603161311
SLB,2019-05-17,32.46782954970833,32.67332214179509,32.00752501462946,32.07328414916992,7252400.0,-0.02129878557868127,0.02075862029186255,-0.0121518871452234,-0.009031430004002921,32.65770282745361,34.10231294631958,33.76943025735966,-0.059498275097749215,-1.3122744941711417,0.016200574207576725,0.9593571360657894,0.01625583969611906,0.21686029108846563,22.878197923165928,-1.143684925173261,-0.16370509893528362,-1.8576431274414062,0.7346877166928112,-428777300.0,-0.23941209646113046,-0.6731873361373036,0.11125580210591669,0.06018006212708292,-0.00836217881147757,1.3144544715226152
SLB,2019-05-20,31.917106624655748,32.18835517931281,31.777370050294227,32.15547561645508,5922600.0,0.002559336734799691,0.012781186443041303,0.007468377212337653,-0.0048693960926422895,32.483444404602054,33.82571992874146,33.61572029155922,-0.049377938320454916,-1.5531939888000466,0.016049761462254432,0.9000577544433833,0.016096687901889055,0.20001201921362538,26.203140705076507,-1.128123446186578,-0.1185148959588802,-1.742584228515625,0.6060485127375483,-422854700.0,-0.23038215761419736,-0.6083152190045434,0.12419155290214721,0.002964264387703434,-0.007248404741563164,1.2251141177973082
SLB,2019-05-21,32.29520624400046,32.656871962135575,32.02395460372378,32.46781921386719,6716300.0,0.009666669904752527,0.019493682475029698,0.00534484804223206,0.004345469157790279,32.39302730560303,33.563100528717044,33.506396379398076,-0.03263349623830846,-1.7733995246887204,0.01641820689634951,0.8542623297938905,0.016130695567975216,0.17216964903210188,35.72505048357955,-1.0781589982275364,-0.05484035839987089,-0.9041709899902344,0.6937373274126593,-416138400.0,-0.24279244037837427,-0.748779101929233,0.22039363035637852,0.10169919164228351,0.009182102491316303,1.26523545238509
SLB,2019-05-22,32.188354799820075,32.270550570427645,31.243087759994715,31.514339447021484,7429900.0,-0.02980675796020218,0.03260302543101655,-0.020939726711424175,-0.008607427933679983,32.23438625335693,33.32061929702759,33.316676671552685,-0.05420907198346214,-1.9460134315490691,0.015870809093842076,0.8900763782830671,0.016035858784075794,0.16253306792768815,31.367162882885808,-1.1027874150082582,-0.06357502014447403,-1.5864105224609375,0.7734858394490375,-423568300.0,-0.1515578112698798,-0.8268305303158208,0.03415571043839379,-0.08373977456036212,-0.005581273202595256,1.2800616710187882
SLB,2019-05-23,30.848534988321294,30.848534988321294,30.24849722779361,30.815658569335938,12398900.0,-0.022419706891686007,0.019471846080381022,-0.0010657368007201302,-0.021127032023611637,32.00587711334229,33.08183660507202,33.07848447134157,-0.0685021833216067,-2.091748867034916,0.015915642445946978,0.9393951267715914,0.015945914293092788,0.16365553937338992,26.748379374436254,-1.165251031902443,-0.100830909630927,-2.2850914001464844,1.2709735649922325,-435967200.0,-0.14929596577053528,-0.8462656839843926,0.0,0.019688853746436814,-0.012539173900544124,1.2732555842079774
SLB,2019-05-24,30.947186752542226,31.152679352132633,30.35536706234003,30.412904739379883,7665200.0,-0.013155939554525046,0.02621624920819257,-0.017264316056723752,0.004268225613622608,31.795452880859376,32.822916221618655,32.824619734964266,-0.07342466056234911,-2.2505533218383746,0.01587892629377594,0.9499633365693675,0.016013372205566225,0.16372157100635418,25.348751305599805,-1.2330390597003387,-0.13489514994305818,-2.1042423248291016,0.7892244077625119,-443632400.0,-0.021379193582266847,-0.8409037986361974,0.0,0.020690089890029937,0.0005339880681686997,1.2537473324029824
SLB,2019-05-28,30.49508813301369,30.519749367129606,29.95258801596794,30.001907348632812,11869600.0,-0.013606058415402396,0.018904176476883597,-0.016172466274887276,0.0027022540049387103,31.659005165100098,32.53810348510742,32.55578998388508,-0.07794541982557208,-2.4385377502441443,0.015721184442838532,0.9159099594903447,0.01584254326150642,0.16043661618653618,25.768222238069896,-1.3048837273542873,-0.16539185407760537,-1.3644771575927734,1.2038823725700307,-455502000.0,0.13179037675414015,-0.7337250311905534,0.0,0.048272473245939695,-0.011682436427269929,1.2066652981957782
SLB,2019-05-29,29.5909252802242,29.812857596093956,29.147060648484693,29.738880157470703,10072100.0,-0.008805672028478144,0.02238809746983723,0.005000008477104997,-0.013698531351118896,31.427209281921385,32.270963478088376,32.287512857559896,-0.0784632080271458,-2.5876427078247133,0.015586980354767481,0.9370461416713941,0.015430222216632747,0.16161116320055438,25.79869252184669,-1.3672840408812377,-0.18223373408364463,-2.3179588317871094,1.032521754551964,-465574100.0,0.05457414213255247,-0.6564494209289312,0.0,0.004598336589081975,-0.006075272086488369,1.2662995628080362
SLB,2019-05-30,29.623808911217242,29.82108001762129,28.867594641821192,28.916913986206055,11763600.0,-0.028028602941043413,0.03297327564950156,-0.0238623914679492,-0.003869387335506432,31.086091613769533,32.016563701629636,31.96650344124048,-0.09681394119337702,-2.7093765068054196,0.01536753268347046,0.948788606424712,0.015254581323649269,0.1795643514742272,23.068680092946252,-1.4661615418835012,-0.22488898806872637,-3.4111766815185547,1.198304551246986,-477337700.0,0.08938583778917986,-0.6418951527902165,0.0,0.018490216696147973,0.0011303280069204348,1.1464220201830135
SLB,2019-05-31,28.538808044461952,28.71963936702933,28.32509402383551,28.51414680480957,11445600.0,-0.014026339724011107,0.013836827939991874,-0.0008641299809704959,-0.013075597967489439,30.661133003234863,31.75230007171631,31.637707571104205,-0.10198169139221375,-2.815821952819821,0.015416886227055905,0.8959474771080611,0.015095995602285016,0.19800689269572705,23.618537674622544,-1.5590508515336232,-0.2542226381750785,-4.24958610534668,1.1521950203020315,-488783300.0,0.17028852944876494,-0.6610783491422884,0.0,0.03843909724728672,-0.012848219423928114,1.1167554741549452
SLB,2019-06-03,28.760742972778754,29.303243260373044,28.629227846560987,29.171728134155273,9878700.0,0.022799682432635627,0.02310509033651992,0.014289796399401276,0.00864820433370251,30.3709774017334,31.514340114593505,31.402852386632876,-0.07433479399917457,-2.9102660179138162,0.01675597947478722,0.8389968106771045,0.015248386436677763,0.20115365497782828,34.53069870468035,-1.5616037846560396,-0.20542045703799583,-2.9015560150146484,0.9811559498352772,-478904600.0,0.30427789546662215,-0.7177022197421757,0.12213817779357017,-0.019086711739418366,0.003773552665740162,1.2472338084062116
SLB,2019-06-04,29.605254856370582,29.99710240859318,29.313455517720307,29.788673400878906,8021100.0,0.02092820837306955,0.022949893795965452,0.006195472573979735,0.014861194380449486,30.134297180175782,31.308870792388916,31.249121054656307,-0.04855484573654968,-3.013327121734619,0.01789359401654645,0.7916830724231811,0.015343834577827063,0.19480028446940273,33.84515106742431,-1.4965928843762057,-0.11232764540652962,-2.366802215576172,0.7909649089504339,-470883500.0,0.2782145222059179,-1.0196039959429843,0.262364693290751,0.15100206274336184,0.021967154830973223,1.2255405288215024
SLB,2019-06-05,29.85536864310122,29.888714863267182,28.921604510228764,29.130033493041992,9098900.0,-0.022358513292088558,0.03319976797381377,-0.024294965462663357,0.002238946371487116,29.800518608093263,31.096772956848145,31.04730319164542,-0.0632457736542414,-3.1098439407348657,0.0181316751399301,0.7997019078822388,0.015749149749625862,0.1952191771767286,28.41328185248652,-1.4811443040484988,-0.07750325206305808,-3.3377857208251953,0.9032147910864754,-479982400.0,0.29684907428322777,-1.0883808714347227,0.13427947977565144,0.0634627331575555,0.005700731523333602,1.2173995811519382
SLB,2019-06-06,29.121701410821977,29.655279165348603,28.896597699310878,29.22174644470215,12356100.0,0.003143452600013707,0.02596290634009223,0.003435411704447781,-0.00028603064332230265,29.57125930786133,30.90282278060913,30.87344064431749,-0.05439879547061387,-3.1805126762390152,0.01825712753338146,0.8139694488862906,0.01596882078480734,0.1936128048885222,24.927666392948822,-1.444845445208621,-0.03296351457854407,-2.292593002319336,1.2078517548948833,-467626300.0,0.1967824035475173,-1.1870239747971858,0.1542753128938496,0.039524977839713635,0.007066568711303511,1.2164989174328638
SLB,2019-06-07,29.521879625485504,30.138830785284807,29.35513581091485,29.68028450012207,12881200.0,0.015569830487866079,0.02640456409259603,0.005365677140009057,0.010270884437085683,29.45772190093994,30.731799507141112,30.75980672582269,-0.03421586187215305,-3.243508033752441,0.018858247335290537,0.8254606235331382,0.01603488348287754,0.18549376619420324,32.48586789824719,-1.3633621588452023,0.03881581742789986,-1.1353740692138672,1.2594732802409203,-454745100.0,0.1275197786051927,-1.3864231002319418,0.27441206358924836,0.08219060309570349,0.008566578673136349,1.2684969279475264
SLB,2019-06-10,29.855362903407585,30.197186242290783,29.496864867460175,29.5718994140625,12121000.0,-0.0036584375388934026,0.023681988262734998,-0.009494558490619828,0.005898811491675368,29.3736213684082,30.58453712463379,30.646672696131244,-0.03310946660545269,-3.2651216125488247,0.01863367700732525,0.8461274982339972,0.015553739592212425,0.18080728036994015,31.16327981416626,-1.2926311902535979,0.08763742881560344,-0.8410053253173828,1.189154082817945,-466866100.0,0.02420116655148249,-1.3108167696809898,0.248907206617847,0.024494316382028817,0.0045873897848151815,1.3025121790594163
SLB,2019-06-11,30.08880864562454,30.864164730537162,29.847030257775668,30.58903694152832,12121500.0,0.03381710858167892,0.033251601699843356,0.016625061556783297,0.017479744007117447,29.432334327697752,30.545669746398925,30.64118357664525,0.001419749361839017,-3.199505157470707,0.019087150909465757,0.8932237809527734,0.015293518624434323,0.17943121170338808,37.57848386388152,-1.1413451734651403,0.19113875648324874,0.5871295928955078,1.2167218322848101,-454744600.0,0.14973185180933768,-1.1635508234326224,0.48825699265762057,0.1562512227277259,0.0004546551664661401,1.2792488748536603
SLB,2019-06-12,30.680749489044636,30.680749489044636,29.596919278308206,29.663618087768555,12258800.0,-0.030720360182356767,0.036537357227617986,-0.033152104111383425,0.0029982162462854527,29.42480812072754,30.426008701324463,30.548082101514137,-0.025057200930949607,-3.1766107749938968,0.01933525869891913,0.8831594064430561,0.015057714463216392,0.17555399343176092,37.71843732398377,-1.0836320469539942,0.1990815063955158,-0.07526206970214844,1.229171721871171,-467003400.0,0.29696646722176917,-1.0084305753862768,0.27049017286833144,-0.05340043393296859,-0.003894679504467055,1.2694382377127926
SLB,2019-06-13,30.163843719954247,30.814141151740067,29.94707578910964,30.67241096496582,14336200.0,0.033442270217517334,0.028268575418502105,0.016860160453461746,0.01686327105161709,29.600357818603516,30.343224716186523,30.559922945652392,0.010848756249815924,-3.141453895568848,0.02095639569905754,0.8749223239247446,0.015117793248739743,0.16615875775419012,49.0869742075046,-0.945592620914379,0.269696745948105,1.7554969787597656,1.4107503264577927,-452667200.0,0.3589195301592536,-1.0953723061493534,0.5078763205579091,-0.21045486808839667,0.0052418864865992785,1.3511405941098447
SLB,2019-06-14,30.57236182964912,30.597375470369556,29.713635433763223,29.955413818359375,11571500.0,-0.023653514807032098,0.029501847043912243,-0.020179926389966695,-0.0032618608113648188,29.744484519958498,30.20280876159668,30.502350647814964,-0.008191123719323404,-3.1643846511840863,0.021105052485883454,0.886455412596887,0.015514774158280809,0.14910483832534666,47.196371250628566,-0.883862442738959,0.2651415392988201,1.4412670135498047,1.1170415076271398,-464238700.0,0.5609396501092703,-0.9373412748844043,0.3645388036202908,-0.24974054209626706,-0.003554811984649316,1.356431007266248
SLB,2019-06-17,29.82202293185433,30.622389561581027,29.7553241225233,30.564029693603516,7574600.0,0.020113747199235317,0.02836881941778725,0.024881167969212834,-0.004452980930722112,29.88371467590332,30.12734603881836,30.508224842651966,0.014494594187702424,-3.1261501693725577,0.021396871363417953,0.9078771331608912,0.015746199329559334,0.1382503377698659,53.36337363103387,-0.7768752824083833,0.29770295970351657,1.3923015594482422,0.7300699651186439,-456664100.0,0.3318334309889597,-1.2139668937006394,0.5184756528924943,-0.28481896818159425,0.0008590828210598876,1.330584193680041
SLB,2019-06-18,30.589045511301652,31.164311711167908,30.463989992477345,30.789138793945312,10127400.0,0.007338173921403418,0.022745739118506362,0.006541337897246006,0.0008184724968832199,29.98376121520996,30.059029197692873,30.534978552298952,0.02428919415363149,-3.070476684570309,0.021479802763584032,0.8968396344853515,0.01594617799462838,0.12525061217112554,56.312707132155985,-0.6662427324650473,0.32666840771748207,1.0004653930664062,0.9567319546432307,-446536700.0,0.2952534413613968,-1.2643525809629623,0.5754123629893447,-0.25838832072900936,0.011951324649511244,1.372837089099537
SLB,2019-06-19,30.93086508419354,30.955878729077,30.272231802585083,30.43897247314453,10273200.0,-0.011438214614643439,0.02245959278339899,-0.015902969726520198,0.004603126160712873,30.114655113220216,29.95758686065674,30.525835116189008,0.016068904839594896,-3.021691513061519,0.021394521180013355,0.8775654595347672,0.016011463770692562,0.1014498299893035,59.69858436596907,-0.5999057946250019,0.314404276446022,1.308938980102539,0.9544696283791474,-456809900.0,0.4487344816517258,-1.1422656877841972,0.6415673563215579,-0.24050165803290185,0.002407647829448339,1.3563719636628424
SLB,2019-06-20,31.1726369957677,31.973003496571135,31.080927737897227,31.889633178710938,13067900.0,0.04655720163619967,0.027973848230698522,0.023000819052959292,0.024102801869230667,30.381443786621094,29.97635154724121,30.655720645953004,0.06382636754357818,-2.891411552429201,0.023251270803846757,0.9448662496102,0.015872199974896375,0.10723627934949266,68.97470399720375,-0.42537365547864425,0.3911491324739037,2.667886734008789,1.1831341434321203,-443742000.0,0.4823373255392577,-0.9338918029258907,0.999999997037464,-0.3460872444005566,0.013507495760425202,1.5311785830977482
SLB,2019-06-21,31.981349908923242,32.439893125039035,31.747910420073282,32.41488265991211,16111400.0,0.016336680438675193,0.021347685019435115,0.013555798996086324,0.0028760672692068946,30.654903602600097,30.05631275177002,30.82325988537768,0.07847169836237461,-2.710933074951175,0.022839786697422912,0.9379295531389342,0.015917062894238408,0.12730178186924154,68.50615095107645,-0.24188414447922213,0.45971091477866066,2.734598159790039,1.4345753367085812,-427630600.0,0.30477209420126866,-0.9860919382215338,0.9999999974363811,-0.2844504894980494,-0.0022749011034396732,1.4411497663302444
SLB,2019-06-24,32.26480680307303,32.66499006380954,32.03136418236301,32.223121643066406,9348100.0,-0.005933400373230708,0.01966370261904364,-0.0012919699244147375,-0.004629844211180238,30.92002582550049,30.146823596954345,30.95658005277661,0.06887286282199974,-2.520015125274657,0.02263360018341054,0.9242332393538357,0.015752781269676948,0.1420890407416222,64.59994152482929,-0.11066521675535412,0.4727438740020229,2.6512222290039062,0.8261742786629165,-436978700.0,0.2772567709801047,-0.9312821951963853,0.950839781652157,-0.33130571406209885,-0.004141105117379078,1.4220073873810972
SLB,2019-06-25,32.16476058959961,32.29815500489589,31.76457416333704,32.16476058959961,7969100.0,-0.001812796676189359,0.01658898843883763,0.0,-0.0018111545527233139,31.07759819030762,30.254966259002686,31.071644865807368,0.06312333367843848,-2.3047088432312037,0.02232971313493735,0.8932668456767237,0.01571015550252239,0.15348258538869225,69.61201981970567,-0.011252805091494622,0.4577250285327059,1.575723648071289,0.7166521281666202,-444947800.0,0.22497236381781016,-0.8433367680102042,0.9358782319638234,-0.35498246226607977,-0.009387360255171692,1.3502823422689965
SLB,2019-06-26,32.539936713360476,33.14021329260673,32.314832996143124,32.53160095214844,8362900.0,0.011340492272239195,0.02537164702338749,-0.0002561701728391959,0.0116641976151434,31.364396476745604,30.394602298736572,31.210688302601756,0.07030849202789849,-2.052916355133057,0.022191056114478903,0.9087505054602519,0.01578230198285979,0.1657324742816615,70.65552099181714,0.0960262677839907,0.452003281126553,2.867982864379883,0.7578907493266537,-436584900.0,0.09045454009382348,-0.8188655943923686,0.9999999975108614,-0.4326544055000064,0.002933576468584013,1.342482685228467
SLB,2019-06-27,32.66498827485662,32.80671844719182,32.38986050920781,32.60662841796875,6417500.0,0.002303639497885817,0.012784453904295478,-0.001786618026518323,0.004100238500539331,31.5578182220459,30.579088020324708,31.343634980255754,0.06630480269053206,-1.742321701049807,0.020862507834643083,0.8730200481317772,0.015263908041113997,0.17018784444185542,69.18027884685826,0.18496760400219614,0.4327556938758068,1.9342174530029297,0.5960267053399071,-430167400.0,0.08754380156189925,-0.5490448005677183,0.9999999975564948,-0.5601957073474814,0.003863582853875045,1.2959571443049958
SLB,2019-06-28,32.70668845550879,33.16523176183587,32.67333904186224,33.13188552856445,9742700.0,0.01598053430935909,0.014846505477315653,0.013000309512657114,0.003068702358839984,31.875465393066406,30.809974956512452,31.513944556285153,0.07536229988272704,-1.3946803855895986,0.020411412946587583,0.8628973316343852,0.015282758213050453,0.17200028736027206,72.12437151857802,0.2944439462833266,0.43378562892554984,3.176471710205078,0.9120678824825711,-420424700.0,-0.08930652648785295,-0.35270546574357603,0.999999997501157,-0.543682770441113,0.006173677672842962,1.3130212801399321
SLB,2019-07-01,33.69880571304034,33.87388852399751,32.73169509315095,32.78171920776367,13048500.0,-0.010625108927687938,0.034842389552774154,-0.02721421385333513,0.01711101482549562,32.09723434448242,30.990474510192872,31.63468499928311,0.05779984740090551,-1.1208359527587852,0.0204670587549326,0.852177911232378,0.015652946179132928,0.17240873320305125,64.85874461892573,0.3489270270803573,0.39061496777806437,2.2176895141601562,1.2036828627514649,-433473200.0,0.11955290837475548,-0.37093066980175954,0.9124989312904332,-0.5987198910052846,0.006580183503141874,1.2545063921006252
SLB,2019-07-02,32.88175804777489,32.88175804777489,32.206450120078074,32.66499328613281,8732500.0,-0.003567056035366851,0.020673750696391553,-0.006592249761315412,0.0030516654534556453,32.284819793701175,31.134290504455567,31.7328095980307,0.04916453071118449,-0.876573104858398,0.020252205295401435,0.8229977481581197,0.015594727572480113,0.1739903550725581,72.84245206247418,0.37832535558519353,0.3360106370263205,1.8758544921875,0.8029109833073589,-442205700.0,0.2965237023417971,-0.19428150293207366,0.8833309559872332,-0.5473441474026759,0.000937109301566123,1.5066507690902489
SLB,2019-07-03,32.63163658158798,32.94011054349695,32.431546566436985,32.923439025878906,4954500.0,0.007880873753711007,0.015446866794814969,0.008942317176196089,-0.0010211759192061405,32.53326644897461,31.323960781097412,31.846202876873384,0.051062452030226864,-0.5909674644470222,0.01923889879122907,0.7771435276644377,0.015101356169750469,0.16908374486246264,69.34077736950076,0.4176635881475228,0.3002790956709198,2.484466552734375,0.4643901908644153,-437251200.0,0.24575777576210575,0.14614339916332095,0.946690767852033,-0.5886412926924178,0.00810904156882237,1.600955902615739
SLB,2019-07-05,32.68166500479684,33.01514946768193,32.5816199839687,32.99013900756836,5885500.0,0.002023862349655438,0.013141183903886319,0.009438748078662526,-0.00734352267671743,32.64331703186035,31.512380409240723,31.955149175034812,0.046894540467475966,-0.3350713348388652,0.019250252985137665,0.7396259528437685,0.014801669304927092,0.16202748195359312,79.35456018065821,0.44904523797475093,0.26532859639851836,1.1005058288574219,0.56890568664031,-431365700.0,0.25465528928437814,0.1411798810613995,0.9601834035193257,-0.5886529441768195,-0.00321004345165601,1.6196015644162483
SLB,2019-07-08,32.87341138948256,33.431999400323846,32.74835275820936,33.256919860839844,10899100.0,0.008054162705166774,0.02055652312286099,0.011666220667319606,-0.003538257843018424,32.72752075195312,31.69121217727661,32.07912733558767,0.04940510557958032,-0.10955171585083079,0.019128823637054405,0.726524610204966,0.014637938012194174,0.15861456214131944,77.89258239261598,0.48979633951945445,0.2448637583545775,0.8420372009277344,1.063721703520185,-420466600.0,0.31884229000122993,0.25932121228865473,0.9999999972863108,-0.5834204251894296,-0.0032473473853234,1.534579217165614
SLB,2019-07-09,33.16521851668044,33.53205555953892,32.973464235356175,33.515380859375,8699200.0,0.007741602029437355,0.016666715694698492,0.010558119570912697,-0.0027573613113637254,32.856746673583984,31.888386249542236,32.21591338547218,0.0510215411059291,0.1291409873962408,0.018999423456734055,0.7164010105972645,0.014471662996441611,0.15244879825602717,78.0442763883853,0.5367600874559244,0.23346200503283793,1.2922592163085938,0.8634351701545542,-411767400.0,0.23259750844870042,0.31730767414740707,0.9999999974037861,-0.5818350142445158,0.0017327062035480685,1.5958022837780768
SLB,2019-07-10,33.85719997724383,34.0906393892497,33.59041116913042,33.865535736083984,7003300.0,0.010393388705495223,0.014771011568149674,0.0002462034322317461,0.010198873147318446,33.026824188232425,32.05221118927002,32.373020276006635,0.056574085828468686,0.3296184539794922,0.017866282884274234,0.7086589822674634,0.013896715446677583,0.1561539661728166,85.24841564149352,0.5953707053492394,0.23365809834092233,1.700775146484375,0.7132254731676069,-404764100.0,0.2803073881038699,1.0162670511552174,0.9999999976201343,-0.503288950721326,0.00399858846433005,1.666890306694469
SLB,2019-07-11,33.84886761474464,34.1823552798686,33.40699916177336,34.157344818115234,9695200.0,0.00857978579335043,0.022699543018461766,0.009113368484924436,-0.0004921853730364329,33.1893985748291,32.276897525787355,32.54295594668364,0.058259852602794676,0.5727915000915544,0.01579488593237379,0.6544679176009373,0.013389766388879952,0.14899659894429862,80.63034515024387,0.6577840711502105,0.23685717131351475,1.6257438659667969,1.0004318433105304,-395068900.0,0.6581260085811405,1.5491422227860479,0.9999999976201418,-0.38710531683970006,0.0020117097495655715,1.4022373690508696
SLB,2019-07-12,34.27405512997597,34.51583346174338,33.93223179830845,34.02394104003906,6788100.0,-0.003913213035923957,0.017152676779804824,-0.007297475860046649,0.003416843799838881,33.33112983703613,32.44447402954101,32.68400214605082,0.04868215798659363,0.7399873733520472,0.014640421330980568,0.6467264146344497,0.013032225833225448,0.1480005728104128,74.3067921062064,0.6885454202229582,0.2140948163090099,1.4173126220703125,0.7288366165214133,-401857000.0,0.8758333191280686,2.9871419047754486,0.9682517900064421,-0.24793274046388505,0.006964870975615408,1.1592296529796957
SLB,2019-07-15,34.057292071557484,34.18235072440599,33.63209837654514,33.740482330322266,6903800.0,-0.00836605253639617,0.016308372312933667,-0.009302258693074364,0.0009802224697948467,33.39198951721191,32.63372745513916,32.78461930645763,0.03391444868516898,0.9304195404052713,0.013425634330414651,0.6407711622354731,0.012613403925703297,0.1323389865400638,72.30368271192219,0.6821874300293445,0.1661894608923169,0.6085968017578125,0.7603115561563728,-408760800.0,1.457354562357995,3.8336850493619443,0.8878911367669489,-0.09853712060432449,-0.0001590408963782905,0.9816404588114351
SLB,2019-07-16,33.640437127676776,33.982260538105656,33.24859279595885,33.40699768066406,9257000.0,-0.009932983084820848,0.021961498879962293,-0.006939251298273339,-0.0029651384845669417,33.45451736450195,32.775875854492185,32.84389343733443,0.0192556814949425,1.083046531677244,0.013435040493668901,0.6550630837060416,0.012361656460055074,0.11897912276656696,66.8932974625167,0.6428291188789501,0.101464919793538,0.6252784729003906,1.0101103788650472,-418017800.0,1.6630187750064036,4.683514927204025,0.7982054845991657,-0.04230317617079803,-0.0020336648709055752,1.1043006020039707
SLB,2019-07-17,33.19857628781911,33.407005321861355,32.13975641323953,32.20645523071289,12523600.0,-0.036598483973493454,0.03934766802319005,-0.029884445902285176,-0.006238854351332158,33.40866355895996,32.846741676330566,32.783185036703806,-0.019493149485784997,1.1877444458007815,0.016167305867441768,0.6759056698213775,0.013056201675453087,0.10577760460489305,46.395614265814935,0.5088973791624056,-0.025973455938405166,-0.4585380554199219,1.3489218997313164,-430541400.0,0.48542184336853905,3.3935879109418394,0.47533775233822306,0.11945745237328806,-0.00820799353440341,1.701445777947725
SLB,2019-07-18,31.83961602096735,32.33150863647461,31.64786170378648,32.33150863647461,13563000.0,0.003875348857512455,0.021144912858068066,0.01544907498832057,-0.011390238606442837,33.34947052001953,32.94136848449707,32.740168236681974,-0.018513494614210486,1.3031808853149407,0.015841064180716607,0.6949620265859574,0.013027181925802284,0.08180940824565695,46.98362934789246,0.4081414743835694,-0.10138348857379309,-0.5919303894042969,1.4354439181491103,-416978400.0,0.39368136778188617,3.8288267544458847,0.19485522239114825,0.3067422070567458,0.0046722041809751326,1.7039869050749508
SLB,2019-07-19,32.79838183227725,32.79838183227725,31.089264967198492,32.27313995361328,12811700.0,-0.0018069504290057145,0.05295787356096434,-0.016014261964200718,0.014440192106468578,33.277770614624025,32.96054382324219,32.695689352580196,-0.020855355825293905,1.3389084243774434,0.01189430052993857,0.7771415638153601,0.014384573154744179,0.0785366210443691,39.51100595377322,0.319894286828486,-0.15170454090310126,-0.7169990539550781,1.357770668944508,-429790100.0,-1.4369718109000644,3.6313062842876924,0.05439135867822033,0.13887466888205952,-0.003509085178566902,1.0199195935041527
SLB,2019-07-22,32.61496188359649,33.14853949783041,32.19810397492955,32.923439025878906,10961200.0,0.019949532619022485,0.028868051182435326,0.009458148177004619,0.010591529999080288,33.24442253112793,32.98597164154053,32.717379797656264,-0.0018957336270450846,1.367882461547854,0.01217669365884762,0.7634445703906673,0.014621677857389796,0.07693578179678723,51.61276599069788,0.2989849429495024,-0.1380911078256679,-0.3334808349609375,1.1942484058910532,-418828900.0,-1.2779546683885452,3.350948823381906,0.38075099743059004,0.16072864647191695,0.003983312791913463,1.249285802758525
SLB,2019-07-23,32.97346537098993,33.49036837237852,32.72335122066474,33.14020919799805,10610500.0,0.006562488021869718,0.023144608023781415,0.005056909400697098,0.0015194750788852613,33.206905364990234,33.03182601928711,32.75764926435548,0.003281174302857285,1.4012755966186532,0.012131870544142328,0.7699952292490221,0.014715787374612868,0.07375268857012043,55.28754122435813,0.29648795001735806,-0.11247048060624981,-0.3751716613769531,1.1481429581629279,-408218400.0,-1.4477367752264108,3.796620883258669,0.48953945812855454,0.17893256095560192,0.0077411552125139955,1.2080761215311968
SLB,2019-07-24,33.04850177655325,33.92390294168135,32.99848085192397,33.6237678527832,10763300.0,0.014485868935964,0.027522855077075314,0.017406721796934296,-0.0027672553572876952,33.18272857666015,33.10477638244629,32.840136748967645,0.015677238364072074,1.429078292846679,0.01244833409958925,0.7997708087274086,0.015011510691290269,0.07088926865555945,57.4205528299126,0.329727316050338,-0.06338489165861594,-0.24176788330078125,1.1473320715839361,-397455100.0,-1.4905600231504161,3.6167694919955524,0.7264955556467666,0.21077419210081663,0.006238948900719505,1.5871816541786967
SLB,2019-07-25,33.84052726298465,33.84052726298465,32.981800935302815,33.306949615478516,7701100.0,-0.009467121093512268,0.02578219673658635,-0.015767415305309722,0.0064466127398481125,33.09768905639648,33.143543815612794,32.88459511720678,0.004930245262087705,1.4428435134887714,0.012517080745207142,0.8301420118680234,0.015026249938347495,0.06906503940786678,53.18789421641905,0.32673872844446095,-0.05309878341159441,-0.8503952026367188,0.8238175494072838,-405156200.0,-1.2586578928393333,2.921561852034847,0.5640987507601454,0.15305571928829176,-0.005071615833104974,1.5682506589215295
SLB,2019-07-26,33.26527707591794,33.60710058478177,33.08185849737521,33.35698318481445,6731100.0,0.0015010689177458497,0.015746090840902952,0.0027568118157326148,-0.001251166499534565,33.03099327087402,33.181061553955075,32.92958445697894,0.005301868675096941,1.4597834014892541,0.012514812211498222,0.8188274008174571,0.015076933781791303,0.06746863630628645,51.05280690981044,0.3246650060399361,-0.04413800465289547,-0.6669578552246094,0.7188469997848084,-398425100.0,-1.2486681726566442,2.9063377338085283,0.5897452913960473,0.1493071932228004,0.005369164570001534,1.5365756868636289
SLB,2019-07-29,33.34030695166112,33.34864271297462,32.22312729356149,32.690006256103516,6549500.0,-0.020197729178661486,0.034429954237252244,-0.019504940266460383,-0.0004999322948642786,32.92594566345215,33.15896759033203,32.90676748546699,-0.014142820730198168,1.4391639709472663,0.012852461162108423,0.8599177270367585,0.015637907895353374,0.06879998437141407,42.003318907052126,0.2661342718823576,-0.08213499104837918,-1.05047607421875,0.7115862141646888,-404974600.0,-1.0351955341893875,1.7790519895256531,0.24786180931739285,0.20006203853712837,-0.0016153627850563226,1.562612579252294
SLB,2019-07-30,32.50658983306732,33.148548385811424,32.17310214456774,32.97346878051758,9256500.0,0.008633849643439143,0.029582760847412713,0.014362593857056087,-0.005610779685976555,32.8825927734375,33.168555068969724,32.913119989757526,-0.005881663763962249,1.4307477569580058,0.01278627574344926,0.8885025635631142,0.015473039735372025,0.06816669454380392,41.24401290426937,0.23985638499554796,-0.08673030234815104,-0.4335289001464844,1.026847346243296,-395718100.0,-1.2526257922137158,2.302160076567484,0.39316092044674616,0.11960898758455786,0.0005441811012686586,1.777168576920479
SLB,2019-07-31,33.073506357064495,33.85720129420828,32.77337132154247,33.32362365722656,10673300.0,0.010563302847308153,0.03252437321385879,0.00756246699281832,0.0030338808820145912,32.99430961608887,33.201486587524414,32.952215577135526,0.0036786626821716443,1.4403163146972666,0.012948949430047275,0.910536410318155,0.015834738498995,0.06667513094795696,41.90936774201191,0.24446747363941057,-0.06569537096343075,1.1171684265136719,1.1714065428125369,-385044800.0,-1.3580765461177884,2.384572321571869,0.5726456422758153,0.15348814285392556,-0.012464068427379136,1.005317686456657
SLB,2019-08-01,32.83173469574711,32.8900945572737,31.739565666483713,32.10639953613281,13280000.0,-0.03721119184126572,0.03583487738932453,-0.022092501853344146,-0.014760968571099039,32.971798706054685,33.16063461303711,32.871661668468604,-0.031791764217016086,1.4066927337646504,0.015311916463652252,0.9819975765544352,0.016408468842990007,0.07273333392942295,34.6257364887349,0.14819369612339983,-0.12957531878355322,-0.22510910034179688,1.3938159910997292,-398324800.0,-1.205646624501101,1.0776859774750236,0.0,0.026707373531140503,-0.012361820660159381,1.449061846657106
SLB,2019-08-02,32.106395579644,32.28981408205275,31.00589092593857,31.19764518737793,8738200.0,-0.028712755558712343,0.041154489334138455,-0.02830434173190823,-1.2323053560671674e-07,32.86424922943115,33.071009922027585,32.71223152741235,-0.05664673498228624,1.3234019279479945,0.01644184722337816,1.0344026342868156,0.017198134480014865,0.09022029874601194,31.470257849898942,-0.0014165185960663962,-0.22334842680241557,-1.0754947662353516,0.9035994761352514,-407063000.0,-0.9294635210771289,-0.022381962877997864,0.0,0.215866106840601,-0.0065449979045989854,1.630373873754059
SLB,2019-08-05,30.58903646019878,30.680745721758647,29.930403289709883,30.00543785095215,10771600.0,-0.038963990268901884,0.025006881611792722,-0.019078685593970475,-0.01950816234763073,32.572449111938475,32.9084358215332,32.45444165346376,-0.08821440150861003,1.1770322418212906,0.018031925779947174,1.0725150739669043,0.01729548798515099,0.12284140854810176,27.969812391031667,-0.21372121487353724,-0.34852249846390915,-2.918001174926758,1.114604007011546,-417834600.0,-0.7348896092504221,-0.6276695597710839,0.0,0.3228951465234752,-0.030502674530689344,1.4004101857093227
SLB,2019-08-06,30.12216725348042,30.33893206652547,28.938288593446188,29.563575744628906,11639900.0,-0.014835572519892577,0.047377336394558066,-0.01854420049364051,0.0038902749264352874,32.214785766601565,32.7108455657959,32.17912109071759,-0.09621487206243108,0.9964285659790058,0.017896159574964866,1.082043257142437,0.018284796238437435,0.15222878189404637,31.01800784360141,-0.4128694929187233,-0.4381366212072762,-3.5766334533691406,1.1864017217242315,-429474500.0,-0.5725202012547707,-0.7609025794932811,0.0,0.31385136192608554,0.011141774054524246,1.1782584313170703
SLB,2019-08-07,28.86324297240653,29.188391657842963,28.296315917665265,28.96329116821289,12162700.0,-0.020513848043155924,0.030800220009414844,0.0034662839481346287,-0.02368904148374589,31.748738098144532,32.46573333740234,31.872851574288568,-0.1078811968542365,0.7720886611938447,0.017719875446237973,1.1237298924478305,0.018648530834649485,0.18088692615176655,27.35431437502629,-0.6120782297574721,-0.5098762864368199,-4.6604766845703125,1.2079274490729774,-441637200.0,-0.3775152244120395,-0.8977320906340227,0.0,0.29326367591035973,-0.0009243373399841368,1.1365793367355643
SLB,2019-08-08,29.130035083314468,29.371813479866756,28.64648147058395,29.355138778686523,10805500.0,0.013438410732988133,0.024708859826935554,0.007727546318713292,0.0057570776101777375,31.35355701446533,32.22562303543091,31.63306940327885,-0.08907459302147207,0.5396531867980947,0.017989032986791945,1.0534595456052624,0.018696245541830876,0.19442249543561202,31.22325779710647,-0.7299197016046612,-0.5021742066272072,-3.951810836791992,1.067254147826379,-430831700.0,-0.3542151902220008,-0.9396381132999969,0.07743029445305784,0.22773552315527953,0.018573377294655292,1.101468760165728
SLB,2019-08-09,29.355131164700254,29.421829952121186,28.554764797888428,28.788204193115234,7866600.0,-0.019501890490042906,0.030118764908584294,-0.019312704426500835,-2.593749028856466e-07,30.89667911529541,31.963836193084717,31.36212985945374,-0.09935077819778469,0.28044054031371957,0.0181609823547297,1.0475045192718266,0.018985306417335708,0.2106313108293945,23.10202811611694,-0.8591530188341601,-0.5051260190853649,-4.568778991699219,0.7728639913228907,-438698300.0,-0.21971866946378768,-1.0842607660150774,0.0,0.1774617946708381,-0.00673751604094796,1.1373782460381392
SLB,2019-08-12,28.65481578641205,28.788210208755043,28.363016481403598,28.57144546508789,8030000.0,-0.0075579178439155814,0.014881771658035258,-0.002909469805898884,-0.0046334396480028905,30.48482303619385,31.705384349823,31.096350393323657,-0.09884563612781451,0.020842723846435263,0.01816147358108681,1.0230885603888027,0.01896537016232145,0.2257635491332513,20.282059820284076,-0.9679045702516582,-0.49110205640229043,-4.118560791015625,0.7845769562029211,-446728300.0,-0.22705572489511994,-1.082090048977152,0.0,0.1744799448672484,-0.012369455363189579,1.0776128581102948
SLB,2019-08-13,28.429710448884784,29.81367869284042,28.229620417194702,28.87158203125,11075400.0,0.010449981852786791,0.05486565557547782,0.015542598759831891,-0.00496072263394221,30.07463436126709,31.478613567352294,30.884467692173786,-0.0828191346650079,-0.1999251365661614,0.01862369452654522,1.0701340022379697,0.020120804942984634,0.23493827544873452,18.333353669014414,-1.0181360075914476,-0.43306679499366385,-4.101886749267578,1.072601611410713,-435652900.0,-0.3346638035896196,-1.178986280456869,0.05940566387826336,0.1756040766674017,0.013356959376459504,1.088758538132759
SLB,2019-08-14,28.154591770243087,28.187941175983156,26.845657808501905,26.962377548217773,12761500.0,-0.06841532047736402,0.04978356842162002,-0.04234528533584985,-0.024833771153615954,29.43850975036621,31.21640968322754,30.510935297511306,-0.13627550952137335,-0.40560310363769503,0.022001155552257137,1.1535052804569883,0.020513558419128684,0.2685276127906049,15.12377955146755,-1.1981896450928105,-0.4904963459960213,-6.361246109008789,1.2344705701403513,-448414400.0,-0.9714830374573665,0.8336479878138313,0.0,0.05064822054239832,-0.029549569924472704,1.2983458935842997
SLB,2019-08-15,26.762280983511662,26.803969325716864,25.936903965982008,26.387109756469727,20155700.0,-0.021566846035216337,0.032859429006705215,-0.014018656603787986,-0.007421324931314819,28.866580772399903,30.919189739227296,30.1181900078883,-0.14657822604606296,-0.647964572906492,0.02197002157099064,1.1892361015162172,0.020786271907521588,0.30231129245548144,13.778100259406074,-1.3714930351254289,-0.5310397888229117,-5.719289779663086,1.8894908863705926,-468570100.0,-0.8062029828308931,0.6032828311576229,0.0,0.10496900284186868,0.0008664083664559381,1.2706471424948556
SLB,2019-08-16,26.378769673359624,27.329205258296618,26.34542186538671,27.279184341430664,13561300.0,0.03324830890975734,0.03606351937054696,0.03413406611531182,-0.00031606656382885984,28.474734687805174,30.669491958618163,29.847808515844715,-0.11054332500068749,-0.8588111114501977,0.024007011566817282,1.178516637348856,0.020116124756770288,0.3193598876777293,22.52322687613166,-1.420479849198255,-0.46402128231659034,-3.9184608459472656,1.266849420513987,-455008800.0,-0.5156009626391217,0.30073115796217914,0.12327162232283227,0.02151407006689536,0.016646347928243186,1.3787150323100215
SLB,2019-08-19,27.954498214866003,28.613134659448505,27.879463642946803,28.429716110229492,11073600.0,0.04131100702192179,0.025806484090698155,0.016999693276940002,0.024755647565667727,28.31716251373291,30.444805812835693,29.712752096262314,-0.06618829218337888,-1.0584858894348166,0.025808432832357495,1.2041240714041532,0.020039075432884145,0.3201976253123149,28.793758039461792,-1.3508917151437423,-0.315546518609662,-1.5757217407226562,1.0339143437221794,-443935200.0,-0.20184285907314758,0.2993995215863866,0.28225823629525,0.17562237389311347,0.014631389880551333,1.4707477590085642
SLB,2019-08-20,28.187939217884757,28.488074307573125,27.96283551533786,28.26297378540039,7770100.0,-0.005882338831903697,0.018583988939853982,0.002661938743930066,-0.008504372375978083,28.18710231781006,30.200944042205812,29.57467797141832,-0.06416919464825696,-1.276169147491455,0.025613186129919877,1.1642247013733997,0.019953174593739246,0.3174558785737786,25.96993767416383,-1.2942777019518594,-0.20714600433422325,-1.3006019592285156,0.7352239163274855,-451705300.0,-0.13417087324095506,0.3911149561937493,0.25921689284921506,0.14298260447991054,-0.008354860958219855,1.4484771760987265
SLB,2019-08-21,28.54643890337727,28.704843807676227,28.029532663376685,28.087892532348633,6427200.0,-0.006213988457298048,0.02404278439622306,-0.01606317245316318,0.010029557403591596,28.099562454223634,29.924150276184083,29.43307935817359,-0.061363738882733915,-1.5029400253295897,0.025080962613307483,1.099314212341735,0.01986340532159671,0.30723194517612384,28.822517264304125,-1.2491389858546356,-0.1296058305895995,-0.8753986358642578,0.6208931231488262,-458132500.0,-0.045253356944658846,0.6677072268314558,0.24401917637730086,0.14788629558844224,0.01069282871500363,1.3689008290847278
SLB,2019-08-22,28.31299558134517,28.654819026017726,28.0712171696471,28.10456657409668,6975600.0,0.0005934619165122881,0.02076537472413895,-0.007361602083031436,0.008014237762312986,27.97450523376465,29.66403112411499,29.306554331118644,-0.05257089110692597,-1.7318781471252436,0.02516463868508083,1.0492912623600525,0.019755415680483168,0.2949177092602627,32.007795722426835,-1.1982085697888216,-0.06294033161902846,-1.2505722045898438,0.676240503758265,-451156900.0,-0.1082472309016364,0.620730362319786,0.2464114783172923,0.1505094383024729,0.0017959814424238286,1.3765363109061617
SLB,2019-08-23,27.637686474934817,27.787755608293896,26.595539892184213,26.703922271728516,13952100.0,-0.051121618489729265,0.044645715486218415,-0.033785903319120125,-0.01661225046580775,27.766077041625977,29.331378078460695,29.058684611176727,-0.08957832801799497,-1.9851614189147924,0.026699686341567358,1.066561604091797,0.020505616611387726,0.2863945338155208,31.250006770143344,-1.2563833326636242,-0.09689207559506485,-2.0842819213867188,1.306827308860782,-465109000.0,0.005566529212575853,0.09782543364819864,0.04567316080307867,0.12087589560427872,-0.026121497813916688,1.4180723441462835
SLB,2019-08-26,27.104108723180108,27.212492705531503,26.128662423141055,26.33709144592285,11611200.0,-0.013832189427419808,0.04115223902441329,-0.028298930065952844,0.014986055133753527,27.542641639709473,29.01373233795166,28.799485262104927,-0.0922542767283892,-2.230440711975099,0.026621806659349344,1.043932090471166,0.020712625761277054,0.281945799725666,31.518619946129334,-1.316906949707711,-0.1259325541113212,-2.234354019165039,1.0623821984738413,-476720200.0,-0.031176786994827236,0.14019174920195485,0.0,0.13982689306444518,0.010302777436914932,1.356515833124711
SLB,2019-08-27,26.62055029471312,26.6872459163093,25.970251287187217,26.05362319946289,10000600.0,-0.010821421873163211,0.027519958496093747,-0.02129659563659814,0.010762724098531733,27.260845756530763,28.667740058898925,28.537974589472352,-0.09118670861620885,-2.486224861145022,0.026240790172004258,1.0046274334824832,0.020647042739978375,0.2681095655627731,32.70565983148067,-1.3719311029532122,-0.14476536588545796,-2.8179588317871094,0.9119139423732322,-486720800.0,0.068470311655785,0.3396449355180861,0.0,0.11003069628619878,-0.0045461923533971944,1.3443607235405242
SLB,2019-08-28,26.16200925484348,26.762284245386244,25.870209906085513,26.362102508544922,11557000.0,0.011770622899712403,0.033839271318043644,0.007648237249377119,0.004160114489673853,27.200818252563476,28.319664001464844,28.330748677003076,-0.06912375418079347,-2.745760192871092,0.02629601638866786,1.016537599912335,0.02068664062147103,0.23224324950046313,32.03206994747757,-1.3747986159913985,-0.11810630313891535,-0.6002750396728516,1.0496067947894747,-475163800.0,0.0663235757842266,0.31488825494648076,0.050964927731345706,0.16052156658434014,0.008581886541401545,1.451382362844028
SLB,2019-08-29,26.65390074618108,27.254175711700167,26.54551836261586,26.89567756652832,12614300.0,0.02003812065814294,0.026348373166334836,0.009070973237636967,0.011068853007516201,27.251675033569335,28.05912790298462,28.19407523791024,-0.04146423725209739,-2.9354303932189936,0.026494522078377433,1.0183238891210842,0.020435006858258338,0.20080522685971924,38.593010462807655,-1.3188136302307178,-0.04969705390258783,0.5085678100585938,1.1491044640835963,-462549500.0,-0.14449984631747367,0.26861791702651683,0.16369571658261353,0.1720311349590905,0.014302365661370676,1.4531941781483937
SLB,2019-08-30,27.095770602952715,27.612673643950416,26.78729656659311,27.037410736083984,12443800.0,0.005255901350796609,0.030527223387399372,-0.0021538367638221437,0.007439598274832487,27.22749767303467,27.851116180419922,28.08391671392679,-0.029216259738559208,-3.0463976669311528,0.02623455831170478,1.0469084141215028,0.02011240198636994,0.17443441829813341,40.66939218725347,-1.2486151847815137,0.016401113237293208,-0.2417736053466797,1.1147576523242184,-450105700.0,-0.3287826343551506,0.4739001927283383,0.2489457681829515,0.15177114547241716,0.0015683549187190087,1.440525220729598
SLB,2019-09-03,26.40232915038702,26.978133887522777,26.343055418344466,26.85958480834961,9366900.0,-0.0065987564316898305,0.02364438891031886,0.01731876211973853,-0.023488994264136007,27.07048454284668,27.693823528289794,27.967313675300392,-0.030123638185532355,-3.0925843620300313,0.025172949205628938,0.9833582028424885,0.020091950619108127,0.16190813248248132,37.577400857421324,-1.193572713952193,0.05715486725329133,-1.5701313018798828,0.8444316230262654,-459472600.0,-0.4682523724503192,1.1325402530579196,0.22962179579905972,0.1302041758771405,-0.005920775051242397,1.5384879629014745
SLB,2019-09-04,27.333776922042926,28.307565223068,27.045876161798276,27.926517486572266,11018400.0,0.03895395162896426,0.045178889987853806,0.0216852784823649,0.017654484128358842,27.036838912963866,27.611970615386962,27.96342832399295,0.011391684989336473,-3.08850519180298,0.026970582734754764,0.9420765022689382,0.02002216554185022,0.1497342342008202,56.64386969952113,-1.0517348640259598,0.15919417374361977,-0.336456298828125,0.9961058538757264,-448454200.0,-0.4452929489106245,0.6998866762975903,0.5672831875223086,0.10420622042388293,0.012109642430783498,1.692857585517779
SLB,2019-09-05,28.2567577560387,29.467640989714944,28.180548208808162,28.841032028198242,12117900.0,0.03222241140264911,0.04462714023715848,0.020677328843033287,0.011825329442714095,27.11215286254883,27.60585765838623,28.047009629155358,0.044743198530431606,-3.0281435775756833,0.027725090131729788,0.9789086394765748,0.020481267534469376,0.14859624508377478,66.15462387971544,-0.8556700339651471,0.2842072030435461,0.7531394958496094,1.0957267839954572,-436336300.0,-0.5942504743069826,0.6386567690093314,0.8442815892899733,0.2166924078052589,0.0127101960417718,1.7285365057171804
SLB,2019-09-06,28.620871536512478,29.196676324042937,28.16361422344245,28.95958137512207,11976700.0,0.004102015746019034,0.03567254951716756,0.01183436493810086,-0.007633585770110803,27.19765434265137,27.586079788208007,28.13392122400933,0.04978966194033784,-2.9764810562133803,0.02756554217606209,0.982428547168759,0.02077521894952174,0.14403337876330927,62.31676785571487,-0.6828498342031821,0.3656219222444088,0.8550148010253906,1.0772549772684241,-424359600.0,-0.5541783509650283,0.6830706843981854,0.9999999965587942,0.2416961526033844,0.001232559332366671,1.8067209464031677
SLB,2019-09-09,29.21361004612067,30.873281030020312,29.069660474638845,30.678524017333984,13461600.0,0.057661754255071536,0.058790982068185074,0.050144914267719616,0.008771835052036549,27.595114517211915,27.680595779418944,28.376264347183106,0.10830432487092846,-2.843402976989747,0.03019881535340266,1.0238392140887878,0.021927599018370863,0.17126000428011587,65.21522215210538,-0.40254399872372915,0.5167422061790894,3.9746017456054688,1.1810964554208823,-410898000.0,-0.39254909926275744,0.5943653357598274,0.9999999978377915,0.22365188668737868,0.0037020122583753365,1.8273199872582082
SLB,2019-09-10,31.37287094937803,32.50754443723158,31.186583490000274,31.720046997070312,19638200.0,0.03338601199902048,0.041644356559538236,0.011066122965044294,0.022632996673885776,28.13341007232666,27.838025856018067,28.694719837648556,0.13945030301827327,-2.6577361297607425,0.03081091717765692,1.1169664732075257,0.02253578578419713,0.21290659680880175,70.91450459968587,-0.09525931443779356,0.65922151237202,5.382955551147461,1.6395286173641495,-391259800.0,-0.535793964807408,0.4830002524366915,0.9999999982352185,0.2949762268820362,0.0021112402777391194,1.8950312383104613
SLB,2019-09-11,31.87247568986619,32.88013574564805,31.39828576260566,31.60150909423828,17918600.0,-0.003744002788836087,0.04689174743596547,-0.008501586078989808,0.004805437167541229,28.6881986618042,27.974522209167482,28.97155690970472,0.12965322009618474,-2.497635574340819,0.030858420559488377,1.1745763902605861,0.022191443426535597,0.24203045320873895,71.40300738217027,0.13712035552541124,0.7132809458681798,5.547885894775391,1.4544182420375134,-409178400.0,-0.45827999659295393,0.4022378354508951,0.9790806482436261,0.34894936912849106,0.00571393308609487,1.9361679040308382
SLB,2019-09-12,30.932559023528786,31.38135007387611,30.06038549220034,31.245866775512695,13089500.0,-0.011317771348088456,0.042276458232581575,0.010128736899704708,-0.021168295118901823,29.176575088500975,28.188696670532227,29.18815784930548,0.10845375863639552,-2.2550785827636695,0.026306992600723077,1.2429708006653943,0.02197462651958521,0.25879624258547906,68.37619616557552,0.289251246959779,0.692329469842038,4.883764266967773,1.0610370919177743,-422267900.0,0.05257999952619677,-0.03993341549936716,0.91631754918843,0.26303290304475474,0.0012981352626545495,1.783176395710658
SLB,2019-09-13,31.694653569587537,32.2450562683443,31.16118668634999,31.60997772216797,8453300.0,0.011585717204351921,0.03428884358985791,-0.002671612965690165,0.014363077116700587,29.648005104064943,28.44984006881714,29.41880736100667,0.11107751908997707,-1.9676659584045417,0.025407763380545022,1.212602436385526,0.022010604088649157,0.27043278318337854,82.66058908737777,0.4341916932929948,0.6698159329402031,4.714300155639648,0.719344384219916,-413814600.0,-0.07062772381610206,0.3466926194216593,0.9805751760476209,0.3342997790239419,-0.0012465694979716152,1.7174260427363013
SLB,2019-09-16,33.89624446883929,34.082535135534314,32.88858807117354,33.28657150268555,22533100.0,0.05168123602272014,0.03586873055593757,-0.017986445864650747,0.07232737608252006,30.2729211807251,28.750209426879884,29.787165850690375,0.15778535761080092,-1.6732252502441405,0.02671165371682177,1.3117972314552329,0.021980896540859995,0.3036654991449773,89.39423001030394,0.6765463423612452,0.7297364656067629,6.2491607666015625,1.8469776807102631,-391281500.0,0.02985836987726236,0.0909984082326084,0.9999999986174379,0.2717859184012126,0.0010320040257169967,1.6534814797417943
SLB,2019-09-17,32.95633701155941,32.998678160142816,31.762389623487888,32.321258544921875,13493400.0,-0.029428884456061687,0.03825001229258032,-0.019270298953879012,-0.00992095239065072,30.819088554382326,28.944786548614502,30.02850801204576,0.11665216430725396,-1.4599349021911614,0.026986417594193263,1.3694534636034883,0.02229991692658664,0.32082815168103046,82.97966168920948,0.7817103888197678,0.6679204096522283,5.461673736572266,1.0951568362081734,-404774900.0,0.1940562726954435,0.11434322443447993,0.8665394904040764,0.16011879594052109,0.0011124185645163638,1.5798261150608695
SLB,2019-09-18,31.864002640372295,32.5498852769156,31.787793099625713,32.20270919799805,6949000.0,-0.0036745874274117293,0.023665467790432597,0.01062975550964223,-0.014147218429445144,31.246707725524903,29.141773319244386,30.235574791660262,0.10503601977894417,-1.2366946983337392,0.026936665776104318,1.360169023459857,0.022386675481455218,0.3329237176005701,81.35948877077637,0.8457385640532387,0.5855588679085593,4.276191711425781,0.5658831653626408,-411723900.0,0.18417486752430046,0.13568964755008736,0.8501493073431652,0.16979333365417562,-0.0012001511204167566,1.6208639981338773
SLB,2019-09-19,32.60069513162373,32.6684383862779,31.87247129497226,31.974082946777344,6234900.0,-0.007124918860958691,0.024894133559063125,-0.019220822817319398,0.01235877177844482,31.560012817382812,29.33608283996582,30.401146996909507,0.08992339301747754,-1.0045561218261732,0.026960545474236316,1.3533043011848849,0.02240345154583561,0.33970373143768745,78.19020093091136,0.8680270509444377,0.48627788383980664,3.1330509185791016,0.508129178533052,-417958800.0,0.18779516748823186,0.1254495500590573,0.8185403090038921,0.174202585558021,0.00016955076158034883,1.7964904340244432
SLB,2019-09-20,32.07570466344001,32.2196542649886,31.47449445589516,31.584575653076172,17917800.0,-0.012256777551029528,0.023592522415949006,-0.015311557938230597,0.0031782527377507037,31.822512245178224,29.510083293914796,30.513854487973,0.07029774665492562,-0.7791002845764154,0.02726601089958652,1.3475744963088943,0.022453347726342218,0.3418750308092553,74.5655425571071,0.8445256876044596,0.3702212163998628,2.6249942779541016,1.3979261809030916,-435876600.0,0.24050071779893595,0.004207674350921012,0.7646885079355632,0.18725718621038534,-0.004576981509702685,1.8282743806871458
SLB,2019-09-23,31.16965620919786,31.753927308816536,30.991831761334332,31.60997772216797,5849400.0,0.0008039322727415745,0.024109335165641354,0.014126607942508316,-0.013136774368469321,31.915657615661623,29.755386066436767,30.61824717694395,0.06232793120513831,-0.4855182456970226,0.023935928653397796,1.3524130841476576,0.021911560996092868,0.3324441829315641,76.09318883762253,0.8185150900707256,0.27536849509290307,0.9314537048339844,0.4712591079157093,-430027200.0,0.7513412717331345,-0.22837934335552806,0.7682005016609101,0.10519687174230588,0.0019349325903173463,1.600319777898187
SLB,2019-09-24,31.44062157583823,31.516831127626084,29.99264009186902,30.111190795898438,12212700.0,-0.04857593155739187,0.05061875653103295,-0.04228385805710165,-0.005357680028068196,31.754771995544434,29.944091033935546,30.569956093034854,0.005580391863406964,-0.2242274475097652,0.026632807583631592,1.3645100281176974,0.02224047382253381,0.31242060619559114,61.456555433661485,0.6692472592513354,0.10088053141881026,-1.608856201171875,0.9815424813067944,-442239900.0,0.24356105624349067,0.05474693888479915,0.5609839059706606,0.09830333741977318,-0.009524892211424791,2.5486734569122502
SLB,2019-09-25,29.89102370405096,30.1027165110629,29.493043423388116,29.840219497680664,11344800.0,-0.009039758769326885,0.020431253453821695,-0.0016996475889652879,-0.007311802888827258,31.57864303588867,30.133420848846434,30.50045736966779,-0.009730105076237781,0.03643793106078874,0.026573557575117965,1.2985831616439576,0.022109116584972024,0.285818342610548,55.619059550691475,0.5230568351418334,-0.03624791415255346,-1.7612895965576172,0.9068900477354728,-453584700.0,0.2388629537190142,0.07792280029385654,0.502293675811955,0.1628172487637865,0.005859099368288179,2.4164720655305434
SLB,2019-09-26,29.636996333517185,29.72167217382816,29.035789468850993,29.247482299804688,12359300.0,-0.020063636376075254,0.023450999916726094,-0.013142830984933082,-0.006810377657552898,31.37880458831787,30.277689838409422,30.381126410633208,-0.03402530193363176,0.23988637924194123,0.027216272648891288,1.2822522993746137,0.021861308813110193,0.2611305166844193,51.53707115049943,0.355275537389101,-0.16322336952422878,-1.9983844757080078,0.9848298920769295,-465944000.0,0.35929407310236766,-0.10644492113532478,0.37154231077591837,0.18499820603508252,-0.0003777836459982787,2.5854088249736398
SLB,2019-09-27,29.010388934572443,29.57772749512893,28.883375153081975,29.069665908813477,9969900.0,-0.006098272892960232,0.023885803993242236,0.0020433016039433844,-0.008106453841116693,31.12477340698242,30.38638925552368,30.2562254104599,-0.04333266896694049,0.41382265090942383,0.02710491722798211,1.195156062742379,0.02180771435851032,0.24163153409580346,39.718597173977855,0.20558944627995146,-0.2503275685067027,-2.540311813354492,0.8028936674650049,-475913900.0,0.5117887357226287,0.0499020743968089,0.3438751629862321,0.19993492274773816,-0.00478908992352243,2.920991360936242
SLB,2019-09-30,28.91724290688099,29.188209480582238,28.629340518551373,28.934175491333008,9583500.0,-0.004671782441962805,0.019315185331556062,0.0005855532115058202,-0.005243369580187521,30.68953380584717,30.481227493286134,30.130315894352577,-0.0507542552967686,0.575440177917482,0.027175906049777394,1.104430958609041,0.021580281395678032,0.22272406850371967,29.865298950750585,0.07516276670847333,-0.3046033984625447,-4.352396011352539,0.7807684991052548,-485497400.0,0.5666418558701495,0.06178484522347721,0.32279367896992617,0.20676006908396335,0.0033077133396360596,2.864352081321904
SLB,2019-10-01,29.095058850780713,29.272880026939287,27.664013460290693,27.68941879272461,12617900.0,-0.043973092244973214,0.05810402084247876,-0.048311985387800176,0.005560322930089947,30.22634983062744,30.522719192504884,29.897849503721343,-0.09282594980843042,0.7216122817993167,0.029060663048615355,1.11350357172377,0.022651754045164986,0.21125688841101017,25.684096765596564,-0.1271767646591222,-0.4055543438641122,-4.631839752197266,1.014545716228076,-498115300.0,0.4316401324109233,-0.200861987439238,0.0,0.259368635891983,-0.015584250001851213,2.921632209976803
SLB,2019-10-02,27.63861938672691,27.73176476229878,26.80031585184512,26.893461227416992,13468900.0,-0.029167167160848387,0.034634772466702025,-0.02696075910607058,-0.0018346143838543973,29.695425033569336,30.471066379547118,29.611717286930453,-0.11740990970147,0.7948944282531727,0.02839840351043267,1.0699553794677499,0.022285913756826484,0.22486760092179273,24.35120259402065,-0.34775077006101895,-0.5009026794128072,-5.309247970581055,1.072405633336306,-511584200.0,0.654855759938678,0.26310637105462537,0.0,0.2526358560519358,-0.018150371644001774,2.417972233233476
SLB,2019-10-03,26.74950499696321,27.35918135524079,26.639423825568404,27.139019012451172,11557200.0,0.009089328290056434,0.026521132887749786,0.014561541065233977,-0.005352833881680614,29.21191864013672,30.385965728759764,29.37622221317052,-0.10685678860077882,0.839488754272459,0.027371733226513588,1.0439473757304696,0.021760278372243175,0.24170175029169993,23.27920482017808,-0.49701353480266874,-0.5201323553235656,-4.835063934326172,0.9222530290703775,-500027000.0,0.7640898160917684,0.8385762027125799,0.038409752698934485,0.21448650915469242,0.009961904539715074,2.207708766558416
SLB,2019-10-04,27.164424112935677,27.443856954615967,26.8341822166909,26.995067596435547,10554400.0,-0.005318340599627964,0.022584671653334578,-0.006234496847642827,0.0009361097566883172,28.752967834472656,30.28774003982544,29.149445583005285,-0.10871304491719581,0.8675007057189958,0.027329657078776277,0.910884327484664,0.021429155609490883,0.25944080769700495,3.9652137700192185,-0.6197766282875143,-0.5143163590467289,-4.589508056640625,0.8470374475236289,-510581400.0,0.8240944336954826,0.9330222725480243,0.01589310437091678,0.21396778666967045,0.01306402301136676,1.7913328089357774
SLB,2019-10-07,27.18982646346392,27.621678397302727,26.918859910824647,26.927326202392578,15854500.0,-0.002512552759911466,0.026100567178319847,-0.009654355882854711,0.007214609347897651,28.284702682495116,30.10018014907837,28.937815165804075,-0.10540979924277762,0.808533954620362,0.023047627575495524,0.8522155137189797,0.02014551928097336,0.27901766874341094,4.564801342889169,-0.7142994295079887,-0.48707132821376264,-4.682651519775391,1.2602926149134162,-526435900.0,0.6574366536772235,1.6807369997496275,0.0052971047681783226,-0.010341548485874904,-0.00453320616959135,1.5358723877973701
SLB,2019-10-08,26.66482906835913,26.97813517204341,25.953541019805535,26.00434684753418,16807100.0,-0.03487790445159251,0.039400880100744766,-0.024769790165603843,-0.009748354963298409,27.874018287658693,29.814395141601562,28.65843723073075,-0.12779223847982835,0.6564621353149391,0.021800149614007922,0.870965654786693,0.02004599707714625,0.3020097999646956,4.020007646053912,-0.8538435735354319,-0.5012923777929646,-4.106843948364258,1.3512203279184078,-543243000.0,0.8120483485815473,2.769733159933016,0.0,-0.050946695203754506,-0.015069444897541596,1.4951109039947545
SLB,2019-10-09,26.199105240293243,26.385394350308673,26.01281451518968,26.165233612060547,12176900.0,0.006167857711441339,0.014239499659856074,-0.0012928543903324733,0.007489455278417442,27.50651969909668,29.542581367492676,28.420989267047876,-0.11432134901889145,0.5208130645751972,0.022053511353857167,0.8413285413201825,0.019160852247599898,0.3181781017343608,6.471994955313008,-0.9406083481982996,-0.4704457219646659,-3.674985885620117,1.002100585324706,-531066100.0,0.7299309757842765,2.4183311066525968,0.022093078959274738,-0.0907768556508554,0.008531121494294571,1.5278134070953653
SLB,2019-10-10,26.25837920037844,26.580151595914945,26.00434683171348,26.309185028076172,12784900.0,0.005486550622223299,0.02188607376423813,0.0019348424862796097,0.0035598989750642877,27.21268997192383,29.29574728012085,28.219865053812477,-0.10194524903180274,0.4142677497863758,0.022286929170759057,0.8292317523993274,0.01850500764386016,0.33040351791873457,8.959066854384744,-0.9863839607084373,-0.41297706757984276,-2.9382972717285156,1.0534564311814008,-518281200.0,0.5985802349718953,2.0633588191655208,0.0418605844448574,-0.061354206539160946,0.007718092141679437,1.543042580406734
SLB,2019-10-11,26.673296367099788,27.8757100814178,26.478539352675444,27.503131866455078,12652600.0,0.044381765416240365,0.05080042285825828,0.031111096578930988,0.013839704218699659,27.05603656768799,29.090404987335205,28.15160475025463,-0.05456345903644731,0.30099081039428555,0.024990348548602905,0.8866910028178577,0.01921032067891674,0.32824108714876354,22.96538184732937,-0.9157635792920438,-0.27388534893075933,-1.5665340423583984,1.0248248233654162,-505628600.0,0.7498574148513216,1.2287472034330338,0.20581416913614886,-0.12364729938490376,0.013189194805436054,1.8257360485270306
SLB,2019-10-14,27.08821458290021,27.799504242557603,26.876521750947173,27.579341888427734,9294400.0,0.0027671259261172424,0.03346644366440493,0.018130663577862912,-0.015086183114328605,26.92055320739746,28.805043506622315,28.097103525318733,-0.042551632248456435,0.08799539566039982,0.020858482237335142,0.8370942071972493,0.019148494096038277,0.3044364420022995,29.492406082549593,-0.8439187364945724,-0.16163240490663022,-1.3548336029052734,0.7954690853226694,-496334200.0,0.3289779762412713,1.5229031460603948,0.2493299121232898,0.1054595988223814,-0.0008618951217856828,1.7682691203282976
SLB,2019-10-15,27.494665601910228,28.375305313621944,27.401520240532975,27.782567977905273,8943600.0,0.007341762696276277,0.0350502183190335,0.010471208494168528,-0.003070279445393027,26.929868125915526,28.578108978271484,28.067147758898404,-0.027837426226174595,-0.09448173522949332,0.0206210616664453,0.8624969000957241,0.01903580428847826,0.28535424153182115,33.14839507036798,-0.761800966635164,-0.06361170803777738,0.09314918518066406,0.7806446629195094,-487390600.0,0.12794205162330044,1.6079826322429078,0.2868856363921933,0.1386105902892307,0.00889762654081217,1.7844114450526278
SLB,2019-10-16,27.774098503376834,28.00272714619131,27.054344177246094,27.054344177246094,22004600.0,-0.026561182415539474,0.03505473881502735,-0.02591458822842552,-0.00030484851274997457,26.945956420898437,28.320690727233888,27.970690274931517,-0.04471453617372558,-0.30171535491943047,0.021022351851009674,0.8727792529611202,0.019329965305444834,0.2648899909060935,32.428737604380544,-0.7468741171781232,-0.038947886864589276,0.16088294982910156,1.802257510873736,-509395200.0,0.2570078114319712,1.3173869509043494,0.17588672438739197,0.1000270845409177,-0.004332876718511701,1.8150837117287282
SLB,2019-10-17,27.28297808494459,27.359187647255823,26.90193027338844,27.003541946411133,15730800.0,-0.0018795498467896671,0.01693323693517001,-0.010242142102795537,0.008450912955073192,26.932408714294432,28.072163677215578,27.87858091031053,-0.038066952839541125,-0.5110474205017077,0.021072518785961405,0.8558438980911508,0.019178055198615367,0.24017817724308752,33.10245746927774,-0.730720505764964,-0.018235420361143895,-0.13547706604003906,1.2401827146400342,-525126000.0,0.21564148896106622,1.2575244845422788,0.1782484647028681,0.08452367589649874,0.0032000054965798603,1.8155874168566994
SLB,2019-10-18,27.25757127476327,28.112812231285787,27.17289542350487,27.35918617248535,17218300.0,0.01308430655327679,0.0343547063810756,0.0037279512799500334,0.009407259568254422,26.968820571899414,27.860894203186035,27.82911474480337,-0.01800760690025917,-0.6823978424072266,0.021576875496971754,0.8951582782942786,0.01946221014193136,0.2115720154586205,37.56685981557201,-0.6813667636232026,0.024894657424493927,0.3641185760498047,1.3612073725906246,-507907700.0,0.06198830354882136,0.8475076663956745,0.24169256821120186,0.10196473655498364,-0.0033151225553318237,1.773762786233096
SLB,2019-10-21,27.282963537305783,28.620860080947015,27.282963537305783,28.443038940429688,16441100.0,0.03885110651774426,0.04703774960345432,0.042520139043460504,-0.002785997898439856,27.120391845703125,27.70254726409912,27.887583715815403,0.026730093419611307,-0.8338414764404298,0.023926670656353986,0.8758032766508956,0.020235264972253756,0.17226202746104205,56.104232055800374,-0.5484732489624697,0.1262305376681815,1.5157127380371094,1.2475348796975765,-491466600.0,0.2030991565914144,0.26028081140306275,0.5938117244334822,0.24389035663796002,0.009679214691347835,1.9247982963705312
SLB,2019-10-22,28.58699656532487,29.79787973608615,28.33296583114738,29.484575271606445,17598700.0,0.035963800779530285,0.04968407689255324,0.031398146504495315,0.005061260338485065,27.46841468811035,27.67121648788452,28.039678149700265,0.0655323116898702,-0.8834348487853987,0.023458625971018405,0.9139079191141176,0.020272722256899998,0.16380435552210368,70.18469915736247,-0.35501847175306267,0.25574825190207084,3.4802284240722656,1.3086315833306688,-473867900.0,0.2839693407109799,-0.0018267216309173539,0.9072846604713314,0.3681996812666785,-1.281668602857348e-05,1.7581023354106438
SLB,2019-10-23,29.272885299702093,30.187399907831104,28.97651661938789,29.916433334350586,12862300.0,0.01454068480943982,0.040475523098298466,0.021984441508232273,-0.007179685308480911,27.843534660339355,27.67502717971802,28.21841673871458,0.08099020608280412,-0.9005211830139146,0.02361845823347881,0.9489883304548911,0.020824450616179484,0.16490619619126948,71.0256920437458,-0.16495532823045522,0.3566491163397426,3.751199722290039,0.9510690033935852,-461005600.0,0.130019725391926,-0.13728845973402426,0.9999999974438193,0.38368838415641965,5.461838513303605e-05,1.8087795196936967
SLB,2019-10-24,29.975712829253602,30.077324506286025,29.02732640969441,29.730148315429688,11551700.0,-0.006246313517032785,0.035317620532914575,-0.008192115904722238,0.0019815027493585153,28.185630989074706,27.699160480499266,28.36239117459221,0.07332308271076574,-0.9317432975769044,0.02319597889845288,0.9804399989310729,0.021132865317362373,0.17045718195979684,70.57335141454075,-0.02902596853856565,0.39406278082530577,3.4209632873535156,0.8567181103950595,-472557300.0,0.07682439679907374,0.057605877175824806,0.9523821804368349,0.3619626872776527,0.001993730949313693,1.7895267158180543
SLB,2019-10-25,29.636993888113594,29.89949413970024,29.28981780320273,29.71320343017578,12385700.0,-0.0005701187841963204,0.020518700985244265,0.00257143293108255,-0.003133332075163159,28.406638145446777,27.731337356567384,28.49103996083827,0.07146666055537523,-0.9660882949829102,0.023139195825349384,0.9737869882181752,0.021073091330627253,0.17706114344710971,71.11681576319127,0.07645044457344241,0.3996313551498511,2.210071563720703,0.9104150074369021,-484943000.0,0.03941078215849164,0.08889825215055272,0.9480507615718134,0.3595269234315193,0.006091743900158939,1.7647974630941516
SLB,2019-10-28,29.967237061250813,30.111189868048267,29.476111366111017,29.653932571411133,12727500.0,-0.001996757211127759,0.021416333243757343,-0.010454900770441707,0.008549520137470049,28.61409721374512,27.76732521057129,28.601791638035685,0.06794343158849141,-0.9775954055786116,0.023110409757196065,0.9459644417681307,0.021107570484678307,0.18357038497559403,81.83163569844362,0.15348927016346536,0.38133614459189924,2.0745906829833984,0.9248524250898602,-497670500.0,0.021182045031452223,0.10583207829201362,0.9329000590469888,0.373393807038323,0.002742807390287688,1.7717182478397442
SLB,2019-10-29,29.425299671381218,29.645458765630732,28.959576149955673,29.459171295166016,10309100.0,-0.0065894689412109245,0.023282481669387827,0.0011511054828012785,-0.007710036416901277,28.78175754547119,27.85581283569336,28.683446843476666,0.05755920564695115,-0.9096968841552737,0.020730836488522992,0.9683436502453426,0.019944511080541384,0.19082501504109506,78.56091031232614,0.19656164686357513,0.3395268170336072,1.6766033172607422,0.7554549008644521,-507979600.0,0.3105881603491126,0.3590783730127161,0.883115557501941,0.25273333729588787,0.0006102467041404321,1.5843343664739211
SLB,2019-10-30,29.349092010833612,29.4253015541377,27.943451835584003,28.028127670288086,13940300.0,-0.049796715211440246,0.052870093071702706,-0.04500869533060577,-0.003736672808256038,28.87913589477539,27.912546157836914,28.621035493649185,0.0041408444717867645,-0.8482666397094718,0.022723085457843812,1.035480414201096,0.020612710931124004,0.18769076434210713,62.18485009008629,0.11391046597609389,0.2055005089169008,0.9737834930419922,1.0197892651566942,-521919900.0,-0.15057700435767282,0.7906734747891655,0.5173149480209159,0.3209537251092556,0.0016285873445073772,1.6553270504227429
SLB,2019-10-31,28.045071711915927,28.045071711915927,27.39305725682484,27.680959701538086,10079200.0,-0.01246376414918638,0.023554618847079163,-0.012983101420387368,0.0006045370503218878,28.946877670288085,27.93964319229126,28.53150446582908,-0.009258654055558844,-0.8130309486389145,0.022892090422408664,0.9701582286117717,0.02054373953823173,0.18589263165481934,51.43251801921537,0.02016283140925168,0.08940229948004688,0.6774177551269531,0.7413419575114087,-531999100.0,-0.0075180728298416145,0.6559909194271089,0.4285725418822685,0.350309678901757,-0.004214597614802774,1.7160344566246803
SLB,2019-11-01,27.98579200965319,29.239013199351817,27.918051982462714,29.162803649902344,11094400.0,0.05214924818783785,0.045296098164880186,0.042057471156905855,0.011012346081995293,29.127239418029784,28.0480299949646,28.59162819764558,0.039745167669097456,-0.725808887481687,0.025624608696115932,1.015520443340579,0.02124819668058816,0.18623760849052076,60.400458818347325,0.06469382777016719,0.10714663667276991,1.8036174774169922,0.8143943078136533,-520904700.0,0.10822226736278147,0.21557876895888742,0.8073586320083838,0.2425342916780294,0.012475918520993945,2.418940698543799
SLB,2019-11-04,29.55232267314252,30.87328396842189,29.45070778106219,30.686996459960938,14206000.0,0.05094494714879317,0.04635762216793742,0.038395418166221565,0.013356706985937558,29.35163516998291,28.23601350784302,28.79118707977085,0.08680343460797388,-0.6174868583679185,0.0277139711307015,1.068141532299906,0.021900616489371236,0.19876319873563594,66.25595764364371,0.22043356386649648,0.21030909821527938,2.24395751953125,1.0491519490475212,-506698700.0,0.061286299952435286,-0.2510458992510351,0.9999999978644569,0.3771012879252542,0.00709225626372762,2.6807564501554366
SLB,2019-11-05,30.84786522062853,31.389798098689877,30.839395702435528,31.093429565429688,15720300.0,0.013157532088942504,0.017701566020439805,0.007960497202799727,0.005242245225188075,29.512520599365235,28.490467643737794,29.010448268881213,0.09136255516199027,-0.4581594848632804,0.025979022591639086,1.050600008713029,0.021406668110656737,0.20190242723332136,73.45132135749056,0.3723618263284614,0.28978988854179544,1.6088542938232422,1.1656651431249314,-490978400.0,0.0026548285666048994,0.19262328797358041,0.9999999979708599,0.37559989071728,-0.0017047712738263658,2.7333212477854105
SLB,2019-11-06,30.991830557453586,31.093445446621654,29.91643377025757,30.111190795898438,10647900.0,-0.03209963897411717,0.039088845218449825,-0.028415222518805135,-0.0032675394575663545,29.53199634552002,28.687765502929686,29.1152808905019,0.049617851652593394,-0.3420129776000991,0.027543085971939135,1.1020110303199362,0.0219420253241763,0.1912188480425755,66.28222186112859,0.4087952716984091,0.2609786671293945,0.19475746154785156,0.7940463859289603,-501626300.0,0.04001390232246469,-0.2600310681386064,0.7946930241944694,0.3417003762577891,6.771895545553788e-05,3.0798840827964225
SLB,2019-11-07,30.60231406753689,31.144247179208808,30.33134751170093,30.551509857177734,8832400.0,0.014517216991665475,0.026607512077407084,-0.001660142767211531,0.016310323791822665,29.614132499694826,28.899881744384764,29.252064601613885,0.05714999553982192,-0.21368488311767564,0.027585384535023884,1.0965671802082018,0.022032177012230328,0.18143984457546178,66.57876547260116,0.46780652556097735,0.2559919367935702,0.8213615417480469,0.6685111956551768,-492793900.0,-0.014219097116614276,-0.28085035706052935,0.8674976509361954,0.32474805903247916,0.004002428321884145,3.241876091412554
SLB,2019-11-08,30.28054235678217,30.915620875617318,29.65393336043027,30.771671295166016,8382200.0,0.007180396704010434,0.041001592116488315,0.016219291338876667,-0.00886920160942236,29.719979286193848,29.063308715820312,29.39678904861885,0.05878073264300336,-0.12777778625488168,0.026135233832162083,1.09112367817576,0.0216573787646903,0.18321202137222303,63.285127609148425,0.5262720212123568,0.2515659459559597,1.0584678649902344,0.6448577819406432,-484411700.0,0.0541600412315154,0.1735222184045143,0.9213283323530129,0.3527126741586742,0.0031001469741861747,3.1314163184759507
SLB,2019-11-11,30.272078857053415,30.907157434474115,29.89950058783021,30.830947875976562,8804100.0,0.0019244830789018515,0.03268329117539293,0.018461534193345636,-0.016235466488655825,29.83768081665039,29.225889015197755,29.533375603605297,0.05491907739552974,-0.04106822967529311,0.02614132794013099,1.0584624597261267,0.02164012603168631,0.18325506463547767,58.650781648485264,0.5708095354060205,0.23688276811969872,1.1770153045654297,0.6785951298018115,-475607600.0,0.0593988941565314,0.1705388145672501,0.9358217820971985,0.3526096583707242,-0.002636404629414243,3.047326813630748
SLB,2019-11-12,30.907162739561624,31.499903492931132,30.509179062409185,30.661598205566406,11652100.0,-0.00550798785688846,0.03231157175434149,-0.007945230562392953,0.002472024664685966,29.95792350769043,29.36984052658081,29.64082537522064,0.043982454648213286,0.02684301376342546,0.02626149642203143,1.042736827017465,0.021557376990788635,0.1811850814614497,54.95502214078021,0.5856892718451903,0.20141000364709472,1.2024269104003906,0.8888331190474646,-487259700.0,0.1354315171398596,0.11711832731640856,0.894414857073492,0.37309236407516627,-0.00013085104187123082,3.4187129359362123
SLB,2019-11-13,30.48376657318861,30.534574013674,29.620059465993798,29.662397384643555,9728100.0,-0.033130836490496036,0.03083076987410509,-0.026944478352864527,-0.005799816147401985,30.121350479125976,29.500243186950684,29.642879852308536,0.005496707151370174,0.122528076171875,0.026698844998888707,1.042132587230393,0.021447314123173748,0.1646333387423191,49.59343935812841,0.5109643357983273,0.10134805408018543,1.6342697143554688,0.7785214167215526,-496987800.0,0.09784856910225413,0.04032523098045987,0.6501047655606285,0.38152958048608854,-0.0006842294174321024,3.4548807893343962
SLB,2019-11-14,29.60312079677799,29.93336105263544,29.21360681449361,29.391427993774414,14068000.0,-0.009177095331683835,0.02448857667937357,-0.00715102993555384,-0.0019983748143112905,30.29239730834961,29.619637489318848,29.618932056257666,-0.00770466875655478,0.23091445922851506,0.02684542533449994,1.0499952944907016,0.02157654760248804,0.14366797653811894,48.12621219253266,0.42498041072591164,0.012291303206215742,1.7104682922363281,1.1333763545853484,-511055800.0,0.13383087486348524,-0.024611917110974293,0.5442178246031586,0.40363409720921384,0.0008152041110054987,3.5274399213422183
SLB,2019-11-15,29.586189757337277,30.2466736057678,29.577723465128837,29.941835403442383,9017400.0,0.018553612838993854,0.022341654465245435,0.012020663999726676,0.006626481830148443,30.370300483703613,29.7487699508667,29.649684755989544,0.006489863375680834,0.3404018402099602,0.026967415776002934,1.0657215166375684,0.021300560968320656,0.1240204886011623,51.58582806944259,0.39667814985094196,-0.012808766135003147,0.7790317535400391,0.7512981751604363,-502038400.0,0.10422594194464452,-0.08923664684009866,0.6625335271681038,0.3792651753052456,0.008402529851693739,3.8183186468098342
SLB,2019-11-18,29.62005707586353,29.63699288799206,28.908769117344686,29.374492645263672,11671500.0,-0.019129979168165865,0.024791024629485594,-0.008290477968050998,-0.010746780324023047,30.239050102233886,29.795342636108398,29.62347598353946,-0.01412469042509704,0.41305515289306527,0.02616287485754155,1.0899150783977283,0.020580205781279236,0.11750538487176879,49.55196231946189,0.3247253533579979,-0.06780925010235783,-1.3125038146972656,0.9921416667622979,-513709900.0,0.30771173744698643,0.24658695516623758,0.4962777713241086,0.2787955225089783,0.0002954604497024932,3.722550537139516
SLB,2019-11-19,29.23053836220255,29.366021607153503,28.82408862734969,29.052717208862305,10174100.0,-0.011014686151764356,0.0186534352676142,-0.006083403293392094,-0.004900655980668703,30.03497886657715,29.77374973297119,29.569118004998778,-0.024217054639591472,0.44480884552001854,0.024979495919455506,1.0209639754214404,0.01959522702177687,0.11937687353763744,56.14212294856661,0.23898281014366773,-0.12284143465335046,-2.040712356567383,0.8930355933594406,-523884000.0,0.5074068300015538,0.9171957463311646,0.4019837707050167,0.26235780299390854,-0.0022645611133645235,3.93636212154576
SLB,2019-11-20,29.095063941712876,30.678525452995,28.908773212088036,30.60231590270996,15805500.0,0.0519636746768073,0.057830663748891155,0.05180438730145476,0.0014575825230438003,30.0840913772583,29.80804386138916,29.667517804780793,0.02664623163513375,0.49908683776855156,0.027573169173975978,1.100802388694003,0.020430762769861006,0.12176673220071073,65.30610164654077,0.29269686371409165,-0.055301904866341234,0.49112510681152344,1.3696422188281936,-508078500.0,0.5673380154537293,0.26429592543800007,0.856082634904068,0.20212909999976195,-0.000378868524304965,3.6214333456320906
SLB,2019-11-21,30.839411256960727,31.262796935261736,30.517640467178953,31.008766174316406,11451700.0,0.013194255137517185,0.024030510078790968,0.0054915094177569535,0.007747627826747906,30.129817008972168,29.871974754333497,29.79525574473657,0.03805544927417282,0.5677597427368184,0.027630758815246518,1.0427383151417924,0.020128106058672043,0.12665484878213884,60.900002297544646,0.36386833061434487,0.012695649627129546,0.4572563171386719,0.9927892586612339,-496626800.0,0.4518906238293455,0.14554920867229196,0.9751899931011756,0.22010469159038615,-0.000805946578923351,3.4611690132741995
SLB,2019-11-22,31.07651474009638,31.40675510873629,30.687000624786577,31.00030517578125,7515000.0,-0.0002728955103970623,0.023217658015573885,-0.0024523201830223005,0.0021848197828679217,30.15268039703369,29.93632984161377,29.910022357217017,0.03554127509272944,0.6443082809448235,0.027629119973231187,0.9719721841010901,0.02017869250604038,0.13064202869194058,52.25337614085878,0.41480785231271966,0.05090813706040348,0.22863388061523438,0.6655543097630574,-504141800.0,0.4501994974438332,0.14522158584331502,0.9727105577221586,0.2161892881040711,0.0012162786871743971,3.736112789920981
SLB,2019-11-25,30.73779915952629,31.499894661652068,30.50917050888856,31.398283004760742,8711700.0,0.012756161225349236,0.03155344999639919,0.02148767521729852,-0.008467852647464934,30.209413909912108,30.02354736328125,30.051761466506896,0.04578858137066083,0.7692915725708005,0.02770160953694837,0.9925380779607023,0.020430415122056234,0.13692471638327322,52.19523410693688,0.4817380980939987,0.094270706273346,0.5673351287841797,0.7855065799261534,-495430100.0,0.36071374853237387,0.054547976441586876,0.9999999973098923,0.21120277527861858,0.007358990742457998,3.5698802663918685
SLB,2019-11-26,31.31360005873726,31.51682657755729,30.67005533779638,30.81400489807129,9578300.0,-0.018783918926473825,0.027480077405125276,-0.015954574361582326,-0.002697056587796244,30.224654579162596,30.091289043426514,30.124356079036836,0.02401744417136074,0.8671783256530752,0.028054200700736578,0.9689494753461896,0.020515768785445553,0.13734470609079885,55.36862539749977,0.48207735225402715,0.0756879683466995,0.1524066925048828,0.8665000303057443,-505008400.0,0.3937530348589525,-0.05936063303344046,0.8428228950085793,0.17428745369092577,0.0009751230320091204,3.593483427050424
SLB,2019-11-27,30.830938379678976,31.279726069167758,30.593843484126513,31.13577651977539,6538200.0,0.010388237311336215,0.022028761177856532,0.009887410377925341,0.0005495384862727412,30.37199249267578,30.24667148590088,30.22068183529765,0.029395136396709192,1.0438994216918935,0.02535996562708056,0.944151346898395,0.019534883921228326,0.12374109199382931,54.54539249349331,0.5025177821477769,0.07690271859235936,1.473379135131836,0.6119672535463391,-498470200.0,0.6262557286640829,0.0009408479057167633,0.9293829261362319,0.10295765472540766,0.0036885182485342917,3.5671358882018347
SLB,2019-11-29,30.72086006152217,30.890214958357692,30.416021893253433,30.653120040893555,5445400.0,-0.01562307543784393,0.015469650869851108,-0.0022050170630951867,-0.013326035340396683,30.498161697387694,30.395279502868654,30.261866426306785,0.00848291386827242,1.2189266967773449,0.025485332680870887,0.9054418548508885,0.01938939461251681,0.09439399509465426,49.11390261211616,0.4743031544654386,0.03895047272801683,1.2616920471191406,0.5209804811707375,-503915600.0,0.6248293450011566,-0.03368005775149432,0.6823099262475125,0.18821909832607484,-0.004579103922680672,3.5969869287362966
SLB,2019-12-02,30.864814281920072,31.34747366061035,30.76320263118952,30.788604736328125,8583000.0,0.004410192439146804,0.01897685960193694,-0.0024691399370119983,0.0069061237728525356,30.58283863067627,30.47656955718994,30.31203197964215,0.010238526962578392,1.316136169433591,0.022833204791473678,0.8830630529275236,0.01854156859739649,0.08663725967394102,49.68707607265248,0.45760040871518726,0.017798181582212413,0.8467693328857422,0.8311508723307521,-495332600.0,0.6815216718785572,0.7435763931270551,0.7400719788379213,-0.05717902137432943,-0.008639007769749395,2.155058898698895
SLB,2019-12-03,30.18759981836136,30.385072348781396,29.638110468459537,30.041643142700195,10351800.0,-0.02456012153620236,0.024864215208659873,-0.004834987761179588,-0.019520368757004015,30.64955368041992,30.444301891326905,30.286280661838155,-0.01322607922047379,1.3152351951599144,0.020420697224789914,0.8944751841665693,0.01774349262845969,0.08737647370656644,45.778791451375746,0.3797127125962092,-0.048071611629412536,0.6671504974365234,1.0214985590493721,-505684400.0,0.6233953149365347,1.2147521807783426,0.4216150880742806,-0.16683679762836526,-0.007648791113194941,1.6153825343623633
SLB,2019-12-04,30.462351688893456,31.217901361086,30.29063540768393,31.071941375732422,9780100.0,0.03372068149175262,0.029842549655628433,0.020011248411304427,0.014004178939043434,30.851476097106932,30.44322748184204,30.361105491732847,0.020652011823167567,1.2949457740783679,0.02168936584492589,0.9040980040817976,0.01804396121435871,0.08723667551571006,59.55696452990137,0.3965514112907904,-0.024986330347865127,2.019224166870117,0.9942232964061432,-495904300.0,0.5914221224426146,0.5210665744212648,0.8608686918066153,-0.2083627021183351,0.007650189655984397,2.1317229291956314
SLB,2019-12-05,31.252238340167917,31.312338533977805,30.53103273923435,30.780017852783203,6836700.0,-0.009439496960781146,0.025383539362463542,-0.015109973315984149,0.005802565158555218,30.86924629211426,30.47666883468628,30.401001907070977,0.009953483425054465,1.309591159820556,0.02051385346982748,0.9084945438390564,0.01761376716159698,0.08704108223035531,59.38821549872296,0.38193767298101733,-0.03168005492611059,0.1777019500732422,0.7087332896899505,-502741000.0,0.7299354840871405,0.9030903679455141,0.736411078119072,-0.19920053224549356,0.00035347564149148115,2.1006102081787876
SLB,2019-12-06,30.960330644217645,31.793149259588485,30.917399114636826,31.672948837280273,8525400.0,0.028597259169012925,0.027649782451606406,0.023017137680205017,0.005858111983458057,30.935664558410643,30.532740783691406,30.522139709948053,0.037343783241296585,1.3171537780761717,0.021244970299086202,0.9197721006113346,0.017655028533637585,0.093697367162,61.18592203789402,0.43736655856165996,0.018999064523625653,0.6641826629638672,0.8852026499802981,-494215600.0,0.6596007691402878,0.4006176253164981,0.9999999961835435,-0.2373077838910486,0.01045614486551613,2.199060517817675
SLB,2019-12-09,31.372431631061257,32.162321585433794,31.372431631061257,31.904748916625977,8713500.0,0.007291899978650736,0.024757754917197144,0.016967676966349078,-0.009488134741192648,31.026108932495116,30.589394664764406,30.653816777250714,0.04300033610592214,1.317105998992922,0.021246429131705626,0.9024023626309662,0.01707460017284243,0.101644747537836,67.09085582404207,0.4943006882542811,0.06074655537299739,0.9044437408447266,0.9031798647951093,-485502100.0,0.6586404172095133,0.3986978959433558,0.9999999964937276,-0.20879268180524332,-0.0014698742389518222,2.1526859342970313
SLB,2019-12-10,31.9648515708742,32.17949602402958,31.518390715285264,32.059295654296875,9497000.0,0.0048323097591895575,0.020621329796923063,0.0029546229305419903,0.0018838153030222436,31.09221019744873,30.65081205368042,30.787671908397968,0.045952570462071386,1.3160209846496578,0.02125575267521866,0.9103095976902758,0.016718251581951348,0.11003204448027074,70.77761113880617,0.5456026585313154,0.08963882052002536,0.6610126495361328,0.9808695831794861,-476005100.0,0.6350330922246707,0.36989216193415725,0.9999999966739601,-0.20744023437139011,-0.0007019631753896919,2.185131013891597
SLB,2019-12-11,32.196669491264444,33.05524734436483,32.17949754117669,32.969390869140625,15742800.0,0.027992404276477707,0.026562510865429576,0.024000040690104127,0.004284992360683917,31.307748794555664,30.76620168685913,30.995454666563937,0.07161069815200885,1.3258111763000464,0.021951791690806122,0.8550381297732036,0.01655550733083776,0.12869333158523097,67.94425006499398,0.6521790038523534,0.15697213267285065,2.155385971069336,1.5923113335410184,-460262300.0,0.42088783306652444,-0.16643555447490577,0.9999999974468131,-0.24577578643225065,0.0025364192388112345,2.2544790224302083
SLB,2019-12-12,32.98657387444632,34.034040358350715,32.90930497830519,33.54465103149414,13609000.0,0.01729783635824403,0.03352950009793054,0.016918312255524794,0.0005211805511936165,31.54863624572754,30.96031436920166,31.238235272747765,0.08347255882076234,1.3869000625610362,0.02037355881590794,0.8821509091991141,0.016666630100269177,0.14630294695068088,68.74421615793294,0.7741364497035654,0.22314366281925013,2.40887451171875,1.3499913945364481,-446653300.0,0.46720774004213583,-0.1273306800703131,0.9999999977737873,-0.29977981971411216,0.010147331344829104,2.0100559477277007
SLB,2019-12-13,33.785051542055164,33.92242392582016,33.09818962323017,33.48455047607422,11981100.0,-0.0017932653283684544,0.024615361140324536,-0.008894497781271287,0.007166582545017937,31.831779289245606,31.164970493316652,31.45217005401695,0.07442907681414306,1.4646455574035642,0.020144421245638446,0.8896137533877054,0.016673476714221473,0.15423505764816625,68.22340099261471,0.8560707410383515,0.24406236332322884,2.831430435180664,1.2009370057114448,-458634400.0,0.44532262357415814,-0.03564054813227994,0.9866203359935272,-0.2910181590936307,-0.0017784046885804092,2.0089601150008147
SLB,2019-12-16,33.57899159473866,34.20575324419843,33.57899159473866,33.827980041503906,12149000.0,0.01020411928428721,0.0185279064458118,0.007415006673525561,0.002820438599942466,32.13571681976318,31.359277725219727,31.67843767187285,0.07872318801203775,1.522294540405273,0.019967204332044988,0.8703622259134701,0.01658771339439664,0.16625141393890402,67.96704535100633,0.9379045729042907,0.2607169561513345,3.0393753051757812,1.1989491801078451,-446485400.0,0.5156404111054361,0.1314040146205766,0.9999999979058745,-0.26677517104069465,0.007286997322426872,1.943351938822431
SLB,2019-12-17,33.91382617044795,34.2744273069927,33.74210993985844,33.87948226928711,9658500.0,0.0015213164386482375,0.01571208682893083,-0.0010126814057555382,0.0025377255407717453,32.519500732421875,31.584527206420898,31.888060966864682,0.07266073821107141,1.6085009002685524,0.019110754249277162,0.8479012350115668,0.01638319533496656,0.16860084205966536,74.60743830123421,0.9954394670622548,0.2546014802474388,3.837839126586914,0.962731711984881,-436826900.0,0.5434656572858977,0.4474593663364718,0.999999997928219,-0.36143388945696553,-6.416881349545291e-05,1.910725802159348
SLB,2019-12-18,33.6562597579152,34.343121533543,33.45878720212316,34.01686096191406,9204400.0,0.0040467239784898025,0.025996941117228726,0.010714238795178539,-0.006588722625618955,32.81399269104004,31.832734394073487,32.09080382353605,0.06861259673147051,1.6964578056335462,0.018643920900960696,0.8620763597528948,0.016565775627277835,0.16294280471274708,73.83279846260164,1.0401316078564022,0.2394348968332689,2.9449195861816406,0.9219238364147094,-427622500.0,0.5059210029206367,0.6812656782666628,0.9999999974844146,-0.28480081124628837,2.6474864393686702e-05,1.834670684855005
SLB,2019-12-19,33.99109831309013,34.19715844485646,33.89665422249783,34.008270263671875,7048600.0,-0.00025257425110640676,0.008836210134440031,0.0005051896359328528,-0.0007573493877868293,33.136817932128906,32.00303211212158,32.27341967497755,0.06265775519410186,1.709894790649411,0.015358968962565115,0.8321299023126573,0.014565792919163828,0.16863678122711612,80.11640699715763,1.0626081683583521,0.20952916586817505,3.228252410888672,0.7383779276476369,-434671100.0,-0.012752516738596033,-0.07788288264383857,0.9978389339625481,-0.4270930066717924,0.004008684075514146,1.9423754079938282
SLB,2019-12-20,34.28301436527114,34.31735826587638,33.63908096738884,33.85372543334961,13465800.0,-0.004554687668893535,0.020035529023915324,-0.012521913252657418,0.008078743772298039,33.35489559173584,32.145280075073245,32.423924985298704,0.05314762709444122,1.7012519454956099,0.015394815490248012,0.8309815936534244,0.014451783432977417,0.1727514421284183,77.41923044898438,1.0557801518785226,0.16216091951067635,2.180776596069336,1.3958876369435764,-448136900.0,0.15693783164457933,-0.08510581326145669,0.9589618618216164,-0.404597636243015,0.00558347835837835,1.878125650482498
SLB,2019-12-23,33.86231070884337,35.107249300942215,33.85372637106159,35.021392822265625,9911300.0,0.033910047844072845,0.035793063292550414,0.034229268149723636,0.00025359913521659917,33.6665599822998,32.34633445739746,32.67130287453365,0.082700510266207,1.7519411087036119,0.016730933490114185,0.8383408507765685,0.014933205706159693,0.1855401806123438,91.42839098738911,1.1315461397707764,0.1903415259223441,3.1166439056396484,1.0148178789299838,-438225600.0,0.11250594011567767,-0.46562807004807816,0.9999999979918669,-0.41886244603340106,0.001775722068836874,1.8698346245098914
SLB,2019-12-24,34.97847149698922,35.14160014880565,34.64362330344703,34.90119934082031,3860400.0,-0.0034379045773187816,0.014268187190237612,-0.0022091347295024257,-0.001225574479411188,33.95075035095215,32.52148027420044,32.883673966560956,0.07317376228128586,1.7806497764587448,0.016789131525045905,0.7898921812746268,0.0144311159834126,0.1950598531545168,87.5420087140266,1.1684237598015912,0.181775316762527,2.8419036865234375,0.40533325493502476,-442086000.0,0.2582388309057964,-0.45926808756023235,0.975863547580079,-0.42621780190623937,-0.00042823617239278844,1.9324935719513905
SLB,2019-12-26,35.08149855480525,35.09867050829646,34.28302073114788,34.403221130371094,7629700.0,-0.014370996177978457,0.02370852932804379,-0.019334334403490024,0.005165989060268788,34.094133377075195,32.70094108581543,33.02839274406668,0.05205599557787822,1.8276975250244156,0.016487318872320102,0.7923453228749929,0.014312619176198785,0.19395152394932133,84.14238993602173,1.1442763540371814,0.1261023287984937,1.4338302612304688,0.8093811279482442,-449715700.0,0.31036158045255896,-0.4284720886623261,0.8758628966452172,-0.36948269300540526,0.002869483934020731,1.8491849833764538
SLB,2019-12-27,34.45474428807029,34.66938883934745,34.19717148158088,34.3431282043457,6769100.0,-0.0017482511264236703,0.013749980926513672,-0.0032394982470739333,0.001497625978217172,34.17398109436035,32.86130867004395,33.15360564504563,0.04509313823075369,1.842289428710938,0.016526172985554186,0.7537086050865133,0.014120128218727266,0.19246421882894213,79.84653989898666,1.1075235223275683,0.07147959767110446,0.7984771728515625,0.7172077519593394,-456484800.0,0.42449143934337313,-0.38908181763474053,0.863795437481294,-0.3197671870360968,0.00012513265739260806,1.8570038451901525
SLB,2019-12-30,34.35170954782002,34.98705880525574,34.343125207613,34.68655776977539,8155800.0,0.009950281363860485,0.018564355734481192,0.009747643606768282,0.0002498707579361641,34.29418182373047,33.062980556488036,33.29960108549608,0.04910559138833465,1.8903009986877422,0.015826615978404505,0.7432831510343851,0.014187505334696092,0.18648191992257396,80.33722986603077,1.0935033087166772,0.04596750724817067,1.2020072937011719,0.8519007901897395,-448329000.0,0.34385500100364774,-0.18891631318352242,0.9327606640165372,-0.3466497327678666,-0.005560881127827319,1.5157588765669334
SLB,2019-12-31,34.35170344576971,34.53200731024537,33.93958640951047,34.514835357666016,10649000.0,-0.004962985767376237,0.017164239510223226,0.004748874015922982,-0.009653720217157514,34.36286735534668,33.249292087554934,33.415337682845596,0.038062262101055934,1.9334995460510278,0.016023243379631378,0.749416440428714,0.014152803637815889,0.17754834808886513,76.67913092276666,1.0563585807482312,0.007058223423779708,0.6868553161621094,1.1004500384935336,-458978000.0,0.4086059329688933,-0.2807143546131688,0.8982765186649743,-0.40481492342479825,0.0030515754847896238,1.809084536081156
SLB,2020-01-02,34.78958280283583,34.96129906700925,34.411809641826565,34.489078521728516,9147400.0,-0.0007465326438940997,0.0159322733089694,-0.00863776616150798,0.007960271063810587,34.42382698059082,33.471663856506346,33.51759871512016,0.030396297883004717,2.0349505233764624,0.01448658944621936,0.7175262786511948,0.013916006777635962,0.1542214294008559,70.43883438560415,1.0131636351055988,-0.02890937777508218,0.6095962524414062,0.9511965085845189,-468125400.0,0.8013482444694775,-0.3830152416508948,0.8744948718016751,-0.224466129053896,0.009067424772177837,1.1092767221646058
SLB,2020-01-03,35.201690448801564,35.32189081898267,34.34311263297714,34.823917388916016,9752000.0,0.009661722668901933,0.028106492875987196,-0.010731673822170369,0.020661959020566313,34.50453262329101,33.65926265716553,33.64201001738643,0.034601314461728164,2.1157624816894547,0.013019530756666224,0.7071007647911952,0.01383834785729136,0.14168807549266746,68.39492547727238,0.9944862097184313,-0.038069442529799824,0.8070564270019531,1.0142142881285865,-458373400.0,0.8827507391872983,0.24654193103605412,0.9534407015873642,-0.126864879943147,-0.005390837940112052,0.5876531620895509
SLB,2020-01-06,34.86684149489246,35.270374068602514,34.50623715184615,35.047142028808594,15534100.0,0.006389638320278758,0.021803116389012455,0.005171117491171185,0.001232604175373694,34.608419799804686,33.8726188659668,33.775832113712354,0.03467470783671484,2.2265045166015653,0.012518998267920585,0.7028080943745074,0.013734520069449889,0.1203512917647227,71.46210400127424,0.9863268168313866,-0.03698306833347553,1.0388717651367188,1.545651601784841,-442839300.0,0.8867010502717398,0.42325494983862677,0.9999999970363286,-0.012610026150548879,0.0034561015714667112,0.5197393316819415
SLB,2020-01-07,34.798160189910924,34.86684799194336,34.11129854565991,34.86684799194336,10971700.0,-0.005157606838830687,0.021669565498379145,0.0019738917706445436,-0.007104198073925918,34.70973205566406,34.03231382369995,33.87973838782959,0.02452181689927419,2.283465480804445,0.011594501409341216,0.7181395740191121,0.013535981239254362,0.10572919344781571,64.93821932550841,0.9543115081604796,-0.05519870160350604,1.01312255859375,1.0785636976518087,-453811000.0,1.1272539708121156,1.552441119004593,0.942625241382909,-0.03595035527826906,-0.0017466742821517216,0.14510056555930856
SLB,2020-01-08,34.583513450636495,34.72088577046687,33.75069519457121,33.836551666259766,11327600.0,-0.029994835052442513,0.028672856071887878,-0.02159878247890924,-0.008126187413681155,34.591247940063475,34.12890396118164,33.875625366727704,-0.008566120237977731,2.2975886535644534,0.01388973359984485,0.7598421047503899,0.013658565088540051,0.0879529645649335,49.51828414301319,0.8361640636126637,-0.13867691692105766,-1.1848411560058594,1.0994238206229803,-465138600.0,0.20996379037740082,1.6518218837327348,0.59482844271237,0.08162243899196328,0.0028691658831772266,0.06829581743004265
SLB,2020-01-09,33.93099524997937,34.420384336860586,33.25271799791087,34.2229118347168,12186000.0,0.011353728018282022,0.034119432752802686,0.00860324262777427,0.0027911704671069433,34.52341918945312,34.237084770202635,33.90870026844095,-0.00041396443596078224,2.3143898773193357,0.01401206036108231,0.7800801052882385,0.014151525299394901,0.06669301545407097,52.18970556638844,0.7648902209109494,-0.16796060769821763,-0.6782875061035156,1.1675025017568585,-452952600.0,0.13869715164022803,1.4615351560964072,0.6033065864073072,-0.02224430088580238,0.007016091254438083,0.19521720727548603
SLB,2020-01-10,34.1113028647619,34.420391462614674,33.92241466047074,34.19716262817383,8089700.0,-0.0007526799104134671,0.014561933326411878,0.002517047318665183,-0.003261235352909802,34.5028133392334,34.2984733581543,33.936172874129795,-0.0029537970662004004,2.2810186386108384,0.012729346860586138,0.7941852895586169,0.013823673562254427,0.056822936276828474,52.000067857786235,0.6982781257262758,-0.18765816230631305,-0.20605850219726562,0.8045442023429117,-461042300.0,0.1220137189060344,2.6855805348322175,0.4560450530352354,-0.1719833610197015,-0.0028997339111938593,0.19799042766143085
SLB,2020-01-13,34.19716710225351,34.20575144211027,33.458789416383,33.6820182800293,11665600.0,-0.015178563780663297,0.022176878461293358,-0.01506407886606096,1.308318976520745e-07,34.43670234680176,34.305341720581055,33.91196767469165,-0.018169865370494264,2.1748091888427723,0.012716114304332608,0.7990913415043123,0.01339846929075387,0.05560744939295406,48.310882820028645,0.5970374407498156,-0.23111907782621866,-0.6611099243164062,1.1714990399524394,-472707900.0,0.30519661761967143,2.837308685340381,0.12637198911373215,-0.14597064591165132,0.006694615079222672,-0.42406170293851897
SLB,2020-01-14,33.46737316514785,33.93959045410156,32.96081196694265,33.93959045410156,13958700.0,0.007618080213688162,0.02883884201497865,0.014109780490494876,-0.006372691597543499,34.362005615234374,34.328093719482425,33.91459841558783,-0.01131735623176689,2.072388572692873,0.012809950725612565,0.7794666714733341,0.013566513168794142,0.05191203223305795,37.03699640531122,0.5314610383067873,-0.23735638421539762,-0.7469673156738281,1.3879972794310669,-458749200.0,0.18704153469093757,2.6151316809103613,0.18868045656357813,-0.17086184819206848,-0.000311927517973188,-0.5093215284467825
SLB,2020-01-15,33.656248219229866,33.793620527258796,32.746154631529336,32.90928649902344,13737700.0,-0.030827310621159423,0.03182888500972339,-0.022193849871229666,-0.008348428224402894,34.201450729370116,34.2821590423584,33.818854423534084,-0.04004626842897111,1.9515242385864298,0.014350576561222496,0.8291423127028773,0.013991474596450905,0.06272963213937187,30.405218790527883,0.39183748968215326,-0.30158394627202534,-1.6055488586425781,1.3553166856663104,-472486900.0,-0.004741412755542113,1.7810410163704176,0.0,-0.22103057100798457,-0.0010634492731562716,-0.4735664586709365
SLB,2020-01-16,33.115353700192294,33.42444230891419,32.92646548925887,33.295654296875,11771100.0,0.011672004524748546,0.014956210657859308,0.005444622404309662,0.006261673317498743,34.08210830688476,34.25296764373779,33.769025840042744,-0.027948333026782526,1.8701596832275342,0.01463458778839778,0.8076784578987467,0.01397877768409116,0.06716849058106088,38.860061481416686,0.30880179882557,-0.30769570970288684,-1.1934242248535156,1.1493211388444495,-460715800.0,-0.0801342195820242,1.4288305239625725,0.18072680340711447,-0.29098715991033897,0.00838931025453435,-0.14690635893804682
SLB,2020-01-17,33.49312725896043,34.31736465076571,32.78050920249671,32.94363784790039,17644600.0,-0.010628729610738196,0.04665105460922709,-0.016406034790705664,0.005930892972539113,33.894080352783206,34.19930648803711,33.69041745983871,-0.03671620184976414,1.7794943618774397,0.01474601543579739,0.8837240357917777,0.014865743895958522,0.07535581590433811,36.7046367139142,0.21214515280804846,-0.32348188457632676,-1.880279541015625,1.6546267065336495,-478360400.0,0.06789745683439881,1.2900320196858417,0.01606813380870686,-0.31371827111939826,0.0016608143609425086,-0.11181601645125254
SLB,2020-01-21,32.30829395621357,32.39415045383176,31.67294473810646,31.72446060180664,16710200.0,-0.037710146115449344,0.022733427205511986,-0.018070695877602776,-0.01928578424217092,33.561812210083005,34.08511600494385,33.503183473359464,-0.0692576608157886,1.6330384826660165,0.01673838620259584,0.9284925723740055,0.01512373052561721,0.0997026594891826,25.874068513648538,0.03674309823063027,-0.39910715132299596,-3.322681427001953,1.4990927950658817,-495070600.0,-0.14442317400463253,0.655038809934223,0.0,-0.2045574549824621,-0.0034459012543355317,0.3884063469191034
SLB,2020-01-22,31.5956679788066,31.612839930872532,31.106278808179933,31.492639541625977,12796800.0,-0.0073341579664111005,0.016085064004337974,-0.003260840607950773,-0.004059726172072634,33.22439136505127,33.96706171035767,33.31170309890866,-0.07284769550664902,1.4961615943908697,0.01676027204262922,0.919293317614133,0.015041486092484036,0.12113125086576386,25.623219049969222,-0.11959173677442436,-0.4443535890624405,-3.374208450317383,1.1514722059131186,-507867400.0,-0.11713789597176935,0.6280693484301653,0.0,-0.17184810726193447,-0.0012103689472325522,0.4435632908890603
SLB,2020-01-23,30.968907466498656,31.363852551118438,30.539618476638445,31.277996063232422,11844000.0,-0.0068390040321527415,0.0263518824164342,0.009980610296573407,-0.016630301008433025,32.968535804748534,33.779891872406004,33.11801671455854,-0.07406464824173467,1.2988652610778786,0.014182432402717467,0.9481170061716221,0.014669582575414208,0.13724012344955322,24.865544040522522,-0.2578359820003797,-0.4660782674307167,-2.5585556030273438,1.056550990806472,-519711400.0,-0.8268762051609592,0.10886018687424368,0.0,-0.22362162868212984,0.0020810926415318174,0.3786607613330851
SLB,2020-01-24,31.097691105466165,31.097691105466165,30.350726009875537,30.71133041381836,10408600.0,-0.018283193792214616,0.02432213406341186,-0.012424095741947007,-0.005764594298232781,32.61737766265869,33.57039842605591,32.88880849544043,-0.08516634136872393,1.09176416397095,0.014445282889284842,0.9444378538395757,0.014905825402779642,0.1565606008906403,18.93645932859947,-0.40841279593978186,-0.49332406509609505,-3.5115814208984375,0.9021561919554287,-530120000.0,-0.6517516998963738,-0.2929992891708276,0.0,-0.2126666333719923,-0.00936477865302195,0.5788010471685808
SLB,2020-01-27,29.66386779743223,29.826999705609484,29.080034523904665,29.157306671142578,17360600.0,-0.05192611629876748,0.02561845612592545,-0.017076705227681045,-0.03410671573885422,32.11339206695557,33.308102703094484,32.533427369316826,-0.12461820683548801,0.859554271698002,0.017471250289194384,1.0063777804936707,0.014960396229971697,0.19521922450129334,12.959040073238171,-0.6456995123058746,-0.5844886251697503,-5.03985595703125,1.4438272074677219,-547480600.0,-0.9699498109070924,0.3804503132353283,0.0,-0.05001230170422717,-0.01655463415185916,1.3859884847186783
SLB,2020-01-28,29.380538774369874,29.389123112856314,28.753777257980133,29.157306671142578,10938000.0,0.0,0.021790279261458424,-0.007597958122607097,0.007656129070667302,31.660920906066895,33.04881162643433,32.2118920647288,-0.11775022349605765,0.6103650093078627,0.017508955430762117,0.9849136641884922,0.015133926103009454,0.223901493988691,13.259734419430345,-0.8242495093185553,-0.6104308977459447,-4.524711608886719,0.8941782764873133,-547480600.0,-0.9773359706373734,0.37272744093999755,0.0,-0.12729530299277222,0.007183071722266029,1.3679192307302142
SLB,2020-01-29,29.449218423374646,29.732550674657688,28.95124499338172,28.959829330444336,9003800.0,-0.0067958648448570025,0.026978946331517595,-0.01661806727413412,0.010011615802668666,31.162944793701172,32.762475204467776,31.90217180432076,-0.11606711184950026,0.3326605606079127,0.016995426760337422,0.9609960130387647,0.01534928602239597,0.24645183533724999,14.851552930793432,-0.970499129491678,-0.605344414335254,-4.979761123657227,0.7335154942704031,-556484400.0,-0.9734957406043759,0.5190265679913703,0.0,-0.14084939054694687,-0.0030347111122911792,1.543521977085221
SLB,2020-01-30,28.45327079058604,29.260336104458627,28.33307040985133,29.22599220275879,10489600.0,0.009148783046781996,0.03172743249140288,0.02715756012234664,-0.01749176537189643,30.79461536407471,32.49803304672241,31.647297556552953,-0.10068427339154376,0.0825352668762207,0.017453813314647886,0.9438245384428777,0.015776634211041793,0.2610357052979852,13.350243709180702,-1.0527899802177068,-0.5501082120490262,-3.6832942962646484,0.8551148661152093,-545994800.0,-0.9700640810188692,0.371993809892727,0.043724199012929406,-0.13644577096461669,0.004659112418604307,1.6072883326870535
SLB,2020-01-31,28.75377973158433,29.071452686350902,28.48761936259785,28.77094841003418,16887900.0,-0.01569231499829626,0.020292460138346815,0.0005970929251777727,-0.016157277669084025,30.342144775390626,32.21212654113769,31.373359542598784,-0.10682865431777155,-0.1913003540039071,0.017438288261164406,0.960995684015521,0.015868157089000304,0.27583362493188573,12.55934455864653,-1.1415650520840224,-0.5111066271322734,-4.52470588684082,1.3345988178362191,-562882700.0,-0.8398715289870955,0.19473330691975888,0.0,-0.1850379600449894,-0.019643522787623095,1.2329422528573817
SLB,2020-02-03,28.710843948541747,28.934076037840885,28.496199472408232,28.728015899658203,9202500.0,-0.0014933318841422831,0.015242144356995519,0.0005980998380693113,-0.002089067785873564,29.920582580566407,31.907331466674805,31.12142205279492,-0.09964216438272804,-0.489601402282716,0.016983971779595066,0.938918151137334,0.015548342540730545,0.28356007468880345,13.434822712687904,-1.2015336983672924,-0.45686021873243465,-4.2156219482421875,0.7288277614276074,-572085200.0,-0.870945017825844,0.3587357365414569,0.0,-0.2628071589540186,0.004399675685205322,1.3455407143362783
SLB,2020-02-04,29.38912137285101,29.818410326486372,29.148720606883945,29.25174903869629,12373600.0,0.018066557706157463,0.02289400605469828,-0.0046742579477596765,0.023012569872626468,29.67331142425537,31.61756181716919,30.943357956214097,-0.07482590821371306,-0.75235971450806,0.01775270228523141,0.9468907182565667,0.015569331793056418,0.2794785840642032,16.707416948667642,-1.1930457070321445,-0.3586977819178294,-2.4727115631103516,0.9923955851645939,-559711600.0,-0.6938893942731134,0.2114673418453577,0.08531478468732323,-0.22070000221855485,0.015033719418001648,1.3961075806460603
SLB,2020-02-05,29.85275405136073,30.616887860254696,29.818410149222515,30.110326766967773,11399900.0,0.028928826789845097,0.026518400720517674,0.008628105640233318,0.020545951350443653,29.53508014678955,31.37973575592041,30.86402165247635,-0.040453144628954954,-0.9722169876098654,0.01970007158286661,0.959155218184151,0.015695288739512866,0.26691389056785725,29.625088895288087,-1.1043090778672031,-0.21596892220231034,-1.3823127746582031,0.9127349662625377,-548311700.0,-0.3745541095328336,0.05382762746749968,0.2515627013014949,-0.01644591460389506,0.014419349230782629,1.5740509348335097
SLB,2020-02-06,30.239115130735698,30.239115130735698,29.552250180463517,29.6295223236084,7980300.0,-0.016096954795910622,0.02318177602630118,-0.020159082185169364,0.004277215746101112,29.370232772827148,31.169384288787843,30.746450287822256,-0.049403028013400914,-1.155152797698971,0.019111514389342037,0.9714201567828246,0.015536347398149162,0.2624197310796433,23.67449274226928,-1.0605561293835386,-0.13777277897491658,-1.6484737396240234,0.6476223091817706,-556292000.0,-0.4399993267683904,0.45042438750115527,0.164062510548702,-0.007326109822354423,0.0025050101740175523,1.5965561688386576
SLB,2020-02-07,29.19164876056689,29.844166527061525,29.088620329060323,29.552249908447266,8582100.0,-0.0026113600913972705,0.02556645265053864,0.012352887321920988,-0.014778286273370609,29.25432472229004,30.935851192474367,30.63271691835797,-0.04472484934772649,-1.35176523208618,0.018674000068763144,0.9156123531922675,0.015223524358781665,0.2510869967513811,24.646995648793975,-1.0203548253207764,-0.07805717992972339,-1.1590805053710938,0.7067956431522455,-564874100.0,-0.39705714309054907,0.692057623667837,0.15070614269398208,-0.03258623345191414,-0.004548848247940803,1.5185111155149633
SLB,2020-02-10,29.294684408714797,29.509328937772352,29.028527288821405,29.492156982421875,7197400.0,-0.002035516992665904,0.016302695297516507,0.006740901214430974,-0.008715596969110815,29.287809753417967,30.70060091018677,30.524092162554535,-0.03936222392845475,-1.5605785560607934,0.018653114372881897,0.8622573181802624,0.01525753295770717,0.23533998735836106,29.813689235991333,-0.9820238395947598,-0.031780955362965324,0.3348503112792969,0.5949419928663832,-572071500.0,-0.38809546411340307,0.7037699385801506,0.14662384147338564,-0.0209179105059998,0.006289494210012281,1.5304145443582988
SLB,2020-02-11,29.753540979593623,29.92779038309096,29.509585832227557,29.875516891479492,8825600.0,0.012914948914084528,0.01399823649520441,0.0040995427055060705,0.008862830796931542,29.35963077545166,30.510275840759277,30.462323089118815,-0.020804759438844477,-1.7256984329223641,0.019081487241555686,0.8492181472547181,0.015085496542918372,0.21908294211903714,35.76674489737675,-0.9102198684077294,0.03201841265925209,0.7182102203369141,0.7381949120290406,-563245900.0,-0.5346041657906981,0.5738065736993356,0.22018316683987654,0.011500681687290546,0.0050393171515082415,1.64225564410244
SLB,2020-02-12,30.68578418499985,30.825185678956498,30.006198993816646,30.537668228149414,9094900.0,0.021921633563627405,0.02681890048123959,-0.004826859107053214,0.027121448524676284,29.51741466522217,30.34017972946167,30.469498816645537,0.006509140698859251,-1.8934855079650852,0.019879448377776204,0.8489786988611091,0.015006875421686591,0.1930026451295492,43.95975963844303,-0.7907691305820279,0.12117532038796297,1.5778388977050781,0.7765149251310143,-554151000.0,-0.44982569343843976,0.2901256886739899,0.39618992730072256,0.14353334159402192,0.00707713518314778,1.7258664395766532
SLB,2020-02-13,30.354708536897235,30.511535654469952,29.596713017691926,30.206592559814453,11718000.0,-0.010900748232304651,0.03028552906013859,-0.004879505823709073,-0.005991279029075585,29.615474700927734,30.20504503250122,30.44446012551877,5.123406740716796e-05,-2.0169799613952613,0.019034290795306833,0.8499562100825807,0.014967941878913621,0.17655387121853108,45.71726726474004,-0.714581350778559,0.15789048015314555,0.9806003570556641,1.0091741143997641,-565869000.0,-0.5481107930346912,0.909936904864629,0.32370702939622414,0.17863552741477623,-0.002315821303479158,1.6971744908927189
SLB,2020-02-14,30.328563744897707,30.380837221156316,29.744817779127562,29.98876953125,7904500.0,-0.007237234622408778,0.021208587480256093,-0.011203768714727612,0.004037899502955493,29.737256813049317,30.03970079421997,30.401061021302695,-0.001695465055356718,-2.181266727447511,0.0186724159033215,0.7788650352336565,0.015101266111073033,0.14877818752901767,59.123906096557356,-0.6641228890997475,0.16667915346556572,1.2178211212158203,0.6922753214291814,-573773500.0,-0.4472727173241322,1.0942493924350234,0.29906705204598105,0.1981698882616844,0.0008211340736465764,1.679376187902917
SLB,2020-02-18,29.535720463890083,29.614134010465122,28.647034710570882,29.31790542602539,11792800.0,-0.022624526554106517,0.03298664368552571,-0.007374630936495688,-0.015107290977304486,29.796245765686034,29.85841417312622,30.297903345562002,-0.018102392979306645,-2.327472629547117,0.019038860427068965,0.8293213899338662,0.014493824988882107,0.11962610329940489,51.536133060502486,-0.670537779208626,0.1282114106853498,0.5898895263671875,1.0599740866860126,-585566300.0,-0.36123504373411025,0.7334608386772212,0.19686314383696382,0.1875452695005332,-0.005011462295953831,1.7149193185457698
SLB,2020-02-19,29.518300296559023,29.919079242353828,29.309196359330155,29.875516891479492,6592300.0,0.01884087584519262,0.020414136606875292,0.012101529943514757,0.006835238316709429,29.858622550964355,29.765966987609865,30.25767606422081,0.003680374432828869,-2.4018297958374006,0.018287424676400002,0.8170769043444166,0.014442240233739013,0.1045355652659531,58.19406430259208,-0.6234404077852425,0.14024702568698666,0.6237678527832031,0.6207637532651704,-578974000.0,-0.48392506961520076,1.2658475766599704,0.41506589549884426,0.10386462937111698,0.004434158467767508,1.6910449038206954
SLB,2020-02-20,30.049766880500584,30.241441871601506,29.431169589510713,29.474735260009766,7836000.0,-0.01350584737444087,0.02749040067512126,-0.01913597608851865,0.005832534702379941,29.795063400268553,29.665071773529053,30.18311027334357,-0.006416182471169015,-2.458760738372799,0.018416534025528907,0.8087202320218092,0.014736836559598801,0.0896410682875086,52.17352029522263,-0.6114072080945867,0.12182418030211406,-0.6355915069580078,0.7555232451632435,-586810000.0,-0.42878262037296055,1.1027269093637426,0.2928333985063546,0.05933792489403536,-0.0007991392640084022,1.697272832949623
SLB,2020-02-21,29.161079668935994,29.230778755977337,28.63832155995351,29.09137725830078,7246300.0,-0.013091648414408305,0.020365388367949388,-0.0023902547994292312,-0.010641506643125928,29.741248893737794,29.55574083328247,30.07913570048235,-0.015711451037585686,-2.5118242454528783,0.0185331640879797,0.8157231505857604,0.014558356268981509,0.07532593811356966,52.835433560723416,-0.6255931491217801,0.0861105914199366,-0.5381450653076172,0.7145029918450837,-594056300.0,-0.37342087997442747,0.9595471006986936,0.18320914520426113,0.06681840513015545,-0.007675936200052311,1.683401540590578
SLB,2020-02-24,27.78448124721833,27.87160758076609,26.843520500855053,26.94807243347168,16714900.0,-0.07653004512732953,0.038150672277178097,-0.0301034525821996,-0.044923827410390055,29.480831146240234,29.367577934265135,29.780939198862285,-0.08238696109734181,-2.5977626800537124,0.024157245016210336,0.9450074500152658,0.015058525527769394,0.10193700571484028,38.51769477591244,-0.8005541071878923,-0.07108029331694043,-2.604177474975586,1.5984335926480222,-610771200.0,-1.206889513113041,2.37260002241618,0.0,0.055546149969629866,-0.03248003735722603,1.8818585473297735
SLB,2020-02-25,27.00035165569869,27.05262679902116,25.45822080241271,25.562772750854492,18709700.0,-0.05277466728649172,0.06237218521434264,-0.05324296969075893,0.0019399985789735196,29.087892723083495,29.187851238250733,29.379209060956782,-0.12419819663345306,-2.6293570137023927,0.024235634795720197,0.9810082764281428,0.01678402753547762,0.15539244541128605,28.583286493276518,-1.0390168939477498,-0.2476344640614383,-3.929384231567383,1.777727313541112,-629480900.0,-1.2095738727755754,2.3470720829160427,0.0,0.39111630595725877,-0.03181424496188123,1.69063733956824
SLB,2020-02-26,25.78058588120476,25.91127456074941,24.726360321044922,24.726360321044922,19240700.0,-0.033267209670596376,0.04792109410037153,-0.040892226616479586,0.008520716139566197,28.57297706604004,28.96630392074585,28.936080609536607,-0.1463750298036559,-2.6745385169982896,0.024885696918848337,0.9681350920100057,0.017680544572230634,0.20858781292619002,18.662202233918663,-1.2807284233433016,-0.39147679476559216,-5.14915657043457,1.758805591408858,-648721600.0,-0.9689163867767823,1.4972392977105322,0.0,0.4447931414399834,-0.007263779585413816,1.7444266372959425
SLB,2020-02-27,23.985792543038933,24.639237655955537,23.367196972010184,23.38462257385254,23765700.0,-0.05579124265645723,0.054396459892736594,-0.025063585791784193,-0.02995053733709778,27.857672500610352,28.68754358291626,28.40737032042384,-0.1848509961731846,-2.751300296783448,0.026951759129696228,1.0161564062073312,0.01872120991259777,0.273217130989045,16.962205975957815,-1.5625415681062336,-0.5386319516228193,-7.153045654296875,2.0351292438131194,-672487300.0,-0.7658275557915853,0.3564119011781916,0.0,0.4947588216274704,-0.044607410059441105,1.5179224918667338
SLB,2020-02-28,22.487217096076122,23.663418269499388,22.173564668480573,23.60243034362793,26830600.0,0.009271036012499088,0.06312288943672442,0.04959320856765353,-0.038375880343685706,27.1972562789917,28.406365489959718,27.94975698930042,-0.16911474113186878,-2.827967395782469,0.026956464541687646,1.0686069349943035,0.020200086755053772,0.31806575937866804,18.984478015941377,-1.7481536221907668,-0.5793952045658819,-6.604162216186523,2.1473438718633413,-645656700.0,-0.7657677810754436,0.3550613857939813,0.030449654594341322,0.3984584039527633,-0.008216680323029048,1.4905666637281598
SLB,2020-03-02,24.090337083711194,24.21231460571289,22.800872767324105,24.21231460571289,23253000.0,0.025511684346268607,0.058294378764422485,0.005063338116765998,0.020671885605839203,26.61961078643799,28.17843379974365,27.593810095625415,-0.1407501645484229,-2.8625557327270528,0.028094662581109334,1.1320154506202267,0.02157957756223026,0.3467294947003943,23.969052775861513,-1.825002457079954,-0.5249952315640551,-5.776454925537109,1.8147918058477925,-622403700.0,-0.7979282168282539,0.20427066191454799,0.11571183391036152,0.4288016336715565,0.04017517443381851,1.3256140473897455
SLB,2020-03-03,24.064202259616362,24.316866798930487,22.88800091120437,23.35848045349121,22020400.0,-0.035901264973645326,0.061171183227056065,-0.02932662377549356,-0.006117232016371599,26.02366828918457,27.909957027435304,27.19044536780311,-0.16307716165488975,-2.9178648948669412,0.028678838699686866,1.2029606282671577,0.022969931857006323,0.3818055031018324,19.293867623724864,-1.9325260355084808,-0.5060150479940657,-5.95942497253418,1.6367256122465286,-644424100.0,-0.603522466505077,-0.2386637183263501,0.0,0.3392932539107744,-0.026760455677306786,1.3099007527739128
SLB,2020-03-04,23.7069882947403,23.855102589279372,22.879292134972317,23.593725204467773,16155900.0,0.010020688748037153,0.04135889715805764,-0.00477762459171814,0.014919970583831325,25.395489120483397,27.627055835723876,26.8479005903426,-0.1459920541384906,-2.9924751853942873,0.02831340172096045,1.2048278901835896,0.023447190321645696,0.40691310066293906,15.911064901288313,-1.9759791035952823,-0.43957449286469363,-6.281791687011719,1.184185354447869,-628268200.0,-0.6159707086713786,-0.16297267083099654,0.03276759962725538,0.23481988899048323,0.03851406988373863,1.1272285994922966
SLB,2020-03-05,22.766023643144862,22.87057557697296,21.990602755357646,22.50464630126953,15754600.0,-0.04725900534192108,0.03910182856620474,-0.011481027428082952,-0.03508142754693842,24.698480224609376,27.246771812438965,26.434257324716594,-0.17404357271434673,-3.1457776260375994,0.027777055943923254,1.2521255500873496,0.023768457919325577,0.4355689144272868,14.808936459027976,-2.0743833389201853,-0.4303829825516772,-6.970088958740234,1.1366311504002118,-644022800.0,-0.4922632106842568,-0.4771771866091366,0.0,0.19274860705586475,-0.03505278774295789,1.0802970391965936
SLB,2020-03-06,21.676949244853652,21.920902656335674,20.492036710590007,20.779552459716797,23793200.0,-0.07975234179969333,0.06876307603427281,-0.041398666159164786,-0.036778940905602533,23.867297744750978,26.804273319244384,25.89571400424042,-0.2247671775232228,-3.303439311981201,0.03110935147014922,1.350453417848119,0.025245840595698753,0.48354293139607263,13.016123966878837,-2.265455301661337,-0.4971639562342629,-8.311824798583984,1.6239506996927946,-667816000.0,-0.5001830848757068,-0.7297631905077565,0.0,0.29163337616929763,-0.01917069854495961,1.1578216307756006
SLB,2020-03-09,15.595559021610221,15.595559021610221,11.247970328494674,15.081515312194824,86148000.0,-0.320499605945569,0.28827267042590293,-0.032960903081646786,-0.24947570204682012,22.68064203262329,26.080736589431762,24.865790319283697,-0.42173737078016266,-3.6305823612213146,0.06512777988835525,1.9354425114583336,0.0505118126392665,0.6283215155024636,9.27220420426778,-2.8438826768117274,-0.8604730651077224,-11.866557121276855,4.649178549600709,-753964000.0,-2.9471898046072953,10.753751080397615,0.0,0.514606461985889,-0.09190461748458936,1.9538430886518638
SLB,2020-03-10,16.675917881730445,16.75433142414208,14.924684870865205,15.848221778869629,40409000.0,0.04958746099676111,0.11544806596007735,-0.04963421556348699,0.10571899020295371,21.709186935424803,25.39853982925415,24.006974267815693,-0.37601838982036373,-3.941679134368897,0.06738610055534293,2.0225684879049908,0.05279900812444805,0.7249968725144426,10.344809922502364,-3.2034958289263002,-0.9760689737778359,-9.714550971984863,2.0014061204127427,-713555000.0,-2.6924666045591388,9.593585505368157,0.0496052588472595,-0.022844587664243313,0.051175581964825245,1.8377019871334528
SLB,2020-03-11,15.090221931459508,15.804654818102359,14.854981348258631,15.142497062683105,33291900.0,-0.045552137527244047,0.06271577705529725,0.0034641724595591275,-0.04782870015238926,20.750800609588623,24.66188883781433,23.162738343517354,-0.3859960539816822,-4.294317502975463,0.06676676267687158,2.03563764137072,0.053417382850092225,0.8126188708520373,10.169473017942124,-3.505034078410702,-1.02208577860979,-9.583863258361816,1.5547067707375026,-746846900.0,-2.6388584128302477,9.50060454565462,0.003945467593418945,-0.06375784006598748,-0.05576868423438762,1.677760539875544
SLB,2020-03-12,13.609081919325211,14.541330740441413,12.554857222643058,12.563570022583008,47922900.0,-0.18670380777557744,0.1581137777102902,-0.07682457221875874,-0.10126567216821951,19.66869535446167,23.763183927536012,22.153293741523605,-0.47130106550979695,-4.750562658309935,0.07235005595616634,2.1607252227981335,0.05682810235590861,0.924090522156172,9.063430692665648,-3.907064959941671,-1.1392933281126072,-10.821052551269531,2.051931447714453,-794769800.0,-2.068993332455572,5.386084410362977,0.0,-0.05683541258542921,-0.10512689849748212,1.6051613235001003
SLB,2020-03-13,13.696207205474394,14.088274032791578,12.476442727167491,14.079561233520508,29182100.0,0.11392282973329275,0.11448022270656072,0.027989794714326933,0.09015249494017002,18.716408443450927,22.956832361221313,21.3843668359995,-0.38669407817327156,-5.148208742141723,0.08068742381134465,2.115294833382302,0.058982555179321966,0.9887891219199273,17.104662934748248,-4.056587691209479,-1.0310528475043323,-9.522869110107422,1.2044671039665513,-765587700.0,-1.3003744869982943,3.8492613423428064,0.08699993416508504,-0.24585893541291204,0.10081549312404453,1.5297548957704232
SLB,2020-03-16,12.21506636450422,13.975012073653502,11.552908523582806,12.55485725402832,24971100.0,-0.11461656495868493,0.19292163192803696,0.02781735926638093,-0.13242563728316423,17.55066270828247,22.08513674736023,20.543461161526057,-0.4315245860757931,-5.581219930648803,0.08207668500377659,2.181883884334392,0.06421973321501057,1.0637695933719242,16.983619166684576,-4.24913501815988,-0.9788801395637861,-11.65745735168457,0.9955961661866659,-790558800.0,-1.075366981787796,3.050883364368401,0.0,-0.30968120529499005,-0.12706892253574653,1.3237336617790976
SLB,2020-03-17,12.668121792390982,12.685547393183176,11.422219586293977,12.197641372680664,25536500.0,-0.02886501995325032,0.10357148306710373,-0.03713892457151059,0.009021571179259745,16.434578800201415,21.229123544692992,19.748621181636018,-0.42542887618505015,-5.984707612991333,0.08202297483757741,2.187484853419014,0.06559533513200712,1.132362497166866,17.40705812723057,-4.380063848691087,-0.8878471760759945,-11.160839080810547,0.9909875298520611,-816095300.0,-1.065487100776298,3.048426779457973,0.0,-0.3224770368946608,0.05391069989559011,1.225204771033448
SLB,2020-03-18,11.326379794577765,11.953687215852048,10.35928151124104,10.498682975769043,28198200.0,-0.1499927845231659,0.1518672111817164,-0.07307690840501056,-0.07142869276795462,15.125074577331542,20.26028184890747,18.867674685839166,-0.48180962860913107,-6.462580127716063,0.0837165696228299,2.221713175733649,0.06829845878255174,1.2050484675521698,17.08943569357865,-4.568257604004028,-0.8608327451111482,-13.09504222869873,1.0502500369193901,-844293500.0,-0.8053101748710858,2.2111101911766218,0.0,-0.341697586380837,-0.06256656235015202,1.242508238923774
SLB,2020-03-19,10.603235309324315,12.441593791007694,10.341857117437515,12.08437728881836,25449300.0,0.14066366679940107,0.17375629901203596,0.1396877402307154,0.009958614218238519,14.083047676086426,19.3907639503479,18.221646362313376,-0.37679725668562186,-6.876448612213135,0.09458507843034529,2.2652762523444605,0.07257790154338473,1.229219212915485,22.504175749563217,-4.537148804943236,-0.6637791568402842,-10.420269012451172,0.9177632646584709,-818844200.0,-0.31284212698249714,1.4558118087421092,0.08528588100791039,-0.4221549470429815,0.019181565101660684,1.3288285045610724
SLB,2020-03-20,12.459019724851519,12.702972322719418,11.41350776023356,12.441594123840332,32875200.0,0.02913173888777635,0.10364142646439588,-0.0013986333913918346,0.03100221278094446,13.24925184249878,18.55827479362488,17.671165196744518,-0.32959317273854266,-7.281038618087766,0.09567396323082764,2.2565635897799656,0.07393650427879384,1.2262456126974393,21.557903477083144,-4.432574484880261,-0.4473638694218476,-8.337958335876465,1.1331920887645075,-785969000.0,-0.356080682506124,1.2860120692779289,0.11811448393790391,-0.28553032842193754,-0.0361235052834508,1.3009227892985744
SLB,2020-03-23,12.345754087625146,12.57228188375914,10.977876173328356,11.178265571594238,24393500.0,-0.10707390512131998,0.14263444540827735,-0.09456599473345641,-0.007703195849440192,12.85892686843872,17.769784450531006,17.05279380387306,-0.37093972058506297,-7.60863603591919,0.09643763012513137,2.268387862830299,0.07597885413439803,1.250781540940759,21.139560506457087,-4.40090771424223,-0.3325576790270528,-3.903249740600586,0.8298498983248044,-810362500.0,-0.31389706111364146,1.1239089524393056,0.04511275526902606,-0.3078685204476688,-0.03535543109069356,1.308065878792177
SLB,2020-03-24,11.79686237297361,13.007914278052086,11.762012000282782,12.763960838317871,25812600.0,0.13265432129265678,0.09761094487449852,0.08197929540653669,0.0553392471683018,12.550500774383545,17.129843854904173,16.644333521439233,-0.25486998326236204,-7.819912595748903,0.10440716424314682,2.3293763094124986,0.07674014855118617,1.2480578434463552,25.882806279007795,-4.199450562530863,-0.10488042185254898,-3.084260940551758,0.8676440039771135,-784549900.0,-0.2563019207292116,0.5417832356138295,0.15921628007039548,-0.3406331435817132,0.10408131044904564,1.3377498734653839
SLB,2020-03-25,13.060189839782996,13.826898894427089,11.831713124476579,12.720398902893066,24201200.0,-0.0034187225651548794,0.15684930835751812,-0.026017304576606042,0.0232082349058793,12.308290958404541,16.529545783996582,16.270625462530074,-0.23044474003583446,-8.00097827911377,0.10455223321196074,2.3573808323296683,0.07929352870235229,1.2380203817048494,27.146929962803014,-3.997231802477147,0.07787067056093377,-2.422098159790039,0.80675386176758,-808751100.0,-0.30113452839043386,0.538661227808334,0.1620078463135036,-0.29459902907809343,0.025429710377941356,1.3264802919360366
SLB,2020-03-26,12.641986264218794,13.62651043375622,12.528722333468629,13.52195930480957,22180200.0,0.06110806139927773,0.08118557936327492,0.06960718214679647,-0.00616432230410942,12.404129886627198,16.036412620544432,16.00884773322336,-0.15679649652526195,-8.085758819580079,0.10622747009534907,2.2920364401588165,0.0797748041852478,1.2199275183434726,32.28414047281166,-3.7293036615132085,0.2766390492198987,0.9583892822265625,0.7413423657298363,-786570900.0,-0.4345685626388915,0.4180738320731802,0.2204577465997115,-0.2760220436692146,0.06683960341299143,1.3239142086349178
SLB,2020-03-27,12.66812035511466,12.807521822042743,11.971112189575962,11.988537788391113,21794500.0,-0.12036397010183444,0.0697674434722726,-0.05364509869446968,-0.06314461761404742,12.195027542114257,15.455717992782592,15.625961071810764,-0.22432993446247915,-8.248038473129274,0.10789732640595691,1.7219839390167793,0.07981235487570172,1.1976394171831475,40.523214810427014,-3.599213487862441,0.3253833782965332,-2.0910234451293945,0.7346337272199753,-808365400.0,-0.26264329700464345,0.11617016586189466,0.10864042813302302,-0.31209706763135275,-0.033657375575844216,1.3425152494192343
SLB,2020-03-30,11.631322250660904,11.927549976093745,11.28281772460724,11.570333480834961,25981500.0,-0.03550664532801967,0.055722875451639904,-0.005243494119722978,-0.02979642255255784,12.096575164794922,14.823618936538697,15.239710825051164,-0.219466344192424,-8.445631113052368,0.10717130886370832,1.6417034754815647,0.07975364201237277,1.1369476299068735,36.6066576125496,-3.489635336597946,0.347969223648823,-0.9845237731933594,0.8717573956694479,-834346900.0,-0.18075877939270094,0.17991053544634733,0.08183635344825044,-0.3055894253917158,0.028474208492502203,1.3243594315403213
SLB,2020-03-31,12.093093447387519,12.101806250079608,11.587762523826681,11.753301620483398,25754200.0,0.015689826417457833,0.04373611286866517,-0.028098007212333728,0.0451810630539262,12.052141189575195,14.243359994888305,14.907671853187567,-0.17482239972159275,-8.602083330154418,0.10765848559573014,1.6087200710982543,0.0795517807362027,1.053056608015608,39.02991778586542,-3.349419835588586,0.3905477797265462,-0.4443397521972656,0.8587515688416381,-808592700.0,-0.2527544634711691,0.14050585200813995,0.09580867490497139,-0.3052992087027153,-0.015037261844110392,1.3236750569314908
SLB,2020-04-01,11.40479490056687,11.491920412475686,10.603235537974811,10.969164848327637,25393800.0,-0.0690460492163686,0.08101663953353423,-0.0381970965753694,-0.029651814542830984,12.099189376831054,13.6121319770813,14.532575947962812,-0.19416261414476566,-8.818205432891846,0.10760173749565377,1.5060362312745785,0.08008649905433866,0.9106682055165695,44.160824831276166,-3.263946580604065,0.3808168277688537,0.47048187255859375,0.8338911752608804,-833986500.0,-0.1394788244813815,0.11329593935574488,0.03918734877087486,-0.30892539198115654,-0.04707185547263629,1.3300015251054125
SLB,2020-04-02,11.413507424968472,13.060188450829493,11.282817913918661,12.093090057373047,33976500.0,0.09754607896063151,0.14697405944043104,0.059541962615094375,0.040508332474243014,12.100060653686523,13.091554164886475,14.300243958382833,-0.07626780555905725,-8.950792255401613,0.11161175085913465,1.5402642524801335,0.08229220385151818,0.7019626758144818,42.509869657378665,-3.070126531326485,0.4597095016371471,0.0087127685546875,1.083321350101568,-800010000.0,-0.24543948234385465,-0.1887490136410153,0.15508484788593177,-0.3228646520962705,0.029794661470865038,1.372686138775272
SLB,2020-04-03,12.61584401437583,12.720395942360831,12.005962199254038,12.450304985046387,24822900.0,0.029110899559817265,0.057382830698916545,-0.013121518397089409,0.04322749227225545,12.100931739807129,12.675091791152955,14.124059294255552,-0.01773453082710346,-8.990700807571411,0.11151704233174557,1.4108200405636402,0.08216038126382126,0.44702409342834115,49.567719411252064,-2.854790241721089,0.5400366329940347,0.008710861206054688,0.7901669136047694,-775187100.0,-0.3922699820593256,-0.10331441893087642,0.36482060930149346,-0.4078393982773394,-0.013913589561430179,1.362208326061675
SLB,2020-04-06,13.03405135004289,13.783334749612917,12.659409234808681,13.6526460647583,24572200.0,0.09218823434080566,0.08232290718393671,0.0474598954770402,0.04688610967342732,12.348369789123534,12.603648328781128,14.079162796208195,0.08322968942109628,-8.720970582962037,0.0966935162174332,1.4157987518263064,0.07039073538432684,0.41943843085426985,55.6228902870002,-2.5576330028598306,0.6697550974842348,2.4743804931640625,0.8671735725252343,-750614900.0,-0.0740920437427572,-1.0526460252315988,0.5895766343942507,-0.3621373087510662,0.0702221126749428,1.2071541170403057
SLB,2020-04-07,14.750433754020634,15.421304429630505,14.15797662032863,14.349653244018555,29091500.0,0.04979242399142465,0.08803890852404213,-0.027170760988152992,0.08040841929507439,12.506939029693603,12.528719902038574,14.104923791237754,0.14534073362783795,-8.49974594116211,0.09669954413333826,1.4108200735000622,0.06960920026700276,0.3705603726387507,66.13137182665548,-2.240068975174438,0.7898553001357023,1.5856924057006836,1.047583929328281,-721523400.0,-0.07433895291861309,-1.0531284003296222,0.8292688268482977,-0.3102969234536896,0.0005814018500145424,1.215109008589059
SLB,2020-04-08,14.724295331171117,15.151212579988046,14.314803683154084,15.055375099182129,16039000.0,0.04800929914573987,0.05555550036607188,0.022485270810218064,0.02610809340000786,12.74043664932251,12.524363803863526,14.195442963422932,0.20208701495383216,-8.222063407897949,0.09672224517937618,1.3205823751617611,0.06952942568470244,0.36742920812910557,63.43576396002027,-1.9094404980839528,0.8963870217809502,2.3349761962890625,0.5960803784974753,-705484400.0,-0.2224592568252008,-1.0196459664781607,0.9999999978054256,-0.3753367483923611,0.04249490105389189,1.2301459614950327
SLB,2020-04-09,16.01375990152575,16.205438187012433,13.8356104831428,14.349653244018555,25065500.0,-0.04800929914573984,0.16514877841089728,-0.1039172978576157,0.06365731813587847,12.823206043243408,12.613667964935303,14.210129656812992,0.13762731696355987,-7.840555725097655,0.08859605657010189,1.3977511709748878,0.06997154791720238,0.3871444593118538,58.365151579893954,-1.684937987406915,0.8967116259663905,0.8276939392089844,0.9728668142206887,-730549900.0,-0.08618921238969919,-1.0504516158042694,0.8451240846427408,-0.30147563214170947,0.012589029794570262,1.1516844472171937
SLB,2020-04-13,14.480343996548772,14.654595024324578,13.678783784850607,13.896598815917969,16740700.0,-0.032081657040798905,0.07021942940140294,-0.04031293598894697,0.009107589591734126,13.014012145996094,12.604519844055176,14.180269576727753,0.10250917828275641,-7.543115978240966,0.08509395692852302,1.35356585162083,0.0686689651594488,0.38395811141699177,62.82894094295931,-1.5259852284354167,0.8445315079503111,1.9080610275268555,0.6658326208943779,-747290600.0,0.06746358497421732,-0.8503645645335696,0.7456979187232899,-0.2111815446622143,-0.014897515514803686,1.1479740725110728
SLB,2020-04-14,13.940160680007837,14.332228363851717,13.460967490452903,13.53938102722168,20214400.0,-0.02604156863918683,0.06435012587703201,-0.028750002384185736,0.0031347140884552434,13.210916900634766,12.653746032714844,14.119232572012889,0.06998994544517691,-7.18925844192505,0.08134126255328344,1.2851095778308987,0.0642888418944185,0.3880819770744735,54.1395229397182,-1.4125554519470764,0.7663690275509212,1.9690475463867188,0.8116710641016324,-767505000.0,0.05426190918707477,-0.6036951271370262,0.6673038165462084,-0.24482369460500972,0.024196940710054904,1.2754511325074522
SLB,2020-04-15,12.781386887663569,13.051477077750306,12.215068103882897,12.833662033081055,22681400.0,-0.05353098678881694,0.06517305596106669,0.004089943124086261,-0.05598440120963591,13.318952941894532,12.685547065734863,13.99679728259081,0.01167588331655541,-6.839570331573487,0.08205201840963178,1.237190088787204,0.0633538269170143,0.38578282127239144,50.56472231771758,-1.3638851428127623,0.6520314693481883,1.0803604125976562,0.915979236662431,-790186400.0,0.08385011197457627,-0.6829658415301462,0.5124285312563017,-0.29544381662050195,-0.03182997009792779,1.3982480722854045
SLB,2020-04-16,12.75524883445279,12.885937523971794,12.162791669383328,12.241205215454102,18242900.0,-0.04726382771331065,0.05907472686394633,-0.04030055592566892,-0.006109962879351289,13.446156978607178,12.772673177719117,13.829598038101599,-0.04160976757724591,-6.412233343124388,0.07579344926271367,1.2104299283801236,0.06086280526661508,0.3497922801618091,43.4782583358877,-1.3574717961186522,0.5267558528338387,1.2720403671264648,0.7518458301650789,-808429300.0,0.29215568157185273,-0.6880795976098002,0.31130076181162075,-0.09287301719888422,-0.0056264325002719825,1.3039437978857413
SLB,2020-04-17,12.824946795370169,13.417403000919736,12.371891219051667,13.312851905822754,33939700.0,0.08392213980880568,0.07853402030340202,0.038043441289652764,0.047686610071622136,13.56813316345215,12.834096908569336,13.78038412074171,0.03730336467490384,-6.01486011505127,0.07075423959029908,1.1836692619681255,0.056628553001524,0.34622279415778995,57.07634155255497,-1.251489844962876,0.5061902431916923,1.219761848449707,1.3747075075328075,-774489600.0,0.1252397629444301,-0.7996466240472385,0.573560073486041,-0.18673276231228397,0.0437619382755355,1.303735038906495
SLB,2020-04-20,12.258627749151389,13.713631993669793,12.206352615243167,13.251864433288574,21290600.0,-0.004591622880930936,0.11374092951331076,0.0810234803162159,-0.07918845369340212,13.648289108276368,12.874610424041748,13.73004891241284,0.02930216890620246,-5.646793441772459,0.07059830332931731,1.240923498728322,0.05696188828885545,0.34504235841386,59.34171488927617,-1.1590586577357165,0.47889714433508157,0.8015594482421875,0.8830814817764328,-795780200.0,0.20455995086323697,-0.7564064463454082,0.5586348815255504,-0.1742113028104478,-0.020267523936331647,1.4024275897252472
SLB,2020-04-21,12.929500477052041,13.609083146584075,12.520007982828323,12.798810958862305,22926600.0,-0.03478598170775222,0.08509190168182311,-0.010107855165920089,-0.024325932238391846,13.562905597686768,12.955637693405151,13.641359583503267,-0.012104902765432897,-5.230697393417358,0.06672351129911167,1.280752241193401,0.05512228437691412,0.32016050062040236,55.63908451754712,-1.1095734331360703,0.42270589514778245,-0.8538351058959961,0.953840463685969,-818706800.0,0.3030705449015774,-0.6175133870206592,0.44776112674927787,0.0005282537104307775,-0.029134577567193915,1.3153026540258503
SLB,2020-04-22,13.469678656184938,13.975010183956092,13.016623090217085,13.365127563476562,20596000.0,0.04329662136587911,0.07170803938737044,-0.007761958943272028,0.05241640801469161,13.464453029632569,12.985696029663085,13.615051772072151,0.029219191096630164,-4.878098468780518,0.059682814696418104,1.282618894235201,0.054283303181946976,0.3203005298261568,63.23387637715649,-1.0129819931741135,0.4154378680877915,-0.9845256805419922,0.8662784620907485,-798110800.0,0.06193410450607584,-0.776991903352337,0.5863532618725037,-0.011219446413158873,0.022780603017446024,1.278196040868772
SLB,2020-04-23,13.809470929980568,14.680730904593897,13.72234460015993,14.39321517944336,20619600.0,0.07410803331551019,0.06658597766277759,0.04227129717152839,0.033246474034283165,13.398237037658692,13.0693368434906,13.68916257277417,0.10129651961737746,-4.484811620712282,0.06182338061706356,1.227231732707735,0.05090130363748331,0.3316833510965087,62.8404684175893,-0.8437482974211079,0.46773725107263786,-0.6621599197387695,0.8738531249860941,-777491200.0,-0.06506241040701329,-1.0141366480122989,0.8379525556767847,0.03793955544745108,0.0009203508053499755,1.2830440060893598
SLB,2020-04-24,14.680734498761636,15.159926937397241,13.922737404083156,14.036002159118652,22709600.0,-0.025131315905016553,0.088144011328064,-0.043916899368854366,0.019976031465778157,13.3668719291687,13.095038986206054,13.722194914330787,0.07185646212308204,-4.129076156616213,0.060821768649412376,1.2645714320082557,0.0509354124071567,0.3363039262654092,58.852170094652486,-0.7300380553907129,0.46515799448242623,-0.31365108489990234,0.9613483327763116,-800200800.0,0.12033949137078169,-0.8858911304450537,0.7505334074878689,0.11740371517877797,0.011768859891664636,1.344603337278922
SLB,2020-04-27,13.722345344916388,14.279951227157122,13.225727398321157,13.983722686767578,17717100.0,-0.0037316235833608287,0.0753893546411321,0.019047570607018786,-0.022346592045691147,13.375584316253661,13.194798231124878,13.74710232122953,0.059790566086999807,-3.7048595142364498,0.054311857567746966,1.2446567223132157,0.05116865932812728,0.3291380753518515,52.12052348421166,-0.6367997546668072,0.44671703616506564,0.08712387084960938,0.7565336972007728,-817917900.0,0.4159775636870789,-1.214520058085331,0.7377392855475697,0.041482855593974244,0.02099030416774559,1.155592080303574
SLB,2020-04-28,14.288664430265516,14.515192241771508,13.853034407014759,14.070849418640137,18234000.0,0.006211252244728904,0.047058838813210976,-0.015243902793602953,0.02180690723983653,13.428731155395507,13.319824028015137,13.777935378125777,0.05638403248011332,-3.2614753150939926,0.05332867594209672,1.1656209701621116,0.05100841886958202,0.30974380299199267,48.06294836397465,-0.5495425460908141,0.427179395792847,0.531468391418457,0.7917014199304341,-799683900.0,0.34364934587875834,-1.1494054692036586,0.7590614217839804,0.04741541446353854,0.005119468900849118,1.2557531747678854
SLB,2020-04-29,14.767859418117613,15.900496887877878,14.611032333609964,15.856934547424316,19406700.0,0.11950167531228709,0.08131865275797365,0.07374630936495755,0.04953574434206675,13.731058406829835,13.525005674362182,13.975935299011352,0.17241611051465264,-2.7870742511749267,0.05929453208592105,1.2365665824766674,0.051931419216369075,0.32788992727548427,54.84210904723432,-0.33243631774688964,0.5154284993094173,3.0232725143432617,0.8543924494260927,-780277200.0,0.3720498562776855,-1.1700587991775493,0.9999999979540771,0.04232246264023983,0.029731086125226736,1.415699443104091
SLB,2020-04-30,15.90049661371903,15.90049661371903,14.523905740482622,14.654594421386719,25829800.0,-0.07885301684347881,0.09393578789375635,-0.07835618110552221,0.002747193422816346,13.972397327423096,13.709277153015137,14.04056950114234,0.068954566883468,-2.2983843231201178,0.059999779382423624,1.1656210945742942,0.05222959834667573,0.2793679965663539,51.73783692418397,-0.2544635697796114,0.47472099782135646,2.413389205932617,1.136083192018239,-806107000.0,0.32707013057854967,-1.1290367677423063,0.6805553109271066,-0.01190126734203576,-0.01370988137757605,1.4968989393011896
SLB,2020-05-01,14.218965275407148,14.506481056277629,13.513245024506302,13.722347259521484,18752100.0,-0.06572820795813467,0.07238091362847218,-0.03492645254184601,-0.029726455298129503,14.013346862792968,13.790740013122559,14.010262620987973,-0.004959324411597579,-1.901873703002929,0.05892370269544721,1.1774452486747544,0.04932266909899796,0.2549008766230223,49.058382394168774,-0.26484123519871794,0.3714746659217999,0.40949535369873047,0.8533528346230411,-824859100.0,0.48957162987537994,-0.8584065106074237,0.4096385276615608,0.067694774515369,-0.03298346137629277,1.4516350994118008
SLB,2020-05-04,13.295430732554259,14.166690924765177,13.164741205183539,14.140552520751953,23079600.0,0.03002104400263261,0.07085647594825084,0.06356482954165513,-0.031111042367114154,14.102215671539307,13.875252389907837,14.022671182870257,0.019120382346131726,-1.518344831466674,0.05894214866366762,1.1867801662592419,0.04969406390432622,0.23714264273961955,53.227328159702,-0.23659264754916265,0.31977860285708415,0.8886880874633789,1.0544672860474837,-801779500.0,0.4868521208660354,-0.8634381092332293,0.5253012948869937,0.009064490996226252,0.004139381195190605,1.5210923608389761
SLB,2020-05-05,14.78527981545429,15.098933909334749,14.04471023436423,14.157973289489746,15936300.0,0.001231214025442272,0.0744614821213943,-0.04242777504344914,0.04559420812985687,14.238131904602051,13.900518751144409,14.035557097786398,0.018521218017431288,-1.2372764873504636,0.055134067265677524,1.1674880770900802,0.04933047538010899,0.23687365286396922,57.67675162809663,-0.21037465974722025,0.27679727252722125,1.3591623306274414,0.7427552316627015,-785843200.0,0.6412502560774174,-0.3128394322189743,0.5301193459882138,-0.06983924124942201,0.0056908310423181355,1.5700386665538861
SLB,2020-05-06,14.149264046260539,14.428067016741055,13.774622762401942,13.783334732055664,8990700.0,-0.026817714467443163,0.047408284500224,-0.025862074027912792,-0.0006151475957136063,14.27995262145996,13.872202825546264,14.011535920097757,-0.006406199116909207,-1.030003652572633,0.05431385490196605,1.1625093913579836,0.048378610542721294,0.23546891289511304,59.170992296103314,-0.21732176608235143,0.2158801329536721,0.41820716857910156,0.4396298106438364,-794833900.0,0.8595562109749217,0.1106508206438888,0.4265057947510127,-0.11772273804776635,-0.011450602012799951,1.591814935583305
SLB,2020-05-07,14.210251165063925,14.854983412397038,14.19282722676593,14.576180458068848,14609800.0,0.05592848665332673,0.04542727688751702,0.02575107848231174,0.030973377728060865,14.29824914932251,13.8482430934906,14.065311590380718,0.0525653225224228,-0.8509597873687742,0.05474690255674123,1.1550415981348223,0.04816464768622544,0.2271921210187119,57.77065021186774,-0.15704110183580333,0.22092863776017618,0.18296527862548828,0.7168992041132226,-780224100.0,0.8399788049442185,0.0069256801494803405,0.6457826407278636,-0.10223458413568566,0.012181909187570929,1.7037323474441637
SLB,2020-05-08,14.91596805709163,15.769802236495563,14.889829665633746,15.726238250732422,16418000.0,0.0759418226369219,0.05595569371593577,0.05432233365876361,0.0233111547980794,14.467272758483887,13.917072343826295,14.223495081842785,0.1299961559593879,-0.6289628505706784,0.056308038517855555,1.1326374838491142,0.043914902337459025,0.2548255645228424,63.421544686890854,-0.01628051702177835,0.28935137805936095,1.6902360916137695,0.8230902431369875,-763806100.0,0.5936513340320194,-0.5531671487637455,0.9638534042980447,-0.05197628342894185,0.02294598406805673,1.876421721684819
SLB,2020-05-11,15.421303896883433,15.630406114175148,14.90726032286754,15.125075340270996,12661300.0,-0.03897655849164317,0.0478110538320566,-0.019209047340822034,-0.019390164957903192,14.581408023834229,13.978496170043945,14.309359868359756,0.08202450079602852,-0.3979919242858898,0.05656120469304901,1.1133448241426236,0.04339763717540343,0.26519546690873974,62.41862964745615,0.04623150975606727,0.28149072386976526,1.141352653503418,0.6413119510343259,-776467400.0,0.5944750245775369,-0.5762805010294392,0.7975901545897986,-0.12761790966235917,-0.003731326133731648,1.8898175658280458
SLB,2020-05-12,15.247049946961637,15.525852880104342,14.724293616420782,14.881120681762695,14169600.0,-0.016260643875910186,0.053864173325729216,-0.02400000435965399,0.008064396635822325,14.662435150146484,14.045583152770996,14.363813279160036,0.0594875641618952,-0.14428106307983413,0.05632111888687928,1.086584826899036,0.04316356582272996,0.2681955723511861,58.381519713760554,0.07522054362116926,0.24838380618789382,0.8102712631225586,0.7288675177733986,-790637000.0,0.5805196993820748,-0.5557871741309485,0.7301197674464486,-0.1453256142291841,-0.02393176366496722,2.0036852291788625
SLB,2020-05-13,14.698160776389427,14.776572668049988,13.72234858991584,13.80947494506836,15827300.0,-0.0747383944132616,0.07634063440700417,-0.060462383344494317,-0.012294766589554753,14.457689189910889,14.094373798370361,14.311019152103686,-0.020213658114767934,0.09548969268798757,0.05756716897806552,1.0753825948082874,0.04339108389593488,0.25542125669009474,46.78812641127111,0.011588126273528232,0.14780111107220226,-2.047459602355957,0.8287470876980227,-806464300.0,0.5153548344342068,-0.5941931183925422,0.4337353770953735,-0.16771087879794588,-0.022936261742818237,2.116227740171058
SLB,2020-05-14,13.504532944234223,14.40193153813023,13.190879574975455,14.027289390563965,13323200.0,0.015649727700726507,0.08633542300549092,0.038709702030304854,-0.022082085093542078,14.394958686828613,14.183678007125854,14.283997270052284,-0.011025956489094008,0.376122617721558,0.05631006508355616,1.0735156255111937,0.04429183797169897,0.22225409272166546,49.95131348085803,-0.021022878859859873,0.09215208475105133,-0.6273050308227539,0.7067305754121075,-793141100.0,0.4119346170250899,-0.5091062513323868,0.4017098695027612,-0.107672890656634,0.011787426845140697,2.0687653364054315
SLB,2020-05-15,13.9227363869945,14.384504851104156,13.792047700713443,13.896598815917969,10347800.0,-0.009360553798014612,0.042633248483224404,-0.0018773300269439837,-0.0074535429232534135,14.412383842468262,14.212865352630615,14.24710217918235,-0.022252130648244668,0.5774709129333502,0.053217134828931,1.040532291336533,0.043301066191037976,0.21518699524895568,49.51738534811585,-0.05675869363572694,0.045133015980147406,0.17425155639648438,0.5855383160694839,-803488900.0,0.5971090002612582,0.1052267064693479,0.35897432581595623,-0.1033154551738002,0.0002731433632202289,2.119108904793967
SLB,2020-05-18,14.846268079355784,15.761090222488134,14.811416889013566,15.639114379882812,22646700.0,0.1181309874937236,0.06072423990300683,0.05340374404457283,0.06833825139645029,14.562240028381348,14.332227849960328,14.379674769725252,0.09118516280956994,0.7996421718597411,0.059721003652061996,1.1264132607517767,0.04123288443741247,0.22118420057201288,57.340947877750054,0.05489407417679537,0.12542862703413576,1.4985618591308594,1.276583151494722,-780842200.0,0.5560316336515279,-0.3830785983399384,0.9287732589866783,-0.1257728261328119,0.047024950462290584,2.3267816394585936
SLB,2020-05-19,15.517140977134027,15.560704976577089,14.854983141769399,14.907259941101074,12776600.0,-0.04792676953108502,0.047340814985182604,-0.03930369885352396,-0.00779925255266916,14.637168693542481,14.437650299072265,14.429920976522949,0.032526736158652154,0.9085497283935542,0.060275601359712175,1.051733529957182,0.040168847008917694,0.1978613629503283,45.06785203922634,0.08336418974900894,0.12311899408507948,0.7492866516113281,0.7414207614757852,-793618800.0,0.5498381851190243,-0.43411759498238234,0.6188811498523492,-0.18991614048958758,-0.013157149323918827,2.5029283302234453
SLB,2020-05-20,15.22091405769089,15.900497565590381,15.072799767320367,15.865646362304688,14142800.0,0.06230782694923294,0.05216918235594535,0.04235831712669211,0.021040360054702955,14.845399856567383,14.562676239013673,14.56665672754978,0.08947326040253058,1.0332271766662604,0.061048243596199425,1.0243511550466748,0.03967435081662239,0.20191072981524386,56.453134131158365,0.18117229464093043,0.17674167918160077,2.0823116302490234,0.8363606472646545,-779476000.0,0.5062224666456575,-0.5919246912387406,0.9999999953342956,-0.27347394327815633,0.01850303233349511,2.573275997326288
SLB,2020-05-21,15.874355222929552,16.11830859998688,15.28189987029849,15.499714851379395,17533800.0,-0.023334538534073235,0.05396284626577839,-0.023600352032504077,0.0005489130682728219,14.937753295898437,14.618001222610474,14.655519406009745,0.060316975990200736,1.0814078044891353,0.059379691525062984,1.0025696788186729,0.039281918935188745,0.20872410617052156,60.079066132708874,0.22654681703638957,0.17769296126164794,0.9235343933105469,1.0464416757581327,-797009800.0,0.7385824683832141,-0.1046030370453494,0.8292671709969083,-0.2694193970919961,-0.00634551285045979,2.604989165425779
SLB,2020-05-22,15.30804153965775,15.438730238079906,14.889837039988068,15.316754341125488,9974700.0,-0.011874342832216448,0.035836129891961464,0.0005691650003147535,-0.012366247609038167,14.896804904937744,14.682038831710816,14.718494161735054,0.043230747220460275,1.0903817272186291,0.05910249729708064,0.9745645425193648,0.03789462390632384,0.2084473638622074,56.85282171874258,0.2449197859922183,0.15685274417398132,-0.4094839096069336,0.6188203347686054,-806984500.0,0.718663885457352,-0.08419332976063362,0.7439032060875396,-0.26578310521214804,0.0012633386994789504,2.673014797647013
SLB,2020-05-26,15.95276781391297,16.26642190005796,15.83079196343273,16.03118133544922,11760900.0,0.04558837495444746,0.027173913606849134,0.004915355281975649,0.041524036922090335,14.987415504455566,14.784411764144897,14.843511987803069,0.084330008605955,1.1537222576141346,0.05973653373830949,0.9670962485166471,0.036649994316676836,0.21720248453196606,60.093927643811675,0.3135147807499088,0.18035819114533744,0.9061059951782227,0.7433687386168522,-795223600.0,0.5740916056919101,-0.3473445494145391,0.9999999956688096,-0.2733151525941376,0.022456123211212237,2.7852968233095363
SLB,2020-05-27,16.458105966566993,16.78918579973397,15.848224774717798,16.59750747680664,13778600.0,0.03471687289594691,0.05669291165140747,0.008470082190674166,0.026630890274675537,15.159054183959961,14.910744667053223,15.01055917723198,0.11312398189478012,1.1992021560668942,0.06003174045626632,0.9876331607078657,0.03693100820497242,0.2359967360091238,64.85745697950661,0.4088614941213411,0.22056392361341576,1.7163867950439453,0.8833390016806303,-781445000.0,0.4900855316760535,-0.47031108812221994,0.9999999965219329,-0.2811357564924634,0.02355854068149568,2.7069613767662766
SLB,2020-05-28,16.675919037600714,16.867597337580325,16.240288954806154,16.37097930908203,10372900.0,-0.01374231909379436,0.0383183174891781,-0.018286232250894683,0.004724297362338636,15.415204620361328,14.936446905136108,15.140122999312938,0.096042413102452,1.1414376354217524,0.05348826936673918,0.955894568024494,0.03550793090470837,0.2451985022627835,60.0783202876278,0.4608333217691172,0.21802860100895344,2.561504364013672,0.6848324296666749,-791817900.0,0.516896655432321,-0.12640059891004402,0.9212119813098185,-0.15272417815001008,-0.007688789968793572,2.518684961033641
SLB,2020-05-29,16.16187336063079,16.31870043646774,15.499717181002937,16.092172622680664,21018100.0,-0.017177231729222947,0.05089326809174973,-0.004312664528105467,-0.012772965166185117,15.621692943572999,15.008325815200806,15.230794392014625,0.07221636982201649,1.1014467525482186,0.05046204507575979,0.9328688787139496,0.03406972785107167,0.25270154836382824,52.277692985671976,0.4740593391389858,0.18500369470305766,2.064883232116699,1.4100391519142577,-812836000.0,0.639862674279101,0.12990395472910884,0.8242411468653578,-0.2884647399110187,0.0009330264320230557,2.4299868189141085
SLB,2020-06-01,16.127024195371984,16.431965554127046,15.891783576178362,16.057323455810547,10251700.0,-0.0021679456769248947,0.03364084801774436,-0.004321983939320887,0.002165746882568194,15.837765407562255,15.125074625015259,15.309511445709473,0.061635982228705706,1.1387366390228273,0.04780954495618924,0.9129548822913641,0.03301786451660527,0.2446133436531575,56.24271255766571,0.47623922730934076,0.14974686629873013,2.160724639892578,0.7079404627574577,-823087700.0,0.7171217719590952,0.4304203041706056,0.8080487311647312,-0.26170641250983506,0.004912152331152217,2.5379230842244453
SLB,2020-06-02,16.228376320479867,16.702070270241023,16.193287136137087,16.544172286987305,16286900.0,0.029868876548066053,0.030753012316253242,0.019459492451435786,0.0106526386629786,15.928271198272705,15.245255613327027,15.427098192497839,0.08520137061688864,1.176866064071655,0.047805841202758416,0.901753993059001,0.03178693583124675,0.2482620458593614,60.78561014813548,0.5113568330374303,0.14789157762145566,0.9050579071044922,1.1517188733635355,-806800800.0,0.7177192190972203,0.43214633713756845,0.9810476454477453,-0.2632714279714597,0.012130423144354708,2.5421868441643776
SLB,2020-06-03,16.956464257388436,17.2898032233899,16.7459341199436,17.202083587646484,13986600.0,0.038996603162267884,0.031616466730627665,0.014485291658078093,0.024920676794777868,16.157753562927248,15.397461128234863,15.596144420607235,0.1172025988169194,1.2085952186584468,0.048253410441206464,0.8722439105272681,0.030567297248951474,0.2611088496576611,73.25026071029798,0.5855261511614529,0.1776487165963826,2.29482364654541,0.9959199367697007,-792814200.0,0.580249198229476,0.17121374448294066,0.9999999970749534,-0.25571248413783726,0.02242793954023394,2.5025459727073565
SLB,2020-06-04,17.21962416442645,18.079290866612244,16.98277883779092,17.83367156982422,20361300.0,0.03605781628683851,0.06148548965523709,0.03565974492441673,0.0010196774530593009,16.3545560836792,15.599977970123291,15.809242244342185,0.14318568936307763,1.3097178459167473,0.04774661145056099,0.8640624866463072,0.0310840421063087,0.2740487794025935,74.68591228217963,0.6873464399946059,0.22357520434362843,1.9680252075195312,1.3934232704622025,-772452900.0,0.4152744417832042,0.13867807796611517,0.999999997515032,-0.20486467132084524,0.0019149678923434848,2.4923771017174934
SLB,2020-06-05,19.588090187008333,20.25476967990345,18.921410694113213,19.289838790893555,26486400.0,0.07849013816296498,0.0691223498674181,-0.015226160042523798,0.09837674818194532,16.733568477630616,15.835660886764526,16.14072762972803,0.21812653913396424,1.4140119647979734,0.049186835133967606,0.9946796980526301,0.0318173718815411,0.33369780112396424,79.84604163610052,0.8754486504193366,0.3293419318146873,3.79012393951416,1.7418089655181483,-745966500.0,0.4096336856312122,-0.11413874659143743,0.9999999981753036,-0.23949142629420625,0.03484704919024782,2.4553127594736686
SLB,2020-06-08,20.500392172518865,20.824958836389794,19.772308161902586,20.746009826660156,21082500.0,0.07277546092566355,0.0507399101457319,0.011981119779286287,0.06275601339897119,17.276494026184082,16.086649465560914,16.579325934197755,0.28964144280474496,1.5205195331573496,0.04895984836936677,0.9711531722616353,0.03164505544917528,0.426883825704082,79.18640780593643,1.1290073463355412,0.46632050218471344,5.429255485534668,1.3654924370858226,-724884000.0,0.4073860417800832,-0.08410833393513269,0.999999998558358,-0.05092049043049413,0.01795685827818104,2.4504496002212033
SLB,2020-06-09,19.789850569372167,20.070557408588904,19.044221981987242,19.745990753173828,17914700.0,-0.0494034597742417,0.05197690201676491,-0.002216278290964883,-0.046088826973332206,17.647974967956543,16.317695236206056,16.880913059814525,0.2100967978223417,1.5964162445068375,0.04957821524714323,1.0367000727301712,0.03179041706936219,0.46168731293357673,76.83139171777847,1.2350246623868166,0.45787025458879105,3.7148094177246094,1.1409070920520146,-742798700.0,0.37698017359298297,-0.14027021093748884,0.8558330493372832,-0.17818446267068994,-0.014037054093393429,2.444475339979354
SLB,2020-06-10,19.28107268229682,19.351249405485127,18.368775280848826,18.38631820678711,16602500.0,-0.07134365859326972,0.053435065878150174,-0.046405845268725196,-0.023544935105486192,17.82685604095459,16.492955112457274,17.024284978573817,0.11479829305421207,1.635356426239012,0.052605640834241234,1.0641270618612921,0.031763482670941104,0.4621751545307515,63.38190910097971,1.195548400180904,0.33471519390630267,1.7888107299804688,1.0492106826426018,-759401200.0,0.26120728559152656,-0.36533273223013757,0.659816945095544,-0.11518129139490028,-0.015529151316785119,2.769275947975246
SLB,2020-06-11,16.772250563610378,17.298575056499175,16.184519984949446,16.237152099609375,19638300.0,-0.12430485627626475,0.06861148215619227,-0.03190379621217737,-0.08778634335725334,17.813473320007326,16.614338970184328,16.949319942481967,-0.022702490376044607,1.6670632743835458,0.05713617753047378,1.1616548827290976,0.031464825409524784,0.43339172694835737,53.291706834316926,0.9795517713822548,0.09497485208612266,-0.13382720947265625,1.2262939176426142,-779039500.0,-0.14986052543861195,0.2294997309009739,0.34171599230991817,0.11467458139001939,-0.06697290854339721,2.2563864845014177
SLB,2020-06-12,17.166993827145475,17.3862962555416,16.17574758697868,16.66698455810547,14646700.0,0.02612783403342758,0.07263153477718952,-0.02912619845236748,0.05726630642072202,17.870954513549805,16.7463237285614,16.922430858255634,-0.004737706719512155,1.685091638565062,0.057246214489713634,1.2045599439556398,0.03073803750511777,0.40465322352121985,55.89707030581302,0.8334492894242302,-0.04090210389752158,0.5748119354248047,0.9108346897878024,-764392800.0,-0.17874342734806395,0.2086666809138504,0.40447065211853894,0.0650263492363038,0.01992570691792444,2.2388118517068505
SLB,2020-06-15,15.772229843861414,17.202082577264513,15.535382825718122,16.947690963745117,12742000.0,0.016701808154620853,0.09834376583286965,0.07452726288674999,-0.05368425890866496,17.959991264343262,16.89887833595276,16.924836582587965,0.002888512883633726,1.74055422782898,0.05707505948413592,1.2557765291423482,0.033169534364372574,0.36824025960580364,54.160433426571466,0.7318760690873525,-0.11398025938751954,0.8903675079345703,0.7865318003103041,-751650800.0,-0.25432284236651503,0.27732054906447196,0.34946367957907953,0.11822616005861143,0.009333680536247922,2.2337397534736465
SLB,2020-06-16,18.05297696586402,18.13192597886775,16.81611132633205,17.149450302124023,17831200.0,0.011834522524888352,0.0767263457052458,-0.05004862441515627,0.06521749803459095,18.020519065856934,16.97439513206482,16.946228365400923,0.010312895905699846,1.7220881175994887,0.050410793552890985,1.282551788250886,0.03365891226926324,0.3600123866852025,52.591274465715365,0.660050204715894,-0.14864489900718247,0.6052780151367188,1.1172809105069972,-733819600.0,-0.6662189098784526,0.3763854462318103,0.38401890835028674,0.2736622383634748,0.021463964570521358,2.07242870991352
SLB,2020-06-17,17.11436414906026,17.579285965774307,16.90383398860814,17.395071029663086,15816600.0,0.014220771189509904,0.03883007870530368,0.016401829373149,-0.002045905404875673,18.039817810058594,17.09878568649292,16.988975285806845,0.01732785874988854,1.771630172729493,0.04888079034311595,1.2859906164217425,0.03349265923162529,0.3391766408107893,54.7993265984839,0.6158481159696798,-0.15427759020271747,0.19298744201660156,0.9816987411445021,-718003000.0,-0.8660769778047877,1.0283363902586125,0.3827995735781683,0.36368001507694975,-0.008257698897217435,1.9925290292400024
SLB,2020-06-18,16.938919901322016,17.745952942883665,16.833655667678443,17.70209312438965,15867700.0,0.017495996269887088,0.05153612450203839,0.045054420678148986,-0.026223010389737077,18.026659965515137,17.190608024597168,17.05689127043378,0.02975375269220393,1.7964037132263186,0.04718242186425533,1.2889216983593232,0.033473167006698105,0.3317206591829485,57.52486768260371,0.5986904287424899,-0.13714822194392595,-0.1315784454345703,0.9796264347325748,-702135300.0,-0.8923381252614099,1.3472230004752583,0.4393491492942264,0.4237071854655803,0.0013733348335353704,1.9431923340217043
SLB,2020-06-19,18.3687717643048,18.38631468688464,17.06172949942896,17.28980255126953,22249100.0,-0.023566008395849124,0.07661077583320457,-0.05873932274187109,0.0376610062567467,17.826656341552734,17.280112409591673,17.07907329718004,0.0005607684399367193,1.8412195491790762,0.0471899232139141,1.344950499038394,0.034206162635328885,0.316882261632687,55.564352404565184,0.5455358368626904,-0.15224225105898048,-2.0000362396240234,1.3538893489932438,-724384400.0,-0.8914481681971792,1.3434078961080693,0.3634104550369367,0.40267230073413957,-0.0060547784554683005,1.9437354170750794
SLB,2020-06-22,17.088043898205814,17.544193326242848,16.98277967520937,17.386295318603516,9110100.0,0.005565390705519781,0.032290585242317905,0.017453807011170924,-0.011669228290227197,17.49068489074707,17.383589458465575,17.10833253731561,0.00015565600789211264,1.883963756561279,0.04699354195883539,1.3389981302243232,0.03413948174962463,0.2965048001845184,53.94089272335088,0.5053709974637037,-0.15392567236637378,-3.3597145080566406,0.5558246859106395,-715274300.0,-0.9608459481817601,1.508853698524805,0.2874153286394733,0.42762895354816766,0.0010970050019391054,1.9386990636058279
SLB,2020-06-23,17.517875704791432,17.658229111708007,17.052955671809507,17.1669921875,18440100.0,-0.012693789312606481,0.03525797840924195,-0.02003002665417131,0.007568051949924284,17.232785034179688,17.440380001068114,17.113919170666506,-0.015675565185584862,1.8753464317321757,0.046253276855162485,1.328972594759745,0.03426591624219766,0.28675958287793957,49.8287524600894,0.4506493379324361,-0.16691786551811316,-2.578998565673828,1.1025998254027098,-733714400.0,-0.8342851423833504,1.5072091943116142,0.2366694296768846,0.40889247627794995,0.0005316354314276744,1.935224001602309
SLB,2020-06-24,16.74593299390046,16.842426594503483,15.658193187005711,15.66696548461914,17967800.0,-0.09143409485405753,0.07558792471077942,-0.06443161510763974,-0.024527254920412342,16.96084976196289,17.39385290145874,16.976114057709612,-0.09928147757848252,1.7862676429748525,0.04993598865235533,1.3584216641649565,0.03478529503060567,0.2988769246443226,40.252576424369856,0.28298038806493864,-0.2676694523084885,-2.7193527221679688,1.061070081718896,-751682200.0,-0.6289365206487537,0.4849928873335147,0.0,0.4225145956536087,-0.02972884570331118,2.054540039181289
SLB,2020-06-25,15.473978940404157,16.30732884447045,15.35117011489135,16.158203125,18885600.0,0.030873467804294688,0.05917481802786171,0.04421772753026457,-0.012318055108019858,16.952954864501955,17.38321409225464,16.898217778403936,-0.07047091295967313,1.7091380119323745,0.050379709802783994,1.2537831369863761,0.03535468322486871,0.30128011321934905,34.57219064915648,0.18757802671121127,-0.2904574509297727,-0.078948974609375,1.0879243655920359,-732796600.0,-0.7441927448185717,0.505990518716988,0.09671851756589905,0.3213538338050613,0.011250838896056626,2.0693485257091546
SLB,2020-06-26,15.94767221534118,15.95644451289942,15.175726761662807,15.298537254333496,18480300.0,-0.054670634614595294,0.05103218289810457,-0.040704057134008306,-0.013029351594985578,16.816110134124756,17.34353232383728,16.745867252301988,-0.11791110549568407,1.6083096027374264,0.051677849931535215,1.2143085882607298,0.03532033056901178,0.31400266323944365,21.487606936030716,0.04211761116197721,-0.3487342931832054,-1.3684473037719727,1.0724156030455412,-751276900.0,-0.6364113885924789,0.07823428619095162,0.0,0.27552430016965074,-0.025569932616932675,2.0686920030723734
SLB,2020-06-29,15.465207103919257,16.044167076250936,15.31608137999871,15.798547744750977,14061300.0,0.03216080138323038,0.04608560913417692,0.021554230641194796,0.010894495781846682,16.701195812225343,17.3305935382843,16.655646346820937,-0.08840123046847445,1.5456569004058824,0.05222909653308107,1.1460115866353389,0.03558472289718068,0.31747395977874343,28.197684585690098,-0.03244019792348496,-0.3386336818149341,-1.1491432189941406,0.8070592212483754,-737215600.0,-0.7117167391741678,0.0489077236784873,0.0917876102836523,0.23323562469526163,0.018570072997072723,2.064641585915983
SLB,2020-06-30,15.59679244804836,16.237155266255787,15.430122100451534,16.13188934326172,18613000.0,0.02087999661265179,0.05002719449853839,0.03430813720165366,-0.012770496374874029,16.599439716339113,17.30997939109802,16.605764727434345,-0.06805843156821767,1.4674422550201403,0.05199234602595442,1.105284279026714,0.03599838356135642,0.3214127911626361,35.956297073441405,-0.06389339435798291,-0.2960695025995457,-1.0175609588623047,1.0612234658499053,-718602600.0,-0.6993138377892949,0.07739982496889918,0.1529795838958204,0.22505948012674426,0.01577831962474686,2.041688647041973
SLB,2020-07-01,16.22838027775604,16.47399960861637,15.52661315121911,15.544156074523926,13923300.0,-0.03711326468608362,0.06094807932030347,-0.04216219927813561,0.005981378401571247,16.414348220825197,17.227083015441895,16.504659141442875,-0.09769076630149393,1.3296389770507826,0.051720341068619835,1.0156834387095424,0.036615879455052576,0.33574933602637175,44.64043767532776,-0.13469278742553925,-0.2934951165336816,-1.8509149551391602,0.7939826728121111,-732525900.0,-0.5113922386924976,-0.08400569703191754,0.0450885830958187,0.18023388064908347,-0.00012288720604020992,2.051781773917159
SLB,2020-07-02,15.947674687738711,16.21960926162397,15.702055337463191,15.772232055664062,10301000.0,0.01456617620253206,0.032814247364241364,-0.011001141891208573,0.025959506021438625,16.221362113952637,17.124011039733887,16.434904180892513,-0.07894055784787858,1.1784249114990235,0.05104295450176985,0.9774623328907656,0.035903928295692035,0.3442387546409963,42.85716460917129,-0.17043334147668787,-0.2633885364678642,-1.929861068725586,0.6047668615235945,-722224900.0,-0.4864336099400405,0.02003167260718235,0.08695680320950738,0.10056436372900944,0.005232351662722874,2.0470093411019
SLB,2020-07-06,16.202060236494482,16.605577510745107,16.061706838445,16.44767951965332,11469600.0,0.04193347557764467,0.03306671142578105,0.015159756202213761,0.027252210043160086,16.137149810791016,16.981903076171875,16.436120879822113,-0.031458403343977946,0.9952276611328124,0.048240920373694235,0.9179370260003836,0.03500666204617218,0.3270331716239293,46.24504830516535,-0.14261109078283596,-0.18845302861920982,-0.8421230316162109,0.7044269897685628,-710755300.0,-0.7227742441409184,0.08664683437255921,0.21094961892015915,-0.04904035345036097,0.01245426622046062,2.0215619613196965
SLB,2020-07-07,16.342415233464962,16.342415233464962,15.912582700741096,15.947671890258789,9742500.0,-0.030871549042015285,0.026952682227329865,-0.024154529031782432,-0.006399947546556835,15.993287467956543,16.741986179351805,16.38960192843513,-0.047444447784376884,0.7170773696899388,0.04439161078083463,0.8621714664558497,0.0344928780831442,0.2592788864834671,41.36191244969965,-0.15907448200536578,-0.1639331358733917,-1.4386234283447266,0.6199423868784111,-720497800.0,-0.9092996403413726,0.017066071413557017,0.1459564747860746,0.006689280564472977,-0.015560611933374394,1.9072880799643661
SLB,2020-07-08,15.965222124365631,16.324878078238964,15.73714733137238,15.851183891296387,10031300.0,-0.006068664592982307,0.0370780347321121,-0.007142915531078205,0.0011004887878062254,15.861706638336182,16.547245836257936,16.338324020136202,-0.04206512381875386,0.48498780250549345,0.04358019444650263,0.8559056642915939,0.034122083177563586,0.20290781561892313,38.659801252681675,-0.17785738408263185,-0.14617283036052622,-1.3158082962036133,0.6547418575810978,-730529100.0,-1.0889582487300333,0.4963427708620847,0.17897857512656806,-0.06048685285350327,0.0032552213021427674,1.8813662906549233
SLB,2020-07-09,15.789769974634376,16.00030004018553,14.991509515323845,15.026597023010254,12015300.0,-0.053422425169344166,0.06713366461594208,-0.048333379957410966,-0.003874405664786437,15.797669792175293,16.37925977706909,16.21339763945754,-0.08258387573488275,0.2978867912292458,0.04253308842097325,0.8627980392670553,0.034523019173146714,0.19206985410835842,31.7364998926504,-0.2563254776636299,-0.1797127391532194,-0.6403684616088867,0.7961560175037306,-742544400.0,-1.1387338703811032,0.8205509414925226,0.0,-0.3329033904226711,-0.013956389413172308,1.8554705497345987
SLB,2020-07-10,14.991512885318157,15.631875521128613,14.877474695127765,15.605560302734375,9806200.0,0.03780551459027558,0.04834179685741011,0.04095966978873638,-0.002334802592920591,15.74240550994873,16.347680187225343,16.15550836929343,-0.045396036378965075,0.2713346862792996,0.03541333057323149,0.8220705848774247,0.034000684089019975,0.19696004398146877,38.75879949313086,-0.2686971357600534,-0.1536675177997143,-0.552642822265625,0.6716559241125107,-732738200.0,-0.9269879576790919,0.18497353774973369,0.21639473788120267,-0.33513231003674343,0.014971784956845867,2.11123232651261
SLB,2020-07-13,15.780998476808866,15.789770772459773,15.219584940305367,15.24590015411377,10945400.0,-0.02331665585634746,0.03739928940834328,-0.033907760873398245,0.011242029806757502,15.737141799926757,16.27662596702576,16.068879015466795,-0.06332552059622798,0.18845435142517175,0.03509372021600718,0.8226971692432051,0.0329623146140214,0.20578202279579116,36.199097971980386,-0.3040187927254472,-0.15119133981208646,-0.05263710021972656,0.7593078584277317,-743683600.0,-0.759948229625705,-0.0015679127792022067,0.08196727708583752,-0.3907392509348019,-0.005800097636365631,2.1738919436342172
SLB,2020-07-14,15.149415203327461,16.17575084165303,15.017834054443687,16.13188934326172,13525000.0,0.05648739297632052,0.07177812608124567,0.06485228154011281,-0.00632858341003068,15.770475959777832,16.23583588600159,16.07487999906631,-0.006402290801023155,0.09947342872619913,0.03750495789002571,0.8621716940511225,0.03160235747667241,0.20268517924092883,43.85420932280474,-0.257550653689659,-0.08377856062103861,0.3333415985107422,0.9357193658278746,-730158600.0,-0.5523125691361551,-0.1706046483284812,0.41311677320346163,-0.42506253690058704,0.014464017545964197,2.2813046480501113
SLB,2020-07-15,16.66698116054194,16.90382813648325,16.272236200639764,16.579259872436523,13852400.0,0.02735449139813419,0.03809530345160484,-0.005263177972090819,0.03316981699379988,15.815213012695313,16.20732636451721,16.122916177482523,0.022948480184466966,0.02218976020812846,0.03797307602257001,0.8095388221030683,0.030372790862097807,0.197170038228767,56.190437239872985,-0.1825212643264269,-0.006999337006245193,0.4473705291748047,0.9717450077796281,-716306200.0,-0.5768888330791738,-0.2526854200193205,0.5803270813298882,-0.3315329806554309,0.014406155192027856,2.4676003135350157
SLB,2020-07-16,16.456448790535184,16.859964317452025,16.254691027076763,16.50908088684082,9806100.0,-0.004241922636077941,0.0366630519605557,0.0031982657361597578,-0.00740751293159451,15.911705493927002,16.1630268573761,16.15969376884998,0.02141022424316501,-0.0691318988800056,0.03780548135518454,0.7844755764456511,0.03031380991619683,0.1863034436405164,52.525201777569855,-0.12725586394034494,0.03861285070386944,0.9649248123168945,0.7027117474419826,-726112300.0,-0.5067013602298851,-0.2623632140841102,0.5540968112512966,-0.34444267956088015,-0.0033523746451491,2.5517013587940043
SLB,2020-07-17,16.631890732473295,16.82487788650442,16.184515375560352,16.333641052246094,8818600.0,-0.01068373709553633,0.039205129394955726,-0.017932397766711933,0.007438926883589541,15.967846393585205,16.09460425376892,16.176260176792468,0.014851983603212666,-0.1885606288909898,0.03756300179286749,0.7600388727032852,0.02993073751983457,0.16460384928819782,58.263255079261796,-0.0965017522785736,0.05549356989251264,0.5614089965820312,0.6483215950360971,-734930900.0,-0.40005066905105024,-0.2681158357145464,0.553903024864541,-0.33323226850618437,0.0021046842564101127,2.5435500963422593
SLB,2020-07-20,16.31609648444302,16.623120133718917,16.13188162561977,16.175743103027344,13673700.0,-0.009714068412244113,0.030368837151426496,-0.008602142157561925,-0.0010741369757640274,15.940652751922608,16.03890128135681,16.17621093167198,0.008531870062046844,-0.27625485420227136,0.037304721180510855,0.7418680645734071,0.028482648873659065,0.14975017770790014,53.18513634179056,-0.08390276328148971,0.05447404711167722,-0.27193641662597656,1.0379756828707483,-748604600.0,-0.4606250879812383,-0.1436216475176011,0.4869885600600871,-0.3270445429105973,-0.0023308964384751965,2.536912405256319
SLB,2020-07-21,16.544170861643725,17.47401241574084,16.45644958148869,17.15821647644043,18805000.0,0.05896437293259941,0.05930469729469511,0.037115526666876876,0.02277655847213773,16.06170721054077,16.027497339248658,16.269735269268978,0.07054870222457188,-0.31629836082458596,0.03989443895053857,0.7769563607812103,0.029276295541063695,0.1435415812092766,57.81033727983798,0.005298340658370648,0.11494012084123006,1.2105445861816406,1.3768310920016766,-729799600.0,-0.37332911559549853,-0.39459289276947346,0.9958999528852599,-0.3183594927953426,0.012845901912971665,2.6391183827068923
SLB,2020-07-22,16.93014137896411,17.06172413236203,16.58803023567562,16.816104888916016,12653600.0,-0.020140102156262725,0.028169061730736165,-0.006735708078007244,-0.013292471148705095,16.158199310302734,16.009952974319457,16.321770471140123,0.050353171923094034,-0.3676633167266843,0.040050654677859274,0.7500134881646066,0.029145499064086488,0.1356702870221797,60.05542287232399,0.04783391265308268,0.12598055426875368,0.9649209976196289,0.9464987639176144,-742453200.0,-0.3439506265062111,-0.45580283538628485,0.8395062517519463,-0.4378801538101325,0.005528488814368653,2.604382033557846
SLB,2020-07-23,16.649438448549233,16.982779046365817,16.47399752566988,16.930145263671875,13233200.0,0.006758724797985039,0.030051810706412715,0.016859836804111638,-0.00991112040914047,16.348554134368896,16.073111963272094,16.37971092757172,0.05332093140134575,-0.3454848194122313,0.03440788632162024,0.7381083691357418,0.027754064108797306,0.14275373708950914,59.32198913325218,0.08971162530578525,0.134286613537165,1.903548240661621,1.007697157808488,-729220000.0,-0.05190400508094435,-0.9668889767564797,0.8930056575850808,-0.4056400246345162,-0.006519163243335972,2.4464463459030674
SLB,2020-07-24,17.1055897163749,17.245943139170496,16.579263544319026,17.088045120239258,16738200.0,0.009283326877178553,0.03901438638301859,-0.0010256645007010732,0.010362843907753619,16.496802616119385,16.119604063034057,16.447171326873388,0.06007846429839167,-0.3645641231536878,0.03384919504339391,0.7262036648336293,0.027064321881163596,0.15308832168890393,55.62404265840444,0.13409544428628806,0.14293634601413424,1.4824848175048828,1.285107199754314,-712481800.0,0.024781023693474808,-0.8263690308098366,0.9670807255211242,-0.3675739321314677,-0.005508233507715192,2.3553887098207738
SLB,2020-07-27,17.28103336671796,17.307348589353147,16.789794684359354,17.26348876953125,15020100.0,0.010214692324014464,0.02997968208530576,-0.001015251623812006,0.011293758011565921,16.698561477661134,16.217851638793945,16.524915845221756,0.06447445407849745,-0.3310405349731447,0.03113511760962822,0.7249505995537414,0.026527652590970723,0.15673466238342082,62.25487740450633,0.18133644321127207,0.1521418759512946,2.0175886154174805,1.1687211225872918,-697461700.0,0.041826996423277606,-0.6420023688418454,0.999999995529511,-0.3197098575282998,0.005580091132780196,2.480435741369238
SLB,2020-07-28,17.096814392481804,17.193307981005457,16.658209605584442,16.79856300354004,14551100.0,-0.02730044831447821,0.03185381840745848,-0.017444851543391524,-0.009654733135032009,16.765228843688966,16.2678524017334,16.550977479347306,0.032623273724200375,-0.33907905578613295,0.03135113750673135,0.7262040579166146,0.026131348647597596,0.1573832343060562,58.25677344517918,0.17919401439010585,0.1199995577041027,0.6666736602783203,1.1300745637504146,-712012800.0,0.25387438713731075,-0.6177758517559919,0.7921554430893416,-0.35368997902794946,-0.003999835160919119,2.6336629191333474
SLB,2020-07-29,16.75470461411842,17.088043544228295,16.623123501526223,17.0441837310791,7444900.0,0.014515668142140507,0.0272773428189651,0.017277482571477293,-0.0026108417376162593,16.81172122955322,16.31346712112427,16.597949503321765,0.04479223236418146,-0.3215657234191873,0.03119320762323172,0.6873561663337852,0.02548919792923099,0.16232086054915287,69.55778152861448,0.19506705253173706,0.10869807667658712,0.4649238586425781,0.6044005333733837,-704567900.0,0.2845501737610059,-0.5505562884827075,0.9019599192438216,-0.341780061673536,0.01327878158754796,2.6599210038261347
SLB,2020-07-30,16.7108397422455,16.807333319397888,15.965213030903831,16.175743103027344,15563300.0,-0.052296234603177144,0.05206068637034988,-0.03202093057390866,-0.019557638787111118,16.778387451171874,16.345046472549438,16.55773936996039,-0.010358084316641697,-0.3153560352325435,0.032313303254866886,0.7105397287748153,0.025181109545928695,0.15613377881583515,55.23344263328262,0.1360028921139964,0.03970713300707718,-0.33333778381347656,1.2551225521327922,-720131200.0,0.16344580738216885,-0.5232670842398616,0.5137244914364294,-0.33732896150090147,-0.009362248355798927,2.764839571077814
SLB,2020-07-31,15.886263370580098,16.281006611631632,15.719593109792537,15.912578582763672,15338900.0,-0.01640287848513965,0.03528111417763627,0.0016564758854689197,-0.017895915544867236,16.736281204223634,16.352063798904418,16.496295485465463,-0.026876437221960387,-0.30927735328674544,0.03243963579852193,0.709913133752293,0.02524538739762172,0.15462665144296014,56.229478658339346,0.06718448114329334,-0.02328902237090072,-0.4210624694824219,1.2123964172460346,-735470100.0,0.3062389835990762,-0.5099124377989673,0.3960770820360891,-0.3020867331588204,-0.0021443645508865787,2.7740796244927513
SLB,2020-08-03,15.877498480007484,16.6406701058352,15.675740617836478,16.421367645263672,9618800.0,0.03147348968361454,0.058760604405384574,0.034254083912589474,-0.0022045517370884566,16.760843658447264,16.350748205184935,16.48915950068434,0.004319034162384255,-0.32902600288391426,0.03178639939428965,0.6961283266658199,0.026109027141994874,0.15459453960415623,52.910033431734156,0.053088449258627435,-0.0299080434044533,0.24562454223632812,0.7658780270686462,-725851300.0,0.303034955696123,-0.38211031038413185,0.6235306729471272,-0.27091870826494957,0.004001523797248364,2.7386124907995355
SLB,2020-08-04,16.38627732740664,16.982780186148247,16.31610061891614,16.868741989135742,10141800.0,0.026878930905583694,0.0395215937063642,0.029443213494389248,-0.0021368693896305488,16.731896209716798,16.396801710128784,16.52531021387019,0.028782459369221174,-0.3140122509002694,0.03145860464502243,0.6886098105237185,0.026415757991965664,0.15480335303102702,52.91006954777076,0.07712753490848456,-0.004695166203676937,-0.2894744873046875,0.8062392157813587,-715709500.0,0.09752673702565291,-0.38987138396956794,0.8235288814290006,-0.24003017443766544,0.007847952182769201,2.9514103821313626
SLB,2020-08-05,17.245944252166037,17.500335893116127,16.991554284360834,17.1055908203125,9127500.0,0.013943035738572022,0.02974358583107961,-0.00813834428555045,0.022361019172219884,16.760844802856447,16.45952205657959,16.58057503353136,0.03925197593903691,-0.27278009414672866,0.03146577710164525,0.6904898543526558,0.026253481398556374,0.15547818383131615,55.802094700467926,0.1139765539598443,0.025723082278146223,0.2894859313964844,0.7282218581445362,-706582000.0,-0.005131470915723769,-0.39989758172986534,0.9294118909605504,-0.2783327399875864,0.005618147403275992,2.9605779134545243
SLB,2020-08-06,17.061729160545088,17.272259285624227,16.851197362321248,16.947690963745117,6751100.0,-0.009273760409779733,0.024844795919616663,-0.006683859281020703,-0.002564170991119888,16.762599372863768,16.555576753616332,16.61553845545648,0.02368472062099154,-0.18372906684875545,0.028775635588314048,0.6748255266640065,0.02497493907644477,0.1332310895314247,55.99315087618968,0.12895198996952217,0.03255881463025928,0.017545700073242188,0.550178493644844,-713333100.0,0.17700365652343628,-0.2168058311065058,0.8434775990468385,-0.19887375632551085,0.0012648011128397298,2.8629986644652545
SLB,2020-08-07,16.833652549613618,17.237168159079616,16.684526851953464,17.219623565673828,7084800.0,0.01591804024386932,0.03209369269998475,0.02292853644939165,-0.006728846683330087,16.775757217407225,16.636279916763307,16.673070370715276,0.03506454879511394,-0.11999878883361603,0.02788060632806572,0.679211440880221,0.0244698671115652,0.12561040997517547,59.96646365669973,0.16090797229655251,0.05161183756583168,0.1315784454345703,0.5838475278489124,-706248300.0,0.24219087522507576,0.13966649725061622,0.9782585937961733,-0.15497918609611894,0.008007359933793371,2.862033592359826
SLB,2020-08-10,17.15821686796091,17.886300665516032,17.08804017686443,17.73717498779297,11555800.0,0.029613080404613218,0.04500493958034356,0.033742324408612204,-0.003566088275897538,16.8231258392334,16.760843658447264,16.774413667579818,0.05825072706609522,-0.028335094451904297,0.027565821056204098,0.6434965248758001,0.024738050932537947,0.11158974687043752,56.06614906521978,0.2253971548324003,0.09288081608134358,0.47368621826171875,0.9499066804929966,-694692500.0,0.03442013304558208,0.18392027862007132,0.999999994519336,-0.036419166672081,0.010851859255478817,2.840162245210956
SLB,2020-08-11,18.29859646743559,18.658252341835773,17.710865850439824,17.807357788085938,12373700.0,0.00394901190245425,0.05320196868452888,-0.02684570263210446,0.03165224902099696,16.92400531768799,16.844617080688476,16.872789298104212,0.057154205571178965,0.02043764114379698,0.024911472905246704,0.6704393999208815,0.023695016200620797,0.11827297145260153,61.01364101051304,0.27895286704388766,0.11714922263426475,1.0087947845458984,1.0219753989839464,-682318800.0,-0.06713729449000015,0.7220257117332509,0.9999999947223402,-0.14615111980309206,-0.002669464290049499,2.5249941125386703
SLB,2020-08-12,18.123149458860198,18.210870749891374,17.377520994811896,17.859987258911133,14560900.0,0.002951131291238683,0.04666015395188389,-0.014520776344445353,0.01773377468641313,17.00558567047119,16.908653450012206,16.966808151514396,0.05626313246713562,0.05815771102905032,0.02434403786723008,0.6936228452339916,0.02397647718596031,0.12833722965245978,60.4742520816154,0.321931882921632,0.12810259080960723,0.8158035278320312,1.199113402681615,-667757900.0,0.051709486860729834,1.0725286800837484,0.999999994864971,-0.1325178262024627,0.0120959412462388,2.346058374001876
SLB,2020-08-13,17.798586780133217,17.798586780133217,17.307348111342115,17.430158615112305,8551500.0,-0.024360902449552326,0.02818325866324519,-0.020699854970067162,-0.003437879203820847,17.131027221679688,16.95470733642578,17.01093676709515,0.02804243501538104,0.09965009689330984,0.025089949007658607,0.6854770989995308,0.023767474381363708,0.12878598040473527,53.63129057126939,0.31764783679150455,0.09905483574358381,1.254415512084961,0.7078865841771641,-676309400.0,0.09919897807528953,0.6669935873891403,0.7792817414976444,-0.13733801786215308,-0.008145218869668793,2.4093586779549505
SLB,2020-08-14,17.254707426231473,17.693312087118755,17.18453074741527,17.6055908203125,7290300.0,0.010014552234089596,0.028898850648992582,0.020335516877417255,-0.010065954805982769,17.30032844543457,17.0183048248291,17.06757048644918,0.034509077227631337,0.16780920028686452,0.024923830850928634,0.6848504871930803,0.02351789137378482,0.12781693010970804,53.63117792204953,0.32466606389308694,0.08485845027613292,1.6930122375488281,0.6073271125824835,-669019100.0,-0.026339987782913406,0.7654423772722498,0.8693666869167033,-0.16638689592730674,0.002859150580327668,2.4072395404299947
SLB,2020-08-17,17.500336857323138,17.754726839144332,17.4213878384126,17.552968978881836,8658100.0,-0.0029934036561349324,0.018990462589706453,0.003007491912172762,-0.005978439693595811,17.413488578796386,17.087166118621827,17.11379891429991,0.027260392801610956,0.27140789031982493,0.024774667591002105,0.665426189820575,0.023309703324341683,0.12128146002658784,58.775597322631434,0.32226702297372256,0.06596752748541485,1.131601333618164,0.736663339893288,-677677200.0,-0.06316145802372879,0.86644337710057,0.8423452189500766,-0.11979918556288931,0.000704531736489636,2.401595182610776
SLB,2020-08-18,17.421381010061022,17.675770892173503,17.26348303412843,17.342432022094727,7845500.0,-0.012066891649322632,0.02377335874921156,-0.004531729598285123,-0.007496621738415214,17.460857582092284,17.09637689590454,17.135573495994652,0.014392238056539825,0.34869022369384695,0.021138688940488568,0.6616667480593607,0.022101403509110683,0.12190836345878323,53.49791200816764,0.29991990293167703,0.03489632595469544,0.4736900329589844,0.7001688062324886,-685522700.0,-0.6574202830003556,0.3468729057962097,0.7342338819283586,0.018209981328057383,-0.002492702718546687,2.024224563215624
SLB,2020-08-19,17.316117133666097,17.65822833890995,17.219623543204698,17.298572540283203,8055100.0,-0.0025322305632809864,0.025354970456890193,-0.0010131944273340375,-0.001517370135578656,17.480155754089356,17.1205002784729,17.151097214498325,0.010401113221802826,0.42176197052001996,0.02059341193495582,0.6159263263115022,0.022035973877058787,0.1211533575041626,66.32659287215088,0.27549482283477644,0.008376996686235871,0.19298171997070312,0.7339345052449926,-693577800.0,-0.7929827672008208,0.8524919496554413,0.7117119110018089,0.039452406622978664,-0.0038888457548316023,2.106313650842247
SLB,2020-08-20,17.009092285097964,17.175762564609638,16.46522331237793,16.46522331237793,10240700.0,-0.04937350738751018,0.043153939594463425,-0.031975190892257636,-0.016734343513670067,17.431908988952635,17.0972541809082,17.085775890486858,-0.036966805420488795,0.43693777084350316,0.023350150397119056,0.6353503067448008,0.0223850237929643,0.12577574752069404,56.89283156935653,0.18674082084237043,-0.06430160424493614,-0.4824676513671875,0.945970225220669,-703818500.0,-0.7175154687177391,0.07984317068151986,0.28378466910689887,0.05133103905461483,-0.004000866538683067,2.555180796484936
SLB,2020-08-21,16.27223657781193,16.403819349592204,16.11434026333561,16.298553466796875,8913900.0,-0.010174119083140089,0.01776102933590496,0.0016172877563019443,-0.011720869550607216,17.33980197906494,17.057779598236085,17.01080232632591,-0.044509083205514034,0.39623516082763643,0.02329671645187115,0.5914898468193436,0.02188097043001895,0.13284820704719155,48.32528443375419,0.10178050885504675,-0.11940953298580786,-0.9210700988769531,0.8542808923185735,-712732400.0,-0.591889392875824,-0.024600049194516055,0.19819922072791685,0.07125480581872008,0.001750983233579602,2.8147890541443887
SLB,2020-08-24,16.421366261313395,17.307348328131482,16.377506442153482,17.149450302124023,8702700.0,0.05088976123756452,0.054219923647513976,0.04433760438836932,0.00753519597715907,17.281029510498048,17.05207767486572,17.02400689544954,0.005710308685834026,0.38088392257690273,0.026178027657918223,0.6159266535409506,0.022740901278239887,0.13251548382111872,53.44830171632509,0.10193408024315431,-0.09540476927816027,-0.5877246856689453,0.8600763748058017,-704029700.0,-0.16880287173534322,0.013727328651879561,0.63513720985154,0.057050903967286626,0.01592311730109413,3.0106719099508514
SLB,2020-08-25,17.51787966786959,17.52665196692951,16.763480353311046,16.895061492919922,11012500.0,-0.01494476087319479,0.045171283569360225,-0.03555328537231646,0.021483450446218372,17.189799880981447,17.056902599334716,17.01172638092291,-0.009488305715077873,0.38676143646240035,0.025657706012780317,0.625325061372242,0.02312714123061312,0.13203941510879733,47.42489410565824,0.08059963338572373,-0.09339137290847269,-0.9122962951660156,1.107720193651116,-715042200.0,-0.20157909216009592,0.25015987704369613,0.5045078196194586,0.015111497650823962,0.0018569661356260044,2.9674864533126755
SLB,2020-08-26,16.868739323204814,16.90382850847693,16.35118555245216,16.37750244140625,7982000.0,-0.03111276917614621,0.03374403136265487,-0.029121137767705804,-0.0015579801071537245,17.041551399230958,17.023568534851073,16.95132410096894,-0.03795127279701552,0.36886632919311424,0.026342477109084803,0.6347237065666557,0.02326086832405848,0.1370364027357945,43.58969850399208,0.021679334634388425,-0.12184933732784639,-1.4824848175048828,0.800726693080014,-723024200.0,-0.0054945777154880426,-0.054956844141681414,0.23873974782475288,0.12102143212584979,0.0030718559060625163,3.1664436696481726
SLB,2020-08-27,16.447679848179135,16.552945735391067,16.175745343169705,16.403820037841797,8549000.0,0.0016056461484323702,0.022994667787820264,-0.0026666259765624973,0.004284988326147921,16.938917541503905,17.034972381591796,16.89918085686159,-0.03705038843690938,0.40009519577026254,0.023650621707790184,0.6221922126448849,0.02242766635008864,0.13332279620917986,40.29226960379779,-0.02263094113472519,-0.13292769047756803,-1.0263385772705078,0.8888791845892949,-714475200.0,0.14992350638800137,0.2762973058151863,0.2522539098097293,0.04488576446345126,0.004146517419901803,2.9340191870596084
SLB,2020-08-28,16.491544796796532,17.07050317398727,16.465229571652884,17.035415649414062,12613700.0,0.0377802137029864,0.035530310195583864,0.03297876938267038,0.0053478250037103485,16.881900024414062,17.091114234924316,16.912155599009445,-0.0032589206733190995,0.4695705986022958,0.024697893257054238,0.6127938303230184,0.02245655247968595,0.11766435829120074,41.87000996129502,-0.006705371185848463,-0.09360169642295303,-0.5701751708984375,1.3303527828490729,-701861500.0,-0.01437175766704223,-0.056101457752541946,0.47191381512263925,0.09557091686098194,0.009696414079771728,3.068071592677029
SLB,2020-08-31,17.10558704648422,17.140676233278686,16.614350143373347,16.67575454711914,13596300.0,-0.02133860956607916,0.031562355299614674,-0.025128193390674968,0.004119147927721497,16.794178581237794,17.10383358001709,16.88964121311513,-0.025028250590445708,0.4945709037780759,0.02434995608705374,0.5827180873594033,0.02138896008791278,0.11410699789466379,37.71424477164896,-0.022842572449590648,-0.08779111814935618,-0.8772144317626953,1.4045263882640546,-715457800.0,0.1964564872678124,0.10173356154268963,0.24157353312802432,-0.05495065787468788,-0.0076994445414777695,2.911068243864865
SLB,2020-09-01,16.35345191808739,16.706657877439618,16.300469761020405,16.45058250427246,9446800.0,-0.013594953801464102,0.024691412374833487,0.0059394546589665856,-0.01932761891649635,16.704993629455565,17.082925605773926,16.847826097987255,-0.03701608940378089,0.49237718582153533,0.02373996916733848,0.552206541740813,0.020964023354444687,0.11873918578224897,35.2507594840698,-0.05318780680126167,-0.09450908200082177,-0.8918495178222656,0.9793900739145693,-724904600.0,0.40676929637268733,0.5055081802175603,0.09736502262838885,-0.06732565562855274,0.0037833998791669265,2.810143237365301
SLB,2020-09-02,16.362283711722156,16.59186802647846,16.212170955313,16.574207305908203,10875100.0,0.00748682306852384,0.022908912876340636,0.012951956946830216,-0.005367517686827927,16.632557106018066,17.05635643005371,16.821767165408296,-0.028268002379215614,0.4776637077331536,0.023566757831823864,0.5398535362834159,0.020819644390361075,0.12185940144250006,40.429209226381786,-0.06649462666936756,-0.08625272149514213,-0.724365234375,1.11734592968748,-714029500.0,0.44953993680552196,0.6441907209064593,0.17653892130302248,-0.0666555877620782,0.015233805805775626,2.4463255501651107
SLB,2020-09-03,16.57420489871177,17.27178641773178,16.485902992904247,16.88326072692871,16863200.0,0.018474931292238053,0.0465480831895258,0.018646796640058583,-1.4523749998215776e-07,16.674360847473146,17.05313491821289,16.82762369507691,-0.009961464100231368,0.45011629104614315,0.02389598122155121,0.5596465423637049,0.02148445585505836,0.12209542423373967,42.15763300748351,-0.05150859011232356,-0.0570133479504785,0.41803741455078125,1.6470252710825133,-697166300.0,0.2727562022235651,0.3460137905126989,0.37446817107463265,-0.03729427017596208,-0.025460838962749522,1.0210765862375868
SLB,2020-09-04,17.086364013615615,17.377759295773163,16.680175680905837,17.051042556762695,15384300.0,0.009888707345054561,0.0409114933908047,-0.0020672307358530484,0.012029861409588692,16.749609756469727,17.044705867767334,16.848901681904128,0.00037176875004598503,0.4238304519653333,0.023719584785374684,0.5856640148019616,0.021741738738803022,0.121809645021818,44.68350839877748,-0.025796095385860696,-0.02504068257921251,0.7524890899658203,1.444053182247616,-681782000.0,0.3081695747738361,0.4684500294758188,0.4819218649851907,-0.06931538672578531,-0.0024807356987297875,0.9513934002628631
SLB,2020-09-08,16.688998411964498,16.794961049838683,15.832473685672538,16.229829788208008,15677400.0,-0.04936045489230382,0.05930360186928474,-0.027513252288843635,-0.02123296235951305,16.657647705078126,16.969338607788085,16.78994245393307,-0.043579118589847664,0.3298373413085933,0.024883732999283797,0.6432555157337534,0.02231414123964943,0.12319511224301667,39.56506743697975,-0.07086685632093292,-0.05608915481142779,-0.9196205139160156,1.4436396803391642,-697459400.0,0.2718750794434604,0.6127942672749682,0.0,-0.13428194405660424,-0.02629835270814242,1.0892798410984745
SLB,2020-09-09,16.318136957681336,16.547721343450693,16.221006332939346,16.43292999267578,9925300.0,0.01243635403106006,0.019881725940350543,0.007034690007330123,0.005441041010638872,16.611434555053712,16.90061721801758,16.75594126714666,-0.0276727896566524,0.2484283065795907,0.025102817379629622,0.6352633882199029,0.021357015964428763,0.11747374155136085,42.116738265413524,-0.08916938084162851,-0.0595133434656987,-0.4621315002441406,0.9243830918911469,-687534100.0,0.22310400399058564,0.4617542319306578,0.12458931537103494,-0.18971795091496244,0.01510972182133148,1.0987105765563199
SLB,2020-09-10,16.468249705697186,16.468249705697186,15.576403254638215,15.638214111328125,16190800.0,-0.04956970668101487,0.05702994246721104,-0.050402174438848264,0.0021493253508137037,16.5375057220459,16.789528560638427,16.64949106183061,-0.0685733637577804,0.14721315383911104,0.0269411235603127,0.6394417613023099,0.021736093306866638,0.12352039302001201,42.415194835228235,-0.16588892898282026,-0.10898631328551237,-0.739288330078125,1.4965555043068905,-703724900.0,0.23181087430039451,0.055645950670874085,0.0,-0.22374352249022597,-0.017928055423748406,1.284735344714561
SLB,2020-09-11,15.682360105648012,15.867792606893195,15.443945446145145,15.779492378234863,8634200.0,0.0089936048785695,0.026860633446781544,0.00619372798051416,0.002822956253547417,16.475072956085206,16.706995248794556,16.5666340443453,-0.055515839727470664,0.0599731159210215,0.026806974110503184,0.6446534835670049,0.02171521708771638,0.12975757607584715,45.21722426686074,-0.21283630376774454,-0.1247469504563493,-0.6243276596069336,0.7977754462897695,-695090700.0,0.05722542596214273,0.07294183614857574,0.0718104801909371,-0.23540993552632852,0.006649116773923483,1.2730856935362118
SLB,2020-09-14,15.797151110493894,16.079715878907194,15.576397174643644,15.920774459838867,9913100.0,0.008913679987175715,0.031613958575520504,0.007825673659781034,0.001119093810862279,16.363608837127686,16.622754430770875,16.50512360772564,-0.0422300632458693,-0.027238550186154953,0.026776067903156012,0.6085480437762152,0.02178157440134181,0.12648540294610422,36.97537983252269,-0.23592258458219106,-0.11826658501663666,-1.1146411895751953,0.9049765907110517,-685177600.0,0.062312945315892564,0.0884868949234127,0.1475699849746517,-0.22145022905915793,0.014201834513879078,1.2378565223873932
SLB,2020-09-15,15.956103094982877,16.291650207404082,15.86780113464994,16.07089614868164,10611400.0,0.009385117306109652,0.026373704915572668,0.007194303835681412,0.002219027424396265,16.303122997283936,16.548650789260865,16.46376861162621,-0.028869703437651845,-0.09380652427673297,0.02696056883911369,0.5843107194287637,0.021920089081471562,0.11865980071596341,41.065912517481536,-0.23934603073047,-0.09735202493193248,-0.6048583984375,0.9601643193550284,-674566200.0,-0.007381419290744225,-0.007919987808295262,0.2538889141353965,-0.2037095923127897,0.0031679991144630735,1.2482709666546061
SLB,2020-09-16,16.371113492750748,17.121675564020506,16.08854702628168,16.936243057250977,14177400.0,0.05244594173024098,0.06100104576005765,0.03451992222462279,0.01868080916531437,16.351689052581786,16.528341341018677,16.50876617787619,0.024678926204168,-0.13388739585876408,0.029809162434238163,0.6198918950940563,0.023244330418410217,0.11229494794428695,55.63216587512069,-0.1702701051689708,-0.022620879496346613,0.4856605529785156,1.2471054239242734,-660388800.0,0.05447878477257034,-0.2788319568695341,0.7817763414625981,-0.1330655745179944,0.006386959493585494,1.3423811080115478
SLB,2020-09-17,16.609531429274412,16.892096295805352,16.29164679653683,16.847946166992188,11677400.0,-0.0052271250741630325,0.03563932916908871,0.014354091729377015,-0.01929067898188248,16.379062938690186,16.505810022354126,16.541069033982474,0.020728225041648982,-0.17635396003723258,0.02982357803629057,0.638991599986398,0.023505605999992938,0.10533388525095828,54.421590960015976,-0.12125401678480685,0.021116167110253853,0.2737388610839844,1.0110863285930995,-672066200.0,0.06921951650672936,-0.2837237088983449,0.8004917133582112,-0.1507927588241189,-0.006811262000361413,1.3349703026115396
SLB,2020-09-18,16.59187110280871,17.077529219004475,16.353456383562353,16.538888931274414,19118700.0,-0.018514247481656403,0.04378001681073798,-0.0031932607965672564,-0.015199185802550173,16.344625759124757,16.50949330329895,16.540861405153134,0.0017805287803466811,-0.202916517257691,0.02802645984534789,0.6430908642218729,0.023540883578068522,0.10529829146819955,44.71746944702494,-0.10612342483982928,0.028997407244185147,-0.3443717956542969,1.5941203642712658,-691184900.0,0.17245268746692918,-0.00774723417408598,0.5959854716767274,-0.19150563699221654,-0.010713098128647978,1.287051132532037
SLB,2020-09-21,15.982586432040703,16.062057989351025,15.090740265506309,15.249683380126953,16106800.0,-0.08115577180934565,0.06369428791620134,-0.04585634840957158,-0.033636026068339084,16.164489841461183,16.457049798965453,16.417892069436355,-0.07336469376877011,-0.24824248313903752,0.03304592282419378,0.7089353339263562,0.024872212379794954,0.12563423339408544,37.3333812210556,-0.19590219677117204,-0.048625091749726096,-1.8013591766357422,1.3038876280518632,-707291700.0,-0.33470746682961183,0.3360342491497028,0.0,-0.04287893571105606,-0.019848043313731453,1.589735272736248
SLB,2020-09-22,15.373309790376169,15.664705028882604,15.16138613366417,15.302668571472168,8862700.0,0.003468488746701102,0.032890923100611445,-0.004595055968248485,0.008106818165833063,16.071773719787597,16.36471071243286,16.31168030772548,-0.06489831440489933,-0.34171693801879854,0.030473355454638775,0.7158732466977292,0.024142642311450798,0.1345702901188828,39.482309518545925,-0.2597824478719346,-0.09000427428039093,-0.9271612167358398,0.7169944271879769,-698429000.0,-0.5030707435607318,0.8018032970501422,0.029414006789046414,-0.0469569919145304,0.005445893217995347,1.4266461335409133
SLB,2020-09-23,15.258517628457556,15.558743213862188,14.649236095228224,14.66689682006836,10684200.0,-0.042434192221283924,0.06201087590590451,-0.03877315102260046,-0.002885179327278918,15.895170402526855,16.253302478790282,16.155034261281948,-0.09760512737593481,-0.42382532119751204,0.031484931501218706,0.7537168215169082,0.02474982382504377,0.160808064014567,34.02376033883088,-0.35758742878511995,-0.15024740415486101,-1.7660331726074219,0.8655035566475408,-709113200.0,-0.40269429500527487,0.29820587159920636,0.0,-0.07762531980488033,-0.0222591720696477,1.4809716107394535
SLB,2020-09-24,14.428480862770872,15.08191246842127,14.066444455372938,14.675725936889648,17772300.0,0.000601794676698239,0.06919371603252693,0.01713590477544529,-0.016255378368195007,15.798921585083008,16.168213653564454,16.01414775419697,-0.09230999470035892,-0.4708434677124025,0.030999321498646985,0.7701157206755368,0.026081567489966685,0.18339351995186004,30.529718748622656,-0.42943587540902683,-0.17767668062301428,-0.9624881744384766,1.3847820691981965,-691340900.0,-0.5619198595845015,0.6373122430171121,0.0037032621992723405,-0.07833313800639029,0.002671025045707298,1.5322607955090444
SLB,2020-09-25,14.375498664525349,14.490289984130309,13.969310497160484,14.057612419128418,16290200.0,-0.043030773836329465,0.03706031091459883,-0.02211305867123649,-0.02045740521834311,15.626733589172364,16.050903272628783,15.827811055619012,-0.12418558754257003,-0.5391244792938252,0.032032991447608385,0.7707465653085253,0.02635989620417979,0.21818830594390157,25.541142002836708,-0.5301417381362405,-0.22270603468018235,-1.7218799591064453,1.2321397708883512,-707631100.0,-0.37283833422200846,0.08964698686214158,0.0,-0.10994377532638622,0.011691379326480386,1.3166129795607089
SLB,2020-09-28,14.446140313625587,14.878817892056638,14.357838388916997,14.525611877441406,11912400.0,0.03274936941944396,0.035866269010583526,0.005501231615538253,0.027638256263808596,15.487217330932618,15.92541308403015,15.703792086268765,-0.08789732481052259,-0.6284540843963633,0.0316607506376973,0.7423634654398155,0.026348639393869423,0.22764037672465623,35.22210155869854,-0.5656675514259124,-0.20658547837588337,-1.395162582397461,0.9034127104504778,-695718700.0,-0.4122648276593827,0.12567478501106963,0.15634220116439015,-0.15463909719739347,0.017209493560524633,1.3004821994105131
SLB,2020-09-29,14.437308176058702,14.481458290870261,13.66025419742091,13.775046348571777,15827200.0,-0.05305470794330578,0.05961534158718059,-0.045871558562776193,-0.006079172576533054,15.25763235092163,15.780377674102784,15.520102016011908,-0.12707752418511253,-0.7254755592346172,0.03306108427665669,0.7808379418333261,0.027169284701325326,0.2551226519300113,28.951021085737295,-0.6469289852074116,-0.2302775297259061,-2.2958498001098633,1.1902347388183308,-711545900.0,-0.34368779837017654,-0.32391934392145744,0.0,-0.23708295304153892,-0.008751250975644822,1.3522446427474284
SLB,2020-09-30,13.96048001414818,14.14591336378197,13.616103552797002,13.739726066589355,15527200.0,-0.0025673700549140514,0.03856043478721874,-0.015812776303902338,0.013461563822297318,14.937980651855469,15.644834852218628,15.350542401781189,-0.12177238070104042,-0.7926485729217543,0.03307282471607462,0.7549781818280402,0.027450366482712853,0.2788151954737327,32.90935586411544,-0.7060405129697767,-0.2315112459906169,-3.196516990661621,1.1415745173441438,-727073100.0,-0.3978757885809304,-0.2981452675493114,0.0,-0.2363632502870989,0.006453851100754918,1.3592056296559438
SLB,2020-10-01,13.563124398936449,13.713237174596644,13.139277156208566,13.254069328308105,17901600.0,-0.0359867252676083,0.043304437616167556,-0.022786421589746503,-0.012853361617037333,14.57859296798706,15.478827953338623,15.150878299545658,-0.14372913968274065,-0.8874147605895999,0.03337227961970373,0.767592592516093,0.02787156061312926,0.30745829264878893,28.59285571083963,-0.7830487658320173,-0.246815599082286,-3.593876838684082,1.2830030194461506,-744974700.0,-0.2099456831966571,-0.48673973092247674,0.0,-0.2707461419790924,0.00016173223935171704,1.3721219193551117
SLB,2020-10-02,12.86554120378212,13.889839497938091,12.82139108312092,13.748557090759277,14625800.0,0.036629255353841116,0.0777134944244658,0.06863418125912761,-0.02931387447145495,14.299559783935546,15.322092771530151,15.01732389870886,-0.10269717748313384,-0.9805181789398176,0.03447505801474283,0.8079590004127802,0.02921051138322751,0.3136493056963296,32.627146632195576,-0.7950129171857352,-0.20702380034880308,-2.7903318405151367,1.0566995784992725,-730348900.0,-0.15958471295075738,-0.6120607405395925,0.13023209050913245,-0.34655986054177546,-0.00045172705862498737,1.8494617007249388
SLB,2020-10-05,13.92516222084889,14.243046824088902,13.801539682158086,14.19006633758545,12192000.0,0.03160828636194849,0.031113818034901528,0.019023413338764738,0.012845357438149834,14.193598079681397,15.179043960571288,14.938537464316154,-0.06515414446092804,-1.065607414245605,0.035479945624192384,0.8130047618824575,0.028997661785896287,0.304140125984555,35.62747914475837,-0.7601064529190591,-0.13769386886570156,-1.059617042541504,0.8911365462830755,-718156900.0,-0.16510531146265497,-0.7805030379988164,0.25419686186400936,-0.20343505489447855,0.018053357465046736,1.8941027270398585
SLB,2020-10-06,14.516781373459036,14.622742334689601,13.810368509082007,13.836858749389648,13187300.0,-0.02520621066076006,0.05871085629485291,-0.0468370092913631,0.02302420778740207,14.047017097473145,15.05939540863037,14.833615681942202,-0.08118099206958204,-1.1167233657836935,0.03447949720840026,0.7959757911873666,0.02893048584510024,0.3090356552323461,24.30458218637412,-0.7522720055813696,-0.10388753722240962,-1.4658098220825195,0.9727371301698766,-731344200.0,-0.20989955869781624,-0.5428634229513105,0.15827320012576543,-0.1998711861354431,-0.012304500938265841,1.9535374813301256
SLB,2020-10-07,13.881008449527547,14.154743714855872,13.757385935813225,14.084101676940918,10374000.0,0.01771066513601636,0.02821321431477718,0.01463101388864029,0.003190731432439189,13.9887375831604,14.941953992843628,14.762233395751604,-0.05741232480795842,-1.1798755550384517,0.034662334971885464,0.7783158996394024,0.029058956027208573,0.30404209182752473,27.674749851131665,-0.7178379229271634,-0.0555627636545627,-0.5827951431274414,0.7639549359375846,-720970200.0,-0.22080443500019115,-0.5851652453372191,0.22541911584843077,-0.18695971359182295,0.0176691371073773,1.9480973432361612
SLB,2020-10-08,14.234217274692417,14.516782097696472,14.07527329858824,14.507951736450195,10855600.0,0.029650274140411204,0.03043219381540768,0.019230735099460744,0.010658514202384306,13.971960163116455,14.885440874099732,14.738016094865756,-0.025359620910278702,-1.1856640338897684,0.03418364774132376,0.7581327541869818,0.028385250760239497,0.3029447708055205,33.89358106575038,-0.6488677631326478,0.010725916911962341,-0.16777420043945312,0.8154395374298361,-710114600.0,-0.43632971956195965,-0.3294598053710134,0.3405277689319656,-0.12224219325498191,0.0127099950684598,1.9615588645738156
SLB,2020-10-09,14.64040238908011,14.658063109886706,14.172403393019527,14.33134651184082,11704100.0,-0.012247692765381972,0.03388793345174636,-0.02110979391316502,0.009129521178178593,13.999333572387695,14.81303358078003,14.69928565838719,-0.032517786874134945,-1.2211833953857436,0.03411362470055023,0.6893835435512013,0.028512745369178534,0.30063792976706877,41.15647795387445,-0.6015249747937315,0.04645496420070305,0.27373409271240234,0.8691548462171963,-721818700.0,-0.3391325781014054,-0.3639081889477622,0.2925655495663804,-0.14008440906840128,0.0024125559776445728,1.9540523425118874
SLB,2020-10-12,14.15474512633025,14.304857892913109,13.916330435130568,14.234216690063477,12381400.0,-0.0068005097900734205,0.027295317068888037,0.005614482141779886,-0.012322735017582577,13.970194053649902,14.72870569229126,14.654993375689694,-0.033573147061156265,-1.2719440460205078,0.03397443654040964,0.6830761993720454,0.02843258801889545,0.29564533675658594,39.79762312164669,-0.5653263090313043,0.06612290397050413,-0.2913951873779297,0.9111014876575528,-734200100.0,-0.26958325801278304,-0.34844718347035686,0.26618715770776347,-0.14969198542346848,0.010019025304363039,1.9475318708980598
SLB,2020-10-13,14.092933259504523,14.251875542800331,13.704406648869766,13.889839172363281,14015000.0,-0.024491114138734997,0.03941506356818504,-0.014411058606573025,-0.009925620329889988,13.981673336029052,14.619652843475341,14.582121546801464,-0.049920041120386206,-1.330366325378419,0.03405316000161847,0.6572163261789454,0.028697579382883875,0.2888817801427081,42.14282931585865,-0.5579947767658151,0.058763548988794656,0.1147928237915039,1.0185567744563548,-748215100.0,-0.11791646400827632,-0.4217941626741528,0.1726615551382704,-0.20920665328195706,-0.008246487461697996,1.9385491012649818
SLB,2020-10-14,13.90749868742723,14.578590889688725,13.898668327424176,14.084101676940918,15875200.0,0.013889042553779138,0.04827589134617984,0.012698400588262639,0.0012713980950251884,14.016110897064209,14.477045774459839,14.534691083005221,-0.027142560964485328,-1.4172805881500246,0.031384433098989466,0.6338794479130249,0.028192804501846504,0.25111803519427467,44.23405053853127,-0.5303950599332037,0.0690906126571249,0.3443756103515625,1.146674631290063,-732339900.0,-0.3419491926390151,-0.3464507649837308,0.23095737098969696,-0.26012378631999156,-0.003978041045348815,1.7830632944988836
SLB,2020-10-15,13.907500924343891,14.516782388801293,13.73089790642494,14.49912166595459,15709600.0,0.02904145224060374,0.05420221310520415,0.042539687383742496,-0.012539014318972518,14.140616130828857,14.359604549407958,14.53130351947659,0.00971594420073245,-1.482592430114746,0.03252472494540482,0.6395558081021097,0.028758883778034545,0.20003695387949683,54.48029450816594,-0.4696199543460704,0.10389257459540657,1.2450523376464844,1.118426275072235,-716630300.0,-0.390673985482594,-0.5546796455867139,0.37903217964598,-0.2009882161832171,0.0028776436987552273,1.8540355597668703
SLB,2020-10-16,13.792706093427748,14.357836483941043,13.156934509363975,13.218746185302734,39866400.0,-0.0924520851658406,0.09084840254458407,-0.04161329214420851,-0.04872126662579687,14.087635040283203,14.193597412109375,14.406298059079079,-0.06868246283883878,-1.5740206718444831,0.037234050249823646,0.6767687855065665,0.0305092136596366,0.15569430961476693,38.615380320875026,-0.5187905515096194,0.04377758194548609,-0.529810905456543,2.643038276798234,-756496700.0,-0.5542285749568288,-0.48712907665108257,0.0,-0.3701532147612135,-0.001244980739411694,1.9857312672972751
SLB,2020-10-19,13.386521381133164,13.633765606057763,13.165767398351656,13.254069328308105,18285500.0,0.002668636734190969,0.03530977514253327,-0.009894434039580697,0.012692217058904632,13.994035339355468,14.093816709518432,14.296561989481845,-0.05958268072573931,-1.5944902896881104,0.033744210705035346,0.6483859660555387,0.029709322491933098,0.15084720897517914,44.815497286479165,-0.5485845800275317,0.011186842742059055,-0.9359970092773438,1.2035884847014824,-738211200.0,-0.6735968056217067,0.1111575442796853,0.01695031593801209,-0.35838183582737687,-0.014327481905473718,1.454915784661939
SLB,2020-10-20,13.457161606444416,13.819197977055037,13.404181126023598,13.677915573120117,20802200.0,0.03147790580049981,0.030342112349854764,0.016404199721432044,0.015323013114360642,13.978141021728515,14.01257905960083,14.23764328316168,-0.023883075703427712,-1.5945427513122556,0.03477111498522222,0.6509087401813931,0.029667775752430667,0.1301076871998186,49.429043958497,-0.531864707285596,0.022325372387195896,-0.15894317626953125,1.3174738084773008,-717409000.0,-0.6748692020712661,-0.07136392183709758,0.3151515209224763,-0.32408059089751684,0.004586573495183399,1.4888888495177726
SLB,2020-10-21,13.563124398936449,13.766218500992437,13.227578244055401,13.254069328308105,18537500.0,-0.03147790580049978,0.04063961366088569,-0.022786421589746503,-0.008392446463791359,13.895137786865234,13.941937685012817,14.143969573175625,-0.04933807425090923,-1.5741183567047123,0.03426363485648169,0.6464938363639822,0.02904266961691845,0.13154977923077665,50.0,-0.5465150520763657,0.0061400220771409275,-0.8300323486328125,1.1455541222181882,-735946500.0,-0.711248260240145,0.12136311637034158,0.024244086250654447,-0.3567586379949838,-0.007512632901724314,1.5436048947468473
SLB,2020-10-22,13.29822342347912,13.616108930350284,13.16577049736711,13.510147094726562,15937500.0,0.019136415355037843,0.033333347877385906,0.015936239338051224,0.003331361416430073,13.79535732269287,13.883658742904663,14.083605527609047,-0.026902969533804326,-1.5454004955291758,0.03466315799197886,0.6023431233758396,0.027861386414537538,0.12496541589572684,47.668441140102445,-0.5313372946673613,0.017054223588916284,-0.9978046417236328,0.990498362842157,-720009000.0,-0.7582112221104478,0.0666760048153903,0.2229769355389415,-0.3791227924531561,0.008081023070899291,1.5863550587937207
SLB,2020-10-23,13.65142626480674,13.933991091965504,13.395351679666708,13.598444938659668,13862100.0,0.006514403705324117,0.03961036829788325,-0.003881010314919127,0.010457263647064513,13.722067165374757,13.860700368881226,14.037399757232915,-0.018920792113099095,-1.491724596023559,0.0335015176570514,0.6054966718736375,0.02793039139297251,0.12588030364059996,43.78478749695932,-0.5063470607748464,0.033635565985145055,-0.7329015731811523,0.8680642094861413,-706146900.0,-0.9914994753077108,0.7793641702592289,0.29054152445470155,-0.32283578411722197,0.0029125707636254144,1.8620401678643912
SLB,2020-10-26,13.377686877847646,13.474819139148527,13.121612370788753,13.395347595214844,17382400.0,-0.015047991174775418,0.02636786883275418,0.0013201622618662556,-0.016234066601572835,13.638180255889893,13.804187154769897,13.976251932278814,-0.029617068717717507,-1.464032945632935,0.032618766397319164,0.5815294391781605,0.02774743981605404,0.12123040888383867,45.21070268158773,-0.49719897830451565,0.034226918764380665,-0.8388690948486328,1.0701814008698178,-723529300.0,-0.9003799156576945,0.8051534870292513,0.13698467896378358,-0.26565364804215563,-0.022108329970561457,1.472191918000449
SLB,2020-10-27,13.342369772146064,13.448331577713475,13.02448435544383,13.32470989227295,14749700.0,-0.0052872541559196365,0.03180911447201079,-0.0013235939473047887,-0.003954942019399679,13.58166732788086,13.781670331954956,13.914200309421112,-0.03315711584121067,-1.4019845867156988,0.030601862436923415,0.5834215422658032,0.02696209775191067,0.1253612559030068,41.43429791965357,-0.49000050847492815,0.03314031087517455,-0.565129280090332,0.9111161832659453,-738279000.0,-1.1158674653464102,1.996730358053292,0.08219302659220734,-0.2833412982312264,-0.01275472362579687,1.2287374853551734
SLB,2020-10-28,12.803731644123726,13.024485637987928,12.49467571586998,12.521166801452637,18198000.0,-0.0621996417942965,0.042313143057600894,-0.02206894447063582,-0.039098655982847376,13.425373840332032,13.72074236869812,13.781530451519352,-0.0874278909268161,-1.3664872455596928,0.0333381467179758,0.611173354929713,0.027051398276796347,0.1504079917880933,29.357820890890565,-0.5428769338479533,-0.015788891598280452,-1.5629348754882812,1.114926990294474,-756477000.0,-0.8994012164466607,0.6577334503182415,0.0,-0.2561604115661907,-0.03276453289358081,1.4348137003295807
SLB,2020-10-29,12.273918907597992,12.794898348394547,12.0973159214236,12.759577751159668,16151800.0,0.018861629433425824,0.0546712783585292,0.03956836013158246,-0.019746394068159912,13.25141944885254,13.696017789840699,13.684201622913669,-0.06837316167737856,-1.3004319286346426,0.03286943037094269,0.6263106913656964,0.027486226596376163,0.1606832597737251,33.87679986194529,-0.5590991636211537,-0.025608897097184613,-1.7395439147949219,0.9948964114112681,-740325200.0,-1.1442042971877167,1.272274210208001,0.11999836736598798,-0.24487047088410507,0.013240666639463093,1.4546474042316622
SLB,2020-10-30,12.724261504605655,13.209920514223912,12.644789923126881,13.192259788513184,17496700.0,0.03334809217924684,0.04283804292492053,0.036779995737916286,-0.002767822512841611,13.248770809173584,13.668202924728394,13.63735001963743,-0.03482119330801992,-1.2627875232696528,0.0326671254805659,0.6370331566790377,0.02596976544357055,0.1642741897803501,40.00002562755943,-0.5309214413626009,0.0020550601290946213,-0.02648639678955078,1.068291997899647,-722828500.0,-1.1716624596845737,1.318538619153391,0.33777837342197675,-0.28323870175154664,-0.004058874699621941,1.4130783427714588
SLB,2020-11-02,13.351199828137453,13.951650888078754,13.050974298166802,13.757387161254883,18490900.0,0.041945649991312915,0.06546857912442419,0.03042328317649744,0.012047976781253383,13.299102592468262,13.646568965911865,13.648782128362901,0.008120590283157186,-1.2335981559753417,0.03332996573869376,0.6622622778205655,0.02714520006471586,0.1607289079268591,48.78049123147152,-0.45771310568362367,0.060210716646457496,0.5033178329467773,1.107694206214587,-704337600.0,-1.0789223751142216,1.1791121345854412,0.6222215257443302,-0.1468093992492315,0.018577822836143565,1.4722812146992021
SLB,2020-11-03,14.057614668945314,14.172406006921776,13.739729214782713,13.916332244873047,13028200.0,0.01148720409374112,0.031091295071549202,-0.01005024162345085,0.02182300346507412,13.322944259643554,13.650542640686036,13.674263091840059,0.019470991826714194,-1.1649621200561526,0.032949494559769234,0.643971211735824,0.026368175354482392,0.16119103390364473,48.445206015793026,-0.38246066387233846,0.10837052676619419,0.2384166717529297,0.780824191993019,-691309400.0,-1.2757607758508238,1.705847886544968,0.702222677362861,-0.09698775053928006,0.017577881575128202,1.371909652662909
SLB,2020-11-04,13.863348097846592,14.304856846525153,13.307048034516436,14.101762771606445,17689400.0,0.013236676801235673,0.07075773633192729,0.017197481595148507,-0.0038073355891582285,13.407713603973388,13.651425695419311,13.714977347055905,0.03298828168095609,-1.1082130908966068,0.03284121341629131,0.6591086638524214,0.027837756360166756,0.16139927848448363,46.15382769196799,-0.30435149321100496,0.14918375794202215,0.8476934432983398,1.0374430530597691,-673620000.0,-1.2703173238171417,1.7278180708926054,0.7955546342011117,-0.11860270260387071,0.009989848825476575,1.4056520578426703
SLB,2020-11-05,14.039953005624769,14.24304626611453,13.686746969073178,13.704407691955566,15004600.0,-0.028582298402618694,0.040592728233551915,-0.02389931886059549,-0.004383123371365244,13.42713966369629,13.61124849319458,13.713970713236826,0.006844280214821185,-1.0949283981323248,0.03267018746711307,0.6029738167417596,0.028042155540682626,0.1507816121935998,55.67014418615734,-0.27138429755719784,0.14572076287666347,0.1942605972290039,0.8694080161498076,-688624600.0,-1.075268486035185,1.2949136054472148,0.5982142999095813,-0.12107523516812903,0.016195011558911197,1.1233434718934465
SLB,2020-11-06,13.67791560913061,13.97814113933751,13.368860560236698,13.439501762390137,10324200.0,-0.01951924727300182,0.04533505704845823,-0.017430568630012685,-0.0019331067362004708,13.411245346069336,13.566656255722046,13.68783081315619,-0.009372574268495911,-1.0802342700958256,0.032822573412096066,0.6130654146985243,0.028314437714408888,0.14305701289937262,52.054788150961194,-0.2635946965110616,0.12280829113823982,-0.15894317626953125,0.6006138079742679,-698948800.0,-1.0305707645673234,1.15388477620021,0.46428509202907664,-0.09824388667505143,-0.0032522050773185034,1.1444294030002289
SLB,2020-11-09,15.028927138614252,16.565374205477397,14.94945559341282,16.115036010742188,31835600.0,0.18155448671791702,0.10027396842224962,0.07226789125468344,0.1182652009222584,13.68321418762207,13.660697221755981,13.918993212926285,0.17966424034912612,-0.9677857112884514,0.05574458969298449,0.7959756857228335,0.03127326151508921,0.216057617642596,68.01566848371523,-0.041054873070637043,0.2762784916629315,2.7196884155273438,1.7528565627645443,-667113200.0,1.939616005141245,7.3701259430232335,0.9999999972174837,-0.1593750412257744,0.039938775749533924,2.3890402543104625
SLB,2020-11-10,16.574208427931634,16.697830111854216,15.894285797919167,16.168020248413086,19098500.0,0.0032824826013759683,0.04969961081128149,-0.024507244571271375,0.028493415520968405,13.967545223236083,13.774606275558472,14.133186263925028,0.17375552701651184,-0.8437219715118403,0.05525594998830496,0.8148974040798345,0.0315311142896097,0.2691260374200954,72.79006417021839,0.13799421408943324,0.3642620630584014,2.8433103561401367,1.0370432714497484,-648014700.0,1.9197425693067114,7.512263246850667,0.9999999972579101,-0.11156306767047741,0.007962331141110906,2.3447389713947673
SLB,2020-11-11,16.335797629330308,16.34462799231737,15.364479595607301,15.638214111328125,16402100.0,-0.03331769113433783,0.06267649168456274,-0.04270275219066735,0.010377113483247267,14.279249954223634,13.852311897277833,14.27652224939199,0.12892448764463976,-0.7497689819335935,0.05601698554620381,0.8527409729174698,0.03196936831751306,0.29310370197654817,65.9602849654436,0.2344385168651666,0.3685650926673078,3.1170473098754883,0.8893572478351126,-664416800.0,1.9574933254346059,7.335414955423971,0.8547223919640194,-0.10853938701504445,0.002595753075375011,2.3669663533258696
SLB,2020-11-12,15.320331133403482,15.78832863314993,15.152557586816412,15.276179313659668,10762200.0,-0.023422833787698154,0.041618459254731587,-0.002881910277222906,-0.02032731970937609,14.530910110473632,13.891164779663086,14.37172768408415,0.09970470842187892,-0.6849555397033686,0.056124285105920345,0.8596789467770928,0.031569654710512464,0.3038421101889729,62.086562174860084,0.2784483597744227,0.33005994846125114,2.5166015625,0.5914832284755246,-675179000.0,2.08997966134578,7.722242217918787,0.7554491960593496,-0.0548595182915206,-0.01300121334134948,2.3427682286105185
SLB,2020-11-13,15.399798648664728,15.991419402882457,15.382137925441688,15.894287109375,9321400.0,0.03966503581046833,0.03833336300320092,0.03211006013725692,0.008092294052513627,14.801112842559814,14.0249418258667,14.516733343635657,0.13328720409097172,-0.5313990211486814,0.052226549796325614,0.8767080554450838,0.02977024403498265,0.32292015109557054,66.9868657399136,0.35906354963475806,0.3285401106572692,2.7020273208618164,0.5592384220686014,-665857600.0,2.5234931839594723,9.12855332176839,0.924939909906269,-0.09006420101382043,0.019542329191099567,2.263828504973523
SLB,2020-11-16,16.680170867344387,17.704469241410532,16.388775669277624,17.695640563964844,23092800.0,0.10735857005795202,0.07435128258720217,0.06087885458106986,0.0494444168877411,15.19493818283081,14.247020387649536,14.819486412238437,0.24205904690814148,-0.32221241950988677,0.057002308694631666,0.9757319775712185,0.0311737060393545,0.38780762686974046,74.0525230244407,0.5618294178443541,0.4250447830934922,3.938253402709961,1.3657598387546064,-642764800.0,1.960208698304165,5.136183572766506,0.9999999980674363,-0.025101536381426086,0.02063533851710235,2.5583156016690554
SLB,2020-11-17,17.16583179740423,17.74862223237054,17.015719007535978,17.739791870117188,13972500.0,0.0024919311529073107,0.04131408249885631,0.03343619345027892,-0.02994007279055546,15.577284145355225,14.450114202499389,15.097610741560223,0.22765755491737177,-0.14931784629821898,0.05694819009957066,0.9687940524591895,0.03141819162886881,0.4367649955751076,81.33620911310818,0.7178109923700724,0.4648210860953683,3.8234596252441406,0.8433983293801709,-628792300.0,2.050037759433236,5.425684873752131,0.9999999980837865,-0.03112576257182527,-0.00043824261835552914,2.557946585496056
SLB,2020-11-18,17.81925757253362,18.163633165803258,17.589673282280916,17.63382339477539,15408300.0,-0.005991403001538657,0.032548805251865945,-0.010406391905129335,0.0044795171780054625,15.930490207672118,14.669101905822753,15.33915480377119,0.20210654394430383,0.04565198898315437,0.05616561511164463,0.9599638707842891,0.03125645828455192,0.4641395674566086,79.74137023058768,0.8233852707618716,0.456316291589734,3.5320606231689453,0.9389324908617652,-644200600.0,2.090941987680088,5.671881420429051,0.9796941754304155,-0.024061803397487636,-0.010708124732343696,2.4785249192165275
SLB,2020-11-19,17.386582598698396,18.101824967287943,17.262959234140627,18.066503524780273,11924300.0,0.02424074816884837,0.046432101928118814,0.0391060705703476,-0.014020827505295735,16.36669979095459,14.89691972732544,15.59890230101015,0.21276773020672604,0.22490402221679773,0.0561951068043339,0.979516380930738,0.03157798010545389,0.4936095646033917,79.74136551513047,0.9312326471574099,0.45133093438821786,4.362095832824707,0.7356235755131854,-632276300.0,2.072388619592908,5.604898687433278,0.9999999981966831,-0.0266260725238888,0.006388519413151705,2.4850523967676676
SLB,2020-11-20,17.97820262165031,18.10182429741427,17.642655667120955,17.845748901367188,10300900.0,-0.012294266667343142,0.025729860530433593,-0.0073674617574737925,-0.004887547997809726,16.807324504852296,15.109284925460816,15.812887691520345,0.18111141522621807,0.395944089889527,0.05651733303448737,0.9479800981008354,0.031321643564142035,0.5092923308882735,76.04048140921022,0.9875060615864051,0.4060834790537704,4.406247138977051,0.642532229064558,-642577200.0,2.085434634847162,5.57129176266114,0.9601909416814413,-0.03576908769823722,-0.006842980644931534,2.487678597248987
SLB,2020-11-23,18.190133228112533,19.1172995221835,18.057681140990915,19.081979751586914,14791600.0,0.06697909812707194,0.05552979276715061,0.04902913641644186,0.019297835504060102,17.104018878936767,15.393616533279419,16.124229792479063,0.23960342329780873,0.6170515918731692,0.05729439331112542,1.0078996572920675,0.032046210375272034,0.5383178252362913,78.93175372157741,1.1189579947139858,0.4300283297450809,2.9669437408447266,0.93016148409794,-627785600.0,1.814189823194524,4.436082193681934,0.9999999984757987,-0.07167364979869253,0.017477465598352563,2.714602848908185
SLB,2020-11-24,19.81487449647825,19.86785497148758,19.355705888480216,19.629440307617188,20774100.0,0.028286074586296603,0.02609086530137216,-0.009358332746140802,0.03840768905702179,17.450160884857176,15.708853054046632,16.45805936534936,0.24957819899910547,0.8611172294616711,0.0570305377842249,0.9927615435700641,0.03194941279595879,0.5640136466450748,79.75283982470835,1.2528678100988202,0.4511505161039322,3.4614200592041016,1.282082377129992,-607011500.0,1.7451391524372242,4.3182015311981425,0.9999999985931887,-0.10398891557765047,0.019950311606891893,2.732668120689125
SLB,2020-11-25,19.187933743929726,19.700082862291406,19.126122904782132,19.514650344848633,12188700.0,-0.0058650125678740075,0.029411746937130476,0.01702719038324106,-0.02249206073981311,17.837804508209228,16.05852723121643,16.749163268158814,0.2152204286152586,1.159223260879516,0.05417310038058288,0.9940230193177728,0.03170851292447555,0.5572601825916742,82.25488986714174,1.3343481777139594,0.42610470697525704,3.876436233520508,0.7664431859769326,-619200200.0,2.058968997512057,5.2175967672148245,0.9832907905131868,-0.12101295320868813,-0.005086054844502565,3.037613462325651
SLB,2020-11-27,19.39985653605263,19.52347989342586,19.17027222575261,19.320384979248047,6550900.0,-0.010004728173202868,0.018281606088731254,-0.004096502294070826,-0.005882442512033225,18.242225074768065,16.38656759262085,16.99404152635779,0.17903794495366712,1.437814846038819,0.05469037780519871,0.9757320970729472,0.03089919083662879,0.5391821254202368,82.90511955824223,1.367482873288008,0.36739152203944436,4.044205665588379,0.4247516435792372,-625751100.0,2.075868582264669,5.167465604096436,0.951989021129386,-0.10016404560870075,0.0003791733999618779,3.0894986023695132
SLB,2020-11-30,19.391025548764876,19.408686268421125,18.34906835233008,18.357898712158203,21516100.0,-0.05110082563428119,0.05772000013211068,-0.053278607364450545,0.0036562713213377507,18.488586235046387,16.6448495388031,17.12393268691021,0.10291767248250444,1.6597165966033938,0.05691172216602161,0.828142488001789,0.03125901268212342,0.5084365118187307,65.52568002237143,1.3010797231774553,0.24079069754311333,2.463611602783203,1.3771304347547806,-647267200.0,1.96848906685018,4.742350056306028,0.7945792847353484,-0.06179296068011497,-0.010520168401994063,3.3186512010690583
SLB,2020-12-01,18.9841958072894,19.17075002265757,18.54001716756665,18.717687606811523,12717300.0,0.019409008728732732,0.033697156846521664,-0.014038424549727008,0.034115946762273384,18.590790939331054,16.892864561080934,17.275718869757952,0.10802330410762634,1.8383715343475355,0.05661614692008437,0.828807273470669,0.030281919137712585,0.48519929778517235,66.93033505791163,1.2629284521722752,0.16211154123034643,1.0220470428466797,0.8292889847758602,-634549900.0,2.0630146708012966,5.119751754790904,0.8527040773230712,-0.060478807653324036,0.008179371219856048,3.359965919990876
SLB,2020-12-02,18.611083387241443,19.60604246866556,18.540014881425435,19.224048614501953,9741900.0,0.026693089132816563,0.055452813744756704,0.03293549410888779,-0.005695373371403319,18.739216613769532,17.15825037956238,17.461274083543096,0.12039678808978091,2.0253297519683837,0.05664489466618938,0.834941501365673,0.03091962514014716,0.46299625514642495,73.88507477894353,1.259038978896541,0.12657765436368962,1.4842567443847656,0.6421451109923162,-624808000.0,2.0146536147162717,4.964523421891248,0.9345079600551278,-0.06042639783174601,0.004195927513307245,3.4885325495196757
SLB,2020-12-03,19.410606778961622,19.934737706260055,19.31288693659536,19.60604476928711,12517400.0,0.019675898009989076,0.03171729826093361,0.01006861828437609,0.009704415974007462,18.936438751220702,17.43346447944641,17.665537958375857,0.12462125886694025,2.201760892868041,0.056637226317776984,0.8402927903245718,0.029662331996011426,0.44064754959253083,78.7645383038032,1.272116275955149,0.111723961137838,1.9722213745117188,0.839402720041952,-612290600.0,1.9962388272891127,4.911850118260043,0.9962203908615018,-0.06478240668152963,0.002558966635780987,3.496173801102585
SLB,2020-12-04,20.041335082756746,20.87639120540688,19.952499036618363,20.831974029541016,16201300.0,0.060651094078349906,0.04434971776934727,0.03945041303483437,0.022201842268131457,19.212985801696778,17.789842796325683,17.967103298486826,0.17100382887271243,2.435014247894287,0.05637409447484351,0.8799432436743562,0.029802315811772787,0.4164622685627925,80.35133768786908,1.3656598966799542,0.16421406549011452,2.765470504760742,1.0820990101258308,-596089300.0,1.8165098456593365,4.290766594419865,0.9999999986472726,-0.09952547007504656,0.017325047383647745,3.7612760561516576
SLB,2020-12-07,20.698718065175154,20.75202070680351,20.174587283342227,20.281190872192383,10067500.0,-0.02679512085612175,0.028471376611962376,-0.02017164501048233,-0.006396703652610973,19.456529998779295,18.131927251815796,18.18749259122069,0.11853475863473653,2.6526271343231205,0.056673733614099484,0.7976007161145888,0.029440128600019426,0.35830950904444975,68.78038399972513,1.3794488645057044,0.14240242665269176,2.4354419708251953,0.6729940698977959,-606156800.0,1.7945794721249115,4.200577269539404,0.9008632977775725,-0.0020143022395949024,-0.006392453891318166,3.751745035248816
SLB,2020-12-08,19.98803165394143,20.698716546096772,19.93473071063139,20.636531829833984,8064600.0,0.017368996486754076,0.037021038310366614,0.032444424099392334,-0.014454733950209221,19.611985206604004,18.358002042770387,18.420734423469575,0.1241164360781249,2.756483526229859,0.03846681984559426,0.7998209025882189,0.02649989119866517,0.3580489581513718,70.13068884031085,1.402878259115461,0.13266545700995858,1.5545520782470703,0.5856338666387814,-598092200.0,0.8556163434796844,1.1691633721224675,0.9648219166923906,0.05434472133384709,0.004022840124728981,2.9698069613353253
SLB,2020-12-09,20.698721700675616,21.134018211729394,20.40556389785598,20.760908126831055,15063300.0,0.0060089064137542406,0.03508778659503682,0.003004360706652178,0.0030135815142990547,19.72513198852539,18.587646436691283,18.643608109504004,0.1169196809042934,2.846410684585571,0.038434819632449095,0.8108562190418669,0.0260876852866299,0.3533606310979077,71.67599595644104,1.4151691616714146,0.11596508765272984,1.1314678192138672,1.110129295097045,-583028900.0,0.8464893966637482,1.1696288237080195,0.987208686386683,0.037709049027749915,-0.0015269863662784736,2.9939165641697536
SLB,2020-12-10,19.961385730672035,21.222853026028865,19.739296430041655,20.769790649414062,13977800.0,0.00042775695955922407,0.07142857725573958,0.04049843681442708,-0.03851095488090573,19.850646018981934,18.844225263595582,18.846101684733537,0.1021833139268614,2.9623882198333753,0.03703364768724303,0.8569055663875736,0.026576395585598843,0.33019244178208057,69.90800997296063,1.409380079587443,0.0881408044550065,1.2551403045654297,1.0394159020713138,-569051100.0,0.9066007943340749,1.535056656032366,0.988807471622867,-0.028590360480783988,1.8482364460649806e-06,2.983912437329475
SLB,2020-12-11,20.547696674809583,20.600999314809116,19.970264963400073,20.378910064697266,14589200.0,-0.01899901263617876,0.030950347658762898,-0.008214381046379796,-0.010693125335413306,19.956498527526854,19.09936180114746,18.992083435206272,0.06699429420060166,3.0750279426574707,0.036811309231481994,0.8812167846533361,0.026330146869400828,0.28138233557142145,68.1991164266804,1.357601805332422,0.029090024159988292,1.0585250854492188,1.0696604136858054,-583640300.0,0.9231803725568648,1.599981680890555,0.9082436814541992,0.03278684577959497,-0.003340255227200283,3.1206953885150623
SLB,2020-12-14,20.7076028938853,20.78755516599505,19.534971828817852,19.703760147094727,11809700.0,-0.03369105778992772,0.06357077673633223,-0.048477013584561114,0.016129068146654026,20.091084671020507,19.289835453033447,19.059862169671838,0.021458176513174304,3.1463975334167493,0.037811127169343435,0.8798619786791136,0.02712411929676344,0.23142320371640193,54.85880502657206,1.2477054226135245,-0.06464508684712733,1.3458614349365234,0.8580442052935625,-595450000.0,1.0381118165173202,1.6759360924479014,0.6472292841199262,-0.015310018990737759,-0.008676476922224492,3.391534689372008
SLB,2020-12-15,19.952499134579394,20.494397493718093,19.757061187640733,20.405561447143555,12686700.0,0.03499799571271639,0.03613408569949321,0.022707045844646324,0.012623935006707016,20.259872055053712,19.42533149719238,19.188024005621525,0.05046142713666687,3.157583675384519,0.029971034645350052,0.8802021305878779,0.02554200318770082,0.2215832224451663,55.922028681695124,1.203369552138362,-0.08718476585783197,1.6878738403320312,0.9579780725285155,-582763300.0,0.2530974916523469,0.08182348563166193,0.8666690097618243,-0.06497281077656182,0.01333911641030632,2.8598647816338736
SLB,2020-12-16,20.361143798854137,20.494397018422276,19.943616592365537,20.290075302124023,11062700.0,-0.005675618530822764,0.027145312072798588,-0.0034903980558357883,-0.002176742277073469,20.36647472381592,19.552845668792724,19.292981271955096,0.0377044674631659,3.156033515930176,0.030098930198502336,0.8785464497698398,0.02517355046118822,0.207686736358389,55.916088076145776,1.1457072881788974,-0.11587762385383726,1.0660266876220703,0.8446282424071679,-593826000.0,0.2903548307116901,0.041231748706413496,0.8305587204580525,-0.08978769426407965,0.0005264728357178691,2.8710036554149467
SLB,2020-12-17,20.423330403319508,20.53881778015008,20.130172615497955,20.37002944946289,8481200.0,0.0039328108415638404,0.0200610983732721,-0.0026098071570126316,0.006567501559816024,20.442873191833495,19.6896559715271,19.3955572888606,0.03455486875543529,3.1671252632141105,0.029952459204267326,0.8825062709826162,0.024947908149309424,0.18754891267269944,58.150405035065134,1.0938519160533176,-0.13418639678353372,0.7639846801757812,0.6651212106002811,-585344800.0,0.24432630066115357,0.08688298408002561,0.8453081838428904,-0.07377910636648763,0.0037920179587943715,3.0768952770786258
SLB,2020-12-18,20.298963843204998,20.39668199015377,19.757065369369485,19.819250106811523,20038600.0,-0.027410982954795177,0.03227249352711179,-0.023632424792660384,-0.003488733604151296,20.341600799560545,19.777293300628664,19.435908985808307,0.0021214635160174433,3.1485366249084485,0.030635373049100363,0.8525061784607048,0.024496986471921292,0.16999061519263817,62.122347951094746,0.996822125190107,-0.18497295011739556,-1.0127239227294922,1.5230284846745952,-605383400.0,0.41488691733289595,0.0005772838863475875,0.6608681911542661,-0.04746228649186943,-0.005261182841190397,3.109154222749282
SLB,2020-12-21,19.01972255102764,19.526085751727873,18.726564819337693,19.34841537475586,10778300.0,-0.024043169665146438,0.041322295232162846,0.017281683412908613,-0.04034095899062795,20.248323249816895,19.852426624298097,19.427576260946168,-0.025387891318301627,3.1233285713195826,0.031083629645316,0.8724943196731664,0.024894159842948543,0.14442514481167482,55.13742822067437,0.8718823716695887,-0.2479301629103312,-0.9327754974365234,0.8177183047194264,-616161700.0,0.42245107362844003,-0.11675094049371067,0.4003583284771968,0.08459994307898076,-0.0054040194925607625,3.2001305436896397
SLB,2020-12-22,19.34841749995095,19.383950901485697,18.8687038711821,18.97530746459961,17182900.0,-0.01947199652654004,0.027153553704720976,-0.01928374945146226,1.0983819867126343e-07,20.082200813293458,19.84709300994873,19.384503042246493,-0.043925100008959536,3.0231731414794893,0.027469002726717394,0.8331528513205573,0.023961852900003616,0.1457543854319896,47.92898731716737,0.7342955249767229,-0.30841360768255766,-1.661224365234375,1.2918978294817267,-633344600.0,0.34974991304243913,-0.05618048658521588,0.24955131543813133,-0.0038527942312184225,-0.004856649748697113,3.0048777664061634
SLB,2020-12-23,19.099681545871256,19.81036669307109,19.055264359573908,19.47279167175293,9474500.0,0.02587966553093619,0.03877730251654292,0.019534887269485816,0.006554522581712016,19.953389167785645,19.839260578155518,19.39291148315187,-0.01847190347437127,2.903681659698485,0.02733870490557513,0.84203643251437,0.02427150929723206,0.1464816988848804,48.911471500817846,0.6578168721557773,-0.3079138084028027,-1.288116455078125,0.7439423408370127,-623870100.0,0.3539256495965614,-0.00786071285217532,0.4506301595813213,-0.029918654652728974,0.0046175388023796315,3.638069678659798
SLB,2020-12-24,19.526090187821694,19.534973962849552,19.064144052814225,19.224048614501953,3664900.0,-0.012856165074090424,0.02449171449140789,-0.015468615089575,0.0027370762737670964,19.798814964294433,19.824730491638185,19.37682930518521,-0.030299623865736373,2.7863526344299316,0.027459646967127833,0.784928109222624,0.02416762633863804,0.14854121787266414,34.36966251719676,0.5705584601403615,-0.31613777633457496,-1.5457420349121094,0.2977332659590197,-627535000.0,0.38603920117087076,-0.04372900114946685,0.3500903520427578,-0.05733304404424106,0.0015180379787006334,3.711680147589007
SLB,2020-12-28,19.197394604333923,19.57050459835229,19.064139703722297,19.1618595123291,6461100.0,-0.003240207650024231,0.02642566575045538,-0.0018510372233948203,-0.0013864930693071457,19.677109909057616,19.816804218292237,19.356355991579868,-0.0330499660161439,2.685171604156494,0.02737748782277058,0.7741408341105672,0.024299298428799396,0.14992075554606593,37.97713317320654,0.49073056268839466,-0.3167725390292334,-1.217050552368164,0.5250856369642865,-633996100.0,0.351039738751362,-0.02517445000516746,0.324954051023727,-0.09896442538448698,0.0031399698558367494,3.678793741888331
SLB,2020-12-29,19.286232197966406,19.339534844962603,18.770985137850307,18.993074417114258,7140300.0,-0.008847411269030417,0.02993458008041018,-0.015200365620562192,0.006490637589597225,19.60604133605957,19.84856300354004,19.321757746392667,-0.043100781969616815,2.6014438247680687,0.024875996199983794,0.7601811106567753,0.023445084006285127,0.1387880524904068,31.61044871491154,0.40913062902440345,-0.3186979781545798,-0.7106857299804688,0.6162837064541354,-641136400.0,0.658039942410052,0.13669514833672033,0.13025047412673255,-0.027323800891222844,-0.003545461836583543,3.5239994024115338
SLB,2020-12-30,19.028608603719636,19.526088091009782,18.91312292957263,19.437252044677734,7077100.0,0.023117024958006282,0.03153558743942888,0.021475213951177605,0.001870902299701376,19.50921039581299,19.88454122543335,19.332757203372196,-0.02249431735359872,2.5137583923339832,0.025031021521622517,0.7519318854827566,0.02340587405697434,0.12951417120964034,36.178097334116735,0.3759695728935881,-0.2814872274283161,-0.9683094024658203,0.6260676483207346,-634059300.0,0.6368300075435945,0.04306036265721087,0.24880319725296035,-0.08967601444129773,0.004700279563497281,3.6290322286221968
